Date,empresa,rendimiento,varianza_garch,varianza_constante,varianza_ewma,garch_convergio
2025-01-02,Celsia,0.013495467748315568,2.0598241760748777,3.35641939074659,0.8061288882251084,True
2025-01-03,Celsia,0.0,2.3810887593222634,3.35641939074659,0.8670377447790973,True
2025-01-07,Celsia,0.0026772911049234684,2.1999021257431326,3.35641939074659,0.8150154800923515,True
2025-01-08,Celsia,-0.0026772911049235282,2.0819508195776297,3.35641939074659,0.7704152838831118,True
2025-01-09,Celsia,0.005347573024921389,1.9964287927377184,3.35641939074659,0.7284910994464266,True
2025-01-10,Celsia,0.003992031278375786,1.9806172535046485,3.35641939074659,0.7019395558337612,True
2025-01-13,Celsia,0.013192790549010564,1.9399799266138702,3.35641939074659,0.6693849707202539,True
2025-01-14,Celsia,-0.0026246571078288286,2.2739513890454077,3.35641939074659,0.7336517059590763,True
2025-01-15,Celsia,-0.007915628470914461,2.1375390068943307,3.35641939074659,0.6937658985617375,True
2025-01-16,Celsia,-0.006644536248643104,2.167699064452297,3.35641939074659,0.6897342491017643,True
2025-01-17,Celsia,0.002040141746093196,2.146675477377411,3.35641939074659,0.6748401113313778,True
2025-01-20,Celsia,-0.0013596319283560089,2.035864996014408,3.35641939074659,0.6368470116579864,True
2025-01-21,Celsia,0.0,1.949676063002737,3.35641939074659,0.5997453503468703,True
2025-01-22,Celsia,0.0,1.8813478218083242,3.35641939074659,0.563760629326058,True
2025-01-23,Celsia,0.0,1.8308943801306254,3.35641939074659,0.5299349915664945,True
2025-01-24,Celsia,-0.004089952669777403,1.7936396559839562,3.35641939074659,0.4981388920725048,True
2025-01-27,Celsia,-0.0054795861873861654,1.8061255690828337,3.35641939074659,0.47828718625276606,True
2025-01-28,Celsia,-0.004129290110902286,1.846593117227673,3.35641939074659,0.46760547394859603,True
2025-01-29,Celsia,0.0,1.845987679565653,3.35641939074659,0.4497797676036775,True
2025-01-30,Celsia,0.025869337312400417,1.804784519212654,3.35641939074659,0.4227929815474568,True
2025-01-31,Celsia,0.0,3.318755018944284,3.35641939074659,0.7989589704442612,True
2025-02-03,Celsia,-0.002691885441616258,2.8922730856274876,3.35641939074659,0.7510214322176055,True
2025-02-04,Celsia,-0.00405122107855066,2.594955204081128,3.35641939074659,0.7103078946230205,True
2025-02-05,Celsia,-0.004067769895811683,2.3970727881086202,3.35641939074659,0.6775368562820151,True
2025-02-06,Celsia,0.0027136611424232937,2.2512732484152145,3.35641939074659,0.6468126960602572,True
2025-02-07,Celsia,-0.002713661142423338,2.1203271773343304,3.35641939074659,0.6124223083741805,True
2025-02-10,Celsia,-0.00681665126231063,2.0252312096222433,3.35641939074659,0.5800953439492686,True
2025-02-11,Celsia,0.006816651262310659,2.046901108817381,3.35641939074659,0.5731696639714892,True
2025-02-12,Celsia,-0.0013596319283560089,2.058897129499031,3.35641939074659,0.5666595247923767,True
2025-02-13,Celsia,-0.001361413213078104,1.9666829460011306,3.35641939074659,0.5337691126931972,True
2025-02-14,Celsia,-0.005464614429001301,1.8986039343948335,3.35641939074659,0.5028550334936515,True
2025-02-17,Celsia,0.013605707088390732,1.9144945721621713,3.35641939074659,0.4906009379986219,True
2025-02-18,Celsia,-0.0054200475179553235,2.280673855483219,3.35641939074659,0.5722340409437562,True
2025-02-20,Celsia,0.01884305307352377,2.195476187989813,3.35641939074659,0.555526147545267,True
2025-02-21,Celsia,-0.005347586721886938,2.880731975497981,3.35641939074659,0.7352309681715312,True
2025-02-24,Celsia,0.015957727245214152,2.6367272267159247,3.35641939074659,0.7082751203301002,True
2025-02-25,Celsia,0.0,2.974533954181104,3.35641939074659,0.8185680484098844,True
2025-02-26,Celsia,-0.014618198699102764,2.638100914477201,3.35641939074659,0.7694539655052913,True
2025-02-27,Celsia,-0.0013395285461114163,2.889546283265085,3.35641939074659,0.8515017674988438,True
2025-02-28,Celsia,-0.008075418833681465,2.579900935781722,3.35641939074659,0.8014882634844215,True
2025-03-03,Celsia,-0.002706386375532051,2.500311001881832,3.35641939074659,0.7925264012789827,True
2025-03-04,Celsia,0.009440411119004155,2.3057169554785553,3.35641939074659,0.749369533530443,True
2025-03-05,Celsia,0.00134139409020939,2.34815584138144,3.35641939074659,0.7578801787761068,True
2025-03-06,Celsia,0.0,2.179363313042341,3.35641939074659,0.7134869709126895,True
2025-03-07,Celsia,0.008010660337281681,2.05094844479248,3.35641939074659,0.6706777526579282,True
2025-03-10,Celsia,-0.006671131791170293,2.102592139010037,3.35641939074659,0.6689394949220311,True
2025-03-11,Celsia,-0.009414947379792772,2.099429742072169,3.35641939074659,0.655505524851807,True
2025-03-12,Celsia,0.01741506331028755,2.200259345509159,3.35641939074659,0.6693599338592587,True
2025-03-13,Celsia,0.0013271523052710101,2.764609099709597,3.35641939074659,0.8111689958884976,True
2025-03-14,Celsia,0.007926069744729218,2.48678764343242,3.35641939074659,0.7635556560800193,True
2025-03-17,Celsia,0.023408038019001695,2.421313440362399,3.35641939074659,0.7554358656742052,True
2025-03-18,Celsia,-0.0012861855965937313,3.493446578819591,3.35641939074659,1.0388714600731705,True
2025-03-19,Celsia,-0.001287842000654344,3.0254792594989435,3.35641939074659,0.9775317365021114,True
2025-03-20,Celsia,-0.007762010310823532,2.6799434667340423,3.35641939074659,0.9198749545231742,True
2025-03-21,Celsia,0.0,2.5625790934920234,3.35641939074659,0.9008317396909823,True
2025-03-24,Celsia,0.0,2.3339142388904084,3.35641939074659,0.8467818353095233,True
2025-03-25,Celsia,0.011620571356018907,2.165068550728229,3.35641939074659,0.7959749251909519,True
2025-03-26,Celsia,-0.002570719044540997,2.350145417268548,3.35641939074659,0.829239036863691,True
2025-03-27,Celsia,0.0038535388697548156,2.1931348073747605,3.35641939074659,0.783449852495449,True
2025-03-28,Celsia,0.010204198527620183,2.0944233404550316,3.35641939074659,0.7453527184381488,True
2025-03-31,Celsia,0.0,2.2267091578658493,3.35641939074659,0.7631069558865115,True
2025-04-01,Celsia,0.011356628188444124,2.0859085254081595,3.35641939074659,0.7173205385333207,True
2025-04-02,Celsia,0.008744606146658907,2.2777067553195365,3.35641939074659,0.7516651085076597,True
2025-04-03,Celsia,-0.003738356254687891,2.2983334682739303,3.35641939074659,0.7524460839933109,True
2025-04-04,Celsia,0.0024937258385414134,2.17230411704419,3.35641939074659,0.7156845034458907,True
2025-04-07,Celsia,0.0037290627719777296,2.059425093936408,3.35641939074659,0.6764746343738227,True
2025-04-08,Celsia,0.0,1.9935400234004137,3.35641939074659,0.6442297018058035,True
2025-04-09,Celsia,0.00987665052698929,1.913736885671101,3.35641939074659,0.6055759196974553,True
2025-04-10,Celsia,-0.02110568902947953,2.078133102471737,3.35641939074659,0.6277702998949747,True
2025-04-11,Celsia,-0.008821749366309752,3.0154438436205746,3.35641939074659,0.857374147546732,True
2025-04-14,Celsia,0.02005078786880006,2.851380170068924,3.35641939074659,0.8526256558231201,True
2025-04-15,Celsia,-0.006222788610519304,3.47363155123255,3.35641939074659,1.0426885729695048,True
2025-04-16,Celsia,0.011566605784098672,3.0982644055941004,3.35641939074659,1.0033611174460597,True
2025-04-17,Celsia,0.0,3.0363293804161975,3.35641939074659,1.023431272018143,True
2025-04-18,Celsia,0.0,2.683730538173058,3.35641939074659,0.9620253956970545,True
2025-04-21,Celsia,0.0,2.423372232269628,3.35641939074659,0.9043038719552312,True
2025-04-22,Celsia,-0.01131381203918961,2.2311241607170818,3.35641939074659,0.8500456396379172,True
2025-04-23,Celsia,-0.010165225777571766,2.3893424291865384,3.35641939074659,0.8758443069745093,True
2025-04-24,Celsia,-0.006406150712860311,2.4486196513181477,3.35641939074659,0.8852927376214444,True
2025-04-25,Celsia,0.0,2.346821726900003,3.35641939074659,0.8567984335376861,True
2025-04-28,Celsia,0.0,2.174599415010902,3.35641939074659,0.805390527525425,True
2025-04-29,Celsia,0.007682445066718871,2.047430791662732,3.35641939074659,0.7570670958738994,True
2025-04-30,Celsia,0.02519029378550274,2.088146100126878,3.35641939074659,0.7470550474433574,True
2025-05-01,Celsia,0.0,3.4477809669950097,3.35641939074659,1.0829622851967189,True
2025-05-02,Celsia,-0.004987550322600027,2.9875455971262816,3.35641939074659,1.0179845480849157,True
2025-05-05,Celsia,0.006230529320637005,2.706863001638987,3.35641939074659,0.9718308701321013,True
2025-05-06,Celsia,-0.0012429789980369695,2.528649188501543,3.35641939074659,0.9368127152933656,True
2025-05-07,Celsia,0.013588836802591032,2.3128086089801667,3.35641939074659,0.8815309504495003,True
2025-05-08,Celsia,0.0012262128847680969,2.5737291727106553,3.35641939074659,0.9394329848110017,True
2025-05-09,Celsia,0.01701137616116288,2.3452742117459495,3.35641939074659,0.8839691645456044,True
2025-05-12,Celsia,0.0036079781180876993,2.8395766647806435,3.35641939074659,1.0045631660108165,True
2025-05-13,Celsia,0.02137840409975206,2.567577715204449,3.35641939074659,0.9520998797105273,True
2025-05-14,Celsia,0.03917564329026311,3.391237668122814,3.35641939074659,1.1691955840392734,True
2025-05-15,Celsia,-0.019395992533180622,6.4934808408280045,3.35641939074659,2.01988246532048,True
2025-05-16,Celsia,-0.004618953953378385,6.114638407975784,3.35641939074659,2.1244122332095703,True
2025-05-19,Celsia,-0.0011582263485700557,5.007582274072644,3.35641939074659,2.0097483405910537,True
2025-05-20,Celsia,-0.0034821613803377844,4.142751170172055,3.35641939074659,1.8899683331203034,True
2025-05-21,Celsia,0.006952473111534448,3.5298533241419525,3.35641939074659,1.7838455018603145,True
2025-05-22,Celsia,-0.00462964630451022,3.158203349541863,3.35641939074659,1.7058169011686615,True
2025-05-23,Celsia,0.02293682660951062,2.8247887970887695,3.35641939074659,1.6163280620414608,True
2025-05-26,Celsia,-0.0034072507460225668,3.740865387675533,3.35641939074659,1.8350071872678262,True
2025-05-27,Celsia,-0.0011382197285328558,3.231882765350657,3.35641939074659,1.7318723706195194,True
2025-05-28,Celsia,-0.02071418294197933,2.8314656471688027,3.35641939074659,1.628737354872601,True
2025-05-29,Celsia,0.022989443335742966,3.533618119565011,3.35641939074659,1.7884595385525175,True
2025-05-30,Celsia,-0.04176937145159767,4.269852219576465,3.35641939074659,1.9982606691717688,True
2025-06-04,Celsia,-0.001140816860756147,7.652920598213914,3.35641939074659,2.9251732638983885,True
2025-06-05,Celsia,0.005691458677070066,6.095965956345625,3.35641939074659,2.7504437459303563,True
2025-06-06,Celsia,0.009039739703295987,5.016410262944511,3.35641939074659,2.604852742298213,True
2025-06-09,Celsia,-0.0056402109958766985,4.332672557139848,3.35641939074659,2.4975917141023274,True
2025-06-10,Celsia,0.0311829801612535,3.7163799128035757,3.35641939074659,2.3668233993029926,True
2025-06-11,Celsia,-0.0021953386136011,5.431760737379719,3.35641939074659,2.808240946387091,True
2025-06-12,Celsia,-0.009939498420414984,4.464334282901547,3.35641939074659,2.6426381965808865,True
2025-06-13,Celsia,-0.0033351670407780224,3.97019881918004,3.35641939074659,2.543356082095692,True
2025-06-16,Celsia,0.002224642677943869,3.400073828182041,3.35641939074659,2.3974287206838856,True
2025-06-17,Celsia,0.0,2.9631425234567663,3.35641939074659,2.25655241846957,True
2025-06-18,Celsia,0.006644610487936102,2.62968950397359,3.35641939074659,2.1211592733613958,True
2025-06-19,Celsia,-0.0066446104879360835,2.483906725846594,3.35641939074659,2.020380226081546,True
2025-06-20,Celsia,0.0,2.380164915221749,3.35641939074659,1.9256479216384874,True
2025-06-24,Celsia,0.04348508083590932,2.1992199610389074,3.35641939074659,1.810109046340178,True
2025-06-25,Celsia,-0.02041984929615329,6.438144047839208,3.35641939074659,2.836073856743109,True
2025-06-26,Celsia,-0.0065360383538953515,6.168618390296231,3.35641939074659,2.9160915725050898,True
2025-06-27,Celsia,-0.01652919318586065,5.097598264517771,3.35641939074659,2.766757956572939,True
2025-06-30,Celsia,0.0,4.844234405425797,3.35641939074659,2.764681015603864,True
2025-07-01,Celsia,0.016529193185860755,4.018684126084209,3.35641939074659,2.598800154667632,True
2025-07-02,Celsia,-0.005479170402611577,4.037854877278741,3.35641939074659,2.6068006818128775,True
2025-07-03,Celsia,0.004385757541096512,3.494487050346809,3.35641939074659,2.4684054258846175,True
2025-07-04,Celsia,-0.004385757541096534,3.0653524862656543,3.35641939074659,2.331842021857111,True
2025-07-07,Celsia,-0.009939498420414984,2.7510571175052663,3.35641939074659,2.2034724220712554,True
2025-07-08,Celsia,-0.005564769790203331,2.70511826052632,3.35641939074659,2.130540254056639,True
2025-07-09,Celsia,0.004454245427369391,2.512614417831207,3.35641939074659,2.0212878365040163,True
2025-07-10,Celsia,0.004434716983811858,2.341723566538864,3.35641939074659,1.91191474771012,True
2025-07-11,Celsia,0.0033130673813905895,2.215141260856515,3.35641939074659,1.8089998916834182,True
2025-07-14,Celsia,0.004400454616445451,2.1018489564930474,3.35641939074659,1.7070457474665937,True
2025-07-15,Celsia,0.031336841854261534,2.037326352083922,3.35641939074659,1.6162414031174355,True
2025-07-16,Celsia,0.021053447329930766,4.214213989608699,3.35641939074659,2.1084655133697883,True
2025-07-17,Celsia,0.019598263628502807,4.575229227781385,3.35641939074659,2.2479061692521025,True
2025-07-18,Celsia,-0.011393129663668561,4.705041649662228,3.35641939074659,2.343486961448354,True
2025-07-21,Celsia,-0.04038803209955186,4.2202784786088205,3.35641939074659,2.2807597858813513,True
2025-07-22,Celsia,0.009714134643642906,7.352721330208201,3.35641939074659,3.1226300808531295,True
2025-07-23,Celsia,0.005356124325803852,6.086932897394852,3.35641939074659,2.9918909231268356,True
2025-07-24,Celsia,0.014846619650377157,5.00124736128887,3.35641939074659,2.829590308415306,True
2025-07-25,Celsia,-0.013778828768601162,4.64144175679956,3.35641939074659,2.792068158936167,True
2025-07-28,Celsia,0.020074669025377818,4.313285552438049,3.35641939074659,2.738457742740655,True
2025-07-29,Celsia,-0.02114245990715397,4.555314914087417,3.35641939074659,2.8159456800632943,True
2025-07-30,Celsia,0.0021344428022493215,4.848203649343846,3.35641939074659,2.9151911058148645,True
2025-07-31,Celsia,0.0021300034452237863,4.031553446826649,3.35641939074659,2.7430131471116166,True
2025-08-01,Celsia,0.02209454137359206,3.4284979107114406,3.35641939074659,2.5811545070909183,True
2025-08-04,Celsia,0.0,4.098928719369251,3.35641939074659,2.719186491771086,True
2025-08-05,Celsia,-0.01996906520164517,3.4683518431776523,3.35641939074659,2.556035302264821,True
2025-08-06,Celsia,0.0,3.933374005122993,3.35641939074659,2.641931323145465,True
2025-08-07,Celsia,0.0,3.3461065610852074,3.35641939074659,2.483415443756737,True
2025-08-08,Celsia,0.03954716138664769,2.912469411657244,3.35641939074659,2.3344105171313325,True
2025-08-11,Celsia,0.00813021648583698,6.2076767452057116,3.35641939074659,3.132732670348388,True
2025-08-12,Celsia,-0.004056845713161641,5.176352450553267,3.35641939074659,2.98442896219143,True
2025-08-13,Celsia,-0.010214656041466682,4.303278957063654,3.35641939074659,2.8152380227441824,True
2025-08-14,Celsia,-0.019699896577749707,3.864217439642435,3.35641939074659,2.7089272602068144,True
2025-08-15,Celsia,0.022775304999401755,4.200838809051545,3.35641939074659,2.779243179698826,True
2025-08-19,Celsia,-0.016512219337863166,4.739862445104757,3.35641939074659,2.9237172996063614,True
2025-08-20,Celsia,0.0010400271457244176,4.578777335148262,3.35641939074659,2.911886294107001,True
2025-08-21,Celsia,-0.00625655485963551,3.824874082663468,3.35641939074659,2.737822110338887,True
2025-08-22,Celsia,0.004175313222951312,3.35860835747233,3.35641939074659,2.5970394709455307,True
2025-08-25,Celsia,-0.025317773130105213,2.9609035848096084,3.35641939074659,2.45167704699465,True
2025-08-26,Celsia,0.014846619650377157,4.121993002433525,3.35641939074659,2.689170205935458,True
2025-08-27,Celsia,0.008385780802573847,3.992202031922846,3.35641939074659,2.66007326260511,True
2025-08-28,Celsia,0.0,3.5501638033391787,3.35641939074659,2.542661658650093,True
2025-08-29,Celsia,0.0,3.0631448862634105,3.35641939074659,2.3901019591310875,True
2025-09-01,Celsia,0.0020853726771540865,2.703531056036102,3.35641939074659,2.246695841583222,True
2025-09-02,Celsia,0.0,2.44746554145347,3.35641939074659,2.114503358609801,True
2025-09-03,Celsia,-0.019990077427544634,2.248914613807643,3.35641939074659,1.9876331570932129,True
2025-09-04,Celsia,0.004241834980293307,3.0348972640120975,3.35641939074659,2.108137085003158,True
2025-09-05,Celsia,0.0,2.7231549138992115,3.35641939074659,1.9924447583029925,True
2025-09-08,Celsia,0.009478716897928374,2.452483115362896,3.35641939074659,1.8728980728048128,True
2025-09-09,Celsia,-0.005254799106628142,2.4581971178670243,3.35641939074659,1.8144318328551676,True
2025-09-10,Celsia,0.0042059406664097096,2.3224195824810967,3.35641939074659,1.7221336710744695,True
2025-09-11,Celsia,0.015617279268641019,2.1963700967251305,3.35641939074659,1.6294196129436167,True
2025-09-12,Celsia,-0.02087760733639944,2.6245455999319027,3.35641939074659,1.6779940832198346,True
2025-09-15,Celsia,-0.051959774226086705,3.3966399506566294,3.35641939074659,1.8388391310823724,True
2025-09-16,Celsia,0.0,9.226196139771286,3.35641939074659,3.348399665792974,True
2025-09-17,Celsia,-0.020202650412730797,7.254316229779933,3.35641939074659,3.1474956858453957,True
2025-09-18,Celsia,0.02463740787151898,6.750752755294471,3.35641939074659,3.2035341949140794,True
2025-09-19,Celsia,0.006615146138084505,6.826914185057114,3.35641939074659,3.375523263195786,True
2025-09-22,Celsia,0.03774034023926257,5.582231951336637,3.35641939074659,3.199247962460967,True
2025-09-23,Celsia,0.010526371276672473,7.855704998287626,3.35641939074659,3.8618930535384908,True
2025-09-24,Celsia,0.0020920217566970396,6.49622265704651,3.35641939074659,3.6966621656787946,True
2025-09-25,Celsia,-0.0020920217566969463,5.248044175463189,3.35641939074659,3.477488368756363,True
2025-09-26,Celsia,0.0,4.327620715798399,3.35641939074659,3.271464999649277,True
2025-09-29,Celsia,-0.012645092846784268,3.6372175728129985,3.35641939074659,3.07517709967032,True
2025-09-30,Celsia,0.01786696401736307,3.5019602728229415,3.35641939074659,2.986605497552378,True
2025-10-01,Celsia,-0.03713945482137135,3.762625476667685,3.35641939074659,2.998946209617883,True
2025-10-02,Celsia,0.001080590417872551,6.429762159350103,3.35641939074659,3.646612899698021,True
2025-10-03,Celsia,0.008602082878334643,5.191825282353474,3.35641939074659,3.4285167311068583,True
2025-10-06,Celsia,0.008528930814478846,4.444421316158369,3.35641939074659,3.2672032251478895,True
2025-10-07,Celsia,0.01055961246296908,3.8896549321838227,3.35641939074659,3.114816628141916,True
2025-10-08,Celsia,0.007326043170648907,3.569314673893117,3.35641939074659,2.994830879674256,True
2025-10-09,Celsia,0.006237147939662258,3.19960193384004,3.35641939074659,2.8473435720167277,True
2025-10-10,Celsia,0.001035614423376535,2.8926760919440593,3.35641939074659,2.6998441663484636,True
2025-10-14,Celsia,0.0,2.579840227739565,3.35641939074659,2.538497014707899,True
2025-10-15,Celsia,0.005162665755713424,2.3466598271687804,3.35641939074659,2.3861871938254247,True
2025-10-16,Celsia,-0.0051626657557134375,2.234774509197726,3.35641939074659,2.259007832819029,True
2025-10-17,Celsia,0.016563599499046764,2.15519182999194,3.35641939074659,2.1394592334730165,True
2025-10-20,Celsia,-0.006179218055315038,2.664486177967092,3.35641939074659,2.1757033764835287,True
2025-10-21,Celsia,0.006179218055315174,2.4995270667122838,3.35641939074659,2.0680708153595955,True
2025-10-22,Celsia,0.004098333577644806,2.3740910970884883,3.35641939074659,1.9668962079030994,True
2025-10-23,Celsia,0.0010219389129037734,2.2324835096361992,3.35641939074659,1.8589602382971038,True
2025-10-24,Celsia,0.02122374311825517,2.0922940590211536,3.35641939074659,1.7480492394843015,True
2025-10-27,Celsia,-0.02020284749840187,3.0250542695602487,3.35641939074659,1.9134346482850537,True
2025-10-28,Celsia,0.0,3.627892396360404,3.35641939074659,2.04352159761416,True
2025-10-29,Celsia,0.003056650889597165,3.1205395296221896,3.35641939074659,1.9209103017573104,True
2025-10-30,Celsia,-0.0010177782765515913,2.766680831985004,3.35641939074659,1.8112615524483966,True
2025-10-31,Celsia,-0.004081707145802612,2.4873238498506742,3.35641939074659,1.703207382873625,True
2025-11-04,Celsia,-0.00512552121057457,2.3181819592574833,3.35641939074659,1.611011139835665,True
2025-11-05,Celsia,0.0,2.2158825744411432,3.35641939074659,1.5301130520535549,True
2025-11-06,Celsia,-0.001028346248768061,2.0779141970625354,3.35641939074659,1.4383062689303414,True
2025-11-07,Celsia,-0.002059665178136245,1.97879314469729,3.35641939074659,1.3526423903989342,True
2025-11-10,Celsia,0.010256367170236045,1.9132910120701516,3.35641939074659,1.2740291793626142,True
2025-11-11,Celsia,0.003056650889597165,2.0954214776599605,3.35641939074659,1.2607032691192748,True
2025-11-12,Celsia,0.003047235277134896,2.0097356370944697,3.35641939074659,1.1906669417686433,True
2025-11-13,Celsia,0.0030379778367578165,1.9463348605280202,3.35641939074659,1.124798310963054,True
2025-11-14,Celsia,0.001010578258956036,1.8993919257246925,3.35641939074659,1.0628479979072496,True
2025-11-18,Celsia,-0.01834914425454573,1.8462896627539807,3.35641939074659,0.9996898790832993,True
2025-11-19,Celsia,0.00410674921298336,2.591218256352688,3.35641939074659,1.1417231432627786,True
2025-11-20,Celsia,0.0,2.3929674497223736,3.35641939074659,1.0833389881260154,True
2025-11-21,Celsia,-0.03758272416989396,2.208673327852728,3.35641939074659,1.0183386488384545,True
2025-11-24,Celsia,-0.013926171464615096,5.359270462245211,3.35641939074659,1.804715023526347,True
2025-11-25,Celsia,0.020288972722634725,4.852839037448811,3.35641939074659,1.812795073111882,True
2025-11-26,Celsia,0.012605108081542136,4.9737176105969,3.35641939074659,1.9510128172090588,True
2025-11-27,Celsia,0.0020855417781766236,4.479070275694008,3.35641939074659,1.9292852980249307,True
2025-11-28,Celsia,0.029761089834761945,3.7585218670380707,3.35641939074659,1.8161378708485467,True
2025-12-01,Celsia,-0.009141864003489845,5.262332525482425,3.35641939074659,2.238603079489297,True
2025-12-02,Celsia,0.0010200574084210643,4.523908273518064,3.35641939074659,2.1544311011949207,True
2025-12-04,Celsia,0.0091323848540249,3.7842693333935293,3.35641939074659,2.02578954539311,True
2025-12-05,Celsia,0.003025721827905051,3.4267391949458013,3.35641939074659,1.9542824445427371,True
2025-12-09,Celsia,-0.0030257218279050734,2.992350886944149,3.35641939074659,1.8425184934180894,True
2025-12-10,Celsia,-0.008113569649400465,2.673377101207431,3.35641939074659,1.7374603793609207,True
2025-12-11,Celsia,0.005078665037338136,2.57077715969567,3.35641939074659,1.6727107640726688,True
2025-12-12,Celsia,0.013085309848018346,2.3982919187146585,3.35641939074659,1.587823821365197,True
2025-12-15,Celsia,-0.007024683408050822,2.6058496147637387,3.35641939074659,1.5952895923744728,True
2025-12-16,Celsia,-0.0030257218279050734,2.482367449377012,3.35641939074659,1.529179923022011,True
2025-12-17,Celsia,-0.004048556095713903,2.296806313285706,3.35641939074659,1.442922123188607,True
2025-12-18,Celsia,-0.013272241910063745,2.1768693790295304,3.35641939074659,1.3661812796733757,True
2025-12-19,Celsia,0.004102536870074921,2.4615209448438327,3.35641939074659,1.3899018460845247,True
2025-12-22,Celsia,0.0030658188732569087,2.2971202469312013,3.35641939074659,1.3166062205816478,True
2025-12-23,Celsia,0.003056650889597165,2.1587970992861805,3.35641939074659,1.24324939456492,True
2025-12-24,Celsia,0.007095791372848836,2.056532074023214,3.35641939074659,1.1742602996875497,True
2025-12-29,Celsia,0.006103886166732005,2.074932888085038,3.35641939074659,1.1340148348304944,True
2025-12-30,Celsia,-0.006103886166731997,2.058447818001593,3.35641939074659,1.088328400542518,True
2025-12-31,Celsia,0.0,2.0498614938510133,3.35641939074659,1.0453831523118202,True
2026-01-02,Celsia,0.0,1.9553245509601338,3.35641939074659,0.982660163173111,True
2026-01-05,Celsia,0.006103886166732005,1.8855186544354194,3.35641939074659,0.9237005533827243,True
2026-01-06,Celsia,0.026027436582936242,1.9185847127421465,3.35641939074659,0.8906329759816143,True
2026-01-07,Celsia,-0.011928475251266247,3.421766270136734,3.35641939074659,1.2436514704699784,True
2026-01-08,Celsia,0.0,3.301821917570833,3.35641939074659,1.2544054953338226,True
2026-01-09,Celsia,0.009950300298605224,2.879769716191457,3.35641939074659,1.1791411656137931,True
2026-01-13,Celsia,0.0019781749526609597,2.7948147150263765,3.35641939074659,1.1677977812964193,True
2026-01-14,Celsia,-0.014933084818788455,2.513890503208273,3.35641939074659,1.1000778201046353,True
2026-01-15,Celsia,0.014933084818788519,2.8195019557628527,3.35641939074659,1.1678713642214353,True
2026-01-16,Celsia,0.007936551539774316,3.0363912194900324,3.35641939074659,1.2315972956912287,True
2026-01-19,Celsia,0.00394482785480073,2.8275221769309473,3.35641939074659,1.1954947681558514,True
2026-01-20,Celsia,0.0019665936078698456,2.564477913627653,3.35641939074659,1.1331020821489075,True
2026-01-21,Celsia,0.0,2.343707705171832,3.35641939074659,1.067436451471082,True
2026-01-22,Celsia,-0.0019665936078698955,2.1723000273653406,3.35641939074659,1.003390264382817,True
2026-01-23,Celsia,0.0019665936078698456,2.055279743309232,3.35641939074659,0.9455073427709567,True
2026-01-26,Celsia,-0.0019665936078698955,1.9677167570739027,3.35641939074659,0.891097396455808,True
2026-01-27,Celsia,0.003929230489648324,1.9042158506134852,3.35641939074659,0.8399520469195683,True
2026-01-28,Celsia,0.027081012189185967,1.8824300635108475,3.35641939074659,0.7988182354488633,True
2026-01-29,Celsia,0.0019066021442971951,3.5245226373576912,3.35641939074659,1.1909178740364352,True
2026-01-30,Celsia,0.0019028800489954286,3.052081640172444,3.35641939074659,1.1216438806362323,True
2026-02-02,Celsia,-0.026976545892249647,2.7032003282173678,3.35641939074659,1.0565178192865774,True
2026-02-03,Celsia,-0.0039139484902288475,4.133361647628618,3.35641939074659,1.429767167095374,True
2026-02-04,Celsia,-0.025820631434919444,3.53045311372713,3.35641939074659,1.3531725327401503,True
2026-02-05,Celsia,0.013986219895197655,4.602331524805517,3.35641939074659,1.6720051853945117,True
2026-02-06,Celsia,-0.01600034450702083,4.289604125304567,3.35641939074659,1.6890534824449346,True
2026-02-09,Celsia,0.0,4.207561779150623,3.35641939074659,1.7413168881042496,True
2026-02-10,Celsia,0.004024101520175248,3.548566285261047,3.35641939074659,1.6368378748179946,True
2026-02-11,Celsia,-0.026451116369593856,3.098337242924243,3.35641939074659,1.548343638155721,True
2026-02-12,Celsia,0.0041151821777727395,4.359872755870384,3.35641939074659,1.8752399541850557,True
2026-02-13,Celsia,0.03827253037393938,3.69909684332183,3.35641939074659,1.7728863915477073,True
2026-02-16,Celsia,-0.03009252380338675,6.55886058191396,3.35641939074659,2.545385156789313,True
2026-02-17,Celsia,0.016161971584849263,7.393685352525763,3.35641939074659,2.9359980406963935,True
2026-02-18,Celsia,-0.0030105274169452134,6.502216587352934,3.35641939074659,2.9165637535602946,True
2026-02-19,Celsia,0.003010527416945102,5.26483800826288,3.35641939074659,2.7470078935435844,True
2026-02-20,Celsia,0.017875380073338342,4.349391272066233,3.35641939074659,2.5876253851278763,True
2026-02-23,Celsia,-0.003944827854800853,4.3890620293167375,3.35641939074659,2.6240853896799843,True
2026-02-24,Celsia,0.0,3.719833639684044,3.35641939074659,2.4759772663815927,True
2026-02-25,Celsia,0.00394482785480073,3.188428766586534,3.35641939074659,2.327418630398697,True
2026-02-26,Celsia,-0.015873352266897806,2.830970644217273,3.35641939074659,2.197110512657182,True
2026-02-27,Celsia,-0.03355675197000739,3.12108527017889,3.35641939074659,2.2164618692111686,True
2026-03-02,Celsia,-0.06958405578294408,5.367607793943996,3.35641939074659,2.759107518724456,True
2026-03-03,Celsia,0.08293804601566666,15.65452970616308,3.35641939074659,5.498725559123315,True
2026-03-04,Celsia,0.0,27.929061280516482,3.35641939074659,9.296033711714024,True
2026-03-05,Celsia,-0.028987492412659372,21.064475822496167,3.35641939074659,8.738271689011182,True
2026-03-06,Celsia,0.022846248188101846,17.9528759906914,3.35641939074659,8.718140217494902,True
2026-03-09,Celsia,0.024341978155401837,14.901825226151992,3.35641939074659,8.508222438208616,True
2026-03-12,Celsia,-0.00995035725483537,12.812179880757014,3.35641939074659,8.353248232226935,True
2026-03-13,Celsia,-0.030459188139615078,10.134735998967413,3.35641939074659,7.911459103992631,True
2026-03-16,Celsia,0.013313063564838926,10.085701605351836,3.35641939074659,7.993428843027754,True
2026-03-17,Celsia,-0.05327630114956782,8.296094403781675,3.35641939074659,7.6201657093349535,True
2026-03-18,Celsia,0.008547061931236012,13.165632980628764,3.35641939074659,8.865974325282522,True
2026-03-19,Celsia,-0.04348511894412112,10.330093508579447,3.35641939074659,8.377847226359401,True
2026-03-24,Celsia,0.11332865395405325,12.467521925454877,3.35641939074659,9.009749734528455,True
2026-03-25,Celsia,0.03317380377120161,39.3995078716904,3.35641939074659,16.175195034679284,True
2026-03-26,Celsia,0.04686887375526666,32.0766589474026,3.35641939074659,15.86498408658864,True
2026-03-27,Celsia,-0.04879012799295037,29.207632967936213,3.35641939074659,16.231099837645598,True
2026-03-30,Celsia,0.0,27.54346745939884,3.35641939074659,16.68551980112795,True
2026-03-31,Celsia,0.01904815196846144,20.779754087749822,3.35641939074659,15.684388613060271,True
2026-04-01,Celsia,-0.0037806769599984472,16.621289485558094,3.35641939074659,14.961024552324815,True
2026-04-02,Celsia,0.0,12.749097645071181,3.35641939074659,14.071939190150843,True
2026-04-03,Celsia,0.0,9.85561991515064,3.35641939074659,13.227622838741791,True
2026-04-06,Celsia,0.03717901006835443,7.719081533065038,3.35641939074659,12.433965468417282,True
2026-04-07,Celsia,0.0018230874295460768,9.336186929158757,3.35641939074659,12.517294814109926,True
2026-04-08,Celsia,0.010869719398299282,7.34270552945118,3.35641939074659,11.768251313928792,True
2026-04-09,Celsia,0.008968693815239475,6.134360797545515,3.35641939074659,11.133046714971721,True
2026-04-10,Celsia,0.0,5.155218833979857,3.35641939074659,10.513326393324325,True
2026-04-13,Celsia,0.0,4.248314429081203,3.35641939074659,9.882526809724865,True
2026-04-14,Celsia,0.0,3.578657963468217,3.35641939074659,9.289575201141373,True
2026-04-15,Celsia,0.015943588097610605,3.0841849192145734,3.35641939074659,8.73220068907289,True
2026-04-16,Celsia,0.0017559487792552252,3.303893958621768,3.35641939074659,8.36078744858428,True
2026-04-17,Celsia,-0.017699536876865932,2.8879344825233115,3.35641939074659,7.860990215338442,True
2026-04-20,Celsia,-0.010772143459547561,3.3058684469081827,3.35641939074659,7.577294965811458,True
2026-04-21,Celsia,-0.01821539860077368,3.1550283979317255,3.35641939074659,7.192280712690613,True
2026-04-22,Celsia,0.009149128846782565,3.54620791855948,3.35641939074659,6.9598243176402175,True
2026-04-23,Celsia,-0.023964217341586092,3.251660075431089,3.35641939074659,6.592458793774822,True
2026-04-24,Celsia,-0.0226424809693875,4.18159168167346,3.35641939074659,6.541481493825198,True
2026-04-27,Celsia,-0.007662874195389922,4.725002430060589,3.35641939074659,6.456601770865131,True
2026-04-28,Celsia,0.0,4.069071287236713,3.35641939074659,6.1044374491738465,True
2026-04-29,Celsia,-0.04927108353887882,3.4463051728051672,3.35641939074659,5.738171202223415,True
2026-04-30,Celsia,0.008048334982095982,8.630869847498442,3.35641939074659,6.850464733947115,True
2026-05-04,Celsia,-0.002006043963580702,6.9625854553686874,3.35641939074659,6.478302267500705,True
2026-05-05,Celsia,0.0,5.592792318949209,3.35641939074659,6.092018658880954,True
2026-05-06,Celsia,-0.0060422910185152735,4.571417847487554,3.35641939074659,5.726497539348096,True
2026-05-07,Celsia,-0.01015239894874833,3.9036806037569307,3.35641939074659,5.404813255438668,True
2026-05-08,Celsia,-0.010256426402330286,3.5661958919499366,3.35641939074659,5.142367182761076,True
2026-05-11,Celsia,0.010256426402330193,3.321952021586706,3.35641939074659,4.8969417213232616,True
2026-05-12,Celsia,-0.01438871554398111,3.1355768539352127,3.35641939074659,4.666241787571716,True
2026-05-13,Celsia,0.027566823655138788,3.241376825754508,3.35641939074659,4.510488361320775,True
2026-05-14,Celsia,0.009022681324224648,4.5893923329588215,3.35641939074659,4.69581691950164,True
2026-05-15,Celsia,-0.015083282356206875,4.016653800329044,3.35641939074659,4.4629131712986485,True
2026-05-19,Celsia,-0.00916033348662422,3.939638998004575,3.35641939074659,4.331641625002967,True
2026-05-20,Celsia,-0.031155147327456067,3.5480232768192432,3.35641939074659,4.12209015325449,True
2026-05-21,Celsia,0.014659925019118605,5.321735552720582,3.35641939074659,4.457150667056516,True
2026-05-22,Celsia,-0.014659925019118666,4.865369205449142,3.35641939074659,4.3186696679728325,True
2026-05-25,Celsia,-0.023480351312142548,4.537002328122832,3.35641939074659,4.188497528834171,True
2026-05-26,Celsia,0.038140276331261255,5.077304625907085,3.35641939074659,4.267983815749101,True
2026-05-27,Celsia,0.002076767480081387,7.553128803867824,3.35641939074659,4.884713193979136,True
2026-05-28,Celsia,-0.004157959777415138,6.028318643631697,3.35641939074659,4.5942181802401825,True
2026-06-01,Celsia,-0.004175320617717998,4.9343251764588985,3.35641939074659,4.328938267132132,True
2026-06-02,Celsia,0.0,4.126863118278526,3.35641939074659,4.079661952460649,True
2026-06-03,Celsia,0.029883644950432463,3.4889785495224066,3.35641939074659,3.8348822353130094,True
2026-06-04,Celsia,0.007081505127493635,5.080218340146663,3.35641939074659,4.140608642508333,True
2026-06-05,Celsia,0.0120241461625191,4.307151487936012,3.35641939074659,3.922260752880264,True
2026-06-08,Celsia,0.0,3.953866586556585,3.35641939074659,3.7736731622700215,True
2026-06-09,Celsia,0.05427689984648129,3.3612382437410426,3.35641939074659,3.54725277253382,True
2026-06-10,Celsia,-0.024834066259017185,9.739725289437363,3.35641939074659,5.1020067203487685,True
2026-06-11,Celsia,-0.04348516924832312,9.071061229816518,3.35641939074659,5.165924825302195,True
2026-06-12,Celsia,0.0,11.537865076856153,3.35641939074659,5.990545302517248,True
2026-06-15,Celsia,0.0,8.961248119970247,3.35641939074659,5.631112584366212,True
2026-06-16,Celsia,0.029852945545082606,7.058679122326529,3.35641939074659,5.293245829304239,True
2026-06-17,Celsia,0.0,7.711834438705189,3.35641939074659,5.510370094176586,True
2026-06-18,Celsia,0.0,6.136114466818029,3.35641939074659,5.17974788852599,True
2026-06-19,Celsia,0.0,4.972605874875898,3.35641939074659,4.8689630152144305,True
2026-06-22,Celsia,-0.0019626368817785263,4.11347337184502,3.35641939074659,4.576825234301564,True
2026-06-23,Celsia,-0.0019665936078698955,3.4886011844602423,3.35641939074659,4.304526886361301,True
2026-06-24,Celsia,0.0019665936078698456,3.027233982125571,3.35641939074659,4.048575767430731,True
2026-06-25,Celsia,-0.017839945874767726,2.6854058947466264,3.35641939074659,3.8079817156359956,True
2026-06-26,Celsia,0.013902883546586697,3.167935431971177,3.35641939074659,3.7704610139866213,True
2026-06-29,Celsia,0.0,3.2250832974355363,3.35641939074659,3.660207455693395,True
2026-06-30,Celsia,0.0019704687203110968,2.8231060669046695,3.35641939074659,3.440595008351791,True
2026-07-01,Celsia,0.0019665936078698456,2.534712478474963,3.35641939074659,3.236488956037318,True
2026-07-02,Celsia,-0.013847973002445137,2.3217289651920536,3.35641939074659,3.044620112926187,True
2026-07-03,Celsia,0.003976198344501757,2.604864432036258,3.35641939074659,2.9770027199164857,True
2026-07-06,Celsia,-0.02004080483083177,2.400634913183845,3.35641939074659,2.8078686486863877,True
2026-07-07,Celsia,0.02794598588090521,3.151651453214488,3.35641939074659,2.8803768447256983,True
2026-07-08,Celsia,-0.009891303954466801,4.571841164505697,3.35641939074659,3.1761411101556085,True
2026-07-09,Celsia,0.029385054723655095,4.047351090464328,3.35641939074659,3.044275379898062,True
2026-07-10,Celsia,0.037883326761959324,5.424134761774161,3.35641939074659,3.3797077217715015,True
2026-07-14,Celsia,-0.022557352659020785,7.764001147943436,3.35641939074659,4.038013126397242,True
2026-07-15,Celsia,0.01883299877609509,7.361298271097417,3.35641939074659,4.101032834203467,True
2026-07-16,Celsia,-0.0037807228399060443,6.694289514742129,3.35641939074659,4.0677799698914985,True
2026-07-17,Celsia,-0.0018957351648992008,5.419020806949169,3.35641939074659,3.832289490813321,True
2026-07-21,Celsia,-0.013371736965889308,4.4519966089406,3.35641939074659,3.6045084084537824,True
2026-07-22,Celsia,-0.0057859370670438875,4.147647542391795,3.35641939074659,3.4955199136375135,True
2026-07-23,Celsia,-0.013632148790057644,3.583662112856233,3.35641939074659,3.305874959465538,True
2026-07-24,Celsia,0.0,3.5228557404066048,3.35641939074659,3.2190237502781676,True
2026-07-27,Celsia,-0.04102626374780635,3.0429806651973452,3.35641939074659,3.0258823252614775,True
2026-07-28,Celsia,-0.004094171532663226,6.604097570406211,3.35641939074659,3.8542219760085317,True
2026-07-29,Celsia,0.0,5.358239739286947,3.35641939074659,3.633026001771342,True
2026-07-30,Celsia,-0.0061728591070809675,4.398224674482081,3.35641939074659,3.415044441665061,True
2026-07-31,Celsia,0.033488669754043826,3.7795322082523404,3.35641939074659,3.2330042888986807,True
2026-08-03,Celsia,-0.01204833851617448,5.823522359376746,3.35641939074659,3.711918632702006,True
2026-08-04,Celsia,-0.0010106115059235032,5.08197415219608,3.35641939074659,3.576300991340086,True
2026-08-05,Celsia,-0.003037977020076698,4.196896159440523,3.35641939074659,3.3623357332292234,True
2026-08-06,Celsia,0.013098424045918109,3.5629869467646142,3.35641939074659,3.1661331718601784,True
2026-08-07,Celsia,0.0,3.4666506569993323,3.35641939074659,3.079106409040579,True
2026-08-10,Celsia,-0.019202206983935932,3.00147893987691,3.35641939074659,2.8943600244981442,True
2026-08-11,Celsia,0.0,3.5187476591453137,3.35641939074659,2.9419332748606064,True
2026-08-12,Celsia,0.011161962665370409,3.0399472659073785,3.35641939074659,2.76541727836897,True
2026-08-13,Celsia,-0.010142074764624927,2.9720583171572827,3.35641939074659,2.6742458879927056,True
2026-08-14,Celsia,0.011150647719509741,2.8777988503199223,3.35641939074659,2.5755081430318882,True
2026-08-18,Celsia,0.0020140993717011856,2.8517460694505425,3.35641939074659,2.4955798211887394,True
2026-08-19,Celsia,-0.01725055461379124,2.5562505579776276,3.35641939074659,2.3482789896848675,True
2026-08-20,Celsia,-0.013395357432237163,3.024430525837297,3.35641939074659,2.3859312309938123,True
2026-08-21,Celsia,-0.002076843944839117,3.0950086894680764,3.35641939074659,2.3504367175766183,True
2026-08-24,Celsia,-0.0010400416954139703,2.73767226225152,3.35641939074659,2.21199848298475,True
2026-08-25,Celsia,-0.0020833340868542517,2.4660167655688365,3.35641939074659,2.0799275860425843,True
2026-08-26,Celsia,-0.008377012338047905,2.273290359892568,3.35641939074659,1.9577360994304986,True
2026-08-27,Celsia,0.0010509722459750015,2.285506192181401,3.35641939074659,1.8823765348917527,True
2026-08-28,Celsia,0.007326040092072881,2.1315769483077847,3.35641939074659,1.7700966683953334,True
2026-08-31,Celsia,0.007272759329079878,2.1379790630682978,3.35641939074659,1.696093386350009,True
2026-09-01,Celsia,-0.010405921161116693,2.140918146551079,3.35641939074659,1.6260636001242394,True
2026-09-02,Celsia,-0.006295928456814812,2.2767370944780807,3.35641939074659,1.5934697012436108,True
2026-09-03,Celsia,0.00210305019677889,2.2166247379817845,3.35641939074659,1.5216447482489925,True
2026-09-04,Celsia,-0.0021030501967787877,2.08810136942056,3.35641939074659,1.432999755432156,True
2026-09-08,Celsia,0.010471299867295437,1.9944355679726844,3.35641939074659,1.3496734621843294,True
2026-09-09,Celsia,0.010362787035546658,2.1656070371930847,3.35641939074659,1.3344819269997625,True
2026-09-10,Celsia,0.0344512287542461,2.286788655125984,3.35641939074659,1.318845424466233,True
2026-09-11,Celsia,-0.04481401578979254,4.872660883398971,3.35641939074659,1.9518469966046954,True
2026-09-14,Celsia,0.026723070140753508,8.710278822144911,3.35641939074659,3.0397137835330796,True
2025-01-02,Banco de Bogota,0.0,2.9116480742913167,5.273767445215527,1.3076801741411268,True
2025-01-03,Banco de Bogota,-0.013493554155499726,2.8839351051555635,5.273767445215527,1.2292193636926592,True
2025-01-07,Banco de Bogota,0.018692156708256073,2.886862362327063,5.273767445215527,1.264711804119542,True
2025-01-08,Banco de Bogota,-0.005198602552756375,2.924126975704353,5.273767445215527,1.398467129315971,True
2025-01-09,Banco de Bogota,0.001487860917180341,2.9001897996130808,5.273767445215527,1.3307743826579277,True
2025-01-10,Banco de Bogota,-0.0014878609171803663,2.873293443884961,5.273767445215527,1.2522561577637756,True
2025-01-13,Banco de Bogota,-0.009727146223233663,2.84642638461158,5.273767445215527,1.1784490263632728,True
2025-01-14,Banco de Bogota,-0.0015049730129540648,2.835126966257147,5.273767445215527,1.1645125089703776,True
2025-01-15,Banco de Bogota,0.001504973012953931,2.808940792341068,5.273767445215527,1.096000724693987,True
2025-01-16,Banco de Bogota,0.03327491027861304,2.7836684176513775,5.273767445215527,1.0315996474741795,True
2025-01-17,Banco de Bogota,-0.010969044970489726,2.958849003737062,5.273767445215527,1.634035461055578,True
2025-01-20,Banco de Bogota,0.006595699946147886,2.9499185987738428,5.273767445215527,1.608185301931019,True
2025-01-21,Banco de Bogota,0.0,2.9302048776093232,5.273767445215527,1.537796138482927,True
2025-01-22,Banco de Bogota,0.0007302718981696422,2.902164010346502,5.273767445215527,1.4455283701739514,True
2025-01-23,Banco de Bogota,0.018083623036628426,2.874822301101786,5.273767445215527,1.3591166461906679,True
2025-01-24,Banco de Bogota,0.003578053301135243,2.908254047859034,5.273767445215527,1.473780100697755,True
2025-01-27,Banco de Bogota,0.007826144700770034,2.8833994733031614,5.273767445215527,1.3930347739113484,True
2025-01-28,Banco de Bogota,0.027415382377824683,2.868181131433131,5.273767445215527,1.346201812003102,True
2025-01-29,Banco de Bogota,0.017845343022037448,2.978152916950519,5.273767445215527,1.7163916178363203,True
2025-01-30,Banco de Bogota,-0.013009436683064294,3.0082103514917145,5.273767445215527,1.8044818813106496,True
2025-01-31,Banco de Bogota,0.016405159991682308,3.00674706598987,5.273767445215527,1.7977602341184058,True
2025-02-03,Banco de Bogota,-0.015716117530957262,3.0273673434590713,5.273767445215527,1.8513721846829179,True
2025-02-04,Banco de Bogota,0.0013763719506422977,3.038898474124409,5.273767445215527,1.88848766375006,True
2025-02-05,Banco de Bogota,0.0075368727690560905,3.0094780064641635,5.273767445215527,1.7763150437729653,True
2025-02-06,Banco de Bogota,-0.006162175214225446,2.9912032394599515,5.273767445215527,1.703818811828751,True
2025-02-07,Banco de Bogota,-0.008276018305171324,2.967870740472832,5.273767445215527,1.6243731251415143,True
2025-02-10,Banco de Bogota,0.004835906338973052,2.9500266192061213,5.273767445215527,1.5680062250255418,True
2025-02-11,Banco de Bogota,-0.009695385781290766,2.926492540241318,5.273767445215527,1.487957445595601,True
2025-02-12,Banco de Bogota,-0.008385757050239515,2.9136741148662724,5.273767445215527,1.455080302128698,True
2025-02-13,Banco de Bogota,0.0007013880679856194,2.897094285262857,5.273767445215527,1.409968036784361,True
2025-02-14,Banco de Bogota,0.022878050751022404,2.8698305223245115,5.273767445215527,1.3256651217104467,True
2025-02-17,Banco de Bogota,0.023036374131521608,2.938770657281086,5.273767445215527,1.5601683381076343,True
2025-02-18,Banco de Bogota,0.02186223146854537,3.007800837387177,5.273767445215527,1.7849629576976391,True
2025-02-20,Banco de Bogota,0.012374124096694736,3.0661201493893993,5.273767445215527,1.9646394791063342,True
2025-02-21,Banco de Bogota,-0.012374124096694623,3.0645882007587013,5.273767445215527,1.9386324786561948,True
2025-02-24,Banco de Bogota,0.018825810103359458,3.0593743859196865,5.273767445215527,1.9141858982330622,True
2025-02-25,Banco de Bogota,-0.0051456969927856835,3.0944967910125665,5.273767445215527,2.011981419967729,True
2025-02-26,Banco de Bogota,-0.01701620381239823,3.0674604118505084,5.273767445215527,1.9071494532946034,True
2025-02-27,Banco de Bogota,-0.009950425201401443,3.0856076868181597,5.273767445215527,1.9664512014079727,True
2025-02-28,Banco de Bogota,-0.02020275879564097,3.0708248259780984,5.273767445215527,1.9078707063367053,True
2025-03-03,Banco de Bogota,0.020202758795640936,3.109391723888463,5.273767445215527,2.038289341729412,True
2025-03-04,Banco de Bogota,-0.003338886267801606,3.1533325832796604,5.273767445215527,2.160882858998556,True
2025-03-05,Banco de Bogota,0.002004823595899578,3.1228185456042366,5.273767445215527,2.037918784364231,True
2025-03-06,Banco de Bogota,0.0,3.0923848691651914,5.273767445215527,1.9180552478927821,True
2025-03-07,Banco de Bogota,0.029597689058994583,3.061478286586659,5.273767445215527,1.802971933019215,True
2025-03-10,Banco de Bogota,-0.0019461615554468717,3.1903465480364814,5.273767445215527,2.2204075356178192,True
2025-03-11,Banco de Bogota,-0.015707235988386754,3.158086579051431,5.273767445215527,2.0894556103606896,True
2025-03-12,Banco de Bogota,0.01245514724891575,3.1672599212745283,5.273767445215527,2.1121186311759717,True
2025-03-13,Banco de Bogota,-0.0065359408979698864,3.164308453590517,5.273767445215527,2.0784699291007174,True
2025-03-14,Banco de Bogota,0.009138307183694428,3.138699813866021,5.273767445215527,1.9793928474077274,True
2025-03-17,Banco de Bogota,-0.01571731717649769,3.123100328043872,5.273767445215527,1.9107344714734005,True
2025-03-18,Banco de Bogota,0.0032948116899594207,3.1329463432807323,5.273767445215527,1.944310838720974,True
2025-03-19,Banco de Bogota,0.0,3.1037350365463703,5.273767445215527,1.8341656588410915,True
2025-03-20,Banco de Bogota,0.0006577722040866031,3.0726278968695913,5.273767445215527,1.724115719310626,True
2025-03-21,Banco de Bogota,0.0,3.0422454490860935,5.273767445215527,1.62092837471547,True
2025-03-24,Banco de Bogota,0.0,3.0122248284728017,5.273767445215527,1.5236726722325415,True
2025-03-25,Banco de Bogota,0.028517789168113032,2.9827346712752085,5.273767445215527,1.432252311898589,True
2025-03-26,Banco de Bogota,-0.008986006998302803,3.1017430115439892,5.273767445215527,1.8342757526068412,True
2025-03-27,Banco de Bogota,-0.018217879379663942,3.083592571426227,5.273767445215527,1.7726682005145589,True
2025-03-28,Banco de Bogota,0.014605668323492993,3.1087561540241717,5.273767445215527,1.8654427859388762,True
2025-03-31,Banco de Bogota,-0.008488523146124919,3.1174437495787215,5.273767445215527,1.8815115470880757,True
2025-04-01,Banco de Bogota,0.0006554907110458104,3.097554331384794,5.273767445215527,1.8118538693841701,True
2025-04-02,Banco de Bogota,0.03793463248461508,3.0667305629454367,5.273767445215527,1.7034004380644803,True
2025-04-03,Banco de Bogota,-0.00632922178403954,3.2962396899229294,5.273767445215527,2.4646182168263002,True
2025-04-04,Banco de Bogota,-0.02964144423056607,3.2678608813262855,5.273767445215527,2.3407765528516586,True
2025-04-07,Banco de Bogota,-0.012504145554007886,3.3846624104926155,5.273767445215527,2.7274990893248146,True
2025-04-08,Banco de Bogota,-0.02006755837041813,3.374344980659955,5.273767445215527,2.657661337586815,True
2025-04-09,Banco de Bogota,0.018078716595295863,3.4066068963442726,5.273767445215527,2.7398257967016892,True
2025-04-10,Banco de Bogota,-0.05244640062579997,3.4306099392881944,5.273767445215527,2.771540245139404,True
2025-04-11,Banco de Bogota,0.034367684030504,3.871901520034873,5.273767445215527,4.255622793592187,True
2025-04-14,Banco de Bogota,0.0013503729066542082,4.041078128176741,5.273767445215527,4.708968049348992,True
2025-04-15,Banco de Bogota,0.0,3.993932754644971,5.273767445215527,4.427524070580267,True
2025-04-16,Banco de Bogota,0.01140583453363256,3.947095849475589,5.273767445215527,4.161872626345451,True
2025-04-17,Banco de Bogota,0.0,3.9257833071589925,5.273767445215527,3.9902161056098864,True
2025-04-18,Banco de Bogota,0.0,3.8801506005688817,5.273767445215527,3.750803139273293,True
2025-04-21,Banco de Bogota,-0.012756207440286823,3.8353242224593567,5.273767445215527,3.525754950916895,True
2025-04-22,Banco de Bogota,0.010084116702950306,3.8181309143316535,5.273767445215527,3.4118421508176584,True
2025-04-23,Banco de Bogota,0.019868130040420654,3.7938801807445537,5.273767445215527,3.268145267575832,True
2025-04-24,Banco de Bogota,-0.013201417065199351,3.8233066577413717,5.273767445215527,3.3089021063031216,True
2025-04-25,Banco de Bogota,0.004862189686675917,3.80830102232138,5.273767445215527,3.2149344274425364,True
2025-04-28,Banco de Bogota,-0.003327697414503753,3.769650241296386,5.273767445215527,3.0362228949255146,True
2025-04-29,Banco de Bogota,0.018494589175852148,3.7282343866720993,5.273767445215527,2.8606936632794806,True
2025-04-30,Banco de Bogota,0.011064209023361036,3.749304180476238,5.273767445215527,2.89428194075284,True
2025-05-01,Banco de Bogota,0.0,3.7300790055791095,5.273767445215527,2.7940750570952435,True
2025-05-02,Banco de Bogota,-0.0032416061382439906,3.687904387801359,5.273767445215527,2.626430553669529,True
2025-05-05,Banco de Bogota,0.0,3.6478459478023195,5.273767445215527,2.4751495266626575,True
2025-05-06,Banco de Bogota,0.003241606138244116,3.6071243855517516,5.273767445215527,2.326640555062898,True
2025-05-07,Banco de Bogota,0.003230930606971722,3.5694649425841036,5.273767445215527,2.193346927972425,True
2025-05-08,Banco de Bogota,0.02547923692736595,3.532457131322028,5.273767445215527,2.0680094598463197,True
2025-05-09,Banco de Bogota,0.006269373246450689,3.61230490671099,5.273767445215527,2.33344380089605,True
2025-05-12,Banco de Bogota,0.0,3.580096111398126,5.273767445215527,2.2170201973842736,True
2025-05-13,Banco de Bogota,0.01550420855501386,3.540571686611667,5.273767445215527,2.083998985541217,True
2025-05-14,Banco de Bogota,0.0018445029878928888,3.5465443750962664,5.273767445215527,2.103187336159163,True
2025-05-15,Banco de Bogota,-0.005543554143305776,3.508490403927754,5.273767445215527,1.9790374107530204,True
2025-05-16,Banco de Bogota,-0.006817391266403402,3.4748306127627653,5.273767445215527,1.8787337616316966,True
2025-05-19,Banco de Bogota,0.013588875673645607,3.444356966771215,5.273767445215527,1.7938958301413348,True
2025-05-20,Banco de Bogota,-0.01048439842374153,3.441896495941211,5.273767445215527,1.797056605577133,True
2025-05-21,Banco de Bogota,0.016600391421609486,3.4226660832219573,5.273767445215527,1.7551867754271575,True
2025-05-22,Banco de Bogota,-0.003053416330376975,3.437104946949424,5.273767445215527,1.8152193661119156,True
2025-05-23,Banco de Bogota,0.00913267281788156,3.4012969996137126,5.273767445215527,1.7119002149171683,True
2025-05-26,Banco de Bogota,-0.009132672817881587,3.3810383950139067,5.273767445215527,1.659229629701222,True
2025-05-27,Banco de Bogota,0.009964353143429699,3.3584003941566745,5.273767445215527,1.6097192795982325,True
2025-05-28,Banco de Bogota,-0.012239986894012699,3.341830866361402,5.273767445215527,1.5727091229625247,True
2025-05-29,Banco de Bogota,-0.018018475338577394,3.331154881399207,5.273767445215527,1.5682369430841347,True
2025-05-30,Banco de Bogota,0.02170631684571424,3.35069715524557,5.273767445215527,1.6689419986152396,True
2025-06-04,Banco de Bogota,-0.007357556582935483,3.4017338174654803,5.273767445215527,1.8515039933022481,True
2025-06-05,Banco de Bogota,0.0,3.373823793608298,5.273767445215527,1.7728939370267716,True
2025-06-06,Banco de Bogota,0.008578475342523317,3.337944194146015,5.273767445215527,1.6665203008051652,True
2025-06-09,Banco de Bogota,-0.008578475342523366,3.316987584857033,5.273767445215527,1.6106832262782236,True
2025-06-10,Banco de Bogota,-0.015504198492731238,3.2938300244087024,5.273767445215527,1.558196376222899,True
2025-06-11,Banco de Bogota,0.017962864336236856,3.2995154507342948,5.273767445215527,1.6089326961907306,True
2025-06-12,Banco de Bogota,-0.0024586658435056144,3.3246556244763057,5.273767445215527,1.705995431516517,True
2025-06-13,Banco de Bogota,-0.009273425078805627,3.2903445093743393,5.273767445215527,1.6072627282635383,True
2025-06-16,Banco de Bogota,0.0037195933490012907,3.269745748391088,5.273767445215527,1.5624248121830586,True
2025-06-17,Banco de Bogota,-0.009950366762926688,3.238707353795249,5.273767445215527,1.4769805482612357,True
2025-06-18,Banco de Bogota,0.0,3.2212190299484798,5.273767445215527,1.4477675945956152,True
2025-06-19,Banco de Bogota,-0.0012507621233561507,3.188035951828164,5.273767445215527,1.3609015389198782,True
2025-06-20,Banco de Bogota,0.01305594214519392,3.155528200210615,5.273767445215527,1.280186090118219,True
2025-06-24,Banco de Bogota,0.0006173367784073051,3.155582334822769,5.273767445215527,1.3056494998903163,True
2025-06-25,Banco de Bogota,-0.012422516800245236,3.1237189142672053,5.273767445215527,1.227539192715682,True
2025-06-26,Banco de Bogota,-0.0006250558983246406,3.1176650446080694,5.273767445215527,1.2464781953441662,True
2025-06-27,Banco de Bogota,0.0006250558983247753,3.0862871227911732,5.273767445215527,1.1719239205491345,True
2025-06-30,Banco de Bogota,0.0,3.05565099785776,5.273767445215527,1.1018429022418048,True
2025-07-01,Banco de Bogota,-0.003756859374740727,3.0253935016221307,5.273767445215527,1.0357323281072965,True
2025-07-02,Banco de Bogota,-0.002512589076669414,2.997601564631979,5.273767445215527,0.982056783837805,True
2025-07-03,Banco de Bogota,0.006269448451410077,2.969108770322127,5.273767445215527,0.9269212391284558,True
2025-07-04,Banco de Bogota,0.0,2.9482654082690862,5.273767445215527,0.8948895551116813,True
2025-07-07,Banco de Bogota,0.0,2.919905412001355,5.273767445215527,0.8411961818049805,True
2025-07-08,Banco de Bogota,0.0,2.892046535969716,5.273767445215527,0.7907244108966816,True
2025-07-09,Banco de Bogota,0.0,2.8646799253954645,5.273767445215527,0.7432809462428807,True
2025-07-10,Banco de Bogota,-0.009419072362631453,2.837796881963555,5.273767445215527,0.6986840894683077,True
2025-07-11,Banco de Bogota,0.015649845776557023,2.825653862479121,5.273767445215527,0.7099943986037018,True
2025-07-14,Banco de Bogota,0.0,2.845082672450944,5.273767445215527,0.8143453383854916,True
2025-07-15,Banco de Bogota,0.0,2.8185459118580596,5.273767445215527,0.7654846180823621,True
2025-07-16,Banco de Bogota,-0.0031104370515814294,2.7924780549846218,5.273767445215527,0.7195555409974204,True
2025-07-17,Banco de Bogota,-0.0024954767387587525,2.76811420308968,5.273767445215527,0.6821870997286855,True
2025-07-18,Banco de Bogota,0.0037407225007966456,2.7436638646475355,5.273767445215527,0.644992316237176,True
2025-07-21,Banco de Bogota,-0.009378044536577142,2.721952340030972,5.273767445215527,0.6146885801597252,True
2025-07-22,Banco de Bogota,0.014343899722395914,2.7117261669843744,5.273767445215527,0.6305758969481563,True
2025-07-23,Banco de Bogota,-0.009331437310200542,2.726050993739361,5.273767445215527,0.7161898186789568,True
2025-07-24,Banco de Bogota,0.008711996138506433,2.715605300875006,5.273767445215527,0.725463862922741,True
2025-07-25,Banco de Bogota,0.001857045410239801,2.7060733459478947,5.273767445215527,0.7274753571777872,True
2025-07-28,Banco de Bogota,0.00884441478730046,2.6828805544700485,5.273767445215527,0.6858960063405356,True
2025-07-29,Banco de Bogota,-0.006176597194009234,2.674357480660203,5.273767445215527,0.6916764497179949,True
2025-07-30,Banco de Bogota,-0.003724430809581684,2.6566529184505994,5.273767445215527,0.6730660744731409,True
2025-07-31,Banco de Bogota,0.0043437590253689205,2.635338607179055,5.273767445215527,0.6410049409179691,True
2025-08-01,Banco de Bogota,-0.012461069061034872,2.616493014405877,5.273767445215527,0.6138655899451753,True
2025-08-04,Banco de Bogota,0.0,2.619565543913797,5.273767445215527,0.6702005998347931,True
2025-08-05,Banco de Bogota,0.009360264801432067,2.597013663841648,5.273767445215527,0.6299885638447055,True
2025-08-06,Banco de Bogota,-0.006230474464902286,2.5917445302154487,5.273767445215527,0.64475798430578,True
2025-08-07,Banco de Bogota,0.0,2.5756097783427117,5.273767445215527,0.6293637924821128,True
2025-08-08,Banco de Bogota,0.00933127872450507,2.553834595256439,5.273767445215527,0.5916019649331861,True
2025-08-11,Banco de Bogota,0.01230776309446892,2.5492283554409547,5.273767445215527,0.6083495046178355,True
2025-08-12,Banco de Bogota,0.010343897254849944,2.5565305041257758,5.273767445215527,0.6627371537745083,True
2025-08-13,Banco de Bogota,0.019779118692121404,2.5555488522733674,5.273767445215527,0.6871706507993731,True
2025-08-14,Banco de Bogota,0.011799161292371897,2.6062196818980774,5.273767445215527,0.8806685334936267,True
2025-08-15,Banco de Bogota,-0.00117347706192178,2.6102720893120126,5.273767445215527,0.9113605458060534,True
2025-08-19,Banco de Bogota,0.027224438798463296,2.5879518832942647,5.273767445215527,0.8575051421066041,True
2025-08-20,Banco de Bogota,0.0,2.701003165163123,5.273767445215527,1.2507568743149724,True
2025-08-21,Banco de Bogota,0.016997371709433606,2.6770122849020463,5.273767445215527,1.175711461856074,True
2025-08-22,Banco de Bogota,-0.0005619605067750758,2.7070430801826344,5.273767445215527,1.2785151611619021,True
2025-08-25,Banco de Bogota,-0.016435411202658554,2.6829170573976584,5.273767445215527,1.2019937312588929,True
2025-08-26,Banco de Bogota,0.023422176888463833,2.7045132415901953,5.273767445215527,1.2919477522236438,True
2025-08-27,Banco de Bogota,-0.005057570614502841,2.7809076980772653,5.273767445215527,1.543589909206919,True
2025-08-28,Banco de Bogota,-0.014184454754359026,2.7592667511644784,5.273767445215527,1.4663219269669132,True
2025-08-29,Banco de Bogota,0.003422757153489611,2.7676723356531387,5.273767445215527,1.4990618653559735,True
2025-09-01,Banco de Bogota,0.00511215294579989,2.7450864540965503,5.273767445215527,1.4161473133536737,True
2025-09-02,Banco de Bogota,0.0,2.7257006530096577,5.273767445215527,1.3468589391972037,True
2025-09-03,Banco de Bogota,-0.008534910099289498,2.7012733689203254,5.273767445215527,1.2660474028453714,True
2025-09-04,Banco de Bogota,0.0,2.688870249910931,5.273767445215527,1.2337913729164214,True
2025-09-05,Banco de Bogota,0.0,2.6650937578781977,5.273767445215527,1.159763890541436,True
2025-09-08,Banco de Bogota,-0.006880507238141239,2.6417373957068513,5.273767445215527,1.0901780571089499,True
2025-09-09,Banco de Bogota,0.0057369406557130145,2.62612778830832,5.273767445215527,1.0531722015948812,True
2025-09-10,Banco de Bogota,-0.0017178645090952399,2.610135355540509,5.273767445215527,1.009729362351492,True
2025-09-11,Banco de Bogota,-0.005747188061762054,2.5880141071881826,5.273767445215527,0.9509162356933678,True
2025-09-12,Banco de Bogota,0.0,2.5709948491557744,5.273767445215527,0.9136793639221219,True
2025-09-15,Banco de Bogota,0.008037058064921833,2.549301211722113,5.273767445215527,0.8588586020867945,True
2025-09-16,Banco de Bogota,-0.00515939430700466,2.5406091794111574,5.273767445215527,0.846083667364942,True
2025-09-17,Banco de Bogota,0.014265865494657776,2.523382865565165,5.273767445215527,0.8112902570921368,True
2025-09-18,Banco de Bogota,-0.008534910099289498,2.5406295284946268,5.273767445215527,0.8847217926536091,True
2025-09-19,Banco de Bogota,-0.07410812568002907,2.5310649810591124,5.273767445215527,0.8753452993361648,True
2025-09-22,Banco de Bogota,0.039812404606225114,3.469407751844135,5.273767445215527,4.118033156460188,True
2025-09-23,Banco de Bogota,0.005308137584867417,3.7178796029530146,5.273767445215527,4.821967703390443,True
2025-09-24,Banco de Bogota,0.00936766703870406,3.6816948083516654,5.273767445215527,4.549555435958945,True
2025-09-25,Banco de Bogota,0.00017562648087816752,3.6572849982228965,5.273767445215527,4.329234021250222,True
2025-09-26,Banco de Bogota,-0.0029300020353083705,3.6164284190347327,5.273767445215527,4.069498486771679,True
2025-09-29,Banco de Bogota,0.005851324874520234,3.5773398453050165,5.273767445215527,3.8304795247215253,True
2025-09-30,Banco de Bogota,0.029320946524665503,3.544790886008098,5.273767445215527,3.621193554910541,True
2025-10-01,Banco de Bogota,-0.022344194024290664,3.662196414656006,5.273767445215527,3.9197526846772854,True
2025-10-02,Banco de Bogota,0.0,3.7060922465381156,5.273767445215527,3.9841253275537363,True
2025-10-03,Banco de Bogota,0.0005794368344332622,3.66434147403313,5.273767445215527,3.745077807900512,True
2025-10-06,Banco de Bogota,0.00173535270478456,3.6234746009780676,5.273767445215527,3.52057458765354,True
2025-10-07,Banco de Bogota,0.0,3.5839758731391056,5.273767445215527,3.3111469818003294,True
2025-10-08,Banco de Bogota,-0.0023147895392177827,3.544382893085528,5.273767445215527,3.1124781628923093,True
2025-10-09,Banco de Bogota,0.013809389931955879,3.5060894112904317,5.273767445215527,2.9289444234852935,True
2025-10-10,Banco de Bogota,0.0,3.5036387457650107,5.273767445215527,2.8676273082518584,True
2025-10-14,Banco de Bogota,0.008534804092334727,3.4654653202084305,5.273767445215527,2.695569669756747,True
2025-10-15,Banco de Bogota,0.002263814492855446,3.4421168138224085,5.273767445215527,2.5775412181080624,True
2025-10-16,Banco de Bogota,0.02014605929393412,3.406275309463221,5.273767445215527,2.425963658656416,True
2025-10-17,Banco de Bogota,0.0011075203705932036,3.4445575018453654,5.273767445215527,2.523924062181857,True
2025-10-20,Banco de Bogota,-0.002216041769445706,3.4078107603778944,5.273767445215527,2.3732245792737126,True
2025-10-21,Banco de Bogota,0.0,3.3718662457212583,5.273767445215527,2.2337776091916464,True
2025-10-22,Banco de Bogota,-0.0016653736854564767,3.336021236068158,5.273767445215527,2.0997509526401474,True
2025-10-23,Banco de Bogota,0.0027738950843088517,3.3010500938988137,5.273767445215527,1.975429977189065,True
2025-10-24,Banco de Bogota,0.0005539701495226296,3.2682317322530223,5.273767445215527,1.8615208749209728,True
2025-10-27,Banco de Bogota,0.02407101987276568,3.2343551889073145,5.273767445215527,1.7500137521816517,True
2025-10-28,Banco de Bogota,0.012565227286415986,3.3069297064467342,5.273767445215527,1.992661325679801,True
2025-10-29,Banco de Bogota,0.028528010584936727,3.302013449400429,5.273767445215527,1.9678326081945887,True
2025-10-30,Banco de Bogota,0.007782319796566442,3.4154847072409265,5.273767445215527,2.3380710844634707,True
2025-10-31,Banco de Bogota,-0.01562546550161891,3.3907369986897957,5.273767445215527,2.2341255202452803,True
2025-11-04,Banco de Bogota,0.006279663895654346,3.3953589494947414,5.273767445215527,2.246571092315933,True
2025-11-05,Banco de Bogota,-0.005754698316751712,3.3670079431988005,5.273767445215527,2.135437333962408,True
2025-11-06,Banco de Bogota,0.007318180126149793,3.3362380269024676,5.273767445215527,2.0271810255547584,True
2025-11-07,Banco de Bogota,-0.004175226644929219,3.311582603332727,5.273767445215527,1.9376836202367373,True
2025-11-10,Banco de Bogota,0.006776103725775408,3.2792573970431156,5.273767445215527,1.831882113544449,True
2025-11-11,Banco de Bogota,0.0,3.2541775631122345,5.273767445215527,1.7495185357532623,True
2025-11-12,Banco de Bogota,-0.013072027246445145,3.220412108754476,5.273767445215527,1.6445474236080666,True
2025-11-13,Banco de Bogota,0.024949299668257943,3.2154782987048343,5.273767445215527,1.6484013159906652,True
2025-11-14,Banco de Bogota,-0.011877272421812777,3.2961255448101205,5.273767445215527,1.9229777693931471,True
2025-11-18,Banco de Bogota,-0.0020799056345316294,3.284765818117249,5.273767445215527,1.8922408633387309,True
2025-11-19,Banco de Bogota,0.011901750333683741,3.2509125660287146,5.273767445215527,1.7813020160075408,True
2025-11-20,Banco de Bogota,-0.0072277146355266275,3.244018282377804,5.273767445215527,1.759414891650293,True
2025-11-21,Banco de Bogota,-0.005195007144471669,3.2185799156746286,5.273767445215527,1.6851939134628389,True
2025-11-24,Banco de Bogota,-0.02799218516298761,3.1894337011506853,5.273767445215527,1.6002751381937355,True
2025-11-25,Banco de Bogota,0.016690583251532998,3.291072407871702,5.273767445215527,1.9743960880215017,True
2025-11-26,Banco de Bogota,0.011566896236900643,3.308380598277535,5.273767445215527,2.023077664306024,True
2025-11-27,Banco de Bogota,0.0010451052093167974,3.2990320656168706,5.273767445215527,1.9819688575807983,True
2025-11-28,Banco de Bogota,0.00520825590797875,3.264823659306039,5.273767445215527,1.863706073065075,True
2025-12-01,Banco de Bogota,0.0,3.2364437754911632,5.273767445215527,1.7681592664429675,True
2025-12-02,Banco de Bogota,0.0,3.202991676599167,5.273767445215527,1.6620697104563893,True
2025-12-04,Banco de Bogota,-0.007822697802507073,3.1701306752354035,5.273767445215527,1.562345527829006,True
2025-12-05,Banco de Bogota,0.00782269780250694,3.1474910321870824,5.273767445215527,1.5053215567048748,True
2025-12-09,Banco de Bogota,0.009307065303893261,3.1275961530833363,5.273767445215527,1.4517190238481905,True
2025-12-10,Banco de Bogota,0.016335446726852196,3.112768191700586,5.273767445215527,1.4165887611598593,True
2025-12-11,Banco de Bogota,-0.007624104438705724,3.131101322545149,5.273767445215527,1.4917015273497634,True
2025-12-12,Banco de Bogota,-0.002554132544263925,3.1086390397604724,5.273767445215527,1.437075616804153,True
2025-12-15,Banco de Bogota,-0.0025608810264547634,3.078215184175049,5.273767445215527,1.3547652356281046,True
2025-12-16,Banco de Bogota,-0.02020252887685173,3.048334005204234,5.273767445215527,1.277414188469412,True
2025-12-17,Banco de Bogota,0.002612863339291619,3.0872967081341622,5.273767445215527,1.4456546409732642,True
2025-12-18,Banco de Bogota,0.002085322865984512,3.0580779525523933,5.273767445215527,1.3630115954127566,True
2025-12-19,Banco de Bogota,0.0,3.0288584835369483,5.273767445215527,1.2838400425612297,True
2025-12-22,Banco de Bogota,-0.0010419591210895957,2.9990744101810405,5.273767445215527,1.2068096400075559,True
2025-12-23,Banco de Bogota,0.03936089973010654,2.9698523046934784,5.273767445215527,1.1350524688931156,True
2025-12-24,Banco de Bogota,0.003665972981005083,3.2207671121953068,5.273767445215527,1.9965175772976302,True
2025-12-29,Banco de Bogota,0.0024968917980198258,3.1905161566082154,5.273767445215527,1.8847901373982479,True
2025-12-30,Banco de Bogota,-0.008011915193350915,3.159351426590513,5.273767445215527,1.775443410344964,True
2025-12-31,Banco de Bogota,0.0,3.1374033199471807,5.273767445215527,1.7074312767635345,True
2026-01-02,Banco de Bogota,-0.021855969920160128,3.1057012627687435,5.273767445215527,1.6049854001577224,True
2026-01-05,Banco de Bogota,0.009716078145752255,3.1556904089539857,5.273767445215527,1.7952963288388257,True
2026-01-06,Banco de Bogota,0.0,3.141802169301019,5.273767445215527,1.744219853829115,True
2026-01-07,Banco de Bogota,0.0,3.1100223845937798,5.273767445215527,1.639566662599368,True
2026-01-08,Banco de Bogota,0.0,3.0788041476760784,5.273767445215527,1.5411926628434058,True
2026-01-09,Banco de Bogota,-0.007662700951933665,3.0481375360162546,5.273767445215527,1.4487211030728013,True
2026-01-13,Banco de Bogota,-0.00462617241888646,3.027239692269461,5.273767445215527,1.3970280284156922,True
2026-01-14,Banco de Bogota,0.023925749174594464,3.0005725473680607,5.273767445215527,1.32604722946031,True
2026-01-15,Banco de Bogota,0.005517992931332126,3.0760241827535046,5.273767445215527,1.5899492798320565,True
2026-01-16,Banco de Bogota,0.024704826625119334,3.0516138511949635,5.273767445215527,1.5128212706362718,True
2026-01-19,Banco de Bogota,0.029336229226129915,3.132974964261959,5.273767445215527,1.7882490695444189,True
2026-01-20,Banco de Bogota,0.014117659847566863,3.2578179582562767,5.273767445215527,2.197322732496578,True
2026-01-21,Banco de Bogota,0.023095912859784642,3.2613216606150712,5.273767445215527,2.185068360289744,True
2026-01-22,Banco de Bogota,-0.01843387821638243,3.325146631114792,5.273767445215527,2.374016973168419,True
2026-01-23,Banco de Bogota,0.009720205122406681,3.3474084750305657,5.273767445215527,2.435460674436165,True
2026-01-26,Banco de Bogota,0.012359780560724173,3.330147375343357,5.273767445215527,2.3460224665429914,True
2026-01-27,Banco de Bogota,0.0037818213801148444,3.3238852363349225,5.273767445215527,2.296919623855965,True
2026-01-28,Banco de Bogota,-0.0018208466547932406,3.2919820077103834,5.273767445215527,2.1676857501952633,True
2026-01-29,Banco de Bogota,-0.023042425222829694,3.2578615106370874,5.273767445215527,2.0396138947077103,True
2026-01-30,Banco de Bogota,0.0,3.314396961347185,5.273767445215527,2.235809077115067,True
2026-02-02,Banco de Bogota,-0.02310873826457647,3.279567432129333,5.273767445215527,2.1016605324881628,True
2026-02-03,Banco de Bogota,0.0019065762556952437,3.3362501777384876,5.273767445215527,2.2959691710472936,True
2026-02-04,Banco de Bogota,-0.010050300951009715,3.301962544150715,5.273767445215527,2.1603920405957244,True
2026-02-05,Banco de Bogota,-0.02533021286400175,3.2836947048733522,5.273767445215527,2.091373647683501,True
2026-02-06,Banco de Bogota,0.003938947417835553,3.358985525146756,5.273767445215527,2.350863039063875,True
2026-02-09,Banco de Bogota,0.014634441573550247,3.3266999838334104,5.273767445215527,2.2191204407763268,True
2026-02-10,Banco de Bogota,0.002418353986532617,3.3316894942377755,5.273767445215527,2.2144733424315404,True
2026-02-11,Banco de Bogota,-0.008246632587919252,3.297950253773615,5.273767445215527,2.0851140034881546,True
2026-02-12,Banco de Bogota,-0.021167121818966447,3.27419224890802,5.273767445215527,2.0008113327029444,True
2026-02-13,Banco de Bogota,0.019704851931827503,3.3160706619629576,5.273767445215527,2.1495908804001473,True
2026-02-16,Banco de Bogota,0.0,3.3527738204745154,5.273767445215527,2.253584141369286,True
2026-02-17,Banco de Bogota,-0.024192588762274033,3.3172661733710043,5.273767445215527,2.1183690928871286,True
2026-02-18,Banco de Bogota,0.03390149123733219,3.3821793132111324,5.273767445215527,2.342435757926206,True
2026-02-19,Banco de Bogota,0.021506064341015235,3.554315680843391,5.273767445215527,2.8914762773195806,True
2026-02-20,Banco de Bogota,-0.0071172935039222835,3.6001953481672455,5.273767445215527,2.995494182744338,True
2026-02-23,Banco de Bogota,0.0,3.5682000015392394,5.273767445215527,2.8461580518722625,True
2026-02-24,Banco de Bogota,-0.013324856466506,3.528885780637322,5.273767445215527,2.6753885687599266,True
2026-02-25,Banco de Bogota,0.0048309643023358596,3.519642636550968,5.273767445215527,2.621396334546123,True
2026-02-26,Banco de Bogota,-0.012609420674268105,3.4860342782934155,5.273767445215527,2.478115484127622,True
2026-02-27,Banco de Bogota,0.012609420674268084,3.474376998118616,5.273767445215527,2.42482704892436,True
2026-03-02,Banco de Bogota,-0.05701661672964823,3.4667051636013695,5.273767445215527,2.3747359198332942,True
2026-03-03,Banco de Bogota,-0.015942902840916845,3.995071507490047,5.273767445215527,4.182788514620659,True
2026-03-04,Banco de Bogota,0.0,3.990738017186987,5.273767445215527,4.084326894340369,True
2026-03-05,Banco de Bogota,0.03764426801926453,3.943957562927333,5.273767445215527,3.8392672806799464,True
2026-03-06,Banco de Bogota,-0.07138506391733451,4.15404485066906,5.273767445215527,4.459165792662883,True
2026-03-09,Banco de Bogota,0.06838499799417108,4.994111607831858,5.273767445215527,7.249112255392273,True
2026-03-12,Banco de Bogota,-0.024805271958563833,5.766187670495471,5.273767445215527,9.620070290466408,True
2026-03-13,Banco de Bogota,-0.026488006571521096,5.7930411780604505,5.273767445215527,9.412046983201412,True
2026-03-16,Banco de Bogota,0.03363830777010224,5.83441947459525,5.273767445215527,9.268292859489094,True
2026-03-17,Banco de Bogota,-0.0025475869364256468,5.960044493612628,5.273767445215527,9.39111673770142,True
2026-03-18,Banco de Bogota,0.0,5.879231474225651,5.273767445215527,8.831543852958523,True
2026-03-19,Banco de Bogota,-0.04380281232326872,5.799081400375213,5.273767445215527,8.301651221781011,True
2026-03-24,Banco de Bogota,-0.00373832972974171,6.0528142692303675,5.273767445215527,8.954763968930653,True
2026-03-25,Banco de Bogota,0.022746272047549008,5.971506139492011,5.273767445215527,8.425863196295774,True
2026-03-26,Banco de Bogota,0.011957521462030314,5.984557641282557,5.273767445215527,8.230747139754692,True
2026-03-27,Banco de Bogota,-0.05118121392148182,5.929603420872069,5.273767445215527,7.82269170307836,True
2026-03-30,Banco de Bogota,0.024825879304578642,6.303760683687868,5.273767445215527,8.92504019597955,True
2026-03-31,Banco de Bogota,-0.004273347147207775,6.328734067264566,5.273767445215527,8.75933235416808,True
2026-04-01,Banco de Bogota,0.01698542626362497,6.243227665356363,5.273767445215527,8.244729310422324,True
2026-04-02,Banco de Bogota,0.0,6.210170028146532,5.273767445215527,7.923148375011209,True
2026-04-03,Banco de Bogota,0.0,6.124172280526771,5.273767445215527,7.447759472510536,True
2026-04-06,Banco de Bogota,0.0156661178348677,6.039694110384517,5.273767445215527,7.000893904159904,True
2026-04-07,Banco de Bogota,-0.013038082706137547,6.002423411353032,5.273767445215527,6.728096618719886,True
2026-04-08,Banco de Bogota,0.021294160014209005,5.948180028660435,5.273767445215527,6.426405781987942,True
2026-04-09,Banco de Bogota,-0.0067029522950881265,5.950125844288099,5.273767445215527,6.312886185495108,True
2026-04-10,Banco de Bogota,0.0,5.875657561182038,5.273767445215527,5.961070756047538,True
2026-04-13,Banco de Bogota,0.0,5.795570638261921,5.273767445215527,5.603406510684685,True
2026-04-14,Banco de Bogota,0.0,5.716898848734022,5.273767445215527,5.267202120043604,True
2026-04-15,Banco de Bogota,0.032072112344551755,5.639617187236108,5.273767445215527,4.951169992840987,True
2026-04-16,Banco de Bogota,0.009473941500227553,5.750264524806753,5.273767445215527,5.271272027415458,True
2026-04-17,Banco de Bogota,-0.010476534756775934,5.689672900505174,5.273767445215527,5.00884904630037,True
2026-04-20,Banco de Bogota,0.0005014222774236975,5.630696403016355,5.273767445215527,4.774172771828309,True
2026-04-21,Banco de Bogota,-0.0070422897080439735,5.555057509048309,5.273767445215527,4.487873260098788,True
2026-04-22,Banco de Bogota,-0.0035399315695109953,5.488343391461042,5.273767445215527,4.248357171092074,True
2026-04-23,Banco de Bogota,-0.02202390320865258,5.416784024297243,5.273767445215527,4.000974410136641,True
2026-04-24,Banco de Bogota,0.005165438741606924,5.427213324440515,5.273767445215527,4.051947333054901,True
2026-04-27,Banco de Bogota,-0.006803346031434227,5.36053918175881,5.273767445215527,3.824839547507583,True
2026-04-28,Banco de Bogota,-0.021064473191741585,5.2967134261815705,5.273767445215527,3.6231204849911873,True
2026-04-29,Banco de Bogota,0.0010638075326535458,5.302103341854598,5.273767445215527,3.671960474399076,True
2026-04-30,Banco de Bogota,0.008997223899411067,5.232510501681653,5.273767445215527,3.4523218578150496,True
2026-05-04,Banco de Bogota,-0.023455269580374326,5.1794401962381675,5.273767445215527,3.2937525690838267,True
2026-05-05,Banco de Bogota,0.0,5.205351522884516,5.273767445215527,3.4262172175916175,True
2026-05-06,Banco de Bogota,0.011263221992248393,5.137108886437315,5.273767445215527,3.2206441845361202,True
2026-05-07,Banco de Bogota,-0.011802784180430088,5.094176227633197,5.273767445215527,3.103521635251954,True
2026-05-08,Banco de Bogota,0.009132452318316955,5.050744487549615,5.273767445215527,3.000893765782723,True
2026-05-11,Banco de Bogota,-0.010212450862936588,5.0013394533691615,5.273767445215527,2.8708811510435592,True
2026-05-12,Banco de Bogota,-0.011956630262795384,4.953599942139043,5.273767445215527,2.761204773557682,True
2026-05-13,Banco de Bogota,-0.003285804770874289,4.913275013262998,5.273767445215527,2.6813090914889375,True
2026-05-14,Banco de Bogota,0.00873848352618183,4.851608667536498,5.273767445215527,2.5269084537949813,True
2026-05-15,Banco de Bogota,-0.0043596966566685005,4.804419244033703,5.273767445215527,2.4211106031696934,True
2026-05-19,Banco de Bogota,-0.011535451281625015,4.745966218266662,5.273767445215527,2.2872481399424114,True
2026-05-20,Banco de Bogota,-0.016713462441808383,4.707624959168839,5.273767445215527,2.2298532333083134,True
2026-05-21,Banco de Bogota,-0.0022496723913301856,4.695031604314407,5.273767445215527,2.2636659353860584,True
2026-05-22,Banco de Bogota,0.011754883161042971,4.636363435592338,5.273767445215527,2.1308825947838828,True
2026-05-25,Banco de Bogota,0.005549397802219318,4.604352346109765,5.273767445215527,2.085936005974713,True
2026-05-26,Banco de Bogota,0.02683211132295382,4.553002626341581,5.273767445215527,1.9792573351965959,True
2026-05-27,Banco de Bogota,-0.013079161114018098,4.627525303150863,5.273767445215527,2.292479213913232,True
2026-05-28,Banco de Bogota,-0.009369141035096944,4.59775974331732,5.273767445215527,2.2575691343463045,True
2026-06-01,Banco de Bogota,0.05021316635297418,4.554359953252981,5.273767445215527,2.1747834685268486,True
2026-06-02,Banco de Bogota,0.0,4.950669471440242,5.273767445215527,3.5571137055301136,True
2026-06-03,Banco de Bogota,0.010997651389416448,4.886927058778101,5.273767445215527,3.3436868831983064,True
2026-06-04,Banco de Bogota,0.010878119581980806,4.847330685672071,5.273767445215527,3.215634671856288,True
2026-06-05,Banco de Bogota,-0.035661845207780374,4.807954022157214,5.273767445215527,3.0936966829288353,True
2026-06-08,Banco de Bogota,0.0,4.966109728633926,5.273767445215527,3.671135204127318,True
2026-06-09,Banco de Bogota,0.014312478960137053,4.902094487116055,5.273767445215527,3.450867091879679,True
2026-06-10,Banco de Bogota,-0.0015801506037064971,4.877551764761166,5.273767445215527,3.3667232987575177,True
2026-06-11,Banco de Bogota,0.027555658387842363,4.815305725054094,5.273767445215527,3.166218026390303,True
2026-06-17,Banco de Bogota,0.010045237375651965,4.89225545549023,5.273767445215527,3.4318335303193654,True
2026-06-18,Banco de Bogota,0.0,4.8488808606046145,5.273767445215527,3.2864675948601207,True
2026-06-19,Banco de Bogota,0.0,4.786937049473021,5.273767445215527,3.0892795391685133,True
2026-06-22,Banco de Bogota,-0.02581755725702261,4.7260877835228055,5.273767445215527,2.9039227668184022,True
2026-06-23,Banco de Bogota,-0.014983612394297026,4.780223045712081,5.273767445215527,3.1296151584410827,True
2026-06-24,Banco de Bogota,0.0041231198420760215,4.756917478478498,5.273767445215527,3.0765434331641366,True
2026-06-25,Banco de Bogota,0.0010412314499432054,4.7002204906452185,5.273767445215527,2.9021508975135606,True
2026-06-26,Banco de Bogota,0.004153607237493114,4.641251120601773,5.273767445215527,2.728672341422157,True
2026-06-29,Banco de Bogota,0.0,4.586647110356767,5.273767445215527,2.5753034727868407,True
2026-06-30,Banco de Bogota,-0.027312633116617756,4.529336961288985,5.273767445215527,2.42078526441963,True
2026-07-01,Banco de Bogota,0.0037204557054082736,4.600760645735116,5.273767445215527,2.7231261052122315,True
2026-07-02,Banco de Bogota,-0.006386424237669122,4.546204522985919,5.273767445215527,2.56804361329304,True
2026-07-03,Banco de Bogota,0.007446874157577231,4.4958588279975915,5.273767445215527,2.4384328452215502,True
2026-07-06,Banco de Bogota,-0.010119863554874306,4.451067988731654,5.273767445215527,2.325400435339532,True
2026-07-07,Banco de Bogota,0.008528766668898947,4.4127329929314865,5.273767445215527,2.247323392240724,True
2026-07-08,Banco de Bogota,-0.013896488234169467,4.372627188351913,5.273767445215527,2.1561279052417937,True
2026-07-09,Banco de Bogota,-0.00647953120808204,4.351139042296317,5.273767445215527,2.1426276620727323,True
2026-07-10,Banco de Bogota,0.025669860149106667,4.304437864890874,5.273767445215527,2.039260597154274,True
2026-07-14,Banco de Bogota,-0.010082272395425043,4.37239619146003,5.273767445215527,2.3122699933698345,True
2026-07-15,Banco de Bogota,0.005319078654637009,4.335322767910118,5.273767445215527,2.2345251237609745,True
2026-07-16,Banco de Bogota,0.004763193740788013,4.288249957257238,5.273767445215527,2.117429174975845,True
2026-07-17,Banco de Bogota,-0.009549079048182708,4.2409352850411,5.273767445215527,2.0039962332446635,True
2026-07-21,Banco de Bogota,0.009549079048182748,4.204415109773017,5.273767445215527,1.938467405651049,True
2026-07-22,Banco de Bogota,-0.0015852116921686403,4.171402420772698,5.273767445215527,1.8768703077130517,True
2026-07-23,Banco de Bogota,-0.010098453941652746,4.1216360898875735,5.273767445215527,1.7657658269156615,True
2026-07-24,Banco de Bogota,0.0,4.08904886654715,5.273767445215527,1.721007140507731,True
2026-07-27,Banco de Bogota,0.0026673907690744846,4.040531262692103,5.273767445215527,1.617746712077267,True
2026-07-28,Banco de Bogota,0.003153294509384108,3.9945279296938874,5.273767445215527,1.5249508934615972,True
2026-07-29,Banco de Bogota,-0.000533744927525742,3.9499100533026152,5.273767445215527,1.4394197996116485,True
2026-07-30,Banco de Bogota,0.0010673097570584038,3.90382137618718,5.273767445215527,1.3532255418235453,True
2026-07-31,Banco de Bogota,0.03201532824299192,3.8589379777651875,5.273767445215527,1.2727154993846397,True
2026-08-03,Banco de Bogota,0.0020639244634459777,4.000398314296802,5.273767445215527,1.8113413149254716,True
2026-08-04,Banco de Bogota,0.0,3.9545091787386992,5.273767445215527,1.7052167065444295,True
2026-08-05,Banco de Bogota,-0.002063924463445871,3.908368886907318,5.273767445215527,1.6029037041517635,True
2026-08-06,Banco de Bogota,0.004637954975450976,3.8634872817534,5.273767445215527,1.5092853524171437,True
2026-08-07,Banco de Bogota,0.0,3.823451339325615,5.273767445215527,1.4316346070847012,True
2026-08-10,Banco de Bogota,0.0025674218860935526,3.779626835366998,5.273767445215527,1.3457365306596192,True
2026-08-11,Banco de Bogota,0.002560746755580587,3.7381262231520833,5.273767445215527,1.2689473319047573,True
2026-08-12,Banco de Bogota,0.0071356000018103875,3.6973518764206155,5.273767445215527,1.1967449463582018,True
2026-08-13,Banco de Bogota,-0.00815911194769349,3.6658219142159916,5.273767445215527,1.1554903220082113,True
2026-08-14,Banco de Bogota,-0.019126925631260894,3.635323032483052,5.273767445215527,1.1261035673527153,True
2026-08-18,Banco de Bogota,0.013478605430970193,3.6565999478461007,5.273767445215527,1.2780409237738235,True
2026-08-19,Banco de Bogota,0.001543663504499481,3.6498452222294557,5.273767445215527,1.3103621509656618,True
2026-08-20,Banco de Bogota,-0.007223966937808833,3.609740733602305,5.273767445215527,1.2331701601167961,True
2026-08-21,Banco de Bogota,0.00979138882390245,3.577831054271339,5.273767445215527,1.1904913695009216,True
2026-08-24,Banco de Bogota,0.022814614223447202,3.556754482474229,5.273767445215527,1.1765846643913713,True
2026-08-25,Banco de Bogota,-0.000501364302711653,3.6130350069159936,5.273767445215527,1.418293557826721,True
2026-08-26,Banco de Bogota,0.0074778898559587845,3.572897831449062,5.273767445215527,1.3333467640555379,True
2026-08-27,Banco de Bogota,0.0,3.54450212661836,5.273767445215527,1.2868972602309163,True
2026-08-28,Banco de Bogota,-0.01663764115302325,3.505606646415952,5.273767445215527,1.2096834246170614,True
2026-08-31,Banco de Bogota,0.0005082592231396135,3.5138174554998214,5.273767445215527,1.3031890810221014,True
2026-09-01,Banco de Bogota,-0.0010167769050868354,3.4755859899199657,5.273767445215527,1.2251527326235192,True
2026-09-02,Banco de Bogota,-0.002036660581803459,3.4379385531428794,5.273767445215527,1.1522638698309386,True
2026-09-03,Banco de Bogota,-0.009731190747868271,3.4013537683892237,5.273767445215527,1.0856168294363655,True
2026-09-04,Banco de Bogota,0.0,3.3802621008109885,5.273767445215527,1.0772974636930217,True
2026-09-08,Banco de Bogota,0.01278462823475872,3.3442687366642896,5.273767445215527,1.0126596158714403,True
2026-09-09,Banco de Bogota,-0.007139245009470652,3.339708346182835,5.273767445215527,1.0499680703797478,True
2026-09-10,Banco de Bogota,-0.0030753484002476487,3.31236780543932,5.273767445215527,1.017551277740114,True
2026-09-11,Banco de Bogota,0.0005132153050804507,3.278784423912129,5.273767445215527,0.9621728617454505,True
2026-09-14,Banco de Bogota,-0.015512203499860933,3.2447076218539044,5.273767445215527,0.9046005240103447,True
2025-01-02,Ecopetrol,0.06919186093505915,3.6973355767667138,5.71870165212589,2.668961910307173,True
2025-01-03,Ecopetrol,-0.0027893823226642816,6.763185804423486,5.71870165212589,5.381332367482684,True
2025-01-07,Ecopetrol,0.03026367816546214,6.33152906855804,5.71870165212589,5.063120817678918,True
2025-01-08,Ecopetrol,-0.0027136865342875997,6.535549516542693,5.71870165212589,5.308867698279785,True
2025-01-09,Ecopetrol,-0.0136801628748822,6.124412530521241,5.71870165212589,4.994754093146822,True
2025-01-10,Ecopetrol,0.01639384940916984,5.882524265854259,5.71870165212589,4.807356961327995,True
2025-01-13,Ecopetrol,0.002706342364959905,5.69540272225662,5.71870165212589,4.6801705227186385,True
2025-01-14,Ecopetrol,-0.005420028899247455,5.357045718480826,5.71870165212589,4.4037548647533455,True
2025-01-15,Ecopetrol,0.0027136865342876734,5.071086296847911,5.71870165212589,4.157155600829351,True
2025-01-16,Ecopetrol,0.013459134553735928,4.789971224753723,5.71870165212589,3.912144721543414,True
2025-01-17,Ecopetrol,-0.01889396953045276,4.645278376540853,5.71870165212589,3.7861050200121498,True
2025-01-20,Ecopetrol,-0.008207922089761115,4.65926165239315,5.71870165212589,3.7731279695820272,True
2025-01-21,Ecopetrol,0.0,4.465423990345339,5.71870165212589,3.5871622824260583,True
2025-01-22,Ecopetrol,-0.03352269203864356,4.236878237043741,5.71870165212589,3.3719325454804947,True
2025-01-23,Ecopetrol,0.00848655357759707,4.824559763341138,5.71870165212589,3.843879121662307,True
2025-01-24,Ecopetrol,-0.008486553577597106,4.605836607715451,5.71870165212589,3.656459329337824,True
2025-01-27,Ecopetrol,0.01969115326232346,4.420295640759204,5.71870165212589,3.4802847245528103,True
2025-01-28,Ecopetrol,0.016575005172846487,4.446095954557183,5.71870165212589,3.504112551159829,True
2025-01-29,Ecopetrol,0.03234783448777571,4.394575717095367,5.71870165212589,3.458704275978172,True
2025-01-30,Ecopetrol,0.07164188096705948,4.8638458178157045,5.71870165212589,3.879011457048601,True
2025-01-31,Ecopetrol,-0.03262520969763983,8.05710520108692,5.71870165212589,6.725806234724679,True
2025-02-03,Ecopetrol,0.022699640898650113,8.253315026654013,5.71870165212589,6.960900445330182,True
2025-02-04,Ecopetrol,0.022195644202084943,8.012788918552154,5.71870165212589,6.852410636766972,True
2025-02-05,Ecopetrol,-0.03222086217747543,7.779207188763197,5.71870165212589,6.736853971488282,True
2025-02-06,Ecopetrol,0.007528355748925697,7.982623694294444,5.71870165212589,6.955553108874906,True
2025-02-07,Ecopetrol,0.0,7.46469106875753,5.71870165212589,6.57222560651184,True
2025-02-10,Ecopetrol,0.009950259498502334,6.961254013566637,5.71870165212589,6.177892070121129,True
2025-02-11,Ecopetrol,0.0049382464904990635,6.5640387697822895,5.71870165212589,5.866623144366383,True
2025-02-12,Ecopetrol,-0.019901155023829296,6.156022223800342,5.71870165212589,5.529257522744956,True
2025-02-13,Ecopetrol,0.051418967524071574,6.059071127474779,5.71870165212589,5.43513565414975,True
2025-02-14,Ecopetrol,0.014218215183191548,7.45469870526378,5.71870165212589,6.695373647645683,True
2025-02-17,Ecopetrol,0.04822983188258981,7.0795716559852035,5.71870165212589,6.414945814584265,True
2025-02-18,Ecopetrol,0.0,8.166573137437974,5.71870165212589,7.425719075762936,True
2025-02-20,Ecopetrol,0.0022395627068558244,7.598806607549396,5.71870165212589,6.980175931217159,True
2025-02-21,Ecopetrol,-0.041101644429301476,7.084777996058022,5.71870165212589,6.564374760014893,True
2025-02-24,Ecopetrol,0.0,7.804500758814629,5.71870165212589,7.184119379289637,True
2025-02-25,Ecopetrol,-0.009367750160144055,7.26991918542903,5.71870165212589,6.753072216532258,True
2025-02-26,Ecopetrol,-0.016607753751316824,6.851660450406452,5.71870165212589,6.40054072937805,True
2025-02-27,Ecopetrol,-0.019324273492568496,6.606087724330135,5.71870165212589,6.181998776413994,True
2025-02-28,Ecopetrol,0.004866224458328853,6.45194891164712,5.71870165212589,6.035135377438506,True
2025-03-03,Ecopetrol,-0.049761509559063825,6.053778031973555,5.71870165212589,5.687235339079497,True
2025-03-04,Ecopetrol,-0.03901667126941968,7.4133853697299825,5.71870165212589,6.831725918892809,True
2025-03-05,Ecopetrol,0.02359216397245657,7.987017561118644,5.71870165212589,7.335202745926815,True
2025-03-06,Ecopetrol,0.03562728596914835,7.798493044411269,5.71870165212589,7.229044701713173,True
2025-03-07,Ecopetrol,0.029558730886878604,8.105858992531125,5.71870165212589,7.556884122926868,True
2025-03-10,Ecopetrol,-0.017136299861424037,8.118931815620527,5.71870165212589,7.627702218537003,True
2025-03-11,Ecopetrol,-0.022472838233621846,7.769829226597883,5.71870165212589,7.346231749189167,True
2025-03-12,Ecopetrol,0.017522368398075253,7.601561299586515,5.71870165212589,7.208474919202539,True
2025-03-13,Ecopetrol,-0.0024844555337003955,7.282215035080764,5.71870165212589,6.960186460617106,True
2025-03-14,Ecopetrol,0.03423313614240782,6.80165088523651,5.71870165212589,6.546278784559441,True
2025-03-17,Ecopetrol,0.01904819497069441,7.134781646017908,5.71870165212589,6.856646623572651,True
2025-03-18,Ecopetrol,-0.004728175013324906,6.8952372911556,5.71870165212589,6.662948065143244,True
2025-03-19,Ecopetrol,0.009434032550892726,6.46295618680486,5.71870165212589,6.276584564608626,True
2025-03-20,Ecopetrol,-0.01418460149211151,6.10496024461902,5.71870165212589,5.95339007283489,True
2025-03-21,Ecopetrol,0.0,5.874868049126782,5.71870165212589,5.716908420158803,True
2025-03-24,Ecopetrol,0.0,5.517142765583524,5.71870165212589,5.373893914949274,True
2025-03-25,Ecopetrol,0.009478743954543739,5.192204014996839,5.71870165212589,5.051460280052318,True
2025-03-26,Ecopetrol,0.01405172026743205,4.951220409162758,5.71870165212589,4.802280615422657,True
2025-03-27,Ecopetrol,0.011560806379177132,4.80245078043721,5.71870165212589,4.632614283981794,True
2025-03-28,Ecopetrol,-0.01622278629676997,4.62556732604528,5.71870165212589,4.43484877342498,True
2025-03-31,Ecopetrol,0.020448670618138647,4.575071910140317,5.71870165212589,4.3266651241578815,True
2025-04-01,Ecopetrol,0.004807667097847538,4.606916754907799,5.71870165212589,4.3179540947378845,True
2025-04-02,Ecopetrol,-0.002400944343840851,4.377505791001065,5.71870165212589,4.072745046807847,True
2025-04-03,Ecopetrol,-0.03922069751014317,4.162822512369933,5.71870165212589,3.8318390642447087,True
2025-04-04,Ecopetrol,-0.0356272682598824,5.045463831213248,5.71870165212589,4.524886588299317,True
2025-04-07,Ecopetrol,0.005168003470755776,5.660296165147695,5.71870165212589,5.014974739198332,True
2025-04-08,Ecopetrol,-0.06936114015258549,5.336522007606291,5.71870165212589,4.730101210770679,True
2025-04-09,Ecopetrol,0.05899835675680129,8.375419977798327,5.71870165212589,7.332875796084404,True
2025-04-10,Ecopetrol,-0.07290676309423835,10.125823389870273,5.71870165212589,8.981386908321022,True
2025-04-11,Ecopetrol,0.04919019072073997,13.073845527477129,5.71870165212589,11.631741356749401,True
2025-04-14,Ecopetrol,0.023716572373498362,13.67476186167926,5.71870165212589,12.385641793230102,True
2025-04-15,Ecopetrol,0.0,12.968872531923276,5.71870165212589,11.979988768724727,True
2025-04-16,Ecopetrol,-0.00784319247289647,11.960961694075603,5.71870165212589,11.261189442601243,True
2025-04-17,Ecopetrol,0.0,11.093612443105114,5.71870165212589,10.622427476945306,True
2025-04-18,Ecopetrol,0.0,10.257574490772244,5.71870165212589,9.985081828328587,True
2025-04-21,Ecopetrol,0.010443955648926388,9.498161778918895,5.71870165212589,9.385976918628872,True
2025-04-22,Ecopetrol,0.005181392045153243,8.874942653274514,5.71870165212589,8.888264029269184,True
2025-04-23,Ecopetrol,0.0065430551797085535,8.256621562008968,5.71870165212589,8.371076281628378,True
2025-04-24,Ecopetrol,0.0,7.704847061362165,5.71870165212589,7.894498647381501,True
2025-04-25,Ecopetrol,-0.005449603626465011,7.179399030910425,5.71870165212589,7.42082872853861,True
2025-04-28,Ecopetrol,-0.0248975463285591,6.726658744263593,5.71870165212589,6.993397912637641,True
2025-04-29,Ecopetrol,-0.019802622991069715,6.73450990301237,5.71870165212589,6.94572672578903,True
2025-04-30,Ecopetrol,-0.014388734270061772,6.581784290337414,5.71870165212589,6.764269448637554,True
2025-05-01,Ecopetrol,0.0,6.312140925032751,5.71870165212589,6.482634686055971,True
2025-05-02,Ecopetrol,0.005780361631680215,5.914338346938485,5.71870165212589,6.093676604892613,True
2025-05-05,Ecopetrol,-0.023324667340241915,5.571396396408491,5.71870165212589,5.748103556954856,True
2025-05-06,Ecopetrol,0.017544305708561837,5.631987779763828,5.71870165212589,5.729641407457334,True
2025-05-07,Ecopetrol,-0.02049851693532762,5.493668159365563,5.71870165212589,5.570544520687179,True
2025-05-08,Ecopetrol,0.017595757924873855,5.474407666673418,5.71870165212589,5.488425367374696,True
2025-05-09,Ecopetrol,0.0,5.351728675409786,5.71870165212589,5.344886263502671,True
2025-05-12,Ecopetrol,0.017291493280515515,5.041950593549796,5.71870165212589,5.0241930876925105,True
2025-05-13,Ecopetrol,0.03922070470864229,4.9518759550088784,5.71870165212589,4.902138946353028,True
2025-05-14,Ecopetrol,0.0,5.701492392655409,5.71870165212589,5.530968816277356,True
2025-05-15,Ecopetrol,-0.01104983384085198,5.359657477884697,5.71870165212589,5.199110687300714,True
2025-05-16,Ecopetrol,0.005540179196269006,5.141293466590725,5.71870165212589,4.960423342808934,True
2025-05-19,Ecopetrol,-0.002766252904850405,4.86752770982737,5.71870165212589,4.68121409355646,True
2025-05-20,Ecopetrol,-0.00834497014835041,4.6095075237965135,5.71870165212589,4.4049325410232285,True
2025-05-21,Ecopetrol,-0.00841519511130507,4.421889081200094,5.71870165212589,4.18241970462795,True
2025-05-22,Ecopetrol,0.002812940768557925,4.252326511982604,5.71870165212589,3.9739638276070726,True
2025-05-23,Ecopetrol,0.0,4.046551806993516,5.71870165212589,3.740273579411097,True
2025-05-26,Ecopetrol,-0.011299552800977095,3.8563968727808766,5.71870165212589,3.515857164646431,True
2025-05-27,Ecopetrol,0.011299552800977093,3.779825016965903,5.71870165212589,3.3815136708688867,True
2025-05-28,Ecopetrol,0.0,3.69278159932637,5.71870165212589,3.255230786717995,True
2025-05-29,Ecopetrol,0.008391655832403077,3.535050704191555,5.71870165212589,3.059916939514915,True
2025-05-30,Ecopetrol,-0.031119901947656882,3.433491607696691,5.71870165212589,2.9185738557097225,True
2025-06-04,Ecopetrol,-0.005649731315670203,3.986611936233553,5.71870165212589,3.3245284027062065,True
2025-06-05,Ecopetrol,0.008462672084228127,3.8281751858251507,5.71870165212589,3.1442083769073927,True
2025-06-06,Ecopetrol,0.03586590558366754,3.700514865242997,5.71870165212589,2.9985259655760537,True
2025-06-09,Ecopetrol,0.002706361034890756,4.39496653053228,5.71870165212589,3.5904323176434234,True
2025-06-10,Ecopetrol,0.024033194512144966,4.175798232724325,5.71870165212589,3.3794010126155225,True
2025-06-11,Ecopetrol,0.01830116070540127,4.350620984935957,5.71870165212589,3.5231936149337484,True
2025-06-12,Ecopetrol,-0.0025940346599467976,4.347729675171549,5.71870165212589,3.5127614879366775,True
2025-06-13,Ecopetrol,0.03069294036613991,4.13658518287473,5.71870165212589,3.30603320815068,True
2025-06-16,Ecopetrol,-0.02035693308792569,4.559359809643057,5.71870165212589,3.672905168653292,True
2025-06-17,Ecopetrol,0.010230266240147196,4.6216616772305805,5.71870165212589,3.701173693381865,True
2025-06-18,Ecopetrol,0.0025412969323846996,4.442528457514128,5.71870165212589,3.54189828018553,True
2025-06-19,Ecopetrol,0.012610569346813589,4.218535715708175,5.71870165212589,3.3332592974335267,True
2025-06-20,Ecopetrol,0.00250312957612852,4.111728574248595,5.71870165212589,3.2286796151379913,True
2025-06-24,Ecopetrol,-0.040822050553952244,3.917952306055288,5.71870165212589,3.038718232834645,True
2025-06-25,Ecopetrol,-0.010471297760765401,4.9120261293595195,5.71870165212589,3.8562590257222267,True
2025-06-26,Ecopetrol,-0.010582107179187084,4.725717240784545,5.71870165212589,3.6906723302556594,True
2025-06-27,Ecopetrol,-0.03243526901541,4.5581669654978665,5.71870165212589,3.5364205858514013,True
2025-06-30,Ecopetrol,0.0,5.066457297400658,5.71870165212589,3.9554633563615273,True
2025-07-01,Ecopetrol,-0.013831476208127923,4.782825143343201,5.71870165212589,3.7181355549798356,True
2025-07-02,Ecopetrol,0.0328796671955021,4.6668641745043224,5.71870165212589,3.6098332621386504,True
2025-07-03,Ecopetrol,-0.019048190987374262,5.134515641973948,5.71870165212589,4.041886775342518,True
2025-07-04,Ecopetrol,0.008207978692085905,5.107784244728661,5.71870165212589,4.017073716756859,True
2025-07-07,Ecopetrol,-0.019257812532937894,4.860134487965186,5.71870165212589,3.8164718422772888,True
2025-07-08,Ecopetrol,0.024692607383988433,4.864210326997176,5.71870165212589,3.8100015378729193,True
2025-07-09,Ecopetrol,-0.021918681092569847,4.997424426811579,5.71870165212589,3.9472363612524246,True
2025-07-10,Ecopetrol,0.0027662529048502705,5.065985215599685,5.71870165212589,3.9986593280799467,True
2025-07-11,Ecopetrol,0.005509654644583103,4.785494197693741,5.71870165212589,3.7633310614753053,True
2025-07-14,Ecopetrol,-0.013831476208127923,4.5441311617362805,5.71870165212589,3.5557449743683325,True
2025-07-15,Ecopetrol,0.0,4.4500471707195315,5.71870165212589,3.4571861163638373,True
2025-07-16,Ecopetrol,0.0,4.222910746382425,5.71870165212589,3.249754949382007,True
2025-07-17,Ecopetrol,-0.0027894014896559594,4.016592017088857,5.71870165212589,3.0547696524190866,True
2025-07-18,Ecopetrol,-0.00841519511130507,3.8366684501173753,5.71870165212589,2.8761519296762383,True
2025-07-21,Ecopetrol,0.011204596600960928,3.7207430052255956,5.71870165212589,2.7460721191524633,True
2025-07-22,Ecopetrol,-0.008391655832403134,3.637725173961297,5.71870165212589,2.6566335829974745,True
2025-07-23,Ecopetrol,0.011173298199679091,3.5397443817753955,5.71870165212589,2.5394875005833293,True
2025-07-24,Ecopetrol,-0.025317802510912833,3.472860317033149,5.71870165212589,2.4620238061437005,True
2025-07-25,Ecopetrol,0.005681832227005593,3.7937039251798033,5.71870165212589,2.698897052164029,True
2025-07-28,Ecopetrol,0.01685432791663124,3.6444271981113725,5.71870165212589,2.556333159507691,True
2025-07-29,Ecopetrol,0.005555568658694602,3.6725585287736586,5.71870165212589,2.5733941916500305,True
2025-07-30,Ecopetrol,-0.01676016525965559,3.533511470009061,5.71870165212589,2.4375091460239102,True
2025-07-31,Ecopetrol,-0.011331563542675826,3.595656080260401,5.71870165212589,2.4598004809810554,True
2025-08-01,Ecopetrol,-0.020144561637393123,3.543502581131387,5.71870165212589,2.389255051515212,True
2025-08-04,Ecopetrol,0.0,3.69285776006301,5.71870165212589,2.4893817665619378,True
2025-08-05,Ecopetrol,0.008683120642133753,3.5351198845814964,5.71870165212589,2.3400188605682213,True
2025-08-06,Ecopetrol,0.008608372638381644,3.43673594275935,5.71870165212589,2.2448556793856373,True
2025-08-07,Ecopetrol,0.0,3.3465421625062617,5.71870165212589,2.154626786311242,True
2025-08-08,Ecopetrol,-0.00573067344714239,3.22054509002364,5.71870165212589,2.0253491791325673,True
2025-08-11,Ecopetrol,-0.008658060822919337,3.133013797147674,5.71870165212589,1.9235325992792829,True
2025-08-12,Ecopetrol,0.0,3.0846069570156276,5.71870165212589,1.8530978536505482,True
2025-08-13,Ecopetrol,0.017241802626939425,2.9826169861900143,5.71870165212589,1.7419119824315152,True
2025-08-14,Ecopetrol,0.008510687812526525,3.0801497805529285,5.71870165212589,1.8157651181814254,True
2025-08-15,Ecopetrol,0.01680711469838628,3.021568885618196,5.71870165212589,1.7502782953159124,True
2025-08-19,Ecopetrol,0.0027739262914184977,3.1057354633306136,5.71870165212589,1.814749060287785,True
2025-08-20,Ecopetrol,0.0,3.0049300390458127,5.71870165212589,1.7104809169126514,True
2025-08-21,Ecopetrol,0.0,2.910242682871924,5.71870165212589,1.6078520618978922,True
2025-08-22,Ecopetrol,0.024625042127460653,2.8242336904217744,5.71870165212589,1.5113809381840186,True
2025-08-25,Ecopetrol,0.0,3.1421884951989814,5.71870165212589,1.784533701760505,True
2025-08-26,Ecopetrol,-0.005420066340575758,3.0349210137075326,5.71870165212589,1.6774616796548745,True
2025-08-27,Ecopetrol,0.005420066340575743,2.9617911890507704,5.71870165212589,1.5944402503573274,True
2025-08-28,Ecopetrol,0.016086134437382785,2.8869746731627646,5.71870165212589,1.516400106817633,True
2025-08-29,Ecopetrol,0.005305051148326872,2.9677995376112696,5.71870165212589,1.5806743330911064,True
2025-09-01,Ecopetrol,-0.0026490076323279154,2.8916768574669436,5.71870165212589,1.5027200137174586,True
2025-09-02,Ecopetrol,0.0,2.8142235839256178,5.71870165212589,1.41676715775609,True
2025-09-03,Ecopetrol,-0.043367220080842254,2.737015013187015,5.71870165212589,1.3317611282907247,True
2025-09-04,Ecopetrol,0.005524874759130238,3.9879887827484346,5.71870165212589,2.380284927117407,True
2025-09-05,Ecopetrol,-0.008298801050548744,3.8198225693030823,5.71870165212589,2.255782376152807,True
2025-09-08,Ecopetrol,0.005540179196269006,3.704019185315981,5.71870165212589,2.161757492909592,True
2025-09-09,Ecopetrol,0.005509654644583103,3.561983677317526,5.71870165212589,2.050468194651079,True
2025-09-10,Ecopetrol,0.01364277354313639,3.432758837468802,5.71870165212589,1.94565387955356,True
2025-09-11,Ecopetrol,-0.019152428187719447,3.4157234667655763,5.71870165212589,1.9405898087499278,True
2025-09-12,Ecopetrol,-0.011111223053200774,3.549330936971709,5.71870165212589,2.0442437235163826,True
2025-09-15,Ecopetrol,0.011111223053200907,3.497867345685684,5.71870165212589,1.9956646667481879,True
2025-09-16,Ecopetrol,0.0027586218542797695,3.433922448322447,5.71870165212589,1.9500003533860866,True
2025-09-17,Ecopetrol,-0.005524874759130217,3.3029916367228,5.71870165212589,1.8375663289038673,True
2025-09-18,Ecopetrol,-0.02524677729207475,3.2061588171670845,5.71870165212589,1.7456268938320796,True
2025-09-19,Ecopetrol,-0.0171923967545964,3.54893274813987,5.71870165212589,2.0233291383835277,True
2025-09-22,Ecopetrol,0.005763703440319728,3.620045262377172,5.71870165212589,2.07927649378099,True
2025-09-23,Ecopetrol,0.042200345365481534,3.4872629958472667,5.71870165212589,1.9744520705629027,True
2025-09-24,Ecopetrol,0.027175579703426954,4.534897837106895,5.71870165212589,2.9245064357086807,True
2025-09-25,Ecopetrol,-0.0026845648168463657,4.78454093159812,5.71870165212589,3.192143328896547,True
2025-09-26,Ecopetrol,-0.008097208553140903,4.533758668271395,5.71870165212589,3.0049388621162634,True
2025-09-29,Ecopetrol,-0.02469260738398846,4.350102182862265,5.71870165212589,2.8639814022011225,True
2025-09-30,Ecopetrol,0.04614114637226076,4.568655272334292,5.71870165212589,3.0579774337209362,True
2025-10-01,Ecopetrol,-0.05450939424898161,5.752462783903798,5.71870165212589,4.151902020825516,True
2025-10-02,Ecopetrol,-0.014104603123935452,7.482284792318535,5.71870165212589,5.685552336410532,True
2025-10-03,Ecopetrol,0.008486612032419308,7.124345680787721,5.71870165212589,5.463783093796137,True
2025-10-06,Ecopetrol,0.008415195111305195,6.694841281994362,5.71870165212589,5.179169658441651,True
2025-10-07,Ecopetrol,-0.016901807143724346,6.30393107760695,5.71870165212589,4.910908784191953,True
2025-10-08,Ecopetrol,0.0,6.115532670709139,5.71870165212589,4.787656907974626,True
2025-10-09,Ecopetrol,-0.0028449515102566144,5.735749794622142,5.71870165212589,4.500397493496148,True
2025-10-10,Ecopetrol,-0.01434744524433976,5.398517823361868,5.71870165212589,4.2352298933438055,True
2025-10-14,Ecopetrol,-0.0028943573825996266,5.2364799452190045,5.71870165212589,4.104625610766774,True
2025-10-15,Ecopetrol,0.008658060822919233,4.945239824818723,5.71870165212589,3.8633744569156923,True
2025-10-16,Ecopetrol,-0.008658060822919337,4.71733629444532,5.71870165212589,3.676549199828772,True
2025-10-17,Ecopetrol,0.008658060822919233,4.523721821078687,5.71870165212589,3.5009334581670677,True
2025-10-20,Ecopetrol,-0.017391738837791066,4.334451606708345,5.71870165212589,3.335854661005065,True
2025-10-21,Ecopetrol,-0.014727803376466963,4.3384430742010505,5.71870165212589,3.317186929225919,True
2025-10-22,Ecopetrol,0.02055872238088503,4.281429433808665,5.71870165212589,3.248300628849887,True
2025-10-23,Ecopetrol,0.0314761251800689,4.343191841206676,5.71870165212589,3.3069992306794758,True
2025-10-24,Ecopetrol,-0.0028208757301492597,4.77975750549834,5.71870165212589,3.703027150649528,True
2025-10-27,Ecopetrol,0.0056338164987072194,4.530032910043608,5.71870165212589,3.4856199255415232,True
2025-10-28,Ecopetrol,0.013947224491097712,4.312934745974444,5.71870165212589,3.295526663013695,True
2025-10-29,Ecopetrol,0.0027662529048502705,4.220743679501354,5.71870165212589,3.2145101058359185,True
2025-10-30,Ecopetrol,-0.005540179196268909,4.0177214365309135,5.71870165212589,3.026230792565919,True
2025-10-31,Ecopetrol,-0.011173298199679143,3.8555093893305425,5.71870165212589,2.8630730963280264,True
2025-11-04,Ecopetrol,0.011173298199679091,3.776978739791082,5.71870165212589,2.766194266143717,True
2025-11-05,Ecopetrol,0.016529298451838342,3.6883514758528753,5.71870165212589,2.675128165770465,True
2025-11-06,Ecopetrol,0.0,3.7052801680274388,5.71870165212589,2.6785511002102043,True
2025-11-07,Ecopetrol,0.018945082302137446,3.546403743757616,5.71870165212589,2.5178380341975917,True
2025-11-10,Ecopetrol,-0.0026845648168463657,3.6331421688935563,5.71870165212589,2.5821174382065935,True
2025-11-11,Ecopetrol,0.016000338067459357,3.4878888553398335,5.71870165212589,2.431514524867707,True
2025-11-12,Ecopetrol,-0.005305051148326919,3.511819989758141,5.71870165212589,2.439230144339438,True
2025-11-13,Ecopetrol,-0.0053333448824308665,3.394047522428438,5.71870165212589,2.3097624762908904,True
2025-11-14,Ecopetrol,0.04189093327957398,3.2872971966708144,5.71870165212589,2.1882434682944076,True
2025-11-18,Ecopetrol,0.015267469145309912,4.335686334341651,5.71870165212589,3.1098590348169752,True
2025-11-19,Ecopetrol,-0.01783486414402222,4.266793787146782,5.71870165212589,3.063124861189751,True
2025-11-20,Ecopetrol,-0.023408086219243805,4.288015738874352,5.71870165212589,3.0701867969398036,True
2025-11-21,Ecopetrol,-0.02127739409831972,4.468965996398108,5.71870165212589,3.2147386893919463,True
2025-11-24,Ecopetrol,-0.024491014886580575,4.566500952200582,5.71870165212589,3.293490867797556,True
2025-11-25,Ecopetrol,0.016393806333439617,4.758276596207414,5.71870165212589,3.455767301834529,True
2025-11-26,Ecopetrol,0.0,4.67419459442704,5.71870165212589,3.409675395383452,True
2025-11-27,Ecopetrol,0.010781773369987237,4.426514425399245,5.71870165212589,3.205094871660445,True
2025-11-28,Ecopetrol,0.008010722102286193,4.272773566549,5.71870165212589,3.082537161561878,True
2025-12-01,Ecopetrol,0.007947060074762084,4.099617342426217,5.71870165212589,2.936087933028199,True
2025-12-02,Ecopetrol,-0.0026420089264353303,3.941685152398511,5.71870165212589,2.797816115345633,True
2025-12-04,Ecopetrol,0.007905177906350619,3.767964884547198,5.71870165212589,2.6341352751253133,True
2025-12-05,Ecopetrol,0.0,3.6400074663621935,5.71870165212589,2.5135822612564267,True
2025-12-09,Ecopetrol,0.015625314776009484,3.487113469621996,5.71870165212589,2.362767325581041,True
2025-12-10,Ecopetrol,-0.020888483755924687,3.5032862667804623,5.71870165212589,2.3674915631558067,True
2025-12-11,Ecopetrol,-0.015957782177048366,3.677800886255335,5.71870165212589,2.487239321539376,True
2025-12-12,Ecopetrol,0.0,3.7081275705516896,5.71870165212589,2.490795449453087,True
2025-12-15,Ecopetrol,-0.010781773369987275,3.548990173795446,5.71870165212589,2.3413477224859016,True
2025-12-16,Ecopetrol,-0.02469260738398846,3.4923650552641607,5.71870165212589,2.2706148413378076,True
2025-12-17,Ecopetrol,0.008298801050548768,3.7895321759377874,5.71870165212589,2.5002128665094205,True
2025-12-18,Ecopetrol,-0.016667048927269487,3.663660004314184,5.71870165212589,2.3915221538448086,True
2025-12-19,Ecopetrol,-0.0112677224071865,3.7116731614393235,5.71870165212589,2.414705136580517,True
2025-12-22,Ecopetrol,0.0028288555855210174,3.647849241256296,5.71870165212589,2.345999769332934,True
2025-12-23,Ecopetrol,0.01680711469838628,3.497525738695459,5.71870165212589,2.2100412375271983,True
2025-12-24,Ecopetrol,0.0,3.538069526051106,5.71870165212589,2.246926225966394,True
2025-12-29,Ecopetrol,0.024692607383988433,3.3945184295566784,5.71870165212589,2.11211065240841,True
2025-12-30,Ecopetrol,0.013459150589842645,3.6624339442505605,5.71870165212589,2.3512189289157854,True
2025-12-31,Ecopetrol,0.0,3.621083356656909,5.71870165212589,2.3188350339408754,True
2026-01-02,Ecopetrol,0.026386749822383274,3.469923808039529,5.71870165212589,2.1797049319044226,True
2026-01-05,Ecopetrol,0.05077237887094168,3.7888597098414136,5.71870165212589,2.4666789757035836,True
2026-01-06,Ecopetrol,0.0,5.347823305748747,5.71870165212589,3.865378910890037,True
2026-01-07,Ecopetrol,-0.027605324172316172,5.038403162052453,5.71870165212589,3.6334561762366344,True
2026-01-08,Ecopetrol,0.015151866279198232,5.300410636038721,5.71870165212589,3.8726811592576347,True
2026-01-09,Ecopetrol,0.007490669812769292,5.140780397245954,5.71870165212589,3.7780677207477993,True
2026-01-13,Ecopetrol,0.02699549755344992,4.8829524151595605,5.71870165212589,3.585049738049291,True
2026-01-14,Ecopetrol,0.02864156895845944,5.0941562208463145,5.71870165212589,3.807200886661326,True
2026-01-15,Ecopetrol,0.018648495465846335,5.347426414386048,5.71870165212589,4.070972516902959,True
2026-01-16,Ecopetrol,0.045154389645049996,5.26169239341274,5.71870165212589,4.035373995772597,True
2026-01-19,Ecopetrol,0.0022051286062582357,6.321071268195132,5.71870165212589,5.016602898556441,True
2026-01-20,Ecopetrol,0.019629906982740197,5.924072581664769,5.71870165212589,4.718524279945137,True
2026-01-21,Ecopetrol,0.012875710821142717,5.81044618081324,5.71870165212589,4.666612772039048,True
2026-01-22,Ecopetrol,-0.06382808175199349,5.562156937426323,5.71870165212589,4.486086363206519,True
2026-01-23,Ecopetrol,0.0335226280641055,8.07157881163,5.71870165212589,6.661335593497629,True
2026-01-26,Ecopetrol,0.03243532486382106,8.255909467946339,5.71870165212589,6.935915413282383,True
2026-01-27,Ecopetrol,0.002125453234607539,8.375089974985043,5.71870165212589,7.150990667898405,True
2026-01-28,Ecopetrol,-0.006389851089426467,7.7896601158692755,5.71870165212589,6.724641758696002,True
2026-01-29,Ecopetrol,-0.008583741804020124,7.28933635311264,5.71870165212589,6.345661371341269,True
2026-01-30,Ecopetrol,-0.008658060822919337,6.859056045300887,5.71870165212589,6.0091300630756415,True
2026-02-02,Ecopetrol,-0.028667945696754585,6.469146905536496,5.71870165212589,5.693559469619125,True
2026-02-03,Ecopetrol,0.011123639988192846,6.641782380760123,5.71870165212589,5.84505656772522,True
2026-02-04,Ecopetrol,-0.01560795166286764,6.2898681893200985,5.71870165212589,5.568594393613861,True
2026-02-05,Ecopetrol,-0.02502968466727698,6.072960952307083,5.71870165212589,5.380643623063276,True
2026-02-06,Ecopetrol,0.03174869093687167,6.14534415609927,5.71870165212589,5.433696074405471,True
2026-02-09,Ecopetrol,0.004454349332895874,6.428324238408831,5.71870165212589,5.712461935664142,True
2026-02-10,Ecopetrol,-0.01567786694396488,6.030009248233514,5.71870165212589,5.381618956311975,True
2026-02-11,Ecopetrol,0.006749238241748612,5.838470396432029,5.71870165212589,5.206199126080857,True
2026-02-12,Ecopetrol,-0.020385810809585746,5.510042970515944,5.71870165212589,4.921158508622334,True
2026-02-13,Ecopetrol,0.0022857733620330707,5.486039863947607,5.71870165212589,4.875237767523527,True
2026-02-16,Ecopetrol,0.020339622221953225,5.165759694555426,5.71870165212589,4.585858357389663,True
2026-02-17,Ecopetrol,-0.02721255878238893,5.140505683613161,5.71870165212589,4.558926995225347,True
2026-02-18,Ecopetrol,0.018223735766239934,5.37811131705252,5.71870165212589,4.7297053888028096,True
2026-02-19,Ecopetrol,0.044157387197586405,5.279171519955048,5.71870165212589,4.64518579264128,True
2026-02-20,Ecopetrol,-0.0021622178503385736,6.276760132931023,5.71870165212589,5.536399551553345,True
2026-02-23,Ecopetrol,0.008620741140229862,5.8870743049855925,5.71870165212589,5.207020690079537,True
2026-02-24,Ecopetrol,-0.012959141774574095,5.572436406336324,5.71870165212589,4.939189755358876,True
2026-02-25,Ecopetrol,0.01295914177457405,5.367430796307631,5.71870165212589,4.7436019833574505,True
2026-02-26,Ecopetrol,-0.03493804354351269,5.161156208393585,5.71870165212589,4.559749477676109,True
2026-02-27,Ecopetrol,-0.00445434933289598,5.731555699066844,5.71870165212589,5.018564641004577,True
2026-03-02,Ecopetrol,0.017699573086962902,5.403996011630959,5.71870165212589,4.729355499331985,True
2026-03-03,Ecopetrol,-0.028923090698031867,5.290198620363449,5.71870165212589,4.633559101848511,True
2026-03-04,Ecopetrol,0.0,5.581145097283594,5.71870165212589,4.8574726610535475,True
2026-03-05,Ecopetrol,0.06763759434594262,5.250340352163905,5.71870165212589,4.5660243013903345,True
2026-03-06,Ecopetrol,0.022941617154989994,8.029462002069543,5.71870165212589,7.036969344650689,True
2026-03-09,Ecopetrol,-0.014538208167512152,7.8168262144947445,5.71870165212589,6.930541862583326,True
2026-03-12,Ecopetrol,0.027615161451406606,7.437063548505888,5.71870165212589,6.641525048861476,True
2026-03-13,Ecopetrol,-0.0058536239531642295,7.436863432312307,5.71870165212589,6.700591831122139,True
2026-03-16,Ecopetrol,0.023211868110397296,6.963964879594679,5.71870165212589,6.319115269285845,True
2026-03-17,Ecopetrol,0.03936772625043747,6.857314835027799,5.71870165212589,6.263242845833381,True
2026-03-18,Ecopetrol,-0.007380105902447938,7.440088670298302,5.71870165212589,6.817338997161009,True
2026-03-19,Ecopetrol,-0.00930234300974642,6.981905569974506,5.71870165212589,6.4409782352101566,True
2026-03-24,Ecopetrol,0.0037313467212518117,6.5891574693266595,5.71870165212589,6.1064396923801345,True
2026-03-25,Ecopetrol,0.022100341787448602,6.172609522949205,5.71870165212589,5.748407079849844,True
2026-03-26,Ecopetrol,-0.016529345498953973,6.104869127424408,5.71870165212589,5.696557719332081,True
2026-03-27,Ecopetrol,0.02378890382429726,5.9259025046691995,5.71870165212589,5.5186958137464295,True
2026-03-30,Ecopetrol,-0.0018100012303860196,5.932514442912353,5.71870165212589,5.527121232018643,True
2026-03-31,Ecopetrol,0.014388734800401292,5.573149306909647,5.71870165212589,5.197459620769923,True
2026-04-01,Ecopetrol,-0.058840488934013405,5.373679135315461,5.71870165212589,5.0098334570174945,True
2026-04-02,Ecopetrol,0.0,7.47766114938647,5.71870165212589,6.786565332392699,True
2026-04-03,Ecopetrol,0.0,6.973035349660167,5.71870165212589,6.379371412449136,True
2026-04-06,Ecopetrol,0.035352558804090654,6.5146599302524875,5.71870165212589,5.996609127702188,True
2026-04-07,Ecopetrol,-0.016590285955558424,6.926555601181599,5.71870165212589,6.386694628438069,True
2026-04-08,Ecopetrol,-0.04175178656029836,6.673708005514463,5.71870165212589,6.168635503584104,True
2026-04-09,Ecopetrol,-0.009737123206919688,7.468486818883162,5.71870165212589,6.8444443819550855,True
2026-04-10,Ecopetrol,0.0,7.037145783576151,5.71870165212589,6.49066466004582,True
2026-04-13,Ecopetrol,0.0,6.572894461761948,5.71870165212589,6.101224780443071,True
2026-04-14,Ecopetrol,0.0,6.151193085291355,5.71870165212589,5.735151293616487,True
2026-04-15,Ecopetrol,-0.0751623029848423,5.768141831452681,5.71870165212589,5.391042215999497,True
2026-04-16,Ecopetrol,0.041328186741276994,9.345944151739925,5.71870165212589,8.45720275703067,True
2026-04-17,Ecopetrol,-0.014271338525682893,9.807415858512249,5.71870165212589,8.974582003201949,True
2026-04-20,Ecopetrol,0.0,9.239739997613624,5.71870165212589,8.558309744998617,True
2026-04-21,Ecopetrol,0.03827248570635983,8.573614692855852,5.71870165212589,8.0448111602987,True
2026-04-22,Ecopetrol,0.007874054842722905,8.941717388276276,5.71870165212589,8.440992387966888,True
2026-04-23,Ecopetrol,0.011696037427085068,8.339258814253746,5.71870165212589,7.971733288488599,True
2026-04-24,Ecopetrol,-0.0016280019875715987,7.840265363562334,5.71870165212589,7.5755076660767475,True
2026-04-27,Ecopetrol,-0.03523680609944408,7.305480249445435,5.71870165212589,7.1225674403950645,True
2026-04-28,Ecopetrol,0.012578782206860185,7.693930723430476,5.71870165212589,7.440192896425253,True
2026-04-29,Ecopetrol,0.0408219945202552,7.268070250443055,5.71870165212589,7.088716779724311,True
2026-04-30,Ecopetrol,0.03922071315328133,7.891908331132998,5.71870165212589,7.663254914907901,True
2026-05-04,Ecopetrol,0.007662872745569097,8.372062941669322,5.71870165212589,8.126418224164611,True
2026-05-05,Ecopetrol,0.0,7.81973197685095,5.71870165212589,7.674064901943606,True
2026-05-06,Ecopetrol,-0.05693392175235181,7.283754419297919,5.71870165212589,7.213621007826989,True
2026-05-07,Ecopetrol,-0.01834913866819654,9.060083538764975,5.71870165212589,8.725686615019121,True
2026-05-08,Ecopetrol,-0.033475929196389455,8.655124385655984,5.71870165212589,8.404159952036798,True
2026-05-11,Ecopetrol,0.02521141934649607,8.835680086151275,5.71870165212589,8.572293056251597,True
2026-05-12,Ecopetrol,0.022565059992089725,8.622221175000178,5.71870165212589,8.439324872155426,True
2026-05-13,Ecopetrol,0.028001829548493135,8.343817488431144,5.71870165212589,8.238474539294065,True
2026-05-14,Ecopetrol,-0.019920977494554428,8.27493417224277,5.71870165212589,8.214627541774139,True
2026-05-15,Ecopetrol,-0.0020140993717012562,7.984334557003001,5.71870165212589,7.959857095870817,True
2026-05-19,Ecopetrol,0.06252035698133393,7.437606590238882,5.71870165212589,7.48469962788602,True
2026-05-20,Ecopetrol,-0.036648267155738753,9.564240091174682,5.71870165212589,9.380894672456918,True
2026-05-21,Ecopetrol,0.011718884113213479,9.816223050810233,5.71870165212589,9.623898283420543,True
2026-05-22,Ecopetrol,-0.011718884113213375,9.18221020433374,5.71870165212589,9.128863733330665,True
2026-05-25,Ecopetrol,-0.003937012959339532,8.624445061573534,5.71870165212589,8.66353125624618,True
2026-05-26,Ecopetrol,0.07410797215372183,8.02837155126031,5.71870165212589,8.153019423496614,True
2026-05-27,Ecopetrol,-0.0055096558109695845,11.175753230367324,5.71870165212589,10.959033180128907,True
2026-05-28,Ecopetrol,-0.007393749024938265,10.357232820855804,5.71870165212589,10.319704973614384,True
2026-06-01,Ecopetrol,0.06291382541056918,9.631833765139087,5.71870165212589,9.733323189983786,True
2026-06-02,Ecopetrol,0.0,11.590843805627404,5.71870165212589,11.524213455259709,True
2026-06-03,Ecopetrol,-0.02469261259037152,10.70923319403796,5.71870165212589,10.832760647944125,True
2026-06-04,Ecopetrol,0.0,10.34495413925019,5.71870165212589,10.548630078990383,True
2026-06-05,Ecopetrol,-0.06644509940815274,9.57753283573069,5.71870165212589,9.915712274250959,True
2026-06-08,Ecopetrol,0.0,11.954359308156242,5.71870165212589,11.969740279011482,True
2026-06-09,Ecopetrol,0.07886761940670986,11.039431473680468,5.71870165212589,11.251555862270793,True
2026-06-10,Ecopetrol,0.0174829627803476,14.405623723977673,5.71870165212589,14.308523345063533,True
2026-06-11,Ecopetrol,-0.017482962780347455,13.461752064217801,5.71870165212589,13.63340433690713,True
2026-06-17,Ecopetrol,0.0,12.631449256741458,5.71870165212589,12.998792469240112,True
2026-06-18,Ecopetrol,0.0,11.654464215422577,5.71870165212589,12.218864921085704,True
2026-06-19,Ecopetrol,0.0,10.7670226135218,5.71870165212589,11.485733025820561,True
2026-06-22,Ecopetrol,0.02357316771806681,9.960917541819716,5.71870165212589,10.796589044271327,True
2026-06-23,Ecopetrol,-0.04959694113937206,9.590880835985939,5.71870165212589,10.482210243373512,True
2026-06-24,Ecopetrol,-0.05815592015707407,10.614981222479773,5.71870165212589,11.329191571000505,True
2026-06-25,Ecopetrol,-0.0019980026626731087,12.183222009631082,5.71870165212589,12.67870670633006,True
2026-06-26,Ecopetrol,0.023716526617316065,11.251597474132103,5.71870165212589,11.920379512734286,True
2026-06-29,Ecopetrol,0.0,10.767796556500125,5.71870165212589,11.542640922844145,True
2026-06-30,Ecopetrol,-0.050060501956918,9.961620550737374,5.71870165212589,10.850082467473495,True
2026-07-01,Ecopetrol,0.002051282770557361,10.983727151159865,5.71870165212589,11.702709833132241,True
2026-07-02,Ecopetrol,0.012220111334775397,10.159053641876849,5.71870165212589,11.003071899747177,True
2026-07-03,Ecopetrol,0.031875208530449034,9.50144596768325,5.71870165212589,10.432486258382928,True
2026-07-06,Ecopetrol,-0.04614660263578162,9.482242665461223,5.71870165212589,10.41615443419572,True
2026-07-07,Ecopetrol,-0.002055499182095999,10.287472803367452,5.71870165212589,11.068890529038812,True
2026-07-08,Ecopetrol,0.048202101817877686,9.529803090932312,5.71870165212589,10.407292143429043,True
2026-07-09,Ecopetrol,-0.005899722127188271,10.390424726679017,5.71870165212589,11.17692018661993,True
2026-07-10,Ecopetrol,0.003937012959339599,9.64723053525997,5.71870165212589,10.527189008129554,True
2026-07-14,Ecopetrol,0.032853196187187156,8.951322088735196,5.71870165212589,9.904857710266985,True
2026-07-15,Ecopetrol,-0.01532597047822682,9.025120149373935,5.71870165212589,9.95816574747925,True
2026-07-16,Ecopetrol,-0.005808341595746902,8.551329470311876,5.71870165212589,9.501607025290182,True
2026-07-17,Ecopetrol,0.019231361927887592,7.975890386017991,5.71870165212589,8.951752703028502,True
2026-07-21,Ecopetrol,0.009478743954543739,7.663914413234999,5.71870165212589,8.636554709807635,True
2026-07-22,Ecopetrol,0.0018850146957714257,7.196391565812372,5.71870165212589,8.172269379392656,True
2026-07-23,Ecopetrol,-0.01901197948857189,6.718518680165312,5.71870165212589,7.68406518487106,True
2026-07-24,Ecopetrol,0.0,6.545637373930912,5.71870165212589,7.439894492223123,True
2026-07-27,Ecopetrol,-0.031191612478007055,6.126434186572425,5.71870165212589,6.993500822689736,True
2026-07-28,Ecopetrol,0.005923018303122071,6.435853291027101,5.71870165212589,7.157640786715251,True
2026-07-29,Ecopetrol,0.031010236742560218,6.046145608970203,5.71870165212589,6.749231627003807,True
2026-07-30,Ecopetrol,0.022642476749759752,6.307061361816731,5.71870165212589,6.921258599081358,True
2026-07-31,Ecopetrol,-0.0018674141747954732,6.243184688228306,5.71870165212589,6.813592135154523,True
2026-08-03,Ecopetrol,0.003731347612858184,5.855534719807232,5.71870165212589,6.406868948465387,True
2026-08-04,Ecopetrol,-0.020696881771154862,5.506225375071908,5.71870165212589,6.0308105845622535,True
2026-08-05,Ecopetrol,-0.013397329571821168,5.4915618774353705,5.71870165212589,5.925978498518016,True
2026-08-06,Ecopetrol,0.06526080358139512,5.302214301195619,5.71870165212589,5.678112852400531,True
2026-08-07,Ecopetrol,0.0,7.862174245237838,5.71870165212589,7.892809571710162,True
2026-08-10,Ecopetrol,-0.03303052567648184,7.322306733870429,5.71870165212589,7.4192409974075515,True
2026-08-11,Ecopetrol,-0.007490671729157626,7.604394782063932,5.71870165212589,7.628695913441934,True
2026-08-12,Ecopetrol,-0.0018814680997055087,7.132363754193658,5.71870165212589,7.204640256407819,True
2026-08-13,Ecopetrol,0.01680711831638119,6.663264957849924,5.71870165212589,6.774485794349475,True
2026-08-14,Ecopetrol,-0.0018535686493229438,6.4136598817243335,5.71870165212589,6.537504182349008,True
2026-08-18,Ecopetrol,0.02020270731751947,6.01033939497903,5.71870165212589,6.147315361450719,True
2026-08-19,Ecopetrol,-0.010969031370573933,5.903983099124792,5.71870165212589,6.023366069538088,True
2026-08-20,Ecopetrol,-0.00923367594694544,5.634449541965786,5.71870165212589,5.734155894890984,True
2026-08-21,Ecopetrol,-0.016838564362829593,5.364275079173314,5.71870165212589,5.441263004093444,True
2026-08-24,Ecopetrol,0.014981553615616894,5.260489025522651,5.71870165212589,5.28490957372853,True
2026-08-25,Ecopetrol,-0.032108518408417545,5.101136067689527,5.71870165212589,5.102483168547381,True
2026-08-26,Ecopetrol,-0.01158314108963076,5.544970784706882,5.71870165212589,5.414908351064752,True
2026-08-27,Ecopetrol,0.02113431207397379,5.318298399753751,5.71870165212589,5.170515344502243,True
2026-08-28,Ecopetrol,0.005687219120589514,5.301012544247799,5.71870165212589,5.128279911936177,True
2026-08-31,Ecopetrol,0.0056550574833450565,5.013624482270848,5.71870165212589,4.8399897940153656,True
2026-09-01,Ecopetrol,0.03509131981127019,4.752351504511709,5.71870165212589,4.5687782114584055,True
2026-09-02,Ecopetrol,0.003623192369420331,5.313371359758339,5.71870165212589,5.0334919544290075,True
2026-09-03,Ecopetrol,-0.027499441360550336,5.013291965589983,5.71870165212589,4.739358950930763,True
2026-09-04,Ecopetrol,0.0037105793965355534,5.273524590712657,5.71870165212589,4.908728978960325,True
2026-09-08,Ecopetrol,0.025595547188963723,4.977468382173012,5.71870165212589,4.622466279897503,True
2026-09-09,Ecopetrol,-0.0036166404701885504,5.130689162891916,5.71870165212589,4.738197524645134,True
2026-09-10,Ecopetrol,0.010810916104215676,4.852923586090754,5.71870165212589,4.461753726140789,True
2026-09-11,Ecopetrol,-0.021739986636405875,4.6605093693205335,5.71870165212589,4.264174046779775,True
2026-09-14,Ecopetrol,0.012739025777429712,4.754470109079907,5.71870165212589,4.291899815343653,True
2025-01-02,ETB,0.0,9.093005568995612e-07,8.33894496928726,0.9093005453566608,True
2025-01-03,ETB,0.0,8.547425234855876e-07,8.33894496928726,0.8547425126352611,True
2025-01-07,ETB,0.0,8.034579720764524e-07,8.33894496928726,0.8034579618771455,True
2025-01-08,ETB,0.0,7.552504937518654e-07,8.33894496928726,0.7552504841645167,True
2025-01-09,ETB,0.0,7.099354641267536e-07,8.33894496928726,0.7099354551146456,True
2025-01-10,ETB,0.0,6.673393362791484e-07,8.33894496928726,0.6673393278077668,True
2025-01-13,ETB,0.0,6.272989761023996e-07,8.33894496928726,0.6272989681393007,True
2025-01-14,ETB,0.0,5.896610375362557e-07,8.33894496928726,0.5896610300509427,True
2025-01-15,ETB,0.0,5.542813752840804e-07,8.33894496928726,0.5542813682478861,True
2025-01-16,ETB,0.0,5.210244927670356e-07,8.33894496928726,0.5210244861530129,True
2025-01-17,ETB,0.0,4.897630232010137e-07,8.33894496928726,0.48976301698383207,True
2025-01-20,ETB,-0.084557388028063,4.60377241808953e-07,8.33894496928726,0.4603772359648021,True
2025-01-21,ETB,0.0,57.61293923831056,8.33894496928726,4.722725723883965,True
2025-01-22,ETB,0.0,11.189539872858402,8.33894496928726,4.439362180450927,True
2025-01-23,ETB,0.0,2.1732237252572686,8.33894496928726,4.1730004496238715,True
2025-01-24,ETB,0.0,0.42208188763494353,8.33894496928726,3.922620422646439,True
2025-01-27,ETB,0.0,0.08197649589053799,8.33894496928726,3.6872631972876526,True
2025-01-28,ETB,0.0,0.015921493943538152,8.33894496928726,3.4660274054503932,True
2025-01-29,ETB,0.0,0.003092343368068262,8.33894496928726,3.2580657611233694,True
2025-01-30,ETB,0.0,0.0006006758237975317,8.33894496928726,3.062581815455967,True
2025-01-31,ETB,0.0,0.00011674611117548308,8.33894496928726,2.8788269065286087,True
2025-02-03,ETB,0.0,2.275766263749749e-05,8.33894496928726,2.706097292136892,True
2025-02-04,ETB,0.0,4.503300013814514e-06,8.33894496928726,2.5437314546086784,True
2025-02-05,ETB,0.0,2.391107596669367e-06,8.33894496928726,2.3911075673321576,True
2025-02-06,ETB,0.0,2.2476411408692045e-06,8.33894496928726,2.247641113292228,True
2025-02-07,ETB,0.0,2.112782672417052e-06,8.33894496928726,2.112782646494694,True
2025-02-10,ETB,0.0,1.986015712072029e-06,8.33894496928726,1.9860156877050121,True
2025-02-11,ETB,0.0,1.8668547693477072e-06,8.33894496928726,1.8668547464427112,True
2025-02-12,ETB,0.0,1.7548434831868449e-06,8.33894496928726,1.7548434616561484,True
2025-02-13,ETB,0.0,1.6495528741956343e-06,8.33894496928726,1.6495528539567794,True
2025-02-14,ETB,0.0,1.5505797017438963e-06,8.33894496928726,1.5505796827193725,True
2025-02-17,ETB,0.0,1.4575449196392628e-06,8.33894496928726,1.45754490175621,True
2025-02-18,ETB,0.0,1.370092224460907e-06,8.33894496928726,1.3700922076508375,True
2025-02-20,ETB,0.0,1.2878866909932526e-06,8.33894496928726,1.2878866751917872,True
2025-02-21,ETB,0.0,1.2106134895336577e-06,8.33894496928726,1.21061347468028,True
2025-02-24,ETB,0.0,1.1379766801616385e-06,8.33894496928726,1.137976666199463,True
2025-02-25,ETB,0.0,1.0696980793519403e-06,8.33894496928726,1.069698066227495,True
2025-02-26,ETB,-0.2682639865946794,1.0055161945908241e-06,8.33894496928726,1.0055161822538454,True
2025-02-27,ETB,0.12629372532429206,579.8847097692095,8.33894496928726,44.12452511352085,True
2025-02-28,ETB,0.0,241.14763357198456,8.33894496928726,51.04711664048225,True
2025-03-03,ETB,0.0,46.83550399407341,8.33894496928726,47.98428964205331,True
2025-03-04,ETB,0.0,9.096354868085658,8.33894496928726,45.10523226353011,True
2025-03-05,ETB,0.0,1.766686978349113,8.33894496928726,42.398918327718306,True
2025-03-06,ETB,-0.07020425867324857,0.3431246400864359,8.33894496928726,39.854983228055204,True
2025-03-07,ETB,-0.056089466651043585,39.78065955339207,8.33894496928726,40.42086699588813,True
2025-03-10,ETB,0.0,33.07626029944495,8.33894496928726,39.88323193765397,True
2025-03-11,ETB,0.0,6.4240453690320365,8.33894496928726,37.490238021394724,True
2025-03-12,ETB,0.0,1.2476731272084343,8.33894496928726,35.24082374011104,True
2025-03-13,ETB,0.0,0.24232217773270182,8.33894496928726,33.126374315704375,True
2025-03-14,ETB,0.0,0.04706370627940411,8.33894496928726,31.13879185676211,True
2025-03-17,ETB,0.0,0.009140759377966304,8.33894496928726,29.270464345356384,True
2025-03-18,ETB,0.0,0.0017753944287008368,8.33894496928726,27.514236484635,True
2025-03-19,ETB,0.0,0.0003448990355853948,8.33894496928726,25.8633822955569,True
2025-03-20,ETB,0.0,6.706934434537303e-05,8.33894496928726,24.311579357823483,True
2025-03-21,ETB,0.0,2.2852884674918826e-05,8.33894496928726,22.852884596354073,True
2025-03-24,ETB,0.0,2.1481711594423695e-05,8.33894496928726,21.481711520572826,True
2025-03-25,ETB,-0.03922071315328127,2.0192808898758274e-05,8.33894496928726,20.192808829338457,True
2025-03-26,ETB,0.0,12.395042819956918,8.33894496928726,19.90419890372933,True
2025-03-27,ETB,-0.07257069283483537,2.4073555604195565,8.33894496928726,18.70994696950557,True
2025-03-28,ETB,0.0,42.904044459491345,8.33894496928726,20.74725342645205,True
2025-03-31,ETB,0.0,8.332789886420997,8.33894496928726,19.50241822086493,True
2025-04-01,ETB,0.09237332013101507,1.6183879875809086,8.33894496928726,18.332273127613032,True
2025-04-02,ETB,0.0,69.07022817132358,8.33894496928726,22.352034903172452,True
2025-04-03,ETB,0.0,13.414765526870585,8.33894496928726,21.010912808982106,True
2025-04-04,ETB,0.0,2.6054053033098503,8.33894496928726,19.75025804044318,True
2025-04-07,ETB,0.0,0.5060198541379116,8.33894496928726,18.565242558016585,True
2025-04-08,ETB,0.0,0.09827886179053982,8.33894496928726,17.45132800453559,True
2025-04-09,ETB,0.0,0.019087726639062712,8.33894496928726,16.404248324263452,True
2025-04-10,ETB,0.0,0.003707286594327684,8.33894496928726,15.419993424807645,True
2025-04-11,ETB,0.0,0.0007201096140103816,8.33894496928726,14.494793819319185,True
2025-04-14,ETB,0.0,0.00013994244806559694,8.33894496928726,13.625106190160032,True
2025-04-15,ETB,0.0,2.7262836961788216e-05,8.33894496928726,12.807599818750429,True
2025-04-16,ETB,0.0,1.203914385431313e-05,8.33894496928726,12.039143829625402,True
2025-04-17,ETB,0.0,1.1316795223054342e-05,8.33894496928726,11.316795199847878,True
2025-04-18,ETB,0.0,1.063778750967108e-05,8.33894496928726,10.637787487857004,True
2025-04-21,ETB,0.0,9.999520259090817e-06,8.33894496928726,9.999520238585584,True
2025-04-22,ETB,0.0,9.399549043545367e-06,8.33894496928726,9.399549024270447,True
2025-04-23,ETB,0.0,8.835576100932646e-06,8.33894496928726,8.83557608281422,True
2025-04-24,ETB,0.0,8.305441534876685e-06,8.33894496928726,8.305441517845365,True
2025-04-25,ETB,0.0,7.807115042784083e-06,8.33894496928726,7.8071150267746425,True
2025-04-28,ETB,0.0,7.338688140217038e-06,8.33894496928726,7.338688125168163,True
2025-04-29,ETB,0.0,6.898366851804016e-06,8.33894496928726,6.898366837658073,True
2025-04-30,ETB,0.0,6.484464840695775e-06,8.33894496928726,6.484464827398588,True
2025-05-01,ETB,0.0,6.095396950254027e-06,8.33894496928726,6.095396937754672,True
2025-05-02,ETB,0.0,5.729673133238786e-06,8.33894496928726,5.729673121489392,True
2025-05-05,ETB,0.0,5.385892745244459e-06,8.33894496928726,5.385892734200028,True
2025-05-06,ETB,0.0,5.06273918052979e-06,8.33894496928726,5.062739170148026,True
2025-05-07,ETB,0.0,4.758974829698003e-06,8.33894496928726,4.758974819939144,True
2025-05-08,ETB,0.0,4.473436339916122e-06,8.33894496928726,4.473436330742795,True
2025-05-09,ETB,0.0,4.205030159521154e-06,8.33894496928726,4.205030150898227,True
2025-05-12,ETB,0.05715841383994862,3.9527283499498845e-06,8.33894496928726,3.9527283418443333,True
2025-05-13,ETB,0.0,26.325537699128624,8.33894496928726,5.675815204952972,True
2025-05-14,ETB,-0.01869213301215252,5.112925329974656,8.33894496928726,5.335266292655794,True
2025-05-15,ETB,0.0,3.808393096293959,8.33894496928726,5.224787817022848,True
2025-05-16,ETB,0.0,0.7396631980443802,8.33894496928726,4.911300548001477,True
2025-05-19,ETB,0.0,0.14365688845894298,8.33894496928726,4.616622515121388,True
2025-05-20,ETB,0.0,0.027901011322843932,8.33894496928726,4.339625164214104,True
2025-05-21,ETB,0.0727593542824283,0.00541899582057875,8.33894496928726,4.079247654361258,True
2025-05-22,ETB,0.0,42.65847141919243,8.33894496928726,7.010846976457136,True
2025-05-23,ETB,0.0,8.285094883493004,8.33894496928726,6.590196157869708,True
2025-05-26,ETB,0.0,1.6091247015885526,8.33894496928726,6.194784388397525,True
2025-05-27,ETB,0.0,0.31252301849846015,8.33894496928726,5.8230973250936735,True
2025-05-28,ETB,0.0,0.060698058412663014,8.33894496928726,5.473711485588053,True
2025-05-29,ETB,0.0,0.011788812536104198,8.33894496928726,5.145288796452769,True
2025-05-30,ETB,0.0,0.0022896972323682677,8.33894496928726,4.8365714686656025,True
2025-06-04,ETB,0.0,0.0004447865220005773,8.33894496928726,4.546377180545666,True
2025-06-05,ETB,-0.03571808260207923,8.646941347039987e-05,8.33894496928726,4.273594549712926,True
2025-06-06,ETB,0.0,10.280018764082106,8.33894496928726,4.782647731591524,True
2025-06-09,ETB,0.0,1.996577250166378,8.33894496928726,4.495688867696033,True
2025-06-10,ETB,0.0,0.38777374804264797,8.33894496928726,4.225947535634271,True
2025-06-11,ETB,0.0,0.07531319597652154,8.33894496928726,3.972390683496214,True
2025-06-12,ETB,0.0,0.014627353069921613,8.33894496928726,3.734047242486441,True
2025-06-13,ETB,0.0,0.0028409963444648387,8.33894496928726,3.5100044079372545,True
2025-06-16,ETB,0.0,0.0005518594023690411,8.33894496928726,3.299404143461019,True
2025-06-17,ETB,0.0,0.00010726502416311421,8.33894496928726,3.1014398948533577,True
2025-06-18,ETB,0.0,2.091625336771339e-05,8.33894496928726,2.915353501162156,True
2025-06-19,ETB,0.0,4.145662952323226e-06,8.33894496928726,2.7404322910924264,True
2025-06-20,ETB,0.0,2.576006348686598e-06,8.33894496928726,2.5760063536268807,True
2025-06-24,ETB,0.0,2.421445967765402e-06,8.33894496928726,2.4214459724092676,True
2025-06-25,ETB,0.0,2.2761592096994778e-06,8.33894496928726,2.2761592140647116,True
2025-06-26,ETB,0.0,2.1395896571175088e-06,8.33894496928726,2.1395896612208287,True
2025-06-27,ETB,0.0,2.011214277690458e-06,8.33894496928726,2.011214281547579,True
2025-06-30,ETB,0.0,1.8905414210290305e-06,8.33894496928726,1.890541424654724,True
2025-07-01,ETB,0.035718082602079246,1.7771089357672888e-06,8.33894496928726,1.7771089391754404,True
2025-07-02,ETB,0.0,10.280001720114399,8.33894496928726,2.435951257686288,True
2025-07-03,ETB,0.0,1.9965739399003621,8.33894496928726,2.2897941822251107,True
2025-07-04,ETB,-0.03571808260207923,0.38777310512538343,8.33894496928726,2.152406531291604,True
2025-07-07,ETB,0.0,10.355314957845543,8.33894496928726,2.7887309942754817,True
2025-07-08,ETB,0.0,2.0112012177551755,8.33894496928726,2.6214071346189525,True
2025-07-09,ETB,0.0,0.39061400353697084,8.33894496928726,2.464122706541815,True
2025-07-10,ETB,0.0,0.07586482816689996,8.33894496928726,2.316275344149306,True
2025-07-11,ETB,0.0,0.014734490640492261,8.33894496928726,2.1772988235003474,True
2025-07-14,ETB,0.0,0.002861804519237791,8.33894496928726,2.0466608940903264,True
2025-07-15,ETB,0.0,0.0005559007497234336,8.33894496928726,1.9238612404449067,True
2025-07-16,ETB,0.0,0.00010804993147079818,8.33894496928726,1.8084295660182121,True
2025-07-17,ETB,0.0,2.1068697448271346e-05,8.33894496928726,1.6999237920571193,True
2025-07-18,ETB,-0.04652001563489282,4.175270521866352e-06,8.33894496928726,1.5979283645336921,True
2025-07-21,ETB,0.0,17.43799878924361,8.33894496928726,2.8005197754640747,True
2025-07-22,ETB,0.0,3.386794506274923,8.33894496928726,2.63248858893623,True
2025-07-23,ETB,0.0,0.657780651161711,8.33894496928726,2.474539273600056,True
2025-07-24,ETB,0.0,0.1277537245425509,8.33894496928726,2.3260669171840527,True
2025-07-25,ETB,0.0,0.024812311322903353,8.33894496928726,2.1865029021530096,True
2025-07-28,ETB,0.0,0.004819110933534382,8.33894496928726,2.055312728023829,True
2025-07-29,ETB,0.0,0.0009360472635558282,8.33894496928726,1.9319939643423991,True
2025-07-30,ETB,0.0,0.00018188168868744066,8.33894496928726,1.816074326481855,True
2025-07-31,ETB,0.0,3.540824332163064e-05,8.33894496928726,1.7071098668929436,True
2025-08-01,ETB,0.0,6.960285854101003e-06,8.33894496928726,1.604683274879367,True
2025-08-04,ETB,0.0,1.5084022942460924e-06,8.33894496928726,1.508402278386605,True
2025-08-05,ETB,0.0,1.417898156591327e-06,8.33894496928726,1.4178981416834084,True
2025-08-06,ETB,0.0,1.3328242671958474e-06,8.33894496928726,1.332824253182404,True
2025-08-11,ETB,0.0,1.2528548111640967e-06,8.33894496928726,1.2528547979914597,True
2025-08-12,ETB,0.0,1.177683522494251e-06,8.33894496928726,1.177683510111972,True
2025-08-13,ETB,-0.058840500022933465,1.1070225111445961e-06,8.33894496928726,1.1070224995052536,True
2025-08-14,ETB,0.0,27.897778953792965,8.33894496928726,3.11792381530424,True
2025-08-15,ETB,0.0,5.418284791067983,8.33894496928726,2.9308483863859855,True
2025-08-19,ETB,0.0,1.052335098032,8.33894496928726,2.754997483202826,True
2025-08-20,ETB,0.0,0.20438377919278888,8.33894496928726,2.5896976342106566,True
2025-08-21,ETB,0.010050335853501506,0.03969534032505511,8.33894496928726,2.434315776158017,True
2025-08-22,ETB,0.0,0.8216227319466858,8.33894496928726,2.348862380049443,True
2025-08-25,ETB,0.0,0.15957500473379632,8.33894496928726,2.207930637246476,True
2025-08-26,ETB,0.0,0.03099261535809605,8.33894496928726,2.0754547990116876,True
2025-08-27,ETB,0.0,0.006019444727079482,8.33894496928726,1.9509275110709863,True
2025-08-28,ETB,0.0,0.0011691751497766307,8.33894496928726,1.833871860406727,True
2025-08-29,ETB,0.0,0.0002271596035691543,8.33894496928726,1.7238395487823233,True
2025-09-01,ETB,0.0,4.42020843728638e-05,8.33894496928726,1.6204091758553838,True
2025-09-02,ETB,0.0,8.668218753316407e-06,8.33894496928726,1.5231846253040606,True
2025-09-03,ETB,0.0,1.7668592934005742e-06,8.33894496928726,1.4317935477858168,True
2025-09-04,ETB,0.0,1.345885951296021e-06,8.33894496928726,1.3458859349186678,True
2025-09-05,ETB,0.0,1.2651327942182598e-06,8.33894496928726,1.2651327788235476,True
2025-09-08,ETB,0.0,1.1892248265651644e-06,8.33894496928726,1.1892248120941347,True
2025-09-09,ETB,0.0,1.1178713369712547e-06,8.33894496928726,1.1178713233684865,True
2025-09-10,ETB,0.0,1.0507990567529796e-06,8.33894496928726,1.0507990439663772,True
2025-09-11,ETB,0.0,9.87751113347801e-07,8.33894496928726,0.9877511013283945,True
2025-09-12,ETB,0.0,9.28486046546933e-07,8.33894496928726,0.9284860352486908,True
2025-09-15,ETB,0.0,8.727768837541171e-07,8.33894496928726,0.8727768731337693,True
2025-09-16,ETB,0.0,8.204102707288702e-07,8.33894496928726,0.8204102607457431,True
2025-09-17,ETB,0.0,7.711856544851381e-07,8.33894496928726,0.7711856451009984,True
2025-09-18,ETB,0.0,7.249145152160299e-07,8.33894496928726,0.7249145063949385,True
2025-09-19,ETB,0.0,6.814196443030682e-07,8.33894496928726,0.6814196360112421,True
2025-09-22,ETB,0.0,6.405344656448842e-07,8.33894496928726,0.6405344578505675,True
2025-09-23,ETB,0.0,6.021023977061912e-07,8.33894496928726,0.6021023903795334,True
2025-09-24,ETB,0.0,5.659762538438198e-07,8.33894496928726,0.5659762469567614,True
2025-09-25,ETB,0.0,5.320176786131908e-07,8.33894496928726,0.5320176721393557,True
2025-09-26,ETB,0.0,5.000966178963995e-07,8.33894496928726,0.5000966118109943,True
2025-09-29,ETB,0.0,4.7009082082261564e-07,8.33894496928726,0.47009081510233464,True
2025-09-30,ETB,0.0,4.4188537157325886e-07,8.33894496928726,0.4418853661961945,True
2025-10-01,ETB,0.0,4.1537224927886347e-07,8.33894496928726,0.4153722442244228,True
2025-10-02,ETB,0.0,3.904499143221318e-07,8.33894496928726,0.39044990957095743,True
2025-10-03,ETB,0.0,3.6702291946280405e-07,8.33894496928726,0.3670229149967,True
2025-10-06,ETB,0.0,3.4500154429503594e-07,8.33894496928726,0.345001540096898,True
2025-10-07,ETB,0.0,3.2430145163733394e-07,8.33894496928726,0.3243014476910841,True
2025-10-08,ETB,0.0,3.0484336453909406e-07,8.33894496928726,0.30484336082961905,True
2025-10-09,ETB,0.0,2.8655276266674854e-07,8.33894496928726,0.2865527591798419,True
2025-10-10,ETB,0.0,2.6935959690674383e-07,8.33894496928726,0.2693595936290514,True
2025-10-14,ETB,0.0,2.5319802109233934e-07,8.33894496928726,0.25319801801130826,True
2025-10-15,ETB,0.0,2.3800613982679913e-07,8.33894496928726,0.23800613693062975,True
2025-10-16,ETB,0.0,2.2372577143719134e-07,8.33894496928726,0.22372576871479194,True
2025-10-17,ETB,0.0,2.1030222515096e-07,8.33894496928726,0.2103022225919044,True
2025-10-20,ETB,0.0,1.9768409164190256e-07,8.33894496928726,0.1976840892363901,True
2025-10-21,ETB,0.0,1.8582304614338856e-07,8.33894496928726,0.1858230438822067,True
2025-10-22,ETB,0.0,1.746736633747854e-07,8.33894496928726,0.17467366124927428,True
2025-10-23,ETB,0.0,1.6419324357229845e-07,8.33894496928726,0.1641932415743178,True
2025-10-24,ETB,0.0,1.543416489579607e-07,8.33894496928726,0.15434164707985873,True
2025-10-27,ETB,0.0,1.4508115002048323e-07,8.33894496928726,0.1450811482550672,True
2025-10-28,ETB,0.0,1.363762810192544e-07,8.33894496928726,0.13637627935976318,True
2025-10-29,ETB,0.0,1.2819370415809928e-07,8.33894496928726,0.1281937025981774,True
2025-10-30,ETB,0.0,1.2050208190861347e-07,8.33894496928726,0.12050208044228673,True
2025-10-31,ETB,0.0,1.1327195699409683e-07,8.33894496928726,0.11327195561574953,True
2025-11-04,ETB,0.0,1.0647563957445117e-07,8.33894496928726,0.10647563827880455,True
2025-11-05,ETB,0.0,1.0400427323390188e-07,8.33894496928726,0.10008709998207627,True
2025-11-06,ETB,0.0,1.0352428640511496e-07,8.33894496928726,0.09408187398315168,True
2025-11-07,ETB,0.0,1.0343106374037731e-07,8.33894496928726,0.08843696154416257,True
2025-11-10,ETB,0.0,1.0341295810768161e-07,8.33894496928726,0.08313074385151281,True
2025-11-11,ETB,0.0,1.0340944164592595e-07,8.33894496928726,0.07814289922042204,True
2025-11-12,ETB,0.0,1.0340875868148682e-07,8.33894496928726,0.07345432526719671,True
2025-11-13,ETB,0.0,1.0340862603667008e-07,8.33894496928726,0.0690470657511649,True
2025-11-14,ETB,0.0,1.0340860027449801e-07,8.33894496928726,0.064904241806095,True
2025-11-18,ETB,0.0,1.034085952709892e-07,8.33894496928726,0.061009987297729294,True
2025-11-19,ETB,0.0,1.0340859429921164e-07,8.33894496928726,0.05734938805986553,True
2025-11-20,ETB,0.0,1.0340859411047378e-07,8.33894496928726,0.0539084247762736,True
2025-11-21,ETB,0.0,1.0340859407381725e-07,8.33894496928726,0.05067391928969718,True
2025-11-24,ETB,0.0,1.0340859406669784e-07,8.33894496928726,0.04763348413231535,True
2025-11-25,ETB,0.0,1.0340859406531511e-07,8.33894496928726,0.044775475084376425,True
2025-11-26,ETB,0.0,1.0340859406504656e-07,8.33894496928726,0.042088946579313835,True
2025-11-27,ETB,0.0,1.034085940649944e-07,8.33894496928726,0.039563609784555004,True
2025-11-28,ETB,-0.07257069283483537,1.0340859406498428e-07,8.33894496928726,0.0371897931974817,True
2025-12-01,ETB,0.0,42.436489774208724,8.33894496928726,3.1948616807224517,True
2025-12-02,ETB,0.0,8.241981782826208,8.33894496928726,3.0031699798791043,True
2025-12-04,ETB,0.0,1.6007513090531393,8.33894496928726,2.822979781086358,True
2025-12-05,ETB,0.0,0.31089674477962015,8.33894496928726,2.6536009942211765,True
2025-12-09,ETB,0.0,0.06038220480883347,8.33894496928726,2.494384934567906,True
2025-12-10,ETB,0.0,0.011727467697350195,8.33894496928726,2.3447218384938315,True
2025-12-11,ETB,0.0,0.002277782885987134,8.33894496928726,2.2040385281842014,True
2025-12-12,ETB,0.0,0.0004424725270081236,8.33894496928726,2.071796216493149,True
2025-12-15,ETB,0.0,8.601999118118565e-05,8.33894496928726,1.9474884435035602,True
2025-12-16,ETB,0.0,1.6790059755234588e-05,8.33894496928726,1.8306391368933466,True
2025-12-17,ETB,0.0,3.3442768710616415e-06,8.33894496928726,1.7208007886797456,True
2025-12-18,ETB,0.0,1.6175527643656888e-06,8.33894496928726,1.6175527413589608,True
2025-12-19,ETB,0.0,1.5204995985037478e-06,8.33894496928726,1.520499576877423,True
2025-12-22,ETB,0.0,1.4292696225935231e-06,8.33894496928726,1.4292696022647775,True
2025-12-23,ETB,0.0,1.3435134452379117e-06,8.33894496928726,1.3435134261288908,True
2025-12-24,ETB,0.0,1.2629026385236373e-06,8.33894496928726,1.2629026205611573,True
2025-12-25,ETB,0.0,1.1871284802122192e-06,8.33894496928726,1.187128463327488,True
2025-12-26,ETB,0.0,1.1159007713994863e-06,8.33894496928726,1.1159007555278386,True
2025-12-29,ETB,0.0,1.048946725115517e-06,8.33894496928726,1.0489467101961683,True
2025-12-30,ETB,0.0,9.860099216085862e-07,8.33894496928726,0.9860099075843981,True
2025-12-31,ETB,0.0,9.26849326312071e-07,8.33894496928726,0.9268493131293342,True
2026-01-02,ETB,0.0,8.712383667333469e-07,8.33894496928726,0.871238354341574,True
2026-01-05,ETB,0.0,8.189640647293461e-07,8.33894496928726,0.8189640530810796,True
2026-01-06,ETB,0.0,7.698262208455854e-07,8.33894496928726,0.7698262098962148,True
2026-01-07,ETB,0.0,7.236366475948504e-07,8.33894496928726,0.7236366373024419,True
2026-01-08,ETB,0.0,6.802184487391594e-07,8.33894496928726,0.6802184390642954,True
2026-01-09,ETB,0.0,6.394053418148099e-07,8.33894496928726,0.6394053327204376,True
2026-01-13,ETB,0.0,6.010410213059214e-07,8.33894496928726,0.6010410127572113,True
2026-01-14,ETB,0.0,5.649785600275662e-07,8.33894496928726,0.5649785519917786,True
2026-01-15,ETB,0.0,5.310798464259123e-07,8.33894496928726,0.5310798388722718,True
2026-01-16,ETB,0.0,4.992150556403578e-07,8.33894496928726,0.4992150485399355,True
2026-01-19,ETB,0.0,4.692621523019364e-07,8.33894496928726,0.4692621456275393,True
2026-01-20,ETB,0.0,4.4110642316382036e-07,8.33894496928726,0.44110641688988694,True
2026-01-21,ETB,0.0,4.1464003777399127e-07,8.33894496928726,0.4146400318764937,True
2026-01-22,ETB,0.0,3.8976163550755195e-07,8.33894496928726,0.389761629963904,True
2026-01-23,ETB,0.0,3.6637593737709897e-07,8.33894496928726,0.36637593216606973,True
2026-01-26,ETB,0.0,3.4439338113447316e-07,8.33894496928726,0.34439337623610555,True
2026-01-27,ETB,0.0,3.2372977826640493e-07,8.33894496928726,0.3237297736619392,True
2026-01-28,ETB,0.07257069283483537,3.0430599157042075e-07,8.33894496928726,0.30430598724222285,True
2026-01-29,ETB,0.0,42.43648860413486,8.33894496928726,3.4459509031245084,True
2026-01-30,ETB,0.0,8.24198155557538,8.33894496928726,3.2391938489370378,True
2026-02-02,ETB,0.0,1.6007512649166622,8.33894496928726,3.0448422180008152,True
2026-02-03,ETB,0.0,0.3108967362074682,8.33894496928726,2.862151684920766,True
2026-02-04,ETB,0.0,0.060382203143956856,8.33894496928726,2.6904225838255202,True
2026-02-05,ETB,0.0,0.011727467373999167,8.33894496928726,2.5289972287959888,True
2026-02-06,ETB,0.0,0.002277782823186151,8.33894496928726,2.3772573950682294,True
2026-02-09,ETB,0.0,0.0004424725148109661,8.33894496928726,2.2346219513641357,True
2026-02-10,ETB,0.0,8.60199888122633e-05,8.33894496928726,2.1005446342822873,True
2026-02-11,ETB,0.0,1.6790059295144353e-05,8.33894496928726,1.97451195622535,True
2026-02-12,ETB,0.0,3.3442767817032773e-06,8.33894496928726,1.8560412388518288,True
2026-02-13,ETB,0.0,1.7446787437892446e-06,8.33894496928726,1.744678764520719,True
2026-02-16,ETB,0.0,1.6399980191618901e-06,8.33894496928726,1.6399980386494757,True
2026-02-17,ETB,0.0,1.5415981380121767e-06,8.33894496928726,1.541598156330507,True
2026-02-18,ETB,0.0,1.4491022497314462e-06,8.33894496928726,1.4491022669506766,True
2026-02-19,ETB,0.0,1.3621561147475596e-06,8.33894496928726,1.3621561309336359,True
2026-02-20,ETB,0.0,1.2804267478627062e-06,8.33894496928726,1.2804267630776176,True
2026-02-23,ETB,0.0,1.2036011429909442e-06,8.33894496928726,1.2036011572929606,True
2026-02-24,ETB,0.0,1.1313850744114877e-06,8.33894496928726,1.1313850878553828,True
2026-02-25,ETB,0.0,1.0635019699467987e-06,8.33894496928726,1.0635019825840597,True
2026-02-26,ETB,-0.004008036717608227,9.996918517499908e-07,8.33894496928726,0.9996918636290161,True
2026-02-27,ETB,0.0,0.1294438236503913,8.33894496928726,0.9493489668090925,True
2026-03-02,ETB,-0.03473282332187699,0.0251405610436338,8.33894496928726,0.8923880288005469,True
2026-03-03,ETB,0.0,9.725572888329992,8.33894496928726,1.5626661566177482,True
2026-03-04,ETB,0.0,1.888893207833302,8.33894496928726,1.4689061872206832,True
2026-03-05,ETB,0.13405103984381012,0.36685943795338677,8.33894496928726,1.3807718159874423,True
2026-03-06,ETB,0.0,144.86748916227086,8.33894496928726,12.079734276952266,True
2026-03-09,ETB,0.0,28.136049998882005,8.33894496928726,11.354950220335128,True
2026-03-12,ETB,0.0,5.464561606223852,8.33894496928726,10.67365320711502,True
2026-03-13,ETB,0.0,1.0613229447095944,8.33894496928726,10.033234014688118,True
2026-03-16,ETB,0.0,0.20612939171231637,8.33894496928726,9.43123997380683,True
2026-03-17,ETB,0.0,0.0400343718169838,8.33894496928726,8.86536557537842,True
2026-03-18,ETB,0.0,0.007775527561970185,8.33894496928726,8.333443640855714,True
2026-03-19,ETB,0.0,0.001510240178128115,8.33894496928726,7.833437022404371,True
2026-03-24,ETB,0.0,0.0002934009853839471,8.33894496928726,7.363430801060108,True
2026-03-25,ETB,0.0,5.7067433499808574e-05,8.33894496928726,6.921624952996502,True
2026-03-26,ETB,0.0,1.11669167518116e-05,8.33894496928726,6.506327455816711,True
2026-03-27,ETB,0.0,6.1159477722027986e-06,8.33894496928726,6.115947808467708,True
2026-03-30,ETB,0.0,5.748990905870631e-06,8.33894496928726,5.748990939959645,True
2026-03-31,ETB,0.0,5.4040514515183925e-06,8.33894496928726,5.404051483562066,True
2026-04-01,ETB,0.0,5.079808364427289e-06,8.33894496928726,5.079808394548341,True
2026-04-02,ETB,0.0,4.775019862561651e-06,8.33894496928726,4.77501989087544,True
2026-04-03,ETB,0.0,4.488518670807951e-06,8.33894496928726,4.488518697422914,True
2026-04-06,ETB,0.0,4.219207550559474e-06,8.33894496928726,4.219207575577539,True
2026-04-07,ETB,0.02955880224154443,3.966055097525906e-06,8.33894496928726,3.9660551210428867,True
2026-04-08,ETB,0.0,7.040290969704243,8.33894496928726,4.252325487753153,True
2026-04-09,ETB,0.0,1.3673598635563953,8.33894496928726,3.997185958487964,True
2026-04-10,ETB,0.0,0.26556764162242463,8.33894496928726,3.757354800978686,True
2026-04-13,ETB,0.0,0.05157842201095737,8.33894496928726,3.5319135129199646,True
2026-04-14,ETB,0.0,0.01001760391991352,8.33894496928726,3.3199987021447663,True
2026-04-15,ETB,0.056618893999507904,0.0019456944866577755,8.33894496928726,3.1207987800160804,True
2026-04-16,ETB,0.0,25.831285365421017,8.33894496928726,4.856970347851624,True
2026-04-17,ETB,0.0,5.016932030080427,8.33894496928726,4.565552126980527,True
2026-04-20,ETB,0.0,0.9743846801556775,8.33894496928726,4.291618999361695,True
2026-04-21,ETB,0.0,0.18924431028234154,8.33894496928726,4.034121859399994,True
2026-04-22,ETB,0.0,0.03675496456909624,8.33894496928726,3.792074547835994,True
2026-04-23,ETB,0.0,0.007138603663077656,8.33894496928726,3.564550074965834,True
2026-04-24,ETB,0.0,0.001386537318947763,8.33894496928726,3.3506770704678837,True
2026-04-27,ETB,0.0,0.0002693755132733833,8.33894496928726,3.1496364462398105,True
2026-04-28,ETB,0.0,5.240122518449454e-05,8.33894496928726,2.9606582594654216,True
2026-04-29,ETB,-0.0279087881170765,1.0260649439281571e-05,8.33894496928726,2.783018763897496,True
2026-04-30,ETB,0.0,6.276232508546476,8.33894496928726,3.083377910561969,True
2026-05-04,ETB,0.0,1.2189650295887913,8.33894496928726,2.898375235928251,True
2026-05-05,ETB,0.0,0.23674651357038448,8.33894496928726,2.7244727217725555,True
2026-05-06,ETB,-0.00947874395454377,0.04598080516687346,8.33894496928726,2.561004358466202,True
2026-05-07,ETB,0.0,0.7328970524952989,8.33894496928726,2.4612520491317103,True
2026-05-08,ETB,0.0,0.14234277298689504,8.33894496928726,2.3135769261838077,True
2026-05-11,ETB,0.0,0.027645784848428192,8.33894496928726,2.1747623106127794,True
2026-05-12,ETB,0.0,0.005369425935261768,8.33894496928726,2.0442765719760123,True
2026-05-13,ETB,0.0,0.001042929010781653,8.33894496928726,1.9216199776574514,True
2026-05-14,ETB,0.009478743954543739,0.0002026401776513744,8.33894496928726,1.8063227789980043,True
2026-05-15,ETB,0.027908788117076658,0.7240058953369859,8.33894496928726,1.7518513644316038,True
2026-05-19,ETB,-0.018519047767237527,6.416845906851327,8.33894496928726,2.1140805550640356,True
2026-05-20,ETB,0.0,4.009741550592672,8.33894496928726,2.1930087998833288,True
2026-05-21,ETB,0.0,0.7787689366288543,8.33894496928726,2.0614282718903287,True
2026-05-22,ETB,0.01851904776723753,0.15125197427950993,8.33894496928726,1.9377425755769089,True
2026-05-25,ETB,0.0,2.7928425116513544,8.33894496928726,2.02725109916543,True
2026-05-26,ETB,0.0,0.5424237614633295,8.33894496928726,1.9056160332155039,True
2026-05-27,ETB,0.0,0.1053492000669351,8.33894496928726,1.7912790712225735,True
2026-05-28,ETB,0.0,0.02046092218359033,8.33894496928726,1.683802326949219,True
2026-06-01,ETB,0.0,0.003973987553998299,8.33894496928726,1.5827741873322658,True
2026-06-02,ETB,0.0,0.0007719080648374962,8.33894496928726,1.4878077360923299,True
2026-06-03,ETB,-0.009216655104923952,0.00015000270248463884,8.33894496928726,1.39853927192679,True
2026-06-04,ETB,0.027398974188114347,0.684513732650361,8.33894496928726,1.365594954405055,True
2026-06-05,ETB,-0.055569851154810765,6.181972444520958,8.33894496928726,1.7340815290773257,True
2026-06-08,ETB,0.0,26.083236383527222,8.33894496928726,3.4828416517533816,True
2026-06-09,ETB,0.055569851154810786,5.065865758846659,8.33894496928726,3.2738711526481783,True
2026-06-10,ETB,0.0,25.866466094172786,8.33894496928726,4.9302438979099845,True
2026-06-11,ETB,-0.055569851154810765,5.02376480357536,8.33894496928726,4.6344292640353855,True
2026-06-17,ETB,0.0,25.858290205563694,8.33894496928726,6.2091685226139575,True
2026-06-18,ETB,0.0,5.022176888913902,8.33894496928726,5.8366184112571196,True
2026-06-19,ETB,0.0,0.9754033325171704,8.33894496928726,5.4864213065816925,True
2026-06-22,ETB,0.04652001563489291,0.18944215214358523,8.33894496928726,5.157236028186791,True
2026-06-23,ETB,0.13580154115906182,17.474790509196545,8.33894496928726,6.146268979297993,True
2026-06-24,ETB,0.007905179507113247,151.9965035811693,8.33894496928726,16.842727989245937,True
2026-06-25,ETB,0.09745533615071306,30.024188936890567,8.33894496928726,15.86965942771499,True
2026-06-26,ETB,0.1582240052148942,82.36064659703163,8.33894496928726,20.61600538860118,True
2026-06-29,ETB,0.0,217.72191566898505,8.33894496928726,34.39994656103084,True
2026-06-30,ETB,0.1524070002224314,42.285779469696024,8.33894496928726,32.33594976736899,True
2026-07-01,ETB,0.055994269354574785,195.37861418492972,8.33894496928726,44.332529011406976,True
2026-07-02,ETB,-0.22067136216882063,63.210394490303024,8.33894496928726,43.553792191054164,True
2026-07-03,ETB,0.024391453124159267,404.65847849476506,8.33894496928726,70.15807470845661,True
2026-07-06,ETB,-0.06213178110700616,83.38638787674006,8.33894496928726,66.30555601725403,True
2026-07-07,ETB,-0.012903404835907841,47.30126416054837,8.33894496928726,64.64343759033615,True
2026-07-08,ETB,0.0,10.528422284398216,8.33894496928726,60.86473004873157,True
2026-07-09,ETB,-0.026317308317373417,2.0448219866992625,8.33894496928726,57.212846245807675,True
2026-07-10,ETB,0.0,5.977987522355331,8.33894496928726,54.19563590130223,True
2026-07-14,ETB,0.0,1.161040122716558,8.33894496928726,50.94389774722409,True
2026-07-15,ETB,-0.06187540371808753,0.22549638367211866,8.33894496928726,47.88726388239064,True
2026-07-16,ETB,0.0,30.89364218591908,8.33894496928726,47.311167400612995,True
2026-07-17,ETB,0.007067167223092353,6.0001389940138585,8.33894496928726,44.47249735657621,True
2026-07-21,ETB,-0.007067167223092443,1.5677883306658533,8.33894496928726,41.83411442671713,True
2026-07-22,ETB,-0.08122543992258587,0.706940785292435,8.33894496928726,39.35403447264959,True
2026-07-23,ETB,0.0,53.29927047721406,8.33894496928726,40.95133565866118,True
2026-07-24,ETB,0.0,10.351742515540769,8.33894496928726,38.494255519141504,True
2026-07-27,ETB,0.052446475372542524,2.0105073808177867,8.33894496928726,36.18460018799301,True
2026-07-28,ETB,0.049832373747875754,22.554549230416487,8.33894496928726,35.66390384411506,True
2026-07-29,ETB,0.0,24.390202541362083,8.33894496928726,35.01402889747695,True
2026-07-30,ETB,-0.028170876966696335,4.737046056321628,8.33894496928726,32.91318716362833,True
2026-07-31,ETB,0.007117467768863955,7.314688371618114,8.33894496928726,31.414554919254275,True
2026-08-03,ETB,0.06187540371808745,1.8288482821226832,8.33894496928726,29.560076632563508,True
2026-08-04,ETB,0.0,31.205042900904306,8.33894496928726,30.083611385775484,True
2026-08-05,ETB,0.0,6.060618996195372,8.33894496928726,28.278594702628954,True
2026-08-06,ETB,0.0,1.1770887426381422,8.33894496928726,26.581879020471217,True
2026-08-07,ETB,0.0,0.22861333402309567,8.33894496928726,24.986966279242942,True
2026-08-10,ETB,0.0,0.04440118542583976,8.33894496928726,23.487748302488363,True
2026-08-11,ETB,0.0,0.00862364666986113,8.33894496928726,22.07848340433906,True
2026-08-12,ETB,0.0,0.0016749612048536366,8.33894496928726,20.753774400078715,True
2026-08-13,ETB,0.0,0.0003253929737651343,8.33894496928726,19.50854793607399,True
2026-08-14,ETB,0.0,6.328089234551792e-05,8.33894496928726,18.33803505990955,True
2026-08-18,ETB,-0.03390155167568134,1.723775292301404e-05,8.33894496928726,17.237752956314978,True
2026-08-19,ETB,0.0068728792877620504,9.260964811655258,8.33894496928726,16.893076902547413,True
2026-08-20,ETB,0.0,2.1792797317441766,8.33894496928726,15.907834170217058,True
2026-08-21,ETB,-0.020761991448429128,0.4232580804563275,8.33894496928726,14.953364120004034,True
2026-08-24,ETB,0.04779066383634848,3.55560609116336,8.33894496928726,14.314798446146577,True
2026-08-25,ETB,0.125163142954006,19.09417722068835,8.33894496928726,14.826279069329102,True
2026-08-26,ETB,0.06269859421556398,129.94056102126976,8.33894496928726,23.336189737644325,True
2026-08-27,ETB,0.0,56.9131122169806,8.33894496928726,24.294686583350437,True
2026-08-28,ETB,0.03794493156412347,11.053620018664342,8.33894496928726,22.83700538834941,True
2026-08-31,ETB,-0.032435275753153844,13.748600597411102,8.33894496928726,22.330675763892053,True
2026-09-01,ETB,-0.08004270767353637,11.14743625385879,8.33894496928726,21.622063485968408,True
2026-09-02,ETB,0.26053108338583014,53.790092882802426,8.33894496928726,24.168840707837024,True
2026-09-03,ETB,0.1528392042294475,557.382422664963,8.33894496928726,63.44457751148347,True
2026-09-04,ETB,-0.04016604172533476,296.48333505899643,8.33894496928726,73.65379627048893,True
2026-09-08,ETB,0.10863384100279537,70.58251010189983,8.33894496928726,70.2025550389884,True
2026-09-09,ETB,0.007326040092072881,108.80117864886294,8.33894496928726,73.07118858326147,True
2026-09-10,ETB,-0.07579383936953367,21.563748954099825,8.33894496928726,68.71911978632419,True
2026-09-11,ETB,-0.056695343676545294,50.47783293574939,8.33894496928726,68.04279625096953,True
2026-09-14,ETB,0.04879016416943204,35.70447694301376,8.33894496928726,65.8888456726723,True
2025-01-02,Nutresa,0.0,3.259478260191141,9.145975496016703,6.405183626087968,True
2025-01-03,Nutresa,0.0370274626091699,3.251803581063193,9.145975496016703,6.02087260852269,True
2025-01-07,Nutresa,0.05943280357839214,11.938251856543314,9.145975496016703,6.482240044375414,True
2025-01-08,Nutresa,0.0,28.812637790953282,9.145975496016703,8.212660526425534,True
2025-01-09,Nutresa,0.0,12.632717333515167,9.145975496016703,7.719900894840001,True
2025-01-10,Nutresa,0.0,6.692847621903296,9.145975496016703,7.256706841149601,True
2025-01-13,Nutresa,0.0,4.512240351074317,9.145975496016703,6.821304430680624,True
2025-01-14,Nutresa,0.00618771310816555,3.7117096491472115,9.145975496016703,6.412026164839786,True
2025-01-15,Nutresa,0.0,3.6621783977525855,9.145975496016703,6.050277271054777,True
2025-01-16,Nutresa,0.0,3.3996402998069817,9.145975496016703,5.68726063479149,True
2025-01-17,Nutresa,0.04969274528629112,3.3032589795011464,9.145975496016703,5.346024996704,True
2025-01-20,Nutresa,0.0,18.91252803340006,9.145975496016703,6.506884857354685,True
2025-01-21,Nutresa,0.0,8.998251870893565,9.145975496016703,6.116471765913404,True
2025-01-22,Nutresa,0.0,5.3585857275933595,9.145975496016703,5.749483459958599,True
2025-01-23,Nutresa,0.0,4.022414592399089,9.145975496016703,5.404514452361083,True
2025-01-24,Nutresa,0.0,3.531887925327503,9.145975496016703,5.080243585219417,True
2025-01-27,Nutresa,0.00021736767828212737,3.351808888465675,9.145975496016703,4.775428970106252,True
2025-01-28,Nutresa,0.0,3.2860699783324923,9.145975496016703,4.4889315811244135,True
2025-01-29,Nutresa,0.0,3.2615657638614968,9.145975496016703,4.219595686256948,True
2025-01-30,Nutresa,0.04960745773192619,3.252569932162201,9.145975496016703,3.966419945081531,True
2025-01-31,Nutresa,0.0,18.840291728240196,9.145975496016703,5.204974665951546,True
2025-02-03,Nutresa,-0.060753895942398564,8.971732936994815,9.145975496016703,4.892676185994453,True
2025-02-04,Nutresa,0.0,28.68891916807624,9.145975496016703,6.813737138142664,True
2025-02-05,Nutresa,0.0,12.587298537871344,9.145975496016703,6.4049129098541036,True
2025-02-06,Nutresa,0.09431067947124142,6.67617376189933,9.145975496016703,6.020618135262857,True
2025-02-07,Nutresa,0.0,60.829258421826424,9.145975496016703,10.996083604543433,True
2025-02-10,Nutresa,0.0,24.38645590434142,9.145975496016703,10.336318588270826,True
2025-02-11,Nutresa,0.0001999800026662447,11.007805530300175,9.145975496016703,9.716139472974577,True
2025-02-12,Nutresa,0.0,6.0966392275740064,9.145975496016703,9.133195099796982,True
2025-02-13,Nutresa,0.08597771623838604,4.293364109216325,9.145975496016703,8.585203393809163,True
2025-02-14,Nutresa,0.07933674223652101,50.443671165712395,9.145975496016703,12.505391803921675,True
2025-02-17,Nutresa,0.05762911283663642,60.4357569951064,9.145975496016703,15.531659496908883,True
2025-02-18,Nutresa,-0.06613980250454495,45.279842167851214,9.145975496016703,16.592428714897014,True
2025-02-20,Nutresa,-0.0174157346026112,46.3417326556825,9.145975496016703,18.22156707720732,True
2025-02-21,Nutresa,-0.04445966911547626,20.981749867545048,9.145975496016703,17.31025773962404,True
2025-02-24,Nutresa,0.04324132417319448,22.25328550205422,9.145975496016703,17.457639581961175,True
2025-02-25,Nutresa,-0.01615203654052267,22.072705199050596,9.145975496016703,17.53206847679428,True
2025-02-26,Nutresa,0.034786116085415604,11.8042069992242,9.145975496016703,16.63667733883045,True
2025-02-27,Nutresa,0.012739025777429712,14.058530066117974,9.145975496016703,16.36452102188543,True
2025-02-28,Nutresa,0.011745101458282673,8.247540705137164,9.145975496016703,15.480019427227115,True
2025-03-03,Nutresa,0.0,5.95990485448759,9.145975496016703,14.6339867065527,True
2025-03-04,Nutresa,-0.01682125449014337,4.243167053960787,9.145975496016703,13.755947504159536,True
2025-03-05,Nutresa,-0.042095069167053224,5.398174597287745,9.145975496016703,13.100363415483264,True
2025-03-06,Nutresa,-0.0012392672206556854,15.237808819120618,9.145975496016703,13.377538519461666,True
2025-03-07,Nutresa,0.03567146364213985,7.658524213319202,9.145975496016703,12.57580767824048,True
2025-03-10,Nutresa,0.00851068966790861,12.93167566409331,9.145975496016703,12.584731208569554,True
2025-03-11,Nutresa,-0.004246290881451097,7.263811261913748,9.145975496016703,11.873106439229447,True
2025-03-12,Nutresa,0.004246290881451004,4.834567159666508,9.145975496016703,11.171538644625617,True
2025-03-13,Nutresa,0.0,3.9455532609796986,9.145975496016703,10.512064917698016,True
2025-03-14,Nutresa,0.0,3.50367108114133,9.145975496016703,9.881341022636134,True
2025-03-17,Nutresa,0.05762911283663642,3.3414500997077443,9.145975496016703,9.288460561277965,True
2025-03-18,Nutresa,-0.019386713800190095,24.319742572457486,9.145975496016703,10.723821715403952,True
2025-03-19,Nutresa,-0.003267976764616111,13.355603897364428,9.145975496016703,10.305899215662002,True
2025-03-20,Nutresa,-0.06055302045188687,7.024743894994128,9.145975496016703,9.693953066002724,True
2025-03-21,Nutresa,0.0,27.81999988581147,9.145975496016703,11.31231685355054,True
2025-03-24,Nutresa,0.0,12.268306405608584,9.145975496016703,10.633577842337507,True
2025-03-25,Nutresa,0.0589150184476484,6.559067394803501,9.145975496016703,9.995563171797256,True
2025-03-26,Nutresa,0.0,26.44987054084112,9.145975496016703,11.478417020701473,True
2025-03-27,Nutresa,0.0,11.765313216081584,9.145975496016703,10.789711999459383,True
2025-03-28,Nutresa,0.012220111334775397,6.374411727337288,9.145975496016703,10.14232927949182,True
2025-03-31,Nutresa,0.01207258123426924,5.344455914402846,9.145975496016703,9.623388195342894,True
2025-04-01,Nutresa,-0.013855546290440807,4.943614487985118,9.145975496016703,9.133433234217138,True
2025-04-02,Nutresa,0.01193370072774222,5.080504260427614,9.145975496016703,8.700612937968039,True
2025-04-03,Nutresa,0.0,4.825568068611012,9.145975496016703,8.264024089525545,True
2025-04-04,Nutresa,0.0,3.826736532258315,9.145975496016703,7.768182644154012,True
2025-04-07,Nutresa,-0.033083763636116696,3.460051837769802,9.145975496016703,7.302091685504771,True
2025-04-08,Nutresa,0.010712916629770752,10.241714727304553,9.145975496016703,7.520687434172747,True
2025-04-09,Nutresa,-0.00016394786494631225,6.54494540921246,9.145975496016703,7.138306137752233,True
2025-04-10,Nutresa,0.00016394786494637975,4.458059589588476,9.145975496016703,6.710023896828551,True
2025-04-11,Nutresa,0.004089985251525066,3.6920432174906623,9.145975496016703,6.30743859036029,True
2025-04-14,Nutresa,-0.02563182902627993,3.517819131908632,9.145975496016703,5.9390290625532876,True
2025-04-15,Nutresa,-0.008748373426492819,7.496213179711471,9.145975496016703,5.976881714339559,True
2025-04-16,Nutresa,0.011257785031918583,5.288661334621077,9.145975496016703,5.664189234044804,True
2025-04-17,Nutresa,0.0,4.802554907968432,9.145975496016703,5.40038051429705,True
2025-04-18,Nutresa,0.0,3.818288086777455,9.145975496016703,5.076357683439226,True
2025-04-21,Nutresa,0.0,3.4569502980833757,9.145975496016703,4.771776222432872,True
2025-04-22,Nutresa,0.0,3.324298262347434,9.145975496016703,4.4854696490869,True
2025-04-23,Nutresa,-0.005697066347221501,3.2755998888712314,9.145975496016703,4.2163414701416855,True
2025-04-24,Nutresa,0.00820019656534001,3.461260401863977,9.145975496016703,3.9828349209119707,True
2025-04-25,Nutresa,0.01159913584335194,3.754152301442992,9.145975496016703,3.7842107598833805,True
2025-04-28,Nutresa,0.0,4.2887072627088365,9.145975496016703,3.6378820856778966,True
2025-04-29,Nutresa,0.022480177809510657,3.6296476004110696,9.145975496016703,3.4196091605372225,True
2025-04-30,Nutresa,0.019461453275167233,6.593439961716,9.145975496016703,3.5176476475133183,True
2025-05-01,Nutresa,0.0,6.8791963235906675,9.145975496016703,3.5338376868114296,True
2025-05-02,Nutresa,0.0,4.580651503765872,9.145975496016703,3.3218074256027434,True
2025-05-05,Nutresa,0.0,3.7368243173483284,9.145975496016703,3.1224989800665788,True
2025-05-06,Nutresa,0.0,3.4270438360646858,9.145975496016703,2.935149041262584,True
2025-05-07,Nutresa,-0.002530846020284861,3.313319191814079,9.145975496016703,2.7590400987868287,True
2025-05-08,Nutresa,0.0,3.311273979130058,9.145975496016703,2.597340801806654,True
2025-05-09,Nutresa,-0.018542730770243373,3.2708184966757723,9.145975496016703,2.4415003536982547,True
2025-05-12,Nutresa,0.0073943432876292054,5.4259358613999975,9.145975496016703,2.501310051126998,True
2025-05-13,Nutresa,0.0,4.39561202898902,9.145975496016703,2.384037235652562,True
2025-05-14,Nutresa,-0.021694229469681692,3.668893799731085,9.145975496016703,2.2409950015134084,True
2025-05-15,Nutresa,0.010582109330537008,6.373580097388345,9.145975496016703,2.3889190567925276,True
2025-05-16,Nutresa,0.0,5.107227993591947,9.145975496016703,2.3127725361150393,True
2025-05-19,Nutresa,0.003072199036970059,3.930137736347673,9.145975496016703,2.1740061839481366,True
2025-05-20,Nutresa,0.0,3.558757234048236,9.145975496016703,2.049228857064904,True
2025-05-21,Nutresa,0.0,3.361672978555738,9.145975496016703,1.9262751256410098,True
2025-05-22,Nutresa,0.000968210500034861,3.289320657485007,9.145975496016703,1.810698618102549,True
2025-05-23,Nutresa,0.005148016517401237,3.269010632262514,9.145975496016703,1.7026191599598226,True
2025-05-26,Nutresa,0.010217202546654914,3.424725186822154,9.145975496016703,1.6163632548002946,True
2025-05-27,Nutresa,0.004437408232123505,3.9765081374008036,9.145975496016703,1.5820161962398998,True
2025-05-28,Nutresa,0.0,3.6411143892908893,9.145975496016703,1.4989095795566163,True
2025-05-29,Nutresa,-0.03606314816796,3.39190741470437,9.145975496016703,1.4089750047832192,True
2025-05-30,Nutresa,0.036221263434318356,11.51955983161888,9.145975496016703,2.104766897966769,True
2025-06-04,Nutresa,0.0,14.599453981919202,9.145975496016703,2.7656688389557362,True
2025-06-05,Nutresa,0.0,7.414863498266998,9.145975496016703,2.599728708618392,True
2025-06-06,Nutresa,0.0,4.777302237292929,9.145975496016703,2.4437449861012883,True
2025-06-09,Nutresa,-0.00015409507696726807,3.8090174865864777,9.145975496016703,2.2971202869352108,True
2025-06-10,Nutresa,-0.02370296529765149,3.453646504559691,9.145975496016703,2.159307316894745,True
2025-06-11,Nutresa,0.0,6.871034040878932,9.145975496016703,2.3668472162220633,True
2025-06-12,Nutresa,0.0,4.577655018339099,9.145975496016703,2.2248363832487392,True
2025-06-13,Nutresa,0.0,3.735724266635805,9.145975496016703,2.0913462002538146,True
2025-06-16,Nutresa,0.0,3.426639992428634,9.145975496016703,1.9658654282385857,True
2025-06-17,Nutresa,0.020770638171429223,3.313170935301427,9.145975496016703,1.8479135025442703,True
2025-06-18,Nutresa,0.0,6.008744737194464,9.145975496016703,1.9958903384206739,True
2025-06-19,Nutresa,0.0,4.261096841735229,9.145975496016703,1.8761369181154333,True
2025-06-20,Nutresa,0.0,3.6195114378942392,9.145975496016703,1.7635687030285072,True
2025-06-24,Nutresa,-0.02662647511532219,3.3839766762919083,9.145975496016703,1.6577545808467966,True
2025-06-25,Nutresa,0.004118491485970168,7.775715406538959,9.145975496016703,1.9836708122361122,True
2025-06-26,Nutresa,0.026980194028754702,5.018481237920544,9.145975496016703,1.8748277467739505,True
2025-06-27,Nutresa,-0.00015388166530325742,8.51341144745399,9.145975496016703,2.1990966038650646,True
2025-06-30,Nutresa,0.0,5.180693413048457,9.145975496016703,2.0671650153733103,True
2025-07-01,Nutresa,0.00030773965468286355,3.9571078948863683,9.145975496016703,1.9431351144509117,True
2025-07-02,Nutresa,0.0,3.5086135841797064,9.145975496016703,1.8266038298008953,True
2025-07-03,Nutresa,-0.021459383574639106,3.343264560055336,9.145975496016703,1.7170076000128416,True
2025-07-04,Nutresa,0.0001571709237027232,6.1899748984768905,9.145975496016703,1.8902902300541657,True
2025-07-07,Nutresa,0.0,4.327836970917035,9.145975496016703,1.7768876378704703,True
2025-07-08,Nutresa,0.0,3.644012650549697,9.145975496016703,1.670274379598242,True
2025-07-09,Nutresa,0.0,3.392971405983735,9.145975496016703,1.5700579168223474,True
2025-07-10,Nutresa,0.02099447299625343,3.3008107375252442,9.145975496016703,1.4758544418130064,True
2025-07-11,Nutresa,0.0,6.063446094117637,9.145975496016703,1.651763913138475,True
2025-07-14,Nutresa,0.0,4.281178456723804,9.145975496016703,1.5526580783501664,True
2025-07-15,Nutresa,0.0,3.626883672939811,9.145975496016703,1.4594985936491565,True
2025-07-16,Nutresa,0.0,3.3866831244335582,9.145975496016703,1.371928678030207,True
2025-07-17,Nutresa,0.0,3.2985022235114556,9.145975496016703,1.2896129573483943,True
2025-07-18,Nutresa,0.0,3.266129810809695,9.145975496016703,1.2122361799074906,True
2025-07-21,Nutresa,0.0,3.2542454561118577,9.145975496016703,1.139502009113041,True
2025-07-22,Nutresa,0.0,3.249882547239875,9.145975496016703,1.0711318885662584,True
2025-07-23,Nutresa,0.0,3.248280863824225,9.145975496016703,1.0068639752522828,True
2025-07-24,Nutresa,-0.026194201090823717,3.2476928639738403,9.145975496016703,0.9464521367371458,True
2025-07-25,Nutresa,0.018779894651596275,7.5813190338090415,9.145975496016703,1.3013467110048236,True
2025-07-28,Nutresa,0.0,7.076682200216119,9.145975496016703,1.434876574219567,True
2025-07-29,Nutresa,0.0077220460939103185,4.653151265438025,9.145975496016703,1.348783979766393,True
2025-07-30,Nutresa,0.0,4.143371279378984,9.145975496016703,1.3036349385062946,True
2025-07-31,Nutresa,0.0,3.576292776593536,9.145975496016703,1.2254168421959168,True
2025-08-01,Nutresa,0.0,3.3681105156447186,9.145975496016703,1.1518918316641618,True
2025-08-04,Nutresa,0.0,3.291683965244943,9.145975496016703,1.082778321764312,True
2025-08-05,Nutresa,0.0,3.2636267351073305,9.145975496016703,1.0178116224584532,True
2025-08-06,Nutresa,0.0,3.253326542845908,9.145975496016703,0.956742925110946,True
2025-08-07,Nutresa,0.0,3.2495452016336115,9.145975496016703,0.8993383496042893,True
2025-08-08,Nutresa,-0.007722046093910278,3.2481570196462353,9.145975496016703,0.8453780486280319,True
2025-08-11,Nutresa,0.0,3.622496294140696,9.145975496016703,0.830433363236235,True
2025-08-12,Nutresa,0.0,3.385072457773559,9.145975496016703,0.7806073614420608,True
2025-08-13,Nutresa,0.0,3.2979109257894184,9.145975496016703,0.7337709197555371,True
2025-08-14,Nutresa,0.0077220460939103185,3.265912737342683,9.145975496016703,0.6897446645702048,True
2025-08-15,Nutresa,0.05098555473286774,3.634097075127472,9.145975496016703,0.6841379822218778,True
2025-08-19,Nutresa,0.015953927942241684,19.858159967214043,9.145975496016703,2.202805778139518,True
2025-08-20,Nutresa,0.0422598092898826,10.961528259296571,9.145975496016703,2.2233541215228905,True
2025-08-21,Nutresa,0.032166714381964806,17.39590170121383,9.145975496016703,3.1614877629618663,True
2025-08-22,Nutresa,0.0,15.000522506091718,9.145975496016703,3.592617005662696,True
2025-08-25,Nutresa,0.0017348372937166083,7.562101229458564,9.145975496016703,3.377059985322934,True
2025-08-26,Nutresa,0.0,4.8509738571179915,9.145975496016703,3.1762421824649594,True
2025-08-27,Nutresa,0.0,3.8360633440958143,9.145975496016703,2.9856676515170615,True
2025-08-28,Nutresa,-0.003472689478972555,3.4634758377384793,9.145975496016703,2.8065275924260376,True
2025-08-29,Nutresa,0.0,3.401874454058403,9.145975496016703,2.645371680210895,True
2025-09-01,Nutresa,-0.01008547511987829,3.30407916803075,9.145975496016703,2.486649379398241,True
2025-09-02,Nutresa,0.0,3.9086100001086903,9.145975496016703,2.3984805016705573,True
2025-09-03,Nutresa,-0.03423249923749758,3.4901087056727285,9.145975496016703,2.2545716715703237,True
2025-09-04,Nutresa,0.0,10.741773056199154,9.145975496016703,2.822415773703268,True
2025-09-05,Nutresa,0.046322920561313805,5.9986561597931285,9.145975496016703,2.6530708272810717,True
2025-09-08,Nutresa,0.0,17.853194657542687,9.145975496016703,3.781374359242082,True
2025-09-09,Nutresa,-0.0393542512452204,8.609356125064227,9.145975496016703,3.554491897687557,True
2025-09-10,Nutresa,0.01993878360383104,15.004738077852451,9.145975496016703,4.270476638469463,True
2025-09-11,Nutresa,-0.023277684869345647,10.08628226698753,9.145975496016703,4.252781095121536,True
2025-09-12,Nutresa,0.08977140703782203,9.179654758807404,9.145975496016703,4.322724597140182,True
2025-09-15,Nutresa,0.0,56.45843632943979,9.145975496016703,8.898704434241967,True
2025-09-16,Nutresa,0.0,22.781867437438528,9.145975496016703,8.364782168187448,True
2025-09-17,Nutresa,0.0,10.418739195936542,9.145975496016703,7.8628952380962005,True
2025-09-18,Nutresa,0.0,5.880066019165035,9.145975496016703,7.391121523810428,True
2025-09-19,Nutresa,0.0,4.213857127438571,9.145975496016703,6.947654232381802,True
2025-09-22,Nutresa,0.0,3.6021690937910007,9.145975496016703,6.530794978438894,True
2025-09-23,Nutresa,0.0372589665702424,3.3776100649888336,9.145975496016703,6.13894727973256,True
2025-09-24,Nutresa,0.0,12.093354597744979,9.145975496016703,6.60354879687807,True
2025-09-25,Nutresa,0.0,6.494840197441536,9.145975496016703,6.2073358690653855,True
2025-09-26,Nutresa,0.06555052729597863,4.439549122070531,9.145975496016703,5.834895716921462,True
2025-09-29,Nutresa,0.0,30.900909250200804,9.145975496016703,8.06292495117468,True
2025-09-30,Nutresa,-0.16197816971712412,13.399350298308612,9.145975496016703,7.579149454104198,True
2025-10-01,Nutresa,0.16197816971712417,172.9709161919329,9.145975496016703,22.86655696580364,True
2025-10-02,Nutresa,0.0,231.65842581130582,9.145975496016703,37.23672002680112,True
2025-10-03,Nutresa,0.0,87.10017566000136,9.145975496016703,35.002516825193055,True
2025-10-06,Nutresa,0.08269171584511341,34.03086831105144,9.145975496016703,32.90236581568147,True
2025-10-07,Nutresa,0.05657035148839424,57.8518748253013,9.145975496016703,35.03097578838597,True
2025-10-08,Nutresa,0.0,43.56569257469178,9.145975496016703,34.849240041595095,True
2025-10-09,Nutresa,0.014888612493750559,18.048765174677065,9.145975496016703,32.75828563909939,True
2025-10-10,Nutresa,0.06160935847897423,10.088976460341804,9.145975496016703,30.925790969946863,True
2025-10-14,Nutresa,0.0,29.801829976023043,9.145975496016703,31.347671343064505,True
2025-10-15,Nutresa,0.027862044351517817,12.995863290537343,9.145975496016703,29.466811062480634,True
2025-10-16,Nutresa,0.07796154146971192,11.748388102129933,9.145975496016703,28.164578507999362,True
2025-10-17,Nutresa,0.08770558041910545,44.86069871238743,9.145975496016703,30.12150496651957,True
2025-10-20,Nutresa,0.09738990325757428,67.23636138191341,9.145975496016703,32.9295759705197,True
2025-10-21,Nutresa,0.024625047305389194,86.7986019273599,9.145975496016703,36.64467736620033,True
2025-10-22,Nutresa,-0.18910124377933335,37.76603842016274,9.145975496016703,34.809832497103905,True
2025-10-23,Nutresa,-0.15415067982725836,242.17300589155403,9.145975496016703,54.17681078661221,True
2025-10-24,Nutresa,0.04652001563489291,241.2986812501762,9.145975496016703,65.18366139413904,True
2025-10-27,Nutresa,0.08701137698962969,104.35092253251162,9.145975496016703,62.5711088232931,True
2025-10-28,Nutresa,-0.021138519202564796,88.30818411765895,9.145975496016703,63.35943012927439,True
2025-10-29,Nutresa,0.09345918078219095,37.295358672744904,9.145975496016703,59.82596651796425,True
2025-10-30,Nutresa,0.09425253824618929,71.05780371078453,9.145975496016703,61.47717961037334,True
2025-10-31,Nutresa,-0.03788685886449241,84.39522946730543,9.145975496016703,63.11867341326057,True
2025-11-04,Nutresa,0.0,42.10991734068092,9.145975496016703,60.19280145323571,True
2025-11-05,Nutresa,-0.048643633287786515,17.514330209921685,9.145975496016703,56.581233366041566,True
2025-11-06,Nutresa,0.0,23.444322578631066,9.145975496016703,54.60608119974106,True
2025-11-07,Nutresa,-0.023347363996991177,10.661935523064482,9.145975496016703,51.32971632775659,True
2025-11-10,Nutresa,0.04239555896768555,9.411523164054048,9.145975496016703,48.576992991455995,True
2025-11-11,Nutresa,0.0,16.899649253646494,9.145975496016703,46.740803464078134,True
2025-11-12,Nutresa,-0.007575793808457656,8.259296588112306,9.145975496016703,43.93635525623344,True
2025-11-13,Nutresa,0.0,5.4480423334374315,9.145975496016703,41.33460953195639,True
2025-11-14,Nutresa,0.0,4.055255333795474,9.145975496016703,38.854532960039,True
2025-11-18,Nutresa,0.0,3.5439442098834375,9.145975496016703,36.52326098243666,True
2025-11-19,Nutresa,0.0,3.3562349151360005,9.145975496016703,34.33186532349046,True
2025-11-20,Nutresa,0.0,3.2873242701553105,9.145975496016703,32.27195340408103,True
2025-11-21,Nutresa,0.0,3.2620262315150605,9.145975496016703,30.335636199836166,True
2025-11-24,Nutresa,-0.030890487019338445,3.252738976124795,9.145975496016703,28.515498027845993,True
2025-11-25,Nutresa,0.027080958602670614,9.278305856394583,9.145975496016703,27.37710145915038,True
2025-11-26,Nutresa,0.0037334798976759002,10.111760547287675,9.145975496016703,26.17450236290509,True
2025-11-27,Nutresa,0.0,5.856815815755219,9.145975496016703,24.612395544418593,True
2025-11-28,Nutresa,0.0,4.205321660321408,9.145975496016703,23.135651811753476,True
2025-12-01,Nutresa,0.0,3.599035607273742,9.145975496016703,21.747512703048265,True
2025-12-02,Nutresa,-0.0006846970483173513,3.3764597193054557,9.145975496016703,20.442661940865367,True
2025-12-04,Nutresa,-0.02309571479464923,3.2974907833597547,9.145975496016703,19.216383510442228,True
2025-12-05,Nutresa,-0.012145105210569935,6.634050034624027,9.145975496016703,18.38344772494116,True
2025-12-09,Nutresa,0.024529164410291602,5.4201882077134105,9.145975496016703,17.368943009790176,True
2025-12-10,Nutresa,0.0,7.8610518561346,9.145975496016703,16.687814373203036,True
2025-12-11,Nutresa,0.011472401162236781,4.94110407547522,9.145975496016703,15.686545510810852,True
2025-12-12,Nutresa,0.007575793808457723,4.7059063902856355,9.145975496016703,14.824322373218575,True
2025-12-15,Nutresa,0.0,4.148530431602414,9.145975496016703,13.96929862192242,True
2025-12-16,Nutresa,0.0,3.578186771814969,9.145975496016703,13.131140704607073,True
2025-12-17,Nutresa,0.0,3.3688058271500703,9.145975496016703,12.343272262330649,True
2025-12-18,Nutresa,0.0037664827954768648,3.2919392235919562,9.145975496016703,11.602675926590809,True
2025-12-19,Nutresa,0.0,3.354743677970414,9.145975496016703,10.915027206584533,True
2025-12-22,Nutresa,0.028170876966696224,3.286776816631296,9.145975496016703,10.26012557418946,True
2025-12-23,Nutresa,0.008806141111498604,8.293671203316116,9.145975496016703,10.120677025181735,True
2025-12-24,Nutresa,0.020014297423993386,5.593613982523612,9.145975496016703,9.559965276436206,True
2025-12-29,Nutresa,0.0,6.650449210696268,9.145975496016703,9.226710620675673,True
2025-12-30,Nutresa,0.0,4.496675315435757,9.145975496016703,8.673107983435132,True
2025-12-31,Nutresa,0.0,3.705995512047907,9.145975496016703,8.152721504429024,True
2026-01-02,Nutresa,0.004034404028237583,3.415726160719442,9.145975496016703,7.663558214163283,True
2026-01-05,Nutresa,0.01729674437426864,3.4135031930533506,9.145975496016703,7.213510570831321,True
2026-01-06,Nutresa,0.0004164642248018551,5.2074930320555115,9.145975496016703,6.960206356150717,True
2026-01-07,Nutresa,0.002772004547010492,3.9681811465281327,9.145975496016703,6.542698040251998,True
2026-01-08,Nutresa,6.920175775233046e-05,3.5615213563357373,9.145975496016703,6.154746563362066,True
2026-01-09,Nutresa,0.0,3.362740807016042,9.145975496016703,5.785464642890307,True
2026-01-13,Nutresa,0.0,3.2897126718923237,9.145975496016703,5.4383367643168885,True
2026-01-14,Nutresa,-0.018014730999072758,3.2629030464026343,9.145975496016703,5.112036558457875,True
2026-01-15,Nutresa,0.055301315785089324,5.301041927877228,9.145975496016703,5.000032684731774,True
2026-01-16,Nutresa,0.0,23.37464339467517,9.145975496016703,6.5349720401851705,True
2026-01-19,Nutresa,0.0,10.636355343273227,9.145975496016703,6.1428737177740595,True
2026-01-20,Nutresa,0.02955880224154443,5.959955878062864,9.145975496016703,5.774301294707616,True
2026-01-21,Nutresa,0.0,9.782585379610993,9.145975496016703,5.952076890997999,True
2026-01-22,Nutresa,0.0,5.6465252674995146,9.145975496016703,5.594952277538119,True
2026-01-23,Nutresa,0.0,4.128121128865884,9.145975496016703,5.2592551408858315,True
2026-01-26,Nutresa,-0.02955880224154439,3.5706942381230555,9.145975496016703,4.9436998324326815,True
2026-01-27,Nutresa,0.0001999800026662447,8.88600011022456,9.145975496016703,5.171311516459559,True
2026-01-28,Nutresa,0.014688632491084349,5.317695487906413,9.145975496016703,4.861056820672864,True
2026-01-29,Nutresa,0.0,5.377726819250735,9.145975496016703,4.698846966107376,True
2026-01-30,Nutresa,0.0,4.029441548488392,9.145975496016703,4.416916148140933,True
2026-02-02,Nutresa,0.0,3.534467616850058,9.145975496016703,4.1519011792524765,True
2026-02-03,Nutresa,-0.03169573081013185,3.352755928445286,9.145975496016703,3.9027871084973276,True
2026-02-04,Nutresa,0.0782157464450248,9.633715217301578,9.145975496016703,4.271391492940493,True
2026-02-05,Nutresa,0.0,44.33571956326571,9.145975496016703,7.685729798535512,True
2026-02-06,Nutresa,0.0,18.33145259570523,9.145975496016703,7.224586010623381,True
2026-02-09,Nutresa,0.0,8.784931144033106,9.145975496016703,6.791110849985977,True
2026-02-10,Nutresa,0.0,5.280272776199648,9.145975496016703,6.3836441989868185,True
2026-02-11,Nutresa,-0.06140862812864349,3.9936648387007265,9.145975496016703,6.000625547047609,True
2026-02-12,Nutresa,-6.666888898765192e-05,27.367393086584542,9.145975496016703,7.903199779409968,True
2026-02-13,Nutresa,-0.03383488278669368,12.102154460414864,9.145975496016703,7.429010459489826,True
2026-02-16,Nutresa,0.0,13.732214626627997,9.145975496016703,7.670149407834017,True
2026-02-17,Nutresa,0.050430853626891904,7.096488090133028,9.145975496016703,7.209940443363975,True
2026-02-18,Nutresa,0.0,20.773033200122903,9.145975496016703,8.303306615284336,True
2026-02-19,Nutresa,-0.015263436829976973,9.681268719906198,9.145975496016703,7.805108218367276,True
2026-02-20,Nutresa,0.0,7.07875874289223,9.145975496016703,7.476585227582858,True
2026-02-23,Nutresa,0.020495626660279164,4.65391359260639,9.145975496016703,7.027990113927887,True
2026-02-24,Nutresa,0.0,6.429034811156804,9.145975496016703,6.8583531344107405,True
2026-02-25,Nutresa,0.0,4.415391066295052,9.145975496016703,6.446851946346095,True
2026-02-26,Nutresa,0.0,3.6761549543781666,9.145975496016703,6.060040829565329,True
2026-02-27,Nutresa,0.0,3.4047712845724076,9.145975496016703,5.6964383797914095,True
2026-03-02,Nutresa,-0.001958864485333034,3.305142634064163,9.145975496016703,5.354652077003925,True
2026-03-03,Nutresa,-0.019802627296179754,3.2922077627394577,9.145975496016703,5.035675242426828,True
2026-03-04,Nutresa,0.0,5.739128424010054,9.145975496016703,4.96882115658006,True
2026-03-05,Nutresa,0.0,4.1621170119731925,9.145975496016703,4.6706918871852565,True
2026-03-06,Nutresa,0.014560151331329652,3.583174590972736,9.145975496016703,4.390450373954141,True
2026-03-09,Nutresa,0.0,4.717134886783473,9.145975496016703,4.254222155591624,True
2026-03-12,Nutresa,0.0,3.786929230722725,9.145975496016703,3.9989688262561267,True
2026-03-13,Nutresa,-0.0013149245813090288,3.4454380338692054,9.145975496016703,3.759030696680759,True
2026-03-16,Nutresa,0.0,3.33058200502304,9.145975496016703,3.5345262708726315,True
2026-03-17,Nutresa,0.0,3.277906736602194,9.145975496016703,3.3224546946202733,True
2026-03-18,Nutresa,0.0,3.2585689263659163,9.145975496016703,3.1231074129430567,True
2026-03-19,Nutresa,0.0,3.2514697522004115,9.145975496016703,2.935720968166473,True
2026-03-24,Nutresa,0.0,3.2488635484360566,9.145975496016703,2.7595777100764844,True
2026-03-25,Nutresa,0.0,3.247906775450497,9.145975496016703,2.594003047471895,True
2026-03-26,Nutresa,0.0,3.2475555310242488,9.145975496016703,2.4383628646235813,True
2026-03-27,Nutresa,0.0,3.247426584399676,9.145975496016703,2.292061092746166,True
2026-03-30,Nutresa,0.0,3.2473792463332294,9.145975496016703,2.154537427181396,True
2026-03-31,Nutresa,0.0,3.2473618678827094,9.145975496016703,2.025265181550512,True
2026-04-01,Nutresa,0.00013157029161794425,3.2473554880162476,9.145975496016703,1.9037492706574812,True
2026-04-02,Nutresa,0.0,3.2475060009716836,9.145975496016703,1.789534700863014,True
2026-04-03,Nutresa,0.0,3.2474084012411235,9.145975496016703,1.682162618811233,True
2026-04-06,Nutresa,-0.010314823005818846,3.247372571047462,9.145975496016703,1.581232861682559,True
2026-04-07,Nutresa,0.023255334281553644,3.9173280256730223,9.145975496016703,1.5501962341664273,True
2026-04-08,Nutresa,0.0,6.923678461182483,9.145975496016703,1.7816708036445243,True
2026-04-09,Nutresa,0.0,4.596981503810335,9.145975496016703,1.6747705554258527,True
2026-04-10,Nutresa,0.0,3.7428192833254403,9.145975496016703,1.5742843221003016,True
2026-04-13,Nutresa,0.0,3.4292446699268337,9.145975496016703,1.4798272627742834,True
2026-04-14,Nutresa,0.0,3.314127147973842,9.145975496016703,1.3910376270078264,True
2026-04-15,Nutresa,-0.006514681021193642,3.271865933913915,9.145975496016703,1.3075753693873569,True
2026-04-16,Nutresa,0.003979001368618789,3.5228111131252207,9.145975496016703,1.2545854885088557,True
2026-04-17,Nutresa,0.002535679652575028,3.4499875216322744,9.145975496016703,1.1888098303332064,True
2026-04-20,Nutresa,0.0,3.3632690972375983,9.145975496016703,1.1213390432935038,True
2026-04-21,Nutresa,0.0,3.2899066144456395,9.145975496016703,1.0540587006958935,True
2026-04-22,Nutresa,0.0,3.2629742453619413,9.145975496016703,0.9908151786541398,True
2026-04-23,Nutresa,0.0,3.2530870049516416,9.145975496016703,0.9313662679348914,True
2026-04-24,Nutresa,-0.014718172474021534,3.2494572640021078,9.145975496016703,0.8754842918587978,True
2026-04-27,Nutresa,0.014783105430766552,4.614268733871623,9.145975496016703,0.9529299949322971,True
2026-04-28,Nutresa,-0.0006495193785115101,5.137141682093843,9.145975496016703,1.0268783189426551,True
2026-04-29,Nutresa,-0.0029932349261174627,3.9435757048776026,9.145975496016703,0.965518745059933,True
2026-04-30,Nutresa,0.0,3.5586632349135106,9.145975496016703,0.9129632935500945,True
2026-05-04,Nutresa,0.0,3.361638470189969,9.145975496016703,0.8581854959370888,True
2026-05-05,Nutresa,0.0,3.2893079889927748,9.145975496016703,0.8066943661808634,True
2026-05-06,Nutresa,-0.02293950697215652,3.262754481784894,9.145975496016703,0.7582927042100116,True
2026-05-07,Nutresa,0.015351323770010757,6.5758380216625865,9.145975496016703,1.0285277300327818,True
2026-05-08,Nutresa,-0.0019060770173231617,5.965816261526209,9.145975496016703,1.1082139511258333,True
2026-05-11,Nutresa,-6.579163790653213e-05,4.2677035325593575,9.145975496016703,1.0439009918158637,True
2026-05-12,Nutresa,0.0032842909185510963,3.621942588014071,9.145975496016703,0.9812695294306829,True
2026-05-13,Nutresa,0.0,3.4542167033953337,9.145975496016703,0.9288652977674482,True
2026-05-14,Nutresa,-0.020873434519365172,3.323294722414464,9.145975496016703,0.8731333799014013,True
2026-05-15,Nutresa,0.0038095284166676487,6.0258498596022925,9.145975496016703,1.0821655382878528,True
2026-05-19,Nutresa,0.0007335045172670139,4.360477697078137,9.145975496016703,1.0259431100450207,True
2026-05-20,Nutresa,-0.0001333244452344963,3.659642003205067,9.145975496016703,0.9647093407684302,True
2026-05-21,Nutresa,0.009422138578904886,3.3987777778300674,9.145975496016703,0.9068374455669426,True
2026-05-22,Nutresa,-0.004965417861963449,3.8678986017537733,9.145975496016703,0.9056932160729787,True
2026-05-25,Nutresa,-0.004456720716941318,3.629569451570135,9.145975496016703,0.8661448478349433,True
2026-05-26,Nutresa,0.013245226750020723,3.5119086334834053,9.145975496016703,0.8260935726941351,True
2026-05-27,Nutresa,-0.0033609046760441096,4.45914371055011,9.145975496016703,0.8817895773281657,True
2026-05-28,Nutresa,0.005923408131537188,3.7625999431175368,9.145975496016703,0.8356596108333488,True
2026-06-01,Nutresa,-0.002036326121595623,3.660515061380461,9.145975496016703,0.8065720925190044,True
2026-06-02,Nutresa,0.0,3.424602960128008,9.145975496016703,0.7606657414119598,True
2026-06-03,Nutresa,0.0,3.312423112931355,9.145975496016703,0.7150257969272421,True
2026-06-04,Nutresa,0.0,3.271240359383866,9.145975496016703,0.6721242491116075,True
2026-06-05,Nutresa,0.006031223212261815,3.25612160827004,9.145975496016703,0.631796794164911,True
2026-06-08,Nutresa,0.0,3.4827726357194893,9.145975496016703,0.6157143785766918,True
2026-06-09,Nutresa,0.003197496932881124,3.33377799505757,9.145975496016703,0.5787715158620902,True
2026-06-10,Nutresa,0.0033171840883124194,3.3448384910212408,9.145975496016703,0.5501796168918353,True
2026-06-11,Nutresa,0.0,3.3538731017744046,9.145975496016703,0.523771066043777,True
2026-06-17,Nutresa,0.0,3.2864572162233747,9.145975496016703,0.49234480208115033,True
2026-06-18,Nutresa,0.0,3.261707924178372,9.145975496016703,0.4628041139562813,True
2026-06-19,Nutresa,0.0,3.2526221211555044,9.145975496016703,0.4350358671189044,True
2026-06-22,Nutresa,0.01239045278567626,3.2492865988132795,9.145975496016703,0.4089337150917701,True
2026-06-23,Nutresa,-0.017337735366857128,4.223767724113929,9.145975496016703,0.47651168432670754,True
2026-06-24,Nutresa,-0.011089716328636041,5.502539624837809,9.145975496016703,0.6282792238578063,True
2026-06-25,Nutresa,0.012524343245707016,4.849947650621974,9.145975496016703,0.6643715553761081,True
2026-06-26,Nutresa,0.0035126556641099905,4.832548473433418,9.145975496016703,0.7186247662953139,True
2026-06-29,Nutresa,0.0,3.908545358356543,9.145975496016703,0.6829105302063574,True
2026-06-30,Nutresa,0.0,3.4900849748029326,9.145975496016703,0.6419358983939759,True
2026-07-01,Nutresa,0.0,3.336462454573736,9.145975496016703,0.6034197444903373,True
2026-07-02,Nutresa,-0.026317308317373417,3.2800655299206607,9.145975496016703,0.5672145598209171,True
2026-07-03,Nutresa,-0.005146554152879116,7.634076199576204,9.145975496016703,0.9487421164746777,True
2026-07-06,Nutresa,0.04237811075820659,5.02371729163764,9.145975496016703,0.9077098012753073,True
2026-07-07,Nutresa,0.0,15.27945873679932,9.145975496016703,1.9307897760596848,True
2026-07-08,Nutresa,-0.001607045632398511,7.664502528192366,9.145975496016703,1.8149423894961036,True
2026-07-09,Nutresa,-0.004513515947876263,4.884764174814433,9.145975496016703,1.707595403525104,True
2026-07-10,Nutresa,-0.015500147510905142,3.9759134086287826,9.145975496016703,1.6173627750406376,True
2026-07-14,Nutresa,0.01291181941905376,5.030254232919607,9.145975496016703,1.6644737522540907,True
2026-07-15,Nutresa,0.008708889672126248,4.961245683652452,9.145975496016703,1.6646343755449975,True
2026-07-16,Nutresa,0.02040822284108711,4.359422725956682,9.145975496016703,1.610263168605058,True
2026-07-17,Nutresa,-0.020215550800415334,6.298267776841773,9.145975496016703,1.7635447142076364,True
2026-07-21,Nutresa,-0.002443259750753686,6.947139176140148,9.145975496016703,1.902933127853682,True
2026-07-22,Nutresa,-0.0013527879152615086,4.6425704788691,9.145975496016703,1.792338851108253,True
2026-07-23,Nutresa,0.0066176475885426165,3.770692479259293,9.145975496016703,1.6858965411279643,True
2026-07-24,Nutresa,0.0,3.7188166281124815,9.145975496016703,1.6110187044239728,True
2026-07-27,Nutresa,0.021538904372423444,3.420432967479176,9.145975496016703,1.5143575821585342,True
2026-07-28,Nutresa,-0.016492743749243276,6.2540945716158625,9.145975496016703,1.7018507681676633,True
2026-07-29,Nutresa,6.37125290904528e-05,6.067258531689021,9.145975496016703,1.7629460799045256,True
2026-07-30,Nutresa,-0.012565878897806363,4.282624712097471,9.145975496016703,1.6571717506820718,True
2026-07-31,Nutresa,0.012820688429061469,4.622615222103144,9.145975496016703,1.6524822331257487,True
2026-08-03,Nutresa,-6.36962960819532e-05,4.796724479461804,9.145975496016703,1.651955330215246,True
2026-08-04,Nutresa,-0.00031854235289894135,3.8161523729697455,9.145975496016703,1.5528404447332118,True
2026-08-05,Nutresa,0.0003185423528989545,3.4567036058733502,9.145975496016703,1.4597308995875733,True
2026-08-06,Nutresa,-0.0008921744155389614,3.3249547105930137,9.145975496016703,1.372207927150673,True
2026-08-07,Nutresa,0.0,3.280584897311628,9.145975496016703,1.290353036634278,True
2026-08-10,Nutresa,0.0008921744155390294,3.259552115728475,9.145975496016703,1.212931854436221,True
2026-08-11,Nutresa,-0.0015299295391960732,3.2571619136830097,9.145975496016703,1.1406335282826934,True
2026-08-12,Nutresa,0.0012113871862970882,3.2652636141669786,9.145975496016703,1.0735999272226746,True
2026-08-13,Nutresa,0.0,3.2636134596133397,9.145975496016703,1.0100644069383888,True
2026-08-14,Nutresa,0.0,3.2533216692308082,9.145975496016703,0.9494605425220854,True
2026-08-18,Nutresa,-0.0004461298311781861,3.249543412462966,9.145975496016703,0.8924929099707603,True
2026-08-19,Nutresa,0.0,3.249269193565037,9.145975496016703,0.8390627544682749,True
2026-08-20,Nutresa,0.0,3.2480556933158002,9.145975496016703,0.7887189892001784,True
2026-08-21,Nutresa,0.0003186844732029365,3.247610200805844,9.145975496016703,0.7413958498481676,True
2026-08-24,Nutresa,-0.0010839418283217779,3.248194286676669,9.145975496016703,0.6969730347333539,True
2026-08-25,Nutresa,0.0,3.2547403424765973,9.145975496016703,0.655859610581664,True
2026-08-26,Nutresa,0.0006377551236571413,3.2500642267812756,9.145975496016703,0.6165080339467641,True
2026-08-27,Nutresa,0.0,3.251131585073413,9.145975496016703,0.5797615908686088,True
2026-08-28,Nutresa,0.0,3.2487394026665886,9.145975496016703,0.5449758954164923,True
2026-08-31,Nutresa,0.0004461867046645717,3.2478611998435074,9.145975496016703,0.5122773416915027,True
2026-09-01,Nutresa,-0.009090389722062985,3.2489455992570146,9.145975496016703,0.48166015073526425,True
2026-09-02,Nutresa,0.005579262236130169,3.7679321943707924,9.145975496016703,0.5023416528705414,True
2026-09-03,Nutresa,0.0,3.6373059318474876,9.145975496016703,0.49087805395801387,True
2026-09-04,Nutresa,-0.0009597236732676929,3.3905092779783255,9.145975496016703,0.461425370720533,True
2026-09-08,Nutresa,0.011329762844815553,3.3054203496230428,9.145975496016703,0.43429249019471927,True
2026-09-09,Nutresa,0.0,4.084793231843843,9.145975496016703,0.4852530564548939,True
2026-09-10,Nutresa,-0.0033600690946486798,3.554787975551119,9.145975496016703,0.45613787306760023,True
2026-09-11,Nutresa,0.00651962938501721,3.4305633378084,9.145975496016703,0.4355436392760321,True
2026-09-14,Nutresa,-0.031077304740841607,3.5857686913812,9.145975496016703,0.4349143613102581,True
2025-01-02,Banco Davivienda PF,0.0,2.1322872513746187,3.76492112968398,1.2990792127271147,True
2025-01-03,Banco Davivienda PF,0.030288311589188027,2.0382862080291435,3.76492112968398,1.2211344599634877,True
2025-01-07,Banco Davivienda PF,0.05899829267009883,3.079079478479789,3.76492112968398,1.698295483719924,True
2025-01-08,Banco Davivienda PF,0.01755342777466035,6.940450112126344,3.76492112968398,3.684876877488713,True
2025-01-09,Banco Davivienda PF,-0.02277537731361193,6.311407656523369,3.76492112968398,3.6486579608235203,True
2025-01-10,Banco Davivienda PF,-0.005249361502446923,5.974940210362189,3.76492112968398,3.7409691702405428,True
2025-01-13,Banco Davivienda PF,0.0,5.165548178749173,3.76492112968398,3.533044497736133,True
2025-01-14,Banco Davivienda PF,-0.006335738904625087,4.489060308490086,3.76492112968398,3.321061827871965,True
2025-01-15,Banco Davivienda PF,-0.012793407984758615,3.9776406678506797,3.76492112968398,3.145883070680195,True
2025-01-16,Banco Davivienda PF,-0.002148165048718431,3.6959570788422016,3.76492112968398,3.0553328591580744,True
2025-01-17,Banco Davivienda PF,0.003220574180736747,3.303181534046897,3.76492112968398,2.874781655454511,True
2025-01-20,Banco Davivienda PF,0.009600061902004802,3.002104710169645,3.76492112968398,2.708518014959417,True
2025-01-21,Banco Davivienda PF,0.0,2.8649893664924315,3.76492112968398,2.601303647175246,True
2025-01-22,Banco Davivienda PF,0.00845667585536066,2.6302851853930687,3.76492112968398,2.445225428344731,True
2025-01-23,Banco Davivienda PF,-0.014846502386685159,2.53861304861361,3.76492112968398,2.341421122557631,True
2025-01-24,Banco Davivienda PF,-0.001068861136210039,2.595325542908978,3.76492112968398,2.3331870350748822,True
2025-01-27,Banco Davivienda PF,0.005333351193079631,2.41181694536988,3.76492112968398,2.193881291447489,True
2025-01-28,Banco Davivienda PF,0.02831858420120531,2.3066238429568005,3.76492112968398,2.079315194929874,True
2025-01-29,Banco Davivienda PF,0.008238942037355488,3.158655464757984,3.76492112968398,2.4357216099305345,True
2025-01-30,Banco Davivienda PF,0.005115105999466312,2.9609187019418224,3.76492112968398,2.330306412871644,True
2025-01-31,Banco Davivienda PF,-0.007168434118325193,2.747248214607144,3.76492112968398,2.2061866137308113,True
2025-02-03,Banco Davivienda PF,-0.0165807284904269,2.5818491201583926,3.76492112968398,2.1046472855322236,True
2025-02-04,Banco Davivienda PF,-0.0010455007905030914,2.6902835046113953,3.76492112968398,2.143320782764243,True
2025-02-05,Banco Davivienda PF,-0.0020941797002153894,2.488524405734926,3.76492112968398,2.0153773789401535,True
2025-02-06,Banco Davivienda PF,-0.0031496762982337954,2.327447336990059,3.76492112968398,1.8970860893738206,True
2025-02-07,Banco Davivienda PF,0.004197260991939711,2.2018250161802695,3.76492112968398,1.7892132004815846,True
2025-02-10,Banco Davivienda PF,0.0,2.122383843455424,3.76492112968398,1.6924306083533647,True
2025-02-11,Banco Davivienda PF,-0.011585100407072089,2.030284583303878,3.76492112968398,1.5908847718521626,True
2025-02-12,Banco Davivienda PF,0.001058676128046313,2.090601223760676,3.76492112968398,1.575960416406198,True
2025-02-13,Banco Davivienda PF,-0.002118582306825916,2.0077973142906402,3.76492112968398,1.482075268508283,True
2025-02-14,Banco Davivienda PF,-0.0010610307719559945,1.939111228413989,3.76492112968398,1.3958437869922635,True
2025-02-17,Banco Davivienda PF,0.04565110570039073,1.8816122615049973,3.76492112968398,1.3127686315521503,True
2025-02-18,Banco Davivienda PF,0.03879155562415086,4.3312407397789165,3.76492112968398,2.4844165846599706,True
2025-02-20,Banco Davivienda PF,0.0373426998378224,5.627283267882422,3.76492112968398,3.2382224622253273,True
2025-02-21,Banco Davivienda PF,-0.0037664676155631325,6.5440866813068705,3.76492112968398,3.8806154531984287,True
2025-02-24,Banco Davivienda PF,-0.021936963023310326,5.612567096020286,3.76492112968398,3.6562902929859744,True
2025-02-25,Banco Davivienda PF,0.0,5.368380120078449,3.76492112968398,3.725651083418467,True
2025-02-26,Banco Davivienda PF,0.012458208997014324,4.652941781419045,3.76492112968398,3.5021120184133587,True
2025-02-27,Banco Davivienda PF,-0.019231283718467152,4.276946806206997,3.76492112968398,3.38510948015653,True
2025-02-28,Banco Davivienda PF,-0.01960849098038133,4.1650679144140295,3.76492112968398,3.403908275423246,True
2025-03-03,Banco Davivienda PF,-0.020000687090271103,4.090967850596957,3.76492112968398,3.4303695300144685,True
2025-03-04,Banco Davivienda PF,0.0010096128067360014,4.048388815119731,3.76492112968398,3.4645638486633628,True
2025-03-05,Banco Davivienda PF,0.00904073334048441,3.5894193680291857,3.76492112968398,3.257301608555276,True
2025-03-06,Banco Davivienda PF,0.009950340943050766,3.326443196186835,3.76492112968398,3.110904427642207,True
2025-03-07,Banco Davivienda PF,0.018637124822081776,3.135602535031674,3.76492112968398,2.983655732913446,True
2025-03-10,Banco Davivienda PF,-0.008784818487028312,3.284582004232558,3.76492112968398,3.013041841918953,True
2025-03-11,Banco Davivienda PF,-0.01680717589141921,3.0429728157175453,3.76492112968398,2.8785631529138365,True
2025-03-12,Banco Davivienda PF,0.02169716605925106,3.07120813715114,3.76492112968398,2.8753380606060683,True
2025-03-13,Banco Davivienda PF,0.0029225176911831185,3.380984478576404,3.76492112968398,2.985277985971334,True
2025-03-14,Banco Davivienda PF,0.0019436767863128261,3.0623129641122904,3.76492112968398,2.8112859726062207,True
2025-03-17,Banco Davivienda PF,0.004842629255479896,2.7975688870207422,3.76492112968398,2.644875541919638,True
2025-03-18,Banco Davivienda PF,-0.019512833624893255,2.6116369232489425,3.76492112968398,2.5002536442680774,True
2025-03-19,Banco Davivienda PF,0.01661001185594408,2.8316838546594365,3.76492112968398,2.578688831255652,True
2025-03-20,Banco Davivienda PF,-0.015625254144604816,2.952642409173764,3.76492112968398,2.5895029976930743,True
2025-03-21,Banco Davivienda PF,0.0,2.955939671587143,3.76492112968398,2.5806219580815837,True
2025-03-24,Banco Davivienda PF,0.0,2.7037700116220047,3.76492112968398,2.4257846405966883,True
2025-03-25,Banco Davivienda PF,-0.011881380236110413,2.5000253004475774,3.76492112968398,2.280237562160887,True
2025-03-26,Banco Davivienda PF,0.004967725232353081,2.4776590295742262,3.76492112968398,2.2281236262202544,True
2025-03-27,Banco Davivienda PF,0.014756800336489117,2.3548056160301187,3.76492112968398,2.1092431850375335,True
2025-03-28,Banco Davivienda PF,-0.01376618965503931,2.496696939682009,3.76492112968398,2.1133464876378847,True
2025-03-31,Banco Davivienda PF,0.014742296502885386,2.52758893580162,3.76492112968398,2.100250484950718,True
2025-04-01,Banco Davivienda PF,0.013566093306847183,2.6357786198105058,3.76492112968398,2.104636639561067,True
2025-04-02,Banco Davivienda PF,-0.003857269573871004,2.6825225054131567,3.76492112968398,2.0887817737534533,True
2025-04-03,Banco Davivienda PF,0.03232212224567287,2.4931908422090063,3.76492112968398,1.9723819844675525,True
2025-04-04,Banco Davivienda PF,-0.009398479275525607,3.597754945073091,3.76492112968398,2.4808708172780327,True
2025-04-07,Banco Davivienda PF,0.014995533731074253,3.3078325954246948,3.76492112968398,2.3850174158568413,True
2025-04-08,Banco Davivienda PF,-0.023530522238234347,3.275365087988765,3.76492112968398,2.3768359900333023,True
2025-04-09,Banco Davivienda PF,0.01418465002865698,3.5610691557663072,3.76492112968398,2.566437116713729,True
2025-04-10,Banco Davivienda PF,-0.06297476567055628,3.451114953580586,3.76492112968398,2.533173467572192,True
2025-04-11,Banco Davivienda PF,0.015873385265358222,7.584623362560361,3.76492112968398,4.760675726274747,True
2025-04-14,Banco Davivienda PF,0.012714080499774271,6.763827111491177,3.76492112968398,4.626213798567757,True
2025-04-15,Banco Davivienda PF,0.003879717466708619,5.990389941718008,3.76492112968398,4.4456296764265355,True
2025-04-16,Banco Davivienda PF,0.0038647234130438426,5.179879759859136,3.76492112968398,4.1879232204138335,True
2025-04-17,Banco Davivienda PF,0.0,4.5248531285525155,3.76492112968398,3.945609479424601,True
2025-04-18,Banco Davivienda PF,0.0,3.971399984201869,3.76492112968398,3.708872910659125,True
2025-04-21,Banco Davivienda PF,-0.0028971167606841237,3.524228222698561,3.76492112968398,3.4863405360195774,True
2025-04-22,Banco Davivienda PF,0.0028971167606841623,3.167467178112086,3.76492112968398,3.2821960751734247,True
2025-04-23,Banco Davivienda PF,0.02382201809403006,2.889581418333509,3.76492112968398,3.090300281978041,True
2025-04-24,Banco Davivienda PF,0.0037593876209718715,3.350065268937174,3.76492112968398,3.245375392702736,True
2025-04-25,Banco Davivienda PF,0.003745307541642602,3.0453051657503463,3.76492112968398,3.0591326663114016,True
2025-04-28,Banco Davivienda PF,0.012999249272000132,2.798921546230534,3.76492112968398,2.884001103481608,True
2025-04-29,Banco Davivienda PF,0.010096489441609579,2.7958811011600972,3.76492112968398,2.8123493262540693,True
2025-04-30,Banco Davivienda PF,0.0,2.710580892371402,3.76492112968398,2.7047718261055453,True
2025-05-05,Banco Davivienda PF,-0.007332725163178029,2.5055282659166243,3.76492112968398,2.5424855165392124,True
2025-05-06,Banco Davivienda PF,0.007332725163178088,2.3890129621060856,3.76492112968398,2.422197700538082,True
2025-05-07,Banco Davivienda PF,0.03146330116428209,2.321107521711835,3.76492112968398,2.3091271534970197,True
2025-05-08,Banco Davivienda PF,0.04752510190794952,3.3937315866567337,3.76492112968398,2.764543116379788,True
2025-05-09,Banco Davivienda PF,-0.020461075649036962,5.758580031191844,3.76492112968398,3.953851716213594,True
2025-05-12,Banco Davivienda PF,0.0017212076519315534,5.416516577623396,3.76492112968398,3.9678139832701462,True
2025-05-13,Banco Davivienda PF,0.042917793910410854,4.698344901557277,3.76492112968398,3.7315226777425776,True
2025-05-14,Banco Davivienda PF,-0.004127125240030518,6.321780248470935,3.76492112968398,4.612793537559924,True
2025-05-15,Banco Davivienda PF,-0.025975444257762326,5.43560311166959,3.76492112968398,4.346245822954466,True
2025-05-16,Banco Davivienda PF,0.005080387373445307,5.442288895085943,3.76492112968398,4.490305296210069,True
2025-05-19,Banco Davivienda PF,0.0016878002547437165,4.751640829968949,3.76492112968398,4.236373179956022,True
2025-05-20,Banco Davivienda PF,0.0,4.160955705267801,3.76492112968398,3.983899990978608,True
2025-05-21,Banco Davivienda PF,-0.00846745972088957,3.6773829505329,3.76492112968398,3.7448659915198914,True
2025-05-22,Banco Davivienda PF,0.005089091941337238,3.354569037908539,3.76492112968398,3.5631927565036303,True
2025-05-23,Banco Davivienda PF,-0.010204215272065047,3.064950615834508,3.76492112968398,3.3649405051858428,True
2025-05-26,Banco Davivienda PF,-0.012903418410042996,2.8941971455353563,3.76492112968398,3.2255196804658794,True
2025-05-27,Banco Davivienda PF,0.0,2.8236481809735205,3.76492112968398,3.1318874236367087,True
2025-05-28,Banco Davivienda PF,-0.004338406202000556,2.5968828803563593,3.76492112968398,2.943974178218506,True
2025-05-29,Banco Davivienda PF,-0.008733599903879561,2.427703431738866,3.76492112968398,2.7786287885495295,True
2025-05-30,Banco Davivienda PF,-0.003515017335910451,2.3496957455580687,3.76492112968398,2.6576765216051847,True
2025-06-04,Banco Davivienda PF,-0.004210536872385043,2.2219676460112328,3.76492112968398,2.505629138431924,True
2025-06-05,Banco Davivienda PF,-0.012739039007915757,2.1237469769173214,3.76492112968398,2.365928562578237,True
2025-06-06,Banco Davivienda PF,-0.005141422398025611,2.1965619462052826,3.76492112968398,2.3213427177306625,True
2025-06-09,Banco Davivienda PF,0.0008587561201517009,2.1116380426708354,3.76492112968398,2.1979226892317745,True
2025-06-10,Banco Davivienda PF,-0.016443468343464523,2.0239927313963615,3.76492112968398,2.0664898051222065,True
2025-06-11,Banco Davivienda PF,0.004353516005462857,2.23454936110601,3.76492112968398,2.1047330075123862,True
2025-06-12,Banco Davivienda PF,0.0,2.1506510961494607,3.76492112968398,1.9898208880275359,True
2025-06-13,Banco Davivienda PF,-0.022848045761015037,2.053123584778668,3.76492112968398,1.8704316347458836,True
2025-06-16,Banco Davivienda PF,-0.022472878498239722,2.53809814560269,3.76492112968398,2.071425653719593,True
2025-06-17,Banco Davivienda PF,-0.004555821189185712,2.910918933315176,3.76492112968398,2.250158275294405,True
2025-06-18,Banco Davivienda PF,0.004555821189185764,2.683284957907196,3.76492112968398,2.1276020828014404,True
2025-06-19,Banco Davivienda PF,0.0,2.515664101843874,3.76492112968398,2.012399261858054,True
2025-06-20,Banco Davivienda PF,0.0,2.3480419719882915,3.76492112968398,1.8916553061465708,True
2025-06-24,Banco Davivienda PF,0.006343425131620311,2.2126088574788403,3.76492112968398,1.7781559877777764,True
2025-06-25,Banco Davivienda PF,0.017017875909242468,2.161138153528414,3.76492112968398,1.695610053951393,True
2025-06-26,Banco Davivienda PF,0.016733107209661383,2.42747952043315,3.76492112968398,1.7676383109917346,True
2025-06-27,Banco Davivienda PF,0.0034874365326281417,2.631032849139042,3.76492112968398,1.8295781384662435,True
2025-06-30,Banco Davivienda PF,0.0,2.4615816907029706,3.76492112968398,1.7271007782997345,True
2025-07-01,Banco Davivienda PF,-0.005235637100057614,2.3043451797610137,3.76492112968398,1.6234747316017504,True
2025-07-02,Banco Davivienda PF,-0.004384053574278808,2.199687166166158,3.76492112968398,1.5425133852117452,True
2025-07-03,Banco Davivienda PF,-0.014159561326870379,2.1071619930411503,3.76492112968398,1.4614945375443287,True
2025-07-04,Banco Davivienda PF,0.006219520704995395,2.224877570366756,3.76492112968398,1.4941007714733108,True
2025-07-07,Banco Davivienda PF,-0.012477874669612136,2.169026271408344,3.76492112968398,1.427664187864832,True
2025-07-08,Banco Davivienda PF,-0.006297859728422287,2.225985335899385,3.76492112968398,1.435422750355271,True
2025-07-09,Banco Davivienda PF,-0.004522852806718734,2.1486647222868016,3.76492112968398,1.3730952076292846,True
2025-07-10,Banco Davivienda PF,0.006326318418614531,2.0671211698781304,3.76492112968398,1.3029832136782735,True
2025-07-11,Banco Davivienda PF,-0.0027064195691818022,2.043307294047744,3.76492112968398,1.248817603697798,True
2025-07-14,Banco Davivienda PF,-0.006343425131620363,1.9700357006384908,3.76492112968398,1.1782833716066003,True
2025-07-15,Banco Davivienda PF,0.0,1.9424515643008156,3.76492112968398,1.1317297947504878,True
2025-07-16,Banco Davivienda PF,0.0,1.884905276957586,3.76492112968398,1.0638260070654586,True
2025-07-17,Banco Davivienda PF,0.006343425131620311,1.8384097877876049,3.76492112968398,0.999996446641531,True
2025-07-18,Banco Davivienda PF,0.008097291896662617,1.8587977316611677,3.76492112968398,0.9641400852833224,True
2025-07-21,Banco Davivienda PF,-0.00809729189666256,1.9077431893714225,3.76492112968398,0.9456313618021779,True
2025-07-22,Banco Davivienda PF,0.0,1.9183189678145853,3.76492112968398,0.9282331617299014,True
2025-07-23,Banco Davivienda PF,-0.006343425131620363,1.865406940394592,3.76492112968398,0.8725391720261073,True
2025-07-24,Banco Davivienda PF,0.0,1.8579150005469578,3.76492112968398,0.8443302471448245,True
2025-07-25,Banco Davivienda PF,-0.026717396902395232,1.8166025407438422,3.76492112968398,0.793670432316135,True
2025-07-28,Banco Davivienda PF,0.003727854978204083,2.562211917624414,3.76492112968398,1.1743417847212383,True
2025-07-29,Banco Davivienda PF,0.041008065624693654,2.40841595731645,3.76492112968398,1.1122194192810764,True
2025-07-30,Banco Davivienda PF,-0.029907070052866174,4.28253772186839,3.76492112968398,2.054483121891722,True
2025-07-31,Banco Davivienda PF,0.023637414119873603,4.75809580308631,3.76492112968398,2.467873838066446,True
2025-08-01,Banco Davivienda PF,-0.0036003493116840216,4.849284918337542,3.76492112968398,2.6550378155470993,True
2025-08-04,Banco Davivienda PF,0.0,4.242103294879399,3.76492112968398,2.5035130557139595,True
2025-08-05,Banco Davivienda PF,0.03281888979796602,3.742947508181119,3.76492112968398,2.353302272371122,True
2025-08-06,Banco Davivienda PF,0.016443468343464593,4.645886493781703,3.76492112968398,2.8583518525714777,True
2025-08-07,Banco Davivienda PF,0.0,4.411783965203292,3.76492112968398,2.849083332114702,True
2025-08-08,Banco Davivienda PF,0.015332479492845344,3.88004385502873,3.76492112968398,2.67813833218782,True
2025-08-11,Banco Davivienda PF,0.01593325104509928,3.75013161221804,3.76492112968398,2.6585009886956645,True
2025-08-12,Banco Davivienda PF,0.0016625464045364365,3.667997670516498,3.76492112968398,2.651312022693619,True
2025-08-13,Banco Davivienda PF,0.02461160370079839,3.2852648427047324,3.76492112968398,2.493891737660344,True
2025-08-14,Banco Davivienda PF,0.008071076932798727,3.7154713035984335,3.76492112968398,2.7076968554358154,True
2025-08-15,Banco Davivienda PF,0.0048114965734229985,3.4073359536642247,3.76492112968398,2.58432041382276,True
2025-08-19,Banco Davivienda PF,-0.012072511590384749,3.10390464742284,3.76492112968398,2.443151488559031,True
2025-08-20,Banco Davivienda PF,-0.0171503113600214,2.9705344483467298,3.76492112968398,2.3840097209054734,True
2025-08-21,Banco Davivienda PF,0.0008234017730472193,3.025562490233672,3.76492112968398,2.4174490454985524,True
2025-08-22,Banco Davivienda PF,0.0,2.762281206709803,3.76492112968398,2.2728088970565534,True
2025-08-25,Banco Davivienda PF,-0.0008234017730472105,2.547300403032409,3.76492112968398,2.13644036323316,True
2025-08-26,Banco Davivienda PF,0.0008234017730472193,2.372915352002346,3.76492112968398,2.0086607357270845,True
2025-08-27,Banco Davivienda PF,-0.014090625407747814,2.2349639921958078,3.76492112968398,1.8885478858713738,True
2025-08-28,Banco Davivienda PF,0.02147072345447925,2.3260050185996715,3.76492112968398,1.8943624473479723,True
2025-08-29,Banco Davivienda PF,-0.0115038193896719,2.767158042512351,3.76492112968398,2.0572958799023295,True
2025-09-01,Banco Davivienda PF,-0.004140796859624852,2.6839422297198916,3.76492112968398,2.0132608434383044,True
2025-09-02,Banco Davivienda PF,0.0,2.4964572651923294,3.76492112968398,1.9027529120116133,True
2025-09-03,Banco Davivienda PF,-0.015050432363248226,2.332523485796557,3.76492112968398,1.7885877372909165,True
2025-09-04,Banco Davivienda PF,0.015050432363248158,2.4355089396450307,3.76492112968398,1.8171817816458873,True
2025-09-05,Banco Davivienda PF,0.0057922761164322855,2.572565268464288,3.76492112968398,1.8440601833395585,True
2025-09-08,Banco Davivienda PF,0.02283948301911984,2.4432379614278306,3.76492112968398,1.7535468499045799,True
2025-09-09,Banco Davivienda PF,-0.024490962275927362,2.934575005377678,3.76492112968398,1.9613192296587032,True
2025-09-10,Banco Davivienda PF,0.01232049676342034,3.337424611528812,3.76492112968398,2.2035244157997194,True
2025-09-11,Banco Davivienda PF,-0.008196775420480022,3.2098539228303276,3.76492112968398,2.162389735150207,True
2025-09-12,Banco Davivienda PF,0.0,2.9720807513455165,3.76492112968398,2.072958627417466,True
2025-09-15,Banco Davivienda PF,0.0,2.716811468052044,3.76492112968398,1.9485811097724177,True
2025-09-16,Banco Davivienda PF,-0.004123721342940371,2.5105623641609505,3.76492112968398,1.8316662431860726,True
2025-09-17,Banco Davivienda PF,-0.037041292338412544,2.356239184151695,3.76492112968398,1.7319693152234414,True
2025-09-18,Banco Davivienda PF,-0.005159105714724285,3.7421580957264204,3.76492112968398,2.4512855591698797,True
2025-09-19,Banco Davivienda PF,0.012848155935961513,3.3606077443096103,3.76492112968398,2.320178248685107,True
2025-09-22,Banco Davivienda PF,0.02188643500325698,3.2449111985016863,3.76492112968398,2.2800126203368705,True
2025-09-23,Banco Davivienda PF,0.023859633323025847,3.531223821369246,3.76492112968398,2.430621485407734,True
2025-09-24,Banco Davivienda PF,0.003246742804969914,3.870635704563375,3.76492112968398,2.6263534576688174,True
2025-09-25,Banco Davivienda PF,-0.0024341304069886447,3.460831672611874,3.76492112968398,2.4750970535136627,True
2025-09-26,Banco Davivienda PF,-0.002439986871339931,3.114214198696313,3.76492112968398,2.3301462248057785,True
2025-09-29,Banco Davivienda PF,-0.010642730392808554,2.83418137607986,3.76492112968398,2.1939095728768185,True
2025-09-30,Banco Davivienda PF,-0.008264518202565163,2.7175472042828046,3.76492112968398,2.130235624632616,True
2025-10-01,Banco Davivienda PF,0.016461293623045187,2.575483693129672,3.76492112968398,2.043402843826978,True
2025-10-02,Banco Davivienda PF,0.0065093536024828,2.7396785018235565,3.76492112968398,2.0833831858438243,True
2025-10-03,Banco Davivienda PF,-0.0097800725110451,2.589759891695663,3.76492112968398,1.9838032052864882,True
2025-10-06,Banco Davivienda PF,0.011400853075056384,2.5011999975907426,3.76492112968398,1.922164903962079,True
2025-10-07,Banco Davivienda PF,0.00323361931381762,2.507299544613409,3.76492112968398,1.8848226802277679,True
2025-10-08,Banco Davivienda PF,0.000806712032195269,2.359179348955468,3.76492112968398,1.7780070957341183,True
2025-10-09,Banco Davivienda PF,0.012024205736384574,2.2238043899333007,3.76492112968398,1.6717171405718043,True
2025-10-10,Banco Davivienda PF,0.003976152568603025,2.301201115661099,3.76492112968398,1.6581630262920384,True
2025-10-14,Banco Davivienda PF,0.00554021835756967,2.200187683478144,3.76492112968398,1.568159118263801,True
2025-10-15,Banco Davivienda PF,0.007861683647562255,2.1386098484285645,3.76492112968398,1.4924859828377042,True
2025-10-16,Banco Davivienda PF,0.0466623695659206,2.1290454998468196,3.76492112968398,1.4400204657320506,True
2025-10-17,Banco Davivienda PF,0.01997844232396252,4.641094342478889,3.76492112968398,2.6600452778920602,True
2025-10-20,Banco Davivienda PF,0.004385991383672831,4.563361438158519,3.76492112968398,2.7399254558336748,True
2025-10-21,Banco Davivienda PF,0.010881511288919002,4.032640748199785,3.76492112968398,2.587072080734245,True
2025-10-22,Banco Davivienda PF,0.011477841274366497,3.73032027179128,3.76492112968398,2.5028921286487136,True
2025-10-23,Banco Davivienda PF,0.012757139512711145,3.5025657682643705,3.76492112968398,2.4317631051215214,True
2025-10-24,Banco Davivienda PF,0.024348983139191212,3.356746437016198,3.76492112968398,2.3835040839422956,True
2025-10-27,Banco Davivienda PF,0.020408892855370012,3.757863373761195,3.76492112968398,2.5962176268533286,True
2025-10-28,Banco Davivienda PF,0.013378139625536637,3.8706461169842763,3.76492112968398,2.6903583137913127,True
2025-10-29,Banco Davivienda PF,-0.016750827581783683,3.674052501863116,3.76492112968398,2.6363215868680463,True
2025-10-30,Banco Davivienda PF,-0.03436760835361924,3.5790101851811924,3.76492112968398,2.6464964264607507,True
2025-10-31,Banco Davivienda PF,-0.027651544650922438,4.513760172057113,3.76492112968398,3.1963861432417615,True
2025-11-04,Banco Davivienda PF,0.00716336162997601,4.798580689473864,3.76492112968398,3.46336772759643,True
2025-11-05,Banco Davivienda PF,-0.0064446972908195205,4.264811616898158,3.76492112968398,3.2863539138457316,True
2025-11-06,Banco Davivienda PF,-0.001437845528209008,3.797873164562941,3.76492112968398,3.114093152917165,True
2025-11-07,Banco Davivienda PF,0.015703364617063224,3.3838467217516097,3.76492112968398,2.9284880035999294,True
2025-11-10,Banco Davivienda PF,0.02033018500833854,3.363216623429838,3.76492112968398,2.9007361195617936,True
2025-11-11,Banco Davivienda PF,-0.009762974508434236,3.5479299268274027,3.76492112968398,2.97468180587205,True
2025-11-12,Banco Davivienda PF,0.012534967847882338,3.2750131268000846,3.76492112968398,2.853390300271129,True
2025-11-13,Banco Davivienda PF,0.017153097217178673,3.1659855732017252,3.76492112968398,2.7764621336233275,True
2025-11-14,Banco Davivienda PF,0.03541968254475963,3.244956638147568,3.76492112968398,2.7864116520911173,True
2025-11-18,Banco Davivienda PF,-0.01455049562897694,4.453739194467405,3.76492112968398,3.371959299908581,True
2025-11-19,Banco Davivienda PF,-0.03456804561705786,4.133134617120961,3.76492112968398,3.2966718957433923,True
2025-11-20,Banco Davivienda PF,-0.0350912846706432,4.977119646679538,3.76492112968398,3.815841448668585,True
2025-11-21,Banco Davivienda PF,-0.002145129355771457,5.700312060517648,3.76492112968398,4.325729917650142,True
2025-11-24,Banco Davivienda PF,-0.012243622865577003,4.922624133307496,3.76492112968398,4.0689470705629285,True
2025-11-25,Banco Davivienda PF,-0.025689513018404077,4.444512513304833,3.76492112968398,3.9147540268538408,True
2025-11-26,Banco Davivienda PF,-0.029424920239294532,4.624921670591952,3.76492112968398,4.075839432716262,True
2025-11-27,Banco Davivienda PF,-0.0007660064629950564,5.002459147936066,3.76492112968398,4.350784625406594,True
2025-11-28,Banco Davivienda PF,0.015209433986904516,4.356599100167178,3.76492112968398,4.090089607423008,True
2025-12-01,Banco Davivienda PF,-0.004538605703511847,4.13059954161709,3.76492112968398,3.983480360298831,True
2025-12-02,Banco Davivienda PF,0.021006014630462207,3.668595841109201,3.76492112968398,3.7568309037200707,True
2025-12-04,Banco Davivienda PF,0.01693082993142754,3.8282324044391194,3.76492112968398,3.7961726398899818,True
2025-12-05,Banco Davivienda PF,-0.025130675972454126,3.77085784617016,3.76492112968398,3.7403940827967364,True
2025-12-09,Banco Davivienda PF,0.009683557581156011,4.0487361557464405,3.76492112968398,3.894900962728422,True
2025-12-10,Banco Davivienda PF,0.0,3.712647085219183,3.76492112968398,3.717469677421255,True
2025-12-11,Banco Davivienda PF,-0.02173184709429753,3.31516447301487,3.76492112968398,3.4944214967759795,True
2025-12-12,Banco Davivienda PF,-0.002275362550577489,3.502147358826637,3.76492112968398,3.5681201138473777,True
2025-12-15,Banco Davivienda PF,-0.0038037362497309476,3.147013876949881,3.76492112968398,3.357139271858477,True
2025-12-16,Banco Davivienda PF,-0.008419437258802646,2.8681051897580536,3.76492112968398,3.164391961221479,True
2025-12-17,Banco Davivienda PF,-0.020187057351282046,2.6998461036426957,3.76492112968398,3.0170605978011387,True
2025-12-18,Banco Davivienda PF,-0.007083846175906843,2.932750325107762,3.76492112968398,3.0805473326354407,True
2025-12-19,Banco Davivienda PF,-0.007930263879381979,2.7304836286221543,3.76492112968398,2.92582301866366,True
2025-12-22,Banco Davivienda PF,0.0,2.5802640158919434,3.76492112968398,2.7880070886618182,True
2025-12-23,Banco Davivienda PF,0.04579465518963343,2.4002365572981827,3.76492112968398,2.620726663342109,True
2025-12-24,Banco Davivienda PF,0.0007933360193958741,4.7657331212977985,3.76492112968398,3.7217733299040354,True
2025-12-29,Banco Davivienda PF,0.0,4.168171203275346,3.76492112968398,3.498844559333596,True
2025-12-30,Banco Davivienda PF,-0.03406269904529931,3.6832128333099563,3.76492112968398,3.28891388577358,True
2025-12-31,Banco Davivienda PF,0.0,4.574330913564658,3.76492112968398,3.787739532377546,True
2026-01-02,Banco Davivienda PF,0.0,4.0113763914280325,3.76492112968398,3.5604751604348928,True
2026-01-05,Banco Davivienda PF,0.0072260450917396276,3.556527832196436,3.76492112968398,3.346846650808799,True
2026-01-06,Banco Davivienda PF,0.007174203748000453,3.262431007470414,3.76492112968398,3.177365288360984,True
2026-01-07,Banco Davivienda PF,0.024324463311370694,3.0238531318774515,3.76492112968398,3.017604890710019,True
2026-01-08,Banco Davivienda PF,0.004640379556502301,3.4874704406266264,3.76492112968398,3.1915563064991495,True
2026-01-09,Banco Davivienda PF,0.007686432924156291,3.166471208723718,3.76492112968398,3.012982801566243,True
2026-01-13,Banco Davivienda PF,0.0061068892081794805,2.956053810060808,3.76492112968398,2.8676525841308007,True
2026-01-14,Banco Davivienda PF,-0.0038124331346559197,2.7579828542059692,3.76492112968398,2.71796988656354,True
2026-01-15,Banco Davivienda PF,-0.005361943141385399,2.5538422036279846,3.76492112968398,2.563612481213461,True
2026-01-16,Banco Davivienda PF,0.009935121843350459,2.402596892988265,3.76492112968398,2.4270459928915233,True
2026-01-19,Banco Davivienda PF,0.015094626222484888,2.3887876434356214,3.76492112968398,2.3406472209433633,True
2026-01-20,Banco Davivienda PF,0.010432285373406047,2.5364381263421407,3.76492112968398,2.3369170321646786,True
2026-01-21,Banco Davivienda PF,0.0007410152247192038,2.5095446826210823,3.76492112968398,2.262001557102107,True
2026-01-22,Banco Davivienda PF,0.000740466527723692,2.34505928901268,3.76492112968398,2.1266109258139396,True
2026-01-23,Banco Davivienda PF,0.009576500443208617,2.2121586301346885,3.76492112968398,1.9993432446723105,True
2026-01-26,Banco Davivienda PF,-0.008836581800498,2.2261736864473423,3.76492112968398,1.9344082664352367,True
2026-01-27,Banco Davivienda PF,0.04554455347442859,2.1887779343893525,3.76492112968398,1.865194877199258,True
2026-01-28,Banco Davivienda PF,0.02443402533728204,4.5679749316132146,3.76492112968398,2.997866995278354,True
2026-01-29,Banco Davivienda PF,-0.010398707220898622,4.7414530515314866,3.76492112968398,3.1762079320714176,True
2026-01-30,Banco Davivienda PF,-0.021127546425875394,4.25304875124083,3.76492112968398,3.0505153232667137,True
2026-02-02,Banco Davivienda PF,-0.01505944559023126,4.231009040705456,3.76492112968398,3.135308334657223,True
2026-02-03,Banco Davivienda PF,0.0,3.969720434090275,3.76492112968398,3.083261975468871,True
2026-02-04,Banco Davivienda PF,-0.0036192583843130685,3.5228712019830755,3.76492112968398,2.8982662569407385,True
2026-02-05,Banco Davivienda PF,0.039806250400419574,3.1705293534293606,3.76492112968398,2.7322297002757465,True
2026-02-06,Banco Davivienda PF,-0.038356974784429364,4.783656096023943,3.76492112968398,3.5190184608237445,True
2026-02-09,Banco Davivienda PF,0.0,5.815975617011452,3.76492112968398,4.190631861942331,True
2026-02-10,Banco Davivienda PF,0.03835697478442928,5.0145840791411285,3.76492112968398,3.9391939502257904,True
2026-02-11,Banco Davivienda PF,-0.0427111180930498,6.139791509117815,3.76492112968398,4.58559682198025,True
2026-02-12,Banco Davivienda PF,-0.01834913866819654,7.312741399112101,3.76492112968398,5.405004777916504,True
2026-02-13,Banco Davivienda PF,0.01689353433549584,6.581069516997424,3.76492112968398,5.282719025160336,True
2026-02-16,Banco Davivienda PF,0.0,5.993530962585526,3.76492112968398,5.1369907850574625,True
2026-02-17,Banco Davivienda PF,-0.003648307585475306,5.158042902087817,3.76492112968398,4.828771337954015,True
2026-02-18,Banco Davivienda PF,-0.015469921772131778,4.491886346840256,3.76492112968398,4.547031146619715,True
2026-02-19,Banco Davivienda PF,0.03501451784510205,4.194281069394709,3.76492112968398,4.417800365604058,True
2026-02-20,Banco Davivienda PF,-0.01808367543329535,5.186983423088796,3.76492112968398,4.888342219622797,True
2026-02-23,Banco Davivienda PF,0.049832373747875754,4.852800425271288,3.76492112968398,4.79125327675149,True
2026-02-24,Banco Davivienda PF,-0.000694685682678485,7.20176522332928,3.76492112968398,5.993737364155188,True
2026-02-25,Banco Davivienda PF,0.0034686125654037952,6.133572296059723,3.76492112968398,5.634402675224508,True
2026-02-26,Banco Davivienda PF,0.004146515961848618,5.2913319147229645,3.76492112968398,5.303557278588364,True
2026-02-27,Banco Davivienda PF,-0.02655641736143271,4.618021632582139,3.76492112968398,4.995659998646181,True
2026-03-02,Banco Davivienda PF,-0.033852710434127284,4.816020320410956,3.76492112968398,5.119066380572173,True
2026-03-03,Banco Davivienda PF,0.021022883701409013,5.473459013304158,3.76492112968398,5.499525999979966,True
2026-03-04,Banco Davivienda PF,0.0,5.28735327655763,3.76492112968398,5.4347314234549495,True
2026-03-05,Banco Davivienda PF,0.0,4.587474782602428,3.76492112968398,5.108647538047652,True
2026-03-06,Banco Davivienda PF,-0.05454557574005267,4.021996201127521,3.76492112968398,4.802128685764793,True
2026-03-09,Banco Davivienda PF,0.007547205635382904,6.913588630675872,3.76492112968398,6.2991328643072,True
2026-03-12,Banco Davivienda PF,-0.012130550568507632,5.980894605472202,3.76492112968398,5.95536108019042,True
2026-03-13,Banco Davivienda PF,0.0,5.296569991189674,3.76492112968398,5.686329569636068,True
2026-03-16,Banco Davivienda PF,-0.009195467093100275,4.594921581955461,3.76492112968398,5.345149795457903,True
2026-03-17,Banco Davivienda PF,0.004608303086194181,4.109501122580309,3.76492112968398,5.075174776766603,True
2026-03-18,Banco Davivienda PF,0.0,3.668650348402774,3.76492112968398,4.783406164561143,True
2026-03-19,Banco Davivienda PF,0.0,3.2796165707156177,3.76492112968398,4.496401794687474,True
2026-03-24,Banco Davivienda PF,-0.07972347383203846,2.965290197420258,3.76492112968398,4.226617687006225,True
2026-03-25,Banco Davivienda PF,0.004966897628336864,9.930368694947006,3.76492112968398,7.786519993694487,True
2026-03-26,Banco Davivienda PF,0.011494379425735212,8.376336531679467,3.76492112968398,7.334130837303044,True
2026-03-27,Banco Davivienda PF,-0.024794658613216277,7.256862247181283,3.76492112968398,6.97335544209452,True
2026-03-30,Banco Davivienda PF,-0.07198598955508335,6.846482455308253,3.76492112968398,6.923819173016413,True
2026-03-31,Banco Davivienda PF,0.05595865364804463,11.720470048282934,3.76492112968398,9.617579637970172,True
2026-04-01,Banco Davivienda PF,0.025190248828558495,13.512243552237267,3.76492112968398,10.919347410553055,True
2026-04-02,Banco Davivienda PF,0.0,12.01294369021285,3.76492112968398,10.644915747546687,True
2026-04-03,Banco Davivienda PF,0.0,10.021528492700302,3.76492112968398,10.006220802693885,True
2026-04-06,Banco Davivienda PF,0.03262932206026777,8.412531144241921,3.76492112968398,9.405847554532253,True
2026-04-07,Banco Davivienda PF,-0.008058061329762424,8.404045592829755,3.76492112968398,9.480300296127924,True
2026-04-08,Banco Davivienda PF,0.007255170881172016,7.166451677762569,3.76492112968398,8.950441689796776,True
2026-04-09,Banco Davivienda PF,-0.017828673211635587,6.179670223395802,3.76492112968398,8.444997691117972,True
2026-04-10,Banco Davivienda PF,0.0,5.644707602747571,3.76492112968398,8.129014782743269,True
2026-04-13,Banco Davivienda PF,0.029804864258351303,4.876205211102697,3.76492112968398,7.6412738957786726,True
2026-04-14,Banco Davivienda PF,-0.003179652917379684,5.337509520045658,3.76492112968398,7.715795422107201,True
2026-04-15,Banco Davivienda PF,0.0,4.634021433895213,3.76492112968398,7.258913812385769,True
2026-04-16,Banco Davivienda PF,0.0,4.05960434964585,3.76492112968398,6.823378983642622,True
2026-04-17,Banco Davivienda PF,0.014229489103964722,3.5954944208771686,3.76492112968398,6.413976244624065,True
2026-04-20,Banco Davivienda PF,-0.007089434970488037,3.4804853253334422,3.76492112968398,6.150624686042531,True
2026-04-21,Banco Davivienda PF,0.00236873383555061,3.173117068771142,3.76492112968398,5.811743257800446,True
2026-04-22,Banco Davivienda PF,0.0007883327172164231,2.889978410842139,3.76492112968398,5.466405202322628,True
2026-04-23,Banco Davivienda PF,-0.014285957247476541,2.6526055711632175,3.76492112968398,5.138793771267091,True
2026-04-24,Banco Davivienda PF,-0.0007996801705642901,2.669516138046543,3.76492112968398,4.9529192896771015,True
2026-04-27,Banco Davivienda PF,-0.018571385585435342,2.4716594477914646,3.76492112968398,4.656127825321592,True
2026-04-28,Banco Davivienda PF,-0.0024479816386400017,2.6787424981829804,3.76492112968398,4.583697973340046,True
2026-04-29,Banco Davivienda PF,-0.0494030970724705,2.4823656638052385,3.76492112968398,4.312271663401514,True
2026-04-30,Banco Davivienda PF,-0.012089957277918272,5.059669141411073,3.76492112968398,5.517934963808591,True
2026-05-04,Banco Davivienda PF,0.01123121956950048,4.551184242994341,3.76492112968398,5.2745591061692085,True
2026-05-05,Banco Davivienda PF,0.0,4.158868565319168,3.76492112968398,5.033769735610054,True
2026-05-06,Banco Davivienda PF,-0.0795416877296199,3.6756966107643745,3.76492112968398,4.731743551473451,True
2026-05-07,Banco Davivienda PF,-0.001862197931064651,10.471144721330173,3.76492112968398,8.243966990510867,True
2026-05-08,Banco Davivienda PF,-0.015970278364491674,8.776491403767574,3.76492112968398,7.75140963976089,True
2026-05-11,Banco Davivienda PF,-0.029795572693698175,7.673425420057776,3.76492112968398,7.439354935998847,True
2026-05-12,Banco Davivienda PF,0.004866189651172906,7.490309789001969,3.76492112968398,7.525659331126188,True
2026-05-13,Banco Davivienda PF,0.00869990987554589,6.4035228252030185,3.76492112968398,7.088327652291326,True
2026-05-14,Banco Davivienda PF,-0.0164972203355777,5.592532346431006,3.76492112968398,6.70844105225942,True
2026-05-15,Banco Davivienda PF,0.001955034835803295,5.119765543171344,3.76492112968398,6.469229556404214,True
2026-05-19,Banco Davivienda PF,0.006812678417506831,4.459993854708565,3.76492112968398,6.0833690797454825,True
2026-05-20,Banco Davivienda PF,0.005802724212567456,3.98494057438627,3.76492112968398,5.746214487292971,True
2026-05-21,Banco Davivienda PF,-0.006773127005845822,3.5845493142571137,3.76492112968398,5.421644583027662,True
2026-05-22,Banco Davivienda PF,-0.011718884113213375,3.2526844077772994,3.76492112968398,5.123871057708393,True
2026-05-25,Banco Davivienda PF,0.0290436677705195,3.0816314398753777,3.76492112968398,4.898838141161244,True
2026-05-26,Banco Davivienda PF,0.04295711810093903,3.8343075192123575,3.76492112968398,5.1110286352301575,True
2026-05-27,Banco Davivienda PF,-0.024989731680173176,5.6276484590992,3.76492112968398,5.9115553144391635,True
2026-05-28,Banco Davivienda PF,0.004675090328993975,5.541031332725591,3.76492112968398,5.931554009241044,True
2026-06-01,Banco Davivienda PF,0.0491454670688884,4.826116826628742,3.76492112968398,5.5887746504371325,True
2026-06-02,Banco Davivienda PF,0.0,7.100229028350281,3.76492112968398,6.7026143314624225,True
2026-06-03,Banco Davivienda PF,-0.011612457424090852,6.052218187876399,3.76492112968398,6.300457471574677,True
2026-06-04,Banco Davivienda PF,-0.019048194970694474,5.340876122234839,3.76492112968398,6.003339523735989,True
2026-06-05,Banco Davivienda PF,0.034206755401536,5.016897334552043,3.76492112968398,5.860839391296784,True
2026-06-08,Banco Davivienda PF,0.0,5.7854220869522806,3.76492112968398,6.211250296879284,True
2026-06-09,Banco Davivienda PF,0.09691789719242178,4.989897841478257,3.76492112968398,5.838575279066527,True
2026-06-10,Banco Davivienda PF,-0.07503518594291408,15.400078199329585,3.76492112968398,11.12410804004304,True
2026-06-11,Banco Davivienda PF,0.017167803622365498,19.145277301836124,3.76492112968398,13.834829035333076,True
2026-06-17,Banco Davivienda PF,0.007496911414178374,16.156304634339563,3.76492112968398,13.181579381942754,True
2026-06-18,Banco Davivienda PF,0.0,13.447735860482313,3.76492112968398,12.424406827477412,True
2026-06-19,Banco Davivienda PF,0.0,11.180792919544098,3.76492112968398,11.678942417828766,True
2026-06-22,Banco Davivienda PF,0.008264509849893431,9.349178304152952,3.76492112968398,10.97820587275904,True
2026-06-23,Banco Davivienda PF,-0.019111508149353765,7.963190052049814,3.76492112968398,10.360494794228888,True
2026-06-24,Banco Davivienda PF,-0.005046268067624272,7.138324999733287,3.76492112968398,9.958014952820845,True
2026-06-25,Banco Davivienda PF,0.0075598848079402575,6.103465891412389,3.76492112968398,9.375812948497789,True
2026-06-26,Banco Davivienda PF,0.004175371410480592,5.326586874615756,3.76492112968398,8.847555286573517,True
2026-06-29,Banco Davivienda PF,0.0,4.646836222349355,3.76492112968398,8.32716220522838,True
2026-06-30,Banco Davivienda PF,0.0,4.069958273161913,3.76492112968398,7.827532472914676,True
2026-07-01,Banco Davivienda PF,-0.01680711831638129,3.603860047243933,3.76492112968398,7.357880524539795,True
2026-07-02,Banco Davivienda PF,-0.026622439610954736,3.5243842555984495,3.76492112968398,7.085895228727911,True
2026-07-03,Banco Davivienda PF,0.0,3.936346141903353,3.76492112968398,7.0859940895075955,True
2026-07-06,Banco Davivienda PF,0.013829088151045181,3.495905882193155,3.76492112968398,6.660834444137139,True
2026-07-07,Banco Davivienda PF,-0.0043010818993905854,3.3862922129961324,3.76492112968398,6.375930584942537,True
2026-07-08,Banco Davivienda PF,0.004301081899390702,3.0652132336897346,3.76492112968398,6.004474333149144,True
2026-07-09,Banco Davivienda PF,0.028766789027713402,2.821180510274529,3.76492112968398,5.655305456463355,True
2026-07-10,Banco Davivienda PF,0.0328167266016283,3.604836948436511,3.76492112968398,5.812504019654537,True
2026-07-14,Banco Davivienda PF,-0.000807428384601044,4.534129426246789,3.76492112968398,6.1099163053828764,True
2026-07-15,Banco Davivienda PF,0.007243492435495104,3.978205626401539,3.76492112968398,5.743712491417659,True
2026-07-16,Banco Davivienda PF,-0.004823160475429269,3.603456280391303,3.76492112968398,5.430570651530444,True
2026-07-17,Banco Davivienda PF,-0.02447104165151494,3.2452580615781565,3.76492112968398,5.118694138621663,True
2026-07-21,Banco Davivienda PF,0.0,3.587352133535121,3.76492112968398,5.170871618010471,True
2026-07-22,Banco Davivienda PF,0.0,3.213930312862486,3.76492112968398,4.8606193209298425,True
2026-07-23,Banco Davivienda PF,-0.008291921473108723,2.9122178823912988,3.76492112968398,4.568982161674052,True
2026-07-24,Banco Davivienda PF,0.0,2.7332476146637283,3.76492112968398,4.33609680900333,True
2026-07-27,Banco Davivienda PF,-0.002501043404588837,2.5238422248098527,3.76492112968398,4.07593100046313,True
2026-07-28,Banco Davivienda PF,0.0008343763521195829,2.357420626415159,3.76492112968398,3.835128271302324,True
2026-07-29,Banco Davivienda PF,-0.01682125449014337,2.222485473498552,3.76492112968398,3.60543828536237,True
2026-07-30,Banco Davivienda PF,0.004231914906580157,2.4088047908583725,3.76492112968398,3.558884749813929,True
2026-07-31,Banco Davivienda PF,0.015088299651201826,2.2900169506937673,3.76492112968398,3.3560971270910143,True
2026-08-03,Banco Davivienda PF,0.00332226219197786,2.4564021954499995,3.76492112968398,3.2913253712842274,True
2026-08-04,Banco Davivienda PF,0.013997758400041704,2.318887652543669,3.76492112968398,3.1004683046505206,True
2026-08-05,Banco Davivienda PF,0.001633987291654955,2.441038635428852,3.76492112968398,3.0320025505070523,True
2026-08-06,Banco Davivienda PF,0.004073325387635869,2.293762552914515,3.76492112968398,2.851684346158203,True
2026-08-07,Banco Davivienda PF,0.0,2.195257378851493,3.76492112968398,2.6905384732168462,True
2026-08-10,Banco Davivienda PF,-0.028867984000852127,2.0891639799116386,3.76492112968398,2.5291061648238355,True
2026-08-11,Banco Davivienda PF,0.028054645200423788,2.9170442661541953,3.76492112968398,2.8773760950984784,True
2026-08-12,Banco Davivienda PF,0.00324939359830939,3.63414898093598,3.76492112968398,3.1769713997855664,True
2026-08-13,Banco Davivienda PF,0.0064672820402629765,3.2697829402245047,3.76492112968398,2.992688251052473,True
2026-08-14,Banco Davivienda PF,0.00962316969146113,3.0173590671585204,3.76492112968398,2.838222398182309,True
2026-08-18,Banco Davivienda PF,0.01583564366133814,2.877870221289718,3.76492112968398,2.723492291237764,True
2026-08-19,Banco Davivienda PF,-0.02063565287737007,2.9594732209477206,3.76492112968398,2.710543319864825,True
2026-08-20,Banco Davivienda PF,-0.0016051367812284334,3.162928873284577,3.76492112968398,2.8034088224781226,True
2026-08-21,Banco Davivienda PF,0.0008028904485905621,2.8711231772493737,3.76492112968398,2.6367501715813066,True
2026-08-24,Banco Davivienda PF,0.04242584410222966,2.637424041388848,3.76492112968398,2.478931941129891,True
2026-08-25,Banco Davivienda PF,-0.015504186535965199,4.607115581496255,3.76492112968398,3.4101673733341156,True
2026-08-26,Banco Davivienda PF,-0.0015637219761827587,4.288550445711371,3.76492112968398,3.349785211019271,True
2026-08-27,Banco Davivienda PF,-0.011806512586988952,3.780510108630322,3.76492112968398,3.150265234209393,True
2026-08-28,Banco Davivienda PF,0.0,3.5103280514433726,3.76492112968398,3.0448855638368664,True
2026-08-31,Banco Davivienda PF,0.0023724803536303955,3.1516974123564214,3.76492112968398,2.862192430006654,True
2026-09-01,Banco Davivienda PF,-0.012718772407774671,2.8726993160178953,3.76492112968398,2.693838082023272,True
2026-09-02,Banco Davivienda PF,-0.0008003201707691552,2.801129227059897,3.76492112968398,2.629268100038338,True
2026-09-03,Banco Davivienda PF,0.019033088431828892,2.577998494246393,3.76492112968398,2.471896321461482,True
2026-09-04,Banco Davivienda PF,0.02021841811319302,2.852041335829002,3.76492112968398,2.5409376153260843,True
2026-09-08,Banco Davivienda PF,-0.014734659756936667,3.129468137235935,3.76492112968398,2.6337520170064543,True
2026-09-09,Banco Davivienda PF,0.007782140442054949,3.0690849044167288,3.76492112968398,2.6059930148776806,True
2026-09-10,Banco Davivienda PF,0.015384918839479456,2.879254867258269,3.76492112968398,2.48597045990094,True
2026-09-11,Banco Davivienda PF,-0.034164813491075696,2.943486867410638,3.76492112968398,2.4788296689253055,True
2026-09-14,Banco Davivienda PF,0.007083854888405042,3.9845437902666294,3.76492112968398,3.0304405773177807,True
2025-01-02,Promigas,0.0,12.360632590682808,3.9063687175032604,3.297521598368506,True
2025-01-03,Promigas,0.0,12.356156805280065,3.9063687175032604,3.0996703024663956,True
2025-01-07,Promigas,-0.03413305358505539,12.354811383415619,3.9063687175032604,2.9136900843184117,True
2025-01-08,Promigas,0.015162262951763485,20.653563089701873,3.9063687175032604,3.4379078874834645,True
2025-01-09,Promigas,-0.004112429259018985,16.389958979371748,3.9063687175032604,3.3695699449255083,True
2025-01-10,Promigas,-0.001374551624906881,13.703810877097098,3.9063687175032604,3.177542992876239,True
2025-01-13,Promigas,-0.01106511710333333,12.779198945998214,3.9063687175032604,2.988024048605385,True
2025-01-14,Promigas,0.0013898350354956972,13.387149660911273,3.9063687175032604,2.8822046955953495,True
2025-01-15,Promigas,0.00692049762306925,12.672102353705025,3.9063687175032604,2.710431398715163,True
2025-01-16,Promigas,0.0,12.754199292941319,3.9063687175032604,2.5765414872027974,True
2025-01-17,Promigas,-0.01249154140470617,12.47446302389641,3.9063687175032604,2.4219489979706292,True
2025-01-20,Promigas,0.005571043781636918,13.536854157768229,3.9063687175032604,2.370255222091685,True
2025-01-21,Promigas,0.0,12.902204891306464,3.9063687175032604,2.2466618260563327,True
2025-01-22,Promigas,0.0,12.51895353230616,3.9063687175032604,2.1118621164929525,True
2025-01-23,Promigas,0.0,12.40374810765334,3.9063687175032604,1.9851503895033753,True
2025-01-24,Promigas,-0.002781680258339239,12.36911733712181,3.9063687175032604,1.8660413661331727,True
2025-01-27,Promigas,0.0027816802583392423,12.425105157234125,3.9063687175032604,1.7587215312009628,True
2025-01-28,Promigas,-0.013986200422440285,12.417375081807013,3.9063687175032604,1.6578408863646854,True
2025-01-29,Promigas,-0.011331562949814597,13.803080933813906,3.9063687175032604,1.6757387145368055,True
2025-01-30,Promigas,0.002844990043642738,13.737841754063716,3.9063687175032604,1.6522369829959636,True
2025-01-31,Promigas,0.004252250647307864,12.814195869117993,3.9063687175032604,1.5579591450252614,True
2025-02-03,Promigas,-0.009950347801406731,12.600189050414835,3.9063687175032604,1.4753305776642638,True
2025-02-04,Promigas,-0.01149437672719787,13.164566685194636,3.9063687175032604,1.4462163958257839,True
2025-02-05,Promigas,0.0,13.572615379511957,3.9063687175032604,1.4387158298842857,True
2025-02-06,Promigas,0.011494376727197953,12.720479040752842,3.9063687175032604,1.3523928800912284,True
2025-02-07,Promigas,-0.007168546575002786,13.337636354397178,3.9063687175032604,1.3505217250938046,True
2025-02-10,Promigas,-0.00432583015219509,13.040898910152606,3.9063687175032604,1.300323257586967,True
2025-02-11,Promigas,-0.0028943178742171158,12.710619250792842,3.9063687175032604,1.2335315460351328,True
2025-02-12,Promigas,0.0,12.532729424864215,3.9063687175032604,1.1645458988472324,True
2025-02-13,Promigas,0.0,12.407889143333586,3.9063687175032604,1.0946731449163984,True
2025-02-14,Promigas,0.0,12.370362133161908,3.9063687175032604,1.0289927562214145,True
2025-02-17,Promigas,0.014388694601414922,12.3590815074283,3.9063687175032604,0.9672531908481296,True
2025-02-18,Promigas,-0.007168546575002786,13.740170637682269,3.9063687175032604,1.0334387187969138,True
2025-02-20,Promigas,0.0057389735791315705,13.161900785173069,3.9063687175032604,1.0022652316678895,True
2025-02-21,Promigas,0.0,12.802036134835827,3.9063687175032604,0.9618908084129982,True
2025-02-24,Promigas,-0.011510915534305995,12.488842786825058,3.9063687175032604,0.9041773599082182,True
2025-02-25,Promigas,0.012940488530177397,13.372226750779614,3.9063687175032604,0.9294274241764814,True
2025-02-26,Promigas,0.0,13.774304795356416,3.9063687175032604,0.9741355247656842,True
2025-02-27,Promigas,0.0,12.78110691396104,3.9063687175032604,0.9156873932797431,True
2025-02-28,Promigas,-0.043802571560719,12.482551459418362,3.9063687175032604,0.8607461496829585,True
2025-03-03,Promigas,0.043802571560718886,26.005330147515807,3.9063687175032604,1.9603005459011271,True
2025-03-04,Promigas,-0.020202742251644944,29.683537893463136,3.9063687175032604,2.9938816783461997,True
2025-03-05,Promigas,0.0,20.507220695166183,3.9063687175032604,3.0591392543372677,True
2025-03-06,Promigas,0.02020274225164503,14.805022595336848,3.9063687175032604,2.8755908990770314,True
2025-03-07,Promigas,0.011363756012761735,15.856362286466856,3.9063687175032604,2.9479459218242514,True
2025-03-10,Promigas,-0.011363756012761775,14.259977719333971,3.9063687175032604,2.848550136945343,True
2025-03-11,Promigas,-0.02166143203598511,13.880437168529221,3.9063687175032604,2.75511809915917,True
2025-03-12,Promigas,0.018800161408402863,16.190347202885725,3.9063687175032604,2.871341595919381,True
2025-03-13,Promigas,0.0,15.896377842492733,3.9063687175032604,2.9111287415534184,True
2025-03-14,Promigas,-0.010079217902595158,13.419002438134376,3.9063687175032604,2.736461017060213,True
2025-03-17,Promigas,0.0,13.429324050550498,3.9063687175032604,2.633227736153397,True
2025-03-18,Promigas,-0.0014482060712376528,12.677405642539377,3.9063687175032604,2.475234071984193,True
2025-03-19,Promigas,-0.005814047650230032,12.472440624519614,3.9063687175032604,2.3279784081600035,True
2025-03-20,Promigas,-0.011730337443432368,12.651852411267823,3.9063687175032604,2.20858159371789,True
2025-03-21,Promigas,0.0,13.457863038293272,3.9063687175032604,2.1586271880168915,True
2025-03-24,Promigas,0.0,12.685984467179802,3.9063687175032604,2.029109556735878,True
2025-03-25,Promigas,0.0029455496872213415,12.45395763550073,3.9063687175032604,1.9073629833317252,True
2025-03-26,Promigas,-0.011834454786421096,12.431888721826812,3.9063687175032604,1.7981269621077554,True
2025-03-27,Promigas,0.0014869685279398353,13.409361366860487,3.9063687175032604,1.7742719364363972,True
2025-03-28,Promigas,-0.00446755529438167,12.68030475310805,3.9063687175032604,1.6691422654920633,True
2025-03-31,Promigas,0.0,12.611566479858524,3.9063687175032604,1.580969159747554,True
2025-04-01,Promigas,-0.007490731017128816,12.431587575669711,3.9063687175032604,1.4861110101627006,True
2025-04-02,Promigas,0.001502690881341833,12.802995428611315,3.9063687175032604,1.430610980255524,True
2025-04-03,Promigas,0.005988040135786884,12.498290389051096,3.9063687175032604,1.3461291693711133,True
2025-04-04,Promigas,-0.02876808278852697,12.62188334225976,3.9063687175032604,1.2868753940095232,True
2025-04-07,Promigas,0.015244234728814914,18.349944692922904,3.9063687175032604,1.7062244227654773,True
2025-04-08,Promigas,0.01352384805971202,15.71456139789726,3.9063687175032604,1.7432829728798727,True
2025-04-09,Promigas,0.010393497246975787,14.583810695010925,3.9063687175032604,1.7484226743123863,True
2025-04-10,Promigas,-0.010393497246975768,13.734087203900168,3.9063687175032604,1.708332184867379,True
2025-04-11,Promigas,-0.007490731017128816,13.57042648835112,3.9063687175032604,1.6706471247890717,True
2025-04-14,Promigas,0.001502690881341833,13.145330602291711,3.9063687175032604,1.6040749280043127,True
2025-04-15,Promigas,0.002998461371709693,12.601196401335883,3.9063687175032604,1.5091852802549746,True
2025-04-16,Promigas,0.016332970112932922,12.47811480403984,3.9063687175032604,1.424028625798257,True
2025-04-17,Promigas,0.0,14.185130407578654,3.9063687175032604,1.498646455876338,True
2025-04-18,Promigas,0.0,12.904601163890836,3.9063687175032604,1.4087276685237575,True
2025-04-21,Promigas,-0.026867239408567594,12.519673852258546,3.9063687175032604,1.324204008412332,True
2025-04-22,Promigas,0.01352384805971202,17.5711848457278,3.9063687175032604,1.6778608999699651,True
2025-04-23,Promigas,-0.012012153009681717,15.141912023824554,3.9063687175032604,1.6869259257770732,True
2025-04-24,Promigas,0.0,14.254416399024738,3.9063687175032604,1.672285462187252,True
2025-04-25,Promigas,0.006024112873894747,12.925428544876148,3.9063687175032604,1.5719483344560168,True
2025-04-28,Promigas,-0.013605710310020228,12.753152479652876,3.9063687175032604,1.4994053959391103,True
2025-04-29,Promigas,0.013605710310020077,13.828909763935535,3.9063687175032604,1.520510284006878,True
2025-04-30,Promigas,0.005988040135786884,14.032154990733295,3.9063687175032604,1.5403488787905775,True
2025-05-01,Promigas,0.0,13.082963306223007,3.9063687175032604,1.4694419208638194,True
2025-05-02,Promigas,0.0,12.573289543023384,3.9063687175032604,1.3812754056119902,True
2025-05-05,Promigas,0.0,12.420081521851653,3.9063687175032604,1.2983988812752707,True
2025-05-06,Promigas,0.0,12.374027164248467,3.9063687175032604,1.2204949483987544,True
2025-05-07,Promigas,0.01334339134885542,12.36018321640539,3.9063687175032604,1.1472652514948292,True
2025-05-08,Promigas,0.0014716502040072839,13.542371132220442,3.9063687175032604,1.1852569920183653,True
2025-05-09,Promigas,0.0,12.720038159997236,3.9063687175032604,1.1154410250910363,True
2025-05-12,Promigas,0.0014695676105158527,12.464194181438264,3.9063687175032604,1.048514563585574,True
2025-05-13,Promigas,0.001467331288834698,12.395904335551055,3.9063687175032604,0.9868994671475658,True
2025-05-14,Promigas,0.0,12.375340332986086,3.9063687175032604,0.9289773357854277,True
2025-05-15,Promigas,0.0014651813819641364,12.360577955154533,3.9063687175032604,0.873238695638302,True
2025-05-16,Promigas,0.0,12.364686613321746,3.9063687175032604,0.8221324277892365,True
2025-05-19,Promigas,0.0,12.357375445184928,3.9063687175032604,0.7728044821218822,True
2025-05-20,Promigas,0.0,12.355177706781319,3.9063687175032604,0.7264362131945693,True
2025-05-21,Promigas,-0.0044020802813146435,12.354517066237934,3.9063687175032604,0.6828500404028951,True
2025-05-22,Promigas,0.0,12.509283904109425,3.9063687175032604,0.6535060244606049,True
2025-05-23,Promigas,0.002936898899350576,12.400841415748724,3.9063687175032604,0.6142956629929686,True
2025-05-26,Promigas,0.0,12.415604257184153,3.9063687175032604,0.5826131483003943,True
2025-05-27,Promigas,0.0,12.372681297716777,3.9063687175032604,0.5476563594023707,True
2025-05-28,Promigas,0.0,12.35977864869371,3.9063687175032604,0.5147969778382284,True
2025-05-29,Promigas,0.0,12.35590011017078,3.9063687175032604,0.4839091591679347,True
2025-05-30,Promigas,-0.017751940452213406,12.35473422082147,3.9063687175032604,0.4548746096178586,True
2025-06-04,Promigas,0.02651107852199746,14.636781870369358,3.9063687175032604,0.6166609669321457,True
2025-06-05,Promigas,-0.0029112492129236287,17.838978937974694,3.9063687175032604,1.0013636795559262,True
2025-06-06,Promigas,0.0,14.07507745977894,3.9063687175032604,0.9463670819704196,True
2025-06-09,Promigas,-0.014684508461571792,12.871519228790508,3.9063687175032604,0.8895850570521944,True
2025-06-10,Promigas,0.0,14.08270636478192,3.9063687175032604,0.9655908268838469,True
2025-06-11,Promigas,0.0029541710181393227,12.873812478950917,3.9063687175032604,0.907655377270816,True
2025-06-12,Promigas,0.0029455496872213415,12.558414839635216,3.9063687175032604,0.8584323304772157,True
2025-06-13,Promigas,0.0,12.46328857541572,3.9063687175032604,0.8121321484245165,True
2025-06-16,Promigas,0.0,12.387015212006025,3.9063687175032604,0.7634042195190455,True
2025-06-17,Promigas,-0.005899720705360679,12.364087425802648,3.9063687175032604,0.7175999663479027,True
2025-06-18,Promigas,0.0,12.626678496945972,3.9063687175032604,0.6954279910077854,True
2025-06-19,Promigas,0.004428070501353339,12.436130250614065,3.9063687175032604,0.6537023115473183,True
2025-06-20,Promigas,0.0,12.4964403449482,3.9063687175032604,0.6262448578734525,True
2025-06-24,Promigas,0.0,12.396980639648458,3.9063687175032604,0.5886701664010453,True
2025-06-25,Promigas,0.016070485610448538,12.367083035071689,3.9063687175032604,0.5533499564169826,True
2025-06-26,Promigas,0.0,14.093426162775064,3.9063687175032604,0.6751052636853438,True
2025-06-27,Promigas,0.0,12.87703485207756,3.9063687175032604,0.6345989478642232,True
2025-06-30,Promigas,0.0,12.511387414170382,3.9063687175032604,0.5965230109923698,True
2025-07-01,Promigas,0.0,12.401473731236049,3.9063687175032604,0.5607316303328276,True
2025-07-02,Promigas,0.0,12.368433659178287,3.9063687175032604,0.5270877325128579,True
2025-07-03,Promigas,0.0,12.35850180781603,3.9063687175032604,0.4954624685620864,True
2025-07-04,Promigas,0.0,12.355516291582603,3.9063687175032604,0.46573472044836123,True
2025-07-07,Promigas,0.0,12.354618844887629,3.9063687175032604,0.43779063722145956,True
2025-07-08,Promigas,-0.005814047650230032,12.354349072256248,3.9063687175032604,0.41152319898817197,True
2025-07-09,Promigas,-0.014684508461571792,12.616354070278508,3.9063687175032604,0.40711369709636885,True
2025-07-10,Promigas,-0.004447765553120552,14.0060036740996,3.9063687175032604,0.512067748525371,True
2025-07-11,Promigas,0.0,13.008750474993818,3.9063687175032604,0.4932132546631641,True
2025-07-14,Promigas,0.008875836054473864,12.550981153149051,3.9063687175032604,0.46362045938337426,True
2025-07-15,Promigas,-0.014837022827029703,12.92518326199883,3.9063687175032604,0.4830715112199107,True
2025-07-16,Promigas,0.0,14.131001281504055,3.9063687175032604,0.5861695683685965,True
2025-07-17,Promigas,0.01336312334381591,12.8883299392518,3.9063687175032604,0.5509993942664806,True
2025-07-18,Promigas,0.01754438509366238,13.704730669570898,3.9063687175032604,0.6250832699117145,True
2025-07-21,Promigas,-0.02792255425991692,14.83553413003105,3.9063687175032604,0.7722615427058453,True
2025-07-22,Promigas,-0.0044809014634643865,18.67638835847042,3.9063687175032604,1.1937272719822978,True
2025-07-23,Promigas,-0.004501152253051505,14.414884441687668,3.9063687175032604,1.134150722418526,True
2025-07-24,Promigas,0.0074907310171287295,13.135237193296566,3.9063687175032604,1.078257902036505,True
2025-07-25,Promigas,-0.008995601350762567,12.948375429200686,3.9063687175032604,1.0472290586168993,True
2025-07-28,Promigas,0.02821272318493995,13.138505150955082,3.9063687175032604,1.0329478212969903,True
2025-07-29,Promigas,-0.011782165626621321,18.032369565675843,3.9063687175032604,1.4485456017252,True
2025-07-30,Promigas,0.004434535658085299,15.08399919027482,3.9063687175032604,1.4449245217335704,True
2025-07-31,Promigas,-0.011869491865641603,13.29276240748948,3.9063687175032604,1.3700281143312543,True
2025-08-01,Promigas,-0.007490731017128816,13.674103460135026,3.9063687175032604,1.3723573297604983,True
2025-08-04,Promigas,0.0,13.176495917901391,3.9063687175032604,1.3236825206774538,True
2025-08-05,Promigas,0.013443047046559638,12.601405462234741,3.9063687175032604,1.2442615694368064,True
2025-08-06,Promigas,-0.005952316029430909,13.633112584626371,3.9063687175032604,1.2780351836082076,True
2025-08-07,Promigas,0.0,13.012739660746934,3.9063687175032604,1.222611112260247,True
2025-08-08,Promigas,0.0,12.552180303074849,3.9063687175032604,1.149254445524632,True
2025-08-11,Promigas,0.014815041552862966,12.413736080680321,3.9063687175032604,1.0802991787931542,True
2025-08-12,Promigas,-0.0014716502040074341,13.84179947733117,3.9063687175032604,1.147172501793399,True
2025-08-13,Promigas,0.0,12.823039872792156,3.9063687175032604,1.079641604279568,True
2025-08-14,Promigas,0.0014716502040072839,12.495156514079326,3.9063687175032604,1.014863108022794,True
2025-08-15,Promigas,0.022556777221708995,12.405245265067169,3.9063687175032604,0.955270774135199,True
2025-08-19,Promigas,-0.0029586095351860635,15.828595016807974,3.9063687175032604,1.2032394468649732,True
2025-08-20,Promigas,-0.004454352453179254,13.47290910520653,3.9063687175032604,1.1362971022820911,True
2025-08-21,Promigas,-0.005970143366006071,12.848941344104002,3.9063687175032604,1.080024029611452,True
2025-08-22,Promigas,0.013383105354371368,12.778582896680632,3.9063687175032604,1.0366081549211648,True
2025-08-25,Promigas,-0.013383105354371469,13.675390376722545,3.9063687175032604,1.0818761709816171,True
2025-08-26,Promigas,0.0,14.063133033811452,3.9063687175032604,1.124428106078444,True
2025-08-27,Promigas,0.0029895665668430546,12.867928732283442,3.9063687175032604,1.0569624197137373,True
2025-08-28,Promigas,0.0,12.557961338731705,3.9063687175032604,0.9989071794854645,True
2025-08-29,Promigas,0.00595237481238738,12.4154738609964,3.9063687175032604,0.9389727487163365,True
2025-09-01,Promigas,0.004441163975141032,12.59416766976128,3.9063687175032604,0.9038928433376425,True
2025-09-02,Promigas,0.0,12.544700825310002,3.9063687175032604,0.8614936352098382,True
2025-09-03,Promigas,-0.013383105354371469,12.411487748373482,3.9063687175032604,0.8098040170972479,True
2025-09-04,Promigas,0.0,13.68320368561923,3.9063687175032604,0.8686802814271368,True
2025-09-05,Promigas,0.011904933970497723,12.75372190465281,3.9063687175032604,0.8165594645415085,True
2025-09-08,Promigas,-0.0014804381513123018,13.413006416297412,3.9063687175032604,0.8526023683741645,True
2025-09-09,Promigas,0.0,12.694364843979297,3.9063687175032604,0.8027612445436312,True
2025-09-10,Promigas,-0.007434929252342173,12.456476778212853,3.9063687175032604,0.7545955698710133,True
2025-09-11,Promigas,-0.002989566566843188,12.804405630826684,3.9063687175032604,0.7424867394711525,True
2025-09-12,Promigas,0.0,12.56526177801388,3.9063687175032604,0.7033000400574353,True
2025-09-15,Promigas,-0.00450113490966795,12.417668374304453,3.9063687175032604,0.6611020376539891,True
2025-09-16,Promigas,0.004501134909667915,12.534872530244566,3.9063687175032604,0.6335920446797687,True
2025-09-17,Promigas,0.0,12.530362679210914,3.9063687175032604,0.6077326512840013,True
2025-09-18,Promigas,-0.00450113490966795,12.407177699181776,3.9063687175032604,0.5712686922069612,True
2025-09-19,Promigas,-0.012103054570051789,12.531719031492326,3.9063687175032604,0.5491486999595625,True
2025-09-22,Promigas,0.016604189479719807,13.485524856521636,3.9063687175032604,0.6040901359173797,True
2025-09-23,Promigas,0.0,14.54923952762449,3.9063687175032604,0.7332641927293997,True
2025-09-24,Promigas,0.0,13.014052428210585,3.9063687175032604,0.6892683411656356,True
2025-09-25,Promigas,-0.00299845127800829,12.552574921200964,3.9063687175032604,0.6479122406956974,True
2025-09-26,Promigas,0.001500349477341379,12.489972739399857,3.9063687175032604,0.6144319322939094,True
2025-09-29,Promigas,0.0,12.404156873864796,3.9063687175032604,0.57891664548877,True
2025-09-30,Promigas,0.014881207155038196,12.369240212315516,3.9063687175032604,0.5441816467594437,True
2025-10-01,Promigas,-0.017884240264039453,13.84187422768306,3.9063687175032604,0.6444009437885733,True
2025-10-02,Promigas,0.0,15.11737481741095,3.9063687175032604,0.797644517054393,True
2025-10-03,Promigas,0.0,13.184833994362968,3.9063687175032604,0.7497858460311294,True
2025-10-06,Promigas,0.0,12.603911889457986,3.9063687175032604,0.7047986952692616,True
2025-10-07,Promigas,0.0,12.429286604474365,3.9063687175032604,0.662510773553106,True
2025-10-08,Promigas,-0.0015048652454623364,12.376794213673366,3.9063687175032604,0.6227601271399196,True
2025-10-09,Promigas,0.0015048652454622857,12.383497131761702,3.9063687175032604,0.5867532911557246,True
2025-10-10,Promigas,0.0,12.372225267120202,3.9063687175032604,0.5529068653305813,True
2025-10-14,Promigas,0.007490701476511234,12.359641565817682,3.9063687175032604,0.5197324534107464,True
2025-10-15,Promigas,0.00595237481238738,12.7152282848748,3.9063687175032604,0.5222148713722261,True
2025-10-16,Promigas,0.00886276915507452,12.684273901307467,3.9063687175032604,0.5121404386341788,True
2025-10-17,Promigas,0.01082054171581762,12.963687639959836,3.9063687175032604,0.5285412185738123,True
2025-10-20,Promigas,-0.02420686471070554,13.308553753285949,3.9063687175032604,0.5670792192736331,True
2025-10-21,Promigas,-0.0015325631081764088,16.84625864925069,3.9063687175032604,0.8846378455906561,True
2025-10-22,Promigas,0.00916034414243992,13.727729594946537,3.9063687175032604,0.8329688246635427,True
2025-10-23,Promigas,-0.004569683119791766,13.313547365105059,3.9063687175032604,0.8333378380684902,True
2025-10-24,Promigas,0.001525549105971294,12.808825313015234,3.9063687175032604,0.7958667700735665,True
2025-10-27,Promigas,-0.007651204849802806,12.50042606965896,3.9063687175032604,0.7495111439139904,True
2025-10-28,Promigas,-0.00925930034523419,12.84139134294311,3.9063687175032604,0.7396650366713386,True
2025-10-29,Promigas,-0.006220842902681326,13.141177575775414,3.9063687175032604,0.7467259202010108,True
2025-10-30,Promigas,0.004669336553828875,12.88891149547291,3.9063687175032604,0.7251416968408545,True
2025-10-31,Promigas,-0.0015540777494856648,12.646832480562518,3.9063687175032604,0.6947148173421567,True
2025-11-04,Promigas,-0.010946130869145412,12.465940800179247,3.9063687175032604,0.6544810228924951,True
2025-11-05,Promigas,0.00626959577410417,13.27414138519614,3.9063687175032604,0.6871028301216202,True
2025-11-06,Promigas,0.01857641425979701,12.877999083264019,3.9063687175032604,0.669461359016722,True
2025-11-07,Promigas,-0.031155243409934166,14.8431830049182,3.9063687175032604,0.8363435775266727,True
2025-11-10,Promigas,-0.0031694843088105632,20.028674716460106,3.9063687175032604,1.3685524780344205,True
2025-11-11,Promigas,0.017309589749645752,14.745422791047876,3.9063687175032604,1.292466707822633,True
2025-11-12,Promigas,-0.0173095897496458,15.09216709673682,3.9063687175032604,1.3946918437339,True
2025-11-13,Promigas,0.0,15.349228402327013,3.9063687175032604,1.490783471490492,True
2025-11-14,Promigas,-0.001588640287991326,13.254529221999494,3.9063687175032604,1.4013364632010623,True
2025-11-18,Promigas,0.001588640287991431,12.649526816344565,3.9063687175032604,1.318770542187776,True
2025-11-19,Promigas,0.0,12.45363655884314,3.9063687175032604,1.241158576435287,True
2025-11-20,Promigas,0.0015860387426582247,12.384113814158669,3.9063687175032604,1.1666890618491697,True
2025-11-21,Promigas,0.0,12.373807085389156,3.9063687175032604,1.098197029474147,True
2025-11-24,Promigas,0.0,12.360117060662304,3.9063687175032604,1.032305207705698,True
2025-11-25,Promigas,0.0015834455661522379,12.356001836866938,3.9063687175032604,0.9703668952433561,True
2025-11-26,Promigas,0.003159633174457157,12.365310584058275,3.9063687175032604,0.9136492614453349,True
2025-11-27,Promigas,-0.006329117483267626,12.413437605057895,3.9063687175032604,0.8648202748368928,True
2025-11-28,Promigas,0.0,12.680134468847193,3.9063687175032604,0.8369656952168816,True
2025-12-01,Promigas,0.017309589749645752,12.452199124992418,3.9063687175032604,0.7867477535038686,True
2025-12-02,Promigas,-0.009404513423202593,14.402823666981089,3.9063687175032604,0.9193160266742615,True
2025-12-04,Promigas,0.004713352716301324,13.63014081955303,3.9063687175032604,0.9172239887101244,True
2025-12-05,Promigas,0.009360497260730046,12.872340283192603,3.9063687175032604,0.875519965684476,True
2025-12-09,Promigas,0.0015515063488525007,13.08146039776841,3.9063687175032604,0.8755601131242882,True
2025-12-10,Promigas,0.006182462647086669,12.582824256540645,3.9063687175032604,0.8244708095071486,True
2025-12-11,Promigas,0.0030768376981475365,12.66298529070512,3.9063687175032604,0.7979362675662928,True
2025-12-12,Promigas,0.0,12.499672817089548,3.9063687175032604,0.7557402496447603,True
2025-12-15,Promigas,0.003067557829359785,12.397952321331973,3.9063687175032604,0.7103958346660746,True
2025-12-16,Promigas,-0.0061443955275072275,12.419646035257381,3.9063687175032604,0.6734180312079899,True
2025-12-17,Promigas,0.012915601179778347,12.665070142457457,3.9063687175032604,0.6556651071745809,True
2025-12-18,Promigas,-0.007855562824750188,13.557342695701072,3.9063687175032604,0.7164128530451612,True
2025-12-19,Promigas,0.032586355105859534,13.182166344461795,3.9063687175032604,0.7104540022386099,True
2025-12-22,Promigas,-0.012288946577896658,19.885981530825475,3.9063687175032604,1.3049490855554005,True
2025-12-23,Promigas,-0.0030960179629630504,15.728750833452313,3.9063687175032604,1.3172630652187152,True
2025-12-24,Promigas,0.0,13.449321239936928,3.9063687175032604,1.2439784776417862,True
2025-12-29,Promigas,0.0,12.683416801119835,3.9063687175032604,1.169339768983279,True
2025-12-30,Promigas,-0.017201390564999863,12.453185794640003,3.9063687175032604,1.0991793828442822,True
2025-12-31,Promigas,0.0,14.529356479166259,3.9063687175032604,1.210761322295425,True
2026-01-02,Promigas,0.020297408527962864,13.008075580412841,3.9063687175032604,1.1381156429576995,True
2026-01-05,Promigas,-0.010878142611703924,15.342596792259856,3.9063687175032604,1.3170195801508495,True
2026-01-06,Promigas,0.004676569575854988,14.12818686753835,3.9063687175032604,1.3089987973501398,True
2026-01-07,Promigas,-0.004676569575854953,13.01979972907459,3.9063687175032604,1.243581051307819,True
2026-01-08,Promigas,0.003120089743387123,12.727908753055758,3.9063687175032604,1.1820883700280371,True
2026-01-09,Promigas,0.004662034905353908,12.520872482031011,3.9063687175032604,1.1170040438304285,True
2026-01-13,Promigas,-0.007782124648740817,12.535755591223621,3.9063687175032604,1.0630245428758456,True
2026-01-14,Promigas,-0.0031299337851553475,12.866720946755922,3.9063687175032604,1.0355799487324184,True
2026-01-15,Promigas,0.0,12.590621128871724,3.9063687175032604,0.9793230431081473,True
2026-01-16,Promigas,0.003129933785155266,12.42529139954856,3.9063687175032604,0.9205636605216584,True
2026-01-19,Promigas,0.015504155192310992,12.430292505388348,3.9063687175032604,0.8712077321900327,True
2026-01-20,Promigas,0.01678150427508218,13.989862516822098,3.9063687175032604,0.9631625651949891,True
2026-01-21,Promigas,0.02095882370776503,14.741463691245567,3.9063687175032604,1.0743441427240508,True
2026-01-22,Promigas,-0.00892859776084453,16.05158255833546,3.9063687175032604,1.2734468688885119,True
2026-01-23,Promigas,0.014837037401346544,14.062634255988122,3.9063687175032604,1.244871971540176,True
2026-01-26,Promigas,0.008797751676066544,14.341923098508985,3.9063687175032604,1.3022622605571392,True
2026-01-27,Promigas,-0.004389200814916074,13.45423348749219,3.9063687175032604,1.2705667856559497,True
2026-01-28,Promigas,0.0,12.839010082179893,3.9063687175032604,1.2058918287927887,True
2026-01-29,Promigas,0.0014651840706750077,12.499957161777244,3.9063687175032604,1.1335383190652213,True
2026-01-30,Promigas,0.007293963741420062,12.406584070120584,3.9063687175032604,1.0668140785378837,True
2026-02-02,Promigas,-0.008759147812094933,12.709864256878854,3.9063687175032604,1.034726378062301,True
2026-02-03,Promigas,-0.011799552604362764,13.03640276032764,3.9063687175032604,1.0186763976150395,True
2026-02-04,Promigas,0.001482562102710398,13.585155108456796,3.9063687175032604,1.0410934787560115,True
2026-02-05,Promigas,-0.02550775344996673,12.733076318131474,3.9063687175032604,0.9799466642636866,True
2026-02-06,Promigas,0.024025191347256298,17.13133750008177,3.9063687175032604,1.3115371560464395,True
2026-02-09,Promigas,0.0,17.72117793683789,3.9063687175032604,1.5791708182470205,True
2026-02-10,Promigas,-0.005952401414704031,13.967537661398573,3.9063687175032604,1.4844205691521992,True
2026-02-11,Promigas,-0.0014936342434301653,13.113275382796605,3.9063687175032604,1.4166139845641295,True
2026-02-12,Promigas,-0.005997022290509669,12.604598386715505,3.9063687175032604,1.33295571144217,True
2026-02-13,Promigas,0.004501153766211972,12.707501744541172,3.9063687175032604,1.2745569345673617,True
2026-02-16,Promigas,-0.013564702260867846,12.582256154821415,3.9063687175032604,1.2102397496295707,True
2026-02-17,Promigas,0.009063548494655892,13.769564505889207,3.9063687175032604,1.2480260531073926,True
2026-02-18,Promigas,0.0,13.314212882401733,3.9063687175032604,1.2224332367099364,True
2026-02-19,Promigas,-0.007547190209934799,12.642803205529232,3.9063687175032604,1.1490872425073402,True
2026-02-20,Promigas,0.0,12.8726742401845,3.9063687175032604,1.1143180559958612,True
2026-02-23,Promigas,-0.015267517721558066,12.510076613482822,3.9063687175032604,1.0474589726361094,True
2026-02-24,Promigas,0.0,14.098761871384148,3.9063687175032604,1.1244696927047968,True
2026-02-25,Promigas,-0.004626012580606984,12.87863876700623,3.9063687175032604,1.0570015111425088,True
2026-02-26,Promigas,-0.01872130403070239,12.681963200005256,3.9063687175032604,1.0064214159115188,True
2026-02-27,Promigas,0.007843161418998483,14.986705180403929,3.9063687175032604,1.1563284657228239,True
2026-03-02,Promigas,-0.02531782003954147,13.54116769426767,3.9063687175032604,1.123857866406134,True
2026-03-03,Promigas,-0.030921946205451176,17.305894982533925,3.9063687175032604,1.441021601354531,True
2026-03-04,Promigas,0.0,20.666646233331523,3.9063687175032604,1.9282603595529495,True
2026-03-05,Promigas,0.07787891307208832,14.852945939621266,3.9063687175032604,1.8125647379797725,True
2026-03-06,Promigas,-0.021639146827095817,55.18105448347944,3.9063687175032604,5.342885914474922,True
2026-03-09,Promigas,0.015504155192310992,28.598472562948384,3.9063687175032604,5.303264364849194,True
2026-03-12,Promigas,-0.016406061603272494,18.85002023225234,3.9063687175032604,5.1292957998946,True
2026-03-13,Promigas,-0.04144879690895902,16.26179234719031,3.9063687175032604,4.983033366299147,True
2026-03-16,Promigas,0.041448796908959,25.727545131925876,3.9063687175032604,5.714853023441277,True
2026-03-17,Promigas,0.007490656533939829,28.206992148919102,3.9063687175032604,6.402763501154879,True
2026-03-18,Promigas,0.0,17.47894009425262,3.9063687175032604,6.052263652271259,True
2026-03-19,Promigas,0.0,13.894720924114685,3.9063687175032604,5.689127833134983,True
2026-03-24,Promigas,1.214306433183765e-16,12.817304023045875,3.9063687175032604,5.347780163146884,True
2026-03-25,Promigas,-0.0074906565339398,12.493432316655763,3.9063687175032604,5.02691335335807,True
2026-03-26,Promigas,0.011958294591645019,12.821577835270055,3.9063687175032604,4.758964513342259,True
2026-03-27,Promigas,-0.004467638057705179,13.442074217319426,3.9063687175032604,4.5592271282660635,True
2026-03-30,Promigas,-0.01503784674387457,12.84056004973584,3.9063687175032604,4.297649374458893,True
2026-03-31,Promigas,-0.007604583724268417,14.148411234761532,3.9063687175032604,4.1754725128067145,True
2026-04-01,Promigas,-0.006125596131731739,13.331595724247489,3.9063687175032604,3.959641978209956,True
2026-04-02,Promigas,0.0,12.937506088453379,3.9063687175032604,3.744577216298811,True
2026-04-03,Promigas,0.0,12.529565078260418,3.9063687175032604,3.519902583320882,True
2026-04-06,Promigas,0.01826528035372614,12.406937940198416,3.9063687175032604,3.3087084283216286,True
2026-04-07,Promigas,0.0045147014794334915,14.622785298568608,3.9063687175032604,3.310358202462459,True
2026-04-08,Promigas,-0.018182328063932836,13.158785191149674,3.9063687175032604,3.123966227983751,True
2026-04-09,Promigas,0.0076161678020520585,14.988546644642646,3.9063687175032604,3.1348864865994135,True
2026-04-10,Promigas,0.0,13.518180181084656,3.9063687175032604,2.981596904596857,True
2026-04-13,Promigas,0.0,12.704115810711764,3.9063687175032604,2.8027010903210456,True
2026-04-14,Promigas,0.0,12.459407920495346,3.9063687175032604,2.6345390249017826,True
2026-04-15,Promigas,0.015060570785165461,12.38584868646728,3.9063687175032604,2.4764666834076756,True
2026-04-16,Promigas,-0.021148796224712798,13.883635982078289,3.9063687175032604,2.463971157828203,True
2026-04-17,Promigas,0.01515177393420323,16.035554868399274,3.9063687175032604,2.5844958374111666,True
2026-04-20,Promigas,0.005997022290509682,14.999607371061213,3.9063687175032604,2.567171839178417,True
2026-04-21,Promigas,0.0,13.374492922431898,3.9063687175032604,2.4347200946394336,True
2026-04-22,Promigas,-0.004494410523284829,12.660923395964769,3.9063687175032604,2.2886368889610673,True
2026-04-23,Promigas,0.0,12.60754228224487,3.9063687175032604,2.1634385111944914,True
2026-04-24,Promigas,-0.009049801977159622,12.430377901172594,3.9063687175032604,2.033632200522822,True
2026-04-27,Promigas,-0.013730179856000037,12.989874919966965,3.9063687175032604,1.9607536179869336,True
2026-04-28,Promigas,-0.029620281216055755,13.924415055159201,3.9063687175032604,1.9562191042345831,True
2026-04-29,Promigas,0.0031595222419277223,19.093259044934356,3.9063687175032604,2.365262593571444,True
2026-04-30,Promigas,-0.0031595222419277228,14.435855660359588,3.9063687175032604,2.2293363864354987,True
2026-05-04,Promigas,-0.014342862113005703,13.063735467183687,3.9063687175032604,2.10156575172771,True
2026-05-05,Promigas,0.0,14.069618158217773,3.9063687175032604,2.0989024227796644,True
2026-05-06,Promigas,0.011173325641743396,12.869878161799114,3.9063687175032604,1.9729682774128845,True
2026-05-07,Promigas,0.0,13.333064267815205,3.9063687175032604,1.9294961043059757,True
2026-05-08,Promigas,0.021978877300301423,12.648469935237689,3.9063687175032604,1.8137263380476172,True
2026-05-11,Promigas,-0.009360486456007596,15.724253841157182,3.9063687175032604,1.9947453861937832,True
2026-05-12,Promigas,-0.004713227633843183,14.021390387436146,3.9063687175032604,1.9276318870380171,True
2026-05-13,Promigas,-0.003154617796143855,13.031556326942262,3.9063687175032604,1.8253026826527898,True
2026-05-14,Promigas,-0.004750545414306899,12.641364608204688,3.9063687175032604,1.7217554897574707,True
2026-05-15,Promigas,-0.016000388851415304,12.619355134336514,3.9063687175032604,1.631990769412058,True
2026-05-19,Promigas,0.004827063209671991,14.295116381422943,3.9063687175032604,1.6876787892852316,True
2026-05-20,Promigas,-0.021087550931104565,13.079317478873612,3.9063687175032604,1.600398385466219,True
2026-05-21,Promigas,-0.011541786481061496,15.7754142805598,3.9063687175032604,1.7711853649014033,True
2026-05-22,Promigas,0.0,14.365284336316394,3.9063687175032604,1.7448419441119674,True
2026-05-25,Promigas,0.027802274202493982,12.958755465958395,3.9063687175032604,1.6401514274652493,True
2026-05-26,Promigas,0.022329447564605566,17.819347501813542,3.9063687175032604,2.005522212315732,True
2026-05-27,Promigas,-0.01110235955661277,17.385712040724368,3.9063687175032604,2.18435341670107,True
2026-05-28,Promigas,-0.006400024798320748,14.77780675153383,3.9063687175032604,2.1272496443335918,True
2026-06-01,Promigas,0.06222842368278751,13.397489983531754,3.9063687175032604,2.0241908561250486,True
2026-06-02,Promigas,0.0,39.4765427594981,3.9063687175032604,4.226165433184254,True
2026-06-03,Promigas,-0.0045351004977260394,20.50720408139317,3.9063687175032604,3.972595507193198,True
2026-06-04,Promigas,-0.007604583724268417,14.968884911562641,3.9063687175032604,3.746580058676291,True
2026-06-05,Promigas,-0.0389154138190498,13.578230253082278,3.9063687175032604,3.5564830713273583,True
2026-06-08,Promigas,0.0,23.485749340097666,3.9063687175032604,4.251739746672453,True
2026-06-09,Promigas,0.038915413819049734,15.700368820005153,3.9063687175032604,3.996635361872106,True
2026-06-10,Promigas,-0.015384964540859733,23.78007241327711,3.9063687175032604,4.665482899784513,True
2026-06-11,Promigas,0.0,17.512221706462448,3.9063687175032604,4.527572206151548,True
2026-06-17,Promigas,0.011958294591645019,13.904725382488335,3.9063687175032604,4.2559178737824555,True
2026-06-18,Promigas,0.0,13.767668556931,3.9063687175032604,4.086363287079847,True
2026-06-19,Promigas,0.0,12.77911205954515,3.9063687175032604,3.8411814898550563,True
2026-06-22,Promigas,-0.019505484801579768,12.481951805836696,3.9063687175032604,3.6107106004637526,True
2026-06-23,Promigas,0.01950548480157988,15.139700830892046,3.9063687175032604,3.622346326842723,True
2026-06-24,Promigas,0.0,15.766402732563627,3.9063687175032604,3.6332839096389575,True
2026-06-25,Promigas,-0.02102184308630077,13.379931897660004,3.9063687175032604,3.41528687506062,True
2026-06-26,Promigas,0.016554205028595646,15.846137119077701,3.9063687175032604,3.475520394604014,True
2026-06-29,Promigas,0.0,15.247468750498793,3.9063687175032604,3.431414193405042,True
2026-06-30,Promigas,-0.012012162327500445,13.223940253099364,3.9063687175032604,3.225529341800739,True
2026-07-01,Promigas,0.001509416081351982,13.677875360534008,3.9063687175032604,3.118572807562027,True
2026-07-02,Promigas,0.014970384303853664,12.76139143618277,3.9063687175032604,2.9328254412522914,True
2026-07-03,Promigas,-0.010455682824420094,13.977979869819787,3.9063687175032604,2.8913233585001947,True
2026-07-06,Promigas,0.0,13.653083045248966,3.9063687175032604,2.783436738985107,True
2026-07-07,Promigas,-0.009049801977159622,12.744667634959617,3.9063687175032604,2.616430534646,True
2026-07-08,Promigas,0.025431430820857262,13.08435046818003,3.9063687175032604,2.508584052062721,True
2026-07-09,Promigas,-0.026947789105578383,16.98486295515902,3.9063687175032604,2.746123613096587,True
2026-07-10,Promigas,0.010566160261880635,18.944094555997626,3.9063687175032604,3.0170661989180294,True
2026-07-14,Promigas,-0.004514701479433541,15.069338052584207,3.9063687175032604,2.903028472590795,True
2026-07-15,Promigas,0.0,13.332880248621649,3.9063687175032604,2.7410762819043866,True
2026-07-16,Promigas,0.007513243478420696,12.648414619036348,3.9063687175032604,2.5766117049901234,True
2026-07-17,Promigas,-0.01965292770041519,12.804299505434031,3.9063687175032604,2.4558842992303345,True
2026-07-21,Promigas,0.0,15.277630299970852,3.9063687175032604,2.5402737815951624,True
2026-07-22,Promigas,0.0015255348679613914,13.233006820075614,3.9063687175032604,2.3878573546994524,True
2026-07-23,Promigas,-0.0015255348679612789,12.627934862907974,3.9063687175032604,2.2459822673975047,True
2026-07-24,Promigas,0.0,12.459519387465933,3.9063687175032604,2.1126196853336734,True
2026-07-27,Promigas,-0.006125596131731739,12.385882193457874,3.9063687175032604,1.9858625042136528,True
2026-07-28,Promigas,-0.00616335044616498,12.653224437897123,3.9063687175032604,1.8892245107422858,True
2026-07-29,Promigas,0.004626012580606999,12.736999176589286,3.9063687175032604,1.7986631733310938,True
2026-07-30,Promigas,0.0015373378655578942,12.598542303655833,3.9063687175032604,1.7035833783687888,True
2026-07-31,Promigas,0.01977249705839451,12.437415455056534,3.9063687175032604,1.6027864202943882,True
2026-08-03,Promigas,-0.0045283306488704414,15.026267568433735,3.9063687175032604,1.741190219031257,True
2026-08-04,Promigas,-0.0015139865535239618,13.32085542519614,3.9063687175032604,1.649022272968681,True
2026-08-05,Promigas,0.0015139865535239957,12.667514947857768,3.9063687175032604,1.551456229761111,True
2026-08-06,Promigas,0.0,12.457753390753876,3.9063687175032604,1.459744149145995,True
2026-08-07,Promigas,0.0,12.385351334541474,3.9063687175032604,1.3721595001972353,True
2026-08-10,Promigas,0.0,12.36358726394967,3.9063687175032604,1.289829930185401,True
2026-08-11,Promigas,0.0030211139442020063,12.357044980573969,3.9063687175032604,1.212440134374277,True
2026-08-12,Promigas,0.001507216704668461,12.405576537253065,3.9063687175032604,1.1451700039901314,True
2026-08-13,Promigas,-0.0007736944293102691,12.378901496514041,3.9063687175032604,1.0778228250676223,True
2026-08-14,Promigas,-0.003100777678248271,12.369250627256188,3.9063687175032604,1.0135126174055322,True
2026-08-18,Promigas,-0.009360442759563695,12.439682198501838,3.9063687175032604,0.9584707536871538,True
2026-08-19,Promigas,-0.0031397200046677527,13.034041670574387,3.9063687175032604,0.9535332416589656,True
2026-08-20,Promigas,-0.00314960890289622,12.64139009518946,3.9063687175032604,0.9022359521840542,True
2026-08-21,Promigas,-0.01110241380430527,12.523837608268945,3.9063687175032604,0.8540538167977327,True
2026-08-24,Promigas,0.0031847160675199195,13.316335122292699,3.9063687175032604,0.8767687431590857,True
2026-08-25,Promigas,0.00158856268513774,12.700318002716777,3.9063687175032604,0.8302480684279723,True
2026-08-26,Promigas,0.0,12.468903016375474,3.9063687175032604,0.7819473031650611,True
2026-08-27,Promigas,0.0015860431556347797,12.388702913927407,3.9063687175032604,0.7350304649751574,True
2026-08-28,Promigas,0.011032420803576632,12.375186647994376,3.9063687175032604,0.6924379568115695,True
2026-08-31,Promigas,-0.03997334740857852,13.16309843173494,3.9063687175032604,0.7239202646751897,True
2026-09-01,Promigas,0.02098543516388702,23.94934411286444,3.9063687175032604,1.6392061506228257,True
2026-09-02,Promigas,0.003189795368100081,18.827162215548505,3.9063687175032604,1.8050868749960798,True
2026-09-03,Promigas,-0.0031897953681001494,14.357077607150938,3.9063687175032604,1.7028865391905263,True
2026-09-04,Promigas,0.003189795368100081,13.041532758040727,3.9063687175032604,1.6068182235333066,True
2026-09-08,Promigas,0.009508787969027356,12.61791639380344,3.9063687175032604,1.5165140068155196,True
2026-09-09,Promigas,-0.0015785322930497267,13.023896089688016,3.9063687175032604,1.47977339559054,True
2026-09-10,Promigas,-0.006339165443735654,12.579929929781827,3.9063687175032604,1.3924820503752282,True
2026-09-11,Promigas,0.004758137446416798,12.731116717812752,3.9063687175032604,1.333044138466546,True
2026-09-14,Promigas,-0.0015835316056442737,12.604862480052809,3.9063687175032604,1.2666454133339493,True
2025-01-02,Mineros SA,0.03577995280485179,2.3457943872574236,4.588424534508743,3.1305748127518815,True
2025-01-03,Mineros SA,0.026847230237938738,6.081737068453119,4.588424534508743,3.710863337617222,True
2025-01-07,Mineros SA,-0.017817647356160815,6.9206918060953635,4.588424534508743,3.920675800229524,True
2025-01-08,Mineros SA,0.011178724816804136,6.24163563473738,4.588424534508743,3.875916386600855,True
2025-01-09,Mineros SA,0.005540149801406967,5.179693501530863,4.588424534508743,3.718339736522703,True
2025-01-10,Mineros SA,0.009895659040741642,4.154013715426169,4.588424534508743,3.5136553082245587,True
2025-01-13,Mineros SA,-0.004386033468001024,3.655909403407473,4.588424534508743,3.3615904304414523,True
2025-01-14,Mineros SA,0.017429772583285,3.0662963470094566,4.588424534508743,3.17143737836442,True
2025-01-15,Mineros SA,-0.039652676648906086,3.5457417684857035,4.588424534508743,3.1634293190455747,True
2025-01-16,Mineros SA,0.03965267664890618,7.8059745453611615,4.588424534508743,3.917024419156462,True
2025-01-17,Mineros SA,0.0,10.75444184236477,4.588424534508743,4.6254038132607,True
2025-01-20,Mineros SA,-0.0021621931364331397,7.902547619568829,4.588424534508743,4.3478795844650575,True
2025-01-21,Mineros SA,0.0,5.950013196103026,4.588424534508743,4.089811856892696,True
2025-01-22,Mineros SA,0.01716783330552986,4.589257673951913,4.588424534508743,3.8444231454791344,True
2025-01-23,Mineros SA,0.010582153074146096,4.567863773780363,4.588424534508743,3.790598456994262,True
2025-01-24,Mineros SA,0.02904758348362554,3.9850356360661645,4.588424534508743,3.630351727785402,True
2025-01-27,Mineros SA,-0.003072041727877621,5.856744871606516,4.588424534508743,3.9187878878611953,True
2025-01-28,Mineros SA,0.0,4.553821889992703,4.588424534508743,3.689323078816216,True
2025-01-29,Mineros SA,0.0,3.626398829062522,4.588424534508743,3.467963694087243,True
2025-01-30,Mineros SA,0.0,2.986817782208148,4.588424534508743,3.259885872442008,True
2025-01-31,Mineros SA,0.0,2.5457419315763365,4.588424534508743,3.0642927200954873,True
2025-02-03,Mineros SA,0.0,2.2415617077135237,4.588424534508743,2.880435156889758,True
2025-02-04,Mineros SA,0.0,2.031789151685588,4.588424534508743,2.7076090474763723,True
2025-02-05,Mineros SA,-0.2744369933083998,1.8871231878577106,4.588424534508743,2.5451525046277896,True
2025-02-06,Mineros SA,0.0,235.50648819337493,4.588424534508743,47.58184133204298,True
2025-02-07,Mineros SA,0.0,162.89885420662677,4.588424534508743,44.7269308521204,True
2025-02-10,Mineros SA,0.0,112.82627297461912,4.588424534508743,42.04331500099317,True
2025-02-11,Mineros SA,0.0,78.29459560728314,4.588424534508743,39.520716100933576,True
2025-02-12,Mineros SA,0.0,54.4804300008265,4.588424534508743,37.14947313487756,True
2025-02-13,Mineros SA,0.0,38.05740839376769,4.588424534508743,34.92050474678491,True
2025-02-14,Mineros SA,0.0,26.73155960430627,4.588424534508743,32.82527446197781,True
2025-02-17,Mineros SA,0.3950648650005605,18.920886643454136,4.588424534508743,30.855757994259143,True
2025-02-18,Mineros SA,-0.029522491137577253,497.99657268974534,4.588424534508743,122.65016104935032,True
2025-02-20,Mineros SA,0.029522491137577267,346.6217319397141,4.588424534508743,115.81409787617028,True
2025-02-21,Mineros SA,-0.027651557051716406,242.23652520042265,4.588424534508743,109.38819849338105,True
2025-02-24,Mineros SA,0.0,169.90955164590702,4.588424534508743,103.28367174820879,True
2025-02-25,Mineros SA,0.0,117.66107749511153,4.588424534508743,97.08665144331626,True
2025-02-26,Mineros SA,0.0,81.62883374176663,4.588424534508743,91.26145235671727,True
2025-02-27,Mineros SA,0.0,56.779828847320424,4.588424534508743,85.78576521531423,True
2025-02-28,Mineros SA,0.0,39.64314847650975,4.588424534508743,80.63861930239537,True
2025-03-03,Mineros SA,0.03489788993350396,27.825137438290565,4.588424534508743,75.80030214425165,True
2025-03-04,Mineros SA,-0.010889196823066527,23.45951234816409,4.588424534508743,71.98300164868311,True
2025-03-05,Mineros SA,-0.01655985605904728,17.03095578969616,4.588424534508743,67.73516631423301,True
2025-03-06,Mineros SA,-0.01683861700844423,13.079965880860724,4.588424534508743,63.83559363499685,True
2025-03-07,Mineros SA,0.0,10.384093987819323,4.588424534508743,60.17558143055127,True
2025-03-10,Mineros SA,-0.00947878431618349,7.647143717629108,4.588424534508743,56.565046544718186,True
2025-03-11,Mineros SA,0.01512328075612294,6.03725928762969,4.588424534508743,53.22505216330273,True
2025-03-12,Mineros SA,0.00933708388990233,5.361275319888655,4.588424534508743,50.16877720600167,True
2025-03-13,Mineros SA,0.0037106311632722115,4.455059857373469,4.588424534508743,47.21095925498181,True
2025-03-14,Mineros SA,-0.005571122844161133,3.601513159552246,4.588424534508743,44.38656296986081,True
2025-03-17,Mineros SA,0.02392024835981739,3.06525017995806,4.588424534508743,41.741991637516,True
2025-03-18,Mineros SA,0.0,4.3788458504940095,4.588424534508743,39.580779108222245,True
2025-03-19,Mineros SA,-0.05994295438574006,3.5057296725237985,4.588424534508743,37.205932361728905,True
2025-03-20,Mineros SA,-0.03536734971009767,14.047680201017169,4.588424534508743,37.12947108831972,True
2025-03-21,Mineros SA,0.0,14.051231927787384,4.588424534508743,35.65221247833034,True
2025-03-24,Mineros SA,0.0,10.176121075871377,4.588424534508743,33.51307972963052,True
2025-03-25,Mineros SA,0.050693159616772066,7.503718846775013,4.588424534508743,31.502294945852686,True
2025-03-26,Mineros SA,0.020696896119248135,13.643251665250222,4.588424534508743,31.15403510826044,True
2025-03-27,Mineros SA,0.038360957334727844,11.226992803455667,4.588424534508743,29.541809907147385,True
2025-03-28,Mineros SA,-0.014440708974910227,12.800753802293187,4.588424534508743,28.652239141300626,True
2025-03-31,Mineros SA,0.02690747727540231,9.959065916364064,4.588424534508743,27.05822523824142,True
2025-04-01,Mineros SA,0.04329681600686035,9.604683037845051,4.588424534508743,25.86913912394271,True
2025-04-02,Mineros SA,-0.017094588892322838,12.933548305451454,4.588424534508743,25.441759342305296,True
2025-04-03,Mineros SA,0.017094588892322838,10.310044232262419,4.588424534508743,24.090588763405496,True
2025-04-04,Mineros SA,-0.03448614993621662,8.505305438624749,4.588424534508743,22.82048841923968,True
2025-04-07,Mineros SA,0.013937362006516728,10.038100359671816,4.588424534508743,22.16483583653923,True
2025-04-08,Mineros SA,-0.013937362006516804,8.013264879265398,4.588424534508743,20.95149572216729,True
2025-04-09,Mineros SA,0.034486149936216716,6.613191673003795,4.588424534508743,19.810956014657673,True
2025-04-10,Mineros SA,0.0033841449565197956,8.742345268779399,4.588424534508743,19.335875376232146,True
2025-04-11,Mineros SA,-0.0016906409243071768,6.550932042830107,4.588424534508743,18.182594315910258,True
2025-04-14,Mineros SA,0.01677890434421709,5.0123186948321745,4.588424534508743,17.093353616996605,True
2025-04-15,Mineros SA,-0.0016653024741513007,4.8185916061346425,4.588424534508743,16.23667137857224,True
2025-04-16,Mineros SA,0.0,3.817379924954021,4.588424534508743,15.264135035256153,True
2025-04-17,Mineros SA,0.0,3.1185245451574852,4.588424534508743,14.348286933140782,True
2025-04-18,Mineros SA,0.0,2.636571190491303,4.588424534508743,13.487389717152334,True
2025-04-21,Mineros SA,0.014888417258692199,2.304200512967704,4.588424534508743,12.678146334123193,True
2025-04-22,Mineros SA,0.011428856180963025,2.764929070955799,4.588424534508743,12.050456535157155,True
2025-04-23,Mineros SA,-0.026317273439655328,2.799627697843574,4.588424534508743,11.405800395210807,True
2025-04-24,Mineros SA,0.032789877952284774,4.562776416561205,4.588424534508743,11.13701170027671,True
2025-04-25,Mineros SA,-0.00322703588593243,6.973901755303626,4.588424534508743,11.113896655935546,True
2025-04-28,Mineros SA,-0.021260050228766175,5.3272592534491015,4.588424534508743,10.45331111294487,True
2025-04-29,Mineros SA,-0.0033112132533553024,5.559808317567645,4.588424534508743,10.097306287605974,True
2025-04-30,Mineros SA,0.0,4.353751579539995,4.588424534508743,9.498046390275132,True
2025-05-01,Mineros SA,0.0,3.4884238487170034,4.588424534508743,8.928163606858623,True
2025-05-02,Mineros SA,-0.008326362071248495,2.8916657571112196,4.588424534508743,8.392473790447106,True
2025-05-05,Mineros SA,-0.011774769979509256,2.694195043603675,4.588424534508743,7.930522346225194,True
2025-05-06,Mineros SA,0.0201011320507577,2.7726946239475643,4.588424534508743,7.537878130293894,True
2025-05-07,Mineros SA,0.05642101630290469,3.6547872066110387,4.588424534508743,7.32803874830946,True
2025-05-08,Mineros SA,-0.0015686433917843755,12.893872246443372,4.588424534508743,8.798355071802476,True
2025-05-09,Mineros SA,0.09288113228120644,9.385398162570157,4.588424534508743,8.27193015274868,True
2025-05-12,Mineros SA,-0.030503329419973847,33.74578787626896,4.588424534508743,12.951757183887146,True
2025-05-13,Mineros SA,0.024764375660866214,26.641922509405912,4.588424534508743,12.732923616275983,True
2025-05-14,Mineros SA,0.039497425278279624,20.765744561253097,4.588424534508743,12.336912780422924,True
2025-05-15,Mineros SA,0.002762392733160954,19.653760950942768,4.588424534508743,12.532725975765517,True
2025-05-16,Mineros SA,-0.015288572530563475,14.063855297600886,4.588424534508743,11.785340905386919,True
2025-05-19,Mineros SA,-0.002805078589929344,10.908262148903173,4.588424534508743,11.218464721077083,True
2025-05-20,Mineros SA,0.0028050785899294277,8.032677841739984,4.588424534508743,10.550077917349865,True
2025-05-21,Mineros SA,0.04115807580257533,6.050322398915524,4.588424534508743,9.921794321846281,True
2025-05-22,Mineros SA,-0.016260615550907367,9.921455606377679,4.588424534508743,10.342878984797828,True
2025-05-23,Mineros SA,0.004090025819512193,8.146581434306745,4.588424534508743,9.880950816566603,True
2025-05-26,Mineros SA,-0.006826032868954405,6.156541778363117,4.588424534508743,9.298130754295173,True
2025-05-27,Mineros SA,-0.012405318094183958,4.8753999929441125,4.588424534508743,8.76819974387429,True
2025-05-28,Mineros SA,0.0,4.32416192857156,4.588424534508743,8.334442909452564,True
2025-05-29,Mineros SA,0.0,3.46801786493279,4.588424534508743,7.83437633488541,True
2025-05-30,Mineros SA,0.0,2.877593128317937,4.588424534508743,7.364313754792285,True
2025-06-02,Mineros SA,0.0,2.470417064835001,4.588424534508743,6.922454929504747,True
2025-06-03,Mineros SA,0.0,2.189615234572916,4.588424534508743,6.507107633734462,True
2025-06-04,Mineros SA,0.0,1.995965177631784,4.588424534508743,6.116681175710394,True
2025-06-05,Mineros SA,0.0,1.8624178125084763,4.588424534508743,5.74968030516777,True
2025-06-06,Mineros SA,0.0,1.7703192145886226,4.588424534508743,5.404699486857703,True
2025-06-09,Mineros SA,0.0,1.7068050319540864,4.588424534508743,5.080417517646241,True
2025-06-10,Mineros SA,0.0,1.6630035899468611,4.588424534508743,4.775592466587466,True
2025-06-11,Mineros SA,0.0,1.6327966937493326,4.588424534508743,4.489056918592218,True
2025-06-12,Mineros SA,0.0,1.6119650376194326,4.588424534508743,4.219713503476685,True
2025-06-13,Mineros SA,0.0,1.597598851359293,4.588424534508743,3.9665306932680835,True
2025-06-16,Mineros SA,0.0,1.5876914629896859,4.588424534508743,3.728538851671998,True
2025-06-17,Mineros SA,-0.03816720966402818,1.5808590063774137,4.588424534508743,3.504826520571678,True
2025-06-18,Mineros SA,0.038167209664028076,6.092342397633706,4.588424534508743,4.16857846546011,True
2025-06-19,Mineros SA,0.0013859476729948575,9.213687953972553,4.588424534508743,4.792505293655231,True
2025-06-20,Mineros SA,-0.012543638518086594,6.846138441461561,4.588424534508743,4.506107486607284,True
2025-06-24,Mineros SA,0.023563008939275834,5.693939496421531,4.588424534508743,4.330146757774302,True
2025-06-25,Mineros SA,-0.001370748824831175,6.1389808470851825,4.588424534508743,4.403467186471279,True
2025-06-26,Mineros SA,-0.008264524579992142,4.725226546987928,4.588424534508743,4.140386526687468,True
2025-06-27,Mineros SA,-0.004157915879510304,3.9555020662237705,4.588424534508743,3.9329447550061962,True
2025-06-30,Mineros SA,0.0,3.2668861542500935,4.588424534508743,3.7073410283824746,True
2025-07-01,Mineros SA,0.0,2.7388861719208983,4.588424534508743,3.484900566679526,True
2025-07-02,Mineros SA,0.013793189284333518,2.3747602452930927,4.588424534508743,3.275806532678754,True
2025-07-03,Mineros SA,0.0,2.715949286602956,4.588424534508743,3.1934093830981007,True
2025-07-04,Mineros SA,0.0,2.3589422246494025,4.588424534508743,3.0018048201122145,True
2025-07-07,Mineros SA,0.0,2.1127385663215144,4.588424534508743,2.8216965309054816,True
2025-07-08,Mineros SA,-0.0041180305711624714,1.9429485317985513,4.588424534508743,2.6523947390511524,True
2025-07-09,Mineros SA,0.0027472817463314834,1.8779446885329385,4.588424534508743,2.5034259601791007,True
2025-07-10,Mineros SA,-0.0334759203606957,1.804815005297877,4.588424534508743,2.3577489367645903,True
2025-07-11,Mineros SA,0.03347592036069573,5.204268110599379,4.588424534508743,2.8886663469561,True
2025-07-14,Mineros SA,-0.008264524579992142,7.557482490373658,4.588424534508743,3.38772871253612,True
2025-07-15,Mineros SA,0.009635273404823166,5.908717699457352,4.588424534508743,3.2254464097039293,True
2025-07-16,Mineros SA,0.0,4.850191871889749,4.588424534508743,3.087622721273109,True
2025-07-17,Mineros SA,-0.001370748824831175,3.8307851887113853,4.588424534508743,2.902365357996722,True
2025-07-18,Mineros SA,0.004106755874273321,3.133419897230085,4.588424534508743,2.729350807921384,True
2025-07-21,Mineros SA,0.02162254605766979,2.6997306801436465,4.588424534508743,2.575709025732628,True
2025-07-22,Mineros SA,0.0,3.801687983882262,4.588424534508743,2.701687182998301,True
2025-07-23,Mineros SA,0.0026701897367009952,3.10770287323595,4.588424534508743,2.539585952018403,True
2025-07-24,Mineros SA,0.0066445435809840275,2.6515897563810054,4.588424534508743,2.3914887428352887,True
2025-07-25,Mineros SA,-0.0013253943645023768,2.452462376499543,4.588424534508743,2.2744893939049287,True
2025-07-28,Mineros SA,3.3674845919914233e-06,2.182510210916174,4.588424534508743,2.1390740324035056,True
2025-07-29,Mineros SA,0.01969860208717345,1.991065802570937,4.588424534508743,2.010729597263267,True
2025-07-30,Mineros SA,-0.017049641200100298,3.065974747406935,4.588424534508743,2.1229067759407476,True
2025-07-31,Mineros SA,0.0,3.5002879177675736,4.588424534508743,2.1699465284155974,True
2025-08-01,Mineros SA,-0.001323570982852053,2.899847604234695,4.588424534508743,2.0397497367106614,True
2025-08-04,Mineros SA,0.0,2.491026835829184,4.588424534508743,1.9184158565960103,True
2025-08-05,Mineros SA,-0.020067563487791984,2.2038284016411014,4.588424534508743,1.8033109052002496,True
2025-08-06,Mineros SA,0.026668226244987304,3.252989196336552,4.588424534508743,1.936736513490172,True
2025-08-07,Mineros SA,0.0,4.940140217057889,4.588424534508743,2.2472488973130598,True
2025-08-08,Mineros SA,0.023408054232086698,3.8928164872514035,4.588424534508743,2.112413963474276,True
2025-08-11,Mineros SA,-0.02209318520288654,4.87425774179477,4.588424534508743,2.314431327425207,True
2025-08-12,Mineros SA,0.02466059760545899,5.359395704899599,4.588424534508743,2.4684307472251215,True
2025-08-13,Mineros SA,0.03154837989786103,6.072690086951429,4.588424534508743,2.6852119469466365,True
2025-08-14,Mineros SA,-0.002487518980331992,7.767114667093793,4.588424534508743,3.1212793946376953,True
2025-08-15,Mineros SA,0.013605560022763441,5.861266117159037,4.588424534508743,2.9377152813659406,True
2025-08-19,Mineros SA,0.014634385150848398,5.10437673389348,4.588424534508743,2.8725191226037956,True
2025-08-20,Mineros SA,0.007237715046430541,4.672711182944987,4.588424534508743,2.8286671124935907,True
2025-08-21,Mineros SA,0.00359930764543113,3.8719290478732806,4.588424534508743,2.690377797199971,True
2025-08-22,Mineros SA,0.03991143190742429,3.1968268523496475,4.588424534508743,2.536728138683848,True
2025-08-25,Mineros SA,0.04610133865037906,7.63975547562876,4.588424534508743,3.3402778885033975,True
2025-08-26,Mineros SA,0.0217401297234283,12.356991677531347,4.588424534508743,4.415061270407355,True
2025-08-27,Mineros SA,-0.010810986870077411,10.477489009699267,4.588424534508743,4.433737538417808,True
2025-08-28,Mineros SA,0.057037697681061296,8.072873962612631,4.588424534508743,4.23783974837573,True
2025-08-29,Mineros SA,0.046146609320031125,16.1579672943193,4.588424534508743,5.935548737526875,True
2025-09-01,Mineros SA,-0.019802757505369264,18.244394366622764,4.588424534508743,6.857121544316613,True
2025-09-02,Mineros SA,0.0,14.28235083587942,4.588424534508743,6.680983774547491,True
2025-09-03,Mineros SA,0.041142117276652984,10.335508176982584,4.588424534508743,6.280124748074641,True
2025-09-04,Mineros SA,0.050525207398560285,12.872580372657207,4.588424534508743,6.918921551593684,True
2025-09-05,Mineros SA,0.0036430149312964384,17.293008653541825,4.588424534508743,8.035464208098581,True
2025-09-08,Mineros SA,0.018018446845133342,12.453427211090876,4.588424534508743,7.561299290286455,True
2025-09-09,Mineros SA,0.0071175141484642835,10.084255458416003,4.588424534508743,7.302419988895805,True
2025-09-10,Mineros SA,-0.007117514148464229,7.598534338025184,4.588424534508743,6.89467019415421,True
2025-09-11,Mineros SA,0.0035650894368224463,5.882420593030309,4.588424534508743,6.51138538709711,True
2025-09-12,Mineros SA,0.003552424711641678,4.582561688767194,4.588424534508743,6.1283281814868085,True
2025-09-15,Mineros SA,-0.007117514148464229,3.6858553531942913,4.588424534508743,5.768200323396729,True
2025-09-16,Mineros SA,-0.007168536525547421,3.1841101600189305,4.588424534508743,5.452503708585078,True
2025-09-17,Mineros SA,-0.010849910319585892,2.840345945225578,4.588424534508743,5.156186235620837,True
2025-09-18,Mineros SA,-0.02765162176891892,2.8086638256833374,4.588424534508743,4.917447393849421,True
2025-09-19,Mineros SA,0.02765162176891897,4.792337743075826,4.588424534508743,5.081167862089266,True
2025-09-22,Mineros SA,0.0,6.167646609934546,4.588424534508743,5.2350651022347225,True
2025-09-23,Mineros SA,0.0,4.739344740483607,4.588424534508743,4.920961196100639,True
2025-09-24,Mineros SA,0.012646867821370015,3.754341408809645,4.588424534508743,4.6257035243346,True
2025-09-25,Mineros SA,0.031804836850124425,3.573133170791329,4.588424534508743,4.444127272289246,True
2025-09-26,Mineros SA,0.04255964272514011,6.093799519794205,4.588424534508743,4.784408224189711,True
2025-09-29,Mineros SA,0.0,10.315796731620178,4.588424534508743,5.584137644073272,True
2025-09-30,Mineros SA,-0.1823216870031441,7.600043712833757,4.588424534508743,5.249089385428875,True
2025-10-01,Mineros SA,0.24216160559515082,108.8729833528896,4.588424534508743,24.878862553306625,True
2025-10-02,Mineros SA,-0.02222304979561239,257.60674462860703,4.588424534508743,58.571476734761085,True
2025-10-03,Mineros SA,0.026921601478214183,179.66976717083165,4.588424534508743,55.353506496006375,True
2025-10-06,Mineros SA,0.044315876247704576,126.64505297840782,4.588424534508743,52.467159681937055,True
2025-10-07,Mineros SA,-0.005997058984249991,93.92562534631074,4.588424534508743,50.497468233581955,True
2025-10-08,Mineros SA,0.0512933457859152,65.37092636798964,4.588424534508743,47.48919896944338,True
2025-10-09,Mineros SA,-0.04829032071096937,53.74041432396102,4.588424534508743,46.218451424424856,True
2025-10-10,Mineros SA,0.01930280640548559,44.77832429521699,4.588424534508743,44.844517383580325,True
2025-10-14,Mineros SA,0.02181897765447695,32.52549464536769,4.588424534508743,42.377405341642095,True
2025-10-15,Mineros SA,0.019943742503930453,24.39701344986195,4.588424534508743,40.12040169267551,True
2025-10-16,Mineros SA,0.03192492618052653,18.548037244746357,4.588424534508743,37.951829310152824,True
2025-10-17,Mineros SA,0.002728532647338527,16.444748559817306,4.588424534508743,36.286240098522896,True
2025-10-20,Mineros SA,-0.004095595892862506,11.850234671945584,4.588424534508743,34.11353262685608,True
2025-10-21,Mineros SA,-0.015162145317949797,8.709761848136031,4.588424534508743,32.07678501267529,True
2025-10-22,Mineros SA,-0.012578795942005847,7.203973680369026,4.588424534508743,30.290112302300347,True
2025-10-23,Mineros SA,0.012578795942005875,5.94345094033007,4.588424534508743,28.5676412285727,True
2025-10-24,Mineros SA,-0.013986264898891694,5.07747567077187,4.588424534508743,26.948518419268712,True
2025-10-27,Mineros SA,-0.08829260926175385,4.592807893621009,4.588424534508743,25.44897667760577,True
2025-10-28,Mineros SA,-0.006171009930609373,27.836590501673193,4.588424534508743,28.59938898709867,True
2025-10-29,Mineros SA,0.03348867790100408,19.80032911214863,4.588424534508743,26.906274466010956,True
2025-10-30,Mineros SA,0.017804707189366765,17.626053108979292,4.588424534508743,25.964792926584614,True
2025-10-31,Mineros SA,0.0,13.627673644875058,4.588424534508743,24.59710990984899,True
2025-11-04,Mineros SA,-0.045120497144443605,9.884021535325985,4.588424534508743,23.121283315258047,True
2025-11-05,Mineros SA,0.025817655320313347,13.614965551433599,4.588424534508743,22.955521873879608,True
2025-11-06,Mineros SA,0.03679593784189631,11.947425868054907,4.588424534508743,21.978121357189934,True
2025-11-07,Mineros SA,0.011494362894253166,12.932320637149747,4.588424534508743,21.471798700757354,True
2025-11-10,Mineros SA,0.0,9.816060160259314,4.588424534508743,20.26276300571878,True
2025-11-11,Mineros SA,0.00711750091475678,7.255409151836508,4.588424534508743,19.046997225375655,True
2025-11-12,Mineros SA,0.034846689584369775,5.6476695145853615,4.588424534508743,17.934572683416054,True
2025-11-13,Mineros SA,0.024358491226053266,8.154120769178967,4.588424534508743,17.587073387404747,True
2025-11-14,Mineros SA,-0.02710199003491117,7.954021048504754,4.588424534508743,16.887850641046292,True
2025-11-18,Mineros SA,0.02308327731787329,8.247412673184213,4.588424534508743,16.315290320894967,True
2025-11-19,Mineros SA,-0.0026881860114600867,7.830422372846591,4.588424534508743,15.656075516681573,True
2025-11-20,Mineros SA,-0.01765159249755539,5.908122124026427,4.588424534508743,14.721046792100003,True
2025-11-21,Mineros SA,0.006825996921901997,5.52507649178144,4.588424534508743,14.024731215193853,True
2025-11-24,Mineros SA,0.017532494304151228,4.441722298541983,4.588424534508743,13.211203882668912,True
2025-11-25,Mineros SA,0.0026701758108135794,4.505440206360083,4.588424534508743,12.602964663623833,True
2025-11-26,Mineros SA,0.003992039944923663,3.6155145590257542,4.588424534508743,11.851064687122795,True
2025-11-27,Mineros SA,-0.00399203994492364,3.029300155672809,4.588424534508743,11.149562635648547,True
2025-11-28,Mineros SA,0.0,2.6239733552249405,4.588424534508743,10.490150707262753,True
2025-12-01,Mineros SA,0.03793782580133638,2.295512636843858,4.588424534508743,9.860741664826987,True
2025-12-02,Mineros SA,-0.006439076478178654,6.541058925371288,4.588424534508743,10.132664340856895,True
2025-12-04,Mineros SA,0.0,5.1246953732466105,4.588424534508743,9.549581503940582,True
2025-12-05,Mineros SA,-0.009085114252204032,4.020091713596504,4.588424534508743,8.976606613704146,True
2025-12-09,Mineros SA,0.009085114252204063,3.5132966586495424,4.588424534508743,8.487533797467256,True
2025-12-10,Mineros SA,-0.010389751945824182,3.1661937663123583,4.588424534508743,8.02780535020458,True
2025-12-11,Mineros SA,0.010389751945824236,3.003105717129036,4.588424534508743,7.610905196489759,True
2025-12-12,Mineros SA,-0.009085114252204032,2.8933788945595973,4.588424534508743,7.219019051997829,True
2025-12-15,Mineros SA,0.007792283292256131,2.7362789256840694,4.588424534508743,6.83540148946332,True
2025-12-16,Mineros SA,0.002583992665835856,2.562445369639094,4.588424534508743,6.4617092074395845,True
2025-12-17,Mineros SA,0.0038633870374389545,2.2741454608692564,4.588424534508743,6.0780128658514645,True
2025-12-18,Mineros SA,0.0,2.10109484858284,4.588424534508743,5.722287549541007,True
2025-12-19,Mineros SA,0.002567407574742149,1.9349186460923353,4.588424534508743,5.378950296568546,True
2025-12-22,Mineros SA,0.0,1.8411153057816714,4.588424534508743,5.060168227767339,True
2025-12-23,Mineros SA,-0.0025674075747422445,1.7556283144731057,4.588424534508743,4.756558134101299,True
2025-12-24,Mineros SA,0.0064062018705439636,1.716792807058935,4.588424534508743,4.4751195950481275,True
2025-12-29,Mineros SA,-0.007761978204995266,1.7981104860327823,4.588424534508743,4.231236072788936,True
2025-12-30,Mineros SA,-0.006514711277281326,1.9119369887527502,4.588424534508743,4.013510891814493,True
2025-12-31,Mineros SA,0.0,1.9353334853703512,4.588424534508743,3.7981651161214245,True
2026-01-02,Mineros SA,-0.007874028931924579,1.8206042294278213,4.588424534508743,3.570275209154139,True
2026-01-05,Mineros SA,0.027292079192690104,1.932872327631951,4.588424534508743,3.393258895577362,True
2026-01-06,Mineros SA,0.011472454717756953,4.134307097545523,4.588424534508743,3.6365779138387615,True
2026-01-07,Mineros SA,0.0,3.7470998991817837,4.588424534508743,3.497353569359026,True
2026-01-08,Mineros SA,0.0025316586575021317,3.070057158104077,4.588424534508743,3.2875123551974843,True
2026-01-09,Mineros SA,0.0335643425734728,2.6233731925034163,4.588424534508743,3.0941071912204983,True
2026-01-13,Mineros SA,0.04423910538518014,5.796023372963104,4.588424534508743,3.584399815180932,True
2026-01-14,Mineros SA,0.00931326555758884,10.563101489964245,4.588424534508743,4.543594893438721,True
2026-01-15,Mineros SA,-0.0011594258020342714,8.041026174238617,4.588424534508743,4.3230213490401,True
2026-01-16,Mineros SA,0.0011594258020343462,6.035307164481723,4.588424534508743,4.064446629011947,True
2026-01-19,Mineros SA,0.013809258902190268,4.652404440621076,4.588424534508743,3.821386392185483,True
2026-01-20,Mineros SA,0.03591840219097199,4.288065446510567,4.588424534508743,3.706520587510987,True
2026-01-21,Mineros SA,0.029334020506935708,7.452017442649876,4.588424534508743,4.2582083218317806,True
2026-01-22,Mineros SA,0.0064034670676813,8.29962757434612,4.588424534508743,4.519006677982668,True
2026-01-23,Mineros SA,0.01058215854164203,6.337737930705505,4.588424534508743,4.272468911595835,True
2026-01-26,Mineros SA,0.04628066733070041,5.205598664442441,4.588424534508743,4.083310024540353,True
2026-01-27,Mineros SA,0.029706435596358306,10.729759602354864,4.588424534508743,5.123451524212909,True
2026-01-28,Mineros SA,0.06423363129692733,10.628356380190393,4.588424534508743,5.345527822264485,True
2026-01-29,Mineros SA,-0.030657314641098173,20.62971588173987,4.588424534508743,7.500371786682379,True
2026-01-30,Mineros SA,-0.1001330639006607,17.625863085503262,4.588424534508743,7.614272044083411,True
2026-02-02,Mineros SA,-0.06349631484037038,43.747486308281275,4.588424534508743,13.173394013118692,True
2026-02-03,Mineros SA,0.04028844329482036,43.16057978376102,4.588424534508743,14.802059571316036,True
2026-02-04,Mineros SA,0.0053220105934934136,35.293950056635126,4.588424534508743,14.887831194909047,True
2026-02-05,Mineros SA,-0.05790802331963484,24.91439969073547,4.588424534508743,14.011555601268856,True
2026-02-06,Mineros SA,0.025542733361318428,28.067743548193217,4.588424534508743,15.18286576406515,True
2026-02-09,Mineros SA,0.02597546992947765,21.870670202891525,4.588424534508743,14.663352554761687,True
2026-02-10,Mineros SA,0.01484655885624509,17.66621716300054,4.588424534508743,14.188386424310304,True
2026-02-11,Mineros SA,0.032110482620253976,13.355205858177301,4.588424534508743,13.469335424774854,True
2026-02-12,Mineros SA,-0.012307889589541928,12.900506417668458,4.588424534508743,13.279825155751743,True
2026-02-13,Mineros SA,0.01637708494096493,9.851075739494632,4.588424534508743,12.57392613409565,True
2026-02-16,Mineros SA,-0.015345621801780264,8.114153070429555,4.588424534508743,11.98041591274806,True
2026-02-17,Mineros SA,-0.011404934045246633,6.810570997517155,4.588424534508743,11.40288382307314,True
2026-02-18,Mineros SA,0.030803161188413825,5.584923097359327,4.588424534508743,10.796754306034606,True
2026-02-19,Mineros SA,-0.02976094810950612,7.286422372135103,4.588424534508743,10.718249891192173,True
2026-02-20,Mineros SA,0.039821429729906786,8.25592766216104,4.588424534508743,10.606583317146672,True
2026-02-23,Mineros SA,-0.016145614845076057,11.106391345044702,4.588424534508743,10.921636077558215,True
2026-02-24,Mineros SA,-0.004077491417454548,8.9522001794076,4.588424534508743,10.422746440140047,True
2026-02-25,Mineros SA,-0.004094185446699159,6.710726333821131,4.588424534508743,9.807357215487293,True
2026-02-26,Mineros SA,-0.011346113942781677,5.165354405301785,4.588424534508743,9.228973195241233,True
2026-02-27,Mineros SA,0.050566861767038326,4.446182701885963,4.588424534508743,8.752475384488308,True
2026-03-02,Mineros SA,-0.014903456115027003,11.494966148904187,4.588424534508743,9.761531366799067,True
2026-03-03,Mineros SA,-0.0662082746609897,9.100635844146591,4.588424534508743,9.309107287294644,True
2026-03-04,Mineros SA,0.0,20.358358054692804,4.588424534508743,11.380682230207999,True
2026-03-05,Mineros SA,-0.10595479008118905,14.52571998151303,4.588424534508743,10.697841296395518,True
2026-03-06,Mineros SA,-0.019208338946744053,45.33250778813067,4.588424534508743,16.791821343301095,True
2026-03-09,Mineros SA,0.02039669721549125,32.8913007429945,4.588424534508743,16.005688233758832,True
2026-03-12,Mineros SA,-0.04206230264058184,24.462744873806713,4.588424534508743,15.29496209411356,True
2026-03-13,Mineros SA,-0.04890948886695619,22.841822216091813,4.588424534508743,15.438806750523485,True
2026-03-16,Mineros SA,-0.026668338037794868,23.656359030379058,4.588424534508743,15.947761206228224,True
2026-03-17,Mineros SA,-0.06789030931537327,19.003941613290763,4.588424534508743,15.417615686073388,True
2026-03-18,Mineros SA,-0.06692883704651822,27.88783731637343,4.588424534508743,17.25801520427122,True
2026-03-19,Mineros SA,-0.08127073061161087,33.61227360631477,4.588424534508743,18.910215829054582,True
2026-03-24,Mineros SA,0.06043657255367344,44.154882247382886,4.588424534508743,21.738561871798325,True
2026-03-25,Mineros SA,-0.007547157797229135,42.28097684149625,4.588424534508743,22.625795740711684,True
2026-03-26,Mineros SA,-0.022989521665734088,29.82005696054724,4.588424534508743,21.30242375075875,True
2026-03-27,Mineros SA,-0.031498619820839124,22.688127489745263,4.588424534508743,20.341389189564776,True
2026-03-30,Mineros SA,-0.040822053114203706,19.2075971838221,4.588424534508743,19.716203668561544,True
2026-03-31,Mineros SA,0.09531019460077678,18.898816167494463,4.588424534508743,19.53309546072317,True
2026-04-01,Mineros SA,0.04734613684763676,41.72564886072057,4.588424534508743,23.811529649982546,True
2026-04-02,Mineros SA,0.0,36.22492416535812,4.588424534508743,23.727831875620684,True
2026-04-03,Mineros SA,0.0,25.46781899818546,4.588424534508743,22.30416196308344,True
2026-04-06,Mineros SA,0.0028859442919809803,18.04937010061072,4.588424534508743,20.965912245298433,True
2026-04-07,Mineros SA,0.008608404086863752,12.959597537739718,4.588424534508743,19.712954715254376,True
2026-04-08,Mineros SA,0.043333136061790456,9.654428018411215,4.588424534508743,18.574640204892752,True
2026-04-09,Mineros SA,-0.020733227765101437,12.97762427354212,4.588424534508743,18.586818201168974,True
2026-04-10,Mineros SA,0.0,10.767155316019593,4.588424534508743,17.72952914923458,True
2026-04-13,Mineros SA,-0.03120831238355274,7.911315243678965,4.588424534508743,16.665757400280505,True
2026-04-14,Mineros SA,0.045078071762067025,8.960565938028246,4.588424534508743,16.250187213361322,True
2026-04-15,Mineros SA,-0.0041408068987562234,12.978154700561838,4.588424534508743,16.494395512831282,True
2026-04-16,Mineros SA,0.013736526717236755,9.488761876179485,4.588424534508743,15.515019551125077,True
2026-04-17,Mineros SA,0.017581659308658116,7.617146811569359,4.588424534508743,14.697333677809587,True
2026-04-20,Mineros SA,-0.014855125480276033,6.700680663280793,4.588424534508743,14.000962503568445,True
2026-04-21,Mineros SA,-0.028987517334154424,5.789883468866115,4.588424534508743,13.293309605175185,True
2026-04-22,Mineros SA,-0.01837510574250498,7.082943587573816,4.588424534508743,12.999876725583416,True
2026-04-23,Mineros SA,-0.0014275543793594208,6.4160757273412035,4.588424534508743,12.422470828677355,True
2026-04-24,Mineros SA,-0.011494398779607534,4.916806027200874,4.588424534508743,11.67834532586033,True
2026-04-27,Mineros SA,-0.011627986415446658,4.285267934581608,4.588424534508743,11.056917328291496,True
2026-04-28,Mineros SA,-0.005865129110539897,3.859307959267493,4.588424534508743,10.474628329440693,True
2026-04-29,Mineros SA,-0.04512043638518008,3.253430597602676,4.588424534508743,9.866790473364231,True
2026-04-30,Mineros SA,0.0451204363851801,9.042277803280554,4.588424534508743,10.496295312715826,True
2026-05-04,Mineros SA,-0.0029455151015628546,13.046371294087855,4.588424534508743,11.088029861706328,True
2026-05-05,Mineros SA,0.0,9.50967527350739,4.588424534508743,10.427953705532069,True
2026-05-06,Mineros SA,0.010271567248688595,7.044116188717159,4.588424534508743,9.802276483200144,True
2026-05-07,Mineros SA,0.09729886897287436,5.672596564637959,4.588424534508743,9.277442950454734,True
2026-05-08,Mineros SA,0.03896597059303726,33.793502721147746,4.588424534508743,14.401038315467797,True
2026-05-11,Mineros SA,-0.005108576544215566,28.508633222098887,4.588424534508743,14.447984135094197,True
2026-05-12,Mineros SA,-0.04719088194755584,20.226738029793594,4.588424534508743,13.59676361957341,True
2026-05-13,Mineros SA,0.009352055891432806,21.340539849255038,4.588424534508743,14.117145405791897,True
2026-05-14,Mineros SA,-0.0013306744336535755,15.475749790151536,4.588424534508743,13.32259325108227,True
2026-05-15,Mineros SA,-0.035233990183502734,11.163834775056873,4.588424534508743,12.524300072686362,True
2026-05-19,Mineros SA,-0.02514096276143464,12.033233898117565,4.588424534508743,12.51770250687588,True
2026-05-20,Mineros SA,-0.0070972736765635295,10.742858128303352,4.588424534508743,12.145881161606434,True
2026-05-21,Mineros SA,0.06613977913377916,8.049958045067202,4.588424534508743,11.447351068094074,True
2026-05-22,Mineros SA,0.021108998567126336,19.62311786722521,4.588424534508743,13.385192234327485,True
2026-05-25,Mineros SA,0.04717255976520048,15.404428148016503,4.588424534508743,12.849434592572,True
2026-05-26,Mineros SA,-0.02650001749058072,18.022013290608363,4.588424534508743,13.413618753898527,True
2026-05-27,Mineros SA,-0.055204518064299005,15.090560323043192,4.588424534508743,13.030152184865265,True
2026-05-28,Mineros SA,0.03453197578967936,20.344157020625293,4.588424534508743,14.076866342600258,True
2026-06-01,Mineros SA,0.053379854068209664,18.221487078962156,4.588424534508743,13.947728773207645,True
2026-06-02,Mineros SA,0.0,21.902753412689048,4.588424534508743,14.820510339021203,True
2026-06-03,Mineros SA,-0.0442829602129965,15.590785151267996,4.588424534508743,13.93127971867993,True
2026-06-04,Mineros SA,0.0012928271241990667,17.318246409851877,4.588424534508743,14.271991274694631,True
2026-06-05,Mineros SA,-0.1428027700881665,12.43451852011069,4.588424534508743,13.416674639396792,True
2026-06-08,Mineros SA,0.0,72.33443318869372,4.588424534508743,24.847252847945242,True
2026-06-09,Mineros SA,0.09110137511191707,50.37010853083827,4.588424534508743,23.356417677068528,True
2026-06-10,Mineros SA,-0.06173071053636963,60.99365901594621,4.588424534508743,26.934708944813757,True
2026-06-11,Mineros SA,0.05353392966286308,54.36810654571488,4.588424534508743,27.605034782119965,True
2026-06-17,Mineros SA,-0.029093009161312865,46.88178209688656,4.588424534508743,27.66826167028179,True
2026-06-18,Mineros SA,0.0,35.44025307281348,4.588424534508743,26.51600787930102,True
2026-06-19,Mineros SA,0.0,24.926684342440854,4.588424534508743,24.92504740654296,True
2026-06-22,Mineros SA,0.026700659610260646,17.676186076845784,4.588424534508743,23.42954456215038,True
2026-06-23,Mineros SA,-0.05793367068762822,14.892221496779639,4.588424534508743,22.451527022595158,True
2026-06-24,Mineros SA,-0.04013484043135731,21.165341887047234,4.588424534508743,23.118221520844983,True
2026-06-25,Mineros SA,0.03376943588070715,20.076359459371172,4.588424534508743,22.69761147946459,True
2026-06-26,Mineros SA,0.01772201237561977,17.875057156363752,4.588424534508743,22.01997967051743,True
2026-06-29,Mineros SA,0.0,13.790265786727531,4.588424534508743,20.887222723871353,True
2026-06-30,Mineros SA,-0.007556723569881281,9.996150354068101,4.588424534508743,19.63398936043907,True
2026-07-01,Mineros SA,-0.012722839268587404,7.555839810126725,4.588424534508743,18.490212441479684,True
2026-07-02,Mineros SA,0.019024067814552393,6.197401667026709,4.588424534508743,17.47792207842349,True
2026-07-03,Mineros SA,0.022361156796965678,5.885644141235609,4.588424534508743,16.646395847445692,True
2026-07-06,Mineros SA,-0.008636712301563564,6.099723448091018,4.588424534508743,15.947624896578041,True
2026-07-07,Mineros SA,-0.052141461720326264,4.922874058511748,4.588424534508743,15.035523082411347,True
2026-07-08,Mineros SA,-0.026456548516561266,12.312085487250261,4.588424534508743,15.764630915666016,True
2026-07-09,Mineros SA,0.01727614088638266,11.14566994630953,4.588424534508743,15.238722436371551,True
2026-07-10,Mineros SA,0.052611622910389164,9.100971195588789,4.588424534508743,14.503478116544944,True
2026-07-14,Mineros SA,-0.0317486983145803,15.360128427894264,4.588424534508743,15.29405914871124,True
2026-07-15,Mineros SA,-0.005174655790017474,14.203028335916263,4.588424534508743,14.981203506590706,True
2026-07-16,Mineros SA,-0.03430415518376997,10.363228789187426,4.588424534508743,14.09839753372236,True
2026-07-17,Mineros SA,-0.006734032181344068,11.28055225788124,4.588424534508743,13.958558719422323,True
2026-07-21,Mineros SA,0.033225647628320386,8.405224148652232,4.588424534508743,13.14825350990861,True
2026-07-22,Mineros SA,0.014276686356682862,9.713121162645592,4.588424534508743,13.02172449550688,True
2026-07-23,Mineros SA,0.0038585256875294997,7.818907184395416,4.588424534508743,12.362715289772723,True
2026-07-24,Mineros SA,0.0,5.924825364824464,4.588424534508743,11.629885304675154,True
2026-07-27,Mineros SA,0.024097551579060524,4.571887327908355,4.588424534508743,10.932092186394645,True
2026-07-28,Mineros SA,-0.010075651988741587,5.444318940230136,4.588424534508743,10.624581850474254,True
2026-07-29,Mineros SA,0.0,4.554265270582558,4.588424534508743,10.048018197244737,True
2026-07-30,Mineros SA,0.015075662405447396,3.6267045987093653,4.588424534508743,9.445137105410051,True
2026-07-31,Mineros SA,-0.006253929076299456,3.694409112674176,4.588424534508743,9.01479423726326,True
2026-08-03,Mineros SA,0.0,3.1542838335529915,4.588424534508743,8.497373560362295,True
2026-08-04,Mineros SA,0.013707379730880286,2.661231956510887,4.588424534508743,7.987531146740556,True
2026-08-05,Mineros SA,0.0506742909632668,2.906174057060312,4.588424534508743,7.621014633388052,True
2026-08-06,Mineros SA,-0.0094563352420354,10.46669675242028,4.588424534508743,8.704484014162665,True
2026-08-07,Mineros SA,0.0,7.980398249599194,4.588424534508743,8.235868339038761,True
2026-08-10,Mineros SA,0.012979533249352325,5.989477112888549,4.588424534508743,7.741716238696435,True
2026-08-11,Mineros SA,-0.004700361180331852,5.141058121592426,4.588424534508743,7.378294234397274,True
2026-08-12,Mineros SA,0.0,4.099326027811291,4.588424534508743,6.94885261746878,True
2026-08-13,Mineros SA,-0.01662746146049184,3.312963729623203,4.588424534508743,6.531921460420652,True
2026-08-14,Mineros SA,0.015448910941047557,3.626547880693597,4.588424534508743,6.305889657567498,True
2026-08-18,Mineros SA,-0.00236127618567982,3.7297112802350774,4.588424534508743,6.070737587672099,True
2026-08-19,Mineros SA,0.02221014732565602,3.0750585199656237,4.588424534508743,5.709838707546808,True
2026-08-20,Mineros SA,0.016055390753297778,4.140542557089759,4.588424534508743,5.663222771630407,True
2026-08-21,Mineros SA,0.01803882058967835,4.143559846689627,4.588424534508743,5.478094748677231,True
2026-08-24,Mineros SA,0.0329700192375699,4.355783903926385,4.588424534508743,5.344648492716559,True
2026-08-25,Mineros SA,0.005390848634876373,6.867943151295091,4.588424534508743,5.676182884269004,True
2026-08-26,Mineros SA,-0.0032310205814464203,5.313200526821863,4.588424534508743,5.353048660615353,True
2026-08-27,Mineros SA,0.0,4.182065122028689,4.588424534508743,5.038129437377069,True
2026-08-28,Mineros SA,-0.009756174945364685,3.3700232946962028,4.588424534508743,4.735841671134445,True
2026-08-31,Mineros SA,0.03321140798943736,3.1041415415552427,4.588424534508743,4.508800940605115,True
2026-09-01,Mineros SA,-0.027779564107075706,6.054384443843219,4.588424534508743,4.900071456553326,True
2026-09-02,Mineros SA,0.017186244705410643,7.052686393977285,4.588424534508743,5.069089678347604,True
2026-09-03,Mineros SA,0.01479942444593925,6.268689708360314,4.588424534508743,4.9421645018913,True
2026-09-04,Mineros SA,0.017681167843226445,5.49075783068658,4.588424534508743,4.7770484101364605,True
2026-09-08,Mineros SA,0.009235571033081844,5.245157588912095,4.588424534508743,4.67799972330848,True
2026-09-09,Mineros SA,0.013191464754362503,4.369116340303928,4.588424534508743,4.44849720329423,True
2026-09-10,Mineros SA,0.009031672030347757,4.040847130586065,4.588424534508743,4.285996216515929,True
2026-09-11,Mineros SA,0.018803126963096092,3.5269976561966816,4.588424534508743,4.077779103323232,True
2026-09-14,Mineros SA,0.0019588644853329716,4.0180784859838585,4.588424534508743,4.045246907278025,True
2025-01-02,Grupo Bolivar,0.001654187232805985,4.562920754522503,4.5390032205274835,2.2823422269402815,True
2025-01-03,Grupo Bolivar,0.0231998462656827,4.156140183722532,4.5390032205274835,2.1470434945645716,True
2025-01-07,Grupo Bolivar,0.014430360786607461,4.673615820650682,4.5390032205274835,2.3411606049414844,True
2025-01-08,Grupo Bolivar,0.02639181591486027,4.580234191825458,4.5390032205274835,2.3256321561039903,True
2025-01-09,Grupo Bolivar,0.004763434489701303,5.283290479138891,4.5390032205274835,2.6040109951080743,True
2025-01-10,Grupo Bolivar,0.005557355639184323,4.794347704785328,4.5390032205274835,2.4613845202841955,True
2025-01-13,Grupo Bolivar,-0.02273169051752973,4.396614857421633,4.5390032205274835,2.332231970087368,True
2025-01-14,Grupo Bolivar,-0.011084972477229461,4.828887807902787,4.5390032205274835,2.5023359041529765,True
2025-01-15,Grupo Bolivar,-0.017670967057321116,4.567707561331272,4.5390032205274835,2.4259217187963587,True
2025-01-16,Grupo Bolivar,0.004850381404718652,4.6482062720908806,4.5390032205274835,2.467724261713134,True
2025-01-17,Grupo Bolivar,0.0,4.261845174443129,4.5390032205274835,2.3337765258730903,True
2025-01-20,Grupo Bolivar,0.0,3.8982376330964814,4.5390032205274835,2.1937499343207048,True
2025-01-21,Grupo Bolivar,0.0,3.5925851852558313,4.5390032205274835,2.062124938261462,True
2025-01-22,Grupo Bolivar,0.0,3.335650418377838,4.5390032205274835,1.9383974419657743,True
2025-01-23,Grupo Bolivar,0.006110336631054024,3.119668263165178,4.5390032205274835,1.8220935954478277,True
2025-01-24,Grupo Bolivar,-0.012582932967889664,2.9992964693040483,4.5390032205274835,1.7351697079678383,True
2025-01-27,Grupo Bolivar,-0.011428570088314032,3.0858304987372995,4.5390032205274835,1.7260576467344109,True
2025-01-28,Grupo Bolivar,0.014346423994455773,3.114709898106838,4.5390032205274835,1.7008615164884497,True
2025-01-29,Grupo Bolivar,0.0054883134614693435,3.265928047169981,4.5390032205274835,1.7223017543563606,True
2025-01-30,Grupo Bolivar,-0.0019335710307755544,3.1105742462870603,4.5390032205274835,1.637036599885786,True
2025-01-31,Grupo Bolivar,0.0,2.9358953221673567,4.5390032205274835,1.5410576220512715,True
2025-02-03,Grupo Bolivar,-0.00032270345076910426,2.7836297881627545,4.5390032205274835,1.448594164728195,True
2025-02-04,Grupo Bolivar,-0.007774474798437103,2.6557111793773487,4.5390032205274835,1.3617409973547863,True
2025-02-05,Grupo Bolivar,0.0048661837776351104,2.6423082625269987,4.5390032205274835,1.3163020125484193,True
2025-02-06,Grupo Bolivar,0.0012937443062359143,2.5759145893820268,4.5390032205274835,1.2515317385301454,True
2025-02-07,Grupo Bolivar,0.03960584316305304,2.4840487630106964,4.5390032205274835,1.1774440988162873,True
2025-02-10,Grupo Bolivar,0.00495804651673393,4.914840649126271,4.5390032205274835,2.0479711404811236,True
2025-02-11,Grupo Bolivar,-0.01740811560385453,4.487693625387157,4.5390032205274835,1.9398422072095145,True
2025-02-12,Grupo Bolivar,0.0006308541158613785,4.566321426838283,4.5390032205274835,2.005277168103242,True
2025-02-13,Grupo Bolivar,-0.008233030511187522,4.154991063414922,4.5390032205274835,1.885199324166347,True
2025-02-14,Grupo Bolivar,0.007602176395326128,3.9141929157825643,4.5390032205274835,1.8127570395552528,True
2025-02-17,Grupo Bolivar,0.024315383698002995,3.700197272150009,4.5390032205274835,1.73866746874933,True
2025-02-18,Grupo Bolivar,0.019216607028722497,4.375134121950753,4.5390032205274835,1.9890901512530361,True
2025-02-20,Grupo Bolivar,0.039685364462382224,4.587320520020299,4.5390032205274835,2.091311533595662,True
2025-02-21,Grupo Bolivar,0.007521058943027478,6.692945403415003,4.5390032205274835,2.910789733087189,True
2025-02-24,Grupo Bolivar,0.008608491933460163,6.034069248796072,4.5390032205274835,2.770082145676654,True
2025-02-25,Grupo Bolivar,0.014466236792906722,5.508465197737885,4.5390032205274835,2.6483408969571234,True
2025-02-26,Grupo Bolivar,0.026949913269508737,5.283679837178379,4.5390032205274835,2.6150036473087646,True
2025-02-27,Grupo Bolivar,0.027576784217147664,5.9222167946637025,4.5390032205274835,2.8938821236106644,True
2025-02-28,Grupo Bolivar,-0.05283827330485941,6.5136300843904245,4.5390032205274835,3.1765366128494996,True
2025-03-03,Grupo Bolivar,0.03317992391213837,10.226501520634388,4.5390032205274835,4.661074291581942,True
2025-03-04,Grupo Bolivar,-0.01093844616450557,10.675992435550839,4.5390032205274835,5.041954244576201,True
2025-03-05,Grupo Bolivar,-0.010225418737186406,9.477743986600089,4.5390032205274835,4.811226752597901,True
2025-03-06,Grupo Bolivar,0.03252105073644484,8.44662685187588,4.5390032205274835,4.585288660452509,True
2025-03-07,Grupo Bolivar,-0.005122113672348397,9.110633515789644,4.5390032205274835,4.944742585426811,True
2025-03-10,Grupo Bolivar,0.025615235725115523,8.014593313894451,4.5390032205274835,4.6637996593846776,True
2025-03-11,Grupo Bolivar,-0.00017164091525118485,8.10566456092122,4.5390032205274835,4.777655860573538,True
2025-03-12,Grupo Bolivar,-0.009290057909267783,7.129393820499447,4.5390032205274835,4.491014185301398,True
2025-03-13,Grupo Bolivar,0.0,6.443740372965461,4.5390032205274835,4.273336439757843,True
2025-03-14,Grupo Bolivar,-0.0021358374553761368,5.732362431196629,4.5390032205274835,4.016936253372372,True
2025-03-17,Grupo Bolivar,-0.008588597635923557,5.1410553707393225,4.5390032205274835,3.778657159151502,True
2025-03-18,Grupo Bolivar,-0.0010784749121815914,4.752524989563318,4.5390032205274835,3.596196135213487,True
2025-03-19,Grupo Bolivar,0.00752732386750177,4.31226638911772,4.5390032205274835,3.3811222319824004,True
2025-03-20,Grupo Bolivar,-0.006448848955320175,4.032996599917355,4.5390032205274835,3.212251260827213,True
2025-03-21,Grupo Bolivar,0.0,3.7703809960233627,4.5390032205274835,3.0444687768867005,True
2025-03-24,Grupo Bolivar,0.0,3.4851075076770393,4.5390032205274835,2.8618006502734983,True
2025-03-25,Grupo Bolivar,0.004035249830160542,3.2453035154546463,4.5390032205274835,2.6900926112570884,True
2025-03-26,Grupo Bolivar,0.006155680825424276,3.0707819671217713,4.5390032205274835,2.5384569992967494,True
2025-03-27,Grupo Bolivar,0.007177915068832033,2.959101053381986,4.5390032205274835,2.4088850231936423,True
2025-03-28,Grupo Bolivar,-0.011992196471619901,2.887225768834835,4.5390032205274835,2.295265400643243,True
2025-03-31,Grupo Bolivar,0.0037465276534906114,2.968645895216719,4.5390032205274835,2.243837142333008,True
2025-04-01,Grupo Bolivar,0.008775467329694428,2.834560310420993,4.5390032205274835,2.1176287954680495,True
2025-04-02,Grupo Bolivar,0.01810366437333287,2.8235955472980283,4.5390032205274835,2.036776363852687,True
2025-04-03,Grupo Bolivar,-0.004430160581154451,3.216573337792049,4.5390032205274835,2.111215380266895,True
2025-04-04,Grupo Bolivar,-0.01685585844983951,3.0496371386844845,4.5390032205274835,1.99631825111577,True
2025-04-07,Grupo Bolivar,0.0,3.327467083380078,4.5390032205274835,2.0470111344974393,True
2025-04-08,Grupo Bolivar,-0.018226177665888656,3.112789262899392,4.5390032205274835,1.9241904664275928,True
2025-04-09,Grupo Bolivar,-0.003152416974285004,3.4568003220653214,4.5390032205274835,2.00805516982706,True
2025-04-10,Grupo Bolivar,-0.011222156728041898,3.2364827758214187,4.5390032205274835,1.8935344993052925,True
2025-04-11,Grupo Bolivar,-0.002204559999667844,3.2339544885737155,4.5390032205274835,1.8554845103242166,True
2025-04-14,Grupo Bolivar,0.0,3.041323092899579,4.5390032205274835,1.7470714905800446,True
2025-04-15,Grupo Bolivar,0.0,2.8722535171298205,4.5390032205274835,1.6422472011452418,True
2025-04-16,Grupo Bolivar,-0.015288439572788182,2.7301317957320217,4.5390032205274835,1.5437123690765273,True
2025-04-17,Grupo Bolivar,0.0,2.97901280238748,4.5390032205274835,1.591331457674413,True
2025-04-18,Grupo Bolivar,0.0,2.8198748102687103,4.5390032205274835,1.4958515702139483,True
2025-04-21,Grupo Bolivar,-0.026683606151141005,2.686101685939653,4.5390032205274835,1.4061004760011113,True
2025-04-22,Grupo Bolivar,0.02078386093656153,3.7011857457204953,4.5390032205274835,1.7489433497785711,True
2025-04-23,Grupo Bolivar,0.023943351646576405,4.121142952518067,4.5390032205274835,1.9031880740500542,True
2025-04-24,Grupo Bolivar,-0.00828769665543863,4.700267646297615,4.5390032205274835,2.132967242450019,True
2025-04-25,Grupo Bolivar,-0.0013880990551575633,4.3739827943094856,4.5390032205274835,2.046200757414559,True
2025-04-28,Grupo Bolivar,-0.006968284937175672,3.995192020490045,4.5390032205274835,1.9245848033618427,True
2025-04-29,Grupo Bolivar,0.0,3.7495677465092645,4.5390032205274835,1.8382439121395338,True
2025-04-30,Grupo Bolivar,-0.00701764448379223,3.46761166411466,4.5390032205274835,1.7279492774111616,True
2025-05-01,Grupo Bolivar,0.0,3.3071647359793017,4.5390032205274835,1.6538207212270315,True
2025-05-02,Grupo Bolivar,0.013985929420967939,3.095722889201596,4.5390032205274835,1.5545914779534096,True
2025-05-05,Grupo Bolivar,0.0013880990551575865,3.233589272313537,4.5390032205274835,1.578679722337183,True
2025-05-06,Grupo Bolivar,-0.015374028476125363,3.037326447173067,4.5390032205274835,1.4851150303891094,True
2025-05-07,Grupo Bolivar,0.041385078925118716,3.2414033687474113,4.5390032205274835,1.537824579516591,True
2025-05-08,Grupo Bolivar,0.026405209320912882,5.781648284359911,4.5390032205274835,2.4731899593285793,True
2025-05-09,Grupo Bolivar,0.0030051984439343083,6.2943429591401605,4.5390032205274835,2.7431396093375993,True
2025-05-12,Grupo Bolivar,-0.012981835159352332,5.621996311055186,4.5390032205274835,2.5839699633897983,True
2025-05-13,Grupo Bolivar,0.012981835159352207,5.306645016357269,4.5390032205274835,2.530048592049168,True
2025-05-14,Grupo Bolivar,-0.04083299713692479,5.048680009224322,4.5390032205274835,2.4793625029889736,True
2025-05-15,Grupo Bolivar,-0.00027420853820622163,7.205962163863359,4.5390032205274835,3.331000945920101,True
2025-05-16,Grupo Bolivar,-0.026683168198627347,6.37313896445453,4.5390032205274835,3.13118600335835,True
2025-05-19,Grupo Bolivar,-0.012756750792932264,6.8005121894614255,4.5390032205274835,3.370509722226592,True
2025-05-20,Grupo Bolivar,-0.015816371524701212,6.288146187892993,4.5390032205274835,3.2659199533687833,True
2025-05-21,Grupo Bolivar,0.0,5.995946720029305,4.5390032205274835,3.220059321091084,True
2025-05-22,Grupo Bolivar,-0.006689159781162028,5.355942223737407,4.5390032205274835,3.026855761825619,True
2025-05-23,Grupo Bolivar,0.006689159781162067,4.887429687705151,4.5390032205274835,2.872091331262831,True
2025-05-26,Grupo Bolivar,0.03363103802650924,4.49726308911287,4.5390032205274835,2.726612766533811,True
2025-05-27,Grupo Bolivar,0.006146723686519128,5.908094228474191,4.5390032205274835,3.241644031786089,True
2025-05-28,Grupo Bolivar,0.0005571205045123439,5.343998459836439,4.5390032205274835,3.0698147171259724,True
2025-05-29,Grupo Bolivar,-0.026231881806682494,4.8085549824272205,4.5390032205274835,2.885812064052343,True
2025-05-30,Grupo Bolivar,-0.0011439584096374444,5.447368466086541,4.5390032205274835,3.1255303140810584,True
2025-06-04,Grupo Bolivar,0.005413937135016254,4.896573356234125,4.5390032205274835,2.9387836797419826,True
2025-06-05,Grupo Bolivar,-0.003986292914429567,4.47999958092652,4.5390032205274835,2.7800430881386085,True
2025-06-06,Grupo Bolivar,-0.0014276442205866113,4.1058543798965115,4.5390032205274835,2.622774821570071,True
2025-06-09,Grupo Bolivar,-0.0002857268932562782,3.769966990332176,4.5390032205274835,2.466631233088211,True
2025-06-10,Grupo Bolivar,0.002405584463875216,3.4848112283143755,4.5390032205274835,2.318682343017436,True
2025-06-11,Grupo Bolivar,0.0,3.254937828697479,4.5390032205274835,2.1830335044040927,True
2025-06-12,Grupo Bolivar,0.006841316375499106,3.0518203837840394,4.5390032205274835,2.052051494139847,True
2025-06-13,Grupo Bolivar,-0.008559100286081485,2.9575530873326024,4.5390032205274835,1.9570105703412592,True
2025-06-16,Grupo Bolivar,0.005429402341287846,2.9162511551818504,4.5390032205274835,1.883544854745104,True
2025-06-17,Grupo Bolivar,-0.0054294023412878555,2.8155907584454742,4.5390032205274835,1.788219209330547,True
2025-06-18,Grupo Bolivar,0.0,2.727995597257657,4.5390032205274835,1.6986131026408633,True
2025-06-19,Grupo Bolivar,0.00286106463123931,2.608867021723138,4.5390032205274835,1.5966963164824115,True
2025-06-20,Grupo Bolivar,0.007117572540827943,2.5225580194127026,4.5390032205274835,1.5058059519879439,True
2025-06-24,Grupo Bolivar,0.013804985643531317,2.5188714908156697,4.5390032205274835,1.445853498193036,True
2025-06-25,Grupo Bolivar,-0.008147248077106968,2.7406171856627317,4.5390032205274835,1.4734488654723175,True
2025-06-26,Grupo Bolivar,0.012056955295708448,2.723038804309015,4.5390032205274835,1.4248685242819323,True
2025-06-27,Grupo Bolivar,0.00278314106245514,2.839708324997074,4.5390032205274835,1.4265985154266436,True
2025-06-30,Grupo Bolivar,0.0,2.71588334038134,4.5390032205274835,1.3456501290051595,True
2025-07-01,Grupo Bolivar,-0.012304205405647844,2.5986853270602333,4.5390032205274835,1.2649111212648498,True
2025-07-02,Grupo Bolivar,-0.008193628518940229,2.738092674225651,4.5390032205274835,1.279852536387583,True
2025-07-03,Grupo Bolivar,-0.00654613132825161,2.7221119343587996,4.5390032205274835,1.2433427131881625,True
2025-07-04,Grupo Bolivar,0.0022815770655262306,2.670425358863779,4.5390032205274835,1.194453251616903,True
2025-07-07,Grupo Bolivar,-0.005141354658831852,2.569395781284622,4.5390032205274835,1.12590941286345,True
2025-07-08,Grupo Bolivar,-0.0011459014284422313,2.5162673166918363,4.5390032205274835,1.074214964728378,True
2025-07-09,Grupo Bolivar,-0.0004603399907465929,2.4326644583046044,4.5390032205274835,1.010549920894899,True
2025-07-10,Grupo Bolivar,0.01087585500934327,2.3608199328339534,4.5390032205274835,0.9500440733854533,True
2025-07-11,Grupo Bolivar,-0.0031362226733947975,2.491727850586201,4.5390032205274835,0.9640119622928803,True
2025-07-14,Grupo Bolivar,0.000570870161543533,2.42507449937668,4.5390032205274835,0.9120727801495769,True
2025-07-15,Grupo Bolivar,0.012760882673821309,2.354904295321876,4.5390032205274835,0.8575439489854068,True
2025-07-16,Grupo Bolivar,-0.01819793457310725,2.5582883182852516,4.5390032205274835,0.9037953880153021,True
2025-07-17,Grupo Bolivar,0.005151889239392017,2.9890488985591825,4.5390032205274835,1.0482665583706394,True
2025-07-18,Grupo Bolivar,0.01050674813728914,2.8720289010882833,4.5390032205274835,1.001295742509379,True
2025-07-21,Grupo Bolivar,-0.0014132567418536485,2.908774878484942,4.5390032205274835,1.0074530518110734,True
2025-07-22,Grupo Bolivar,-0.007097208562102937,2.763627762093118,4.5390032205274835,0.9482042454734457,True
2025-07-23,Grupo Bolivar,0.001423199990450699,2.717156362365933,4.5390032205274835,0.9215342123694313,True
2025-07-24,Grupo Bolivar,0.0014216385013115006,2.6033742456109668,4.5390032205274835,0.8674574585549567,True
2025-07-25,Grupo Bolivar,-0.0017060241220449514,2.507720254042401,4.5390032205274835,0.8166226446587059,True
2025-07-28,Grupo Bolivar,0.01496993862644784,2.427872128651627,4.5390032205274835,0.7693715969621832,True
2025-07-29,Grupo Bolivar,0.020258688855253032,2.717870354795537,4.5390032205274835,0.8576687386322213,True
2025-07-30,Grupo Bolivar,-0.01104995757827865,3.260058481585421,4.5390032205274835,1.05245729879466,True
2025-07-31,Grupo Bolivar,0.006644638270126053,3.2477068700733023,4.5390032205274835,1.0625707983560353,True
2025-08-01,Grupo Bolivar,-0.005533827717172773,3.117935885070265,4.5390032205274835,1.0253072810991675,True
2025-08-04,Grupo Bolivar,0.0,2.983946265888243,4.5390032205274835,0.9821627937552271,True
2025-08-05,Grupo Bolivar,0.006912736608276753,2.8240219332622436,4.5390032205274835,0.9232330261299134,True
2025-08-06,Grupo Bolivar,0.0008263442073492265,2.767648510642746,4.5390032205274835,0.8965106010113644,True
2025-08-07,Grupo Bolivar,0.0,2.6435147478200296,4.5390032205274835,0.8431296718000942,True
2025-08-08,Grupo Bolivar,0.016655652501452407,2.537851502268741,4.5390032205274835,0.7925418914920885,True
2025-08-11,Grupo Bolivar,0.00498565328456369,2.8957543000799415,4.5390032205274835,0.911435834152046,True
2025-08-12,Grupo Bolivar,0.0005401913055628053,2.7908728249242327,4.5390032205274835,0.8716637273072516,True
2025-08-13,Grupo Bolivar,0.0008099585911148391,2.662335595273246,4.5390032205274835,0.8195389876567799,True
2025-08-14,Grupo Bolivar,0.008332499897845914,2.5549403379547933,4.5390032205274835,0.7707602681489656,True
2025-08-15,Grupo Bolivar,0.005072585744109944,2.576343699093381,4.5390032205274835,0.766172984788589,True
2025-08-19,Grupo Bolivar,0.010859798484159336,2.523790309059719,4.5390032205274835,0.7356412813800821,True
2025-08-20,Grupo Bolivar,0.01100330119741634,2.6281618564180476,4.5390032205274835,0.7622639383672069,True
2025-08-21,Grupo Bolivar,-0.023195583125123858,2.7209376942928922,4.5390032205274835,0.7891716844098128,True
2025-08-22,Grupo Bolivar,0.0002665309183283437,3.454125931076578,4.5390032205274835,1.0646424292539427,True
2025-08-25,Grupo Bolivar,0.012715553964034525,3.219446410330534,4.5390032205274835,1.000806506736961,True
2025-08-26,Grupo Bolivar,0.006820682020579907,3.283178755982867,4.5390032205274835,1.0377693039001077,True
2025-08-27,Grupo Bolivar,-0.0023556750292116173,3.151580465829861,4.5390032205274835,1.0034161676016184,True
2025-08-28,Grupo Bolivar,-0.009214278669211706,2.973135503087525,4.5390032205274835,0.946540720451472,True
2025-08-29,Grupo Bolivar,0.00685282880407312,2.9477302970929,4.5390032205274835,0.9406900360607175,True
2025-09-01,Grupo Bolivar,-0.013486874805379597,2.8703082657114907,4.5390032205274835,0.912425391467835,True
2025-09-02,Grupo Bolivar,0.0,3.014713997535257,4.5390032205274835,0.9668173431893547,True
2025-09-03,Grupo Bolivar,0.04248191076572434,2.8498856226059375,4.5390032205274835,0.9088083025979934,True
2025-09-04,Grupo Bolivar,0.0390340354877807,5.5994515285476965,4.5390032205274835,1.9371074498262941,True
2025-09-05,Grupo Bolivar,-0.022082358008979962,7.461854040037657,4.5390032205274835,2.735074558713511,True
2025-09-08,Grupo Bolivar,0.007747053116480276,7.359359064108823,4.5390032205274835,2.8635484063327574,True
2025-09-09,Grupo Bolivar,0.00978835001441169,6.5998254443541775,4.5390032205274835,2.7277456011465318,True
2025-09-10,Grupo Bolivar,0.018614175137000272,6.018965567290137,4.5390032205274835,2.62156794268052,True
2025-09-11,Grupo Bolivar,0.017320768394462935,5.932652888160899,4.5390032205274835,2.6721663757382403,True
2025-09-12,Grupo Bolivar,0.007602614757844894,5.785662242922838,4.5390032205274835,2.6918418038587215,True
2025-09-15,Grupo Bolivar,-0.00023662234039178924,5.273385455408913,4.5390032205274835,2.5650111463209186,True
2025-09-16,Grupo Bolivar,-0.019121125148027208,4.748573705232528,4.5390032205274835,2.4111440716208468,True
2025-09-17,Grupo Bolivar,-0.0033841471513060143,4.884886112372415,4.5390032205274835,2.485845883479507,True
2025-09-18,Grupo Bolivar,-0.013897385812064919,4.439297885580692,4.5390032205274835,2.3435666016357524,True
2025-09-19,Grupo Bolivar,-0.030917488696865832,4.351428589347985,4.5390032205274835,2.318835004983237,True
2025-09-22,Grupo Bolivar,0.006562358529146112,5.488621941483228,4.5390032205274835,2.7532395690767393,True
2025-09-23,Grupo Bolivar,0.0,4.999918854754677,4.5390032205274835,2.6138839246111685,True
2025-09-24,Grupo Bolivar,0.006269501382468721,4.518670383854283,4.5390032205274835,2.457050889134498,True
2025-09-25,Grupo Bolivar,-0.0025030655132671207,4.1784971138969516,4.5390032205274835,2.333211824337295,True
2025-09-26,Grupo Bolivar,-0.010075492018300167,3.8374737728232597,4.5390032205274835,2.1969783170552812,True
2025-09-29,Grupo Bolivar,0.013578072372338492,3.7005444247732378,4.5390032205274835,2.1260689416784624,True
2025-09-30,Grupo Bolivar,-0.06393929141625031,3.7239784307080406,4.5390032205274835,2.1091232347868316,True
2025-10-01,Grupo Bolivar,0.047826224768277296,9.94465113285994,4.5390032205274835,4.435515632786932,True
2025-10-02,Grupo Bolivar,0.007837341536806786,12.334109601828677,4.5390032205274835,5.541793360171185,True
2025-10-03,Grupo Bolivar,0.0012582532003455763,10.7839222505705,4.5390032205274835,5.246140111979647,True
2025-10-06,Grupo Bolivar,0.0,9.383635039730722,4.5390032205274835,4.932321625930576,True
2025-10-07,Grupo Bolivar,0.0,8.203669813773166,4.5390032205274835,4.636382328374741,True
2025-10-08,Grupo Bolivar,0.008889326310854807,7.2117782310379885,4.5390032205274835,4.358199388672256,True
2025-10-09,Grupo Bolivar,-0.005766582580422507,6.506369434055247,4.5390032205274835,4.1441194987084335,True
2025-10-10,Grupo Bolivar,0.0,5.836428675085102,4.5390032205274835,3.9154244135800265,True
2025-10-14,Grupo Bolivar,0.0,5.221849622876119,4.5390032205274835,3.6804989487652247,True
2025-10-15,Grupo Bolivar,-0.0005028982512997717,4.705227797587363,4.5390032205274835,3.459669011839311,True
2025-10-16,Grupo Bolivar,0.030962267561565712,4.271215017977853,4.5390032205274835,3.2522406151196486,True
2025-10-17,Grupo Bolivar,-0.004890098309311002,5.442585707531169,4.5390032205274835,3.6323033857448603,True
2025-10-20,Grupo Bolivar,-0.010099972488135996,4.927553615594205,4.5390032205274835,3.4287130194850044,True
2025-10-21,Grupo Bolivar,0.0,4.617657880049186,4.5390032205274835,3.2841959048725666,True
2025-10-22,Grupo Bolivar,0.022280330651110253,4.197337657365817,4.5390032205274835,3.0871441505802126,True
2025-10-23,Grupo Bolivar,-0.009488007568976269,4.6413396079927285,4.5390032205274835,3.1997633818990816,True
2025-10-24,Grupo Bolivar,0.008761280875511205,4.358125252301764,4.5390032205274835,3.0617909515625072,True
2025-10-27,Grupo Bolivar,0.005557765907683675,4.103920362212603,4.5390032205274835,2.924139520016516,True
2025-10-28,Grupo Bolivar,0.035506606183586364,3.8162415164489114,4.5390032205274835,2.7672244059462914,True
2025-10-29,Grupo Bolivar,0.002322981905016108,5.542814853406406,4.5390032205274835,3.3576223911952905,True
2025-10-30,Grupo Bolivar,-0.02062884544745736,4.984272813739773,4.5390032205274835,3.159402794682192,True
2025-10-31,Grupo Bolivar,0.02387181356835115,5.178126972810694,4.5390032205274835,3.22516818569831,True
2025-11-04,Grupo Bolivar,-0.01726193146188846,5.583308284607279,4.5390032205274835,3.37357618438168,True
2025-11-05,Grupo Bolivar,-0.009456459560848226,5.479269066962511,4.5390032205274835,3.34994617999574,True
2025-11-06,Grupo Bolivar,0.009456459560848113,5.061553920081645,4.5390032205274835,3.2026041856515706,True
2025-11-07,Grupo Bolivar,-0.008269464346157858,4.715606486895423,4.5390032205274835,3.0641027109680494,True
2025-11-10,Grupo Bolivar,0.008269464346157862,4.386400643631559,4.5390032205274835,2.9212869726533923,True
2025-11-11,Grupo Bolivar,0.016704652883694653,4.11420382610352,4.5390032205274835,2.7870401786376147,True
2025-11-12,Grupo Bolivar,0.004629770527069142,4.2234720637192575,4.5390032205274835,2.7872450246981946,True
2025-11-13,Grupo Bolivar,0.010339065465104151,3.901415017239088,4.5390032205274835,2.632871188296294,True
2025-11-14,Grupo Bolivar,0.0056980690452877935,3.768470699811307,4.5390032205274835,2.539036681813542,True
2025-11-18,Grupo Bolivar,0.004535102359638564,3.536814454865156,4.5390032205274835,2.406175275411649,True
2025-11-19,Grupo Bolivar,0.012590038638851277,3.3227943320479563,4.5390032205274835,2.27414505093439,True
2025-11-20,Grupo Bolivar,0.01881226562086593,3.3649572113917916,4.5390032205274835,2.232801791634987,True
2025-11-21,Grupo Bolivar,-0.007924315990454381,3.7135356158948314,4.5390032205274835,2.3111744868108968,True
2025-11-24,Grupo Bolivar,-0.0337111596741893,3.535235153713843,4.5390032205274835,2.2101808879521854,True
2025-11-25,Grupo Bolivar,0.0009137657837647576,5.089528654963999,4.5390032205274835,2.759435406622267,True
2025-11-26,Grupo Bolivar,0.0077343900686410606,4.595578857980356,4.5390032205274835,2.5943702629694783,True
2025-11-27,Grupo Bolivar,0.0029414093878138985,4.276245851134909,4.5390032205274835,2.4746005210316455,True
2025-11-28,Grupo Bolivar,0.0065308572169488705,3.924939868738786,4.5390032205274835,2.3313156232817787,True
2025-12-01,Grupo Bolivar,-0.0035978032361140386,3.684804686672927,4.5390032205274835,2.2170279434777758,True
2025-12-02,Grupo Bolivar,0.004719607881411674,3.432815419641947,4.5390032205274835,2.0917727797445846,True
2025-12-04,Grupo Bolivar,0.005366677074346141,3.2381438259658624,4.5390032205274835,1.9796312320924794,True
2025-12-05,Grupo Bolivar,-0.0020091526834122783,3.0850806809254316,4.5390032205274835,1.8781340918591178,True
2025-12-09,Grupo Bolivar,0.00534882572890668,2.9149193875238546,4.5390032205274835,1.7678680630507284,True
2025-12-10,Grupo Bolivar,0.022201270249889316,2.813064926438148,4.5390032205274835,1.678961941274613,True
2025-12-11,Grupo Bolivar,0.010810833584426504,3.4720780315129365,4.5390032205274835,1.8739620652233087,True
2025-12-12,Grupo Bolivar,-0.00539089433502796,3.423598130570491,4.5390032205274835,1.8316488149840084,True
2025-12-15,Grupo Bolivar,-0.007814144883248707,3.238439648394563,4.5390032205274835,1.7391869311238297,True
2025-12-16,Grupo Bolivar,-0.019584797983163062,3.133130907847569,4.5390032205274835,1.671472231410241,True
2025-12-17,Grupo Bolivar,0.016966367135089866,3.555405062140431,4.5390032205274835,1.8013224847504115,True
2025-12-18,Grupo Bolivar,-0.01430319162820381,3.7678569847392014,4.5390032205274835,1.8659577039229815,True
2025-12-19,Grupo Bolivar,0.008386665577851934,3.8051368732153303,4.5390032205274835,1.8767490161394744,True
2025-12-22,Grupo Bolivar,-0.002640815946960273,3.6287307545093124,4.5390032205274835,1.806345770879942,True
2025-12-23,Grupo Bolivar,0.013569978479235578,3.3764257791795234,4.5390032205274835,1.7021493699465773,True
2025-12-24,Grupo Bolivar,-0.027550095978796076,3.4511683316599795,4.5390032205274835,1.7105069973059328,True
2025-12-29,Grupo Bolivar,-0.013245250209594871,4.418971781746892,4.5390032205274835,2.0632812505321025,True
2025-12-30,Grupo Bolivar,-0.033901659266149645,4.306308658168159,4.5390032205274835,2.04474636736904,True
2025-12-31,Grupo Bolivar,0.0,5.7581784767354645,4.5390032205274835,2.611655085925764,True
2026-01-02,Grupo Bolivar,0.000919291435168401,5.156071656387846,4.5390032205274835,2.4549557807702183,True
2026-01-05,Grupo Bolivar,0.03142564151951318,4.651533287466897,4.5390032205274835,2.3081654919696697,True
2026-01-06,Grupo Bolivar,0.0008896889446832441,5.80848942515876,4.5390032205274835,2.76221812939926,True
2026-01-07,Grupo Bolivar,0.0006670373667849917,5.199869275858668,4.5390032205274835,2.5969599694862793,True
2026-01-08,Grupo Bolivar,-0.011336937665020105,4.687643042562292,4.5390032205274835,2.441409334626315,True
2026-01-09,Grupo Bolivar,0.014539913551318753,4.457911159622855,4.5390032205274835,2.372040467921067,True
2026-01-13,Grupo Bolivar,-0.00556725628853224,4.403999131617133,4.5390032205274835,2.3565634914936964,True
2026-01-14,Grupo Bolivar,0.0073422840918072945,4.06560729899891,4.5390032205274835,2.2337662875533955,True
2026-01-15,Grupo Bolivar,0.0030987594607280364,3.8212160578972334,4.5390032205274835,2.1320857917110754,True
2026-01-16,Grupo Bolivar,-0.0017696196564642983,3.5439948922608364,4.5390032205274835,2.0099220303256815,True
2026-01-19,Grupo Bolivar,-0.0046598278515050705,3.299310697108396,4.5390032205274835,1.8912056407432674,True
2026-01-20,Grupo Bolivar,0.0008890671839314683,3.122451524220915,4.5390032205274835,1.7907616996620686,True
2026-01-21,Grupo Bolivar,0.011050057999386903,2.941954714064192,4.5390032205274835,1.6837902619568708,True
2026-01-22,Grupo Bolivar,-0.005288628936119987,2.9863717100792675,4.5390032205274835,1.6560251153133474,True
2026-01-23,Grupo Bolivar,-0.0035415033561872235,2.869189693501381,4.5390032205274835,1.5734453660089258,True
2026-01-26,Grupo Bolivar,0.006849974415837696,2.746575402814138,4.5390032205274835,1.4865639916615214,True
2026-01-27,Grupo Bolivar,0.039720293686700825,2.7011521530624774,4.5390032205274835,1.4255234418604086,True
2026-01-28,Grupo Bolivar,0.020943425710003852,5.11184208218206,4.5390032205274835,2.2866130736834442,True
2026-01-29,Grupo Bolivar,0.025576778544236345,5.3176120409126115,4.5390032205274835,2.412592537544708,True
2026-01-30,Grupo Bolivar,-0.008113683342139084,5.835404422355831,4.5390032205274835,2.660339945712571,True
2026-02-02,Grupo Bolivar,-0.022658015743043217,5.323689849527077,4.5390032205274835,2.5402186633957196,True
2026-02-03,Grupo Bolivar,0.0,5.602887319523738,4.5390032205274835,2.695836950039173,True
2026-02-04,Grupo Bolivar,-0.015113559948153011,5.025532223256232,4.5390032205274835,2.5340867330368226,True
2026-02-05,Grupo Bolivar,-0.048314515757411684,4.900125218294935,4.5390032205274835,2.519093345638462,True
2026-02-06,Grupo Bolivar,0.014325388965389351,8.14207510890143,4.5390032205274835,3.7685232046240644,True
2026-02-09,Grupo Bolivar,0.006543072321379401,7.491018787572848,4.5390032205274835,3.66554187375244,True
2026-02-10,Grupo Bolivar,0.01221640714001079,6.682747241867308,4.5390032205274835,3.4712964385689737,True
2026-02-11,Grupo Bolivar,0.032407727085350745,6.174494927145191,4.5390032205274835,3.3525630143011393,True
2026-02-12,Grupo Bolivar,-0.03133193075626127,7.188896053581722,4.5390032205274835,3.781565698346217,True
2026-02-13,Grupo Bolivar,0.006430927747239285,7.914833974481964,4.5390032205274835,4.143685687394535,True
2026-02-16,Grupo Bolivar,-0.0064309277472394035,7.0366611098142915,4.5390032205274835,3.9198786451649896,True
2026-02-17,Grupo Bolivar,0.004291905570009346,6.294931019908336,4.5390032205274835,3.709500025469218,True
2026-02-18,Grupo Bolivar,0.023281468743012908,5.637808801520845,4.5390032205274835,3.4979822959941913,True
2026-02-19,Grupo Bolivar,-0.0020943095269910592,5.925191938568217,4.5390032205274835,3.6133194303336724,True
2026-02-20,Grupo Bolivar,-0.014783855115913574,5.302881348153905,4.5390032205274835,3.3991519439505593,True
2026-02-23,Grupo Bolivar,-0.0029831295203615643,5.1176471144050275,4.5390032205274835,3.3263402505665205,True
2026-02-24,Grupo Bolivar,-0.01137474345049655,4.630999565403265,4.5390032205274835,3.1320992725736807,True
2026-02-25,Grupo Bolivar,0.01350655507176792,4.411654211060907,4.5390032205274835,3.0218041893580283,True
2026-02-26,Grupo Bolivar,-0.04041381453713456,4.318638072518096,4.5390032205274835,2.9499521559405664,True
2026-02-27,Grupo Bolivar,-0.018801110128775184,6.538113326872921,4.5390032205274835,3.7529208698492784,True
2026-03-02,Grupo Bolivar,-0.031442483062343436,6.369937701274653,4.5390032205274835,3.7398346629029215,True
2026-03-03,Grupo Bolivar,-0.04653129414856817,7.2374395546864525,4.5390032205274835,4.1086224278042,True
2026-03-04,Grupo Bolivar,0.0,9.837764009103827,4.5390032205274835,5.1612018832202935,True
2026-03-05,Grupo Bolivar,0.029838642525607112,8.585415557027456,4.5390032205274835,4.851529770227075,True
2026-03-06,Grupo Bolivar,-0.015048646643354275,8.95995254033229,4.5390032205274835,5.094644736676033,True
2026-03-09,Grupo Bolivar,0.02847165183463861,8.204338797040643,4.5390032205274835,4.924843111953393,True
2026-03-10,Grupo Bolivar,0.0349078641016501,8.512193889141653,4.5390032205274835,5.115733500151918,True
2026-03-11,Grupo Bolivar,0.03885842058875618,9.422921646429224,4.5390032205274835,5.539924875826367,True
2026-03-12,Grupo Bolivar,-0.04546250114491984,10.654053766790545,4.5390032205274835,6.1135154936683875,True
2026-03-13,Grupo Bolivar,0.013362216969097973,12.553387727476196,4.5390032205274835,6.986807970259388,True
2026-03-16,Grupo Bolivar,-0.010402554488506717,11.156446777628272,4.5390032205274835,6.674728797441375,True
2026-03-17,Grupo Bolivar,-0.025790151282700756,9.86353795839129,4.5390032205274835,6.3391729535267025,True
2026-03-18,Grupo Bolivar,0.01412868523892686,9.660136663990773,4.5390032205274835,6.357901718225856,True
2026-03-19,Grupo Bolivar,-0.012962963340602098,8.758142956320556,4.5390032205274835,6.096199463080707,True
2026-03-24,Grupo Bolivar,0.03727416035058338,7.942148723505453,4.5390032205274835,5.83125054643774,True
2026-03-25,Grupo Bolivar,-0.006982748489427851,9.216623222021937,4.5390032205274835,6.314993331556078,True
2026-03-26,Grupo Bolivar,-0.007942798260993908,8.13907716108277,4.5390032205274835,5.9653489975426774,True
2026-03-27,Grupo Bolivar,-0.007547244114567033,7.255855782594445,4.5390032205274835,5.645280884219025,True
2026-03-30,Grupo Bolivar,-0.02463532990780074,6.503752964670042,4.5390032205274835,5.340740567400803,True
2026-03-31,Grupo Bolivar,-0.007320610841266417,6.74336710669451,4.5390032205274835,5.384435821156464,True
2026-04-01,Grupo Bolivar,0.022267166709262296,6.067640983243496,4.5390032205274835,5.093524477740636,True
2026-04-02,Grupo Bolivar,0.0,6.2125986076268696,4.5390032205274835,5.085409037031045,True
2026-04-03,Grupo Bolivar,0.0,5.538062153176279,4.5390032205274835,4.780284494809182,True
2026-04-06,Grupo Bolivar,-0.02916470695543206,4.9710394844577035,4.5390032205274835,4.493467425120631,True
2026-04-07,Grupo Bolivar,-0.01757596486138769,5.842102974206185,4.5390032205274835,4.73420745869113,True
2026-04-08,Grupo Bolivar,0.015664845201376232,5.714165844026175,4.5390032205274835,4.635503735654903,True
2026-04-09,Grupo Bolivar,-0.0015481375312646978,5.514485869057679,4.5390032205274835,4.504605936625457,True
2026-04-10,Grupo Bolivar,0.0,4.954616360747465,4.5390032205274835,4.235767618317356,True
2026-04-13,Grupo Bolivar,0.0,4.480588615430812,4.5390032205274835,3.981621561218314,True
2026-04-14,Grupo Bolivar,0.0,4.082115745028244,4.5390032205274835,3.7427242675452153,True
2026-04-15,Grupo Bolivar,0.0009603542556337262,3.747155122964244,4.5390032205274835,3.518160811492502,True
2026-04-16,Grupo Bolivar,0.005265620448766998,3.4673170344639175,4.5390032205274835,3.30762453098074,True
2026-04-17,Grupo Bolivar,-0.008149454493019124,3.27598589485314,4.5390032205274835,3.1258031143481793,True
2026-04-20,Grupo Bolivar,-0.0012041998289500776,3.1731322608619923,4.5390032205274835,2.9781030926075625,True
2026-04-21,Grupo Bolivar,0.011499908843784587,2.985034641219965,4.5390032205274835,2.8002869653879343,True
2026-04-22,Grupo Bolivar,-0.007171882832030143,3.0388769328811716,4.5390032205274835,2.7116184895138713,True
2026-04-23,Grupo Bolivar,-0.023547621924993694,2.9502116358615225,4.5390032205274835,2.57978292215686,True
2026-04-24,Grupo Bolivar,-0.011363894582648389,3.6729872383211744,4.5390032205274835,2.757690245820915,True
2026-04-27,Grupo Bolivar,-0.021851898452434786,3.6059484335286682,4.5390032205274835,2.6697116911229872,True
2026-04-28,Grupo Bolivar,-0.012263744393913473,4.101968169102262,4.5390032205274835,2.796032269240921,True
2026-04-29,Grupo Bolivar,0.0,4.000195283972115,4.5390032205274835,2.7185099890220124,True
2026-04-30,Grupo Bolivar,-0.010595811665641957,3.6782918937877915,4.5390032205274835,2.5553993896806912,True
2026-05-04,Grupo Bolivar,0.0012981037320353745,3.5837347762204956,4.5390032205274835,2.469438161212102,True
2026-05-05,Grupo Bolivar,0.0,3.331252561426968,4.5390032205274835,2.3222829155188505,True
2026-05-06,Grupo Bolivar,0.0015556679635290744,3.1159713768538877,4.5390032205274835,2.1829459405877194,True
2026-05-07,Grupo Bolivar,0.01465887380571618,2.939287764568574,4.5390032205274835,2.0534212458401067,True
2026-05-08,Grupo Bolivar,-0.0048624544561343104,3.132996730975561,4.5390032205274835,2.0591455198408477,True
2026-05-11,Grupo Bolivar,-0.008646300465231424,2.9856659216467394,4.5390032205274835,1.949782866653185,True
2026-05-12,Grupo Bolivar,-0.023907590662845552,2.9422504848167987,4.5390032205274835,1.8776510016950305,True
2026-05-13,Grupo Bolivar,-0.0013303619427184634,3.693423282327541,4.5390032205274835,2.1079356763746366,True
2026-05-14,Grupo Bolivar,0.03736560030567253,3.4228719766608164,4.5390032205274835,1.9825214535313385,True
2026-05-15,Grupo Bolivar,-0.030467153205286254,5.428573414175287,4.5390032205274835,2.7012830180414236,True
2026-05-19,Grupo Bolivar,0.002640700940662403,6.350144826374033,4.5390032205274835,3.0961544916195693,True
2026-05-20,Grupo Bolivar,-0.04669594396676808,5.665523932262316,4.5390032205274835,2.914569202997204,True
2026-05-21,Grupo Bolivar,-0.02745278938381212,8.540815080515141,4.5390032205274835,4.048001760585899,True
2026-05-22,Grupo Bolivar,0.00368541037884127,8.68888021083272,4.5390032205274835,4.257315041921914,True
2026-05-25,Grupo Bolivar,0.033118450435454014,7.642310663321694,4.5390032205274835,4.010025489202882,True
2026-05-26,Grupo Bolivar,0.020591301630337493,8.497180731561714,4.5390032205274835,4.4275230153980845,True
2026-05-27,Grupo Bolivar,-0.01241246658551358,8.13995699768899,4.5390032205274835,4.416272656173123,True
2026-05-28,Grupo Bolivar,-0.027527234395896313,7.4003810690346326,4.5390032205274835,4.2437378928446305,True
2026-06-01,Grupo Bolivar,-0.0011170212546466288,7.736722244025333,4.5390032205274835,4.443762799365923,True
2026-06-02,Grupo Bolivar,0.0,6.820939319592575,4.5390032205274835,4.177885673293967,True
2026-06-03,Grupo Bolivar,0.004738774644940325,6.049439961911476,4.5390032205274835,3.9272125328963288,True
2026-06-04,Grupo Bolivar,0.007480365569834552,5.438001035752138,4.5390032205274835,3.7050533720038663,True
2026-06-05,Grupo Bolivar,0.06646880304635512,4.978165233287862,4.5390032205274835,3.5163236911186537,True
2026-06-08,Grupo Bolivar,0.0,11.560475815024912,4.5390032205274835,5.956205336700625,True
2026-06-09,Grupo Bolivar,-0.06322246603027575,10.033545808819387,4.5390032205274835,5.598833016498587,True
2026-06-10,Grupo Bolivar,-0.006368508009197941,15.103453433851286,4.5390032205274835,7.661151162078296,True
2026-06-11,Grupo Bolivar,0.040021711270939786,13.07470797414386,4.5390032205274835,7.225816828911529,True
2026-06-17,Grupo Bolivar,0.014370231371945302,13.87035801139934,4.5390032205274835,7.753310243009518,True
2026-06-18,Grupo Bolivar,0.0,12.308338857795166,4.5390032205274835,7.412013758238891,True
2026-06-19,Grupo Bolivar,0.0,10.662207603967252,4.5390032205274835,6.967292932744558,True
2026-06-22,Grupo Bolivar,0.043620636565727726,9.278451795888936,4.5390032205274835,6.5492553567798835,True
2026-06-23,Grupo Bolivar,-0.0002439383121349723,11.159960428536278,4.5390032205274835,7.297955996012672,True
2026-06-24,Grupo Bolivar,-0.016976606219200795,9.696896149359132,4.5390032205274835,6.860114339791988,True
2026-06-25,Grupo Bolivar,-0.008472530941750126,8.921703316372822,4.5390032205274835,6.621430574637553,True
2026-06-26,Grupo Bolivar,0.0,7.927454332461417,4.5390032205274835,6.267215008494647,True
2026-06-29,Grupo Bolivar,0.0,6.979588497894001,4.5390032205274835,5.891182107984968,True
2026-06-30,Grupo Bolivar,-0.005017598896116703,6.182802184037417,4.5390032205274835,5.53771118150587,True
2026-07-01,Grupo Bolivar,0.023366708856939967,5.551766075743902,4.5390032205274835,5.220554289824904,True
2026-07-02,Grupo Bolivar,-0.011366559530160403,5.859224551528826,4.5390032205274835,5.234922882118408,True
2026-07-03,Grupo Bolivar,-0.009990146991985227,5.443819078408463,4.5390032205274835,4.998346714522912,True
2026-07-06,Grupo Bolivar,-0.008570677717218938,5.048149648223413,4.5390032205274835,4.758327733804419,True
2026-07-07,Grupo Bolivar,0.002528410051250076,4.673942244356034,4.5390032205274835,4.516901979695614,True
2026-07-08,Grupo Bolivar,-0.009788138267141287,4.255533884547856,4.5390032205274835,4.249723575346234,True
2026-07-09,Grupo Bolivar,0.03222017044365065,4.042951522377269,4.5390032205274835,4.052224751267465,True
2026-07-10,Grupo Bolivar,0.027606505628175855,5.3777262072764325,4.5390032205274835,4.431974896242157,True
2026-07-14,Grupo Bolivar,-0.019219673912092828,6.058547675308967,4.5390032205274835,4.623327894266731,True
2026-07-15,Grupo Bolivar,-0.015346745276938323,5.992059742048306,4.5390032205274835,4.567565739783036,True
2026-07-16,Grupo Bolivar,0.009433938786767819,5.723855832623105,4.5390032205274835,4.434825349753191,True
2026-07-17,Grupo Bolivar,-0.006445241118805117,5.271660416438682,4.5390032205274835,4.2221353493874885,True
2026-07-21,Grupo Bolivar,-0.00899332008859402,4.811542094949436,4.5390032205274835,3.9937319082719607,True
2026-07-22,Grupo Bolivar,0.005006270741075181,4.486763140971648,4.5390032205274835,3.802635877505188,True
2026-07-23,Grupo Bolivar,-0.006513052282169403,4.128626139159624,4.5390032205274835,3.5895153728946436,True
2026-07-24,Grupo Bolivar,0.0,3.8520770218788236,4.5390032205274835,3.399596360539128,True
2026-07-27,Grupo Bolivar,-0.013154662292320145,3.5537820741865627,4.5390032205274835,3.19562057890678,True
2026-07-28,Grupo Bolivar,0.0007635505700883374,3.575233897187826,4.5390032205274835,3.1077104281873673,True
2026-07-29,Grupo Bolivar,0.0005087766581267186,3.3222034433358107,4.5390032205274835,2.9215976081799746,True
2026-07-30,Grupo Bolivar,-0.0020366616008654355,3.1089167424118918,4.5390032205274835,2.746457063901889,True
2026-07-31,Grupo Bolivar,0.01918292720376777,2.9351260837629085,4.5390032205274835,2.5841584343536392,True
2026-08-03,Grupo Bolivar,-0.008536433505070391,3.374763557062717,4.5390032205274835,2.649899745955453,True
2026-08-04,Grupo Bolivar,0.002518259943113625,3.266351401211293,4.5390032205274835,2.5346281793900185,True
2026-08-05,Grupo Bolivar,-0.007320495745548667,3.072213307067568,4.5390032205274835,2.3863554685112716,True
2026-08-06,Grupo Bolivar,0.011587037136841338,2.981626578205189,4.5390032205274835,2.2753279351769526,True
2026-08-07,Grupo Bolivar,0.0,3.0392420812389647,4.5390032205274835,2.21936391683266,True
2026-08-10,Grupo Bolivar,-0.00804631341778597,2.8705041961292275,4.5390032205274835,2.0862020818227003,True
2026-08-11,Grupo Bolivar,-0.0036663146677084727,2.82964576688929,4.5390032205274835,1.9998758526836837,True
2026-08-12,Grupo Bolivar,0.011625108639065483,2.7147339769639194,4.5390032205274835,1.8879484194682552,True
2026-08-13,Grupo Bolivar,-0.0005027206351468243,2.816308238878424,4.5390032205274835,1.8557574048222047,True
2026-08-14,Grupo Bolivar,-0.013158044133439788,2.683368488303898,4.5390032205274835,1.7445635973550737,True
2026-08-18,Grupo Bolivar,0.0,2.843695687601201,4.5390032205274835,1.7437702567642988,True
2026-08-19,Grupo Bolivar,0.003051882588569227,2.706125774107413,4.5390032205274835,1.6391440413584408,True
2026-08-20,Grupo Bolivar,-0.004326212751567228,2.606165482829948,4.5390032205274835,1.5463837912775815,True
2026-08-21,Grupo Bolivar,0.0,2.5350994381637455,4.5390032205274835,1.4648304338640203,True
2026-08-24,Grupo Bolivar,0.01468371696695115,2.446716415639024,4.5390032205274835,1.376940607832179,True
2026-08-25,Grupo Bolivar,0.004513594898564428,2.720104589368149,4.5390032205274835,1.4236910977415658,True
2026-08-26,Grupo Bolivar,-0.007029868928281092,2.6359430606330796,4.5390032205274835,1.3504931552220798,True
2026-08-27,Grupo Bolivar,0.009778159536735725,2.6083254261631663,4.5390032205274835,1.2991150001980423,True
2026-08-28,Grupo Bolivar,0.002491917403675102,2.663346706811016,4.5390032205274835,1.2785355425416731,True
2026-08-31,Grupo Bolivar,0.002237438458135801,2.5651034264432404,4.5390032205274835,1.205549201397216,True
2026-09-01,Grupo Bolivar,0.0002482847254800658,2.4805309952872627,4.5390032205274835,1.13621992782575,True
2026-09-02,Grupo Bolivar,0.005446822290646051,2.401011957181925,4.5390032205274835,1.068083719339149,True
2026-09-03,Grupo Bolivar,-0.0017298330034286264,2.382781851131442,4.5390032205274835,1.0217994200183274,True
2026-09-04,Grupo Bolivar,0.003703224425908958,2.3229714032000413,4.5390032205274835,0.9622868481490782,True
2026-09-08,Grupo Bolivar,0.0002463882697664717,2.29127326309984,4.5390032205274835,0.9127779599493226,True
2026-09-09,Grupo Bolivar,0.008747110867719808,2.241917836759496,4.5390032205274835,0.8580477066600504,True
2026-09-10,Grupo Bolivar,-0.007376478001216145,2.324614112125129,4.5390032205274835,0.8524720133797565,True
2026-09-11,Grupo Bolivar,-0.014417351392813455,2.3544826023427783,4.5390032205274835,0.8339711491984265,True
2026-09-14,Grupo Bolivar,0.0007508447355630195,2.6222335541565185,4.5390032205274835,0.908648892956837,True
