fecha_objetivo,empresa,objetivo,random_forest,gradient_boosting,cero,media_train,arima,mlp,lstm
2024-01-01,Banco Davivienda PF,0.0,-0.0005722295461851886,-2.4878702555953654e-05,0.0,-0.0007336975599006823,-0.0007337477323336916,-0.0028274345695972437,-0.0007518846094608307
2024-01-01,Banco de Bogota,0.0,-0.00016921112084960214,-2.4878702555953654e-05,0.0,-0.0007615776816579375,-0.0007616281946253286,0.0023191331028938294,0.00024114218354225154
2024-01-01,Celsia,0.0,-0.00035154959761431984,-0.0004009513062736292,0.0,-0.00012464182140605533,-0.00029263566385704146,0.001052526816725731,0.0018442946076393126
2024-01-01,ETB,0.0,-0.0007906162436037203,-0.0004009513062736292,0.0,-0.0009166103154686668,-0.010014372728965331,-0.009915881752967834,-0.002949221193790436
2024-01-01,Ecopetrol,0.0,8.63476713560132e-05,-0.0004009513062736292,0.0,0.00016223124156448503,0.0001465370704555769,0.0018138099908828736,0.0038055408596992498
2024-01-01,Grupo Bolivar,0.0,-0.00046747864917899735,-0.0004009513062736292,0.0,-0.00015710271398592388,-0.00015715264310421442,-0.0005500682778656483,0.0010578321963548658
2024-01-01,Mineros SA,0.0,-0.00018620184896330988,-0.0004009513062736292,0.0,-0.00045604173371059393,-0.0004946198892576178,-0.003055887460708618,-0.000517664834856987
2024-01-01,Nutresa,0.0,-0.0001980527193195241,-0.000378208071159146,0.0,0.0007298208837242081,0.0007297707269782144,0.003043862149119377,0.0013913077116012574
2024-01-01,Promigas,0.0,-0.0017663591554709017,-0.0025383318302458742,0.0,-0.00021065554538350119,-0.001297224025175759,-0.0051950405240058905,-0.0009345324486494064
2024-01-02,Banco Davivienda PF,0.016546328540979777,-0.000723405999016351,0.00019066300095513526,0.0,-0.0007336975599006823,-0.0007337477323336916,0.00010406486690044399,0.0010341489315032959
2024-01-02,Banco de Bogota,0.030131389114354035,-0.0002840620599693017,-0.0001854096027625406,0.0,-0.0007615776816579375,-0.0007616281946253286,0.006365159481763839,0.0008705346435308455
2024-01-02,Celsia,0.028311655325828227,-0.00039770710828116725,-0.0001854096027625406,0.0,-0.00012464182140605533,-0.00012518296811529813,0.002821206510066986,0.004275915682315825
2024-01-02,ETB,0.0,-0.0034726375747555025,-0.006781018101612532,0.0,-0.0009166103154686668,-0.015520227275274913,-0.006462448060512542,-0.0005202112793922424
2024-01-02,Ecopetrol,0.006389795857994199,0.00025197458080868676,-0.0001854096027625406,0.0,0.00016223124156448503,0.0001465370704555769,0.004835641026496887,0.007859091997146607
2024-01-02,Grupo Bolivar,0.020473938514316645,-0.0003624266531657426,-0.0001854096027625406,0.0,-0.00015710271398592388,-0.00015715264310421442,-0.0008122993409633636,0.001401945248246193
2024-01-02,Mineros SA,0.016216588711385593,-0.00011515973078257311,0.00019066300095513526,0.0,-0.00045604173371059393,-0.0004946198892576178,0.0012364903576672077,0.001694296807050705
2024-01-02,Nutresa,0.017184921742932624,-8.457976357773173e-05,-1.3018651155952837e-06,0.0,0.0007298208837242081,0.0007297707269782144,0.008996247231960297,0.001257200673222542
2024-01-02,Promigas,0.0,-0.0010018748761899587,0.00019066300095513526,0.0,-0.00021065554538350119,-0.0004888498579152765,-0.003935293763875961,0.000433617889881134
2024-01-03,Banco Davivienda PF,-0.0103093804900364,-0.0007628614081425661,-0.0004009513062736292,0.0,-0.0007336975599006823,-0.0007337477323336916,0.00011800439655780793,0.0004100972414016723
2024-01-03,Banco de Bogota,0.0,-0.0006529063064385127,-0.0012611690260702294,0.0,-0.0007615776816579375,-0.0007616281946253286,-8.716740086674692e-05,-0.0011773677617311477
2024-01-03,Celsia,0.017901240376527,-0.0008654778331801195,-0.0010307620737642685,0.0,-0.00012464182140605533,-0.003317417610295974,-0.0008426264822483061,0.001041124001145363
2024-01-03,ETB,0.0,-0.0015602896600301359,-2.4878702555953654e-05,0.0,-0.0009166103154686668,-0.009546264028416398,-0.002337724596261978,0.0015051201283931732
2024-01-03,Ecopetrol,0.027226825989317294,-0.00010954321819654119,-0.0004009513062736292,0.0,0.00016223124156448503,0.0007632649879236923,-0.00044375196099281315,0.006011997759342193
2024-01-03,Grupo Bolivar,0.0,-0.0008768651551116659,-0.0009514706904242669,0.0,-0.00015710271398592388,-0.00015715264310421442,4.8906981945037864e-05,6.581263244152069e-05
2024-01-03,Mineros SA,0.008010732102229752,-0.00015080509186796606,-0.0004009513062736292,0.0,-0.00045604173371059393,-0.0018632984854214346,-0.0005991020798683167,0.0008946156352758408
2024-01-03,Nutresa,0.015605044885881946,1.0861048258058427e-06,-0.00013202159447520435,0.0,0.0007298208837242081,0.0007297707269782144,3.1229041516780846e-05,0.0008899585604667665
2024-01-03,Promigas,0.0043385404098010266,-0.0001337976230467783,-0.0004009513062736292,0.0,-0.00021065554538350119,-0.0003169609635925032,-0.0004225212782621384,0.0018864138722419742
2024-01-04,Banco Davivienda PF,0.01848099667754401,-0.0006122311448809047,0.0010135692338620259,0.0,-0.0007336975599006823,-0.0007337477323336916,-0.00020119124837219716,0.002135035991668701
2024-01-04,Banco de Bogota,0.020980025222666066,-0.00040976487340897743,0.00026096266543189324,0.0,-0.0007615776816579375,-0.0007616281946253286,-0.0007446376048028469,-0.0005019627660512924
2024-01-04,Celsia,0.017586413501754453,-0.0010128355037143536,-0.0006760121945925542,0.0,-0.00012464182140605533,0.0006655937090220382,-0.0017571411132812499,-0.0002837481498718262
2024-01-04,ETB,0.0,-0.0008594671304024726,0.00026096266543189324,0.0,-0.0009166103154686668,-0.005196376332109746,-0.003452469170093536,0.0014483083486557008
2024-01-04,Ecopetrol,-0.006217634347770937,-0.0005666893645025371,-0.0007553035779325555,0.0,0.00016223124156448503,0.0027744056385336498,-0.00023667067009955651,0.002772476941347122
2024-01-04,Grupo Bolivar,0.0049711968460553185,-0.0008453916826865084,0.00026096266543189324,0.0,-0.00015710271398592388,-0.00015715264310421442,-0.0005730757713317871,0.0005416280031204224
2024-01-04,Mineros SA,0.02105343084258389,-0.0002515050645745953,0.00026096266543189324,0.0,-0.00045604173371059393,-0.0011707249421178646,-0.0011589556038379667,0.0002995894104242325
2024-01-04,Nutresa,-0.012987147027596808,-0.00025692955654674617,0.00026096266543189324,0.0,0.0007298208837242081,0.0007297707269782144,0.0006481353044509887,-0.0006091223955154419
2024-01-04,Promigas,0.028801793853097047,-0.00033633057013050235,0.00026096266543189324,0.0,-0.00021065554538350119,-0.0012029382140172848,-0.0017838644012808796,0.0012835479825735094
2024-01-05,Banco Davivienda PF,0.016145696171344554,-0.0005769253889240216,0.00012160747440286606,0.0,-0.0007336975599006823,-0.0007337477323336916,-8.968430384993552e-05,0.0009777841866016389
2024-01-05,Banco de Bogota,0.01851248849415617,-0.0007657278906843403,-0.0003839985006320357,0.0,-0.0007615776816579375,-0.0007616281946253286,-0.00032021236419677734,-0.0004764255583286286
2024-01-05,Celsia,-0.004765736727977993,-0.0014778311606327356,-0.000730991882081722,0.0,-0.00012464182140605533,-0.0003318738018874906,-0.0006734453290700912,7.534883916378022e-05
2024-01-05,ETB,-0.043017385083690816,0.0004381824804585614,0.00026096266543189324,0.0,-0.0009166103154686668,-0.004679242662668712,-2.5151893496513488e-05,0.00211467969417572
2024-01-05,Ecopetrol,0.016495190949624473,-5.62975319309765e-05,0.0005691748923348611,0.0,0.00016223124156448503,-0.0004535742270096754,-0.0003518034517765045,0.00455252093076706
2024-01-05,Grupo Bolivar,0.008230480106151739,-0.0005689601919915996,0.00026096266543189324,0.0,-0.00015710271398592388,-0.00015715264310421442,-0.00022758434340357784,0.0015005071312189102
2024-01-05,Mineros SA,0.005194758896084515,-0.0005003191619674022,-0.0003839985006320357,0.0,-0.00045604173371059393,-0.0022715275165583327,-0.00031390081346035006,-0.0002469584494829178
2024-01-05,Nutresa,-0.020247289895196863,0.0001299379744420323,0.001197676971508971,0.0,0.0007298208837242081,0.0007297707269782144,0.0036544370949268337,0.003011905550956726
2024-01-05,Promigas,0.01771810706179484,-0.00036742663057382364,4.231609106286504e-05,0.0,-0.00021065554538350119,-0.00659307982460705,-0.0018862871825695037,-0.0002551552206277847
2024-01-08,Banco Davivienda PF,0.0,-0.0006876205077157809,0.00026096266543189324,0.0,-0.0007336975599006823,-0.0007337477323336916,-0.0004508954137563705,-0.001173514872789383
2024-01-08,Banco de Bogota,0.0,-0.0007199021171358636,-0.0006760121945925542,0.0,-0.0007615776816579375,-0.0007616281946253286,-0.0004108911305665969,-0.0023240579366683957
2024-01-08,Celsia,0.0,-0.0011936055823832511,-0.0006238489901624713,0.0,-0.00012464182140605533,0.0021571680863281995,-0.0015424615740776064,0.000825803965330124
2024-01-08,ETB,0.0,0.0014975093517349217,0.0019181184739630772,0.0,-0.0009166103154686668,0.00936569887267767,0.009304760336875915,0.007148210167884826
2024-01-08,Ecopetrol,0.0,-0.00027940815334060733,0.00026096266543189324,0.0,0.00016223124156448503,0.0017386137171411552,0.00015466243773698806,0.0012918757796287538
2024-01-08,Grupo Bolivar,0.0,-0.0006060206930197373,0.00026096266543189324,0.0,-0.00015710271398592388,-0.00015715264310421442,-0.0003461562842130661,2.662576735019684e-05
2024-01-08,Mineros SA,0.0,-0.00019591326207146062,0.00026096266543189324,0.0,-0.00045604173371059393,-0.0009330570624413087,-0.0002055464237928391,-0.0007577849477529527
2024-01-08,Nutresa,0.0,5.282360906078704e-05,0.001197676971508971,0.0,0.0007298208837242081,0.0007297707269782144,0.006614121794700623,0.004384802222251892
2024-01-08,Promigas,0.0,-0.0004025142096596238,0.0006594257485475442,0.0,-0.00021065554538350119,-0.005382431061292396,-0.004038259029388427,-0.0019028083086013799
2024-01-09,Banco Davivienda PF,0.0020000434679925926,-0.00037333382131156737,0.00034297451096385235,0.0,-0.0007336975599006823,-0.0007337477323336916,-0.0008782417476177216,-8.008378744125367e-05
2024-01-09,Banco de Bogota,-0.024760346057188517,-0.00028700376592266826,0.00034297451096385235,0.0,-0.0007615776816579375,-0.0007616281946253286,0.0025720187425613402,-0.0014774932563304901
2024-01-09,Celsia,0.0031795600081026385,-0.0008219887751782022,-0.0005418371446305123,0.0,-0.00012464182140605533,-0.0005980594775965752,0.001725927472114563,0.0024164115190505983
2024-01-09,ETB,0.0,0.001973461641909867,0.0033443647790708845,0.0,-0.0009166103154686668,0.0010062489617421691,0.009870153248310089,0.006237017154693604
2024-01-09,Ecopetrol,-0.020661976694331997,0.00027464392207918105,0.00034297451096385235,0.0,0.00016223124156448503,0.0001465370704555769,0.0031818199157714845,0.004340071916580201
2024-01-09,Grupo Bolivar,-0.013130025405090194,-0.0003046509583097831,0.00034297451096385235,0.0,-0.00015710271398592388,-0.00015715264310421442,-0.0011985946111381055,0.00023973659425973893
2024-01-09,Mineros SA,0.010309380687418969,0.00023850795648424665,0.00034297451096385235,0.0,-0.00045604173371059393,-0.0004946198892576178,0.001157821286469698,0.0006116068661212921
2024-01-09,Nutresa,0.021957865168860086,0.00027048106810066474,0.0005270822486107974,0.0,0.0007298208837242081,0.0007297707269782144,0.015000785350799562,0.0032437323927879333
2024-01-09,Promigas,0.0,-0.00021090043462523582,0.00034297451096385235,0.0,-0.00021065554538350119,-0.0013575091359540712,-0.005127393841743469,-0.0009310014098882675
2024-01-10,Banco Davivienda PF,0.018803125565758836,-0.0014313302978777062,-0.0021752017577953337,0.0,-0.0007336975599006823,-0.0007337477323336916,-0.000816242679953575,-8.64056795835495e-05
2024-01-10,Banco de Bogota,0.00970189749206142,-0.0002644580702683476,0.0004281438721967432,0.0,-0.0007615776816579375,-0.0007616281946253286,0.0024907304644584656,0.0027343872189521793
2024-01-10,Celsia,0.0,-0.0012305759973063454,-0.0012903901022009695,0.0,-0.00012464182140605533,-0.0004836890846932977,-0.0015073472801595926,0.0014554896503686907
2024-01-10,ETB,0.0,-0.00025414141229511823,-0.0007841666955261759,0.0,-0.0009166103154686668,0.004746836533514074,0.0006623150408267975,0.003366983830928803
2024-01-10,Ecopetrol,-0.02109777678322754,-0.00013445420488854745,0.00023546433049103673,0.0,0.00016223124156448503,-0.0018477078382495612,0.0004145319685339927,0.006343945145606994
2024-01-10,Grupo Bolivar,0.0,-0.00039776228538353236,0.00023546433049103673,0.0,-0.00015710271398592388,-0.00015715264310421442,0.0005975401252508164,0.002064824789762497
2024-01-10,Mineros SA,0.007662880869659251,-0.0005603491784580493,-0.0012903901022009695,0.0,-0.00045604173371059393,-0.0013647306713525126,-0.0013893493860960009,-0.0007418211549520493
2024-01-10,Nutresa,0.008248445616909248,-0.00026650509928899917,-0.0016273172052772228,0.0,0.0007298208837242081,0.0007297707269782144,-0.00013434037566184998,-0.0002446460723876953
2024-01-10,Promigas,0.027510523251872743,-0.0007876469620397427,-0.0009143174984832933,0.0,-0.00021065554538350119,-0.0005016686013332251,-0.0017471182942390441,-0.00012924952805042268
2024-01-11,Banco Davivienda PF,-0.003929262012745991,-0.001256013243667441,-0.0012328953204751426,0.0,-0.0007336975599006823,-0.0007337477323336916,-0.0003564537167549133,-0.0011519775837659837
2024-01-11,Banco de Bogota,0.013698767708644196,2.1307342485002243e-05,0.001145356118221313,0.0,-0.0007615776816579375,-0.0007616281946253286,0.0019381210803985597,0.0007142745852470397
2024-01-11,Celsia,-0.004773139166474383,-0.00031503645090885744,0.0005888911951436701,0.0,-0.00012464182140605533,0.00019030639358004646,-0.0011237713620066642,0.0019162715077400208
2024-01-11,ETB,-0.03352269203864356,0.0006625564281745085,0.0012564791043509244,0.0,-0.0009166103154686668,0.0018174662476366581,0.0017414992749691007,0.0029375230073928832
2024-01-11,Ecopetrol,0.004255370886388694,0.00034754311778167733,0.0015479066594137002,0.0,0.00016223124156448503,-0.001889770227601282,0.00026839832961559295,0.008128414869308471
2024-01-11,Grupo Bolivar,0.003327715081176357,6.267304966193704e-05,0.0005888911951436701,0.0,-0.00015710271398592388,-0.00015715264310421442,0.0002335799038410187,0.0018743678629398347
2024-01-11,Mineros SA,0.027605234414087725,-1.527630785461573e-05,0.0005888911951436701,0.0,-0.00045604173371059393,-0.0011413663300730158,-0.0006738275587558746,-0.0003576243668794632
2024-01-11,Nutresa,-0.01261714655040171,0.00015581686874527946,0.0005888911951436701,0.0,0.0007298208837242081,0.0007297707269782144,0.0010982907563447952,0.00022441841661930084
2024-01-11,Promigas,0.007010478290556555,-0.0005748263601105624,-0.0003480836648807774,0.0,-0.00021065554538350119,-0.006169395411950642,-0.004114195883274078,-0.0021000630259513852
2024-01-12,Banco Davivienda PF,-0.003944862735808696,-0.0014575997215989225,0.00026096266543189324,0.0,-0.0007336975599006823,-0.0007337477323336916,-0.0010938967615365983,-0.0013767832517623904
2024-01-12,Banco de Bogota,0.0,-0.0009522969040671255,0.00026096266543189324,0.0,-0.0007615776816579375,-0.0007616281946253286,-0.001215633749961853,-0.002395447373390198
2024-01-12,Celsia,0.024419922131854514,-0.000617620920279854,0.00026096266543189324,0.0,-0.00012464182140605533,0.0004130045742170815,-0.001622867826372385,0.001193976789712906
2024-01-12,ETB,0.0,0.0006826373768085573,0.0019181184739630772,0.0,-0.0009166103154686668,0.009907777313580413,0.0035226854383945466,0.006402499914169311
2024-01-12,Ecopetrol,0.008456730182385078,-0.0003534337437301044,0.0004602411999851723,0.0,0.00016223124156448503,0.0005572553599191728,0.0007572386935353278,0.004786857604980469
2024-01-12,Grupo Bolivar,0.0049710877335187795,-0.0004965439384550955,0.00026096266543189324,0.0,-0.00015710271398592388,-0.00015715264310421442,-0.0013362978547811508,-0.00029258564859628675
2024-01-12,Mineros SA,0.007398315499697183,-0.0010060528952690322,-0.0007553035779325555,0.0,-0.00045604173371059393,-0.0028244991355703534,-0.0025634114742279055,-0.004136515378952026
2024-01-12,Nutresa,-0.010563415219721609,-0.0004371511233842516,0.0010135692338620259,0.0,0.0007298208837242081,0.0007297707269782144,0.0028375647962093353,0.0007480442374944687
2024-01-12,Promigas,0.0,-0.0011450339490013377,0.00026096266543189324,0.0,-0.00021065554538350119,-0.0030155207949433853,-0.006817452371120453,-0.0034347329139709478
2024-01-15,Banco Davivienda PF,0.007874124748554803,-0.0005703032618101224,0.00034297451096385235,0.0,-0.0007336975599006823,-0.0007337477323336916,-0.00026682860404253,0.0004894767850637436
2024-01-15,Banco de Bogota,0.0,-0.0005080692749213845,0.00034297451096385235,0.0,-0.0007615776816579375,-0.0007616281946253286,0.0002681570202112198,-0.0007283639013767241
2024-01-15,Celsia,0.006349126536374295,-0.00048743980370577125,-0.000594000349060595,0.0,-0.00012464182140605533,-0.003352222575292021,-0.0015142372101545334,-0.001433690294623375
2024-01-15,ETB,0.0,0.0006543908470487175,0.0019550666007598664,0.0,-0.0009166103154686668,0.0025900045176500313,0.003366528742015362,0.0034683690667152408
2024-01-15,Ecopetrol,0.0,-1.1076151593398437e-05,0.0005422530455171314,0.0,0.00016223124156448503,0.0009627605789808222,-0.0001732313185930252,0.002318264275789261
2024-01-15,Grupo Bolivar,0.008230351081028138,-2.3117958799618208e-05,0.00034297451096385235,0.0,-0.00015710271398592388,-0.00015715264310421442,-0.00021049322560429576,1.0131344199180624e-05
2024-01-15,Mineros SA,-0.009876634213443604,-0.00020914341001962363,0.00034297451096385235,0.0,-0.00045604173371059393,-0.0011190370371743797,-0.0006359605640172958,-0.0024204953312873837
2024-01-15,Nutresa,0.0,0.00016923513531912467,0.0016011870544288868,0.0,0.0007298208837242081,0.0007297707269782144,0.0017727046012878417,0.0028680896759033197
2024-01-15,Promigas,0.001994315092016028,-0.0005295407744768437,0.00034297451096385235,0.0,-0.00021065554538350119,-0.0008542204299050885,-0.0015854030773043634,-0.0010776925683021544
2024-01-16,Banco Davivienda PF,0.004889990167831969,-0.0004270814899430515,0.00034297451096385235,0.0,-0.0007336975599006823,-0.0007337477323336916,-0.000500821255147457,-0.0004664600044488907
2024-01-16,Banco de Bogota,0.007455355696917594,-0.000465820981565431,0.00034297451096385235,0.0,-0.0007615776816579375,-0.0007616281946253286,0.00032892471551895135,-0.0005877683013677598
2024-01-16,Celsia,0.026543397851921044,-0.00020095727796442286,0.00034297451096385235,0.0,-0.00012464182140605533,0.0015819793228867296,-0.0006954853385686874,-0.0010806993544101716
2024-01-16,ETB,0.1861022796338607,2.1552488620166073e-05,0.0008491979176386453,0.0,-0.0009166103154686668,0.004801268927519131,0.0010009458959102631,0.0018824321925640104
2024-01-16,Ecopetrol,-0.01698558703949214,-2.7900994018898958e-05,0.0005422530455171314,0.0,0.00016223124156448503,0.0001465370704555769,-2.2696681320667223e-05,0.0018838607817888262
2024-01-16,Grupo Bolivar,0.002292600344864621,-9.825151001174835e-05,0.00034297451096385235,0.0,-0.00015710271398592388,-0.00015715264310421442,0.0003349222987890243,-0.0006823330819606781
2024-01-16,Mineros SA,0.0024870211523511164,-9.77281398439986e-05,0.001095581079393985,0.0,-0.00045604173371059393,0.000338967130223775,3.445979952812203e-05,0.0004106321036815643
2024-01-16,Nutresa,-0.027816969553323204,-8.292199375970849e-05,0.00034297451096385235,0.0,0.0007298208837242081,0.0007297707269782144,0.0017636325880885124,0.001604387253522873
2024-01-16,Promigas,0.02750660842797594,-7.203723990293914e-05,0.00034297451096385235,0.0,-0.00021065554538350119,-0.0008187134640587449,-0.0011435725279152393,-0.00025671158730983734
2024-01-17,Banco Davivienda PF,-0.019705090864856455,-8.725482429063136e-05,0.001756287607424008,0.0,-0.0007336975599006823,-0.0007337477323336916,-0.00014099624380469323,0.0018952471613883973
2024-01-17,Banco de Bogota,0.0026971303542559374,-0.0002108379873170473,0.0012506816323891064,0.0,-0.0007615776816579375,-0.0007616281946253286,7.1432638913393e-05,0.0014471318423748016
2024-01-17,Celsia,0.004611793071676419,-0.0005406972849961389,0.000526429082985177,0.0,-0.00012464182140605533,-0.002488053487070072,-0.00027996981143951414,-0.00010633066296577454
2024-01-17,ETB,0.018692133012152546,-0.004728343493324295,-0.0062849779493030465,0.0,-0.0009166103154686668,-0.05459835270853871,-0.014837327957153321,-0.006064556002616882
2024-01-17,Ecopetrol,-0.008602153326400465,0.00026791646098966494,0.0022025667353725185,0.0,0.00016223124156448503,-0.0014928714419045858,2.816406637430192e-05,0.004778757095336914
2024-01-17,Grupo Bolivar,0.005870638072099497,3.652607633472249e-06,0.0012506816323891064,0.0,-0.00015710271398592388,-0.00015715264310421442,0.00022243137657642362,0.001684720069169998
2024-01-17,Mineros SA,-0.002478297119676619,-6.499090765462926e-05,0.0012506816323891064,0.0,-0.00045604173371059393,-0.0007045242458403163,6.673962809145454e-05,0.0017298902869224547
2024-01-17,Nutresa,0.009058068998276048,0.0007822484485070128,0.0026154280679345715,0.0,0.0007298208837242081,0.0007297707269782144,0.0035210491307079796,0.005769255936145782
2024-01-17,Promigas,0.026770205676579922,-0.00015890103067917004,0.000526429082985177,0.0,-0.00021065554538350119,-0.006235977915862067,-0.0016476220823824403,0.0001857552528381348
2024-01-18,Banco Davivienda PF,0.004962794361971089,-0.0002213106238258342,0.0011198745299453132,0.0,-0.0007336975599006823,-0.0007337477323336916,-0.0005477638319134712,0.0034929127097129823
2024-01-18,Banco de Bogota,0.007380024169561185,-0.0002719517995622157,0.0005888911951436701,0.0,-0.0007615776816579375,-0.0007616281946253286,0.0005255012884736062,0.0004040478765964508
2024-01-18,Celsia,0.012195332364130477,-0.0003055177711475729,0.0005888911951436701,0.0,-0.00012464182140605533,0.0019885697535861756,-0.0008858228623867036,-0.0005310922712087632
2024-01-18,ETB,0.0,-0.0034806727213906674,-0.0017400602550119225,0.0,-0.0009166103154686668,-0.022086281782059906,-0.016732083082199097,-0.007510666251182556
2024-01-18,Ecopetrol,-0.006500633713401006,-5.4859905570136095e-05,0.0013039822675922584,0.0,0.00016223124156448503,-0.0006837223344822383,0.0006564304456114769,0.00475077897310257
2024-01-18,Grupo Bolivar,0.008097357676558628,-5.021484158721954e-05,0.0005888911951436701,0.0,-0.00015710271398592388,-0.00015715264310421442,7.37251788377762e-05,0.00043374674022197724
2024-01-18,Mineros SA,0.002478297119676596,-0.00029535440374781833,0.0005888911951436701,0.0,-0.00045604173371059393,-0.0002854518402304927,-0.0008377952389419079,0.0014302838593721388
2024-01-18,Nutresa,-0.007694085153700697,0.0001920238521485067,0.0015287423904215376,0.0,0.0007298208837242081,0.0007297707269782144,0.0030102693736553192,0.002673474222421646
2024-01-18,Promigas,0.009389712592493105,-0.0005533539318571569,0.0001575223101541243,0.0,-0.00021065554538350119,-0.007231294410063649,-0.00422915381193161,-0.002131713390350342
2024-01-19,Banco Davivienda PF,0.0,-0.00019640727013660287,0.00034297451096385235,0.0,-0.0007336975599006823,-0.0007337477323336916,-0.0004833450429141522,0.0010587404072284698
2024-01-19,Banco de Bogota,-0.0020073384454224194,-0.00016341795108825368,0.00034297451096385235,0.0,-0.0007615776816579375,-0.0007616281946253286,0.00024714278802275664,-0.0010693493932485579
2024-01-19,Celsia,-0.02144037155189344,-0.00027600472522832184,0.00034297451096385235,0.0,-0.00012464182140605533,-0.0010426462606319769,-0.0014515063017606733,-0.0018697231113910674
2024-01-19,ETB,0.0,-0.00487455174236642,-0.005934996805315931,0.0,-0.0009166103154686668,-0.03300220227810627,-0.01915607023239136,-0.005600426018238067
2024-01-19,Ecopetrol,-0.00873370131838587,0.00010143387724775213,0.0008504652724200992,0.0,0.00016223124156448503,-0.0004808886535248,0.0007777577266097069,0.0035194456577301025
2024-01-19,Grupo Bolivar,0.0,-5.003763286889577e-05,0.00034297451096385235,0.0,-0.00015710271398592388,-0.00015715264310421442,-5.0227105617523196e-05,-0.0009799972176551819
2024-01-19,Mineros SA,-0.025063899333601956,-0.00018416797637412418,0.00034297451096385235,0.0,-0.00045604173371059393,-0.000703787938284741,-0.000747768446803093,0.00018206433951854705
2024-01-19,Nutresa,0.010845047835786643,-3.607460454461919e-05,0.001034573010067044,0.0,0.0007298208837242081,0.0007297707269782144,0.0047836854755878445,0.002329239934682846
2024-01-19,Promigas,-0.05770825827876046,-0.000729294252256829,0.00034297451096385235,0.0,-0.00021065554538350119,-0.0037472272523222955,-0.005925983011722565,-0.0028791011869907382
2024-01-22,Banco Davivienda PF,0.0,-0.0003454953611950568,-0.00023869200091975972,0.0,-0.0007336975599006823,-0.0007337477323336916,-0.00036514251306653023,0.0001918196976184845
2024-01-22,Banco de Bogota,0.0,-0.000526215578047084,-0.0007442979759546621,0.0,-0.0007615776816579375,-0.0007616281946253286,0.0007539231888949871,-0.0012472824752330779
2024-01-22,Celsia,0.0,-0.00022736908539896502,0.0007526127648145598,0.0,-0.00012464182140605533,0.003502363590807363,0.0007867475673556326,0.001320065200328827
2024-01-22,ETB,0.0,-0.0035125661324866236,-0.002080794732587876,0.0,-0.0009166103154686668,-0.02124391075072437,-0.014371192216873168,-0.004131244719028473
2024-01-22,Ecopetrol,0.0,-0.00035788169034729837,0.0009433194953090778,0.0,0.00016223124156448503,-0.0006964190341808321,5.057634972035885e-05,0.0031030591130256657
2024-01-22,Grupo Bolivar,0.0,-0.00043647412808693305,-0.0007442979759546621,0.0,-0.00015710271398592388,-0.00015715264310421442,0.0005215369760990143,-0.00146183380484581
2024-01-22,Mineros SA,0.0,-7.673993480906982e-05,0.0009518912993678393,0.0,-0.00045604173371059393,0.0016207709099318923,0.0005185096077620984,0.0032559847235679633
2024-01-22,Nutresa,0.0,-0.0004825562888253678,-0.000560190238307717,0.0,0.0007298208837242081,0.0007297707269782144,0.0026913081035017964,-0.0006507137417793273
2024-01-22,Promigas,0.0,0.002917797833338335,0.008915207485007196,0.0,-0.00021065554538350119,0.011261006517649838,0.008057879090309143,0.006662582635879516
2024-01-23,Banco Davivienda PF,0.004938286610968226,0.00011529127105673116,0.00034297451096385235,0.0,-0.0007336975599006823,-0.0007337477323336916,-0.0013649156838655473,-0.00039632967114448553
2024-01-23,Banco de Bogota,0.013967778173882386,8.115192841505697e-05,0.00034297451096385235,0.0,-0.0007615776816579375,-0.0007616281946253286,0.0014894864186644555,-0.0015308868885040281
2024-01-23,Celsia,0.027482673355864667,0.00028126927145093487,0.00034297451096385235,0.0,-0.00012464182140605533,-0.0022525871115125916,0.005173327416181565,0.0008637975305318832
2024-01-23,ETB,-0.03649113495888747,-0.0015816826771927468,-0.000993522245669361,0.0,-0.0009166103154686668,-0.01038425279359569,-0.003527587115764618,-0.003086839079856873
2024-01-23,Ecopetrol,0.00655739865826394,0.0003899877965104581,0.0007263607831640765,0.0,0.00016223124156448503,0.0001465370704555769,0.0018739676699042322,0.0028627227544784544
2024-01-23,Grupo Bolivar,-0.045537475265913625,0.00014615832402874347,0.00034297451096385235,0.0,-0.00015710271398592388,-0.00015715264310421442,0.0011739106103777885,-0.0015143063664436337
2024-01-23,Mineros SA,0.012610472492726997,0.0002844594881164924,0.0010987179685947746,0.0,-0.00045604173371059393,-0.0004946198892576178,0.0028912613391876224,0.0015977700799703596
2024-01-23,Nutresa,-0.007669695809160574,0.00016327911854038615,0.00034297451096385235,0.0,0.0007298208837242081,0.0007297707269782144,-0.0001429251879453659,-0.0007973018139600753
2024-01-23,Promigas,0.042642016086664715,0.0011762179091481166,0.003998345829834168,0.0,-0.00021065554538350119,0.0021814734281097713,0.004567895144224167,0.002887766897678375
2024-01-24,Banco Davivienda PF,0.0,-0.00017696403736348714,0.00040578683049122505,0.0,-0.0007336975599006823,-0.0007337477323336916,-0.0003437467068433762,0.000771586835384369
2024-01-24,Banco de Bogota,0.0,-0.00048187350222713034,-9.981914454367698e-05,0.0,-0.0007615776816579375,-0.0007616281946253286,0.00010046764090657235,-0.0015298619270324707
2024-01-24,Celsia,0.0,-0.0008922197827028016,-0.0010367940045681251,0.0,-0.00012464182140605533,-0.003223947096763455,-0.001388328105211258,-0.0016681270301342013
2024-01-24,ETB,0.0,0.000815198601086792,0.0008203905060266323,0.0,-0.0009166103154686668,0.00239918827896416,0.005924971520900726,0.0047987840175628665
2024-01-24,Ecopetrol,0.0,-0.0003075047230803982,8.428859310326823e-05,0.0,0.00016223124156448503,0.0007794416120709038,0.00022900165244936943,0.0022518897950649258
2024-01-24,Grupo Bolivar,0.0,0.0025997662292691717,0.0010196690405799111,0.0,-0.00015710271398592388,-0.00015715264310421442,0.0039300511181354515,0.0070727627277374265
2024-01-24,Mineros SA,0.0,-0.0006014125719618475,-9.981914454367698e-05,0.0,-0.00045604173371059393,-0.0015589426081405399,-0.0008638131804764272,0.00020471622049808504
2024-01-24,Nutresa,0.0,-0.00013351229872908223,0.0004923758237657035,0.0,0.0007298208837242081,0.0007297707269782144,0.0006477323919534683,0.00224288147687912
2024-01-24,Promigas,0.0,-0.0010626314469219832,0.000552572854038475,0.0,-0.00021065554538350119,-0.008816354385571521,-0.0062986212968826295,-0.002508574455976486
2024-01-25,Banco Davivienda PF,0.0,-0.0003338172850014472,-0.0003457358287234946,0.0,-0.0007336975599006823,-0.0007337477323336916,-0.0014838491827249525,0.0005522925257682801
2024-01-25,Banco de Bogota,0.0,-0.0003669232428995067,-0.0003457358287234946,0.0,-0.0007615776816579375,-0.0007616281946253286,0.0003300970084965229,-0.0017654644548892977
2024-01-25,Celsia,0.0,-0.00018378988586852904,-0.0003457358287234946,0.0,-0.00012464182140605533,0.0026017638586871305,0.002506764378398657,-2.2852361202239967e-05
2024-01-25,ETB,0.0,0.0007730435386644046,0.0012663562610725199,0.0,-0.0009166103154686668,-0.003329262091385129,0.002722822144627571,0.002752733051776886
2024-01-25,Ecopetrol,0.0,-7.778211187183799e-05,-0.00016162809107654974,0.0,0.00016223124156448503,0.0001465370704555769,0.003425741881132126,0.004426606893539428
2024-01-25,Grupo Bolivar,0.0,0.0019328402507564845,0.0024998722407405106,0.0,-0.00015710271398592388,-0.00015715264310421442,0.008074224531650543,0.003173832297325134
2024-01-25,Mineros SA,0.0,-0.0001858285424867815,-0.0003457358287234946,0.0,-0.00045604173371059393,-0.0004946198892576178,0.00012286360561847686,0.0008543494045734406
2024-01-25,Nutresa,0.0,-0.0003651308345700401,-0.0003457358287234946,0.0,0.0007298208837242081,0.0007297707269782144,0.005957659423351287,0.0008492750376462938
2024-01-25,Promigas,0.0,-0.0005598796732736403,-0.0003457358287234946,0.0,-0.00021065554538350119,-0.0020876824978761175,-0.004076915949583053,-0.0017281511723995211
2024-01-26,Banco Davivienda PF,0.0,-0.0008064703556190846,-0.00034456036179587537,0.0,-0.0007336975599006823,-0.0007337477323336916,-0.001299769915640354,0.0026444364488124846
2024-01-26,Banco de Bogota,0.008656835422397112,-0.0008711907145895677,-0.00034456036179587537,0.0,-0.0007615776816579375,-0.0007616281946253286,0.0013769879639148712,-0.0004805699884891509
2024-01-26,Celsia,0.0,-0.0009021673249123683,-0.00034456036179587537,0.0,-0.00012464182140605533,-0.00012518296811529807,0.002615832485258579,0.003701417654752731
2024-01-26,ETB,0.0,-0.0005594755449767559,0.00016166304487891752,0.0,-0.0009166103154686668,0.001728495107608718,-0.00018035134673118606,0.0044517056345939636
2024-01-26,Ecopetrol,0.0,-0.0005362725615503438,-0.00034456036179587537,0.0,0.00016223124156448503,0.0001465370704555769,0.004309350907802581,0.009389061450958252
2024-01-26,Grupo Bolivar,0.0,-0.0004062047203387433,-0.0003066463297750583,0.0,-0.00015710271398592388,-0.00015715264310421442,0.0016966069936752315,0.0024198783040046694
2024-01-26,Mineros SA,0.0,-0.0007184608979712036,-0.00034456036179587537,0.0,-0.00045604173371059393,-0.0004946198892576178,-0.00031286102905869474,0.0035378398895263667
2024-01-26,Nutresa,0.0,-0.0007238393067728618,-0.00034456036179587537,0.0,0.0007298208837242081,0.0007297707269782144,0.008305358827114107,0.001489301085472107
2024-01-26,Promigas,0.0,-0.0009428678609358572,-0.00034456036179587537,0.0,-0.00021065554538350119,-0.0006569292429121884,-0.008000264465808867,0.00046915434300899507
2024-01-29,Banco Davivienda PF,0.047146709729739424,-0.0002139659832716097,-9.981914454367698e-05,0.0,-0.0007336975599006823,-0.0007337477323336916,-0.0010557416677474977,0.005003669023513794
2024-01-29,Banco de Bogota,0.01637765472947129,-0.000294427410260463,-9.981914454367698e-05,0.0,-0.0007615776816579375,-0.0007616281946253286,0.000829152647405863,0.00041913187503814697
2024-01-29,Celsia,-0.009077367644598272,-0.00015256908198383744,-9.981914454367698e-05,0.0,-0.00012464182140605533,-0.00012518296811529813,0.0025257811173796654,0.00706383740901947
2024-01-29,ETB,0.03649113495888752,0.0005484321833873428,0.0005677687646635783,0.0,-0.0009166103154686668,-6.684683803150765e-05,-0.0008087831735610961,0.006136468231678009
2024-01-29,Ecopetrol,0.04265035245386935,5.0499638925595566e-06,-9.981914454367698e-05,0.0,0.00016223124156448503,0.0001465370704555769,0.004116567373275757,0.012977383852005003
2024-01-29,Grupo Bolivar,0.0,0.0006042958422485282,9.945939000960223e-05,0.0,-0.00015710271398592388,-0.00015715264310421442,0.003007346093654633,0.0028287252187728885
2024-01-29,Mineros SA,-0.04092649065729949,-0.00018710478853487488,-9.981914454367698e-05,0.0,-0.00045604173371059393,-0.0004946198892576178,0.0014548694901168346,0.006314120173454283
2024-01-29,Nutresa,-0.026619308624207912,-8.716577085098575e-05,-9.981914454367698e-05,0.0,0.0007298208837242081,0.0007297707269782144,0.0029227977022528648,0.003129961639642715
2024-01-29,Promigas,-0.009532821208700611,-0.00031144668543740237,-9.981914454367698e-05,0.0,-0.00021065554538350119,-0.0003527005762813651,-0.002553169101476669,0.0032078238129615785
2024-01-30,Banco Davivienda PF,0.01121512066743952,-0.0005428431108679679,-0.0005784906171867382,0.0,-0.0007336975599006823,-0.0007337477323336916,0.00018322934210300443,-0.0011750407963991166
2024-01-30,Banco de Bogota,0.0344862966309683,-5.0393012227445426e-05,0.0005888911951436701,0.0,-0.0007615776816579375,-0.0007616281946253286,0.0005368496477603912,-0.0010487661510705949
2024-01-30,Celsia,0.012085048944303418,4.491961507759903e-05,0.0011198745299453132,0.0,-0.00012464182140605533,0.0008983208546534581,-0.00047719376534223555,0.008747138917446138
2024-01-30,ETB,0.0,-0.0007813141489390589,-0.0005784906171867382,0.0,-0.0009166103154686668,-0.012522284473476244,-0.00696224057674408,0.0006220315024256706
2024-01-30,Ecopetrol,-0.0020898184665125766,-0.000359849922086416,-0.0005784906171867382,0.0,0.00016223124156448503,0.004263047774823035,0.0010751242022961377,0.008133010804653168
2024-01-30,Grupo Bolivar,0.0,0.0004806961930712515,0.0007881697296969489,0.0,-0.00015710271398592388,-0.00015715264310421442,0.00044060611724853517,0.0023356761932373043
2024-01-30,Mineros SA,0.0,0.0014611006755437647,0.001556114395392389,0.0,-0.00045604173371059393,0.002959572159124063,0.004553638011217118,0.013147506833076476
2024-01-30,Nutresa,-0.0004652682379488906,0.0009166527886856205,0.0020853553872206775,0.0,0.0007298208837242081,0.0007297707269782144,0.007124566435813903,0.007142393827438355
2024-01-30,Promigas,0.005730635139815939,0.00013274867836940454,0.0011198745299453132,0.0,-0.00021065554538350119,0.0017390036059526561,0.000579092800617218,0.0047202293276786805
2024-01-31,Banco Davivienda PF,0.015675707421909258,1.6189089013687732e-06,0.0005888911951436701,0.0,-0.0007336975599006823,-0.0007337477323336916,0.0005673170909285545,-0.0010462533086538317
2024-01-31,Banco de Bogota,-0.0018851694923274498,-0.0004763565497341202,-0.0005784906171867382,0.0,-0.0007615776816579375,-0.0007616281946253286,-0.00019717162102460864,-0.0032473809123039245
2024-01-31,Celsia,-0.004514795627046113,-2.3138890422633844e-05,0.0005888911951436701,0.0,-0.00012464182140605533,-0.0023885077273293562,-0.0008782764691859483,0.0038298396766185765
2024-01-31,ETB,-0.01869213301215252,-0.00015865566063227908,0.0005888911951436701,0.0,-0.0009166103154686668,-0.004352111732218549,-0.005137574255466461,0.001034487411379814
2024-01-31,Ecopetrol,-0.023281444287433294,3.4792320485807606e-05,0.0005888911951436701,0.0,0.00016223124156448503,-5.516724363862805e-05,0.00027684133127331737,0.0082457674741745
2024-01-31,Grupo Bolivar,0.04553747526591376,0.0005362431869302733,0.0005888911951436701,0.0,-0.00015710271398592388,-0.00015715264310421442,0.000552372019737959,0.0013946448415517807
2024-01-31,Mineros SA,0.0026076708139908924,0.0013819995069292588,0.0031219720885967256,0.0,-0.00045604173371059393,-0.0004946198892576178,0.0008846045732498169,0.0071443444490432734
2024-01-31,Nutresa,0.045038272395640594,0.0007047884189187962,0.002034348365456439,0.0,0.0007298208837242081,0.0007297707269782144,0.0005383607968688011,0.003909154295921325
2024-01-31,Promigas,-0.04082205467177732,-1.2800651206535083e-05,0.0005888911951436701,0.0,-0.00021065554538350119,-0.0010617760426953,-0.0008029846511781215,0.001891595810651779
2024-02-01,Banco Davivienda PF,-0.0939387123176473,-9.348427104200301e-05,0.0005888911951436701,0.0,-0.0007336975599006823,-0.0007337477323336916,0.0001213337555527687,-0.0018891050219535827
2024-02-01,Banco de Bogota,-0.003780470032605663,-6.496632216259393e-05,0.0005888911951436701,0.0,-0.0007615776816579375,-0.0007616281946253286,1.3823930174112325e-05,-0.0018072932362556457
2024-02-01,Celsia,-0.03843675363666039,-2.3813494708783914e-05,0.0005888911951436701,0.0,-0.00012464182140605533,0.0015830050236351606,-0.0006480556204915047,0.005033896386623383
2024-02-01,ETB,0.0,0.0002597114804023606,0.0016254805049802149,0.0,-0.0009166103154686668,-0.001712240474056142,-0.0011386752724647522,0.004240997612476349
2024-02-01,Ecopetrol,0.004273485970718423,0.00016940382045672845,0.0011963631399855524,0.0,0.00016223124156448503,-0.002100532627878395,-0.000286880187690258,0.012847036719322202
2024-02-01,Grupo Bolivar,0.011226991386304978,-0.00032545980760561287,-0.0005784906171867382,0.0,-0.00015710271398592388,-0.00015715264310421442,-0.000934424266219139,-0.0039029453396797176
2024-02-01,Mineros SA,0.012936692145248228,-0.00010126672856165167,0.000626805227164487,0.0,-0.00045604173371059393,-0.0007147070661892613,-0.0009099737107753754,0.006225534498691558
2024-02-01,Nutresa,0.009738929824346168,-0.0003198881537074842,-0.0005784906171867382,0.0,0.0007298208837242081,0.0007297707269782144,-0.00037771993875503534,-0.0018910883665084841
2024-02-01,Promigas,0.03125252036890263,0.0019461945435350556,0.00206172037042729,0.0,-0.00021065554538350119,0.008241425082477044,0.010351276397705077,0.008134848833084107
2024-02-02,Banco Davivienda PF,-0.025446692058050266,0.011400523923982402,0.012410350515115768,0.0,-0.0007336975599006823,-0.0007337477323336916,0.00936870390176773,0.014008824586868284
2024-02-02,Banco de Bogota,0.0,-0.0003719862070421585,-0.00030054760078366844,0.0,-0.0007615776816579375,-0.0007616281946253286,3.841053694486618e-05,-0.0013417633771896362
2024-02-02,Celsia,0.00624992098524021,0.0012163872153853966,0.0017083793802672577,0.0,-0.00012464182140605533,0.0037607135893004085,0.0031269826143980025,0.009853904247283937
2024-02-02,ETB,0.0,-2.337348119731393e-05,-0.00030054760078366844,0.0,-0.0009166103154686668,-0.0032952298456480054,-0.0028003021478652953,0.0016431671231985092
2024-02-02,Ecopetrol,-0.01071826025282565,-0.0001171935990988323,-0.00011643986313672355,0.0,0.00016223124156448503,0.0005590037848269036,0.0016175519451498987,0.008808515369892122
2024-02-02,Grupo Bolivar,0.0,-0.0002268246997245106,-0.00030054760078366844,0.0,-0.00015710271398592388,-0.00015715264310421442,-0.0003562347739934921,-0.004897107422351837
2024-02-02,Mineros SA,-0.02340803953090387,-6.740219610785407e-05,-0.00010126906623038952,0.0,-0.00045604173371059393,-0.0015864755168182032,-0.0016736187785863876,0.001638593941926956
2024-02-02,Nutresa,0.006148423544013381,-0.00013627546900200883,-0.00011643986313672355,0.0,0.0007298208837242081,0.0007297707269782144,-0.00011269795894622806,-0.0032299054861068726
2024-02-02,Promigas,-0.03922059655186969,-0.0002594348012004208,-7.863123480306063e-05,0.0,-0.00021065554538350119,-0.005105985676606762,-0.0027891598045825957,-0.0007745190560817718
2024-02-05,Banco Davivienda PF,0.010256510887557264,-0.0023128923901153267,0.003518139699147956,0.0,-0.0007336975599006823,-0.0007337477323336916,0.0036130805909633636,0.010075598955154417
2024-02-05,Banco de Bogota,-0.0006316348229346972,-0.00119488879792922,-0.0018312365098305447,0.0,-0.0007615776816579375,-0.0007616281946253286,0.0015009260028600693,-0.001992638796567917
2024-02-05,Celsia,-0.0015588004207226101,-0.0002649605463639087,-0.0010635263984061806,0.0,-0.00012464182140605533,-0.004643739540470208,-0.0010036405920982362,0.004429123908281326
2024-02-05,ETB,0.0,-0.0011591728687234057,-0.0022073091135482205,0.0,-0.0009166103154686668,9.078752728454916e-05,-0.004526814013719559,0.00021152104437351227
2024-02-05,Ecopetrol,0.0,-0.0008517065274716216,-0.0004973469432092692,0.0,0.00016223124156448503,-0.0008879639482798545,0.0035424377918243403,0.00951565670967102
2024-02-05,Grupo Bolivar,0.0,-0.0012139697355181224,-0.0022073091135482205,0.0,-0.00015710271398592388,-0.00015715264310421442,-0.0003266754150390625,-0.004962253510951996
2024-02-05,Mineros SA,0.0,-0.00046868722469547465,-0.00013723161972236002,0.0,-0.00045604173371059393,0.0014810164948365818,-0.0003032313734292984,0.004965540170669556
2024-02-05,Nutresa,0.00698078968190161,-0.0012172112155840026,-0.0017017031385133188,0.0,0.0007298208837242081,0.0007297707269782144,-0.001275748312473297,-0.003466588854789734
2024-02-05,Promigas,0.01980256785232442,0.0004597408053776769,-7.927198009820128e-05,0.0,-0.00021065554538350119,0.007040956750830076,0.012443123459815979,0.00570743441581726
2024-02-06,Banco Davivienda PF,0.01317806494375364,0.0011265754454756244,0.0018077319184976752,0.0,-0.0007336975599006823,-0.0007337477323336916,-0.0003643498346209526,0.003734995782375336
2024-02-06,Banco de Bogota,-0.021066795519258677,-0.0006302191023009601,-0.001089661645960977,0.0,-0.0007615776816579375,-0.0007616281946253286,0.0009884552732110025,-0.0005666145980358123
2024-02-06,Celsia,0.0,-0.000628080810672529,-0.001051747613940159,0.0,-0.00012464182140605533,0.0006707205723696331,-0.0009870720207691191,0.0033151022791862487
2024-02-06,ETB,0.0,-0.0006576809704983246,-0.001089661645960977,0.0,-0.0009166103154686668,-0.0011459418395142194,-0.0027523827254772185,0.0002675194144248962
2024-02-06,Ecopetrol,0.014973631139214386,-0.00020679691643762222,-0.0007062753737607519,0.0,0.00016223124156448503,0.0001465370704555769,0.00032422212138772007,0.005863466620445252
2024-02-06,Grupo Bolivar,-0.026504316290919767,-0.0006133039940260004,-0.0007135890422433006,0.0,-0.00015710271398592388,-0.00015715264310421442,0.0008183605819940566,-0.0020956235527992252
2024-02-06,Mineros SA,0.0,-0.0005318665991683707,-0.001089661645960977,0.0,-0.00045604173371059393,-0.0004946198892576178,0.0006349940635263921,0.002823933720588684
2024-02-06,Nutresa,0.006500655960947185,-0.0006586907026480258,-0.0007135890422433006,0.0,0.0007298208837242081,0.0007297707269782144,-0.0012021946609020232,-0.0017150159478187565
2024-02-06,Promigas,-0.015810535433648798,-0.00010187564393435642,-0.0017329161895188543,0.0,-0.00021065554538350119,-0.0029265833957334226,0.0007965800836682319,-0.00013086748123168943
2024-02-07,Banco Davivienda PF,0.01101666820052734,-0.00021498256641411872,-0.001362649152881713,0.0,-0.0007336975599006823,-0.0007337477323336916,0.0013355190679430963,0.00047643326222896577
2024-02-07,Banco de Bogota,0.024220424814177,-0.00032728284559416465,0.0005081498063908678,0.0,-0.0007615776816579375,-0.0007616281946253286,0.0007581174224615097,0.0030815226435661315
2024-02-07,Celsia,0.013943005775963052,-0.00034937523333257556,-0.001362649152881713,0.0,-0.00012464182140605533,-0.00027985372397175927,-0.0003497761934995651,0.0027697128206491473
2024-02-07,ETB,0.0,-0.0009878311673865707,-0.0015619276874349922,0.0,-0.0009166103154686668,-0.0017592948686595922,-0.004080462649464608,0.00012239798903465268
2024-02-07,Ecopetrol,0.004237200175280173,-0.0007946078877138709,-0.0015619276874349922,0.0,0.00016223124156448503,0.001591756378654608,0.0008352911174297333,0.0034360322207212454
2024-02-07,Grupo Bolivar,0.0,-0.0003269691493268435,0.0003088712718375888,0.0,-0.00015710271398592388,-0.00015715264310421442,0.0027549655586481094,0.003590364992618561
2024-02-07,Mineros SA,0.002628166420170697,-0.0009122279483260154,-0.0015619276874349922,0.0,-0.00045604173371059393,-0.0004946198892576178,-0.0011714949533343315,0.002162347123026848
2024-02-07,Nutresa,0.012449152524863002,-0.0010569828594644709,-0.0015619276874349922,0.0,0.0007298208837242081,0.0007297707269782144,-0.0010088798105716706,-0.00161838561296463
2024-02-07,Promigas,0.0,-0.0006403584433128001,1.8407772778307249e-06,0.0,-0.00021065554538350119,0.0025265689572877225,0.002665067136287689,0.0026881287395954133
2024-02-08,Banco Davivienda PF,-0.016064639899211322,0.0005693388058890708,-4.822032476961203e-05,0.0,-0.0007336975599006823,-0.0007337477323336916,-0.00022788280993700028,-0.0022253137081861495
2024-02-08,Banco de Bogota,0.031000534828364654,-0.0013968685108034222,-0.001609463751532101,0.0,-0.0007615776816579375,-0.0007616281946253286,-0.0024688401222229006,-0.002307900846004486
2024-02-08,Celsia,0.0,-0.0008819200476173509,-0.0006724888915076526,0.0,-0.00012464182140605533,-0.001697303903536175,-0.0018768161535263062,-0.00035105454921722417
2024-02-08,ETB,0.0,-0.0013159191432239236,-0.0006724888915076526,0.0,-0.0009166103154686668,-0.0014613502481435512,-0.006942942261695862,-0.0008797498047351836
2024-02-08,Ecopetrol,-0.010626996033274353,-0.0009845848892186709,-0.0006724888915076526,0.0,0.00016223124156448503,0.0005555015660468923,-0.0007211632207036018,0.003390668347477913
2024-02-08,Grupo Bolivar,0.030324976075507305,-0.0008065232798668584,-0.00011602396843000894,0.0,-0.00015710271398592388,-0.00015715264310421442,0.0010331852659583092,0.0011764552742242816
2024-02-08,Mineros SA,0.0,-0.0009157583278877583,-0.0006724888915076526,0.0,-0.00045604173371059393,-0.000716436893466314,-0.0030252489447593687,0.0008275599181652068
2024-02-08,Nutresa,0.0,-0.0009393563971850558,-0.0006724888915076526,0.0,0.0007298208837242081,0.0007297707269782144,-0.0005845776870846748,-0.002802098631858826
2024-02-08,Promigas,0.01972444591837001,-0.0009245885911241186,-0.0006724888915076526,0.0,-0.00021065554538350119,0.00032422356092275546,-0.0020937651991844177,0.0005194579660892486
2024-02-09,Banco Davivienda PF,-0.01838660413262688,-6.260906742960778e-05,0.001197676971508971,0.0,-0.0007336975599006823,-0.0007337477323336916,0.0009514339789748192,0.002137079194188118
2024-02-09,Banco de Bogota,-0.05200065591896812,-0.000672180961472923,-0.0009857105302385162,0.0,-0.0007615776816579375,-0.0007616281946253286,-0.0008169848620891571,-0.0032373929619789127
2024-02-09,Celsia,-0.0030817455204384487,-0.00023453467511866171,0.00026096266543189324,0.0,-0.00012464182140605533,0.0012583009042328305,-0.0010099588818848133,0.001170233964920044
2024-02-09,ETB,0.0,0.0004660033677852994,0.00026096266543189324,0.0,-0.0009166103154686668,-0.0015433613038087343,-0.002263574369251728,0.0006936320513486862
2024-02-09,Ecopetrol,-0.010741214325513485,-5.256669278021482e-05,0.0010135692338620259,0.0,0.00016223124156448503,-0.0008791553426038521,0.0003180054053664207,0.0062673394381999965
2024-02-09,Grupo Bolivar,0.00329416569247876,-0.000660161373356575,-0.0009857105302385162,0.0,-0.00015710271398592388,-0.00015715264310421442,-0.0006080974489450455,-0.0013907861411571504
2024-02-09,Mineros SA,0.0026211494357562116,-0.00011914941921756577,0.0004450704030788384,0.0,-0.00045604173371059393,-0.0004946198892576178,0.0001362884566187858,0.0016592663973569871
2024-02-09,Nutresa,-0.016890261410971087,-0.00023784921328872652,0.00026096266543189324,0.0,0.0007298208837242081,0.0007297707269782144,0.00045353556051850317,0.0001410975754261017
2024-02-09,Promigas,0.009718220616344541,-0.0004961143161572246,-0.0006760121945925542,0.0,-0.00021065554538350119,-0.004338186580050376,-0.0022452415600419046,-0.0010097180008888245
2024-02-12,Banco Davivienda PF,0.024441140021058867,-0.000361375506520437,0.0007440409607557986,0.0,-0.0007336975599006823,-0.0007337477323336916,-0.0004658995047211648,0.0030362397432327276
2024-02-12,Banco de Bogota,0.013414692213479558,0.001614436846609901,0.0009719369069711803,0.0,-0.0007615776816579375,-0.0007616281946253286,0.004671735107898712,0.005228496909141541
2024-02-12,Celsia,-0.025001337947739986,-0.0005417897220387196,-0.0007442979759546621,0.0,-0.00012464182140605533,0.00022229423501927148,-0.0004938942790031433,0.0006494007259607315
2024-02-12,ETB,0.0,0.00013133305417444816,-0.0007442979759546621,0.0,-0.0009166103154686668,-0.0016562669644332945,-0.0034314666986465458,-0.0005711840540170668
2024-02-12,Ecopetrol,-0.0021621859415376634,-0.00033801147315179627,0.0005599332231088534,0.0,0.00016223124156448503,-0.0008901794208490552,0.0007768549174070359,0.005203012347221375
2024-02-12,Grupo Bolivar,-0.042849781997318266,-0.0003275474993336503,-0.0007442979759546621,0.0,-0.00015710271398592388,-0.00015715264310421442,-0.00019089654088020328,-0.0022590416669845586
2024-02-12,Mineros SA,0.0,-0.0004192642666962665,-0.000560190238307717,0.0,-0.00045604173371059393,-0.0007158446606269267,-0.00046566053852438926,3.2799094915390044e-05
2024-02-12,Nutresa,0.0,-0.00024799274132007574,0.0005599332231088534,0.0,0.0007298208837242081,0.0007297707269782144,0.0035675004124641418,0.002331708893179894
2024-02-12,Promigas,-0.009718220616344534,-0.0004915610828841963,-0.0007442979759546621,0.0,-0.00021065554538350119,-0.0032019027690381708,-0.004732956528663635,-0.0029381238520145418
2024-02-13,Banco Davivienda PF,-0.029609115623004587,-0.000879746197295963,-0.0019262328004954633,0.0,-0.0007336975599006823,-0.0007337477323336916,-0.0017368599623441695,-0.0031396968364715574
2024-02-13,Banco de Bogota,-0.0006345585015288813,0.00030124120097819903,0.001657071594439711,0.0,-0.0007615776816579375,-0.0007616281946253286,-8.4337942302227e-05,-0.00111190065741539
2024-02-13,Celsia,-0.02240098069670613,-7.999709093700921e-05,0.0005076528002982059,0.0,-0.00012464182140605533,0.002388018427481658,0.002405123636126518,0.0034517834186553963
2024-02-13,ETB,0.0,-0.0004002762952324786,-0.0009892579404710165,0.0,-0.0009166103154686668,-0.0016480533188802072,-0.005233400642871857,-0.002089965373277664
2024-02-13,Ecopetrol,-0.015267490771724405,-0.000496854371824054,-0.0008051502028240708,0.0,0.00016223124156448503,-6.215198042154275e-05,0.0011064604129642247,0.002739802971482277
2024-02-13,Grupo Bolivar,0.0,0.0017394527066880324,0.0008674040557050426,0.0,-0.00015710271398592388,-0.00015715264310421442,0.002954562649130821,0.004708798289299011
2024-02-13,Mineros SA,0.0,-0.0005901121196292936,-0.0008051502028240708,0.0,-0.00045604173371059393,-0.0004946198892576178,-0.00038280239701271053,-0.0010885417461395264
2024-02-13,Nutresa,0.01595896153620829,-0.0005392963374424415,-0.0009892579404710165,0.0,0.0007298208837242081,0.0007297707269782144,0.004081092625856399,0.00015477393567562103
2024-02-13,Promigas,-0.013766177500081309,-0.000527349025515988,0.00031497325859249987,0.0,-0.00021065554538350119,0.001172585066158527,-0.0012593035846948624,-0.0015476725101470946
2024-02-14,Banco Davivienda PF,-0.015666133418708796,0.0005506516030378876,0.0010515117933519872,0.0,-0.0007336975599006823,-0.0007337477323336916,0.0008385398983955384,0.002194666266441345
2024-02-14,Banco de Bogota,0.0,-0.0009906966484126841,-0.0011506224430034788,0.0,-0.0007615776816579375,-0.0007616281946253286,0.0018158941268920897,-0.0017621358931064605
2024-02-14,Celsia,-0.0016192056932626375,0.00022808337738543892,0.0014475039955760736,0.0,-0.00012464182140605533,-8.013508536178711e-05,0.00156163077801466,0.004338141322135926
2024-02-14,ETB,0.0,-0.0009313561959537758,-0.0009892579404710165,0.0,-0.0009166103154686668,-0.0016567002367073658,-0.004018100380897522,-0.002638465702533722
2024-02-14,Ecopetrol,0.0,-0.0001798169079860533,0.000698359530792724,0.0,0.00016223124156448503,-0.001327044871419633,-1.4958564192056672e-05,0.003532566159963608
2024-02-14,Grupo Bolivar,0.0,0.00034487319298019784,0.0013445444184287606,0.0,-0.00015710271398592388,-0.00015715264310421442,0.00237879878282547,0.0009686236977577209
2024-02-14,Mineros SA,-0.015831408782162826,-0.0006903021165059738,-0.0008051502028240708,0.0,-0.00045604173371059393,-0.0004946198892576178,-0.0010857590213418007,-0.002105935662984848
2024-02-14,Nutresa,-0.0008561937224228002,-0.0006298149980350871,-0.0009892579404710165,0.0,0.0007298208837242081,0.0007297707269782144,-0.0009487087652087212,-0.002590515196323395
2024-02-14,Promigas,0.0,-0.0005137173892053846,0.00031497325859249987,0.0,-0.00021065554538350119,0.002963494237759573,-0.00019834666326642037,0.00020823870599269868
2024-02-15,Banco Davivienda PF,0.0,0.00025810306044644546,0.000825975498971224,0.0,-0.0007336975599006823,-0.0007337477323336916,0.0013535677939653396,0.002619990974664688
2024-02-15,Banco de Bogota,0.0,-0.0005485071770561284,-0.0012339991577232153,0.0,-0.0007615776816579375,-0.0007616281946253286,0.0012194746658205986,-0.0019244001507759095
2024-02-15,Celsia,0.016077481613214425,-0.0003900944546829189,-0.0010347206231699363,0.0,-0.00012464182140605533,-0.0021653319006060784,0.0013332573771476747,0.002206863611936569
2024-02-15,ETB,0.0,-0.0002281682080717975,-0.0012339991577232153,0.0,-0.0009166103154686668,-0.0016753343730748565,-0.0031632196605205533,-0.0019103214144706726
2024-02-15,Ecopetrol,0.00875274033973896,-0.00042140686772579224,-0.0010347206231699363,0.0,0.00016223124156448503,0.0001465370704555769,0.0008359204363077878,0.002669455274939537
2024-02-15,Grupo Bolivar,0.0,-0.0007546112130320136,-0.0013953636602556771,0.0,-0.00015710271398592388,-0.00015715264310421442,0.0004433891624212265,-0.0002626982182264328
2024-02-15,Mineros SA,0.05182505081129352,-0.000515328537610152,7.023204134030107e-05,0.0,-0.00045604173371059393,0.0008415495562961848,0.0016598878800868986,0.001263247013092041
2024-02-15,Nutresa,0.0,-0.0007324642535532635,-0.0012339991577232153,0.0,0.0007298208837242081,0.0007297707269782144,-0.0001936991773545742,-0.002046120434999466
2024-02-15,Promigas,0.0,-0.0007310212450357023,-0.0012339991577232153,0.0,-0.00021065554538350119,0.0004171293048265852,-0.0003456094786524772,-0.0011605568677186967
2024-02-16,Banco Davivienda PF,0.0,-0.0005651683361404619,-0.0003066463297750583,0.0,-0.0007336975599006823,-0.0007337477323336916,-0.0011700145602226257,0.0008820444643497467
2024-02-16,Banco de Bogota,0.0,-0.0002501346335612336,-0.0001452818272425964,0.0,-0.0007615776816579375,-0.0007616281946253286,-0.002332103818655014,-0.0012488037645816802
2024-02-16,Celsia,0.020521635029931467,-0.00027027715733093525,-0.0001452818272425964,0.0,-0.00012464182140605533,-0.002098637676357445,-0.0008566561229526995,-0.0010001355111598968
2024-02-16,ETB,0.0,-0.0004897046181700728,-0.00034456036179587537,0.0,-0.0009166103154686668,-0.0016797942564627589,-0.0038191500008106236,-0.0007857907712459564
2024-02-16,Ecopetrol,0.0043478078815640964,-0.0004819616254574929,-0.00034456036179587537,0.0,0.00016223124156448503,0.0009913307762064304,-0.00015664778649806982,0.0009710140973329545
2024-02-16,Grupo Bolivar,0.0,9.794681111275398e-05,-0.0001452818272425964,0.0,-0.00015710271398592388,-0.00015715264310421442,0.0021214834749698637,-0.0004623723775148391
2024-02-16,Mineros SA,0.02493888031501572,-0.0008488415045941383,-0.0007759292467854216,0.0,-0.00045604173371059393,-0.0048686494125394645,-0.001996407151222229,-0.0049419676661491396
2024-02-16,Nutresa,0.0,-0.0006215789244858193,-0.00034456036179587537,0.0,0.0007298208837242081,0.0007297707269782144,5.7961028069257716e-05,-0.001170796871185303
2024-02-16,Promigas,0.005922862858806293,-0.0005457665321679627,-0.00034456036179587537,0.0,-0.00021065554538350119,-0.00012431780047545327,0.0018604373186826707,-0.0008787895441055297
2024-02-19,Banco Davivienda PF,0.031090619908211454,-0.00013113862318253158,3.765044347672958e-05,0.0,-0.0007336975599006823,-0.0007337477323336916,0.00015307777374982834,0.0012297481447458268
2024-02-19,Banco de Bogota,-0.04879031310751461,-0.0004705456722866582,-0.0003457358287234946,0.0,-0.0007615776816579375,-0.0007616281946253286,0.00040399420261383063,0.0002759121954441071
2024-02-19,Celsia,0.0,-0.0006581164160475169,-0.0010986029511009983,0.0,-0.00012464182140605533,-0.000843790971350806,0.0008497201502323151,-0.0014231368899345399
2024-02-19,ETB,0.0,0.0006247830218464488,-0.0003457358287234946,0.0,-0.0009166103154686668,-0.0016822953418852843,-7.47649893164636e-05,0.0014180592745542525
2024-02-19,Ecopetrol,-0.015300865093811547,-0.0004089464403835183,-0.0003457358287234946,0.0,0.00016223124156448503,0.0005661771591125248,0.00016977943852543827,0.002205065459012985
2024-02-19,Grupo Bolivar,0.0,0.00013183856839437175,3.765044347672958e-05,0.0,-0.00015710271398592388,-0.00015715264310421442,0.0019394928812980655,0.0009514502435922622
2024-02-19,Mineros SA,-0.007416541249910478,-0.0006880214265218496,-0.001282710688747943,0.0,-0.00045604173371059393,-0.0025994590947736535,0.0002270637601613999,-0.003616831660270691
2024-02-19,Nutresa,0.0,-0.00044499850262329525,-0.0003457358287234946,0.0,0.0007298208837242081,0.0007297707269782144,0.0010533855855464935,0.001107977509498596
2024-02-19,Promigas,0.003929404156553667,-0.0002962659099097292,-0.00016162809107654974,0.0,-0.00021065554538350119,-0.0014988583749916398,0.0004761420078575612,9.525640308856963e-05
2024-02-20,Banco Davivienda PF,0.015190181170493004,-0.0012493900802907718,-0.0022977400826742975,0.0,-0.0007336975599006823,-0.0007337477323336916,0.00037034720927476883,-0.004233135700225829
2024-02-20,Banco de Bogota,0.049424871609043505,0.0021295415211550774,0.0028458564663523997,0.0,-0.0007615776816579375,-0.0007616281946253286,0.0039464012384414675,0.007343917131423951
2024-02-20,Celsia,0.048790061033111155,-0.0005900191603798822,-0.0012351746246508349,0.0,-0.00012464182140605533,0.0019110602605197826,0.00024114541709423066,-0.001399838536977768
2024-02-20,ETB,0.0,8.93714681280094e-05,-0.0012351746246508349,0.0,-0.0009166103154686668,-0.0016856729660962673,-0.0029063338041305543,-6.088605523109436e-05
2024-02-20,Ecopetrol,0.004395658553983649,-0.0003568441081799074,0.0006690843261264753,0.0,0.00016223124156448503,-0.0013302660817079023,-0.00016023120656609538,0.0031550355404615406
2024-02-20,Grupo Bolivar,0.0033111762994926085,0.00042876157737483723,-0.0010510668870038894,0.0,-0.00015710271398592388,-0.00015715264310421442,0.00023683952540159227,-5.418673157691957e-05
2024-02-20,Mineros SA,0.007416541249910483,-0.0007866450369562231,-0.0007114130803933803,0.0,-0.00045604173371059393,0.00013133551030133139,0.000508791184052825,-0.001489554554224014
2024-02-20,Nutresa,0.0,-0.0005726954032429365,-0.0012351746246508349,0.0,0.0007298208837242081,0.0007297707269782144,0.005545317113399506,0.0003931905478239059
2024-02-20,Promigas,-0.019802567852324506,-0.0005806282961887497,-0.0012351746246508349,0.0,-0.00021065554538350119,-0.0013672545249905094,-0.0018752211034297945,-0.0010061300694942474
2024-02-21,Banco Davivienda PF,-0.01010110638446497,-3.698629663106351e-05,0.00034297451096385235,0.0,-0.0007336975599006823,-0.0007337477323336916,0.0010499147400259972,-0.0022757179737091064
2024-02-21,Banco de Bogota,0.0603261145967473,0.0009389119555363129,0.0018261532909167899,0.0,-0.0007615776816579375,-0.0007616281946253286,0.0005592409521341323,-0.001370996817946434
2024-02-21,Celsia,0.026433363971194078,-0.00027096689138017094,-0.0006116849907460387,0.0,-0.00012464182140605533,-0.005626426933950089,0.000674577683210373,-0.0031759414374828336
2024-02-21,ETB,0.0,0.0012390284814942775,0.00034297451096385235,0.0,-0.0009166103154686668,-0.0016873192209421266,0.001379477769136429,0.001002574235200882
2024-02-21,Ecopetrol,0.02169284196693078,4.823809142605776e-05,0.00034297451096385235,0.0,0.00016223124156448503,0.0005707955923467945,0.000165234487503767,0.0021168058961629865
2024-02-21,Grupo Bolivar,-0.008298851790790889,0.00040472363359312437,0.0005270822486107974,0.0,-0.00015710271398592388,-0.00015715264310421442,0.0008735656142234802,0.001117016166448593
2024-02-21,Mineros SA,0.026732979420429577,4.9183075396665893e-05,0.0008485804859987539,0.0,-0.00045604173371059393,-0.0011205752888165674,-0.00012356925383210184,0.00018182907998561855
2024-02-21,Nutresa,0.0,-5.457789438764424e-05,0.00034297451096385235,0.0,0.0007298208837242081,0.0007297707269782144,0.0020721746683120728,0.0014059968441724776
2024-02-21,Promigas,0.01980256785232442,0.00022396076949975676,0.001095581079393985,0.0,-0.00021065554538350119,0.003706984404330248,0.0031758476793766026,0.0031603413820266726
2024-02-22,Banco Davivienda PF,-0.015345585673585295,-0.0004044869175888708,0.00127968881704093,0.0,-0.0007336975599006823,-0.0007337477323336916,0.0006788491606712342,0.0001241343021392822
2024-02-22,Banco de Bogota,-0.014440928259913655,-0.002538549151317684,-0.006024572281265342,0.0,-0.0007615776816579375,-0.0007616281946253286,-0.002910892948508263,-0.004618866264820098
2024-02-22,Celsia,0.005780270516935661,-0.0004851042008568298,-0.0003812780384400776,0.0,-0.00012464182140605533,0.0017355218249790066,-0.00043419809639453884,-0.0034415953159332275
2024-02-22,ETB,0.0,9.684520329219503e-05,0.00034297451096385235,0.0,-0.0009166103154686668,-0.0016881590660608491,0.00022094839066267013,0.0009623640775680544
2024-02-22,Ecopetrol,0.00428270739036951,-0.0004287866460465085,-0.0003019866551000765,0.0,0.00016223124156448503,0.0022402786464861117,5.561634153127667e-05,1.712034642696381e-05
2024-02-22,Grupo Bolivar,-0.008368223825349675,0.0002156227971711756,0.0016011870544288868,0.0,-0.00015710271398592388,-0.00015715264310421442,0.00135402625054121,0.0020651849061250685
2024-02-22,Mineros SA,-0.01692905324664646,-0.00041857492046260165,0.00012432793659482408,0.0,-0.00045604173371059393,-0.002750880894307397,-0.001746604025363922,-0.0014629473835229873
2024-02-22,Nutresa,0.0,0.00029726789711085667,0.00034297451096385235,0.0,0.0007298208837242081,0.0007297707269782144,0.005656180918216705,0.0028030381798744204
2024-02-22,Promigas,-0.019802567852324506,-0.00046164369044381353,-0.00011787891745313164,0.0,-0.00021065554538350119,-0.0036355036501802673,-0.0001490931063890458,9.915250539779663e-05
2024-02-23,Banco Davivienda PF,0.03045923900259041,-4.085965085209142e-05,0.0011634978853754631,0.0,-0.0007336975599006823,-0.0007337477323336916,-0.0009061364829540253,0.0022698677778244017
2024-02-23,Banco de Bogota,-0.006688926358293332,-0.00033517304175215585,-0.001163735061849126,0.0,-0.0007615776816579375,-0.0007616281946253286,-0.0003936758935451508,-0.001701706141233444
2024-02-23,Celsia,0.03816713744084545,-0.00043040528357096876,-0.0005464642849634864,0.0,-0.00012464182140605533,0.0018459019540012329,-0.0006598133966326713,-0.002513630598783493
2024-02-23,ETB,0.0,0.0004990912454550856,-0.0005464642849634864,0.0,-0.0009166103154686668,-0.0016888852020254647,-0.002028633803129196,0.0005135967135429382
2024-02-23,Ecopetrol,-0.004282707390369553,-0.0001847824801199175,-0.0005464642849634864,0.0,0.00016223124156448503,0.000559893814346454,-8.417287096381185e-05,-0.00022300478816032407
2024-02-23,Grupo Bolivar,0.008368223825349798,8.468113262659137e-05,0.000979390147728518,0.0,-0.00015710271398592388,-0.00015715264310421442,0.0016038398742675782,0.0022929594069719316
2024-02-23,Mineros SA,0.03357650844918407,0.0002504031008669744,0.0014849961227634194,0.0,-0.00045604173371059393,0.0009341906481727809,0.00021327415108680732,0.001603244632482529
2024-02-23,Nutresa,0.0,0.0006597623039043428,-0.0005464642849634864,0.0,0.0007298208837242081,0.0007297707269782144,0.007745663464069366,0.0033869155645370476
2024-02-23,Promigas,0.0,0.00010538994140743718,0.0011634978853754631,0.0,-0.00021065554538350119,0.003224674540942652,0.007972228646278381,0.0028030669689178465
2024-02-26,Banco Davivienda PF,0.0,1.403464069807472e-06,0.0004495360041146432,0.0,-0.0007336975599006823,-0.0007337477323336916,-0.0004965733587741852,-0.0008894580602645874
2024-02-26,Banco de Bogota,-0.016088643592967335,-0.0014493008489605014,0.0004269113033840329,0.0,-0.0007615776816579375,-0.0007616281946253286,-0.00308849623799324,0.0006065881997346877
2024-02-26,Celsia,0.06054302131193031,-0.0002957392573162364,-0.00028647692322621957,0.0,-0.00012464182140605533,-0.003855113631093677,-0.0007523826956748963,-0.0029453838765621182
2024-02-26,ETB,-0.10956220251152628,0.0012719945654023589,0.0005888911951436701,0.0,-0.0009166103154686668,-0.001689335149460615,0.0011779736280441283,0.0009693810790777207
2024-02-26,Ecopetrol,0.00641713236197486,8.061461374714742e-06,0.0005888911951436701,0.0,0.00016223124156448503,-0.00026681967343530433,1.638872548937795e-05,0.0015279052555561066
2024-02-26,Grupo Bolivar,0.0,0.00023098172477023957,0.0005888911951436701,0.0,-0.00015710271398592388,-0.00015715264310421442,0.0003652736283838749,0.0010994392633438112
2024-02-26,Mineros SA,0.05951400724853095,-0.0002952883658305191,-0.00028647692322621957,0.0,-0.00045604173371059393,-0.003328474115087905,-0.00047393079102039346,-0.0015531133711338043
2024-02-26,Nutresa,0.0,0.0010382413434901414,0.0005888911951436701,0.0,0.0007298208837242081,0.0007297707269782144,0.00519098162651062,0.004023256957530976
2024-02-26,Promigas,0.0,0.00012046885783167834,0.0007729989327906149,0.0,-0.00021065554538350119,0.0004726654604229082,0.005096016943454742,0.0019219101667404177
2024-02-27,Banco Davivienda PF,0.0,-0.00020242048826992246,-0.0001854096027625406,0.0,-0.0007336975599006823,-0.0007337477323336916,-0.00020737129822373393,-0.0009735881835222244
2024-02-27,Banco de Bogota,-0.0031298526260197437,-0.0002751645368808978,0.0014488755444201694,0.0,-0.0007615776816579375,-0.0007616281946253286,0.00842950737476349,0.0021552209109067916
2024-02-27,Celsia,-0.03995196839962366,-0.00228021397347378,-0.006182542863653109,0.0,-0.00012464182140605533,-0.00316450841027139,-0.004416467308998108,-0.006634984850883485
2024-02-27,ETB,0.0,0.012869055332185604,0.016604163655350602,0.0,-0.0009166103154686668,0.03157461290008762,0.028319507837295532,0.016211519718170166
2024-02-27,Ecopetrol,0.006376284969637319,-0.00022464028012558553,-0.0001854096027625406,0.0,0.00016223124156448503,0.0007659034423509585,0.0006154585033655167,0.00020966929197311404
2024-02-27,Grupo Bolivar,-0.008368223825349675,-0.0002349103175201533,-0.0001854096027625406,0.0,-0.00015710271398592388,-0.00015715264310421442,0.0005904034823179246,0.00017685534060001373
2024-02-27,Mineros SA,0.043485204289878114,-0.0012638684911867126,-0.005644985927618198,0.0,-0.00045604173371059393,-0.005517596628860873,-0.002873826712369919,-0.005836754262447357
2024-02-27,Nutresa,0.0,0.00013151022865440557,-0.0001854096027625406,0.0,0.0007298208837242081,0.0007297707269782144,0.007208103120326996,0.004180425584316254
2024-02-27,Promigas,0.0,-0.00021145506048880002,-1.3018651155952837e-06,0.0,-0.00021065554538350119,-0.00011250885263049643,0.0026621691584587095,0.0008065240979194642
2024-02-28,Banco Davivienda PF,0.02955883192343222,-1.986103895883245e-05,0.0004450704030788384,0.0,-0.0007336975599006823,-0.0007337477323336916,0.0008865373991429806,-0.00010616312921047208
2024-02-28,Banco de Bogota,0.0,-0.00023792544533474092,0.00026096266543189324,0.0,-0.0007615776816579375,-0.0007616281946253286,0.001785287097096443,0.001576009288430214
2024-02-28,Celsia,-0.01643876796435218,0.0006125709311602487,0.001250530564755822,0.0,-0.00012464182140605533,0.010386870304736666,0.0017348793968558311,0.002382802486419678
2024-02-28,ETB,0.0,0.0006113242313370702,0.004898584719072687,0.0,-0.0009166103154686668,0.007960128272089147,0.01683497166633606,0.005741093158721923
2024-02-28,Ecopetrol,-0.0257525579801571,-0.00010205041041771438,0.00026096266543189324,0.0,0.00016223124156448503,0.0007619609490741478,6.479128822684289e-05,-0.00017277497053146362
2024-02-28,Grupo Bolivar,-0.00505483097269357,5.871433010566863e-05,0.0010135692338620259,0.0,-0.00015710271398592388,-0.00015715264310421442,0.0008586474638432266,0.001708296164870262
2024-02-28,Mineros SA,0.06785745639317162,-0.0003198030361331337,-0.00024969760289765357,0.0,-0.00045604173371059393,-0.004164767132961244,-0.001462908137589693,-0.006071300268173217
2024-02-28,Nutresa,0.0,0.0005561671202588882,0.00026096266543189324,0.0,0.0007298208837242081,0.0007297707269782144,0.003796699523925781,0.0039322758316993715
2024-02-28,Promigas,0.03922059655186972,-3.273611111874633e-05,0.0004450704030788384,0.0,-0.00021065554538350119,-0.00023693757602440794,0.0014281113669276236,0.0003973876386880874
2024-02-29,Banco Davivienda PF,-0.029558831923432203,-0.0006730012548976747,-0.00042757725309909344,0.0,-0.0007336975599006823,-0.0007337477323336916,0.001718193054199219,-0.003151900470256805
2024-02-29,Banco de Bogota,0.018018342978523002,-0.0003433479684192991,0.0005422530455171314,0.0,-0.0007615776816579375,-0.0007616281946253286,-0.0029880183339118954,0.00039574578404426574
2024-02-29,Celsia,0.03528174246295349,-0.0014310634354670717,0.001284135872851552,0.0,-0.00012464182140605533,-0.002235859328222064,-0.002729977071285248,0.002783360481262207
2024-02-29,ETB,0.0,0.002733164722722771,0.003466875352562061,0.0,-0.0009166103154686668,0.016605544211083054,0.01582476615905762,0.005377922654151916
2024-02-29,Ecopetrol,-0.004357351945483046,-1.2771670664315502e-05,0.0008487969249840919,0.0,0.00016223124156448503,-0.002339038651452502,-0.0011793633848428725,0.003079863503575325
2024-02-29,Grupo Bolivar,0.01675105896725617,-7.303509025017643e-05,0.0008485804859987539,0.0,-0.00015710271398592388,-0.00015715264310421442,0.000375100065022707,0.0011687637716531751
2024-02-29,Mineros SA,-0.08936370678539783,-0.004348510626367041,-0.008063485456594834,0.0,-0.00045604173371059393,-0.006221782969508053,-0.003610029071569443,-0.007750407934188843
2024-02-29,Nutresa,0.0,0.00039386343297848623,0.00034297451096385235,0.0,0.0007298208837242081,0.0007297707269782144,0.01011198717355728,0.005505388617515565
2024-02-29,Promigas,-0.023347432856098912,-0.0007266208498403903,-0.0006116849907460387,0.0,-0.00021065554538350119,-0.008603079352407278,-0.003494956001639366,-0.0034610928893089297
2024-03-01,Banco Davivienda PF,-0.0010005217556471975,0.0005092936123876298,0.00131506006680363,0.0,-0.0007336975599006823,-0.0007337477323336916,0.00229050761833787,0.0022872238159179687
2024-03-01,Banco de Bogota,0.0,2.4374921836649465e-05,-0.0011794232510841292,0.0,-0.0007615776816579375,-0.0007616281946253286,4.103183746338008e-07,-0.0015623384714126588
2024-03-01,Celsia,-0.005347521299346861,-0.0011336782876999836,-0.001420079136956592,0.0,-0.00012464182140605533,-0.0057344423760774385,-0.0034903561025857927,-0.0018953297287225724
2024-03-01,ETB,0.0,0.0018778751830067697,-0.0021985061244875854,0.0,-0.0009166103154686668,0.008531728089130115,0.009840095400810243,0.004184116378426551
2024-03-01,Ecopetrol,-0.022075823312324796,-0.00011862467308361396,7.68909153633968e-06,0.0,0.00016223124156448503,-0.00027402418857922455,-3.595465794205665e-05,0.002596568539738655
2024-03-01,Grupo Bolivar,0.0033165926986489292,-0.0003274021228964944,-0.0005639466284476386,0.0,-0.00015710271398592388,-0.00015715264310421442,-0.0004123114794492721,-0.001386487402021885
2024-03-01,Mineros SA,0.09531006400162394,0.009631395744058205,0.01090241369380631,0.0,-0.00045604173371059393,0.007047668746647654,0.004677893709391355,0.009035170197486878
2024-03-01,Nutresa,0.0,0.0004584847365363392,-0.0007480543660945836,0.0,0.0007298208837242081,0.0007297707269782144,0.008489244759082793,0.005785151302814484
2024-03-01,Promigas,0.003929404156553667,4.420603179269741e-05,0.0009704796083031271,0.0,-0.00021065554538350119,0.0029221560058353834,0.0008683752864599228,0.0010858123004436494
2024-03-04,Banco Davivienda PF,-0.009049824391573076,3.619148762375966e-05,0.0008994394340414958,0.0,-0.0007336975599006823,-0.0007337477323336916,0.00012357419356703758,0.0013389633595943453
2024-03-04,Banco de Bogota,-0.003701101832036044,0.00021299210136634805,0.0008485804859987539,0.0,-0.0007615776816579375,-0.0007616281946253286,-8.005106449127198e-05,-0.00022345346212387083
2024-03-04,Celsia,0.02384213993192674,-0.00021046127680650602,0.00034297451096385235,0.0,-0.00012464182140605533,0.003978571472823848,-0.0018453373350203039,0.0006112541705369949
2024-03-04,ETB,0.0,0.0025375130320131195,0.0013252252457343298,0.0,-0.0009166103154686668,0.0027037291695106986,0.004921636223793029,0.0037861122339963916
2024-03-04,Ecopetrol,-0.055059910317794676,0.0002725510045911386,0.0017077209465093171,0.0,0.00016223124156448503,-0.001984168955273063,0.000439183808863163,0.005005187392234802
2024-03-04,Grupo Bolivar,-0.02006765166590505,9.41722266012512e-05,0.0010326882236456982,0.0,-0.00015710271398592388,-0.00015715264310421442,-0.0001379112061113119,-0.0002525622248649597
2024-03-04,Mineros SA,0.0,-0.008739727935545654,-0.006981128768907011,0.0,-0.00045604173371059393,-0.008538780527458836,-0.011761138558387755,-0.004175240308046341
2024-03-04,Nutresa,0.0,0.0006869063589866825,0.00034297451096385235,0.0,0.0007298208837242081,0.0007297707269782144,0.00873750001192093,0.005629207015037536
2024-03-04,Promigas,0.0,-8.982491830991728e-05,0.00034297451096385235,0.0,-0.00021065554538350119,-0.00042719074699923746,0.00013923487067222593,0.0004510652273893356
2024-03-05,Banco Davivienda PF,0.01005034614722031,-0.000777712819294785,0.00015360875606003772,0.0,-0.0007336975599006823,-0.0007337477323336916,-0.0007630739063024521,0.0013384210318326951
2024-03-05,Banco de Bogota,0.008615257787948336,-0.0006619860530402126,-0.0009892579404710165,0.0,-0.0007615776816579375,-0.0007616281946253286,-0.000579219676554203,-0.0008194684535264968
2024-03-05,Celsia,0.007822781854917285,-0.001139532566832057,-0.0019262328004954633,0.0,-0.00012464182140605533,-0.0033440683023143814,-0.002399443097412586,-0.003292265862226486
2024-03-05,ETB,0.0,2.6433110854629078e-05,-0.0006745951149077926,0.0,-0.0009166103154686668,0.002190660179628443,-0.0024245575070381163,0.00010127864778041836
2024-03-05,Ecopetrol,-0.011862427435705297,0.0047581297901434175,0.006270426915485586,0.0,0.00016223124156448503,-0.0051677146804499745,-0.0013135490119457246,0.010920771241188048
2024-03-05,Grupo Bolivar,0.0,-0.00037526613715214107,0.0004990809962394449,0.0,-0.00015710271398592388,-0.00015715264310421442,0.001879886969923973,0.0020224558860063553
2024-03-05,Mineros SA,0.0,-0.003913187111708269,-0.0010689162458708632,0.0,-0.00045604173371059393,-0.0004946198892576178,-0.007738003194332123,-0.0038048431277275087
2024-03-05,Nutresa,0.0,0.0005209025715671927,-0.0009892579404710165,0.0,0.0007298208837242081,0.0007297707269782144,0.009883782804012298,0.005006935119628906
2024-03-05,Promigas,0.0,-0.000526188186844398,-0.0009892579404710165,0.0,-0.00021065554538350119,-0.0003038500592247885,-0.001755873620510101,-0.0005616879910230637
2024-03-06,Banco Davivienda PF,0.0009995217123454135,3.203873859583975e-05,0.00034297451096385235,0.0,-0.0007336975599006823,-0.0007337477323336916,7.539519667625425e-05,-0.001129227191209793
2024-03-06,Banco de Bogota,-0.0024540253310597776,-2.4668234241178075e-05,0.00034297451096385235,0.0,-0.0007615776816579375,-0.0007616281946253286,-5.970195680856704e-05,-0.001481033205986023
2024-03-06,Celsia,0.0038884180426364857,-0.00019586103632956986,0.00034297451096385235,0.0,-0.00012464182140605533,0.001358489726505892,-0.00112526036798954,-0.002267435625195504
2024-03-06,ETB,0.0,0.0007396582708522405,0.0006576373365270757,0.0,-0.0009166103154686668,0.0009164220399406996,7.161256670951848e-05,-0.00022159355878829953
2024-03-06,Ecopetrol,-0.004784827973735205,0.0027298325729262205,0.0042558519744212145,0.0,0.00016223124156448503,-0.0009983962468406774,-0.0009130866155028343,0.005841246366500854
2024-03-06,Grupo Bolivar,-0.003383858819078571,7.41363248836412e-05,0.0005270822486107974,0.0,-0.00015710271398592388,-0.00015715264310421442,0.0007309926114976407,0.0007355306148529053
2024-03-06,Mineros SA,0.005911590698974952,-0.0049210113398372906,-0.008473942400113718,0.0,-0.00045604173371059393,-0.0004946198892576178,-0.000285030946135521,-0.0017608572244644165
2024-03-06,Nutresa,0.0,0.0011556257397164354,0.00034297451096385235,0.0,0.0007298208837242081,0.0007297707269782144,0.0036547912955284118,0.0031969333738088605
2024-03-06,Promigas,0.03657775368118224,-4.0705828019759906e-05,0.00034297451096385235,0.0,-0.00021065554538350119,-0.00027762347343666434,0.0003466844037175179,-0.0005279992520809174
2024-03-07,Banco Davivienda PF,0.01978305839300752,-0.00046502946083596617,-0.0002284691397021749,0.0,-0.0007336975599006823,-0.0007337477323336916,-0.00012805072218179697,-0.0020622136294841764
2024-03-07,Banco de Bogota,-0.005543589815708751,-0.0008099075665463467,-0.00042774767425545374,0.0,-0.0007615776816579375,-0.0007616281946253286,-0.0032058223485946654,-0.0020337944626808166
2024-03-07,Celsia,0.009014960021100927,-0.0013713672743853429,-0.00042774767425545374,0.0,-0.00012464182140605533,0.00021259420836681242,-0.0035768176615238187,-0.00298366916179657
2024-03-07,ETB,0.0,-0.0002975222823502291,-0.00011308484869223082,0.0,-0.0009166103154686668,-0.0002929550148475606,-0.0023961187526583675,-0.0015585509836673736
2024-03-07,Ecopetrol,0.0023952364181219392,0.0007243649871772865,-7.517081667141349e-05,0.0,0.00016223124156448503,-0.00031528315937117286,-0.001618984863162041,0.0037546371817588804
2024-03-07,Grupo Bolivar,-0.017094454403557037,-0.0007642049259184661,-0.0002436399366085088,0.0,-0.00015710271398592388,-0.00015715264310421442,-0.0014813616573810576,-0.00029849454760551454
2024-03-07,Mineros SA,0.04794764150143152,-0.00414703767617878,-0.002224066054298271,0.0,-0.00045604173371059393,-0.0009935576006942664,-0.016887703895568852,-0.0030576919317245486
2024-03-07,Nutresa,0.0,0.00013743350900757574,-0.0002689760264275887,0.0,0.0007298208837242081,0.0007297707269782144,0.013384721517562865,0.00300777693092823
2024-03-07,Promigas,-0.032663843196460964,-0.001218450871739324,-0.0016744208699258644,0.0,-0.00021065554538350119,-0.008049768889127165,-0.006940130829811096,-0.005313723206520081
2024-03-08,Banco Davivienda PF,0.03465212389037823,-0.0005223094127549285,-0.0006760121945925542,0.0,-0.0007336975599006823,-0.0007337477323336916,0.000419108085334301,-0.0029039428234100342
2024-03-08,Banco de Bogota,-0.01180503116164681,-0.00013565281762623827,0.00026096266543189324,0.0,-0.0007615776816579375,-0.0007616281946253286,-8.555384725332263e-05,9.007880091667173e-05
2024-03-08,Celsia,0.006389749652489214,-0.0004039666910049958,0.00026096266543189324,0.0,-0.00012464182140605533,-0.0007558248735628771,-0.0013634378165006639,-0.0018157033920288084
2024-03-08,ETB,0.0,0.0007819213916877795,0.0005756254909951167,0.0,-0.0009166103154686668,-0.0007275016129661098,0.0002559359222650528,-0.0006486412584781647
2024-03-08,Ecopetrol,-0.016888240262339944,0.0013537318185532648,0.0007749040255483957,0.0,0.00016223124156448503,0.0003777195997290297,0.00044901976734399796,0.0016911619305610658
2024-03-08,Grupo Bolivar,0.0,0.00015302191702031172,0.0013969555060622501,0.0,-0.00015710271398592388,-0.00015715264310421442,0.0008674890212714674,0.0026740077733993528
2024-03-08,Mineros SA,0.011173397120450417,-0.002388995843470136,-0.001870522185832881,0.0,-0.00045604173371059393,-0.004541396423305763,-0.010959478974342346,-0.005688950061798095
2024-03-08,Nutresa,0.0,0.0018603685200349743,0.00041973431325975825,0.0,0.0007298208837242081,0.0007297707269782144,0.012964071512222291,0.002980491116642952
2024-03-08,Promigas,0.005842235604401736,0.0005157812686797189,0.001250530564755822,0.0,-0.00021065554538350119,0.005020807181146709,0.005849850714206696,0.001956008419394493
2024-03-11,Banco Davivienda PF,-0.016213951647136647,-0.000675554692831138,-0.0009857105302385162,0.0,-0.0007336975599006823,-0.0007337477323336916,0.0006842250227928161,-0.004818548500537873
2024-03-11,Banco de Bogota,0.0,-3.744581961399592e-05,0.0010135692338620259,0.0,-0.0007615776816579375,-0.0007616281946253286,0.0003846057876944542,0.0013361185789108275
2024-03-11,Celsia,-0.006389749652489202,-0.0004888526279086375,0.00026096266543189324,0.0,-0.00012464182140605533,4.8853580192170825e-05,-0.001869489446282387,-0.001361085057258606
2024-03-11,ETB,0.0,0.00010000353456654625,0.0005756254909951167,0.0,-0.0009166103154686668,-0.0010347665539935636,-0.0005134020447731017,-0.0007035795003175736
2024-03-11,Ecopetrol,0.002430160911222468,0.0006511677622040796,0.0015275105939785282,0.0,0.00016223124156448503,-0.001483475762217856,-1.0140880942344677e-05,0.003117719531059265
2024-03-11,Grupo Bolivar,-0.04989810086705303,0.00016029066614348935,0.0006443489376321177,0.0,-0.00015710271398592388,-0.00015715264310421442,0.001130546435713768,0.0010391474664211274
2024-03-11,Mineros SA,0.0,-0.001547677588633631,-0.0006238489901624713,0.0,-0.00045604173371059393,-0.0014376535788560914,-0.004663627743721008,-0.0040821685194969174
2024-03-11,Nutresa,0.0031031631047176386,0.0015806923694107252,0.00041973431325975825,0.0,0.0007298208837242081,0.0007297707269782144,0.009896372914314269,0.0022619483917951586
2024-03-11,Promigas,0.0,-0.00012924618705565527,0.0012054668460206527,0.0,-0.00021065554538350119,-0.00038767891103191345,0.00042157495394349096,7.77735710144043e-05
2024-03-12,Banco Davivienda PF,-0.019418105070490157,-0.0002133591270459811,0.0008973783021965591,0.0,-0.0007336975599006823,-0.0007337477323336916,-1.537983119487762e-05,-0.001996465623378754
2024-03-12,Banco de Bogota,-0.022117729577807273,-0.00029709549002952665,-0.0006284761304954454,0.0,-0.0007615776816579375,-0.0007616281946253286,0.00075951337069273,-0.0008154234737157821
2024-03-12,Celsia,0.0,-0.0006392591595822122,-0.00011779670045904459,0.0,-0.00012464182140605533,0.0012293007850145388,-0.001529142081737518,-0.0010229072719812392
2024-03-12,ETB,0.0,0.00023806207994711776,-0.0003138133049322222,0.0,-0.0009166103154686668,-0.001297388803750758,-0.0024280937686562538,-0.001615695297718048
2024-03-12,Ecopetrol,0.007255248301477901,-0.00011590134621307945,-0.00011453477037894293,0.0,0.00016223124156448503,0.00038109042884113215,0.0007472685128450394,-9.396390616893766e-05
2024-03-12,Grupo Bolivar,0.0,0.0029683047262858897,0.006852831959089646,0.0,-0.00015710271398592388,-0.00015715264310421442,0.006910293936729431,0.00772323489189148
2024-03-12,Mineros SA,-0.057158344690523784,-0.0017749321305661385,-0.0015132877860898105,0.0,-0.00045604173371059393,-0.0004946198892576178,-0.0050352196693420415,-0.0039005975723266605
2024-03-12,Nutresa,-0.009898949385522481,0.0009420473883704928,3.590149236732133e-05,0.0,0.0007298208837242081,0.0007297707269782144,0.004706477820873261,0.0020471317321062088
2024-03-12,Promigas,0.0,-0.0006672947467362086,-0.0007898406330279074,0.0,-0.00021065554538350119,-0.0002954484476046368,-0.001114186018705368,-0.0011733874380588532
2024-03-13,Banco Davivienda PF,0.0009799328272486428,-0.0009461074871058248,-0.00047982362991397953,0.0,-0.0007336975599006823,-0.0007337477323336916,-0.0007953693270683288,0.0007196266949176789
2024-03-13,Banco de Bogota,-0.014157281311288338,-0.00041580827131148314,0.0004428039493051788,0.0,-0.0007615776816579375,-0.0007616281946253286,0.0005441882088780404,0.0017277701348066329
2024-03-13,Celsia,-0.005141388874350883,-0.001541536195691413,-0.0020056780626059854,0.0,-0.00012464182140605533,-0.000759200893274644,-0.001722252205014229,-0.001671590656042099
2024-03-13,ETB,0.0,-0.0010000889812081532,-0.001875122974689707,0.0,-0.0009166103154686668,-0.0014373475897819254,-0.0033232649862766266,-0.0027876980304718016
2024-03-13,Ecopetrol,0.002406765589190301,-0.0010084926128878613,-0.001875122974689707,0.0,0.00016223124156448503,0.0008467964019155226,0.00111822572350502,-0.0025003143548965453
2024-03-13,Grupo Bolivar,-0.01983919953334341,0.00164560816677787,0.0008399300068580218,0.0,-0.00015710271398592388,-0.00015715264310421442,0.004756696999073029,0.0019367105960845948
2024-03-13,Mineros SA,0.0,0.002258393190598715,0.0001391237098469891,0.0,-0.00045604173371059393,0.004329539147047456,0.0027423810213804247,0.006278241634368896
2024-03-13,Nutresa,-0.009561089160020261,0.00046135770318751784,0.00018455399294878733,0.0,0.0007298208837242081,0.0007297707269782144,0.0036676234900951386,0.0039585744738578794
2024-03-13,Promigas,0.011583062432615823,-0.0009635615107821449,-0.0020056780626059854,0.0,-0.00021065554538350119,-0.0002758369941175499,-0.0004529853761196137,-0.0022134950459003445
2024-03-14,Banco Davivienda PF,-0.0019608268648419603,-0.0009791026330876695,-0.0014799158419030334,0.0,-0.0007336975599006823,-0.0007337477323336916,-0.001160669669508934,-0.0018362061977386477
2024-03-14,Banco de Bogota,-0.03160247034927725,-0.00035817384830502723,0.00024521712534225187,0.0,-0.0007615776816579375,-0.0007616281946253286,-0.0003869711644947529,0.0015108516216278077
2024-03-14,Celsia,-0.011665730646856257,-0.0013429481494896464,-0.0014799158419030334,0.0,-0.00012464182140605533,0.00045452597100322607,-0.0024310444891452792,-0.0018754558861255647
2024-03-14,ETB,0.0,-0.0009919566342778646,-0.0013493607539867554,0.0,-0.0009166103154686668,-0.0015222384113245968,-0.004947376549243927,-0.00399051809310913
2024-03-14,Ecopetrol,0.019048084451767817,-0.0008328910883559396,-0.0014799158419030334,0.0,0.00016223124156448503,0.0003788323679333893,0.00016886113584041592,-0.0043277135491371155
2024-03-14,Grupo Bolivar,-0.03588673021159159,0.0004132859510342097,0.00021440771072606785,0.0,-0.00015710271398592388,-0.00015715264310421442,0.00305464705824852,0.0031141341328620913
2024-03-14,Mineros SA,0.05530469970741472,-0.0007379078398231697,0.0008426878459461633,0.0,-0.00045604173371059393,-0.0004946198892576178,-0.0020082839727401736,0.0014782340079545974
2024-03-14,Nutresa,0.0073961117915881825,0.0007819217034194406,0.0007103162136517393,0.0,0.0007298208837242081,0.0007297707269782144,0.004332381963729859,0.004784161031246186
2024-03-14,Promigas,0.0019177193408651796,-0.0008459266233475981,-0.0014799158419030334,0.0,-0.00021065554538350119,-0.0027346350159469083,-0.003782752633094788,-0.0048954998254776
2024-03-15,Banco Davivienda PF,-0.06486573976130888,-0.0006443390487801875,-0.0005904770459756934,0.0,-0.0007336975599006823,-0.0007337477323336916,-0.00021053202264010906,-0.00041249945759773264
2024-03-15,Banco de Bogota,-0.08367240429630823,0.000262888161650763,0.0007506343727763842,0.0,-0.0007615776816579375,-0.0007616281946253286,0.00046123418211936953,0.006021043896675109
2024-03-15,Celsia,-0.09140638794132225,-0.0008016074705269855,0.00016212952245443972,0.0,-0.00012464182140605533,0.0006800172138371222,-0.001214530009776354,0.0011034308075904846
2024-03-15,ETB,0.0,-0.0002630422553925647,-0.00045992195805941524,0.0,-0.0009166103154686668,-0.0015845966951628394,-0.0005530824065208435,-0.0020818754136562347
2024-03-15,Ecopetrol,0.04157649080264051,-0.0008842324891284322,-0.0015274519060001423,0.0,0.00016223124156448503,0.001985012933655246,0.0029817376434803007,-0.004513551115989685
2024-03-15,Grupo Bolivar,-0.019418129825509837,0.002929758500556728,0.0008181333638980343,0.0,-0.00015710271398592388,-0.00015715264310421442,0.005278915703296661,0.0077647829055786126
2024-03-15,Mineros SA,-0.024414448593007017,-0.0029814998642873707,-0.005309399829984346,0.0,-0.00045604173371059393,-0.005162331459426576,-0.013685631513595581,-0.00629464590549469
2024-03-15,Nutresa,-0.00347372533769715,0.000904246742742507,7.39005768870733e-05,0.0,0.0007298208837242081,0.0007297707269782144,0.002712020337581635,0.0037129812836647026
2024-03-15,Promigas,-0.01156085486827671,-0.0006457393268663204,-0.0005904770459756934,0.0,-0.00021065554538350119,-0.0012022690471605152,-0.0021564345955848692,-0.0023954670429229734
2024-03-18,Banco Davivienda PF,0.07073662396673396,0.013404258663991232,0.018150633912102736,0.0,-0.0007336975599006823,-0.0007337477323336916,0.0033099671900272375,0.009499792098999022
2024-03-18,Banco de Bogota,0.0,0.014299224001220016,0.02370955433696818,0.0,-0.0007615776816579375,-0.0007616281946253286,0.006674374699592591,0.016546841859817505
2024-03-18,Celsia,0.060960647835597195,0.014354251347113389,0.02005448687047942,0.0,-0.00012464182140605533,0.009023672591034126,0.011333536982536318,0.015517832040786744
2024-03-18,ETB,0.0,0.002573906646463591,0.00510545247638217,0.0,-0.0009166103154686668,-0.001622983984375519,-0.007091594427824021,-0.004291916429996491
2024-03-18,Ecopetrol,-0.05105518002400013,0.0022474044383434784,0.004822264830972095,0.0,0.00016223124156448503,0.004159401199168718,-0.0008116923086345197,-0.010658147335052489
2024-03-18,Grupo Bolivar,0.06490605147535218,0.005046472121079689,0.010639080563606355,0.0,-0.00015710271398592388,-0.00015715264310421442,0.002873999640345573,0.00563166093826294
2024-03-18,Mineros SA,-0.015325665814086507,0.00238088280130493,0.0012911021061647453,0.0,-0.00045604173371059393,0.0015659573271411447,-0.005922990202903747,-0.00281933730840683
2024-03-18,Nutresa,0.0047732568904537125,0.0038705678379500645,0.005480503363500792,0.0,0.0007298208837242081,0.0007297707269782144,0.004044135689735412,0.002811906650662422
2024-03-18,Promigas,0.02865517086139271,0.002691633144136475,0.006279128587529406,0.0,-0.00021065554538350119,0.0019895869205697903,-0.003237622737884521,-0.0021502730250358582
2024-03-19,Banco Davivienda PF,0.004866194477496141,-0.003876385383736267,-0.010659310987956739,0.0,-0.0007336975599006823,-0.0007337477323336916,-0.001485484194010496,-0.0030774888396263122
2024-03-19,Banco de Bogota,0.0,0.00046906771676536656,0.0018412314363556136,0.0,-0.0007615776816579375,-0.0007616281946253286,-0.0010568200945854187,0.007338065862655641
2024-03-19,Celsia,0.02652669970827754,-0.004764863305081049,-0.010997589389438369,0.0,-0.00012464182140605533,-0.016068429196185036,-0.004742514789104461,-0.0009568556398153307
2024-03-19,ETB,0.0,-0.00036850151857326617,0.0021171085297906015,0.0,-0.0009166103154686668,-0.0016463942422420058,0.0025513857156038286,-0.0009195605516433714
2024-03-19,Ecopetrol,0.009478689221359632,0.0020825063084587924,0.00488779905668473,0.0,0.00016223124156448503,-0.004781187625595254,0.0021623037159442904,0.0038830426633358005
2024-03-19,Grupo Bolivar,0.0435087213849505,-0.0013839223576587053,0.005078592756013723,0.0,-0.00015710271398592388,-0.00015715264310421442,-0.001370698235929012,-0.002727772116661072
2024-03-19,Mineros SA,-0.003868541083857478,-0.0012189895823995853,0.0032863623485279423,0.0,-0.00045604173371059393,0.0007988648962924179,-0.0018371045291423796,0.0016040966957807541
2024-03-19,Nutresa,-0.0008661091749216997,0.000978658511814113,0.0024921594169092253,0.0,0.0007298208837242081,0.0007297707269782144,0.001425274319946766,0.003766933977603912
2024-03-19,Promigas,0.0,-0.0009602070593493613,0.0013415922758103947,0.0,-0.00021065554538350119,-0.005883059016602627,-0.0020873290002346037,-0.002914886236190796
2024-03-20,Banco Davivienda PF,-0.028559310211086788,-0.00022847912106372886,0.002041830962284051,0.0,-0.0007336975599006823,-0.0007337477323336916,8.275024592876434e-05,-0.0002597858905792236
2024-03-20,Banco de Bogota,-0.025037965153965024,0.0024472106500560867,0.002425217234484276,0.0,-0.0007615776816579375,-0.0007616281946253286,-0.0007490908838808536,0.004507525086402893
2024-03-20,Celsia,-0.0026212281463947255,-0.001275616636140071,-0.0005535169502887772,0.0,-0.00012464182140605533,0.002932614887992366,-0.003004836723208427,-0.0013304754048585892
2024-03-20,ETB,0.0,0.0003765226217906722,0.00021484368101954633,0.0,-0.0009166103154686668,-0.0016621675028139953,0.0019082157313823698,0.000870352104306221
2024-03-20,Ecopetrol,0.0023558163889653926,0.0008544613173743951,0.0027306181280139937,0.0,0.00016223124156448503,0.0010613976377932676,0.0014496299028396605,0.002013142377138138
2024-03-20,Grupo Bolivar,-0.0021134857178453474,4.103113761873169e-05,-0.0003470802918862775,0.0,-0.00015710271398592388,-0.00015715264310421442,0.0018572978079319,-0.003521454691886902
2024-03-20,Mineros SA,0.005796978744795781,-0.001203667811853416,-0.0009846308001380413,0.0,-0.00045604173371059393,-0.00016811537748328536,-0.002621897518634796,0.002474149167537689
2024-03-20,Nutresa,-0.008703297906608207,0.0009263251833436883,0.00040578683049122505,0.0,0.0007298208837242081,0.0007297707269782144,0.001909663066267967,0.004231631457805634
2024-03-20,Promigas,-0.02865517086139271,-0.0002764035180304015,-9.981914454367698e-05,0.0,-0.00021065554538350119,-0.0014639603180805008,-0.0014686875343322755,0.000509692206978798
2024-03-21,Banco Davivienda PF,0.0029924833169025075,-0.00321299696918643,-0.009446406418908775,0.0,-0.0007336975599006823,-0.0007337477323336916,0.0022033394873142245,0.0021143989562988283
2024-03-21,Banco de Bogota,0.0066886548543732514,0.0009911214684307096,-0.004907263880217542,0.0,-0.0007615776816579375,-0.0007616281946253286,0.0011111043654382228,0.0055142328143119815
2024-03-21,Celsia,0.01820599919069848,-0.0034951031711663114,-0.005433866668469848,0.0,-0.00012464182140605533,0.0028024604349202948,0.00018139147758483888,-0.003085775136947632
2024-03-21,ETB,0.0,-0.00042797640042864163,-0.0015471944449779302,0.0,-0.0009166103154686668,-0.0016722918503889132,-0.0037687693238258367,-0.0012466991096735003
2024-03-21,Ecopetrol,0.0,-0.0011640154086130729,-0.0018391140354266703,0.0,0.00016223124156448503,0.0003739148721557953,0.006781938701868056,-0.0002714655324816704
2024-03-21,Grupo Bolivar,0.06451647060628211,-0.002171892524506168,-0.0011590614436382547,0.0,-0.00015710271398592388,-0.00015715264310421442,-0.0003269834071397782,-0.004798933386802673
2024-03-21,Mineros SA,0.013397228153148324,-0.0020177799133570583,-0.00200147537995574,0.0,-0.00045604173371059393,-0.0009838843622998435,-0.009416844964027404,-0.0014363832920789717
2024-03-21,Nutresa,0.008703297906608086,0.00028713043770475284,0.00013208764120420984,0.0,0.0007298208837242081,0.0007297707269782144,0.0031079333424568175,0.003143617898225784
2024-03-21,Promigas,0.0,-0.0004760057939798994,-2.8573807250116788e-05,0.0,-0.00021065554538350119,0.005568797352112601,0.00258991764485836,0.0034001141786575316
2024-03-22,Banco Davivienda PF,0.010896622524771013,-0.0016874050768090855,-2.145560572288874e-05,0.0,-0.0007336975599006823,-0.0007337477323336916,-0.005104123443365097,0.0006073726117610931
2024-03-22,Banco de Bogota,0.004491580671400913,0.003189976209450703,0.00025971721304602876,0.0,-0.0007615776816579375,-0.0007616281946253286,-0.00040792424976825707,0.0014330198466777802
2024-03-22,Celsia,0.008980192689400108,-0.00246235746550199,-0.002464936669584384,0.0,-0.00012464182140605533,-0.002438060109701885,-0.009126374661922456,-0.0031141825914382934
2024-03-22,ETB,0.0,-0.00019096169449529866,-0.00044707029068597614,0.0,-0.0009166103154686668,-0.0016786133426187173,0.0003701777905225754,-0.000446707546710968
2024-03-22,Ecopetrol,-0.004717040065619414,-0.0002288672176713817,-0.00044707029068597614,0.0,0.00016223124156448503,0.0001465370704555769,0.001921609327197075,0.0007342485785484314
2024-03-22,Grupo Bolivar,0.06215953516764876,-0.0027400366378642106,-0.0058500043638043345,0.0,-0.00015710271398592388,-0.00015715264310421442,-0.0010380383729934693,-0.005804718732833862
2024-03-22,Mineros SA,0.08906903648981719,-0.0005963813843517918,-0.00056245458169592,0.0,-0.00045604173371059393,-0.0016253447135397704,-0.0023456069827079776,-0.0015623878836631773
2024-03-22,Nutresa,-0.004342180558881243,0.0007853575089777113,-0.0002561271412142974,0.0,0.0007298208837242081,0.0007297707269782144,0.00034915813431143753,0.0030771969109773638
2024-03-22,Promigas,0.015384961963852608,-0.0003030213680387974,0.00017080441054612014,0.0,-0.00021065554538350119,0.000971108748800477,0.0021967035233974455,0.0018597728312015533
2024-03-25,Banco Davivienda PF,0.0,-0.0005864527947736192,0.00018161000843139026,0.0,-0.0007336975599006823,-0.0007337477323336916,-0.0019550458341836925,0.0009766513407230377
2024-03-25,Banco de Bogota,0.0,1.110554074325261e-05,0.0006576373365270757,0.0,-0.0007615776816579375,-0.0007616281946253286,0.0037945783995091916,0.0018218516260385515
2024-03-25,Celsia,0.0,-0.0003672803957507343,0.00034297451096385235,0.0,-0.00012464182140605533,0.0006687460818373772,-0.003424948826432228,-0.00017846079170703884
2024-03-25,Ecopetrol,0.0,0.0003564020101414661,0.0008569158710803547,0.0,0.00016223124156448503,-0.00030874043150773607,-0.00047169142961502074,0.002837152481079102
2024-03-25,Grupo Bolivar,0.0,-0.0018628313865711968,-0.005295102505562255,0.0,-0.00015710271398592388,-0.00015715264310421442,-0.00037905484437942503,-0.004251365900039673
2024-03-25,Mineros SA,0.0,-0.0036710893394522656,-0.006717471097191527,0.0,-0.00045604173371059393,-0.008012038379310124,-0.006146926373243332,-0.004452871680259705
2024-03-26,Banco Davivienda PF,-0.01990117449855902,0.00021720360365094115,0.00034297451096385235,0.0,-0.0007336975599006823,-0.0007337477323336916,-0.001479631245136261,0.0010928800702095032
2024-03-26,Banco de Bogota,-0.003710358548757935,0.0002171311816455953,0.0006576373365270757,0.0,-0.0007615776816579375,-0.0007616281946253286,0.0015797934047877792,0.0012552252411842347
2024-03-26,Celsia,-0.01414815211166033,0.0002218020587288894,0.00034297451096385235,0.0,-0.00012464182140605533,0.0007658696467937339,0.0013284292668104172,0.0009653546661138535
2024-03-26,Ecopetrol,0.018210028908632464,0.0005319606209945252,0.0006576373365270757,0.0,0.00016223124156448503,0.0001465370704555769,0.00603389111161232,0.004614106059074402
2024-03-26,Grupo Bolivar,0.023335740180001435,-0.0016150012458561128,-0.00014027207380497327,0.0,-0.00015710271398592388,-0.00015715264310421442,-0.0045337451286613945,-0.003651049733161926
2024-03-26,Mineros SA,0.04089149224433456,-0.001368929171624786,-0.0005418371446305123,0.0,-0.00045604173371059393,-0.0004946198892576178,-0.012200182318687438,-0.0035640002489089966
2024-03-27,Banco Davivienda PF,0.019901174498558993,0.0003439714682967979,0.001294859613947264,0.0,-0.0007336975599006823,-0.0007337477323336916,-0.00028764399886131275,0.004388385653495789
2024-03-27,Banco de Bogota,0.0037103585487580633,0.00011435558420907676,0.0006576373365270757,0.0,-0.0007615776816579375,-0.0007616281946253286,0.0006348030343651772,0.0024647528529167175
2024-03-27,Celsia,0.019243764373363594,0.0001148336025951167,0.001095581079393985,0.0,-0.00012464182140605533,0.0014700689086791063,0.00013555319979786871,0.003933605015277863
2024-03-27,Ecopetrol,0.03931701511156336,-0.00014603599169426353,-0.00040989261141365,0.0,0.00016223124156448503,0.0019041258034046215,0.0006249382607638836,0.0022484027445316317
2024-03-27,Grupo Bolivar,-0.0003037723643260594,-0.001736730884869746,-0.0022956915165254386,0.0,-0.00015710271398592388,-0.00015715264310421442,-0.0011275988407433032,-0.0012299328222870826
2024-03-27,Mineros SA,0.034457935409488105,-0.0045577813156812245,-0.008454035457678411,0.0,-0.00045604173371059393,-0.0039458580748030795,-0.00481006595492363,-0.0035435291528701784
2024-03-28,Banco Davivienda PF,0.0,-0.0010350055959667717,-0.0033711577393762886,0.0,-0.0007336975599006823,-0.0007337477323336916,-0.0015603061355650423,0.00015812808275222776
2024-03-28,Banco de Bogota,0.0,-0.00038029196722443444,0.0005756254909951167,0.0,-0.0007615776816579375,-0.0007616281946253286,9.26782190799713e-05,0.00029109720885753634
2024-03-28,Celsia,0.0,-0.0008876528702904563,-0.0003839985006320357,0.0,-0.00012464182140605533,-0.0036988216740233794,-0.003137174755334854,0.00022348946332931518
2024-03-28,Ecopetrol,0.0,-0.0010247589377124066,-0.0005095890986310525,0.0,0.00016223124156448503,0.003941321972774581,-0.0010510598868131637,-0.0017136871069669724
2024-03-28,Grupo Bolivar,0.0,-0.0010572860657469423,0.0007665686404667949,0.0,-0.00015710271398592388,-0.00015715264310421442,-0.00348187492787838,-0.0015593300163745881
2024-03-28,Mineros SA,0.0,-0.0032404125381998126,-0.0015785084918723627,0.0,-0.00045604173371059393,-0.0034028664694924337,-0.007403651893138885,-0.005246158719062805
2024-03-29,Banco Davivienda PF,0.0,-0.0002444804255224307,0.00034297451096385235,0.0,-0.0007336975599006823,-0.0007337477323336916,-0.0031456971615552902,0.00040022248029708866
2024-03-29,Banco de Bogota,0.0,-0.00018961323663766258,0.0006576373365270757,0.0,-0.0007615776816579375,-0.0007616281946253286,0.0010255590453743936,0.0004228553175926209
2024-03-29,Celsia,0.0,-0.0002151688739566963,0.00034297451096385235,0.0,-0.00012464182140605533,0.0017842645413817801,3.8933619856834414e-05,0.0006703121513128281
2024-03-29,Ecopetrol,0.0,-0.0001547841586147368,0.0005270822486107974,0.0,0.00016223124156448503,0.0001465370704555769,-0.0022503423094749455,0.00015646673738956452
2024-03-29,Grupo Bolivar,0.0,-0.0005901935645224091,0.00034297451096385235,0.0,-0.00015710271398592388,-0.00015715264310421442,-0.0008352704048156738,-0.0004724017381668091
2024-03-29,Mineros SA,0.0,-0.0009221468213379178,0.00034297451096385235,0.0,-0.00045604173371059393,-0.0004946198892576178,-0.005006016373634338,-0.0029397949576377867
2024-04-01,Banco Davivienda PF,0.05276999234751045,0.00014369119251389463,0.0005888911951436701,0.0,-0.0007336975599006823,-0.0007337477323336916,-0.0016704048961400987,0.0012215627133846283
2024-04-01,Banco de Bogota,-0.014925337481289953,0.00012130721482156486,0.0009035540207068931,0.0,-0.0007615776816579375,-0.0007616281946253286,0.0006261527240276337,0.000761801913380623
2024-04-01,Celsia,0.0038045836062827456,0.0002930016034516561,0.0005888911951436701,0.0,-0.00012464182140605533,-0.00012518296811529805,0.0034056425988674166,0.002469484359025955
2024-04-01,Ecopetrol,0.0539403747087154,0.00022010185508078553,0.0007729989327906149,0.0,0.00016223124156448503,0.0001465370704555769,0.000933512918651104,0.003783986449241638
2024-04-01,Grupo Bolivar,0.02577304068092485,8.33204095901992e-05,0.0005888911951436701,0.0,-0.00015710271398592388,-0.00015715264310421442,-0.002428315371274948,-0.00016356541216373447
2024-04-01,Mineros SA,0.022329382981325478,-0.001079377113563715,-0.00029592046045069463,0.0,-0.00045604173371059393,-0.0004946198892576178,-0.004305113762617111,-0.0010976859778165818
2024-04-02,Banco Davivienda PF,-0.02459910701399861,-0.0004226121094660594,0.0006212301981990349,0.0,-0.0007336975599006823,-0.0007337477323336916,0.0014038114547729492,-0.001239776000380516
2024-04-02,Banco de Bogota,0.014925337481289904,0.000247405614776317,0.002342244476933791,0.0,-0.0007615776816579375,-0.0007616281946253286,0.0028990149684250356,0.004341954052448272
2024-04-02,Celsia,0.012578826072437084,-2.2772616036062367e-05,0.001496598316568924,0.0,-0.00012464182140605533,-0.0005541626037909517,-0.00040122724324464793,0.003713281631469727
2024-04-02,Ecopetrol,0.024803902613466634,-0.0001994970933610964,0.0006212301981990349,0.0,0.00016223124156448503,0.00535273390379204,0.00025380222499370576,0.0005796883851289749
2024-04-02,Grupo Bolivar,0.014684389597413984,-0.00024570399005612167,0.0008516371505049957,0.0,-0.00015710271398592388,-0.00015715264310421442,-0.0009907399304211139,0.00024832674860954284
2024-04-02,Mineros SA,0.040190802163750636,-0.0005276486296966441,0.0008516371505049957,0.0,-0.00045604173371059393,-0.002379217759747329,-0.001707062244415283,0.00026764491200447085
2024-04-03,Banco Davivienda PF,-0.008658051708618674,0.0007028939283736509,0.0017019691150204535,0.0,-0.0007336975599006823,-0.0007337477323336916,0.0005401284620165825,0.0037006340622901916
2024-04-03,Banco de Bogota,0.016893776509794598,0.00013754544498160507,0.0009035540207068931,0.0,-0.0007615776816579375,-0.0007616281946253286,0.002106859665364027,0.001803325891494751
2024-04-03,Celsia,0.012422494329071696,0.00021959554700319808,0.0010944971701785712,0.0,-0.00012464182140605533,-0.00116598119945661,-0.0009020183607935906,0.0023983549773693084
2024-04-03,Ecopetrol,0.019846358961051188,-0.0002160096318713457,-5.6069970920259055e-05,0.0,0.00016223124156448503,0.002540550829869659,-0.000591171771287918,-0.00013675855100154876
2024-04-03,Grupo Bolivar,0.018201069388621056,-0.0002041062903796102,0.0005888911951436701,0.0,-0.00015710271398592388,-0.00015715264310421442,-0.0007528478801250457,-0.00011396376788616177
2024-04-03,Mineros SA,-0.0030348807575363047,-0.0014214071175525137,-0.00011154980441819041,0.0,-0.00045604173371059393,-0.0038867198964285987,-0.0034021759629249576,-0.0017853870093822483
2024-04-04,Banco Davivienda PF,0.042559561085398094,-0.00037701957369743524,0.0019333765430237424,0.0,-0.0007336975599006823,-0.0007337477323336916,-0.0002690861970186234,0.0037054407596588137
2024-04-04,Banco de Bogota,0.030131317772210123,0.00023179190146155188,0.0009035540207068931,0.0,-0.0007615776816579375,-0.0007616281946253286,0.0025140023455023767,5.345287919044494e-05
2024-04-04,Celsia,0.024391403640811656,0.00010853036004497098,0.0005888911951436701,0.0,-0.00012464182140605533,-0.0002777369033836033,7.855877280235254e-06,0.0012093493491411212
2024-04-04,Ecopetrol,0.013015364667571841,-0.0012469304367822948,-0.002555380807380522,0.0,0.00016223124156448503,0.0020620604930169867,-0.0004872589707374573,-0.0006006022095680237
2024-04-04,Grupo Bolivar,-0.02112069500045088,-0.000330257678950575,-0.0003480836648807774,0.0,-0.00015710271398592388,-0.00015715264310421442,-0.0002455673813819886,-0.000770482912659645
2024-04-04,Mineros SA,-0.01531411816110878,-0.0012479529116463288,-0.00029592046045069463,0.0,-0.00045604173371059393,-0.00023847623237168943,-0.003187209159135819,0.00011196148395538333
2024-04-05,Banco Davivienda PF,0.027399002240816817,-0.00014583823994300153,0.0004495360041146432,0.0,-0.0007336975599006823,-0.0007337477323336916,-8.438959717750548e-05,-0.0007233610600233078
2024-04-05,Banco de Bogota,-0.00709227547568481,0.00010917872600951522,2.818590233700362e-05,0.0,-0.0007615776816579375,-0.0007616281946253286,0.00098459292948246,-0.0012176790088415147
2024-04-05,Celsia,0.013166031862808906,-0.0002024268249422129,-5.6069970920259055e-05,0.0,-0.00012464182140605533,-0.001642783698503914,0.00012109218537807462,-6.935877352952957e-05
2024-04-05,Ecopetrol,-0.0130153646675719,-0.0002725419064897842,0.0005888911951436701,0.0,0.00016223124156448503,0.0014027491506079127,4.934776946902268e-05,0.00018909460306167596
2024-04-05,Grupo Bolivar,-0.009105499223920333,0.00020866198489338951,0.001348628124860421,0.0,-0.00015710271398592388,-0.00015715264310421442,-0.0002126931995153427,0.003079075276851654
2024-04-05,Mineros SA,-0.0015444654431986614,-0.0008381033992627425,0.0011198745299453132,0.0,-0.00045604173371059393,0.0007978902754428773,-0.0011800103038549423,0.002630860149860382
2024-04-08,Banco Davivienda PF,0.022272657853556206,-0.0003130964304360444,-0.0011756668609442073,0.0,-0.0007336975599006823,-0.0007337477323336916,-0.0007281946986913681,-0.003815436363220215
2024-04-08,Banco de Bogota,0.0035525817498940227,-7.65334995596825e-05,-0.0001405789539835269,0.0,-0.0007615776816579375,-0.0007616281946253286,0.0015417492948472502,-0.00040909431874752044
2024-04-08,Celsia,0.00592772012885918,-0.00042886200425900956,-0.0007442979759546621,0.0,-0.00012464182140605533,0.0008105205267184773,-0.00024701683223247523,-0.002043316423892975
2024-04-08,Ecopetrol,0.004357370514901568,-0.0006179218949971657,0.0005599332231088534,0.0,0.00016223124156448503,-0.0011096750096967645,-0.0007187860012054443,0.0017106364220380783
2024-04-08,Grupo Bolivar,0.028793583525405612,-0.00036260933883820647,0.0005599332231088534,0.0,-0.00015710271398592388,-0.00015715264310421442,-0.00030733140558004377,0.0025288161635398866
2024-04-08,Mineros SA,0.016858583604307413,-0.000644008072343357,-0.0007442979759546621,0.0,-0.00045604173371059393,-0.0003642671478616096,-0.0015698392391204834,0.001213386222720146
2024-04-09,Banco Davivienda PF,-0.00618654012407318,-0.000406394249356541,-0.0003480836648807774,0.0,-0.0007336975599006823,-0.0007337477323336916,0.0014291225597262383,-0.0026317406296730043
2024-04-09,Banco de Bogota,0.010582022855412843,0.0008919144361176568,0.003989168193725524,0.0,-0.0007615776816579375,-0.0007616281946253286,0.0009835063070058824,0.0006409019380807877
2024-04-09,Celsia,0.01408471054954948,5.480876222184623e-05,0.0005888911951436701,0.0,-0.00012464182140605533,0.0005128358331433574,8.544355630874637e-05,-0.000600940078496933
2024-04-09,Ecopetrol,-0.00873374394639095,-0.00018067538274988844,0.0005888911951436701,0.0,0.00016223124156448503,0.0005671001217665432,-0.00018147581070661545,0.0010347234457731248
2024-04-09,Grupo Bolivar,-0.01968808430148516,-0.0005748503163167802,-0.0003480836648807774,0.0,-0.00015710271398592388,-0.00015715264310421442,-0.0013315650671720503,-0.0012062777578830718
2024-04-09,Mineros SA,0.010582176510058123,-0.0004160474990972362,0.0005888911951436701,0.0,-0.00045604173371059393,-0.0019174827953541184,-0.0020910368263721466,-0.0006931237131357193
2024-04-10,Banco Davivienda PF,-0.012489006218269103,-2.2720144102896637e-05,0.0006754801884181483,0.0,-0.0007336975599006823,-0.0007337477323336916,-0.0004794939234852791,-0.0010917626768350602
2024-04-10,Banco de Bogota,0.04661567942869909,0.0006889849497290332,0.003989168193725524,0.0,-0.0007615776816579375,-0.0007616281946253286,0.0015407534353435038,-0.0009745001196861267
2024-04-10,Celsia,-0.00936786100222061,-5.650315944422159e-06,0.0005888911951436701,0.0,-0.00012464182140605533,-0.0011251081887054758,-0.0011439625471830368,-0.0018854169249534606
2024-04-10,Ecopetrol,-0.015469985529561721,2.2977143508536814e-05,0.0011198745299453132,0.0,0.00016223124156448503,-0.0006964231485346212,-0.0004893581792712212,0.0021411432623863217
2024-04-10,Grupo Bolivar,-0.0014630812833830867,-0.00034686449068793544,0.0011198745299453132,0.0,-0.00015710271398592388,-0.00015715264310421442,-0.0014424114525318148,0.002101297914981842
2024-04-10,Mineros SA,-0.007547295752521781,-0.00034373777755214235,0.0005888911951436701,0.0,-0.00045604173371059393,-0.001387754613700324,-0.0028110447525978087,-0.0015638513267040252
2024-04-11,Banco Davivienda PF,0.023071162147190953,0.00012361575094079453,0.0016011870544288868,0.0,-0.0007336975599006823,-0.0007337477323336916,-0.0008905743025243282,0.00137361179292202
2024-04-11,Banco de Bogota,-0.008745384450092417,-0.000399797314287252,-0.0007195909470596121,0.0,-0.0007615776816579375,-0.0007616281946253286,-0.0027225758284330367,-0.00559767460823059
2024-04-11,Celsia,0.01169608148049841,4.15656248562739e-05,0.001095581079393985,0.0,-0.00012464182140605533,0.002328619378626822,-0.0005862893462181091,0.0001652674451470375
2024-04-11,Ecopetrol,0.006659358215042772,2.075962791008701e-05,0.001095581079393985,0.0,0.00016223124156448503,-0.0013465891844265932,-0.0004502855613827706,0.003452462613582611
2024-04-11,Grupo Bolivar,0.017417324890268916,-0.00017796992988933853,0.0005422530455171314,0.0,-0.00015710271398592388,-0.00015715264310421442,-3.671909868717192e-05,0.0010819631069898606
2024-04-11,Mineros SA,0.0060423425346302325,-0.0010848808390044014,-0.0002336249177275445,0.0,-0.00045604173371059393,0.00014237117829915693,-0.0018720281422138214,-0.00013959310948848726
2024-04-12,Banco Davivienda PF,-0.013245239860967322,-0.00012655670425845453,0.00020361931993482515,0.0,-0.0007336975599006823,-0.0007337477323336916,-8.70802998542788e-06,-0.0002452039718627929
2024-04-12,Banco de Bogota,-0.02047836273145061,0.0002728736108834443,0.001785294792075832,0.0,-0.0007615776816579375,-0.0007616281946253286,0.000570625215768814,-0.00012665233761072157
2024-04-12,Celsia,-0.004661938992910536,0.00011878987975815516,0.0008485804859987539,0.0,-0.00012464182140605533,-0.002373474310495232,-0.0005884236842393875,0.0005746848732233048
2024-04-12,Ecopetrol,-0.008888945007330921,0.0004963354507428107,0.0010478590205520322,0.0,0.00016223124156448503,0.0007892825062896935,-0.0002946166023612022,0.0022947991490364075
2024-04-12,Grupo Bolivar,0.00716847242447624,-0.0011813351770257154,-0.000648980036549763,0.0,-0.00015710271398592388,-0.00015715264310421442,-0.0011034859120845795,8.088227361440659e-05
2024-04-12,Mineros SA,-0.01823003377699018,-0.0011602144676552222,-0.0005418371446305123,0.0,-0.00045604173371059393,-0.0010045930436012487,-0.0012886463701725006,0.0005067509710788727
2024-04-15,Banco Davivienda PF,-0.008928639680910884,-0.0002787136531624651,0.0008973783021965591,0.0,-0.0007336975599006823,-0.0007337477323336916,-0.000954673320055008,0.0005606122314929963
2024-04-15,Banco de Bogota,-0.01739193224715591,-0.00021299631597331378,0.0010814860398435037,0.0,-0.0007615776816579375,-0.0007616281946253286,0.00104996857047081,0.0017311921715736389
2024-04-15,Celsia,-0.0093897861801239,-0.0003949568123973979,-0.0006284761304954454,0.0,-0.00012464182140605533,0.0015610009413025302,-0.0010140037834644319,7.07562416791916e-05
2024-04-15,Ecopetrol,0.0,-0.00027389172010039035,0.001096656836749838,0.0,0.00016223124156448503,-0.0007114027862616385,-0.0007724020779132843,0.0019872359782457352
2024-04-15,Grupo Bolivar,0.025945881508717284,-0.0016307861415043527,-0.0015132877860898105,0.0,-0.00015710271398592388,-0.00015715264310421442,-0.00328692489862442,-0.001989743888378143
2024-04-15,Mineros SA,-0.0061537721901739045,-0.0005915125851965263,0.0008973783021965591,0.0,-0.00045604173371059393,0.0010439932853116957,-0.0012100091874599455,0.0019354698210954668
2024-04-16,Banco Davivienda PF,-0.041195798720124154,0.00021610983429589775,0.0014029842772314604,0.0,-0.0007336975599006823,-0.0007337477323336916,-0.00010003500804305076,0.0013682747632265092
2024-04-16,Banco de Bogota,0.013245068862462897,-0.00010215175743241654,0.0008973783021965591,0.0,-0.0007615776816579375,-0.0007616281946253286,0.007030001521110535,0.003175822675228119
2024-04-16,Celsia,-0.01904815599144952,-0.0004737300030698881,0.0008973783021965591,0.0,-0.00012464182140605533,0.00047096983823765454,-0.001134831167757511,0.0011698074787855148
2024-04-16,Ecopetrol,0.0,-0.0001840207652333834,-0.00042919759594216636,0.0,0.00016223124156448503,0.0001465370704555769,-0.0005708625763654709,0.0007174263298511504
2024-04-16,Grupo Bolivar,0.015919980290311848,-0.0017890100452671938,-0.0024502626461142584,0.0,-0.00015710271398592388,-0.00015715264310421442,-0.0025460336357355116,-0.00439671504497528
2024-04-16,Mineros SA,0.0,-0.0006568077162178831,0.0002606078176262599,0.0,-0.00045604173371059393,2.47579177682046e-05,-0.001346408501267433,0.0014766241461038588
2024-04-17,Banco Davivienda PF,-0.004683854230973257,0.00048567751722133705,0.00045821165128578424,0.0,-0.0007336975599006823,-0.0007337477323336916,-0.00010524871572852135,0.006604082942008972
2024-04-17,Banco de Bogota,-0.01324506886246285,-0.0009263094667549582,-0.0016789249998218278,0.0,-0.0007615776816579375,-0.0007616281946253286,0.00033780641108751305,-0.0011228000819683078
2024-04-17,Celsia,-0.02679820549582299,-0.0005530049207807544,4.6207967423457376e-05,0.0,-0.00012464182140605533,0.0010908666658561489,-0.0005829830020666123,0.002941787779331207
2024-04-17,Ecopetrol,-0.004474279173753353,-0.0010451835379426564,-0.0016789249998218278,0.0,0.00016223124156448503,0.0001465370704555769,-0.0003319671005010605,-0.0005137728452682496
2024-04-17,Grupo Bolivar,-0.028459893161426063,-0.0021525373865066105,-0.0025637366554161923,0.0,-0.00015710271398592388,-0.00015715264310421442,-0.002467236775904894,-0.005679864525794983
2024-04-17,Mineros SA,0.02889920879601805,-0.0010952545663939878,-0.0014796464652685486,0.0,-0.00045604173371059393,-0.0004946198892576178,-0.0023776298612356184,-0.00011433114111423492
2024-04-18,Banco Davivienda PF,-0.017045846435467044,0.00027320171549078027,0.0006094146763790304,0.0,-0.0007336975599006823,-0.0007337477323336916,-0.0024202048480510712,0.002528725802898407
2024-04-18,Banco de Bogota,-0.02127746087940674,-0.001016576792271916,-0.0001985332498287413,0.0,-0.0007615776816579375,-0.0007616281946253286,-0.006505589127540587,-0.0011317207664251327
2024-04-18,Celsia,-0.013673308325612967,-0.0008531346090776167,-5.8537081230347625e-06,0.0,-0.00012464182140605533,0.0010063666800065822,0.00012092703208327294,0.004103953421115876
2024-04-18,Ecopetrol,-0.0022447377781932448,-0.0014141568572325605,-0.0019236662170740262,0.0,0.00016223124156448503,-0.00028530972689517044,-0.0010707990378141404,-0.0023886761963367465
2024-04-18,Grupo Bolivar,-0.031134446652340008,-0.0014093575662340338,-0.00020513224267631398,0.0,-0.00015710271398592388,-0.00015715264310421442,-0.0029276816844940184,-0.002417435646057129
2024-04-18,Mineros SA,-0.01815468308836927,-0.00289427166173649,-0.0032636583075000046,0.0,-0.00045604173371059393,-0.0029337104544273763,-0.00826569664478302,-0.006575255155563354
2024-04-19,Banco Davivienda PF,-0.006708166886494712,-0.000661893285258705,-0.0008882818660875958,0.0,-0.0007336975599006823,-0.0007337477323336916,-0.006248618513345718,0.0017220869809389115
2024-04-19,Banco de Bogota,0.031054047088880272,-0.0006912492732548217,-0.0005342378218494276,0.0,-0.0007615776816579375,-0.0007616281946253286,-0.009161971807479859,0.00010346408188343045
2024-04-19,Celsia,0.040643301969888926,-0.0005528897244311294,-0.00017045244047749015,0.0,-0.00012464182140605533,-0.0012425023672823212,-0.005609908372163773,0.002463223248720169
2024-04-19,Ecopetrol,0.006719016951946625,-0.001095110307736992,-0.002452050330800418,0.0,0.00016223124156448503,-7.011968759642363e-05,-0.0022484778165817263,-0.004361108958721161
2024-04-19,Grupo Bolivar,-0.017655768089154984,-0.0005754896879018823,0.00041834531254923333,0.0,-0.00015710271398592388,-0.00015715264310421442,-0.0003517234176397324,0.0013866546899080276
2024-04-19,Mineros SA,0.0,-0.0012788801869290328,-0.0009261958981084133,0.0,-0.00045604173371059393,0.0010376336941204098,-0.005517376303672791,-0.005148146152496338
2024-04-22,Banco Davivienda PF,0.014319971111645529,0.00010428651123782768,0.0025445201917040977,0.0,-0.0007336975599006823,-0.0007337477323336916,-0.00048675560578703876,0.002920823335647583
2024-04-22,Banco de Bogota,-0.02035860906488634,-0.0013533843118281258,0.000703965410452656,0.0,-0.0007615776816579375,-0.0007616281946253286,-0.0020928485691547394,-0.0015414403080940247
2024-04-22,Celsia,-0.016059617368916482,-0.0009264055189328835,0.000903243945005935,0.0,-0.00012464182140605533,-0.006064575721174954,-0.002957810193300247,-0.0017050224244594572
2024-04-22,Ecopetrol,0.008888945007330923,-0.0009078413292681289,0.0016586249121625465,0.0,0.00016223124156448503,0.0007950406258583273,-0.00027576959691941736,-0.00017720852792263032
2024-04-22,Grupo Bolivar,0.009331316742991484,-0.00030985360831046284,0.0033936496932022576,0.0,-0.00015710271398592388,-0.00015715264310421442,-0.0012680343389511108,0.005444259941577911
2024-04-22,Mineros SA,-0.007662906006009677,-0.0012534659554512633,0.0016586249121625465,0.0,-0.00045604173371059393,-0.0004946198892576178,0.0005537233501672744,0.00015316377580165864
2024-04-23,Banco Davivienda PF,-0.004750607818340619,-0.00029738334434315194,-0.00047321035695437324,0.0,-0.0007336975599006823,-0.0007337477323336916,-0.0013609100729227066,-0.0017166093587875366
2024-04-23,Banco de Bogota,-0.005690078729925912,-0.0005757722810891437,8.011767692248082e-05,0.0,-0.0007615776816579375,-0.0007616281946253286,-0.005267260193824767,0.0007335933893918992
2024-04-23,Celsia,0.033070852893895025,-0.00036850416065953485,0.00027939621147576014,0.0,-0.00012464182140605533,0.005718392999937467,-0.0010422163978219031,-0.0005387122482061387
2024-04-23,Ecopetrol,0.006615103273651806,-0.001026091642231989,-0.0006724888915076526,0.0,0.00016223124156448503,0.0010044769271727928,-0.0010191271156072617,-0.0020735161155462263
2024-04-23,Grupo Bolivar,0.003399824562480233,-0.0007171281452969553,-0.0006345748594868354,0.0,-0.00015710271398592388,-0.00015715264310421442,-0.006431199491024017,0.0010108796656131745
2024-04-23,Mineros SA,0.0,-0.0008422675410069112,-0.00036427666460468435,0.0,-0.00045604173371059393,0.00015212867306344476,-0.00215653170645237,0.000519045427441597
2024-04-24,Banco Davivienda PF,0.0,-0.000442921560373715,-0.00042774767425545374,0.0,-0.0007336975599006823,-0.0007337477323336916,-0.0001143903806805611,-0.0010338039919734004
2024-04-24,Banco de Bogota,-0.006440041790560562,-0.00011671269617133201,-0.0002284691397021749,0.0,-0.0007615776816579375,-0.0007616281946253286,-0.0012093831449747085,0.0006958408951759338
2024-04-24,Celsia,-0.019465179793369886,-0.0011302439726690017,-0.0016744208699258644,0.0,-0.00012464182140605533,-0.00544753619704585,-0.001988661885261536,-0.004013600289821625
2024-04-24,Ecopetrol,0.010929267987258311,-0.0006160410510278638,-0.00042774767425545374,0.0,0.00016223124156448503,0.0007850111244727646,-0.00037237618491053583,-0.0014743126928806304
2024-04-24,Grupo Bolivar,-0.004949130527845679,-6.917964522642573e-06,-0.0002284691397021749,0.0,-0.00015710271398592388,-0.00015715264310421442,-0.002823520541191101,-3.486695885658265e-05
2024-04-24,Mineros SA,-0.023347390023760784,-0.0005964795904650993,-0.00042774767425545374,0.0,-0.00045604173371059393,-0.0004946198892576178,-0.001221555173397064,0.00019991712272167205
2024-04-25,Banco Davivienda PF,0.03278985726188534,-0.0007238220617399937,-0.001317186470182794,0.0,-0.0007336975599006823,-0.0007337477323336916,-3.3263958990573885e-05,-0.002436460018157959
2024-04-25,Banco de Bogota,-0.005023452778186365,-0.00035279283228974596,-0.0006072285055931121,0.0,-0.0007615776816579375,-0.0007616281946253286,-1.6425028443336478e-05,-3.963936865329738e-05
2024-04-25,Celsia,0.01705274272388495,-0.000562501203810043,0.0005870724805945163,0.0,-0.00012464182140605533,0.005351011298405082,0.0004936464354395867,-0.0014195773601531985
2024-04-25,Ecopetrol,0.00217155279437443,-0.0008866369236446292,-0.001317186470182794,0.0,0.00016223124156448503,0.0012014040544766616,-0.0004419096224009992,-0.003042735040187836
2024-04-25,Grupo Bolivar,0.009873757311528892,-0.0004420744305067128,-0.0011179079356295149,0.0,-0.00015710271398592388,-0.00015715264310421442,-0.0010485285222530366,-0.00047253851592540737
2024-04-25,Mineros SA,0.021807767219969822,-0.00010264340362402593,0.0009790305568535018,0.0,-0.00045604173371059393,0.0014758976820102843,0.0003097837232053281,0.0025707218050956726
2024-04-26,Banco Davivienda PF,0.013730206900540365,-0.0005865460654424865,-0.0009036986847065572,0.0,-0.0007336975599006823,-0.0007337477323336916,0.00027769560366868975,-0.005094229817390441
2024-04-26,Banco de Bogota,0.023631501450969088,0.0001675651343072445,0.00034297451096385235,0.0,-0.0007615776816579375,-0.0007616281946253286,0.0010860701054334642,0.00013199634850025177
2024-04-26,Celsia,0.012004988567390802,-0.0002156922419551946,0.00023583161904460143,0.0,-0.00012464182140605533,-0.003979354516383031,-0.0015606877095997334,-0.0030565890073776243
2024-04-26,Ecopetrol,-0.0021715527943745195,-2.689091893401042e-07,0.00034297451096385235,0.0,0.00016223124156448503,0.00035613018771785685,-0.000111127033829689,-0.0016133624613285063
2024-04-26,Grupo Bolivar,0.0,5.508808454813833e-05,0.00034297451096385235,0.0,-0.00015710271398592388,-0.00015715264310421442,-0.00016923854500055315,-0.0012517255544662476
2024-04-26,Mineros SA,0.007674593222392607,-0.00043498509446596086,-0.000594000349060595,0.0,-0.00045604173371059393,-0.002335193437450252,-0.0003907754123210908,-0.0016296348571777342
2024-04-29,Banco Davivienda PF,-0.01373020690054029,2.6059378844773493e-05,0.0005888911951436701,0.0,-0.0007336975599006823,-0.0007337477323336916,0.0005622604936361313,-0.0048348034024238585
2024-04-29,Banco de Bogota,0.008456680724702114,-0.00031049196640493376,-0.0003480836648807774,0.0,-0.0007615776816579375,-0.0007616281946253286,-0.0012130144536495208,-0.0030526083111763005
2024-04-29,Celsia,-0.009592551497905787,4.540248373137326e-05,0.0005888911951436701,0.0,-0.00012464182140605533,0.00021325916963727185,-0.000999544233083725,-0.003297647178173065
2024-04-29,Ecopetrol,0.00433840016344471,-2.6737867811130138e-05,0.0005888911951436701,0.0,0.00016223124156448503,-6.305604680671168e-05,-0.0005366501957178116,-0.0006476130336523056
2024-04-29,Grupo Bolivar,0.026660076395623674,8.887731307919496e-05,0.0005888911951436701,0.0,-0.00015710271398592388,-0.00015715264310421442,-0.0025931350588798523,-0.001175020769238472
2024-04-29,Mineros SA,-0.021639148738019302,-3.143404004326644e-06,0.0005888911951436701,0.0,-0.00045604173371059393,-0.0011423548515667877,-0.0015973645150661468,-0.002109891712665558
2024-04-30,Banco Davivienda PF,-0.03278985726188533,6.427116295311087e-05,0.0011198745299453132,0.0,-0.0007336975599006823,-0.0007337477323336916,-0.0001751466915011406,-0.002010419353842735
2024-04-30,Banco de Bogota,-0.007042297060815448,5.3673561512282396e-05,0.0005888911951436701,0.0,-0.0007615776816579375,-0.0007616281946253286,-0.001619749829173088,-0.003879967868328094
2024-04-30,Celsia,-0.006042204881282556,0.00016636333442254716,0.0011198745299453132,0.0,-0.00012464182140605533,0.0021475951985049915,-0.0008077134061604738,-0.0014593949913978576
2024-04-30,Ecopetrol,-0.013072144109835662,-6.49397905560694e-05,0.0005888911951436701,0.0,0.00016223124156448503,0.0005652691485073599,-0.00036283664777874943,-0.0012500584423542024
2024-04-30,Grupo Bolivar,0.004474370256716353,-0.0003454642390029106,-0.0003480836648807774,0.0,-0.00015710271398592388,-0.00015715264310421442,-0.002095409452915192,-0.003982255876064301
2024-04-30,Mineros SA,-0.04800935301795686,0.00026912484841660355,0.0011963631399855524,0.0,-0.00045604173371059393,0.0013317222745624646,-0.00011185248196125034,0.0011087751835584642
2024-05-02,Banco Davivienda PF,0.023530522238234434,0.00010582133086983564,0.00025893311673250537,0.0,-0.0007336975599006823,-0.0007337477323336916,-0.001016009509563446,0.0020934839844703674
2024-05-02,Banco de Bogota,0.005637923077757505,-0.0008003415067740378,-0.0011682455697854255,0.0,-0.0007615776816579375,-0.0007616281946253286,-0.002577484488487244,-0.0035252255201339727
2024-05-02,Celsia,0.008449032149006337,-0.000729044959055584,-0.0011682455697854255,0.0,-0.00012464182140605533,-0.00039571742551026246,-0.003093135923147202,-0.0019131673872470854
2024-05-02,Ecopetrol,-0.011025534672842485,-0.0007491520518741371,-0.00015307056712982186,0.0,0.00016223124156448503,-0.0011151552265864044,7.901940494775775e-05,-0.00033965736627578736
2024-05-02,Grupo Bolivar,-0.0044743702567162915,-0.0009002032472350367,-0.0016789249998218278,0.0,-0.00015710271398592388,-0.00015715264310421442,-0.002202317476272583,-0.00486945378780365
2024-05-02,Mineros SA,0.04331075043024868,0.0011950137678081569,0.0006423193889327295,0.0,-0.00045604173371059393,0.003557365091111038,0.004021599501371384,0.006808622360229492
2024-06-20,Banco Davivienda PF,0.009141748812814019,-0.0006257094946810951,0.00020078712925657922,0.0,-0.0007336975599006823,-0.0007337477323336916,-0.0007722911238670349,0.000700820192694664
2024-06-20,Banco de Bogota,0.0,-0.0005046614856355058,0.00026951057589358026,0.0,-0.0007615776816579375,-0.0007616281946253286,-0.0033362354338169102,0.0007216971516609192
2024-06-20,Celsia,-0.011063352830194096,-0.0008864068408972964,-0.0012339991577232153,0.0,-0.00012464182140605533,-0.0004955906928658259,-0.002102110981941223,-0.0026550468802452086
2024-06-20,ETB,0.0,-5.785611808845324e-05,-0.0012339991577232153,0.0,-0.0009166103154686668,-0.0018620216456365574,-0.002208503782749176,-0.0009971335083246232
2024-06-20,Ecopetrol,0.024327810246461565,-0.0008314192118993374,-0.0009449429613153033,0.0,0.00016223124156448503,-0.000447425250672461,-0.0006244954653084278,-0.0005408653169870377
2024-06-20,Grupo Bolivar,0.0016489947217206461,-0.0007060753759014528,-0.0009041655352536579,0.0,-0.00015710271398592388,-0.00015715264310421442,-0.003592207282781601,-0.0006907398998737336
2024-06-20,Mineros SA,0.04281994555714303,-0.0009279086217258216,-0.0012339991577232153,0.0,-0.00045604173371059393,-0.0011565862359393408,-0.0035216365456581114,-0.0018376443684101108
2024-06-20,Nutresa,-0.013858741268587342,0.00026200676421334886,0.002149417867715129,0.0,0.0007298208837242081,0.0007297707269782144,-0.014627499580383303,0.004614830195903778
2024-06-20,Promigas,0.0,-0.0008648888640800713,-0.0012339991577232153,0.0,-0.00021065554538350119,-0.00019475836410683876,-0.0027895602136850358,-0.0010326629877090454
2024-06-21,Banco Davivienda PF,-0.0010116555677442511,-0.0001919847025067092,0.00021484368101954633,0.0,-0.0007336975599006823,-0.0007337477323336916,0.0010605480670928956,-0.0007500261813402177
2024-06-21,Banco de Bogota,-0.03774005692299306,-0.0002553784252157803,8.428859310326823e-05,0.0,-0.0007615776816579375,-0.0007616281946253286,-0.0020840447843074794,8.53580981492996e-05
2024-06-21,Celsia,0.01350544500110846,-0.00024966156129052917,0.000615271927904912,0.0,-0.00012464182140605533,0.0020974207851911938,0.0007227438986301422,-0.00018006499111652377
2024-06-21,ETB,0.0,0.00038270698382015275,8.428859310326823e-05,0.0,-0.0009166103154686668,-0.0017826105911060923,0.00099734652787447,-0.0007167120128870011
2024-06-21,Ecopetrol,-0.015135315712385154,-0.0006961427916698374,-0.0010367940045681251,0.0,0.00016223124156448503,0.0024945995255477595,-0.00024113786965608607,-0.002066064119338989
2024-06-21,Grupo Bolivar,-0.009934229277004877,-0.00022096201045889422,8.428859310326823e-05,0.0,-0.00015710271398592388,-0.00015715264310421442,-0.0010841977745294571,-0.0005232487469911575
2024-06-21,Mineros SA,-0.013564728771097207,-0.0007037092938528967,-0.0012672009568740856,0.0,-0.00045604173371059393,-0.004108619357087377,-0.0015332435294985773,-0.004484882712364196
2024-06-21,Nutresa,-0.08544346306550579,-0.000640578475730174,0.002192682069574329,0.0,0.0007298208837242081,0.0007297707269782144,-0.00555193504691124,0.00376498156785965
2024-06-21,Promigas,-0.07109591308860923,-0.00034417588382430845,-9.981914454367698e-05,0.0,-0.00021065554538350119,-0.00025442672666632984,0.0005268941409885884,-0.00023326356709003454
2024-06-24,Banco Davivienda PF,0.016064639899211326,0.00021873638916959087,0.00028249123738773306,0.0,-0.0007336975599006823,-0.0007337477323336916,-0.0019883860498666763,-0.003223041892051697
2024-06-24,Banco de Bogota,0.01904797434878896,0.0020191370739228946,0.002573055541985478,0.0,-0.0007615776816579375,-0.0007616281946253286,0.0007319969981908798,0.004262891471385956
2024-06-24,Celsia,0.004866233425651135,0.000159793396376788,0.00043067247696720526,0.0,-0.00012464182140605533,-0.0027457200051204823,-0.004544820904731751,-0.00455575680732727
2024-06-24,ETB,0.0,0.0005163518057355145,0.00015193614947145497,0.0,-0.0009166103154686668,-0.001750176424972455,-0.006364594519138336,-0.002749813109636307
2024-06-24,Ecopetrol,0.04473581611299766,0.0004066611008718729,0.00145616734853497,0.0,0.00016223124156448503,-0.0013142876486696234,-0.0005311999246478081,-0.0012929677367210387
2024-06-24,Grupo Bolivar,0.014864127751051295,0.0003498286010855366,0.0017860009710045277,0.0,-0.00015710271398592388,-0.00015715264310421442,-0.0023910088688135146,-0.0012421393096446992
2024-06-24,Mineros SA,-0.012213857465039724,0.0003537610555909883,0.00145616734853497,0.0,-0.00045604173371059393,0.0006502419717781333,-0.004121648520231247,-0.00413510274887085
2024-06-24,Nutresa,0.03729580423642723,0.011146491089553017,0.01417391463613614,0.0,0.0007298208837242081,0.0007297707269782144,0.007337655663490296,0.01486715316772461
2024-06-24,Promigas,0.06124346465661436,0.011412572866840711,0.011647083877761276,0.0,-0.00021065554538350119,0.014850387426639102,0.014181512832641602,0.010223475337028503
2024-06-25,Banco Davivienda PF,-0.014042351176468135,-0.00030723826762621854,0.00021484368101954633,0.0,-0.0007336975599006823,-0.0007337477323336916,0.0004093447513878345,-0.001881019324064255
2024-06-25,Banco de Bogota,0.008343126442697505,0.0001821135984184054,-0.00036139403840738216,0.0,-0.0007615776816579375,-0.0007616281946253286,0.00040782730281353,0.0007005638107657432
2024-06-25,Celsia,0.0060495153858293425,-0.00025040838504339455,8.428859310326823e-05,0.0,-0.00012464182140605533,0.0006662000435613978,-0.00020351763069629674,-0.0007083263397216797
2024-06-25,ETB,0.0,0.00032439007371858584,8.428859310326823e-05,0.0,-0.0009166103154686668,-0.001732275163894333,0.002711081683635712,0.00019167065620422368
2024-06-25,Ecopetrol,-0.042559552371260155,-0.0007161983780078762,-0.0009751872629135673,0.0,0.00016223124156448503,0.00446433177325321,-0.00020575250685214995,-0.0024560297727584837
2024-06-25,Grupo Bolivar,0.0,-0.0003312676333562472,8.428859310326823e-05,0.0,-0.00015710271398592388,-0.00015715264310421442,-0.0008302320092916489,-0.0006441008895635605
2024-06-25,Mineros SA,-0.0015371810015884953,-0.000374781332218069,0.00043116419025796704,0.0,-0.00045604173371059393,0.0005362285577563159,0.00015600641816854475,0.0010079012364149092
2024-06-25,Nutresa,0.0,-0.004180668936920087,-0.011166853146173232,0.0,0.0007298208837242081,0.0007297707269782144,-0.007148096203804017,0.002385371804237366
2024-06-25,Promigas,0.00423452214072016,-0.004346693916310518,0.0026163315884748226,0.0,-0.00021065554538350119,-0.010077820732855817,-0.0008978909552097321,-0.0012179121375083923
2024-06-26,Banco Davivienda PF,0.011049867859565814,-0.0006290705097123287,0.0005791916473418834,0.0,-0.0007336975599006823,-0.0007337477323336916,0.0003711800388991833,0.001263479754328728
2024-06-26,Banco de Bogota,0.0,-0.0007284057498138238,-0.001196085125702398,0.0,-0.0007615776816579375,-0.0007616281946253286,-0.0013402727842330932,-0.0009304829388856889
2024-06-26,Celsia,-0.020719770792169804,-0.0009053638445624176,-0.0012339991577232153,0.0,-0.00012464182140605533,-0.0003244380188829571,-0.0009149938970804215,-0.001037859670817852
2024-06-26,ETB,0.0,-0.0005025113689731273,-0.0012339991577232153,0.0,-0.0009166103154686668,-0.001715737253622831,-0.0027633543610572813,9.310564398765563e-05
2024-06-26,Ecopetrol,0.006500517966932934,0.0008266184899645528,0.00042338430389956503,0.0,0.00016223124156448503,-0.00396120982563099,-0.0007715614922344685,0.005458487153053283
2024-06-26,Grupo Bolivar,0.0,-0.0008960662127188359,-0.0012339991577232153,0.0,-0.00015710271398592388,-0.00015715264310421442,-0.0025128214061260223,-0.00030814465880393984
2024-06-26,Mineros SA,0.004604696671020543,-0.0007952972312706321,-0.0012339991577232153,0.0,-0.00045604173371059393,-0.0003648819540637205,-0.0025158135890960692,0.0010806349664926529
2024-06-26,Nutresa,-0.0019286459435930484,0.0007557764669309116,0.0007832036365962632,0.0,0.0007298208837242081,0.0007297707269782144,-0.01532145595550537,0.0015290796756744385
2024-06-26,Promigas,-0.005649830938951751,-0.00021736297181794095,0.0009076509491045151,0.0,-0.00021065554538350119,-0.0032563237319413896,-0.001465954601764679,-0.0014218332022428513
2024-06-27,Banco Davivienda PF,-0.009031660536121176,-0.0004240334941498602,-0.00016162809107654974,0.0,-0.0007336975599006823,-0.0007337477323336916,-0.002237007260322571,-0.0020202788710594177
2024-06-27,Banco de Bogota,0.0,-0.00025732504671713703,-0.00016162809107654974,0.0,-0.0007615776816579375,-0.0007616281946253286,0.0009372124299407003,-0.0016451100409030912
2024-06-27,Celsia,0.0,-0.000124044344610826,0.0005909784773535838,0.0,-0.00012464182140605533,0.002811299528499097,0.0008154306150972843,0.0019762329459190368
2024-06-27,ETB,0.0,-0.00011253882658464296,-0.00016162809107654974,0.0,-0.0009166103154686668,-0.0017062004651718543,-0.0031750985085964205,-0.0015769821405410768
2024-06-27,Ecopetrol,0.004310443505370872,-2.5421620139255022e-06,0.0019880665301762815,0.0,0.00016223124156448503,0.0007739516228618075,0.00035326644778251644,0.0007390318065881729
2024-06-27,Grupo Bolivar,0.013353148895555556,-0.00045027016434268606,-0.00016162809107654974,0.0,-0.00015710271398592388,-0.00015715264310421442,1.2220665812492372e-05,-0.0009930374175310135
2024-06-27,Mineros SA,-0.0015325441824856777,-0.0004209869349836425,-0.0003457358287234946,0.0,-0.00045604173371059393,-0.0008832558649007411,-0.0014545700550079347,-0.0006858452707529069
2024-06-27,Nutresa,0.0,-0.0009457173979940366,-0.0010312689497645805,0.0,0.0007298208837242081,0.0007297707269782144,-0.0055648498237133035,4.981763660907748e-06
2024-06-27,Promigas,0.005649830938951634,-0.0016862172876183378,-0.0022214653534405717,0.0,-0.00021065554538350119,0.00029592993396367116,0.003700571030378342,-0.0005340657979249954
2024-06-28,Banco Davivienda PF,0.00803213882377573,-0.0003313714916777803,0.0005909784773535838,0.0,-0.0007336975599006823,-0.0007337477323336916,-0.00029974092543125154,0.00014677006006240848
2024-06-28,Banco de Bogota,0.0,-0.00037294552433675177,-0.00016162809107654974,0.0,-0.0007615776816579375,-0.0007616281946253286,-0.0024259677454829217,-0.0017388728857040407
2024-06-28,Celsia,0.009804021980689429,-0.0003457818125127318,-0.00016162809107654974,0.0,-0.00012464182140605533,-0.002181086063209354,-0.0003880188800394535,0.0008011568188667299
2024-06-28,ETB,0.0,0.0005176643090908121,0.0003439778839583524,0.0,-0.0009166103154686668,-0.001700839972863668,-0.0013698641210794448,-0.0002199150919914246
2024-06-28,Ecopetrol,-0.0021529607767251484,-0.0009118100590622292,-0.0005071003312559564,0.0,0.00016223124156448503,0.0005625708382801756,-0.00035653867572546006,-5.987712740898134e-05
2024-06-28,Grupo Bolivar,0.0,-0.00043661560522866147,-0.00016162809107654974,0.0,-0.00015710271398592388,-0.00015715264310421442,-0.002856789320707321,-0.00261233776807785
2024-06-28,Mineros SA,-0.01389977782179568,-0.00012632212157334338,-0.00014645729417021562,0.0,-0.00045604173371059393,-0.00036527330116965367,-0.0009456095844507217,-0.0004276389107108116
2024-06-28,Nutresa,0.0,-0.0010594108485620145,-0.0010312689497645805,0.0,0.0007298208837242081,0.0007297707269782144,-0.013036722481250762,-0.0006939349472522736
2024-06-28,Promigas,0.0,-0.0005099489352266923,-0.0003457358287234946,0.0,-0.00021065554538350119,-0.0013514426384931804,-0.007843709826469421,-0.001630407929420471
2024-07-02,Banco Davivienda PF,0.021761453890151796,-0.00022774611044458035,0.0005270822486107974,0.0,-0.0007336975599006823,-0.0007337477323336916,0.00035375145077705384,-0.0018947216570377348
2024-07-02,Banco de Bogota,0.0,-0.00017682837817535875,0.0005270822486107974,0.0,-0.0007615776816579375,-0.0007616281946253286,0.0001246665306389332,-0.0021652735471725465
2024-07-02,Celsia,-0.015980648818412196,-0.00020632235363991688,0.0005270822486107974,0.0,-0.00012464182140605533,-0.0012306195185138944,-0.0007148155197501183,-0.0016069393157958985
2024-07-02,ETB,0.0,0.0007538662975250564,0.0005270822486107974,0.0,-0.0009166103154686668,-0.0016969116279641195,-0.0009344068691134452,-0.001001285135746002
2024-07-02,Ecopetrol,-0.010834264437316155,-0.00024569689724461633,0.00034297451096385235,0.0,0.00016223124156448503,-6.126158942790803e-05,-0.0008267262727022172,-0.0005773220360279082
2024-07-02,Grupo Bolivar,-0.003565188737377276,-0.0001739045713741651,0.0005270822486107974,0.0,-0.00015710271398592388,-0.00015715264310421442,-0.002329857662320137,-0.0025104992389678956
2024-07-02,Mineros SA,0.027609071382434885,5.169199989876057e-05,0.001294859613947264,0.0,-0.00045604173371059393,0.0006785200808501137,-0.0008794599771499633,0.000845933273434639
2024-07-02,Nutresa,-0.00038622210434952054,-0.002107640959838622,-0.0005418371446305123,0.0,0.0007298208837242081,0.0007297707269782144,-0.007463857352733612,-0.001527468651533127
2024-07-02,Promigas,0.0,-0.0003711716520095525,0.00034297451096385235,0.0,-0.00021065554538350119,-0.000500378649744967,-0.005024756729602814,-0.0021876882910728456
2024-07-03,Banco Davivienda PF,-0.01677390730907206,-0.000822645880712853,-0.0010986029511009983,0.0,-0.0007336975599006823,-0.0007337477323336916,0.0006331189274787903,-0.0035094466805458066
2024-07-03,Banco de Bogota,-0.011342561364112786,-0.00042478162495861133,-0.00016162809107654974,0.0,-0.0007615776816579375,-0.0007616281946253286,-0.0014378988593816758,-0.0016201526522636415
2024-07-03,Celsia,0.015980648818412223,-0.00013109821175098088,0.0007902570119068628,0.0,-0.00012464182140605533,0.002649485527694956,0.0017499683201313016,0.0014216501712799071
2024-07-03,ETB,0.0,-0.00017790337714105169,-0.0003457358287234946,0.0,-0.0009166103154686668,-0.0016943915618203883,-0.0024268434569239615,-0.0008315590173006059
2024-07-03,Ecopetrol,-0.0021811348339984514,2.8753680735785237e-05,0.0006061492742599178,0.0,0.00016223124156448503,-0.0008991603966028333,-0.0007168093845248224,0.0012167806029319763
2024-07-03,Grupo Bolivar,-0.0016247454718284907,-0.000460511114578069,-0.0003457358287234946,0.0,-0.00015710271398592388,-0.00015715264310421442,-0.0002997663728892803,-0.0006616984009742737
2024-07-03,Mineros SA,0.009036143045205048,-0.001214133704732303,-0.0013620020720879443,0.0,-0.00045604173371059393,-0.0028248229753460533,-0.002907504290342331,-0.0032355589270591733
2024-07-03,Nutresa,0.0,-0.0014891442945782272,-0.0003457358287234946,0.0,0.0007298208837242081,0.0007297707269782144,-0.003010157555341721,-0.0008022153377532958
2024-07-03,Promigas,0.00701746987300478,-0.00046127674755004356,-0.0003457358287234946,0.0,-0.00021065554538350119,-0.00031941239185523287,-0.0018496986031532286,-0.0016439764797687533
2024-07-04,Banco Davivienda PF,0.0,-0.00012249524329994085,0.0005909784773535838,0.0,-0.0007336975599006823,-0.0007337477323336916,0.0003877224884927273,0.0005043087899684907
2024-07-04,Banco de Bogota,0.0,-0.00032350465779888715,0.0005909784773535838,0.0,-0.0007615776816579375,-0.0007616281946253286,-0.00038844314962625505,0.0005819283574819565
2024-07-04,Celsia,0.0,-0.00040642270957142357,-0.00016162809107654974,0.0,-0.00012464182140605533,-0.003512722444028972,-0.0014307239204645159,-0.001321680709719658
2024-07-04,ETB,0.0,-9.164930502722409e-05,-0.0003457358287234946,0.0,-0.0009166103154686668,-0.001692884097207098,-0.001410178333520889,-0.0008525529503822327
2024-07-04,Ecopetrol,-0.004376343440554554,-0.00043826829023918177,-0.0003457358287234946,0.0,0.00016223124156448503,-6.398088250940025e-05,-0.00020312680304050446,0.000553487852215767
2024-07-04,Grupo Bolivar,-0.024692531679573988,-0.0003977142955573276,-0.0003457358287234946,0.0,-0.00015710271398592388,-0.00015715264310421442,-0.0004241030812263489,2.8969749808311448e-05
2024-07-04,Mineros SA,0.00299404211702008,-0.000531650105173486,-0.0003457358287234946,0.0,-0.00045604173371059393,-0.0012572695314208592,-0.0018278981447219847,-0.0031649357080459593
2024-07-04,Nutresa,0.028557052081987434,-0.0014091569359509057,-0.0003457358287234946,0.0,0.0007298208837242081,0.0007297707269782144,-0.0015944719165563582,-0.0005089042484760284
2024-07-04,Promigas,0.015267556141129273,-0.0004206898548431019,-0.0003457358287234946,0.0,-0.00021065554538350119,-0.0017730944799632135,-0.0016788044869899747,-0.001582471638917923
2024-07-05,Banco Davivienda PF,0.008915352557863382,-0.00012082984390510329,0.0007729989327906149,0.0,-0.0007336975599006823,-0.0007337477323336916,-0.00047867212817072867,-0.0001298096626996994
2024-07-05,Banco de Bogota,-0.007633317829432173,-6.163762148151486e-05,0.0007729989327906149,0.0,-0.0007615776816579375,-0.0007616281946253286,-9.604872390627859e-05,-0.00029852779209613796
2024-07-05,Celsia,0.004866233425651135,-8.151451376292046e-05,0.0007729989327906149,0.0,-0.00012464182140605533,0.0014604844457250584,-0.00024129735678434368,-0.0005582929253578186
2024-07-05,ETB,0.0,0.0009599371523401272,0.0005888911951436701,0.0,-0.0009166103154686668,-0.0016918809277062545,-0.00019041133299469945,-0.0003682099878787994
2024-07-05,Ecopetrol,0.006557478274552984,-8.728280162028744e-05,0.0005888911951436701,0.0,0.00016223124156448503,-0.00027585720256986785,-0.0002576716002076864,0.0008207390755414964
2024-07-05,Grupo Bolivar,0.016529316993224148,0.0003778852603975365,0.0011963631399855524,0.0,-0.00015710271398592388,-0.00015715264310421442,0.00148269746825099,0.003558234453201294
2024-07-05,Mineros SA,0.013363315334605264,-0.00015505232782822337,0.0005888911951436701,0.0,-0.00045604173371059393,-0.0007473167686389936,-0.0003659403324127198,-0.0019608407020568846
2024-07-05,Nutresa,-0.006024100600873541,-0.00039093698625756497,-3.342083931755438e-05,0.0,0.0007298208837242081,0.0007297707269782144,0.0014499782174825669,-0.0032249756455421446
2024-07-05,Promigas,-0.0013784844690182445,-0.00010560018260541642,0.0005888911951436701,0.0,-0.00021065554538350119,-0.003836458304625915,-0.003343728572130203,-0.0026352467536926273
2024-07-08,Banco Davivienda PF,-0.018915446083483143,9.730734607912297e-05,0.0007729989327906149,0.0,-0.0007336975599006823,-0.0007337477323336916,-1.8183298408985133e-05,-0.0006487082839012146
2024-07-08,Banco de Bogota,-0.004608384769432469,5.270215632657497e-05,0.0008595879260650934,0.0,-0.0007615776816579375,-0.0007616281946253286,0.0004477235414087772,0.0010164210796356201
2024-07-08,Celsia,0.01086311130682708,2.114078230396588e-05,0.0007729989327906149,0.0,-0.00012464182140605533,-0.0006738672022063212,0.00024085528403520592,-0.0006252935081720352
2024-07-08,ETB,0.0,0.001138766408077604,0.0005888911951436701,0.0,-0.0009166103154686668,-0.0016912259722951834,9.279217943549156e-05,0.00016100324690341948
2024-07-08,Ecopetrol,-0.01536810795670788,-4.2483654028145884e-05,0.0005888911951436701,0.0,0.00016223124156448503,0.0007794492964459966,-9.437691606581212e-05,-0.0003196146935224533
2024-07-08,Grupo Bolivar,0.0,-3.783959510410932e-05,0.001145356118221313,0.0,-0.00015710271398592388,-0.00015715264310421442,-0.00022158646211028094,-0.00042340458184480666
2024-07-08,Mineros SA,0.0,2.4539481567698953e-05,0.0005888911951436701,0.0,-0.00045604173371059393,-0.0016224824747729399,-0.0008687168657779693,-0.002139292299747467
2024-07-08,Nutresa,0.0,7.622228636443239e-05,0.0008595879260650934,0.0,0.0007298208837242081,0.0007297707269782144,0.0011042764782905577,-0.0004052990823984146
2024-07-08,Promigas,-0.006920341767676808,-4.099011318383211e-05,0.0005888911951436701,0.0,-0.00021065554538350119,-0.0007356662575247146,-0.0017527080327272414,-0.0009278940707445145
2024-07-09,Banco Davivienda PF,-0.01010110638446497,3.6284476129386176e-05,0.0011634978853754631,0.0,-0.0007336975599006823,-0.0007337477323336916,-0.00013851318135857586,0.001635977044701576
2024-07-09,Banco de Bogota,-0.01786464550016619,0.00035114489140456817,0.00034252796227163994,0.0,-0.0007615776816579375,-0.0007616281946253286,0.00011853955686092374,0.0004259539842605591
2024-07-09,Celsia,0.0023981692946825907,-0.00017841615458505342,-0.00036235654731654103,0.0,-0.00012464182140605533,-0.0008671871967613104,-0.0011480671465396882,-0.0026912128925323485
2024-07-09,ETB,0.0,0.0014071115399262636,-0.0003876926371356214,0.0,-0.0009166103154686668,-0.0016908179435925564,-0.0019353081285953526,-0.0009392146021127701
2024-07-09,Ecopetrol,-0.00888894741724604,8.31007687036684e-05,0.0011786686822817972,0.0,0.00016223124156448503,-0.0013367562031014934,-0.0003098505437374115,0.0011955733001232146
2024-07-09,Grupo Bolivar,0.00011537715813032958,-0.00018046005691507163,-0.0005464642849634864,0.0,-0.00015710271398592388,-0.00015715264310421442,-0.0014008474498987198,-0.0012507756650447846
2024-07-09,Mineros SA,0.001473817237910782,-0.00018129097919359388,-0.0005464642849634864,0.0,-0.00045604173371059393,-0.0004946198892576178,-0.0020436682552099224,-0.0019756934046745297
2024-07-09,Nutresa,-0.018293226601224906,-0.0002068855026641954,-0.0005464642849634864,0.0,0.0007298208837242081,0.0007297707269782144,-0.0009501405805349349,-0.0012175975441932677
2024-07-09,Promigas,0.01652942805700704,-0.0001770734964690524,-3.578485492708527e-05,0.0,-0.00021065554538350119,0.0011020661938926613,-0.0021945440471172334,-0.0006186187267303467
2024-07-10,Banco Davivienda PF,0.01010110638446508,-0.00014508902650180462,0.0005920542347094366,0.0,-0.0007336975599006823,-0.0007337477323336916,-0.00034469957649707795,0.0016614364534616468
2024-07-10,Banco de Bogota,-0.009448972621027169,-0.00016300711099397644,0.0005920542347094366,0.0,-0.0007615776816579375,-0.0007616281946253286,-0.0003705772943794727,0.0020965955555438997
2024-07-10,Celsia,-0.0011983657455179155,-0.0006818442107027542,-0.001317186470182794,0.0,-0.00012464182140605533,0.0006822991001395434,-0.0013998297452926635,-0.0027896528244018555
2024-07-10,ETB,0.0,0.00045246776553785914,-0.0011584148223549291,0.0,-0.0009166103154686668,-0.0016905548091601702,-0.003008360356092453,-0.0017404980063438415
2024-07-10,Ecopetrol,-0.013483318050107312,-0.0002934544522689031,0.00040794649706249144,0.0,0.00016223124156448503,-0.0007114030188609212,0.00014637022465467455,0.0010007400661706926
2024-07-10,Grupo Bolivar,0.0,-0.0005992768933348693,-0.001317186470182794,0.0,-0.00015710271398592388,-0.00015715264310421442,4.3206270784139624e-05,-0.0015322438478469849
2024-07-10,Mineros SA,0.0014717201053724262,-0.0006702101091038052,-0.001317186470182794,0.0,-0.00045604173371059393,-0.000619009928623265,-0.0016153602898120879,-0.002313425600528717
2024-07-10,Nutresa,-0.019418060325283697,-0.00023489653728531905,0.0007142739375441145,0.0,0.0007298208837242081,0.0007297707269782144,0.0010824190750718114,0.0019821550101041794
2024-07-10,Promigas,-0.01652942805700703,-0.0008214010183494006,-0.001317186470182794,0.0,-0.00021065554538350119,-0.0034934161441224597,-0.006189501285552979,-0.0038065478801727294
2024-07-11,Banco Davivienda PF,0.0,-0.0005524623350284672,-0.0011330787325358489,0.0,-0.0007336975599006823,-0.0007337477323336916,-0.001612796366214752,-0.001567038506269455
2024-07-11,Banco de Bogota,-0.007942794038332741,-9.427915230134354e-05,0.0005920542347094366,0.0,-0.0007615776816579375,-0.0007616281946253286,0.00015607857704162594,0.0015965030044317245
2024-07-11,Celsia,0.023697809598200566,-0.0006205967362901901,-0.001317186470182794,0.0,-0.00012464182140605533,0.0002478932898133493,-0.0009431855827569961,-0.002018838584423065
2024-07-11,ETB,0.0,0.0009708470650842711,-0.0006528088473200257,0.0,-0.0009166103154686668,-0.0016903839223415935,-0.0021459654793143275,-0.0014223826229572297
2024-07-11,Ecopetrol,0.013483318050107187,-0.0002677834603725479,0.00040794649706249144,0.0,0.00016223124156448503,-0.0011548407585715366,-0.0001237691082060336,0.0017623644322156905
2024-07-11,Grupo Bolivar,0.0,-0.0005298047943377606,-0.0011330787325358489,0.0,-0.00015710271398592388,-0.00015715264310421442,-0.0006248612701892853,-0.0014749850034713745
2024-07-11,Mineros SA,-0.004421457798215227,-0.000606544635289744,-0.001317186470182794,0.0,-0.00045604173371059393,-0.0006188329308298542,-0.0016096132397651675,-0.001898370623588562
2024-07-11,Nutresa,0.0,3.554969660874494e-05,0.0005233307880724359,0.0,0.0007298208837242081,0.0007297707269782144,0.005659664511680603,0.003837738335132598
2024-07-11,Promigas,0.0,-0.0004824060404983795,0.000208667962509212,0.0,-0.00021065554538350119,0.0025589022564428544,-0.0008247504830360411,-8.84731113910675e-05
2024-07-12,Banco Davivienda PF,0.0,-0.0004650110561958242,-0.0002436399366085088,0.0,-0.0007336975599006823,-0.0007337477323336916,-0.00010605062916874883,-0.00058238385617733
2024-07-12,Banco de Bogota,0.004773191116240246,-8.664118817759243e-05,0.0003944059127640165,0.0,-0.0007615776816579375,-0.0007616281946253286,-0.00028000733256340024,0.0019653508961200716
2024-07-12,Celsia,0.011641552319857269,-0.0008905007093474613,-0.0013647225342799023,0.0,-0.00012464182140605533,-0.0029160978468950553,-0.0011684599369764328,-0.0035302545428276067
2024-07-12,ETB,0.0,0.0010695461962763558,-0.0002689760264275887,0.0,-0.0009166103154686668,-0.0016902753863772529,-0.0007284926697611809,-0.00074260912835598
2024-07-12,Ecopetrol,-0.02257428945649919,-0.00035829919520921643,-0.00042774767425545374,0.0,0.00016223124156448503,0.0014479148994826782,0.00025861879065632823,-0.0011544942855834961
2024-07-12,Grupo Bolivar,-0.010582067237451849,-0.0005312973828852264,-0.0002436399366085088,0.0,-0.00015710271398592388,-0.00015715264310421442,-0.00014503637701272968,-0.000890929713845253
2024-07-12,Mineros SA,-0.011880022998138876,-0.0005298000408180815,-0.00042774767425545374,0.0,-0.00045604173371059393,-0.00012144925763088059,-0.0003822818398475647,-9.51596572995186e-05
2024-07-12,Nutresa,-0.00985232273320031,-0.00017156266707517545,8.619368586104853e-05,0.0,0.0007298208837242081,0.0007297707269782144,0.00746404469013214,0.0017158965021371844
2024-07-12,Promigas,0.0,-0.00044049634337058914,-0.00042774767425545374,0.0,-0.00021065554538350119,0.0003310987621187782,-0.00021259021013975143,2.0919740200042693e-06
2024-07-15,Banco Davivienda PF,-0.01010110638446497,-0.0007729679786621898,-0.0015619276874349922,0.0,-0.0007336975599006823,-0.0007337477323336916,-0.0004601907432079315,-0.0009833356738090516
2024-07-15,Banco de Bogota,0.008692540968875478,0.0001280526879226458,0.001853520108053196,0.0,-0.0007615776816579375,-0.0007616281946253286,0.00024195278063416474,-0.00020856775343418123
2024-07-15,Celsia,-0.012813240936125597,-0.0010575401534464444,-0.0015619276874349922,0.0,-0.00012464182140605533,0.0009135894098758951,-0.0007909265756607055,-0.0032934132218360905
2024-07-15,ETB,0.0,0.0006519595105662709,-0.0008975500645722255,0.0,-0.0009166103154686668,-0.0016902059035939065,-0.0009622009322047235,-0.0006592597365379334
2024-07-15,Ecopetrol,0.013605619473738747,-0.00019253714123268595,0.0005081498063908678,0.0,0.00016223124156448503,-0.002032279723419189,0.000373903501778841,0.002186117112636566
2024-07-15,Grupo Bolivar,-0.002663476052625664,-0.0006940000055275477,-3.6073254742986476e-05,0.0,-0.00015710271398592388,-0.00015715264310421442,0.0006747280303388834,0.0008257589936256409
2024-07-15,Mineros SA,0.01924567038282353,-0.000643152508289494,-3.6073254742986476e-05,0.0,-0.00045604173371059393,0.000508052959445177,0.00016078183799982072,0.0012291112542152404
2024-07-15,Nutresa,-0.0007923320476563784,-5.3278922413089236e-05,0.00029376036772657077,0.0,0.0007298208837242081,0.0007297707269782144,0.0028441195935010907,0.0020981436371803287
2024-07-15,Promigas,-0.006968729904434196,-0.0008535499820785888,-0.0015619276874349922,0.0,-0.00021065554538350119,-0.0001426109318778921,-0.0015516923666000365,-0.0007053248733282089
2024-07-16,Banco Davivienda PF,-0.010204180785494406,-0.0005777416905444452,8.011767692248082e-05,0.0,-0.0007336975599006823,-0.0007337477323336916,-0.0005433083176612853,0.0002526394873857498
2024-07-16,Banco de Bogota,-0.004732040038496335,-0.0005114394651143545,-0.00047321035695437324,0.0,-0.0007615776816579375,-0.0007616281946253286,-0.0012944808155298233,-0.002296132743358612
2024-07-16,Celsia,-0.00705891627890857,-0.0007652453214521047,8.011767692248082e-05,0.0,-0.00012464182140605533,0.0024746771188959983,-0.00024642658233642583,-0.0004016355574131012
2024-07-16,ETB,0.0,5.742316149463498e-05,-0.0005137172436797876,0.0,-0.0009166103154686668,-0.0016901610741912655,-0.002999964624643326,-0.001808067262172699
2024-07-16,Ecopetrol,-0.018182319083190474,-0.0005615641331254283,-0.0006724888915076526,0.0,0.00016223124156448503,0.0014597191423686717,0.0010171069353818894,-0.0020123798847198485
2024-07-16,Grupo Bolivar,-0.0003332667463877707,-0.0007175840682811849,-0.0006724888915076526,0.0,-0.00015710271398592388,-0.00015715264310421442,-0.0004323598518967629,-6.876736879348643e-07
2024-07-16,Mineros SA,0.02462109473560504,-0.0013305701376665991,-0.001609463751532101,0.0,-0.00045604173371059393,-0.0021189526999738735,-0.0025508411526679996,-0.002558012902736664
2024-07-16,Nutresa,-0.009157945962233103,-8.344559107315148e-05,-0.00034265526903809517,0.0,0.0007298208837242081,0.0007297707269782144,0.0034490834772586826,0.0008199149370193481
2024-07-16,Promigas,0.006968729904434098,-0.0007179643705559422,1.4127853480619548e-05,0.0,-0.00021065554538350119,0.0012384597254881638,-0.0012602560967206957,-0.0002919380366802215
2024-07-17,Banco Davivienda PF,-0.020726152406298243,-0.00044964815022592114,0.000208667962509212,0.0,-0.0007336975599006823,-0.0007337477323336916,-0.0006693528145551681,0.0008411038964986801
2024-07-17,Banco de Bogota,0.010224216807309689,-0.0005203316966874704,-0.0011330787325358489,0.0,-0.0007615776816579375,-0.0007616281946253286,-0.00046004239842295654,-0.0012963421940803527
2024-07-17,Celsia,-0.022687517396518114,-0.0005631236078574733,-0.0008065070401463913,0.0,-0.00012464182140605533,-0.000600650183054991,-0.0003491462841629982,0.00029612293839454654
2024-07-17,ETB,0.0,0.000755547588754946,-0.0011584148223549291,0.0,-0.0009166103154686668,-0.0016901323916910427,-0.001665985316038132,-0.0015625201761722564
2024-07-17,Ecopetrol,0.0022908701050555697,-5.404257108035827e-05,0.0005920542347094366,0.0,0.00016223124156448503,-0.0016083771759655668,0.0005254125222563744,0.0011729413270950319
2024-07-17,Grupo Bolivar,-0.0026709865865820696,-0.0005274666608713318,-0.0011330787325358489,0.0,-0.00015710271398592388,-0.00015715264310421442,-0.0007048686109483243,-0.0006521397307515145
2024-07-17,Mineros SA,-0.001431677101653588,-0.0008745166655704868,-0.001748555355172339,0.0,-0.00045604173371059393,-0.0025726380210910277,-0.0027553141713142397,-0.0047219860553741454
2024-07-17,Nutresa,0.0,4.85882956402868e-05,0.0007226093226257149,0.0,0.0007298208837242081,0.0007297707269782144,0.0024637750685214998,0.0015872286707162859
2024-07-17,Promigas,0.006920341767676799,-0.00047285678737702167,-0.001317186470182794,0.0,-0.00021065554538350119,-0.001431472015715925,-0.001988990604877472,-0.0019523927867412566
2024-07-18,Banco Davivienda PF,-0.020095863889132006,0.0003329830092348082,0.0010976602097443383,0.0,-0.0007336975599006823,-0.0007337477323336916,-0.000320957787334919,0.0031927849054336544
2024-07-18,Banco de Bogota,-0.005492176768813407,-0.0006206140939935975,-0.0011330787325358489,0.0,-0.0007615776816579375,-0.0007616281946253286,-0.001014636129140854,-0.0035173023939132687
2024-07-18,Celsia,0.01913938191252994,-0.00020760834652182463,0.0005536124890897873,0.0,-0.00012464182140605533,0.001732495688829585,0.0011798865944147112,0.003072379350662231
2024-07-18,ETB,0.0,0.0004994942505715951,-0.0011584148223549291,0.0,-0.0009166103154686668,-0.0016901140360979854,-0.002397451400756836,-0.002316773146390915
2024-07-18,Ecopetrol,-0.002290870105055494,-0.0003512031802703153,-0.0011330787325358489,0.0,0.00016223124156448503,0.0003676464111105357,0.0010622784718871117,-0.0009226658791303636
2024-07-18,Grupo Bolivar,-0.0016732440617936708,-0.0005001561845749011,-0.001317186470182794,0.0,-0.00015710271398592388,-0.00015715264310421442,-0.00019415994733572008,-0.0008820758834481239
2024-07-18,Mineros SA,-0.021724248927374158,-0.0006428985897228624,-0.001317186470182794,0.0,-0.00045604173371059393,-0.0003737864735173916,-0.0011696705371141434,-0.0028307600021362303
2024-07-18,Nutresa,0.0,-0.00040068723733180546,-0.0010025236446195708,0.0,0.0007298208837242081,0.0007297707269782144,0.0015373706854879857,-8.544093370437621e-05
2024-07-18,Promigas,0.0,-0.0006187664060775935,-0.001317186470182794,0.0,-0.00021065554538350119,-0.0019889047613891237,-0.0033073560893535615,-0.0029652594923973083
2024-07-19,Banco Davivienda PF,0.004264490056869616,-0.0002648165852203147,0.00024521712534225187,0.0,-0.0007336975599006823,-0.0007337477323336916,-0.0002442006953060627,0.004119662702083587
2024-07-19,Banco de Bogota,0.007056210182227892,-0.0008133414184889144,-0.0014799158419030334,0.0,-0.0007615776816579375,-0.0007616281946253286,-0.0015733599364757538,-0.0023303730189800265
2024-07-19,Celsia,0.01020712891150056,-0.0011806924581577254,-0.002416890701927479,0.0,-0.00012464182140605533,-0.004534364058995117,-0.0028963645994663236,-0.002006502866744995
2024-07-19,ETB,-0.12306009275722725,0.00042613797937081415,-0.0013211441940751685,0.0,-0.0009166103154686668,-0.0016901022378543757,-0.003941630870103836,-0.0025933122038841244
2024-07-19,Ecopetrol,0.0,-0.0004541541874992263,-0.0012806373073497542,0.0,0.00016223124156448503,-7.457227019937461e-05,0.0006805759742856026,-0.0011959584653377534
2024-07-19,Grupo Bolivar,-0.0036905820357100417,-0.0007470065201374746,-0.0014799158419030334,0.0,-0.00015710271398592388,-0.00015715264310421442,-0.001104664385318756,-0.0011612194776535033
2024-07-19,Mineros SA,0.0,-0.0005808956427975565,0.0007692876354548515,0.0,-0.00045604173371059393,0.001338904722719253,-0.002191369771957397,0.0007771921157836913
2024-07-19,Nutresa,-0.020202760965599743,-0.0005606574588965029,-0.0013493607539867554,0.0,0.0007298208837242081,0.0007297707269782144,0.01039662265777588,-0.0006048347800970078
2024-07-19,Promigas,-0.006920341767676808,-0.0009161986189964072,-0.0014799158419030334,0.0,-0.00021065554538350119,-0.0006359256079667579,-0.0035449181795120244,-0.0028324918150901793
2024-07-22,Banco Davivienda PF,-0.004264490056869659,-0.0009088380482569114,-0.001724387682520747,0.0,-0.0007336975599006823,-0.0007337477323336916,-0.0027064247131347655,-0.000839282989501953
2024-07-22,Banco de Bogota,-0.003913911327673997,-0.00112327353137873,-0.0019236662170740262,0.0,-0.0007615776816579375,-0.0007616281946253286,-0.0034059751033782954,-0.005119747400283814
2024-07-22,Celsia,0.0023866453259938814,-0.0011296722363766296,-0.0019236662170740262,0.0,-0.00012464182140605533,0.0006230190564704914,-0.003206529527902603,-0.005214364469051361
2024-07-22,ETB,0.0,0.012397501406294316,0.013477583380433176,0.0,-0.0009166103154686668,0.03567220278398922,0.025168040275573733,0.018429327964782714
2024-07-22,Ecopetrol,-0.00690459774223882,-0.0011141783664986235,-0.0019236662170740262,0.0,0.00016223124156448503,0.0001465370704555769,8.598444983363138e-06,-0.0034063062667846686
2024-07-22,Grupo Bolivar,0.008034812684085905,-0.0013350314320413835,-0.0019236662170740262,0.0,-0.00015710271398592388,-0.00015715264310421442,-0.001733386531472206,-0.002556358903646469
2024-07-22,Mineros SA,0.0,-0.0009415213248316932,-0.0019236662170740262,0.0,-0.00045604173371059393,-0.0004946198892576178,-0.0038745630681514738,-0.0016805500984191895
2024-07-22,Nutresa,-0.033197991897346665,-0.00041680926804658626,-6.797816191246318e-05,0.0,0.0007298208837242081,0.0007297707269782144,0.011797832965850831,0.0011255202293395997
2024-07-22,Promigas,0.0,-0.0010780680335647744,-0.0010345822689523207,0.0,-0.00021065554538350119,0.001123274578160621,-0.0029381114840507506,-0.002997901499271393
2024-07-23,Banco Davivienda PF,0.001067828651489181,-0.0007056075200990965,-0.0018090214210761465,0.0,-0.0007336975599006823,-0.0007337477323336916,-0.002437429547309876,-0.002798718512058258
2024-07-23,Banco de Bogota,0.0078123942256439855,-0.0009772326302561953,-0.002008299955629426,0.0,-0.0007615776816579375,-0.0007616281946253286,-0.006404407680034638,-0.004888458549976349
2024-07-23,Celsia,-0.02779629825773468,-0.001007301700581138,-0.002008299955629426,0.0,-0.00012464182140605533,0.0006185091249838856,-0.002714683681726456,-0.0060427325963974005
2024-07-23,ETB,0.0,-0.00012932370622174293,0.005530828533383054,0.0,-0.0009166103154686668,0.009148655224181542,0.013232923984527589,0.0070042648315429695
2024-07-23,Ecopetrol,-0.021004190374837764,-0.0006460058355475202,-0.0012983419910397448,0.0,0.00016223124156448503,-0.0005198783019852408,-0.0012696675658226014,-0.0035540800690650937
2024-07-23,Grupo Bolivar,-0.010053554911428635,-0.0008770982152358927,-0.002008299955629426,0.0,-0.00015710271398592388,-0.00015715264310421442,-0.002792148649692536,-0.0049907202124595635
2024-07-23,Mineros SA,0.005839443682432497,-0.0011000112183448508,-0.002008299955629426,0.0,-0.00045604173371059393,-0.0004946198892576178,-0.00442309159040451,-0.0033551809787750247
2024-07-23,Nutresa,0.09262141393132006,0.0004525016189072186,0.0002005403620914011,0.0,0.0007298208837242081,0.0007297707269782144,0.009345965266227722,0.004637995958328247
2024-07-23,Promigas,0.0,-0.0010613372203378826,-0.002008299955629426,0.0,-0.00021065554538350119,2.583362095848793e-05,-0.003692851185798645,-0.0042066826820373535
2024-07-24,Banco Davivienda PF,0.001066689609653675,-0.00047047994748885825,-0.00047321035695437324,0.0,-0.0007336975599006823,-0.0007337477323336916,0.0001578740105032921,-0.002243344888091087
2024-07-24,Banco de Bogota,-0.010168320562214757,-0.0007831810665511942,-0.0006724888915076526,0.0,-0.0007615776816579375,-0.0007616281946253286,-0.003244043856859207,-0.0032559529542922974
2024-07-24,Celsia,0.004889939030828597,-0.0003406637715310432,0.00015660628696271962,0.0,-0.00012464182140605533,0.003245756447024456,-0.0002800217233598232,0.0013941988795995713
2024-07-24,ETB,-0.048790164169432056,0.0020889874497226355,0.0022673042124436095,0.0,-0.0009166103154686668,0.01885930674610552,0.012058323621749878,0.003956286162137985
2024-07-24,Ecopetrol,0.007050574707361931,-0.0002777822278050453,0.00035588482151599905,0.0,0.00016223124156448503,-0.0018807374897748712,-0.000767972268164158,0.001677322208881378
2024-07-24,Grupo Bolivar,0.0,-0.0006408357906537231,8.011767692248082e-05,0.0,-0.00015710271398592388,-0.00015715264310421442,-0.0013619274497032167,-0.0008964541554450988
2024-07-24,Mineros SA,-0.020588929204506657,-0.0006714054247307052,-0.0006724888915076526,0.0,-0.00045604173371059393,-0.0009874683991318313,-0.0014350985884666442,-0.0022793866097927094
2024-07-24,Nutresa,0.019048245552597216,-0.0025477544833297314,-0.0071706848751649024,0.0,0.0007298208837242081,0.0007297707269782144,-0.0028646501004695895,-0.006163106560707092
2024-07-24,Promigas,0.006920341767676799,-0.0008718860371268503,-0.0006724888915076526,0.0,-0.00021065554538350119,-0.00020752108080948167,-0.002981837570667267,-0.002040723592042923
2024-07-25,Banco Davivienda PF,0.0,-0.0009367205745077469,-0.0022238416591405133,0.0,-0.0007336975599006823,-0.0007337477323336916,-0.0014778107963502407,-0.001827048510313034
2024-07-25,Banco de Bogota,-0.0007863725179830708,-0.00083332356517265,-0.000697987226448509,0.0,-0.0007615776816579375,-0.0007616281946253286,-0.002577340692281723,-9.342771768569946e-05
2024-07-25,Celsia,-0.0012202937571846471,-0.001046964814357226,-0.0016673767360628714,0.0,-0.00012464182140605533,-0.0034346061022145504,-0.0028640225231647493,-0.00012128695845603943
2024-07-25,ETB,0.0,0.0031642160205167255,0.002240732812763477,0.0,-0.0009166103154686668,0.024604081013045124,0.012704077243804932,0.009556527018547058
2024-07-25,Ecopetrol,0.0023391656424772505,-0.0007471074388488627,-0.001894008036670957,0.0,0.00016223124156448503,0.0008270417928066988,0.0003414348661899567,4.951371252536773e-05
2024-07-25,Grupo Bolivar,-0.004050037165063242,-0.0009102878188342244,-0.0022238416591405133,0.0,-0.00015710271398592388,-0.00015715264310421442,-0.00010782865062355996,-1.604849100112916e-05
2024-07-25,Mineros SA,-0.004467661983820109,-0.0004827316467764059,-0.0004987086918952296,0.0,-0.00045604173371059393,0.0012430838424992096,-0.0010284597873687746,0.0019033658206462863
2024-07-25,Nutresa,0.0,-0.00218847110067231,-0.003227739239784131,0.0,0.0007298208837242081,0.0007297707269782144,0.0012307681441307069,-0.006300268173217774
2024-07-25,Promigas,0.020478630231972765,-0.0010453966163948914,-0.0022238416591405133,0.0,-0.00021065554538350119,-0.0017286495708758412,-0.002960674971342087,-0.0018774440884590147
2024-07-26,Banco Davivienda PF,-0.008565327812559973,-0.0008160856540520037,-0.0006724888915076526,0.0,-0.0007336975599006823,-0.0007337477323336916,-0.0008282646685838699,-0.002722214192152023
2024-07-26,Banco de Bogota,0.00398404568714211,-0.0006593165479207209,-0.0006724888915076526,0.0,-0.0007615776816579375,-0.0007616281946253286,-0.001955685555934906,-0.000575233981013298
2024-07-26,Celsia,-0.018484722272793623,-0.0010207410262040432,-0.0006724888915076526,0.0,-0.00012464182140605533,0.000497609655546984,-0.0021990285813808445,-0.0005766226649284363
2024-07-26,ETB,0.0,0.0027218048390693886,0.003196973672711369,0.0,-0.0009166103154686668,0.007542227909118294,0.00844355446100235,0.003345170378684997
2024-07-26,Ecopetrol,0.002333706713430224,-0.0006235461621856356,-0.0006724888915076526,0.0,0.00016223124156448503,0.00037230778165804905,-0.0002273299470543861,-0.0009300741404294967
2024-07-26,Grupo Bolivar,-0.0023699876624862465,-0.0007625224312976384,-0.0006724888915076526,0.0,-0.00015710271398592388,-0.00015715264310421442,-0.0015536937713623048,-0.00024338798969984052
2024-07-26,Mineros SA,0.004467661983820095,-0.0007604882550986969,-0.0006724888915076526,0.0,-0.00045604173371059393,-0.0001175496286141945,-0.0006493464261293411,0.0005972367674112321
2024-07-26,Nutresa,-0.0003774758082981013,-0.0033016271076896212,-0.004881797807729325,0.0,0.0007298208837242081,0.0007297707269782144,0.0021605871319770814,-0.004276628077030182
2024-07-26,Promigas,0.013422902680261332,-0.001309547318558687,-0.001609463751532101,0.0,-0.00021065554538350119,-0.004935066119417288,-0.005126199364662171,-0.003986838340759277
2024-07-29,Banco Davivienda PF,-0.021740008311233447,-0.00037998022166039265,0.0005089666318216248,0.0,-0.0007336975599006823,-0.0007337477323336916,-0.0001443417966365814,-0.0018898879885673521
2024-07-29,Banco de Bogota,0.0023598181021345283,-0.0005187368575653913,-0.0002436399366085088,0.0,-0.0007615776816579375,-0.0007616281946253286,-0.0021390347480773923,-0.001776393234729767
2024-07-29,Celsia,-0.004987560762121663,-0.0001587298296854663,0.0005241374287279586,0.0,-0.00012464182140605533,0.0018379491267659263,2.6181932538747807e-05,0.0015432636588811875
2024-07-29,ETB,0.0,-4.670468615391445e-05,0.0003931385579825625,0.0,-0.0009166103154686668,0.010816006870056898,0.007707079410552979,0.00021994738280773155
2024-07-29,Ecopetrol,-0.007017589525701435,-0.00039398704938626113,-0.0002436399366085088,0.0,0.00016223124156448503,0.00037178089879393267,-0.00014973230287432674,-0.0020078517496585845
2024-07-29,Grupo Bolivar,-0.01640513297751419,-0.00045732956430604295,-0.0002436399366085088,0.0,-0.00015710271398592388,-0.00015715264310421442,-0.0009524289891123772,-0.0007057506665587426
2024-07-29,Mineros SA,0.0014848202362018397,-0.0005369405298147288,-0.00042774767425545374,0.0,-0.00045604173371059393,-0.0008716901499010399,-0.002284791991114616,-0.001525950863957405
2024-07-29,Nutresa,0.019069583770365866,-0.0015651651128877678,-0.00042774767425545374,0.0,0.0007298208837242081,0.0007297707269782144,-0.0030245597064495087,-0.003102989017963409
2024-07-29,Promigas,0.0,-0.0006041202351656732,-0.00042774767425545374,0.0,-0.00021065554538350119,-0.0041165666682514155,-0.004719487965106964,-0.004464971661567688
2024-07-30,Banco Davivienda PF,-0.009939329349119926,-5.87653892299939e-05,0.0009369987612900116,0.0,-0.0007336975599006823,-0.0007337477323336916,-0.0012952869534492493,0.0006070054173469543
2024-07-30,Banco de Bogota,-0.01743331606275249,-0.0006306706486517795,-0.0011330787325358489,0.0,-0.0007615776816579375,-0.0007616281946253286,-0.0013842024356126785,-0.0023067033886909486
2024-07-30,Celsia,-0.010050307550185706,-0.00014623175466127122,-0.0006123019605946114,0.0,-0.00012464182140605533,-0.0013969508166948683,-0.0017503179460763932,0.0008243529200553893
2024-07-30,ETB,0.018576385572935457,8.865807603108181e-05,-0.00033493573541231494,0.0,-0.0009166103154686668,0.005789411523229882,0.0020997128784656523,-0.002427896827459335
2024-07-30,Ecopetrol,0.0,-0.0005079131328699384,-0.0006223993024994463,0.0,0.00016223124156448503,-0.0005307840005168653,0.00010950811207294463,-0.0011106750667095185
2024-07-30,Grupo Bolivar,-0.0233581904011072,-0.0002839840658586041,0.0005920542347094366,0.0,-0.00015710271398592388,-0.00015715264310421442,0.0004063016325235367,0.0009685899913311005
2024-07-30,Mineros SA,0.004441206088950805,-0.0006613752073084473,-0.001317186470182794,0.0,-0.00045604173371059393,-0.0006199385806673305,-0.0014389689117670058,-0.002283402740955353
2024-07-30,Nutresa,0.0,-0.0011859304620923875,-0.0022541613302072398,0.0,0.0007298208837242081,0.0007297707269782144,-0.0008963692933320999,-0.004653437554836273
2024-07-30,Promigas,-0.040821874679910934,-0.0007058653036343337,-0.001317186470182794,0.0,-0.00021065554538350119,-0.001088341664138672,-0.0027943396866321564,-0.0030860211849212645
2024-07-31,Banco Davivienda PF,0.009939329349120025,-0.0007995043107184751,-0.0005697436851100483,0.0,-0.0007336975599006823,-0.0007337477323336916,-0.0021137897372245787,9.918135404586791e-05
2024-07-31,Banco de Bogota,0.0,-0.0007314038672712192,-0.0007002987730263266,0.0,-0.0007615776816579375,-0.0007616281946253286,-0.001346555516123772,0.000362972155213356
2024-07-31,Celsia,0.0,-0.0007983599801094033,-0.0007002987730263266,0.0,-0.00012464182140605533,0.0005131362848005284,-0.0015828868225216865,0.0009546929150819778
2024-07-31,ETB,0.0,0.0003865862872756274,0.0004235323354903896,0.0,-0.0009166103154686668,-0.0038042247141439407,-0.0012587473392486573,-0.005933404803276062
2024-07-31,Ecopetrol,0.0209066691090411,-0.001138150327880234,-0.0024254317402716097,0.0,0.00016223124156448503,0.0001465370704555769,0.00030390702933073046,-0.0018162239491939544
2024-07-31,Grupo Bolivar,0.014010995848721298,-0.00013260522036547575,0.0001502517285891508,0.0,-0.00015710271398592388,-0.00015715264310421442,0.0017438053339719772,0.003291426718235016
2024-07-31,Mineros SA,0.016117415841535535,-0.0012152208412178303,-0.0024254317402716097,0.0,-0.00045604173371059393,-0.000869457274806629,-0.002273122951388359,-0.0037197347283363345
2024-07-31,Nutresa,0.018349114529023193,-0.0011756313318795322,-0.0024254317402716097,0.0,0.0007298208837242081,0.0007297707269782144,4.02945503592491e-05,-0.003796099007129669
2024-07-31,Promigas,0.0027738539844118,3.994064898305243e-06,-0.00039416006014547314,0.0,-0.00021065554538350119,0.0082357380206114,0.0053233602643013005,0.004132298886775971
2024-08-01,Banco Davivienda PF,0.005479471272163687,0.0003146356220315634,0.003171807858879679,0.0,-0.0007336975599006823,-0.0007337477323336916,-0.0004157538264989853,-0.0019974720180034634
2024-08-01,Banco de Bogota,-0.0007997576981241545,-0.0005224028200390376,-0.0002436399366085088,0.0,-0.0007615776816579375,-0.0007616281946253286,-0.0025552311539649964,-0.00034763531386852264
2024-08-01,Celsia,0.010050307550185733,-0.00033117628066055646,-0.0002284691397021749,0.0,-0.00012464182140605533,-0.0011224168953787447,-0.0018437272459268569,-3.722190111875534e-05
2024-08-01,ETB,0.0,-0.0005000545294985508,-0.00011308484869223082,0.0,-0.0009166103154686668,-0.000516933432250222,-0.0003533521592617035,-0.005367691874504089
2024-08-01,Ecopetrol,-0.025612526646609027,-0.0008403439164809993,-0.0011806147966329568,0.0,0.00016223124156448503,0.0021643991097698226,0.0005291718430817128,-0.003742366075515747
2024-08-01,Grupo Bolivar,-0.012249006007786785,-0.0003443467657571201,-4.436140205522957e-05,0.0,-0.00015710271398592388,-0.00015715264310421442,-0.0020621307492256166,-0.0007417185828089715
2024-08-01,Mineros SA,-0.026511104150508072,-0.0006201339146810834,-0.00042774767425545374,0.0,-0.00045604173371059393,-0.0018549283043248015,-0.0006404411047697067,-0.004695430338382721
2024-08-01,Nutresa,-0.02765153200730933,-0.0009969912424646898,-0.0013647225342799023,0.0,0.0007298208837242081,0.0007297707269782144,-0.00018306678906083106,-0.0035478438138961794
2024-08-01,Promigas,0.03671398833371432,0.00025203173252727414,0.0019060546846443214,0.0,-0.00021065554538350119,0.0009483752023748829,0.0023940821588039397,0.0013693133443593978
2024-08-02,Banco Davivienda PF,0.0,0.00025689345502336166,0.0022823690629523393,0.0,-0.0007336975599006823,-0.0007337477323336916,0.0008279838301241398,-0.002363653481006623
2024-08-02,Banco de Bogota,0.0,-0.0006152251492370659,-0.0011330787325358489,0.0,-0.0007615776816579375,-0.0007616281946253286,-0.0019015907198190688,-0.0003961401283740998
2024-08-02,Celsia,-0.005012561268105457,-0.0004100303309135649,-0.0011179079356295149,0.0,-0.00012464182140605533,-0.0012583890472739475,-0.0015442894995212554,-0.0018225417137145996
2024-08-02,ETB,0.0,-0.0007205448899670356,-0.0010025236446195708,0.0,-0.0009166103154686668,-0.0028953406066849568,-0.000492460697889328,-0.00382133162021637
2024-08-02,Ecopetrol,-0.028710105882431367,-0.00023734548710452677,0.0005854552418618636,0.0,0.00016223124156448503,-0.0023255231597781724,-0.00034509085118770603,0.0013771357387304306
2024-08-02,Grupo Bolivar,-0.015971935596662473,-0.00031523729204245804,0.0005920542347094366,0.0,-0.00015710271398592388,-0.00015715264310421442,-0.0011696049869060515,0.0007210034430027007
2024-08-02,Mineros SA,-0.04580947226154483,-0.00010250148985864559,0.0004013475042149185,0.0,-0.00045604173371059393,0.0017429148634116947,-0.00024777944013476365,0.0012243938222527505
2024-08-02,Nutresa,-0.009389690483781713,-9.0156792787025e-06,0.0004013475042149185,0.0,0.0007298208837242081,0.0007297707269782144,0.004038566768169403,0.002355801805853844
2024-08-02,Promigas,-0.0380999535429876,-0.001828515608879425,-0.002725224168385663,0.0,-0.00021065554538350119,-0.00781804657460906,-0.006797873616218567,-0.0036438292860984803
2024-08-05,Banco Davivienda PF,-0.006579000136320745,-0.0012229881240400917,-0.001875122974689707,0.0,-0.0007336975599006823,-0.0007337477323336916,-0.0016096571851521731,-0.004026794910430908
2024-08-05,Banco de Bogota,-0.008838760421226666,-0.0011483197016698115,-0.0020056780626059854,0.0,-0.0007615776816579375,-0.0007616281946253286,-0.0025079630613327026,-0.002292137295007706
2024-08-05,Celsia,-0.02802735383618341,-0.0011849932158869792,-0.0020056780626059854,0.0,-0.00012464182140605533,0.0014372341510861253,-0.002689840868115425,-0.002644158273935318
2024-08-05,ETB,0.0,-0.0012031234959785566,-0.001875122974689707,0.0,-0.0009166103154686668,-0.0023599553574341244,-0.005238910526037217,-0.005182726919651032
2024-08-05,Ecopetrol,-0.009756174945364685,-0.00010955764897612304,0.0007514194422137963,0.0,0.00016223124156448503,-0.00262449414942429,-0.0021817610338330266,0.0037605471611022955
2024-08-05,Grupo Bolivar,-0.012239018143992222,-0.000694113397297027,-0.0002805450953607005,0.0,-0.00015710271398592388,-0.00015715264310421442,0.0016086582839488985,0.0008771642819046974
2024-08-05,Mineros SA,-0.03497970506892954,0.0018296425487765952,0.0013457944714890407,0.0,-0.00045604173371059393,0.0033716953575437135,0.005104395747184753,0.006552820444107056
2024-08-05,Nutresa,0.0,-0.0007460896295193396,7.664129316366415e-05,0.0,0.0007298208837242081,0.0007297707269782144,0.0029297245442867275,0.0014394902288913727
2024-08-05,Promigas,0.03676390533500237,0.0003354591493562337,-0.0052976491896002415,0.0,-0.00021065554538350119,0.00622598855478597,0.007704087972640991,0.002344465225934982
2024-08-06,Banco Davivienda PF,-0.021123630569530774,-0.0008984785196900182,-0.001367065437676746,0.0,-0.0007336975599006823,-0.0007337477323336916,-0.0025182349383831024,-0.004808469951152802
2024-08-06,Banco de Bogota,-0.007290701134987945,-0.000645718045166316,-0.0002831669883841407,0.0,-0.0007615776816579375,-0.0007616281946253286,-0.006487267315387726,-0.002598712086677551
2024-08-06,Celsia,0.012837196894531076,-0.00035525383608175595,-9.048744667843446e-05,0.0,-0.00012464182140605533,0.002537628240120563,-0.0011963861212134362,0.00029439660906791686
2024-08-06,ETB,0.0,-0.0008952365185427926,-0.0018777448677131476,0.0,-0.0009166103154686668,-0.0017225274616086894,-0.006956981748342514,-0.0065461603403091425
2024-08-06,Ecopetrol,0.009756174945364656,-0.00019151370323098016,0.00040385302260978104,0.0,0.00016223124156448503,-0.0007951057598050621,-0.00017619542777538304,0.0017405953034758566
2024-08-06,Grupo Bolivar,-0.003992243225922463,-0.0005931546520622642,-0.00015261190046786258,0.0,-0.00015710271398592388,-0.00015715264310421442,-0.0020311799794435503,-0.0003316819742321968
2024-08-06,Mineros SA,0.0,0.002366758878039194,0.0028468698970021272,0.0,-0.00045604173371059393,0.002457664002258564,0.003808207325637341,0.007501023054122926
2024-08-06,Nutresa,0.06748225808224555,-0.0008144988739547359,-0.002008299955629426,0.0,0.0007298208837242081,0.0007297707269782144,0.0029765131324529645,-0.0005183106884360313
2024-08-06,Promigas,0.002670080569770057,-0.0019754996914483187,-0.0031605313693865416,0.0,-0.00021065554538350119,-0.00670645372312673,-0.009867796063423157,-0.006327757954597472
2024-08-07,Banco Davivienda PF,-0.005633823540450887,-0.00037602808056286756,0.00028716137487899777,0.0,-0.0007336975599006823,-0.0007337477323336916,-0.00010199709236621856,0.0018163965344429015
2024-08-07,Banco de Bogota,0.014528285196793618,-0.0006749338389578449,-0.00036427666460468435,0.0,-0.0007615776816579375,-0.0007616281946253286,-0.0010910111963748931,0.00034982809424400333
2024-08-07,Celsia,0.03262522008820238,-0.0006550335363700057,-0.00011602396843000894,0.0,-0.00012464182140605533,-0.004353612544513014,-0.002144192397594452,-0.0009862789511680605
2024-08-07,ETB,0.0,-0.0010479334743640873,-0.0005419338035913745,0.0,-0.0009166103154686668,-0.0018677176827494243,-0.0001577243208885193,-0.0026158739626407626
2024-08-07,Ecopetrol,0.012062855337843638,-0.000556811131463737,-0.0005040197715705571,0.0,0.00016223124156448503,0.0010881799007162133,0.0008671185299754141,0.00010739116370677944
2024-08-07,Grupo Bolivar,-0.004738437826300924,-0.00046031620727367354,-0.00034265526903809517,0.0,-0.00015710271398592388,-0.00015715264310421442,-0.0004377243816852569,0.0008106173872947693
2024-08-07,Mineros SA,0.020817403831351392,0.0008842222236681237,0.00044048440901820276,0.0,-0.00045604173371059393,-0.0004946198892576178,-0.0010566322896629573,0.0034824162423610686
2024-08-07,Nutresa,-0.04324995507434688,-0.0029657762913458297,-0.007708241811199813,0.0,0.0007298208837242081,0.0007297707269782144,-0.0014101373851299285,-0.005269537806510926
2024-08-07,Promigas,0.0,-0.0013160393251696342,-0.0008338533940401146,0.0,-0.00021065554538350119,-0.002206796527977164,-0.004143853694200516,-0.0027725020647048947
2024-08-08,Banco Davivienda PF,0.0,-0.0007975736661492601,-0.00034265526903809517,0.0,-0.0007336975599006823,-0.0007337477323336916,-0.0029897687435150146,-0.0012486849874258042
2024-08-08,Banco de Bogota,0.0,-0.0011146901597333648,-0.0006724888915076526,0.0,-0.0007615776816579375,-0.0007616281946253286,-0.007063194274902344,-0.004347842276096344
2024-08-08,Celsia,0.0,-0.0019888335703462114,-0.001919162087178063,0.0,-0.00012464182140605533,-0.002530025739638822,-0.004579880043864251,-0.007096727252006531
2024-08-08,ETB,0.0,-0.0008664723993918414,-0.0005419338035913745,0.0,-0.0009166103154686668,-0.0018386615680396812,-0.0030772014036774637,-0.004056813836097717
2024-08-08,Ecopetrol,0.0,-0.000930056719450923,-0.00047321035695437324,0.0,0.00016223124156448503,0.001310815212756473,-0.0027445472478866573,-0.004455350279808044
2024-08-08,Grupo Bolivar,0.0,-0.000869558023830274,-0.00034265526903809517,0.0,-0.00015710271398592388,-0.00015715264310421442,-0.0062309267520904545,-0.002746560990810394
2024-08-08,Mineros SA,0.0,-0.000545785003943066,-0.001571549719511284,0.0,-0.00045604173371059393,-0.002251606858512437,-0.005379810094833374,-0.003241489946842194
2024-08-08,Nutresa,0.0,-0.00021124072385149433,-0.00019030149428080054,0.0,0.0007298208837242081,0.0007297707269782144,-0.0010766115486621857,-0.001069020092487335
2024-08-08,Promigas,0.0,-0.0010689564240192826,-0.0006724888915076526,0.0,-0.00021065554538350119,-0.0006822570920216975,-0.005736402451992035,-0.004361567974090576
2024-08-09,Banco Davivienda PF,0.0022573855945784886,-0.00047986195967540874,-0.00034265526903809517,0.0,-0.0007336975599006823,-0.0007337477323336916,-0.0001969078406691551,0.00024064575135707855
2024-08-09,Banco de Bogota,0.0016011763594209272,-0.0006986661690207015,-0.0006724888915076526,0.0,-0.0007615776816579375,-0.0007616281946253286,-0.0007220368236303329,-0.0014752920120954514
2024-08-09,Celsia,0.021978991231550542,-0.0006812291128603636,-0.0006724888915076526,0.0,-0.00012464182140605533,0.0031120290469330556,0.0011091689765453337,-0.002803002893924713
2024-08-09,ETB,0.0,-0.00020765805519897492,-0.0005419338035913745,0.0,-0.0009166103154686668,-0.0017390538305848786,0.0010385335832834243,-0.0006081132143735885
2024-08-09,Ecopetrol,0.023697825251949613,-0.000621940061643497,-0.0006724888915076526,0.0,0.00016223124156448503,0.0001465370704555769,0.0007067703381180762,-0.001573612004518509
2024-08-09,Grupo Bolivar,0.021174287362085157,-0.0004221219011552974,-0.00034265526903809517,0.0,-0.00015710271398592388,-0.00015715264310421442,-7.863946631550787e-05,-0.0007378819435834884
2024-08-09,Mineros SA,0.025040401460519682,0.0001431577759102578,-0.00047321035695437324,0.0,-0.00045604173371059393,-0.0004946198892576178,0.0036162820160388943,-0.0017045447975397108
2024-08-09,Nutresa,0.020055347350156325,-0.0028075371541478045,0.0016743955816131751,0.0,0.0007298208837242081,0.0007297707269782144,0.0015352932810783386,0.00157101134955883
2024-08-09,Promigas,0.0,-0.0007105057461016695,-0.0006724888915076526,0.0,-0.00021065554538350119,-0.00035808617141209705,-0.0019253267087042333,-0.0007118010371923447
2024-08-12,Banco Davivienda PF,-0.01247892704693011,0.00011175017165907693,0.0008569158710803547,0.0,-0.0007336975599006823,-0.0007337477323336916,0.00010649755969643596,5.400362610816957e-05
2024-08-12,Banco de Bogota,-0.002402770419377374,-4.968515279097768e-06,0.00034297451096385235,0.0,-0.0007615776816579375,-0.0007616281946253286,-0.00012391011789441108,-0.0003807741552591324
2024-08-12,Celsia,-0.002418325457728071,-0.00026187560609570483,-0.0003019866551000765,0.0,-0.00012464182140605533,-0.002603388371581527,-0.00014552719518542292,-0.0023345112800598144
2024-08-12,ETB,0.0,0.0011002773092066802,0.0006576373365270757,0.0,-0.0009166103154686668,-0.0017294742319571815,0.004480996251106263,0.0003200201988220215
2024-08-12,Ecopetrol,0.009324010497604384,-0.00034647777190205533,-0.00011787891745313164,0.0,0.00016223124156448503,0.0024337948703856646,0.0006629972010850907,-0.002425180196762085
2024-08-12,Grupo Bolivar,-0.008292691607267018,-0.0002501728616772722,-0.00011787891745313164,0.0,-0.00015710271398592388,-0.00015715264310421442,-0.0004966306015849113,-0.0021233771741390227
2024-08-12,Mineros SA,0.010761039415755787,-0.00033768133745091996,-0.00011787891745313164,0.0,-0.00045604173371059393,-0.0026080274701195576,0.0005172925814986228,-0.0032127181291580196
2024-08-12,Nutresa,0.007194294702858557,-0.001906487217591563,-0.00046335115763253845,0.0,0.0007298208837242081,0.0007297707269782144,-0.0011359643936157226,-0.0002012659013271332
2024-08-12,Promigas,0.003992071750364642,3.120956346401924e-05,0.00034297451096385235,0.0,-0.00021065554538350119,-0.0002891559861440358,-0.00011151918768882748,0.0002896927148103714
2024-08-13,Banco Davivienda PF,0.021457626298614807,0.00033530120450290873,0.0016338158900618155,0.0,-0.0007336975599006823,-0.0007337477323336916,-0.00020101544260978698,0.0013866034597158432
2024-08-13,Banco de Bogota,0.0016024593392011536,9.875234757225167e-05,0.0005888911951436701,0.0,-0.0007615776816579375,-0.0007616281946253286,0.0005283485352993011,-0.00019093972444534298
2024-08-13,Celsia,0.00723756602869376,0.0001339134861378786,0.0007729989327906149,0.0,-0.00012464182140605533,0.002328339646001514,0.0002723934352397919,-0.0005920223593711853
2024-08-13,ETB,0.0,0.0008975052881625548,0.0009035540207068931,0.0,-0.0009166103154686668,-0.0017228632062730941,0.0017120245844125747,-0.0005620425045490265
2024-08-13,Ecopetrol,-0.021102760218291123,0.00011216339460740401,0.0005888911951436701,0.0,0.00016223124156448503,0.001046468414810525,0.0005075034946203232,-0.002150832802057266
2024-08-13,Grupo Bolivar,0.013663944922577826,0.00015362302609248562,0.0013039822675922584,0.0,-0.00015710271398592388,-0.00015715264310421442,-0.00010427413880825041,-0.0003852535560727119
2024-08-13,Mineros SA,0.0,0.00010860785267677727,0.0007729989327906149,0.0,-0.00045604173371059393,-0.001402850626495184,4.984478279948237e-05,-0.0030866996049880983
2024-08-13,Nutresa,0.012466730990964948,-0.00016408278252874514,0.0005888911951436701,0.0,0.0007298208837242081,0.0007297707269782144,-0.0006032536923885345,-0.0005046517848968505
2024-08-13,Promigas,-0.003992071750364728,0.00011299177403389993,0.0005888911951436701,0.0,-0.00021065554538350119,-0.0011233544219766245,-0.000794260948896408,-0.00017763449251651761
2024-08-14,Banco Davivienda PF,0.02646240866510687,-2.1528215855895076e-05,-3.342083931755438e-05,0.0,-0.0007336975599006823,-0.0007337477323336916,0.00023905609175562862,-0.001342266634106636
2024-08-14,Banco de Bogota,0.0008003110801762482,0.00029064361954069467,0.0005888911951436701,0.0,-0.0007615776816579375,-0.0007616281946253286,0.000893000453710556,3.783284127712251e-05
2024-08-14,Celsia,0.011947555745859515,0.0001707618654685042,0.0005888911951436701,0.0,-0.00012464182140605533,-0.0011811994096661937,-0.0005666250325739384,-0.000763494238257408
2024-08-14,ETB,0.0,0.0010843410155011981,0.0009035540207068931,0.0,-0.0009166103154686668,-0.001706801718800427,0.003913290560245514,-0.00024517565965652465
2024-08-14,Ecopetrol,-0.033738105814471106,0.00029999979736164775,0.0013804708776324975,0.0,0.00016223124156448503,-0.0018902512169156366,0.0007056271582841873,0.00188095223903656
2024-08-14,Grupo Bolivar,0.015240704009489604,0.00014681861983587919,0.0007729989327906149,0.0,-0.00015710271398592388,-0.00015715264310421442,-0.0007375634033232926,-0.0019140783846378327
2024-08-14,Mineros SA,0.0,0.00017163042220813337,0.0007729989327906149,0.0,-0.00045604173371059393,-0.0004946198892576178,0.0004998592175543307,-0.0017686923444271085
2024-08-14,Nutresa,-0.02472796289859711,0.0001654249593980277,0.0005888911951436701,0.0,0.0007298208837242081,0.0007297707269782144,-0.0009150187820196152,-0.0009892992228269577
2024-08-14,Promigas,0.031498833977156436,0.00020132447025150404,0.0005888911951436701,0.0,-0.00021065554538350119,0.0003969763870083415,0.0004566200636327266,0.0005162021219730377
2024-08-15,Banco Davivienda PF,-0.0032697165215517686,-0.00023761819379804322,-0.0007314481170260634,0.0,-0.0007336975599006823,-0.0007337477323336916,0.0010255650505423546,-0.004221560299396515
2024-08-15,Banco de Bogota,0.019802914506354446,3.984597248929594e-05,-7.30227765618524e-05,0.0,-0.0007615776816579375,-0.0007616281946253286,6.617813929915425e-05,-0.0008980859816074372
2024-08-15,Celsia,-0.002378068073139194,-1.7024519327877765e-05,-7.30227765618524e-05,0.0,-0.00012464182140605533,-0.0007541683375784672,-0.0004728100895881653,-0.002355518877506256
2024-08-15,ETB,0.0,0.0008747134009575968,0.0002416400490013708,0.0,-0.0009166103154686668,-0.0017005969798008064,0.0005138900130987167,-0.0010401690304279328
2024-08-15,Ecopetrol,0.021819030283208342,0.0009719944080941983,0.0012305731462086808,0.0,0.00016223124156448503,-0.0031097847590197737,0.001633737727999687,0.004794891834259033
2024-08-15,Grupo Bolivar,0.002459082528310882,-5.391087595999239e-05,0.00011108496108509273,0.0,-0.00015710271398592388,-0.00015715264310421442,-0.0009648757129907609,-0.0036916065216064456
2024-08-15,Mineros SA,-0.035801440876275584,-4.047048793552792e-05,0.00048715756480276857,0.0,-0.00045604173371059393,-0.0004946198892576178,-2.8199255466461155e-06,-0.0022748053371906283
2024-08-15,Nutresa,0.0,0.00025243497318365324,0.0006867141531548992,0.0,0.0007298208837242081,0.0007297707269782144,0.00019679897651076316,0.0022884469330310816
2024-08-15,Promigas,0.009468665423268264,-0.0005874252724155059,-0.0011459628069789695,0.0,-0.00021065554538350119,-0.006826367453931801,-0.00464567220211029,-0.0039026661515235905
2024-08-16,Banco Davivienda PF,0.00977736032984164,3.0002795497595986e-05,0.0005270822486107974,0.0,-0.0007336975599006823,-0.0007337477323336916,0.00048483368009328843,-0.0021735102534294125
2024-08-16,Banco de Bogota,-0.0007847824030083689,-0.00023733980907790104,-0.000594000349060595,0.0,-0.0007615776816579375,-0.0007616281946253286,-0.00023796141892671588,-0.003108333885669708
2024-08-16,Celsia,0.0,2.9566349134884175e-05,0.00034297451096385235,0.0,-0.00012464182140605533,0.0013284391287037112,-0.0002521936930716038,-0.00107411789894104
2024-08-16,ETB,0.0,0.00044386923006520083,0.0006576373365270757,0.0,-0.0009166103154686668,-0.0016978436453511958,0.00025708092749118794,-0.0011205210983753205
2024-08-16,Ecopetrol,0.0,-6.3219703361589345e-06,-0.00040989261141365,0.0,0.00016223124156448503,0.002252458043017114,0.001315507210791111,-0.0007048533707857132
2024-08-16,Grupo Bolivar,0.0,6.784159971280637e-05,0.0005270822486107974,0.0,-0.00015710271398592388,-0.00015715264310421442,-0.00021483847498893733,-0.0023526114821434017
2024-08-16,Mineros SA,0.029666440822189867,0.0010771663871710772,0.0017994702207258736,0.0,-0.00045604173371059393,0.002527018428841898,0.010888388514518739,0.003483873844146728
2024-08-16,Nutresa,0.015481812409886726,4.822670109265532e-05,0.0008994394340414958,0.0,0.0007298208837242081,0.0007297707269782144,-0.00025434761494398114,0.0008972224295139313
2024-08-16,Promigas,0.0013080238851218323,-3.704944437939732e-05,0.00034297451096385235,0.0,-0.00021065554538350119,-0.0036779136420478846,-0.005163422226905823,-0.0035545743107795714
2024-08-20,Banco Davivienda PF,0.0,6.999727092018081e-05,0.0005888911951436701,0.0,-0.0007336975599006823,-0.0007337477323336916,0.00015080846101045604,-0.0013551227897405625
2024-08-20,Banco de Bogota,0.0,5.951967212643422e-05,0.0005888911951436701,0.0,-0.0007615776816579375,-0.0007616281946253286,0.00013854781165719034,-0.0009778930991888046
2024-08-20,Celsia,-0.0035779306606691756,5.755751374777067e-05,0.0005888911951436701,0.0,-0.00012464182140605533,-0.0003611449177406701,3.346119448542594e-05,0.0003076798170804977
2024-08-20,ETB,0.0,0.000881447787531844,0.0009035540207068931,0.0,-0.0009166103154686668,-0.0016947606006746446,0.0018589427620172502,-0.00018228614330291745
2024-08-20,Ecopetrol,-0.02427300171291564,6.299316088470483e-05,0.0008109129648114321,0.0,0.00016223124156448503,0.0001465370704555769,0.001140164479613304,0.00027956385910511016
2024-08-20,Grupo Bolivar,0.0,6.573154662756968e-05,0.0007729989327906149,0.0,-0.00015710271398592388,-0.00015715264310421442,-0.0001828274764120579,-0.00020428153872489928
2024-08-20,Mineros SA,-0.013942894249485962,-4.775034021374539e-05,-0.000394382879539793,0.0,-0.00045604173371059393,-0.0029984647668911007,-0.00013183126598596573,-0.0016511814892292021
2024-08-20,Nutresa,0.012074070539955885,1.4116119952833131e-05,0.0005888911951436701,0.0,0.0007298208837242081,0.0007297707269782144,-0.0010971215665340425,-0.00043330232799053197
2024-08-20,Promigas,0.0,-3.771588206156286e-05,0.0005888911951436701,0.0,-0.00021065554538350119,-0.0012732006091026496,-0.0026705169975757602,-0.001242072582244873
2024-08-21,Banco Davivienda PF,-0.01634915434552108,-0.00039752787580259094,-0.0006987757949722037,0.0,-0.0007336975599006823,-0.0007337477323336916,-0.0010660481937229634,-0.0026153506338596347
2024-08-21,Banco de Bogota,0.0482668482717655,-0.0003992616727719171,-0.0010748483986898801,0.0,-0.0007615776816579375,-0.0007616281946253286,-0.0004243443086743355,-0.0023036864697933194
2024-08-21,Celsia,-0.0011953663325779665,-0.00031076400335874996,-0.0010748483986898801,0.0,-0.00012464182140605533,0.00027824078337014796,-0.0009829766973853112,-0.0006724232286214828
2024-08-21,ETB,0.0,0.0001199801694540423,-0.0008907406610429343,0.0,-0.0009166103154686668,-0.0016929579363876856,-0.003860981613397598,-0.0017240124493837355
2024-08-21,Ecopetrol,0.0024539714297073917,0.0006738911449364752,0.0011793368327829253,0.0,0.00016223124156448503,-0.0021962353951745844,-0.001510594256222248,0.00251370033621788
2024-08-21,Grupo Bolivar,-0.01805663843205758,-0.0003622139888242235,-0.0008907406610429343,0.0,-0.00015710271398592388,-0.00015715264310421442,-0.0012812764793634415,-0.0019178893566131592
2024-08-21,Mineros SA,0.044248226926418964,-0.00040055418745233974,0.0004737492691166089,0.0,-0.00045604173371059393,0.0006821591033827196,0.001191007301211357,-0.000636376678943634
2024-08-21,Nutresa,0.023374452950493414,-0.00047398689074185427,-0.0010748483986898801,0.0,0.0007298208837242081,0.0007297707269782144,-0.002222319945693016,-0.0029936907291412355
2024-08-21,Promigas,-0.026491571937331294,-0.0004110436821378055,-0.0006987757949722037,0.0,-0.00021065554538350119,-0.0004837416313119243,-0.005104925096035003,-0.0023511701226234436
2024-08-22,Banco Davivienda PF,-0.003302220143642062,4.086115849224766e-05,0.001197676971508971,0.0,-0.0007336975599006823,-0.0007337477323336916,-0.00017889881879091266,0.001502237305045128
2024-08-22,Banco de Bogota,0.01263481089753482,-0.0002952046401405493,-0.00024969760289765357,0.0,-0.0007615776816579375,-0.0007616281946253286,-0.0005057804584503174,-0.00473303472995758
2024-08-22,Celsia,-0.01203375670816702,-9.244404845027942e-05,0.00026096266543189324,0.0,-0.00012464182140605533,-0.0003454187607279921,-0.0007433466240763664,0.00020819903910160062
2024-08-22,ETB,0.0,0.0004727052188956086,0.0004450704030788384,0.0,-0.0009166103154686668,-0.0016920337043178574,-0.0011864572688937186,-0.000536141887307167
2024-08-22,Ecopetrol,-0.0024539714297072755,0.00018628370565176012,0.0006443489376321177,0.0,0.00016223124156448503,0.00038338856352421,0.0005341939479112625,0.0012402884066104887
2024-08-22,Grupo Bolivar,-0.010053997968395623,0.0001159155699208127,0.001197676971508971,0.0,-0.00015710271398592388,-0.00015715264310421442,0.0004599408451467752,0.0021473426818847657
2024-08-22,Mineros SA,-0.024170332622847356,-0.00041089286342436927,-0.0009857105302385162,0.0,-0.00045604173371059393,-0.004229166173327158,-0.0013291226848959924,-0.004789754450321197
2024-08-22,Nutresa,-0.012491424209580925,-0.0010228428095700494,-0.0006760121945925542,0.0,0.0007298208837242081,0.0007297707269782144,-0.0017778730876743792,-0.003608676850795746
2024-08-22,Promigas,0.006688882047272883,0.00043045974365783546,0.0012423228287771334,0.0,-0.00021065554538350119,0.005317168924597373,0.004375873506069184,0.0028033365607261656
2024-08-23,Banco Davivienda PF,0.008781691415805856,-0.0002734716228846517,-0.00044436839284850026,0.0,-0.0007336975599006823,-0.0007337477323336916,-0.0005630418546497821,0.0007989386767148972
2024-08-23,Banco de Bogota,0.015390459445871411,-0.0002590245585771138,-0.0006284761304954454,0.0,-0.0007615776816579375,-0.0007616281946253286,-0.001345755159854889,-0.004877550721168519
2024-08-23,Celsia,-0.03198316765226709,-0.00014056758248643693,0.0008973783021965591,0.0,-0.00012464182140605533,0.001113054402464056,-0.0006049844212830067,0.0016793044507503508
2024-08-23,ETB,0.0,0.00046924821209031587,6.123758218640153e-05,0.0,-0.0009166103154686668,-0.0016913242696438519,-0.0022720073610544207,-3.248304128646851e-05
2024-08-23,Ecopetrol,0.009780028883013334,-0.0002666289074591209,-0.00044436839284850026,0.0,0.00016223124156448503,-9.0314422613045e-05,0.0008560528755187988,0.0003507834225893021
2024-08-23,Grupo Bolivar,-0.0036153903074096073,-4.459879097273137e-05,0.0012807645743967834,0.0,-0.00015710271398592388,-0.00015715264310421442,0.0008810052014887333,0.0021055666208267213
2024-08-23,Mineros SA,0.038985518081712155,-0.00015781624041627136,0.0014264305664240787,0.0,-0.00045604173371059393,0.0015453539617055578,-0.00022377362847328196,-0.0003238208889961243
2024-08-23,Nutresa,0.010420337399517903,-0.00027646858590582677,0.0008973783021965591,0.0,0.0007298208837242081,0.0007297707269782144,-0.0009967316687107086,-0.0006587539315223693
2024-08-23,Promigas,-0.04082189001083463,-0.000293044537737461,-7.201120741780179e-05,0.0,-0.00021065554538350119,-0.0005046888704999125,-0.00104218602925539,-1.9346311688423153e-05
2024-08-26,Banco Davivienda PF,-0.01986817788737125,-0.00017094529855050055,0.0004450704030788384,0.0,-0.0007336975599006823,-0.0007337477323336916,-0.00041182574629783635,-0.0009985997825860975
2024-08-26,Banco de Bogota,0.02867578327132102,-0.0002548294674634494,0.0007665686404667949,0.0,-0.0007615776816579375,-0.0007616281946253286,-0.0007054867446422578,-0.0041207650899887085
2024-08-26,Celsia,0.024692576792099977,0.00044315568596627107,0.0017861818218309154,0.0,-0.00012464182140605533,0.002286986951205533,0.0024290094673633574,0.005443729817867279
2024-08-26,ETB,0.0,0.0013915458450197383,0.00041973431325975825,0.0,-0.0009166103154686668,-0.0016908576085227051,-0.0018853844702243806,-0.00036994618177413937
2024-08-26,Ecopetrol,0.009685305567126535,-7.758884699043127e-05,0.0004450704030788384,0.0,0.00016223124156448503,0.0010904822261138358,0.0001539644971489906,-0.0016474197804927826
2024-08-26,Grupo Bolivar,0.028210954473668816,-7.252630822560338e-05,0.0006443489376321177,0.0,-0.00015710271398592388,-0.00015715264310421442,-0.0007297167629003525,0.0013252532035112382
2024-08-26,Mineros SA,-0.03898551808171208,-0.0006430661627621695,-0.0009857105302385162,0.0,-0.00045604173371059393,-0.003784994030727583,-0.003227697521448135,-0.0050116490125656134
2024-08-26,Nutresa,-0.0013830884157478586,-0.0002357383442546201,0.00026096266543189324,0.0,0.0007298208837242081,0.0007297707269782144,-0.0011697260290384293,-0.001676801323890686
2024-08-26,Promigas,0.012422558119274597,0.0009956712237071843,0.0016020740841839703,0.0,-0.00021065554538350119,0.008359846475143642,0.01331095814704895,0.006294081211090088
2024-08-27,Banco Davivienda PF,-0.014598882957627355,-3.93818286265475e-05,0.0007082451663749038,0.0,-0.0007336975599006823,-0.0007337477323336916,6.991586089134212e-05,0.0018484060615301134
2024-08-27,Banco de Bogota,-0.006372496748813862,-0.0008315105175151225,-0.0014440139176199035,0.0,-0.0007615776816579375,-0.0007616281946253286,-0.000860115960240364,-0.004722410917282105
2024-08-27,Celsia,-0.007343937473974043,-0.00048587110634991436,-0.0011654439997266224,0.0,-0.00012464182140605533,-0.006082859160222331,-0.002136517345905304,-0.0005405561625957489
2024-08-27,ETB,0.0,0.0012049475181279917,-0.0002689760264275887,0.0,-0.0009166103154686668,-0.0016905880651271316,-0.0008010775931179524,-0.000422917440533638
2024-08-27,Ecopetrol,-0.007255188075067789,-0.0004357347066083923,-0.0002436399366085088,0.0,0.00016223124156448503,0.0010813397566764979,0.00013610319793224337,-0.002330769181251526
2024-08-27,Grupo Bolivar,0.06607801051995868,-0.0005695041635997208,-0.0007543002049380553,0.0,-0.00015710271398592388,-0.00015715264310421442,-0.0013425174355506896,-0.0023298470973968505
2024-08-27,Mineros SA,0.04192231142216412,0.0004171505534068517,0.000745927962715421,0.0,-0.00045604173371059393,0.0027957542522123405,0.0070215178877115255,0.0021137889474630357
2024-08-27,Nutresa,0.003454175225810887,-0.0005261442151190812,-0.00042774767425545374,0.0,0.0007298208837242081,0.0007297707269782144,-0.001003368616104126,-0.0005809490829706193
2024-08-27,Promigas,-0.0041237297857519865,0.0007840816333564743,0.002105333219197601,0.0,-0.00021065554538350119,-0.001076890184211792,0.0020698893815279005,0.0011931337863206864
2024-08-28,Banco Davivienda PF,0.0011306065986961009,0.0003016152858160391,0.0015032608021455375,0.0,-0.0007336975599006823,-0.0007337477323336916,-0.00027011416107416156,0.0037007735371589663
2024-08-28,Banco de Bogota,0.007826349691563138,-5.674990279897673e-05,0.0006754801884181483,0.0,-0.0007615776816579375,-0.0007616281946253286,0.0009656143039464951,0.00034848819673061367
2024-08-28,Celsia,0.0,0.00012802347678226566,0.0007133942204389655,0.0,-0.00012464182140605533,0.003152972427089469,0.0005514308735728264,0.0022750508189201355
2024-08-28,ETB,0.0,0.002449574499668893,0.0010944971701785712,0.0,-0.0009166103154686668,-0.0016904077646772682,0.001827338993549347,0.0016625334769487382
2024-08-28,Ecopetrol,-0.0024301174920587473,0.00023110963983197303,0.0008595879260650934,0.0,0.00016223124156448503,-0.0005537164480943304,0.0004327080212533474,0.001481768161058426
2024-08-28,Grupo Bolivar,0.045110646868847845,-0.0019917532008922596,-0.005799465068037864,0.0,-0.00015710271398592388,-0.00015715264310421442,0.0009920726343989373,-0.004254233479499816
2024-08-28,Mineros SA,0.004389152929552683,0.00046116800859885397,0.0001575223101541243,0.0,-0.00045604173371059393,-0.004032859118630499,-0.0013285295218229292,-0.0012348171323537827
2024-08-28,Nutresa,0.016755396822696403,0.0002874920141502303,0.0005888911951436701,0.0,0.0007298208837242081,0.0007297707269782144,-0.0005007301084697246,0.0016526462733745576
2024-08-28,Promigas,0.019100177952077486,0.00014349557878013945,0.000626805227164487,0.0,-0.00021065554538350119,0.0004348514723665632,0.0035279002785682675,0.002608118176460266
2024-08-29,Banco Davivienda PF,0.0,0.00011716896285448392,0.000525905199149461,0.0,-0.0007336975599006823,-0.0007337477323336916,-0.0008698982894420626,0.0014789648950099946
2024-08-29,Banco de Bogota,0.0,-8.463108695310923e-05,0.0001425189269492364,0.0,-0.0007615776816579375,-0.0007616281946253286,0.00013525656610727309,-0.000702275663614273
2024-08-29,Celsia,-0.012361078556004181,0.00031866762597375776,0.0003417974615025158,0.0,-0.00012464182140605533,-0.0008538794355794213,1.6666894778609248e-05,0.0008017354607582092
2024-08-29,ETB,0.0,0.0016269042864273922,0.0001425189269492364,0.0,-0.0009166103154686668,-0.0016902881009630483,-0.00014271592348814006,0.0005537764579057694
2024-08-29,Ecopetrol,-0.004878093260795277,4.2655508774851524e-05,0.0003266266645961819,0.0,0.00016223124156448503,-8.801209721543687e-05,0.00047331962734460827,0.0009348280280828475
2024-08-29,Grupo Bolivar,-0.01236336511512821,-7.197593435060265e-05,9.760551783350119e-05,0.0,-0.00015710271398592388,-0.00015715264310421442,0.0017028258740901946,-0.0060819808244705195
2024-08-29,Mineros SA,-0.016188649508847627,-0.00028886650193072114,0.0008628330031693522,0.0,-0.00045604173371059393,-0.0008650639929395929,-0.00135984256118536,-0.0010661706775426864
2024-08-29,Nutresa,0.01978737449936872,-6.478124835183057e-05,0.0001425189269492364,0.0,0.0007298208837242081,0.0007297707269782144,-0.0011974369436502457,-0.0006145162284374238
2024-08-29,Promigas,0.01342288372523458,-0.00017299112212860088,-0.0004080004572014008,0.0,-0.00021065554538350119,-0.004181921764841657,-0.002113637685775757,-0.0009854744672775269
2024-08-30,Banco Davivienda PF,-0.017094451227415663,4.924399938647738e-05,-0.00010126906623038952,0.0,-0.0007336975599006823,-0.0007337477323336916,-0.0006660484075546265,0.0003594485968351364
2024-08-30,Banco de Bogota,0.027264972776798155,-0.00012644091856368254,-0.00030054760078366844,0.0,-0.0007615776816579375,-0.0007616281946253286,0.0026313332021236425,-0.0008973140865564347
2024-08-30,Celsia,0.007434941116322864,0.00020867566294950564,0.0012029621328331257,0.0,-0.00012464182140605533,0.0012685703369129336,-8.361209183931355e-06,0.001638387143611908
2024-08-30,ETB,0.0,0.0015447516772231025,-0.00030054760078366844,0.0,-0.0009166103154686668,-0.0016902143714875855,-0.0011194163337349893,-8.436906337738035e-05
2024-08-30,Ecopetrol,0.004878093260795187,-3.86432188181428e-05,-0.00011643986313672355,0.0,0.00016223124156448503,-0.0003242849033296537,0.0008064840137958527,0.0007186767309904097
2024-08-30,Grupo Bolivar,0.012363365115128163,-0.001787186254843913,-0.001133696925692398,0.0,-0.00015710271398592388,-0.00015715264310421442,-0.0020377238839864734,-0.0031513218879699713
2024-08-30,Mineros SA,0.0029629704891770674,3.813509566519251e-05,-0.001139441611297798,0.0,-0.00045604173371059393,0.0008717006407809387,-0.0006553221419453621,0.0008099434226751329
2024-08-30,Nutresa,0.0,-0.0004785701639021897,-0.0012375224608081165,0.0,0.0007298208837242081,0.0007297707269782144,-0.0014707662463188172,-0.002901463389396667
2024-08-30,Promigas,0.026317415911487334,-0.00020863814204763876,-0.00030054760078366844,0.0,-0.00021065554538350119,-0.003956417551944587,-0.006431855678558349,-0.002843600153923035
2024-09-02,Banco Davivienda PF,0.019351836821993987,0.0002654152997548422,0.002008866777180439,0.0,-0.0007336975599006823,-0.0007337477323336916,5.067773163318508e-07,0.0024788364171981813
2024-09-02,Banco de Bogota,0.0,-0.0004792748085882819,0.0001575223101541243,0.0,-0.0007615776816579375,-0.0007616281946253286,-0.0006676582023501396,-0.0020879654586315154
2024-09-02,Celsia,-0.011173244331382361,-0.0001274712154249491,0.0005888911951436701,0.0,-0.00012464182140605533,-0.0021900160372720933,-0.0011294218450784684,0.0001507244855165482
2024-09-02,ETB,0.0,0.001819730587354676,0.0005888911951436701,0.0,-0.0009166103154686668,-0.0016901669664499892,0.001474033236503601,-8.091822266578676e-05
2024-09-02,Ecopetrol,0.0,1.780552714181158e-05,0.0007729989327906149,0.0,0.00016223124156448503,0.0006173590442407988,0.00013384790718555447,0.00010843980312347408
2024-09-02,Grupo Bolivar,-0.008225102944492581,-0.0014379240749106267,0.0005888911951436701,0.0,-0.00015710271398592388,-0.00015715264310421442,-0.002649914488196373,-0.002173684895038605
2024-09-02,Mineros SA,-0.017911032740119813,0.0003512757897299372,0.0010944971701785712,0.0,-0.00045604173371059393,-0.0007446943261060064,-0.0013414286226034165,0.0004063864946365356
2024-09-02,Nutresa,-0.0037357829149482088,-0.00016284701030262817,0.0005888911951436701,0.0,0.0007298208837242081,0.0007297707269782144,-0.001248646929860115,-0.0012257797718048095
2024-09-02,Promigas,0.0,-0.0005669173140045627,-0.0003480836648807774,0.0,-0.00021065554538350119,-0.006650300284323744,-0.006233728289604187,-0.00394125759601593
2024-09-03,Banco Davivienda PF,0.003376437945872461,-0.00024471432355390143,-0.0007937254323060869,0.0,-0.0007336975599006823,-0.0007337477323336916,-0.0003664688058197498,-0.0018031505644321444
2024-09-03,Banco de Bogota,-0.019499399485182527,-0.000657797052116908,-0.0005464642849634864,0.0,-0.0007615776816579375,-0.0007616281946253286,4.800814017653465e-05,-0.0027999055385589597
2024-09-03,Celsia,0.004981283087244065,-0.00011631367790518694,0.0011786686822817972,0.0,-0.00012464182140605533,0.0018723642540370772,0.0002982248589396477,0.00021802297979593276
2024-09-03,ETB,0.0,0.0010716798744994417,-0.0003876926371356214,0.0,-0.0009166103154686668,-0.0016901359449040731,-0.0025205819904804234,-0.0013225909471511839
2024-09-03,Ecopetrol,-0.029631725550730535,-0.00035434044657688064,-0.00036235654731654103,0.0,0.00016223124156448503,0.0001465370704555769,-0.00019720344617962836,-0.0011613398492336274
2024-09-03,Grupo Bolivar,0.0,-0.0004754632679477049,0.000979390147728518,0.0,-0.00015710271398592388,-0.00015715264310421442,-0.0011760448515415192,-0.0015644889175891875
2024-09-03,Mineros SA,0.0015049307684423126,-0.00027884876188869704,0.000979390147728518,0.0,-0.00045604173371059393,0.0010170696271312308,0.0034643639326095584,0.0012294804900884627
2024-09-03,Nutresa,0.0,-0.0005428711014140552,-0.0005464642849634864,0.0,0.0007298208837242081,0.0007297707269782144,-0.00107152933254838,-0.0009463470727205277
2024-09-03,Promigas,-0.001299524643752549,-0.00040784254205068727,-0.0005464642849634864,0.0,-0.00021065554538350119,-0.0016271029054225946,-0.00695897912979126,-0.004039503633975983
2024-09-04,Banco Davivienda PF,-0.005633823540450887,-0.0002772702266058218,-0.00036235654731654103,0.0,-0.0007336975599006823,-0.0007337477323336916,-0.0005265421941876412,-0.002329850196838379
2024-09-04,Banco de Bogota,-0.008474408762332911,-0.00031906407571055174,0.000979390147728518,0.0,-0.0007615776816579375,-0.0007616281946253286,0.0008936351910233499,0.0008080572485923768
2024-09-04,Celsia,-0.0162808481844919,-0.0002911393603189307,-0.0005464642849634864,0.0,-0.00012464182140605533,-0.001795495893118614,-0.0022558856308460234,-0.0009874864369630815
2024-09-04,ETB,0.0,0.0013762277491910133,-0.0003876926371356214,0.0,-0.0009166103154686668,-0.0016901162888496835,-0.0021643438190221786,-0.001174991101026535
2024-09-04,Ecopetrol,-0.0383189537190103,0.0003966505268155928,0.0017159286824880062,0.0,0.00016223124156448503,-0.002713446690531953,-0.0009947518557310102,0.0033236775398254397
2024-09-04,Grupo Bolivar,-0.0025446779800288753,-0.0003687044556895062,-0.0005464642849634864,0.0,-0.00015710271398592388,-0.00015715264310421442,-0.001598453715443611,-0.0010422182232141496
2024-09-04,Mineros SA,0.0030029376666687252,-4.8193545224384125e-05,-0.000347185750410207,0.0,-0.00045604173371059393,-0.0006216359077393103,-0.0019449120163917543,3.59651893377304e-05
2024-09-04,Nutresa,0.0,-0.0003110829328369867,-0.0005464642849634864,0.0,0.0007298208837242081,0.0007297707269782144,0.0006320367008447647,-0.00047440615296363825
2024-09-04,Promigas,-0.025017891267734835,-0.00038860098577462785,-0.0005464642849634864,0.0,-0.00021065554538350119,-0.00028266892719776645,-0.00391531652212143,-0.0024907531440258026
2024-09-05,Banco Davivienda PF,0.0056338235404509275,-0.001604859731120754,-0.002481791719521773,0.0,-0.0007336975599006823,-0.0007337477323336916,-0.001661181777715683,-0.0021449461579322814
2024-09-05,Banco de Bogota,0.0035397734461066477,-0.00137490111075544,-0.0005798646831120917,0.0,-0.0007615776816579375,-0.0007616281946253286,0.00010190269351005544,0.0012047644257545472
2024-09-05,Celsia,0.010050307550185733,-0.0011377756555345036,-0.0007566587522764884,0.0,-0.00012464182140605533,0.0022048015140009656,-0.001681449756026268,0.00044939301908016196
2024-09-05,ETB,-0.0061538655743782235,-0.00032637995855856235,-0.002323020071693908,0.0,-0.0009166103154686668,-0.0016901037409387326,-0.0073394101858139035,-0.001737654149532318
2024-09-05,Ecopetrol,0.002600763166377189,-9.975648739396159e-06,0.00021180985466348257,0.0,0.00016223124156448503,-0.003551917317115528,-0.0034216384440660477,0.006748004496097565
2024-09-05,Grupo Bolivar,-0.0047883913980000066,-0.0013863186735424225,-0.002481791719521773,0.0,-0.00015710271398592388,-0.00015715264310421442,-9.401205182075498e-05,-0.0009650458693504333
2024-09-05,Mineros SA,-0.01662910341432196,-0.0011675985056371055,-0.0022825131849684944,0.0,-0.00045604173371059393,-0.0007480675522114144,-0.002139747768640518,-0.0014919626265764237
2024-09-05,Nutresa,0.0,-0.0014119187888093536,-0.002481791719521773,0.0,0.0007298208837242081,0.0007297707269782144,0.00206662704795599,-0.0006581255942583084
2024-09-05,Promigas,0.0,-0.0009263437432084843,-8.780623321081303e-06,0.0,-0.00021065554538350119,0.005046567531143121,0.0051026206314563755,0.0010616062432527544
2024-09-06,Banco Davivienda PF,0.0,-0.0007251593331429553,-0.0006724888915076526,0.0,-0.0007336975599006823,-0.0007337477323336916,-0.001054029643535614,-0.002954719990491867
2024-09-06,Banco de Bogota,-0.0014143145183891557,-0.0007887029948123568,-0.0006724888915076526,0.0,-0.0007615776816579375,-0.0007616281946253286,-0.004020596832036973,-0.00011223763227462768
2024-09-06,Celsia,0.0,-0.0006553030201965531,-0.0006724888915076526,0.0,-0.00012464182140605533,-0.0028738435090531604,-0.0046703084111213685,-0.001976488098502159
2024-09-06,ETB,0.0,0.0007518994841581829,0.0003001009582580822,0.0,-0.0009166103154686668,0.0001782806393059104,-0.003338309407234192,-0.0008702787309885025
2024-09-06,Ecopetrol,0.0025940167393954843,6.152451713537353e-05,0.0003099293211019247,0.0,0.00016223124156448503,0.0003975565532487378,-0.00275065478682518,0.002779038220643997
2024-09-06,Grupo Bolivar,-0.0006403092545608274,-0.0009135320035377923,-0.0006724888915076526,0.0,-0.00015710271398592388,-0.00015715264310421442,-0.002874189108610153,-0.0002992639839649201
2024-09-06,Mineros SA,-0.0061163128689287975,-0.0003191266122502993,0.00027939621147576014,0.0,-0.00045604173371059393,0.0009088749099042735,-0.0033842401504516604,0.00026116758584976196
2024-09-06,Nutresa,0.020542901231329447,-0.000917065896109231,-0.0006724888915076526,0.0,0.0007298208837242081,0.0007297707269782144,0.0008625298589468002,-0.0004000458717346192
2024-09-06,Promigas,0.0,-0.0006875100649513895,-0.00011602396843000894,0.0,-0.00021065554538350119,0.0008600642472016293,-0.0004547003954648972,0.0004538544565439224
2024-09-09,Banco Davivienda PF,-0.02043201334287805,-0.0008294308837097468,-0.0006724888915076526,0.0,-0.0007336975599006823,-0.0007337477323336916,-0.0010461399406194688,-0.0016778734922409055
2024-09-09,Banco de Bogota,-0.015692246141259095,-0.0007114554134308688,-0.00047321035695437324,0.0,-0.0007615776816579375,-0.0007616281946253286,-0.0038079021275043484,-8.030289411544804e-05
2024-09-09,Celsia,-0.021479013443406254,-0.0006904365578316781,-0.0006724888915076526,0.0,-0.00012464182140605533,0.000872050959148151,-0.002299644947052002,-0.001391843192279339
2024-09-09,ETB,0.05406722127027579,0.0002876070060578584,-0.0005137172436797876,0.0,-0.0009166103154686668,-0.0011480773469998854,-0.0031274539232254025,-0.0009683433026075362
2024-09-09,Ecopetrol,-0.007802324682391857,-0.000392055276156711,-0.0006345748594868354,0.0,0.00016223124156448503,0.0003969054041423743,-0.0016881593465805055,0.0007784978151321412
2024-09-09,Grupo Bolivar,-0.007391854304818925,-0.0008097350625642108,-0.0006724888915076526,0.0,-0.00015710271398592388,-0.00015715264310421442,-0.001973012700676918,0.0003245004266500473
2024-09-09,Mineros SA,-0.0076982441595426325,-0.00038628086941684583,-0.0001649981300514054,0.0,-0.00045604173371059393,2.1596354499413966e-05,-0.0008805956691503525,0.0008916714191436768
2024-09-09,Nutresa,0.008298802814695064,-0.0011608074247193572,-0.001609463751532101,0.0,0.0007298208837242081,0.0007297707269782144,-0.0009064391031861305,-0.0019072314500808713
2024-09-09,Promigas,0.0,-0.0006646631951011487,-0.00047321035695437324,0.0,-0.00021065554538350119,-3.013419022998329e-05,-0.00042029994726181034,0.0004625390022993087
2024-09-10,Banco Davivienda PF,0.00229088408685035,-0.0007388032979058179,-0.000697987226448509,0.0,-0.0007336975599006823,-0.0007337477323336916,-0.0005735261105000973,0.0009606462866067885
2024-09-10,Banco de Bogota,0.02274435520844746,-0.000655714529718031,-0.0004987086918952296,0.0,-0.0007615776816579375,-0.0007616281946253286,-0.0011918822340667248,0.0012832323163747788
2024-09-10,Celsia,0.0012762952336484894,-0.000518698607900597,-0.0003060291501895232,0.0,-0.00012464182140605533,0.0022966482531539957,7.685648649930956e-05,0.0009878534227609633
2024-09-10,ETB,0.0,-0.0013884614285955888,-0.0026400601455567672,0.0,-0.0009166103154686668,-0.01707783269177156,-0.008810208320617675,-0.006244266331195832
2024-09-10,Ecopetrol,-0.015789839290064743,8.142150989098672e-05,-0.0015138836945508335,0.0,0.00016223124156448503,-0.0006065247737286121,-0.0006149478703737258,-0.0002666960060596466
2024-09-10,Grupo Bolivar,-0.01784654089631332,-0.0010806220349792207,-0.0017131622291041127,0.0,-0.00015710271398592388,-0.00015715264310421442,-0.0007566045820713043,0.0005842219144105911
2024-09-10,Mineros SA,0.01533767780541789,-0.0007884494475260466,-0.0015138836945508335,0.0,-0.00045604173371059393,0.00015511120997236622,-0.0016946264505386353,0.00025328929722309116
2024-09-10,Nutresa,0.0,-0.0011924870678563953,-0.0022238416591405133,0.0,0.0007298208837242081,0.0007297707269782144,-0.000656579203903675,-0.002226347386837006
2024-09-10,Promigas,0.0,-0.0007740617607967167,-0.002024563124587235,0.0,-0.00021065554538350119,-0.00021942181387651466,-0.0009663302600383759,-0.00039465664327144616
2024-09-11,Banco Davivienda PF,0.007977305073067098,-0.0007002437896799455,-0.0006724888915076526,0.0,-0.0007336975599006823,-0.0007337477323336916,-0.0009515450894832612,-0.0012379259020090102
2024-09-11,Banco de Bogota,-0.019156472361507623,-0.0014460923508278403,-0.001609463751532101,0.0,-0.0007615776816579375,-0.0007616281946253286,-0.002044418931007385,-0.003490902185440063
2024-09-11,Celsia,0.0,-0.00045146469334886075,-0.00047321035695437324,0.0,-0.00012464182140605533,-0.0024003279159991613,-0.0018254092931747437,-0.0011929200291633606
2024-09-11,ETB,-0.06648974126883297,-0.0009246377271024086,-0.0006724888915076526,0.0,-0.0009166103154686668,-0.005878026317406248,-0.006790948569774628,-0.0054855083227157595
2024-09-11,Ecopetrol,0.010554187877398556,-4.90780860506879e-06,0.00040995129939203827,0.0,0.00016223124156448503,-0.0013774607095884779,0.000422475352883339,-0.00010619395971298217
2024-09-11,Grupo Bolivar,-0.0016487847120350513,-0.00047973424806250554,0.00027939621147576014,0.0,-0.00015710271398592388,-0.00015715264310421442,-0.0008285520300269127,0.0018388809114694596
2024-09-11,Mineros SA,-0.010711638443747746,-0.0007032038332622924,-0.0006724888915076526,0.0,-0.00045604173371059393,-0.0017891184857715475,-0.0023950840532779697,-0.003477019250392914
2024-09-11,Nutresa,0.008230499136515444,-0.0008555157866295719,-0.0006724888915076526,0.0,0.0007298208837242081,0.0007297707269782144,-0.0004165103361010552,-0.001976269006729126
2024-09-11,Promigas,0.0,-0.00043228959196036086,-0.00047321035695437324,0.0,-0.00021065554538350119,-0.000259671047035277,-0.001082774955779314,-0.0013452743142843247
2024-09-12,Banco Davivienda PF,0.03238698361664838,-0.0009313791220767562,-0.0017635587383772273,0.0,-0.0007336975599006823,-0.0007337477323336916,-0.0015876246765255924,-0.005411755442619323
2024-09-12,Banco de Bogota,0.009978904366601612,-0.0007582637560729556,-0.0002377043056852215,0.0,-0.0007615776816579375,-0.0007616281946253286,-0.0008914717286825181,-0.0033710928559303284
2024-09-12,Celsia,0.008888948019692795,-0.00085133973741234,-0.001579451000730282,0.0,-0.00012464182140605533,1.4564309123846902e-06,-0.0024121228456497196,-0.004939251601696015
2024-09-12,ETB,0.0,0.009917411471662252,0.009094434965289869,0.0,-0.0009166103154686668,0.009715160387437695,0.007556596145033836,0.0033142544180154803
2024-09-12,Ecopetrol,0.013037976095058034,-0.0007972095989214982,-0.001448895912814004,0.0,0.00016223124156448503,0.0011652022132632033,0.0013045438677072526,-0.006357617199420929
2024-09-12,Grupo Bolivar,0.02283968715341454,-0.0007180538925976786,-0.001564280203823948,0.0,-0.00015710271398592388,-0.00015715264310421442,-0.0013176345974206926,-0.0015605283677577974
2024-09-12,Mineros SA,0.016781471279539897,-0.0005602361980117542,-3.842577113194218e-05,0.0,-0.00045604173371059393,0.0004094414104847728,-0.00298868715763092,-0.005515070497989654
2024-09-12,Nutresa,0.016260520871780326,-0.0010058111783467106,-0.0017635587383772273,0.0,0.0007298208837242081,0.0007297707269782144,-0.00030189222842454913,-0.004734992504119873
2024-09-12,Promigas,0.02501789126773483,-0.0006813027282779078,-0.0017635587383772273,0.0,-0.00021065554538350119,-0.0002682294553382601,-0.0028399726152420045,-0.0039235053658485414
2024-09-13,Banco Davivienda PF,0.007662813760253744,-0.0006660626042249663,-0.0006936968362779977,0.0,-0.0007336975599006823,-0.0007337477323336916,0.0005330367088317871,-0.0061216775178909305
2024-09-13,Banco de Bogota,-0.0007097210921160542,-0.000731868818064841,0.00026096266543189324,0.0,-0.0007615776816579375,-0.0007616281946253286,-0.002701414108276367,-0.004019796550273896
2024-09-13,Celsia,-0.008888948019692785,-0.0003531417241258702,0.0004450704030788384,0.0,-0.00012464182140605533,-0.0011274418425768027,-0.0006748903170228004,-0.004961016178131104
2024-09-13,ETB,0.0,-0.001769650020952046,0.0039163339843022085,0.0,-0.0009166103154686668,-0.0006601444174938127,0.015332141399383548,0.0008558643311262131
2024-09-13,Ecopetrol,-0.010416761245390004,-0.0003760372369307339,0.0004450704030788384,0.0,0.00016223124156448503,0.001404931551876193,-0.0005700592696666718,-0.007000976800918579
2024-09-13,Grupo Bolivar,-0.021190902441379524,-0.0009416659544335854,-0.0033711577393762886,0.0,-0.00015710271398592388,-0.00015715264310421442,-0.005398599803447724,-0.0038344826698303225
2024-09-13,Mineros SA,-0.006069832835792164,-0.0004543127192011721,0.00026096266543189324,0.0,-0.00045604173371059393,-0.0019109745222340368,-0.0011773380786180498,-0.005991128444671631
2024-09-13,Nutresa,0.03611415582422036,-0.0004163777869801316,0.00026096266543189324,0.0,0.0007298208837242081,0.0007297707269782144,-0.0010028602853417398,-0.003368754386901855
2024-09-13,Promigas,0.0012995246437524904,-0.0006467256016101168,-0.0003839985006320357,0.0,-0.00021065554538350119,-0.005589736423104227,-0.0031821470856666562,-0.004768797814846039
2024-09-16,Banco Davivienda PF,0.018369029034293476,-0.00017927584905523254,0.00026096266543189324,0.0,-0.0007336975599006823,-0.0007337477323336916,0.0014036808162927628,-0.0034505627155303953
2024-09-16,Banco de Bogota,-0.010702683692858074,-0.00028028693125426867,0.00026096266543189324,0.0,-0.0007615776816579375,-0.0007616281946253286,-0.00042726372182369234,-0.0016025387942790986
2024-09-16,Celsia,-0.007682526097671642,-4.139062437314186e-05,0.001197676971508971,0.0,-0.00012464182140605533,0.0017590748400758591,0.00031295071914792057,-0.0008875519335269927
2024-09-16,ETB,0.0,0.0001331977195391919,0.002402612772259623,0.0,-0.0009166103154686668,0.007390981832398412,0.007066984057426453,0.0008208968341350556
2024-09-16,Ecopetrol,0.025841268542353215,-0.00010516907060702014,0.001197676971508971,0.0,0.00016223124156448503,-0.0008588639802829335,-2.303287386894192e-06,-0.0024938098192214967
2024-09-16,Grupo Bolivar,0.07212917517915265,0.00022582960603975387,0.0012893363784555441,0.0,-0.00015710271398592388,-0.00015715264310421442,-0.0007625587228685617,0.001192799538373947
2024-09-16,Mineros SA,0.012103044970706796,-7.387320924634322e-05,0.0005691748923348611,0.0,-0.00045604173371059393,1.7673443976411602e-05,-0.0011428080499172211,-0.0020191177427768712
2024-09-16,Nutresa,0.0,-0.000720603010735008,-0.0009857105302385162,0.0,0.0007298208837242081,0.0007297707269782144,-0.0007582238465547562,-0.0033294439911842346
2024-09-16,Promigas,0.002593993941247214,-0.00015503330940001795,0.00026096266543189324,0.0,-0.00021065554538350119,-0.0016779144062840049,-0.0020856503993272784,-0.0017847645878791812
2024-09-17,Banco Davivienda PF,0.006403465124972828,-0.00032807541134380997,-0.0003019866551000765,0.0,-0.0007336975599006823,-0.0007337477323336916,0.0004474606588482857,-0.0018947365283966066
2024-09-17,Banco de Bogota,0.007859903255846398,-2.0806904550410947e-06,0.001095581079393985,0.0,-0.0007615776816579375,-0.0007616281946253286,0.0008788973167538643,0.0010087213814258574
2024-09-17,Celsia,-0.0012861444983904295,4.854002888068642e-05,0.0008352944755137652,0.0,-0.00012464182140605533,-0.0001409511687351375,0.00010337547585368158,0.0011904825568199158
2024-09-17,ETB,0.0,0.001360626767008211,0.001010562420171107,0.0,-0.0009166103154686668,0.0026765374327518527,0.0063227485418319695,0.0005823860168457032
2024-09-17,Ecopetrol,-0.0025542615558210814,-0.0003974130327295786,-0.00011787891745313164,0.0,0.00016223124156448503,0.0026406749250978633,0.0005376481339335441,-0.002193512290716171
2024-09-17,Grupo Bolivar,-0.006767271377913044,-0.0021017030106189726,-0.005863207778732881,0.0,-0.00015710271398592388,-0.00015715264310421442,-0.0004263186305761337,-0.0033328602612018587
2024-09-17,Mineros SA,-0.0060332121349146,0.0001337752995570919,0.00034297451096385235,0.0,-0.00045604173371059393,-0.0015161157719388002,-0.0006021767854690552,-0.000822191134095192
2024-09-17,Nutresa,0.026406201157113788,-0.00020517546496488936,0.00034297451096385235,0.0,0.0007298208837242081,0.0007297707269782144,-2.5914333760738386e-05,-0.0003400498181581497
2024-09-17,Promigas,-0.0025939939412471034,-4.309961950084312e-05,0.00034297451096385235,0.0,-0.00021065554538350119,-0.0011213727907815952,-0.0009118305295705796,-9.054339677095414e-05
2024-09-18,Banco Davivienda PF,0.0,-9.314729322402544e-06,0.00034297451096385235,0.0,-0.0007336975599006823,-0.0007337477323336916,0.0006870495826005937,-0.0017180969417095186
2024-09-18,Banco de Bogota,-0.003565012691718118,-9.667907549478668e-05,0.00034297451096385235,0.0,-0.0007615776816579375,-0.0007616281946253286,9.078793041408062e-05,-0.0009425279051065444
2024-09-18,Celsia,-0.00904976683012858,1.7337369434887907e-05,0.0005270822486107974,0.0,-0.00012464182140605533,-0.0007424584968943052,0.0002457607463002205,0.00029617564380168913
2024-09-18,ETB,0.0,0.0010231034023190347,0.001010562420171107,0.0,-0.0009166103154686668,-0.00025585758358659546,0.0013815320432186127,-0.00031952521950006485
2024-09-18,Ecopetrol,-0.02590822183620001,2.1954749912149065e-05,0.0005270822486107974,0.0,0.00016223124156448503,-9.999418734972276e-05,0.0011643121689558027,-0.0015528648793697356
2024-09-18,Grupo Bolivar,0.020770460807060267,-0.00027609453168490704,0.0006511867378668202,0.0,-0.00015710271398592388,-0.00015715264310421442,-0.0018456605076789857,-0.0017284547984600068
2024-09-18,Mineros SA,0.0283390468562578,0.00011140631919715418,0.0006511867378668202,0.0,-0.00045604173371059393,1.4582660189532345e-05,-0.0008130583167076111,-0.0004853440076112746
2024-09-18,Nutresa,0.0,-0.0006089717177280608,-0.0006732917324005962,0.0,0.0007298208837242081,0.0007297707269782144,-0.000828440573066473,-0.002005345314741135
2024-09-18,Promigas,0.0,-1.0186235865052543e-05,0.00034297451096385235,0.0,-0.00021065554538350119,0.00010011703881242378,-0.000364060252904892,-5.07598668336868e-05
2024-09-19,Banco Davivienda PF,-0.010695299608286673,8.607124449275607e-05,0.0005888911951436701,0.0,-0.0007336975599006823,-0.0007337477323336916,1.7711371183395405e-05,-0.001862263739109039
2024-09-19,Banco de Bogota,0.0056980276818798525,9.581988207663928e-05,0.0005888911951436701,0.0,-0.0007615776816579375,-0.0007616281946253286,0.0007053891941905022,-0.0013249472975730898
2024-09-19,Celsia,-0.0012995850017293122,0.00027072705730730664,0.0013039822675922584,0.0,-0.00012464182140605533,0.0007675920850765837,0.0024702602624893186,0.00017998605966567993
2024-09-19,ETB,0.0,0.001355239975981471,0.0005888911951436701,0.0,-0.0009166103154686668,1.2340404966240114e-05,0.0007371656559407711,-0.0008379803299903869
2024-09-19,Ecopetrol,0.0,0.00032659402113162524,0.0013804708776324975,0.0,0.00016223124156448503,-0.002354062957063502,9.108657389879223e-05,0.0010877230018377303
2024-09-19,Grupo Bolivar,-0.015230271142008011,-0.003025618725770256,-0.007013608782258268,0.0,-0.00015710271398592388,-0.00015715264310421442,-0.002121160998940468,-0.004004925906658173
2024-09-19,Mineros SA,0.02755788807605728,-0.00015656680615839478,-0.0003480836648807774,0.0,-0.00045604173371059393,-0.0028864328382171827,-0.002735113471746445,-0.004365956783294678
2024-09-19,Nutresa,-0.00030307622599012673,5.6657354080008826e-05,0.0005888911951436701,0.0,0.0007298208837242081,0.0007297707269782144,0.0004545842707157135,-0.0016544610857963562
2024-09-19,Promigas,0.0,0.00016557387525863252,0.0005888911951436701,0.0,-0.00021065554538350119,-0.0001917258029807739,0.0005945621803402901,-0.0006968120485544205
2024-09-20,Banco Davivienda PF,-0.010810926823831312,0.00019970511183859505,0.0014982790480306172,0.0,-0.0007336975599006823,-0.0007337477323336916,-0.0005281149633228778,-0.00023112834990024565
2024-09-20,Banco de Bogota,-0.00927579517367129,5.13719011279758e-05,0.0005888911951436701,0.0,-0.0007615776816579375,-0.0007616281946253286,-6.217040121555329e-05,-0.001876603066921234
2024-09-20,Celsia,0.03450817936957224,0.00029092715613970334,0.0009722774673438941,0.0,-0.00012464182140605533,-0.0008766064300117449,0.0002690547183156014,1.293459534645082e-05
2024-09-20,ETB,0.0,0.0009058083651662304,0.0005888911951436701,0.0,-0.0009166103154686668,-0.0005612544553703858,-0.0004492999538779258,-0.0008956633806228638
2024-09-20,Ecopetrol,-0.007905198532647222,0.00028871094299180266,0.0013294638558682586,0.0,0.00016223124156448503,0.0001465370704555769,0.001596960447728634,9.494602680206296e-05
2024-09-20,Grupo Bolivar,-0.03371104815495662,-0.001000542440383882,0.0011198745299453132,0.0,-0.00015710271398592388,-0.00015715264310421442,-0.0032655380964279174,-0.0004398374706506729
2024-09-20,Mineros SA,0.02960048985991674,-7.919338304446977e-05,0.0001575223101541243,0.0,-0.00045604173371059393,-0.0028205031089939673,-0.0007031941413879395,-0.004993051886558532
2024-09-20,Nutresa,0.015340953590530655,-4.633981799275996e-05,0.0005888911951436701,0.0,0.0007298208837242081,0.0007297707269782144,-9.154787287116049e-05,-0.0008802455365657807
2024-09-20,Promigas,0.012903420022091055,8.47029833958608e-05,0.0005888911951436701,0.0,-0.00021065554538350119,-0.0002537818970811737,-0.0007190428376197815,-0.0008160184621810913
2024-09-23,Banco Davivienda PF,0.0,0.0001842973039604805,0.0011198745299453132,0.0,-0.0007336975599006823,-0.0007337477323336916,-0.00027261646091938024,0.0013924736976623536
2024-09-23,Banco de Bogota,-0.007194244645463132,0.00042896703616985757,0.0016254805049802149,0.0,-0.0007615776816579375,-0.0007616281946253286,0.000371594987809658,0.0005936468541622162
2024-09-23,Celsia,-0.007566337478817101,1.649193901507494e-05,0.0003416300478010697,0.0,-0.00012464182140605533,-0.004145046907168281,0.0002128177210688591,-0.0024938687682151796
2024-09-23,ETB,0.0,0.0010257283124809184,0.0005888911951436701,0.0,-0.0009166103154686668,-0.0011514118019922842,5.758140236139303e-05,-0.0006361917853355408
2024-09-23,Ecopetrol,0.015748394721932773,0.0005292790171039044,0.0013651939010999952,0.0,0.00016223124156448503,-0.0006164539133818834,0.0017687605619430545,0.0014909007847309114
2024-09-23,Grupo Bolivar,-0.006369570480244381,0.0009072679576172882,0.0020147068207488792,0.0,-0.00015710271398592388,-0.00015715264310421442,-0.00011471760831773278,0.004758795320987701
2024-09-23,Mineros SA,-0.031032166961570316,0.00011468854432156422,0.0001575223101541243,0.0,-0.00045604173371059393,-0.002992898511739285,-0.00011102067306637763,-0.0040406808257102975
2024-09-23,Nutresa,0.0,5.496546703210704e-05,0.0005888911951436701,0.0,0.0007298208837242081,0.0007297707269782144,3.0748829245567305e-05,-0.0011632740795612336
2024-09-23,Promigas,-0.006430861096888628,0.00012238581888353645,0.0005888911951436701,0.0,-0.00021065554538350119,-0.00301069997319078,-0.0010977670103311538,-0.0017230062782764434
2024-09-24,Banco Davivienda PF,0.021506226432118046,-0.000511523876169644,-0.0009892579404710165,0.0,-0.0007336975599006823,-0.0007337477323336916,-0.0009537441581487658,-0.0005291997790336609
2024-09-24,Banco de Bogota,-0.0021685532223985754,-0.00046416935965424373,-0.0007002017440631041,0.0,-0.0007615776816579375,-0.0007616281946253286,0.00046851237118244175,-0.00012772439420223228
2024-09-24,Celsia,0.0,-0.0004957558836537328,-0.0007002017440631041,0.0,-0.00012464182140605533,0.004151994287280943,0.0006094450037926435,-0.001664282351732254
2024-09-24,ETB,0.0,-0.00021825086327898299,-0.0009892579404710165,0.0,-0.0009166103154686668,-0.001290288890891121,-0.00247918276488781,-0.0018588423579931263
2024-09-24,Ecopetrol,0.010362787035546658,-0.00045781053182982444,-0.0008051502028240708,0.0,0.00016223124156448503,0.0016665347192337135,0.0013345332220196723,-0.0025089771449565883
2024-09-24,Grupo Bolivar,0.005416800719595328,0.0010009456578431036,0.0009491869461138377,0.0,-0.00015710271398592388,-0.00015715264310421442,-0.00041742026805877683,0.002550348341464996
2024-09-24,Mineros SA,0.0,0.0002901349512117232,0.0008203905060266323,0.0,-0.00045604173371059393,0.0021244921489642745,-0.002795091301202774,0.0010625895261764527
2024-09-24,Nutresa,-0.0014936522567832536,-0.0007108931366826828,-0.0009892579404710165,0.0,0.0007298208837242081,0.0007297707269782144,0.0005727330148220062,-0.0016570098996162414
2024-09-24,Promigas,-0.0064725589252024535,-0.0005874097537447691,-0.0007002017440631041,0.0,-0.00021065554538350119,0.0005142328111939039,-0.0018728752583265305,-0.0012651124000549318
2024-09-25,Banco Davivienda PF,0.0053049495532366975,-0.0009120907862195634,-0.001282710688747943,0.0,-0.0007336975599006823,-0.0007337477323336916,-0.00033907624334096907,-0.0035069161653518677
2024-09-25,Banco de Bogota,-0.010190159234683121,-0.0002746794017529403,-0.0003457358287234946,0.0,-0.0007615776816579375,-0.0007616281946253286,-0.00023036440089344978,-0.0003713068068027497
2024-09-25,Celsia,-0.0012664605544634626,-0.0002851570296420795,-0.00016162809107654974,0.0,-0.00012464182140605533,-0.0008759469025843445,-0.00011014136299490932,-0.001294109493494034
2024-09-25,ETB,-0.06453852113757118,0.0004376359621459766,-0.0003457358287234946,0.0,-0.0009166103154686668,-0.0014111909727520127,-0.0009760563224554062,-0.0012477462589740754
2024-09-25,Ecopetrol,-0.05292240145434255,-0.000299383582924029,-0.00016162809107654974,0.0,0.00016223124156448503,0.0011467286586739304,0.0013887169733643532,-0.003168677777051926
2024-09-25,Grupo Bolivar,0.0025389262366959336,-0.0004194605105049736,-0.0003078217967026775,0.0,-0.00015710271398592388,-0.00015715264310421442,-0.0032224056720733646,0.00024886526167392734
2024-09-25,Mineros SA,-0.0028695180127872055,0.00010935610751221773,0.0011043743269001666,0.0,-0.00045604173371059393,-0.0004946198892576178,-0.0020223162472248076,0.00038882793486118316
2024-09-25,Nutresa,0.0,-0.00036205914031641324,-0.0003457358287234946,0.0,0.0007298208837242081,0.0007297707269782144,-0.00011194790154695511,-0.00033747661113739017
2024-09-25,Promigas,0.012903420022091055,-0.00033771530638722195,-3.752360182052679e-05,0.0,-0.00021065554538350119,0.0012726244289668093,-0.00032715082168579103,-0.00034922077506780623
2024-09-26,Banco Davivienda PF,0.0,-0.0011529445631535517,-0.0016777495328942082,0.0,-0.0007336975599006823,-0.0007337477323336916,-0.00047724426537752154,-0.004352017164230346
2024-09-26,Banco de Bogota,0.0,-0.0007518780131231554,-0.0001742397992774129,0.0,-0.0007615776816579375,-0.0007616281946253286,-0.00034359730035066606,-6.197924166917801e-05
2024-09-26,Celsia,0.0012664605544634008,-0.0010621461535453302,-0.0016777495328942082,0.0,-0.00012464182140605533,1.7614731573614118e-05,-0.0007041779421269893,-0.0019028260111808777
2024-09-26,ETB,0.0,0.011358776273764817,0.010943578529959364,0.0,-0.0009166103154686668,0.018063721915139868,0.014960867941379546,0.009504630923271178
2024-09-26,Ecopetrol,0.03208831455150045,0.0017663912965923054,0.0005205839573760607,0.0,0.00016223124156448503,-0.004961407402530101,0.0002007210366427899,0.006372437238693238
2024-09-26,Grupo Bolivar,0.0,-0.0007884942564570031,-0.001478470998340929,0.0,-0.00015710271398592388,-0.00015715264310421442,-0.0026240925937891005,-0.0014736976325511932
2024-09-26,Mineros SA,0.0,-0.0014425640041371506,-0.0018391140354266703,0.0,-0.00045604173371059393,-0.0002524328328237986,-0.0037769501507282253,-0.0006185812205076218
2024-09-26,Nutresa,0.04529627491517621,-0.0012975345566005269,-0.0016777495328942082,0.0,0.0007298208837242081,0.0007297707269782144,0.0004374623037874699,-0.0009611300379037856
2024-09-26,Promigas,0.0,-0.001260404724711596,-0.0016777495328942082,0.0,-0.00021065554538350119,-0.0026861320858214523,-0.004362256526947021,-0.0036266945004463196
2024-09-27,Banco Davivienda PF,-0.012779674980786677,-0.0006477034287394785,-0.0010076498004290176,0.0,-0.0007336975599006823,-0.0007337477323336916,-0.001915526568889618,-0.003129161655902863
2024-09-27,Banco de Bogota,0.021068825968238822,-0.00034513145842481237,-0.0006242635282287926,0.0,-0.0007615776816579375,-0.0007616281946253286,-0.0028037846982479097,-0.0008849421739578247
2024-09-27,Celsia,-0.012738940028887466,-0.0005245560815228714,-0.0008235420627820719,0.0,-0.00012464182140605533,-0.000393644228460962,-0.001060723915696144,-0.0015455426573753356
2024-09-27,ETB,0.0,-6.397442491294928e-06,0.0034994171652955003,0.0,-0.0009166103154686668,0.004098041464124238,0.011662775278091429,0.0030815052092075346
2024-09-27,Ecopetrol,-0.00792608419938862,2.215235086132141e-05,-0.003261107360961476,0.0,0.00016223124156448503,0.0032436249662527415,0.0015605568066239359,-0.0022529992461204533
2024-09-27,Grupo Bolivar,-0.0015861564760469191,-0.0003721091707645314,-0.0008083712658757379,0.0,-0.00015710271398592388,-0.00015715264310421442,-0.0036527313590049744,-0.001544860988855362
2024-09-27,Mineros SA,0.0,-0.00039390365801166325,-0.0010076498004290176,0.0,-0.00045604173371059393,-0.0004946198892576178,-0.00021282010897994043,-0.0011773828566074371
2024-09-27,Nutresa,-0.003721200801853845,-0.0011860880850997435,-0.0021598812141861365,0.0,0.0007298208837242081,0.0007297707269782144,-0.0005325920581817627,-0.0046624581813812255
2024-09-27,Promigas,-0.012903420022090994,-0.000588687780182132,-0.0010076498004290176,0.0,-0.00021065554538350119,-0.0007841807585419503,-0.0033474510610103604,-0.00266735714673996
2024-09-30,Banco Davivienda PF,0.017003636549882687,-0.0010014007815140704,-0.00048244552293741973,0.0,-0.0007336975599006823,-0.0007337477323336916,-0.0006340345293283462,-0.0006295823007822036
2024-09-30,Banco de Bogota,-0.00360097384480383,-0.0014731179442211615,-0.00285083303374058,0.0,-0.0007615776816579375,-0.0007616281946253286,-0.0034918001890182496,-0.004894663751125336
2024-09-30,Celsia,0.0038388253324037783,-0.0007874893512818058,-0.00048244552293741973,0.0,-0.00012464182140605533,0.0014368390532838783,-0.001315925434231758,-0.000475405678153038
2024-09-30,ETB,0.06453852113757116,0.0008909456466331607,0.0008009380604055605,0.0,-0.0009166103154686668,0.009157304485254156,0.00402553915977478,0.0005939583331346513
2024-09-30,Ecopetrol,-0.0026560251311482748,-0.0011607724263300815,-0.0016589850281254859,0.0,0.00016223124156448503,-0.0006184697483225632,0.0032471440732479095,-0.0021360304355621342
2024-09-30,Grupo Bolivar,-0.007008731162519007,-0.0010022420431032312,-0.002008299955629426,0.0,-0.00015710271398592388,-0.00015715264310421442,-0.0022824401408433914,-0.0017936646044254302
2024-09-30,Mineros SA,0.011428856866279438,-0.0007402333177748458,-0.0018090214210761465,0.0,-0.00045604173371059393,-0.0004946198892576178,-0.0020553345531225202,-0.0019416946768760685
2024-09-30,Nutresa,0.0,-0.0012142820589886804,-0.002008299955629426,0.0,0.0007298208837242081,0.0007297707269782144,-0.0006121719665825368,-0.004065544307231903
2024-09-30,Promigas,0.0,-0.0008066883282747025,-0.00048244552293741973,0.0,-0.00021065554538350119,0.0023639640169223113,-0.00020842644572258005,-0.0004409758299589158
2024-10-01,Banco Davivienda PF,0.004206087804173438,-0.00028278041159322885,0.0001538197735126423,0.0,-0.0007336975599006823,-0.0007337477323336916,-0.0004394958317279816,-0.0007928600013256074
2024-10-01,Banco de Bogota,-0.0007218775081504754,-0.00011480360165769467,0.0004450704030788384,0.0,-0.0007615776816579375,-0.0007616281946253286,0.0001939982250332832,-0.00044478394091129297
2024-10-01,Celsia,0.011428705893220424,-0.00013648867750437081,0.0004450704030788384,0.0,-0.00012464182140605533,-0.0018220348617047663,-0.0006457816474139691,0.0008165193498134613
2024-10-01,ETB,0.0,-0.0020737601323162808,0.00043249811890322507,0.0,-0.0009166103154686668,-0.015220013429179289,-0.003443243190646172,-0.004715844750404358
2024-10-01,Ecopetrol,0.00794708051962091,9.764095935630142e-05,0.0006443489376321177,0.0,0.00016223124156448503,-0.00010981616590434763,0.0018219043016433716,0.0006842243522405626
2024-10-01,Grupo Bolivar,0.007008731162518874,-5.3096183464818554e-05,0.0005691748923348611,0.0,-0.00015710271398592388,-0.00015715264310421442,-0.00033420690521597865,0.0017181935310363772
2024-10-01,Mineros SA,0.008486560343158192,-0.00015054324193811483,0.00026096266543189324,0.0,-0.00045604173371059393,-0.001459214357915139,-0.00010361707583069802,-0.000760214239358902
2024-10-01,Nutresa,0.0,-0.000310224644243482,0.00026096266543189324,0.0,0.0007298208837242081,0.0007297707269782144,1.3268336653709395e-05,1.3211458921432492e-05
2024-10-01,Promigas,0.0,-8.434109518378795e-05,0.00026096266543189324,0.0,-0.00021065554538350119,0.0002896480084832814,0.0006540395468473435,0.0012459256500005722
2024-10-02,Banco Davivienda PF,-0.015864970722232852,-0.00025603694454505037,0.00026096266543189324,0.0,-0.0007336975599006823,-0.0007337477323336916,-0.0003368795551359654,-0.0010870181024074557
2024-10-02,Banco de Bogota,-0.01748041938874712,-0.00012395275910238418,0.0004450704030788384,0.0,-0.0007615776816579375,-0.0007616281946253286,-0.0005030501373112202,-0.00020439966022968298
2024-10-02,Celsia,-0.002528591196736868,-0.0001990554085861935,0.00026096266543189324,0.0,-0.00012464182140605533,-0.0010329036609645072,-0.0015530905276536942,-0.0011444601267576217
2024-10-02,ETB,0.0,-0.00041526231036613195,0.0006859526976166544,0.0,-0.0009166103154686668,-0.004758681444185731,-0.005226646900177002,-0.0040177243947982786
2024-10-02,Ecopetrol,-0.010610255022841025,2.0193638171323113e-05,0.0006443489376321177,0.0,0.00016223124156448503,0.000913570404186484,0.0012512645944952965,-0.0007809534147381782
2024-10-02,Grupo Bolivar,-0.01600014286995575,-0.00022803322190645894,0.00026096266543189324,0.0,-0.00015710271398592388,-0.00015715264310421442,-0.0018923542201519014,-0.00028415544331073764
2024-10-02,Mineros SA,-0.011331587170723717,-0.0002308590503552565,0.00026096266543189324,0.0,-0.00045604173371059393,-0.0012108848019009395,-0.0005580442398786544,-0.0016777563095092772
2024-10-02,Nutresa,0.0,-0.0002361095484352454,0.00026096266543189324,0.0,0.0007298208837242081,0.0007297707269782144,0.0009214918315410615,0.00010274815559387207
2024-10-02,Promigas,0.0,-0.00017576824825190092,0.00026096266543189324,0.0,-0.00021065554538350119,-0.00015142482586388752,0.000574259076267481,0.0006795598417520523
2024-10-03,Banco Davivienda PF,-0.002134518261142965,-0.0002424884242707395,0.0008973783021965591,0.0,-0.0007336975599006823,-0.0007337477323336916,7.017670199275014e-05,0.000876499742269516
2024-10-03,Banco de Bogota,0.01603525449035394,-0.00013960824075542782,0.0010814860398435037,0.0,-0.0007615776816579375,-0.0007616281946253286,0.0018815701454877854,0.0014725262075662615
2024-10-03,Celsia,0.0,-0.00034008160862866624,-0.0006284761304954454,0.0,-0.00012464182140605533,0.0012939286467348182,-0.000627765465527773,-0.001295097291469574
2024-10-03,ETB,0.0,-0.0015864699926449583,-0.0008770450155295615,0.0,-0.0009166103154686668,-0.0101630549729068,-0.004169967114925384,-0.003410609364509583
2024-10-03,Ecopetrol,0.015873387511766795,-8.804759192157104e-05,0.0010814860398435037,0.0,0.00016223124156448503,-0.0008775395400445353,0.0003843952901661396,8.140860497951507e-05
2024-10-03,Grupo Bolivar,0.014411533126278776,0.00046496099503010176,0.0014029842772314604,0.0,-0.00015710271398592388,-0.00015715264310421442,-0.0002630023993551731,0.0018049804121255876
2024-10-03,Mineros SA,0.01554807960489293,-0.00018282406606296605,0.0012757828202818629,0.0,-0.00045604173371059393,0.00046176502603871973,-0.000878066971898079,-0.0004226068705320358
2024-10-03,Nutresa,-0.0008607087032577889,-0.0005220699976364707,-0.0006284761304954454,0.0,0.0007298208837242081,0.0007297707269782144,0.0023790370225906373,-0.00034295766055583954
2024-10-03,Promigas,0.0,-0.00029828118483407314,-0.0006284761304954454,0.0,-0.00021065554538350119,-0.0002452124861854433,-0.00016493722796440125,-0.0004019180685281754
2024-10-04,Banco Davivienda PF,0.008510763482060032,-0.00011107736760557423,0.00034297451096385235,0.0,-0.0007336975599006823,-0.0007337477323336916,-0.00046628499776124946,0.00021261455118656158
2024-10-04,Banco de Bogota,0.004329089589607466,-0.00010627258794248103,0.00034297451096385235,0.0,-0.0007615776816579375,-0.0007616281946253286,-0.0006654075793921948,-0.001605055183172226
2024-10-04,Celsia,-0.0025347302581056573,-0.00010532186726733522,0.00034297451096385235,0.0,-0.00012464182140605533,-0.0003760804572691591,-0.0008937006294727325,-0.0010901336371898652
2024-10-04,ETB,0.0,-0.00024739643900786195,0.00034297451096385235,0.0,-0.0009166103154686668,-0.0061643393677065115,0.0001777019277215004,-0.002898060917854309
2024-10-04,Ecopetrol,-0.007905198532647222,-0.0001247658762471661,0.00034297451096385235,0.0,0.00016223124156448503,0.0016785987263923184,-3.678515553474449e-06,-0.0021369910240173337
2024-10-04,Grupo Bolivar,-0.014089049071813915,0.00011874023294754043,0.0008485804859987539,0.0,-0.00015710271398592388,-0.00015715264310421442,-0.0009772703126072883,-0.0010156170874834058
2024-10-04,Mineros SA,0.023562921877876064,-0.00020742528774393026,0.00034297451096385235,0.0,-0.00045604173371059393,-0.0018068763783012913,-0.0007858089357614517,-0.002619115650653839
2024-10-04,Nutresa,0.0,-0.0001381661693543004,0.00034297451096385235,0.0,0.0007298208837242081,0.0007297707269782144,0.0012014259696006776,-6.36754930019379e-06
2024-10-04,Promigas,0.0,-1.7831805318343047e-05,0.00034297451096385235,0.0,-0.00021065554538350119,-0.00026515505472202215,0.0012346563041210176,-0.0006346629112958908
2024-10-07,Banco Davivienda PF,0.004228318800570362,0.00018515808466650226,0.0005888911951436701,0.0,-0.0007336975599006823,-0.0007337477323336916,-0.000321392472833395,0.0004017095416784286
2024-10-07,Banco de Bogota,-0.022570920412069734,0.00015213017111617266,0.0005888911951436701,0.0,-0.0007615776816579375,-0.0007616281946253286,0.00034012453258037577,3.899288177490236e-05
2024-10-07,Celsia,-0.005089089204729596,0.0001891994018075613,0.0005888911951436701,0.0,-0.00012464182140605533,0.00016061641893526244,0.0004870073050260543,0.0012440994530916213
2024-10-07,ETB,0.0,0.00016431606586786058,0.0005888911951436701,0.0,-0.0009166103154686668,-0.0034479325839645164,0.0007618021070957184,-0.00018116161227226256
2024-10-07,Ecopetrol,0.010526413382315112,0.00027542727716681106,0.0006754801884181483,0.0,0.00016223124156448503,-0.0006164539133818834,0.0009014025852084161,0.0016804075092077258
2024-10-07,Grupo Bolivar,0.0,0.0006601353454684103,0.0016254805049802149,0.0,-0.00015710271398592388,-0.00015715264310421442,-0.0008039611577987671,0.0028884412050247193
2024-10-07,Mineros SA,0.013605811144567579,-0.00017021839031156066,-0.0003480836648807774,0.0,-0.00045604173371059393,-0.0024833283291952036,-0.0009752289801836011,-0.002124968320131302
2024-10-07,Nutresa,0.0,-0.00011890983580805362,0.0005888911951436701,0.0,0.0007298208837242081,0.0007297707269782144,0.0011427972465753555,0.0014215435236692429
2024-10-07,Promigas,0.0,0.0013804699501142569,0.0005888911951436701,0.0,-0.00021065554538350119,-0.00026939554903089596,0.0005231986418366432,0.0011384946554899216
2024-10-08,Banco Davivienda PF,-0.023480335636544083,0.00013208920329412088,0.0005888911951436701,0.0,-0.0007336975599006823,-0.0007337477323336916,-0.00018302870169281958,-0.0011766492277383806
2024-10-08,Banco de Bogota,0.010256344406260788,0.0003156961347054586,0.0013804708776324975,0.0,-0.0007615776816579375,-0.0007616281946253286,0.00034025322645902633,0.0021280571669340135
2024-10-08,Celsia,0.010152410659572036,0.0001645166654569298,0.0005888911951436701,0.0,-0.00012464182140605533,0.0001971223741004405,-0.00018593296408653257,0.00036478778719902037
2024-10-08,ETB,0.0,0.0012001788865406142,0.0005888911951436701,0.0,-0.0009166103154686668,-0.003404278640818475,-0.0011019731387495995,-0.0013578255474567414
2024-10-08,Ecopetrol,-0.045523237214842256,6.964500793517601e-05,0.0005888911951436701,0.0,0.00016223124156448503,0.0011625214849751298,0.00025934766232967374,-0.0014305677115917207
2024-10-08,Grupo Bolivar,-0.02246267931847737,8.394449205935974e-05,0.0005888911951436701,0.0,-0.00015710271398592388,-0.00015715264310421442,-0.0014981638193130493,0.0002853354066610336
2024-10-08,Mineros SA,-0.027398957691693204,2.901120054801858e-06,0.0005888911951436701,0.0,-0.00045604173371059393,-0.001642949098836841,-0.0013233321979641915,-0.003761708557605743
2024-10-08,Nutresa,0.03275278647180787,-0.00013173940764180765,0.0005888911951436701,0.0,0.0007298208837242081,0.0007297707269782144,0.0031694984436035157,-1.235072314739224e-05
2024-10-08,Promigas,0.0,0.0009185466650665628,0.0005888911951436701,0.0,-0.00021065554538350119,-0.0002702972278668297,3.776332736015325e-05,-0.00039477521181106564
2024-10-09,Banco Davivienda PF,-0.022939225888101267,9.292873571805109e-05,0.0008591963197263538,0.0,-0.0007336975599006823,-0.0007337477323336916,-0.0006206616908311844,0.0025013307332992555
2024-10-09,Banco de Bogota,-0.00878467367849406,-0.00039352282109367416,-0.0009892579404710165,0.0,-0.0007615776816579375,-0.0007616281946253286,-0.0009868087619543074,-0.000828979715704918
2024-10-09,Celsia,0.008799554204873215,-0.00047046188555224723,-0.0009892579404710165,0.0,-0.00012464182140605533,-0.001774862424050179,-0.0005936022810637952,-0.0014597111642360686
2024-10-09,ETB,0.0,0.0005257681718950139,-0.0008051502028240708,0.0,-0.0009166103154686668,-0.002836385584486525,-0.0002932249456644059,-0.0011060576140880585
2024-10-09,Ecopetrol,0.008185604135663795,0.002330050591623831,0.0012037767782268564,0.0,0.00016223124156448503,-0.004247257646599712,0.0012966760545969009,0.006234703302383422
2024-10-09,Grupo Bolivar,-0.005641302279208218,0.00013687083270937062,0.0008591963197263538,0.0,-0.00015710271398592388,-0.00015715264310421442,-0.0009027146622538568,0.0032904237508773805
2024-10-09,Mineros SA,0.027398957691693118,-0.00017360042014120548,0.0006599177851730746,0.0,-0.00045604173371059393,0.0018178496206516786,-0.0008850671984255313,0.001959396317601204
2024-10-09,Nutresa,0.0,-0.0009540551351660385,-0.001420626825460562,0.0,0.0007298208837242081,0.0007297707269782144,0.00019864953309297562,-0.003075729608535767
2024-10-09,Promigas,0.0,0.00030438451597209214,-0.0009892579404710165,0.0,-0.00021065554538350119,-0.0002704889566286086,-0.00011044051870703698,-0.0008471071571111678
2024-10-10,Banco Davivienda PF,0.021858815724885676,0.0006353447894257036,0.0007364236529705995,0.0,-0.0007336975599006823,-0.0007337477323336916,-0.0008126716017723083,0.0025661060214042667
2024-10-10,Banco de Bogota,-0.009605082161169823,-0.000381006464319887,0.00013915827098912406,0.0,-0.0007615776816579375,-0.0007616281946253286,0.00032124066352844235,-0.001808483451604843
2024-10-10,Celsia,-0.00753775319254587,-0.0005324240336560109,-0.0005759328014594647,0.0,-0.00012464182140605533,-0.00010999735975198749,-0.0019907871186733246,-0.004695712268352509
2024-10-10,ETB,0.0,0.00021260046303957076,-0.00039182506381251956,0.0,-0.0009166103154686668,-0.0022797990912678855,-0.004901904165744781,-0.0034860603511333464
2024-10-10,Ecopetrol,0.0027136865342876734,0.0007488851094555453,0.0022545044710982065,0.0,0.00016223124156448503,0.0009365921370021032,0.0004141817018389702,-0.00021650993824005125
2024-10-10,Grupo Bolivar,0.024651885273438055,-0.0002517101052535466,-0.00037665426690618555,0.0,-0.00015710271398592388,-0.00015715264310421442,-0.0016737542599439621,0.00022486599534749988
2024-10-10,Mineros SA,0.005397618530445452,-0.0008157299254583039,-0.001418465879570622,0.0,-0.00045604173371059393,-0.0028070893991669066,-0.005408146321773529,-0.004882894396781921
2024-10-10,Nutresa,0.0408219945202552,-0.0007051328539064483,-0.0005759328014594647,0.0,0.0007298208837242081,0.0007297707269782144,0.0015208164229989051,-0.004623945236206054
2024-10-10,Promigas,0.0,-3.218432037641421e-05,-0.0005759328014594647,0.0,-0.00021065554538350119,-0.0002705297249339389,-0.0019313511922955516,-0.0032582500576972965
2024-10-11,Banco Davivienda PF,0.02666816590381446,-0.000579716071822144,-0.0010367940045681251,0.0,-0.0007336975599006823,-0.0007337477323336916,-0.0009340802878141404,-0.0009357180967926978
2024-10-11,Banco de Bogota,0.016930887634871952,5.7450562802170895e-05,0.000814550462458191,0.0,-0.0007615776816579375,-0.0007616281946253286,-0.00014537366479635235,0.0006361342370510101
2024-10-11,Celsia,0.005031476578064027,-0.00018893472747101242,-1.3230151269198396e-05,0.0,-0.00012464182140605533,0.001597853033759469,-0.0003372534699738026,-0.0009398126602172851
2024-10-11,ETB,0.0,0.0004936011600789801,-9.981914454367698e-05,0.0,-0.0009166103154686668,-0.0021069667833872015,-0.0008107556253671647,-0.0013365592956542968
2024-10-11,Ecopetrol,0.0,-0.00024038594675481213,0.0001222026251240854,0.0,0.00016223124156448503,0.0004084556484737893,0.00040049896761775014,-4.933963716030123e-05
2024-10-11,Grupo Bolivar,0.0058271762616243505,-0.0007188005338773707,-0.004023953243312377,0.0,-0.00015710271398592388,-0.00015715264310421442,-0.0046899145245552065,-0.002464695632457733
2024-10-11,Mineros SA,0.0026845521741917623,-0.00037102723427719233,-9.981914454367698e-05,0.0,-0.00045604173371059393,-0.0009501783969289065,-0.002172104105353355,-0.0027165826559066774
2024-10-11,Nutresa,0.0,-0.0008668103272998171,-0.0012672009568740856,0.0,0.0007298208837242081,0.0007297707269782144,-0.00017966258525848385,-0.004545309901237487
2024-10-11,Promigas,0.01674220808982065,0.00034532709212138136,-9.981914454367698e-05,0.0,-0.00021065554538350119,-0.00027053839371531574,0.00013743250817060474,-0.0011957644671201704
2024-10-15,Banco Davivienda PF,0.0,-0.00021718418888005687,-0.0003480836648807774,0.0,-0.0007336975599006823,-0.0007337477323336916,0.00035293658077716826,-0.0017380146384239198
2024-10-15,Banco de Bogota,-0.013225528068196546,1.6481890082302728e-06,0.0007729989327906149,0.0,-0.0007615776816579375,-0.0007616281946253286,0.0001511720307171345,2.6218444108963026e-05
2024-10-15,Celsia,-0.008821868787128373,9.830453351079008e-05,0.0005888911951436701,0.0,-0.00012464182140605533,-0.001440426606018434,-0.0005487086642533541,0.0009526822417974471
2024-10-15,ETB,0.0,0.0012567084532991483,0.0005888911951436701,0.0,-0.0009166103154686668,-0.001976424588318121,0.002055500239133835,0.000752284824848175
2024-10-15,Ecopetrol,-0.03586589385118809,0.0003974640708543452,0.0009722774673438941,0.0,0.00016223124156448503,0.0001465370704555769,0.00022899316251277923,0.0015938685536384584
2024-10-15,Grupo Bolivar,-0.013649944185430956,7.427443018023794e-05,0.0005888911951436701,0.0,-0.00015710271398592388,-0.00015715264310421442,-0.0010222801864147187,-0.00016685140132904056
2024-10-15,Mineros SA,-0.006725040627201578,5.1468148166677375e-05,0.0005888911951436701,0.0,-0.00045604173371059393,-0.0007211958459211547,-4.911069571971894e-05,-8.883774280547991e-07
2024-10-15,Nutresa,0.0,-0.00021778903553436812,0.0005888911951436701,0.0,0.0007298208837242081,0.0007297707269782144,0.0014740473479032518,-0.0006422372758388519
2024-10-15,Promigas,-0.01674220808982075,0.0002012012559059938,0.0005888911951436701,0.0,-0.00021065554538350119,-0.0038305248995940894,-0.0004554905220866204,-0.000408521443605423
2024-10-16,Banco Davivienda PF,0.0010521005105071889,-0.001026344016200813,-0.002422850817059308,0.0,-0.0007336975599006823,-0.0007337477323336916,0.00018204489350318905,-0.0029516587257385255
2024-10-16,Banco de Bogota,0.019773428029293497,-0.0009110286217103412,-0.0007128886467203581,0.0,-0.0007615776816579375,-0.0007616281946253286,-0.000667399063706398,0.00031164164841175076
2024-10-16,Celsia,0.007566337478817134,-0.0009368804755537114,-0.0008969963843673033,0.0,-0.00012464182140605533,0.0013687568354196883,-0.001047541484236717,0.0005479598045349121
2024-10-16,ETB,0.0,-0.0006411600040031812,-0.002422850817059308,0.0,-0.0009166103154686668,-0.001858747607168647,-0.004107657611370086,-0.001097879409790039
2024-10-16,Ecopetrol,-0.011299555253933394,8.076766472746737e-05,-0.0002938664445737608,0.0,0.00016223124156448503,-0.003315153805834668,-0.005816233068704605,0.0054167770743370055
2024-10-16,Grupo Bolivar,0.004570828386596818,-0.0009453352363932524,-0.0008969963843673033,0.0,-0.00015710271398592388,-0.00015715264310421442,-0.000499547503888607,0.000324729509651661
2024-10-16,Mineros SA,-0.013587232884830193,-0.0009936387586187755,-0.0015360987833052317,0.0,-0.00045604173371059393,7.297292132655343e-05,-0.002829562693834305,-0.0005145017951726914
2024-10-16,Nutresa,0.0,-0.0013623538243310767,-0.002422850817059308,0.0,0.0007298208837242081,0.0007297707269782144,0.002246352732181549,-0.0012723007798194886
2024-10-16,Promigas,0.02388877359673033,-0.0005730629249764643,-0.0003913904093324014,0.0,-0.00021065554538350119,0.002532465579547729,5.9407085180282657e-05,0.0010863210558891296
2024-10-17,Banco Davivienda PF,0.00941921053089138,-8.871801747415583e-05,-0.0001854096027625406,0.0,-0.0007336975599006823,-0.0007337477323336916,2.1577581763267534e-05,-0.002396889120340347
2024-10-17,Banco de Bogota,-0.0036324450880379326,-0.00034501666833923483,-0.0010279426808736966,0.0,-0.0007615776816579375,-0.0007616281946253286,-0.001045060321688652,-0.002710058569908142
2024-10-17,Celsia,0.00501256126810555,-0.00015045649532128324,-0.0001854096027625406,0.0,-0.00012464182140605533,-0.0018536560917095447,-0.0018423129618167875,-0.0008673966974020005
2024-10-17,ETB,0.0,-8.112827805946586e-05,-0.0001854096027625406,0.0,-0.0009166103154686668,-0.001799100961849335,-0.0033897228240966797,-0.0013676560670137406
2024-10-17,Ecopetrol,-0.011428695823622744,0.0003869442690371098,0.0020256425063728553,0.0,0.00016223124156448503,-0.0009440691609400196,0.001682659760117531,0.0038609513640403743
2024-10-17,Grupo Bolivar,0.0016274614353147315,-9.851386471311953e-05,0.00037477073860208056,0.0,-0.00015710271398592388,-0.00015715264310421442,-0.0012560833990573883,-0.0009536395221948624
2024-10-17,Mineros SA,0.0,-0.00021212110616385758,0.000567196965667593,0.0,-0.00045604173371059393,0.0006521413169079973,0.0007343825995922089,0.0010217056423425673
2024-10-17,Nutresa,0.026317308317373358,-0.00012444979465205182,0.00019066300095513526,0.0,0.0007298208837242081,0.0007297707269782144,0.0019610529839992523,-0.0007612744122743606
2024-10-17,Promigas,0.0,-0.0003882797546866181,-0.0010279426808736966,0.0,-0.00021065554538350119,-0.004754119467158826,-0.0024993198364973066,-0.0025813081264495852
2024-10-18,Banco Davivienda PF,0.04082203698184609,-4.024471371384995e-05,0.0007665686404667949,0.0,-0.0007336975599006823,-0.0007337477323336916,-0.00018720467388629914,-0.00241627699136734
2024-10-18,Banco de Bogota,0.005081798872637053,-1.731839677669158e-05,0.00026096266543189324,0.0,-0.0007615776816579375,-0.0007616281946253286,-0.0004865513145923614,-0.0015252644419670104
2024-10-18,Celsia,0.01077669863564824,-0.00011326801878136794,0.00026096266543189324,0.0,-0.00012464182140605533,6.039777441576664e-05,-0.0012105767130851746,-0.001174828141927719
2024-10-18,ETB,0.0,8.383790669715055e-05,0.00026096266543189324,0.0,-0.0009166103154686668,-0.0017630038163246025,-0.002428603768348694,-0.001117368221282959
2024-10-18,Ecopetrol,0.01142869582362285,-0.00019405836891070552,0.0013661460914460664,0.0,0.00016223124156448503,-0.0009565335019573487,0.0013025059923529624,0.0036475490927696226
2024-10-18,Grupo Bolivar,0.0145281080723404,-7.442837657710783e-05,0.0004450704030788384,0.0,-0.00015710271398592388,-0.00015715264310421442,-0.0016670728325843813,-0.0009249754250049591
2024-10-18,Mineros SA,0.0,0.00010717530203693236,0.00026096266543189324,0.0,-0.00045604173371059393,-0.0004946198892576178,0.002522569537162781,0.0021507239639759063
2024-10-18,Nutresa,0.06899287148695142,-0.00023644783188650048,-0.00024969760289765357,0.0,0.0007298208837242081,0.0007297707269782144,0.00010826013982295992,-0.0022769336700439453
2024-10-18,Promigas,0.010322694855900542,-1.4245039024717438e-05,0.00026096266543189324,0.0,-0.00021065554538350119,-0.0012239079032825705,-0.0020747833847999573,-0.0019981371760368345
2024-10-21,Banco Davivienda PF,-0.022245569351236442,-0.0003649904208736248,4.231609106286504e-05,0.0,-0.0007336975599006823,-0.0007337477323336916,0.0007114802822470666,-0.0020588493049144745
2024-10-21,Banco de Bogota,0.005776190464904942,-1.110584909331261e-05,0.0007665686404667949,0.0,-0.0007615776816579375,-0.0007616281946253286,-0.0004679296277463437,0.0004622258245944977
2024-10-21,Celsia,-0.012690579674576931,-0.000155811544456562,0.00026096266543189324,0.0,-0.00012464182140605533,-0.0008429246105591104,-0.0007807105928659439,6.491474807262419e-05
2024-10-21,ETB,0.0,0.00048377093333124233,0.00026096266543189324,0.0,-0.0009166103154686668,-0.00173563879476572,0.0011080777272582053,0.0007399678081274032
2024-10-21,Ecopetrol,-0.020086779249250123,0.00013540343684270958,0.0006443489376321177,0.0,0.00016223124156448503,0.0012496076428685128,-0.0004763013496994972,0.001615259528160095
2024-10-21,Grupo Bolivar,-0.01257877966514303,-7.242721184737968e-05,0.0004450704030788384,0.0,-0.00015710271398592388,-0.00015715264310421442,-0.000709579423069954,-0.0002577835023403168
2024-10-21,Mineros SA,0.0,7.625963714302953e-05,0.00026096266543189324,0.0,-0.00045604173371059393,-0.0004946198892576178,0.0007291348353028297,0.004931563794612884
2024-10-21,Nutresa,0.0,-0.0023690508207574734,-0.005914671287129123,0.0,0.0007298208837242081,0.0007297707269782144,0.00041120845079421997,-0.0030952606797218325
2024-10-21,Promigas,-0.011620474996714055,-5.295036781818392e-05,0.00026096266543189324,0.0,-0.00021065554538350119,-0.002668229716198378,-0.000929519586265087,-0.0002150807529687881
2024-10-22,Banco Davivienda PF,-0.0030722647632630408,-0.00021138096866172486,0.0006436855757078323,0.0,-0.0007336975599006823,-0.0007337477323336916,0.0003941317573189735,0.0005521529614925385
2024-10-22,Banco de Bogota,-0.005776190464905039,-0.0004504392195342894,-0.0010748483986898801,0.0,-0.0007615776816579375,-0.0007616281946253286,-0.001711990624666214,-0.001063647612929344
2024-10-22,Celsia,-0.023256853514027027,-0.0003669458569891192,0.00045100603400212577,0.0,-0.00012464182140605533,0.002375032215665376,-0.0007557591982185841,0.0012024287730455399
2024-10-22,ETB,0.0,-4.4526189371597165e-06,-0.0010748483986898801,0.0,-0.0009166103154686668,-0.0017190391056035453,-0.0032945357859134675,7.165311276912688e-05
2024-10-22,Ecopetrol,0.0057803219080952515,2.693647208457763e-05,0.0009649473941186282,0.0,0.00016223124156448503,-0.0017921911472124736,-0.0022724150419235227,0.003211031138896942
2024-10-22,Grupo Bolivar,0.000648774582472954,-0.0003369531442681916,0.0006351137716490709,0.0,-0.00015710271398592388,-0.00015715264310421442,0.00015771919116377831,0.0010052865445613862
2024-10-22,Mineros SA,0.0,-0.00034884595391840127,-0.0010748483986898801,0.0,-0.00045604173371059393,-0.0004946198892576178,0.000795247159898281,0.007206118941307069
2024-10-22,Nutresa,0.0,-0.001151372599298154,-0.0010748483986898801,0.0,0.0007298208837242081,0.0007297707269782144,0.0001699648946523666,-0.003419932067394256
2024-10-22,Promigas,0.0,-0.00014139612482455628,0.0009566120090370273,0.0,-0.00021065554538350119,0.0016905492591062462,-0.0006332272179424762,0.0012818046063184738
2024-10-23,Banco Davivienda PF,-0.025975513908745262,-0.00028491696673144817,-0.0006284761304954454,0.0,-0.0007336975599006823,-0.0007337477323336916,-0.00012024010345339773,0.0004142788052558899
2024-10-23,Banco de Bogota,-0.0043541441570620855,-0.00022389870046527765,-0.0006284761304954454,0.0,-0.0007615776816579375,-0.0007616281946253286,0.00015470923483371736,-0.0001792507618665695
2024-10-23,Celsia,-0.010512514956000038,-3.7407192565462114e-05,0.001090057843902265,0.0,-0.00012464182140605533,0.001237892848984089,0.0009526576474308967,0.0038682277202606195
2024-10-23,ETB,0.0,0.0005578704933306987,-0.0006284761304954454,0.0,-0.0009166103154686668,-0.0017090041045175824,-0.0007028974741697311,-0.00025663462281227115
2024-10-23,Ecopetrol,-0.008683060883543967,-0.00017613782515086776,-0.000245089858295221,0.0,0.00016223124156448503,0.0007044400100643471,0.0007126007229089737,0.00014413438737392425
2024-10-23,Grupo Bolivar,-0.0025981029896702612,-0.00032179451192048634,-0.0006284761304954454,0.0,-0.00015710271398592388,-0.00015715264310421442,-0.0001682817116379738,0.00011741197109222412
2024-10-23,Mineros SA,0.0,-0.0001545258544355397,-0.0006284761304954454,0.0,-0.00045604173371059393,-0.0004946198892576178,0.002077966533601284,0.008937391042709351
2024-10-23,Nutresa,0.0,-0.003186748444345445,-0.0008770450155295615,0.0,0.0007298208837242081,0.0007297707269782144,0.0005951070934534072,-0.0017280999422073368
2024-10-23,Promigas,0.0,-0.0001297387015534087,-0.00012287015546054366,0.0,-0.00021065554538350119,0.0001464562504711248,0.000103458795696497,0.0007100193500518797
2024-10-24,Banco Davivienda PF,-0.002107420104054843,0.00027802184181361007,0.0011963631399855524,0.0,-0.0007336975599006823,-0.0007337477323336916,0.0005816905945539475,0.002745596766471863
2024-10-24,Banco de Bogota,0.008689257028942108,-0.0002421122897428181,-0.00030054760078366844,0.0,-0.0007615776816579375,-0.0007616281946253286,-0.0013757901936769484,-0.0010902951657772064
2024-10-24,Celsia,0.0,-6.091366730260594e-05,0.0013870698704800705,0.0,-0.00012464182140605533,-0.0012475045939833542,0.00044367134198546406,0.0025047699213027953
2024-10-24,ETB,0.0,0.0010184654059246362,0.00020505837425123332,0.0,-0.0009166103154686668,-0.0017021535650722183,-0.0011137136369943619,-0.001313334822654724
2024-10-24,Ecopetrol,0.005797076438851998,-0.00017374614475906944,0.0015176249583963486,0.0,0.00016223124156448503,-0.000691531339704544,0.0011878614127635956,-0.0004817496687173843
2024-10-24,Grupo Bolivar,-0.008163444235314397,-0.000253837561044449,-0.00030054760078366844,0.0,-0.00015710271398592388,-0.00015715264310421442,-0.001506207749247551,-0.0009943915903568269
2024-10-24,Mineros SA,0.0,0.0005211825507618844,-0.00030054760078366844,0.0,-0.00045604173371059393,-0.0004946198892576178,0.0032249906659126276,0.01234059202671051
2024-10-24,Nutresa,-0.06200436109785224,-0.0017587422536885897,-0.00030054760078366844,0.0,0.0007298208837242081,0.0007297707269782144,0.002757079005241394,-0.0018981167376041414
2024-10-24,Promigas,0.0,-7.695992229743445e-05,-0.00030054760078366844,0.0,-0.00021065554538350119,-0.00018187245019143808,0.0009173369407653809,-0.0009299182742834091
2024-10-25,Banco Davivienda PF,-0.015949317653310577,-0.00035340781855078426,-0.00067870970157319,0.0,-0.0007336975599006823,-0.0007337477323336916,-0.0007723621428012849,0.00014712658524513247
2024-10-25,Banco de Bogota,-0.007962443635480956,-0.000672052859265646,-0.0012351746246508349,0.0,-0.0007615776816579375,-0.0007616281946253286,-0.0026498773992061618,-0.0038576294183731083
2024-10-25,Celsia,0.006583295534955166,-0.00045052227598605304,-0.0008517883524506095,0.0,-0.00012464182140605533,-0.0011682790646913603,-0.0014792936146259307,-0.00037720301747322084
2024-10-25,ETB,0.0,-0.0003739929217734553,-0.0012351746246508349,0.0,-0.0009166103154686668,-0.0016977661293375245,-0.004887528002262115,-0.002921416223049164
2024-10-25,Ecopetrol,0.0028859844446919762,-0.000686823749895473,-0.0009205117990876107,0.0,0.00016223124156448503,0.0007060571175731631,0.0008299155347049235,-0.003416299700737
2024-10-25,Grupo Bolivar,-0.002955197594514017,-0.0005512058607908636,0.00047478754568811644,0.0,-0.00015710271398592388,-0.00015715264310421442,-0.000866963267326355,-0.001014352634549141
2024-10-25,Mineros SA,0.0,-0.0003149067604071224,-0.0012351746246508349,0.0,-0.00045604173371059393,-0.0004946198892576178,0.0001258694455027581,0.01339907741546631
2024-10-25,Nutresa,0.002061325130818599,0.009506989273341123,0.010437583524960267,0.0,0.0007298208837242081,0.0007297707269782144,0.014334510326385497,0.008524680852890014
2024-10-25,Promigas,0.0,-0.0006253847468504552,-0.0012351746246508349,0.0,-0.00021065554538350119,-0.00025168672632371253,-0.0010935577787458896,-0.002290332019329071
2024-10-28,Banco Davivienda PF,-0.0032205741807367055,-0.00031217290767529093,0.00024521712534225187,0.0,-0.0007336975599006823,-0.0007337477323336916,-0.0022996594160795214,0.0007717898711562157
2024-10-28,Banco de Bogota,0.0036795934014107346,-0.0007292207635892332,-0.0009692364118666316,0.0,-0.0007615776816579375,-0.0007616281946253286,-0.004362406313419343,-0.0030385261774063107
2024-10-28,Celsia,0.010443894222644303,-0.0005784108222667679,-0.0012806373073497542,0.0,-0.00012464182140605533,-0.0008674717472254776,-0.0027986913919448857,-0.003024797677993774
2024-10-28,ETB,0.0,-0.0008719904202368367,-0.0014799158419030334,0.0,-0.0009166103154686668,-0.0016950422984880597,-0.005975844144821167,-0.0035861608386039737
2024-10-28,Ecopetrol,0.014306457341154865,-0.0006950384296929408,-0.0014799158419030334,0.0,0.00016223124156448503,0.00042508543349811237,-0.00015675886720418935,-0.004682416081428528
2024-10-28,Grupo Bolivar,-0.008586393435546411,-0.0005724151882878753,-0.0012806373073497542,0.0,-0.00015710271398592388,-0.00015715264310421442,-0.004371350944042206,-0.0019034986495971677
2024-10-28,Mineros SA,0.0,-0.0008155774651741238,-0.0014799158419030334,0.0,-0.00045604173371059393,-0.0004946198892576178,0.0004576137773692609,0.016298636078834534
2024-10-28,Nutresa,0.02917137730027987,-0.00030962580957421664,0.0023747340115205626,0.0,0.0007298208837242081,0.0007297707269782144,0.005338175445795059,0.003136086076498032
2024-10-28,Promigas,0.0,-0.0005693269958878011,-0.0014799158419030334,0.0,-0.00021065554538350119,-0.0002665317068022322,-0.0018595714792609213,-0.002881177425384522
2024-10-29,Banco Davivienda PF,0.020224210730619387,-0.00021561220227005193,-0.0001452818272425964,0.0,-0.0007336975599006823,-0.0007337477323336916,0.0003103532120585442,0.0016073372662067415
2024-10-29,Banco de Bogota,-0.0007274894905478367,-0.0003952901932893746,-0.00034456036179587537,0.0,-0.0007615776816579375,-0.0007616281946253286,-0.00027865752577781676,-0.00044010202586650853
2024-10-29,Celsia,-0.018349162584017642,-0.0005161810877350856,-0.00034456036179587537,0.0,-0.00012464182140605533,-0.0006495449079082509,-0.00023844130709767345,-0.0019207118451595308
2024-10-29,ETB,0.0,0.0001949164076346379,-0.00034456036179587537,0.0,-0.0009166103154686668,-0.0016932640237118082,0.00024146832525730137,-0.0005782402157783507
2024-10-29,Ecopetrol,-0.014306457341154866,-0.00063887285932945,-0.00034456036179587537,0.0,0.00016223124156448503,0.0015273623485148563,0.0012106990814208984,-0.0028176349997520445
2024-10-29,Grupo Bolivar,0.0,-0.00027409150677201033,0.0003857015075590476,0.0,-0.00015710271398592388,-0.00015715264310421442,-0.000802038237452507,0.0014089450985193253
2024-10-29,Mineros SA,0.0,-9.193101510673758e-05,-0.00034456036179587537,0.0,-0.00045604173371059393,-0.0004946198892576178,0.00237880252301693,0.0181159348487854
2024-10-29,Nutresa,0.0,0.0005377157081331016,0.0007375171236455158,0.0,0.0007298208837242081,0.0007297707269782144,-0.00042749972641468044,-0.0005195563435554504
2024-10-29,Promigas,0.0,0.0002734316169410794,-0.00034456036179587537,0.0,-0.00021065554538350119,-0.00026968827387728286,0.0011222140714526175,0.00010697838664054872
2024-10-30,Banco Davivienda PF,-0.02561506469633189,-0.0011571172638366173,-0.0026812958879086552,0.0,-0.0007336975599006823,-0.0007337477323336916,-0.0019398111104965208,-0.003926408588886261
2024-10-30,Banco de Bogota,0.0,-0.001160247020460256,-0.00203804134435078,0.0,-0.0007615776816579375,-0.0007616281946253286,-0.005394988656044006,-0.0023945757746696474
2024-10-30,Celsia,0.0013219728264181221,-0.001007681460647481,-0.0005121869116587741,0.0,-0.00012464182140605533,0.002980034268612359,-0.0016822876930236818,-0.0010106632560491562
2024-10-30,ETB,0.0,-0.0014419458116044534,-0.00203804134435078,0.0,-0.0009166103154686668,-0.0016921145121106826,-0.006434393525123597,-0.0026211715340614316
2024-10-30,Ecopetrol,-0.008683060883543967,-0.001165416319526334,-0.0005121869116587741,0.0,0.00016223124156448503,-0.0012342882076037025,-0.0009391391649842262,-0.0023082842826843263
2024-10-30,Grupo Bolivar,0.015468181997411665,-0.001109452917737568,-0.0018387628097975008,0.0,-0.00015710271398592388,-0.00015715264310421442,-0.003606267571449279,-0.0012860922813415529
2024-10-30,Mineros SA,0.0,-0.0014575760229234979,-0.00203804134435078,0.0,-0.00045604173371059393,-0.0004946198892576178,0.0001497355699539185,0.01857342839241028
2024-10-30,Nutresa,0.0,-0.0003947884052882372,-0.0018387628097975008,0.0,0.0007298208837242081,0.0007297707269782144,0.0012549339830875397,-0.002174757897853851
2024-10-30,Promigas,-0.06713935310077022,-0.0008690118931045398,-0.00203804134435078,0.0,-0.00021065554538350119,-0.00027035947150625317,-0.002959852516651154,-0.0017130712866783144
2024-10-31,Banco Davivienda PF,0.019272520820409752,-0.00048462923912459793,-8.786555365499404e-05,0.0,-0.0007336975599006823,-0.0007337477323336916,-0.0008877257071435452,-0.0008481415808200837
2024-10-31,Banco de Bogota,0.022311027946440454,-0.0012042421031371957,-0.0020056780626059854,0.0,-0.0007615776816579375,-0.0007616281946253286,-0.004130998492240906,-0.0028395718336105347
2024-10-31,Celsia,-0.0013219728264180796,-0.0011123197667487225,-0.0020056780626059854,0.0,-0.00012464182140605533,-0.0020949212084808043,-0.003136751592159272,-0.0019422406554222109
2024-10-31,ETB,0.0,3.797623981236099e-05,-0.0018469064147781206,0.0,-0.0009166103154686668,-0.0016913874057931052,-0.005382754027843476,-0.0029441161751747134
2024-10-31,Ecopetrol,-0.011696039763191298,-0.0009290269458667723,-0.00047982362991397953,0.0,0.00016223124156448503,-0.0006915313397045441,0.0002780862003564835,-0.0012381476908922195
2024-10-31,Grupo Bolivar,-0.018457736191437302,-0.0011524431572464456,-0.0020056780626059854,0.0,-0.00015710271398592388,-0.00015715264310421442,-0.0038388236165046693,-0.0042141171097755436
2024-10-31,Mineros SA,0.0,-0.0012874053664497238,-0.0020056780626059854,0.0,-0.00045604173371059393,-0.0004946198892576178,0.00025243853032588944,0.01986080801486969
2024-10-31,Nutresa,0.0,-0.0008623691942486786,-0.001806399528052706,0.0,0.0007298208837242081,0.0007297707269782144,0.001948274791240692,-0.0029518610239028928
2024-10-31,Promigas,0.06713935310077031,0.010742292911405433,0.009350780841847461,0.0,-0.00021065554538350119,0.014005695189825694,0.011575972557067871,0.008363544583320618
2024-11-01,Banco Davivienda PF,0.002118582306825959,-0.0007332790827497045,-0.0013647225342799023,0.0,-0.0007336975599006823,-0.0007337477323336916,0.0005857087559998036,-0.002711052000522614
2024-11-01,Banco de Bogota,0.005678034468983863,-0.0008347045611873788,-0.0013647225342799023,0.0,-0.0007615776816579375,-0.0007616281946253286,-0.0015475241243839263,-0.003404522359371185
2024-11-01,Celsia,-0.00796812035741152,-0.0004934950113117516,-0.0002436399366085088,0.0,-0.00012464182140605533,0.00015504565003798094,-0.001417117901146412,-0.0009405093118548393
2024-11-01,ETB,0.0,0.0013841843505800787,-0.0002689760264275887,0.0,-0.0009166103154686668,-0.0016909197544437676,-3.83561626076698e-05,-0.0014409089237451553
2024-11-01,Ecopetrol,-0.011834457647002796,-0.0002774876197686614,0.0006395217197379028,0.0,0.00016223124156448503,-0.0009823369039379552,0.00017034878581762315,0.0008305950611829758
2024-11-01,Grupo Bolivar,0.01943714990580096,-0.0003416117633501018,0.0005089666318216248,0.0,-0.00015710271398592388,-0.00015715264310421442,-0.0012000955194234847,-5.105474591255185e-05
2024-11-01,Mineros SA,0.0,0.0002865404057545194,-0.00042774767425545374,0.0,-0.00045604173371059393,-0.0004946198892576178,0.00020400250703096393,0.020042386651039124
2024-11-01,Nutresa,-0.019182819416773987,-0.0005013599867223597,-0.00042774767425545374,0.0,0.0007298208837242081,0.0007297707269782144,0.006165837645530701,-0.0013374345302581787
2024-11-01,Promigas,0.0,-0.004508602706035499,-0.004752633455666062,0.0,-0.00021065554538350119,-0.011511106217808632,-0.0017434025406837465,-0.0027329156398773194
2024-11-04,Mineros SA,0.0,0.00037844275651404313,-0.001317186470182794,0.0,-0.00045604173371059393,-0.0004946198892576178,-0.0001817038543522358,0.01850993597507477
2024-11-05,Mineros SA,0.0,8.986990431145176e-05,-0.00042774767425545374,0.0,-0.00045604173371059393,-0.0004946198892576178,-0.0005027537643909455,0.01633583116531372
2024-11-06,Mineros SA,0.0,0.000811862577855234,-9.981914454367698e-05,0.0,-0.00045604173371059393,-0.0004946198892576178,0.002131044209003449,0.014029668033123017
2024-11-07,Mineros SA,0.0,0.000948738683293616,-0.00030054760078366844,0.0,-0.00045604173371059393,-0.0004946198892576178,0.0009165784418582916,0.01466319850087166
2024-11-08,Mineros SA,0.0,0.00048342638370594686,-9.981914454367698e-05,0.0,-0.00045604173371059393,-0.0004946198892576178,0.0004647324290126563,0.012006777003407477
2024-11-11,Mineros SA,0.0,0.0008014167829365858,-0.0014355892388543117,0.0,-0.00045604173371059393,-0.0004946198892576178,0.0004093648083508015,0.0115994373857975
2024-11-12,Mineros SA,0.0,0.0006750990203015013,-0.001093619369853352,0.0,-0.00045604173371059393,-0.0004946198892576178,0.0012314616888761522,0.006809830129146576
2024-11-13,Mineros SA,0.0,0.00035650075392340287,-0.0011756312153853113,0.0,-0.00045604173371059393,-0.0004946198892576178,0.0007478819079697132,0.006635833755135536
2024-11-14,Mineros SA,0.0256598536568158,0.00030346620013014885,-0.0014031560396071273,0.0,-0.00045604173371059393,-0.0004946198892576178,-0.0004943802319467067,0.008476072937250136
2024-11-15,Mineros SA,0.025017737576547076,-0.00011481688024355287,-0.0007003449114171345,0.0,-0.00045604173371059393,-0.00266030917852978,0.00010528355278074742,0.004630643948912621
2024-11-18,Mineros SA,0.016763721508872734,-0.00026285324427247265,-0.00017040621955765256,0.0,-0.00045604173371059393,-0.0026061146403961607,0.0004318896569311619,0.0020342687964439395
2024-11-19,Mineros SA,-0.0025608085335232615,7.515497970205714e-05,0.0003201963722723616,0.0,-0.00045604173371059393,-0.001909476443221778,0.0008778590820729731,0.0010233273804187773
2024-11-20,Mineros SA,0.0,0.00043321112251272986,0.0010944971701785712,0.0,-0.00045604173371059393,-0.00027848788448856616,0.0008873212188482283,0.0028574597984552383
2024-11-21,Mineros SA,-0.018111725588982025,0.0002646247462223365,0.0010944971701785712,0.0,-0.00045604173371059393,-0.0004946198892576178,0.0004545200914144516,0.0023497981876134874
2024-11-22,Mineros SA,0.04841717412530623,0.0004024025618187794,0.0016011870544288868,0.0,-0.00045604173371059393,0.001034008085121967,0.0008841268718242645,0.004427604660391807
2024-11-25,Mineros SA,0.0024844005388609397,5.239305828984603e-05,0.0001575223101541243,0.0,-0.00045604173371059393,-0.00458102493358837,1.043100189417601e-05,0.0011898626685142516
2024-11-26,Mineros SA,0.04131818567992183,0.0003018741709945081,0.00020505837425123332,0.0,-0.00045604173371059393,-0.0007043030663027044,0.0006329701878130436,0.0015393623262643815
2024-11-27,Mineros SA,-0.009569521442709037,-0.00022495072505877733,-0.0024312590422998132,0.0,-0.00045604173371059393,-0.003981870961533189,0.0003616120964288711,-0.00019440118968486785
2024-11-28,Mineros SA,-0.0012025520354341213,2.9342716946028635e-05,0.0014849961227634194,0.0,-0.00045604173371059393,0.0003130468406120733,0.0004504000432789325,0.0005255907475948333
2024-11-29,Mineros SA,0.015522768803710398,-0.0008990612683992005,-0.0007295686496159317,0.0,-0.00045604173371059393,-0.0003931246080388045,-0.0002245532870292664,-0.0008049616515636443
2024-12-02,Mineros SA,0.017616312083689974,-0.00048733071464793757,-0.0003457358287234946,0.0,-0.00045604173371059393,-0.0018047401490087545,-0.0008601526282727718,-0.001721012070775032
2024-12-03,Mineros SA,-0.022367007409257345,-0.0009141126290465713,-0.0009187233870671413,0.0,-0.00045604173371059393,-0.001981435009342658,-0.0034310191869735716,-0.00413522869348526
2024-12-04,Mineros SA,0.003565135672079023,-0.0006454301574560508,0.0003088712718375888,0.0,-0.00045604173371059393,0.0013931534794900651,0.0003761752974241972,0.0007881731539964677
2024-12-05,Mineros SA,-0.004756344321888556,-0.0013342786012212299,-0.0014799158419030334,0.0,-0.00045604173371059393,-0.0007955170121752615,-0.004549117565155029,-0.002350111037492752
2024-12-06,Mineros SA,-0.02657166004712652,-0.0011871287907693612,-0.002141829813608555,0.0,-0.00045604173371059393,-9.31848658248785e-05,-0.0011523366458714007,-0.001417591214179993
2024-12-09,Mineros SA,0.041947434915539906,2.2000538553694075e-05,0.00035588482151599905,0.0,-0.00045604173371059393,0.0017480257755183198,0.0007154617682099343,0.002714972585439682
2024-12-10,Mineros SA,0.05035408571113379,-0.0013568348099276255,-0.001919162087178063,0.0,-0.00045604173371059393,-0.00403497953916137,-0.003852960675954819,-0.004191253721714019
2024-12-11,Mineros SA,0.0022293722840660384,-0.0014122500508300983,-0.0015924090243939057,0.0,-0.00045604173371059393,-0.004744500093337759,-0.0023930946737527846,-0.005498938918113708
2024-12-12,Mineros SA,-0.014582271043233586,-0.0008193242372827877,-0.00042774767425545374,0.0,-0.00045604173371059393,-0.0006827787050472622,-0.0031781936883926395,-0.004804030418395997
2024-12-13,Mineros SA,0.01680700980731162,-0.0008540842296979471,0.00029067980804117153,0.0,-0.00045604173371059393,0.0007361224459858291,-0.006244213044643403,-0.001071797341108322
2024-12-16,Mineros SA,0.004434575942204817,-0.0005185592137507786,0.00034297451096385235,0.0,-0.00045604173371059393,-0.001913129971629763,-0.0047379695773124685,-0.0033073291182518006
2024-12-17,Mineros SA,-0.015607658302999618,-0.00010964541330051608,0.0005888911951436701,0.0,-0.00045604173371059393,-0.0008688976910308941,-0.004031665414571762,-0.0019388093352317808
2024-12-18,Mineros SA,-0.03428918320689278,-0.0010162689738033694,-0.000373518333830692,0.0,-0.00045604173371059393,0.0008226650364281395,-0.0017221716791391375,-0.0003329853117465973
2024-12-19,Mineros SA,-0.0175957618903796,0.0003524912375263577,0.0007506343727763842,0.0,-0.00045604173371059393,0.002399384020594519,0.0002177839614450932,0.004544632792472839
2024-12-20,Mineros SA,0.012933657515258205,7.976659585181051e-05,0.0011897213059310118,0.0,-0.00045604173371059393,0.000990460796401569,-0.0011254368014633656,0.004588605165481567
2024-12-23,Mineros SA,-0.010569659399712194,-0.0007739607206410528,-0.001524013655414175,0.0,-0.00045604173371059393,-0.0015862193943260725,-0.00781862872838974,-0.0011454644799232484
2024-12-24,Mineros SA,0.0,-0.00019962672886739269,0.00027939621147576014,0.0,-0.00045604173371059393,0.00039745839222281087,-0.0014173924028873443,0.0007764832973480224
2024-12-25,Banco Davivienda PF,0.0,-0.0010734739250180272,-0.004167774035377207,0.0,-0.0007336975599006823,-0.0007337477323336916,-0.0011363052129745484,-0.0022309053540229802
2024-12-25,Banco de Bogota,0.0,-0.0003348301869905966,0.0007032634122599835,0.0,-0.0007615776816579375,-0.0007616281946253286,-0.0002707641571760177,9.172677993774414e-05
2024-12-25,Celsia,0.0,-0.0005695642654676211,-0.00042774767425545374,0.0,-0.00012464182140605533,-0.00029389405603056886,-0.0009454095698893071,-0.0023159659504890444
2024-12-25,ETB,0.0,7.5654779332963685e-06,-0.0002436399366085088,0.0,-0.0009166103154686668,-0.0016824663597453217,-0.0005250904560089113,-0.000433650255203247
2024-12-25,Ecopetrol,0.0,0.00011253651762474327,0.0010866496844602078,0.0,0.00016223124156448503,-0.001296202615339301,0.0002070114128291607,0.0010589562803506852
2024-12-25,Grupo Bolivar,0.0,-0.0011846818282120937,-0.00040500443914097064,0.0,-0.00015710271398592388,-0.00015715264310421442,-0.002942032337188721,-0.002582668989896774
2024-12-25,Mineros SA,0.0,-7.336969907562272e-06,-0.0002284691397021749,0.0,-0.00045604173371059393,-0.0004946198892576178,-0.0027281162738800047,-0.00018626827001571656
2024-12-25,Nutresa,0.0,-0.0003037849901511709,7.785830077944786e-05,0.0,0.0007298208837242081,0.0007297707269782144,0.0030301054120063778,0.001004632592201233
2024-12-26,Banco Davivienda PF,-0.006703851500433485,-0.0006544888442331255,-0.00016162809107654974,0.0,-0.0007336975599006823,-0.0007337477323336916,-0.000635924607515335,-0.0016287412345409394
2024-12-26,Banco de Bogota,0.0,-0.0007345104125166923,-0.00016162809107654974,0.0,-0.0007615776816579375,-0.0007616281946253286,0.0027805584371089933,-0.0005935387462377548
2024-12-26,Celsia,0.0123543402709855,-0.0004525204658962837,-0.0003457358287234946,0.0,-0.00012464182140605533,0.0012548687881417137,0.0040217342078685756,-0.0011671234667301178
2024-12-26,ETB,0.0,-2.3836065141038068e-05,-0.00016162809107654974,0.0,-0.0009166103154686668,-0.0016851952650379287,9.823313355445855e-05,-0.000271685890853405
2024-12-26,Ecopetrol,0.0,-0.0005874047489017731,-0.00016162809107654974,0.0,0.00016223124156448503,0.0001465370704555769,0.003540896870195866,0.0018930774778127672
2024-12-26,Grupo Bolivar,0.006147601415508669,-0.0009975656281627063,-0.00016162809107654974,0.0,-0.00015710271398592388,-0.00015715264310421442,-0.002804130733013153,-0.0028225302696228026
2024-12-26,Mineros SA,0.015231763774833677,-0.0006365857336820904,-0.0003457358287234946,0.0,-0.00045604173371059393,-0.0004946198892576178,0.0007535990178585053,0.0014613767564296723
2024-12-26,Nutresa,0.0,-0.0007345314684036716,-0.0003457358287234946,0.0,0.0007298208837242081,0.0007297707269782144,0.015307220935821533,-0.0009751548916101454
2024-12-27,Banco Davivienda PF,-0.01240854204595814,-0.00011259907593474609,0.0008352944755137652,0.0,-0.0007336975599006823,-0.0007337477323336916,0.0002475033216178417,0.001361179620027542
2024-12-27,Banco de Bogota,0.011367919727933034,-0.00010026494634091884,0.0005270822486107974,0.0,-0.0007615776816579375,-0.0007616281946253286,0.001162040337920189,0.0005159742534160613
2024-12-27,Celsia,0.005442227408626162,-0.00011309853356836474,0.00034297451096385235,0.0,-0.00012464182140605533,-0.001518176508777301,-0.0006180154532194138,-0.0004426769018173218
2024-12-27,ETB,0.0,0.0007943589650454596,0.0005270822486107974,0.0,-0.0009166103154686668,-0.0016869575412074872,0.00033062507212162017,0.0007392775118350983
2024-12-27,Ecopetrol,0.0,-8.952187899505488e-05,0.0005270822486107974,0.0,0.00016223124156448503,0.0001465370704555769,0.000938126914203167,0.0024340285658836364
2024-12-27,Grupo Bolivar,0.022888844132486093,-0.00010510060128823682,0.00034297451096385235,0.0,-0.00015710271398592388,-0.00015715264310421442,-0.0026587574183940888,-0.0009711128771305083
2024-12-27,Mineros SA,-0.011696154655147744,-6.91656362786156e-05,0.00034297451096385235,0.0,-0.00045604173371059393,-0.0017801793513287855,-0.000716200053691864,0.00034640769660472867
2024-12-27,Nutresa,0.0,9.120760393214039e-05,0.00034297451096385235,0.0,0.0007298208837242081,0.0007297707269782144,0.006760484218597411,0.0012819145172834397
2024-12-30,Banco Davivienda PF,-0.0034109893519041305,9.478071420234773e-05,0.00127968881704093,0.0,-0.0007336975599006823,-0.0007337477323336916,-0.0006930614486336708,0.0018040309250354765
2024-12-30,Banco de Bogota,0.011985416022715339,3.1640591224666585e-06,0.0005270822486107974,0.0,-0.0007615776816579375,-0.0007616281946253286,-0.0011059742569923402,-0.002039963960647583
2024-12-30,Celsia,-0.0013578004769468051,7.003095230824607e-05,0.00034297451096385235,0.0,-0.00012464182140605533,0.0004870373100045644,-0.0012841030210256575,-0.0013256668746471404
2024-12-30,ETB,0.0,0.0014124020479547405,0.0005017461587917174,0.0,-0.0009166103154686668,-0.0016880754135910941,-0.00196050276607275,-0.000359665609896183
2024-12-30,Ecopetrol,0.008995499008872823,6.909001733491899e-05,0.0005270822486107974,0.0,0.00016223124156448503,0.0001465370704555769,0.0004182630106806755,0.0008124773055315018
2024-12-30,Grupo Bolivar,0.004979388388543243,-0.00031080149561254247,-0.000594000349060595,0.0,-0.00015710271398592388,-0.00015715264310421442,-0.00262983563542366,-0.003887312114238739
2024-12-30,Mineros SA,0.0011758021754108114,5.725287932695325e-05,0.001095581079393985,0.0,-0.00045604173371059393,0.0004925344882029864,-0.0009067501425743102,0.0011311790645122527
2024-12-30,Nutresa,0.0,0.00036219304740622306,0.0008485804859987539,0.0,0.0007298208837242081,0.0007297707269782144,0.011401686549186706,9.357573091983799e-05
2024-12-31,Banco Davivienda PF,0.0,-9.690366158701916e-06,0.0005270822486107974,0.0,-0.0007336975599006823,-0.0007337477323336916,-0.0004158252365887165,0.0017676832377910613
2024-12-31,Banco de Bogota,0.0,-9.628775504746586e-05,0.00034297451096385235,0.0,-0.0007615776816579375,-0.0007616281946253286,1.6885459423065185e-05,-0.002024578869342804
2024-12-31,Celsia,0.0,-4.217977044555958e-05,0.00034297451096385235,0.0,-0.00012464182140605533,0.000567914385546974,-0.0004869317896664143,0.00033465497195720676
2024-12-31,ETB,0.0,0.0015224089438375837,0.0005017461587917174,0.0,-0.0009166103154686668,-0.0016887936975397144,-0.00030983781069517135,-0.00012896223366260529
2024-12-31,Ecopetrol,0.0,-0.00010714941141737026,0.0005270822486107974,0.0,0.00016223124156448503,0.0010147612662861642,0.000665002353489399,-0.00024098569154739377
2024-12-31,Grupo Bolivar,0.0,-0.00013200967054617345,0.00034297451096385235,0.0,-0.00015710271398592388,-0.00015715264310421442,-0.00046207596361637116,-0.002019988417625427
2024-12-31,Mineros SA,0.0,-0.00011314655816341321,0.00034297451096385235,0.0,-0.00045604173371059393,-0.0005938574847500504,-0.0005286900103092194,0.0007775777280330658
2024-12-31,Nutresa,0.0,0.0012324244002213085,0.0008485804859987539,0.0,0.0007298208837242081,0.0007297707269782144,0.007991950869560241,0.0014018563032150268
