fecha_objetivo,empresa,objetivo,random_forest,gradient_boosting,cero,media_train,arima,mlp,lstm
2025-01-02,Banco Davivienda PF,0.0,3.1771898974841946e-05,0.00017527367262176342,0.0,-0.0006454253043854547,-0.0006454751584270469,-0.0002477385252714158,0.0009442434608936311
2025-01-02,Banco de Bogota,0.0,-0.00015425920261762606,7.547347134191411e-05,0.0,-0.0005811269192441125,-0.0005811775961336867,0.00010327038913965228,-0.0008910454660654066
2025-01-02,Celsia,0.013495467748315568,0.00023017148593661385,0.0005197908386881012,0.0,0.00013322310298107535,5.5178565579608354e-05,0.0007764359451830386,0.0010166691243648528
2025-01-02,ETB,0.0,0.0009961620869702588,-1.4160399987077771e-05,0.0,-0.0009340869589497405,-0.0015870805796123636,8.652746677398684e-06,0.00043153181299567217
2025-01-02,Ecopetrol,0.06919186093505915,0.00030367842334080804,0.0005197908386881012,0.0,-3.713974719696516e-05,-3.4112442952314816e-05,0.000693333387374878,0.0012784379571676254
2025-01-02,Grupo Bolivar,0.001654187232805985,-0.00013412763489134178,7.547347134191411e-05,0.0,-1.6433540269089178e-05,-1.6483532455638907e-05,3.21006514132023e-05,-0.0004090525805950164
2025-01-02,Mineros SA,0.03577995280485179,-1.4329897658316768e-06,0.00023235266390574653,0.0,0.0002840318559088718,0.0003079619071380317,7.60420523583889e-05,0.0018088219165802
2025-01-02,Nutresa,0.0,-0.00015568979297484522,7.547347134191411e-05,0.0,0.0010475369270775707,0.0010474869197955629,0.001365468531847,0.0007554349452257157
2025-01-03,Banco Davivienda PF,0.030288311589188027,0.00021766901132605102,0.0007015521624317528,0.0,-0.0006454253043854547,-0.0006454751584270469,-0.0003190341629087925,0.0018495629727840427
2025-01-03,Banco de Bogota,-0.013493554155499726,4.1749472177377475e-05,0.0003338175872480326,0.0,-0.0005811269192441125,-0.0005811775961336867,-0.00016996705159544946,0.000933413490653038
2025-01-03,Celsia,0.0,4.917054616688436e-06,0.0003338175872480326,0.0,0.00013322310298107535,-0.0013476576442930637,2.3673333227634422e-05,0.0012331522703170777
2025-01-03,ETB,0.0,0.0011184629109596087,-0.00020013365142714645,0.0,-0.0009340869589497405,-0.0015872220204510745,0.0003364998623728752,0.0014781525284051898
2025-01-03,Ecopetrol,-0.0027893823226642816,-0.0015702569880203243,-0.0011881028842819846,0.0,-3.713974719696516e-05,0.005643773233313114,-0.0009048861116170883,-0.0016923721581697463
2025-01-03,Grupo Bolivar,0.0231998462656827,6.11474917361585e-05,0.0003338175872480326,0.0,-1.6433540269089178e-05,-1.6483532455638907e-05,-0.000164249274879694,0.001425466001033783
2025-01-03,Mineros SA,0.026847230237938738,-0.000455286108363335,-0.0012902304333151813,0.0,0.0002840318559088718,-0.002708032609643288,-0.001341810792684555,0.00026804251596331593
2025-01-03,Nutresa,0.0370274626091699,0.0004695948421863616,0.0003338175872480326,0.0,0.0010475369270775707,0.0010474869197955629,0.0014607162922620773,0.0022420882582664487
2025-01-07,Banco Davivienda PF,0.05899829267009883,-0.0002384258397957718,-0.0012902304333151813,0.0,-0.0006454253043854547,-0.0006454751584270469,-0.0005290454998612404,0.00039678427577018746
2025-01-07,Banco de Bogota,0.018692156708256073,0.0001395045963072943,0.0007978608609225207,0.0,-0.0005811269192441125,-0.0005811775961336867,0.0006567983776330947,0.002986880779266358
2025-01-07,Celsia,0.0026772911049234684,2.4884493932002752e-05,0.0003338175872480326,0.0,0.00013322310298107535,0.0012698225445495156,0.0009504400007426739,0.0023097499907016755
2025-01-07,ETB,0.0,0.001331287273523269,-0.00020013365142714645,0.0,-0.0009340869589497405,-0.0015873099056859213,0.001007751263678074,0.002008394777774811
2025-01-07,Ecopetrol,0.03026367816546214,7.71048166106748e-05,0.0003338175872480326,0.0,-3.713974719696516e-05,-0.00026300921955944027,0.0013935187906026843,0.0005893830507993699
2025-01-07,Grupo Bolivar,0.014430360786607461,-4.345191578348858e-05,0.00029156802084443834,0.0,-1.6433540269089178e-05,-1.6483532455638907e-05,-9.949947521090505e-05,0.0009626329243183137
2025-01-07,Mineros SA,-0.017817647356160815,-0.00010639365495970374,0.00029156802084443834,0.0,0.0002840318559088718,-0.001955067885830537,-0.0002431363388895989,0.0003429995365440846
2025-01-07,Nutresa,0.05943280357839214,0.0012540940277727677,0.0013552948345994895,0.0,0.0010475369270775707,0.0010474869197955629,0.0010261370688676834,0.0010076738595962524
2025-01-08,Banco Davivienda PF,0.01755342777466035,0.00011013042096377582,0.0014574223836326865,0.0,-0.0006454253043854547,-0.0006454751584270469,-0.0006101789772510528,-0.0008785014338791371
2025-01-08,Banco de Bogota,-0.005198602552756375,-3.7546155173876466e-06,0.00032541731284165394,0.0,-0.0005811269192441125,-0.0005811775961336867,0.00044317033141851427,0.0015676195621490477
2025-01-08,Celsia,-0.0026772911049235282,4.175913487485301e-05,0.0003338175872480326,0.0,0.00013322310298107535,0.00011609310317411919,0.001150536358356476,0.0025885117053985594
2025-01-08,ETB,0.0,0.0013557502312724506,-0.00020013365142714645,0.0,-0.0009340869589497405,-0.0015873646927707125,0.0015935344621539117,0.00210068753361702
2025-01-08,Ecopetrol,-0.0027136865342875997,-0.0018177205564844645,-0.0012902304333151813,0.0,-3.713974719696516e-05,0.0024493256731009704,0.0002295395880937576,2.431249246001244e-05
2025-01-08,Grupo Bolivar,0.02639181591486027,7.643190685020655e-05,0.0003338175872480326,0.0,-1.6433540269089178e-05,-1.6483532455638907e-05,4.342696815729144e-05,0.0014057894796133043
2025-01-08,Mineros SA,0.011178724816804136,0.00019540486418821672,0.0006940540755752206,0.0,0.0002840318559088718,0.001809862343430315,0.0013414642475545408,0.003247605323791504
2025-01-08,Nutresa,0.0,-0.0013782935493759372,-0.0011881028842819846,0.0,0.0010475369270775707,0.0010474869197955629,0.0008874334692955017,-0.0008309114314615727
2025-01-09,Banco Davivienda PF,-0.02277537731361193,0.0011992927799249998,0.004411162773427608,0.0,-0.0006454253043854547,-0.0006454751584270469,0.0003958814367651939,-0.0010372762382030486
2025-01-09,Banco de Bogota,0.001487860917180341,3.476017532913481e-05,0.0003338175872480326,0.0,-0.0005811269192441125,-0.0005811775961336867,0.0007039561271667482,0.0022699536085128784
2025-01-09,Celsia,0.005347573024921389,6.131827111891153e-05,0.0003338175872480326,0.0,0.00013322310298107535,0.0005571897395001844,0.00048458328470587733,0.0029085785150527953
2025-01-09,ETB,0.0,0.0015211252167025176,-0.00020013365142714645,0.0,-0.0009340869589497405,-0.0015873986504191888,0.0009330488964915274,0.0020910386145114894
2025-01-09,Ecopetrol,-0.0136801628748822,-0.0009534562808812054,0.0003338175872480326,0.0,-3.713974719696516e-05,-0.00025679762144993173,0.0006811439245939255,0.0010526959747076035
2025-01-09,Grupo Bolivar,0.004763434489701303,-4.4540099065733424e-05,0.00029156802084443834,0.0,-1.6433540269089178e-05,-1.6483532455638907e-05,-0.00048258474469184875,-1.3876594603061626e-06
2025-01-09,Mineros SA,0.005540149801406967,9.352441505572424e-05,0.0003338175872480326,0.0,0.0002840318559088718,-0.000634324767636921,-0.0006086798235774041,0.002204480707645416
2025-01-09,Nutresa,0.0,0.0005234108898927959,0.0003338175872480326,0.0,0.0010475369270775707,0.0010474869197955629,0.002101428210735321,0.0003345453031361103
2025-01-10,Banco Davivienda PF,-0.005249361502446923,0.0008668562502445764,0.001814059659465569,0.0,-0.0006454253043854547,-0.0006454751584270469,0.0005184993185102938,0.001372472807765007
2025-01-10,Banco de Bogota,-0.0014878609171803663,-6.962314903856516e-05,-0.0003832335999269446,0.0,-0.0005811269192441125,-0.0005811775961336867,-7.494401186704633e-05,0.0009462575912475586
2025-01-10,Celsia,0.003992031278375786,-0.0001374118603504924,-0.0003832335999269446,0.0,0.00013322310298107535,-0.0006275120900084232,1.0932408273220092e-05,0.0009984435141086579
2025-01-10,ETB,0.0,0.001207763708821148,-0.0009171848386021234,0.0,-0.0009340869589497405,-0.001587419726204748,0.0004313758090138435,0.0008409143984317779
2025-01-10,Ecopetrol,0.01639384940916984,-4.343351284872722e-06,0.0005022347201174753,0.0,-3.713974719696516e-05,-0.0011567069184669125,0.0005471085757017137,0.0018203697055578234
2025-01-10,Grupo Bolivar,0.005557355639184323,-7.129367227203083e-05,-0.0003832335999269446,0.0,-1.6433540269089178e-05,-1.6483532455638907e-05,-0.00045720321312546725,-0.0006475250273942949
2025-01-10,Mineros SA,0.009895659040741642,0.00014134477385419517,-0.0003832335999269446,0.0,0.0002840318559088718,-0.00015903315890701815,-0.00010574440658092498,0.0007830502837896348
2025-01-10,Nutresa,0.0,-0.0001490262278118264,-0.0003832335999269446,0.0,0.0010475369270775707,0.0010474869197955629,0.0012658583521842955,0.00014274634420871735
2025-01-13,Banco Davivienda PF,0.0,0.0011042929151295932,0.0016846248817150402,0.0,-0.0006454253043854547,-0.0006454751584270469,-0.00019984030723571778,0.0014999608844518662
2025-01-13,Banco de Bogota,-0.009727146223233663,0.00010371298667904862,0.0002980635079896163,0.0,-0.0005811269192441125,-0.0005811775961336867,0.00014177840203046798,0.0009730412364006043
2025-01-13,Celsia,0.013192790549010564,7.573904249817368e-05,0.0002980635079896163,0.0,0.00013322310298107535,0.00010985701857102936,0.00043803729116916653,0.0007185413539409638
2025-01-13,ETB,0.0,0.0011899317149364687,-0.00023588773068556273,0.0,-0.0009340869589497405,-0.0015874328393946223,0.0008174088820815086,0.0003995176181197166
2025-01-13,Ecopetrol,0.002706342364959905,0.00014110496490505163,0.0002896632335832376,0.0,-3.713974719696516e-05,0.0013111672110599029,-0.00011974716186523438,-0.00014963006228208546
2025-01-13,Grupo Bolivar,-0.02273169051752973,5.1661608198880004e-05,0.0002980635079896163,0.0,-1.6433540269089178e-05,-1.6483532455638907e-05,-0.0003739147894084454,-0.00025675848871469496
2025-01-13,Mineros SA,-0.004386033468001024,2.5424855570408332e-05,0.0002980635079896163,0.0,0.0002840318559088718,-0.0005261714850884456,-0.00040278349071741113,0.00035749740153551103
2025-01-13,Nutresa,0.0,0.00048058612587141005,0.0002980635079896163,0.0,0.0010475369270775707,0.0010474869197955629,0.0015877767577767374,0.0008710755109786987
2025-01-14,Banco Davivienda PF,-0.006335738904625087,0.0016701213425174058,0.000680493213828109,0.0,-0.0006454253043854547,-0.0006454751584270469,9.773770347237584e-05,0.001053165629506111
2025-01-14,Banco de Bogota,-0.0015049730129540648,0.00019975652160236424,0.0007216960187719354,0.0,-0.0005811269192441125,-0.0005811775961336867,0.0006158637478947639,0.001568651095032692
2025-01-14,Celsia,-0.0026246571078288286,2.2179364297718682e-05,-0.0003832335999269446,0.0,0.00013322310298107535,-0.0007835902410960739,0.00012915773317217827,-0.00045679017528891565
2025-01-14,ETB,0.0,0.0010546593420289873,-0.0009171848386021234,0.0,-0.0009340869589497405,-0.001587440980951496,0.0006590187326073647,-0.0001435549631714821
2025-01-14,Ecopetrol,-0.005420028899247455,3.6368076977590095e-05,-0.0003832335999269446,0.0,-3.713974719696516e-05,0.00018797007284384758,0.00044627152383327486,-0.00025638694874942304
2025-01-14,Grupo Bolivar,-0.011084972477229461,0.00029134577734863385,0.0009697941443649758,0.0,-1.6433540269089178e-05,-1.6483532455638907e-05,0.0003487774133682251,0.0025639870762825014
2025-01-14,Mineros SA,0.017429772583285,6.494177991009747e-05,-0.0003832335999269446,0.0,0.0002840318559088718,0.0006776732078224945,0.0007256682813167571,0.0010140500217676162
2025-01-14,Nutresa,0.00618771310816555,0.0002634193420332688,-0.0003832335999269446,0.0,0.0010475369270775707,0.0010474869197955629,0.0017344654053449628,0.0009033916294574737
2025-01-15,Banco Davivienda PF,-0.012793407984758615,-0.0001502403356148078,-0.00015255325849486713,0.0,-0.0006454253043854547,-0.0006454751584270469,0.00011811684444546695,0.0011259980499744415
2025-01-15,Banco de Bogota,0.001504973012953931,-0.00032906405505635624,-0.0004338679224950836,0.0,-0.0005811269192441125,-0.0005811775961336867,-0.00010156213864684103,0.0006477690637111664
2025-01-15,Celsia,-0.007915628470914461,-0.0002977583573077341,-0.0004338679224950836,0.0,0.00013322310298107535,0.0015664244744002893,0.0008088183999061584,2.879488095641138e-05
2025-01-15,ETB,0.0,0.0008302192119639154,-0.0009678191611702621,0.0,-0.0009340869589497405,-0.0015874460347046104,0.0005829550102353096,-0.00023574879765510563
2025-01-15,Ecopetrol,0.0027136865342876734,-0.0003350790205545678,-0.0004338679224950836,0.0,-3.713974719696516e-05,-0.0004788801372460898,0.0005052088275551796,0.00026763375103473666
2025-01-15,Grupo Bolivar,-0.017670967057321116,-0.0001919471314503917,0.0003530099111497765,0.0,-1.6433540269089178e-05,-1.6483532455638907e-05,0.00022881816327571873,0.0024991255104541777
2025-01-15,Mineros SA,-0.039652676648906086,-0.0004184075943277656,-0.00044226819690146226,0.0,0.0002840318559088718,-0.0011612434556148412,-0.000810609869658947,-0.0005475845783948898
2025-01-15,Nutresa,0.0,-0.00025465071907541036,-0.0004338679224950836,0.0,0.0010475369270775707,0.0010474869197955629,0.0012264266163110732,0.0003003499880433083
2025-01-16,Banco Davivienda PF,-0.002148165048718431,-0.0002318565994367261,0.00042755949221435303,0.0,-0.0006454253043854547,-0.0006454751584270469,-0.0005462248958647252,0.0009261678755283356
2025-01-16,Banco de Bogota,0.03327491027861304,-0.0006949400873513599,-0.0011375874377372852,0.0,-0.0005811269192441125,-0.0005811775961336867,-0.0007702476866543293,-0.0011812504529953004
2025-01-16,Celsia,-0.006644536248643104,-0.0006422471421283258,-0.00014995904625156935,0.0,0.00013322310298107535,0.0009422045227486238,-0.00014054634422063826,-0.0002847883366048336
2025-01-16,ETB,0.0,0.0003873378389477707,-0.0016715386764124644,0.0,-0.0009340869589497405,-0.0015874491758665022,-0.0006752508282661439,-0.0016970391273498538
2025-01-16,Ecopetrol,0.013459134553735928,-7.523531347073123e-05,-7.386062398223082e-05,0.0,-3.713974719696516e-05,0.00018857273554530812,-0.00035601422190666203,-0.0012876410186290742
2025-01-16,Grupo Bolivar,0.004850381404718652,-0.0001958191232194365,0.0005847297356394002,0.0,-1.6433540269089178e-05,-1.6483532455638907e-05,7.297653704881669e-05,0.0026449962258338925
2025-01-16,Mineros SA,0.03965267664890618,0.0009667138958830597,0.001453361524999836,0.0,0.0002840318559088718,0.0036503993888494846,0.0013558202981948852,0.0036561290025711062
2025-01-16,Nutresa,0.0,-0.0005907685803544848,-0.0011375874377372852,0.0,0.0010475369270775707,0.0010474869197955629,0.0005168752446770668,-0.0009034012556076049
2025-01-17,Banco Davivienda PF,0.003220574180736747,-2.652301539283288e-05,2.634938875767475e-05,0.0,-0.0006454253043854547,-0.0006454751584270469,0.0001215113140642643,0.0015890244692564012
2025-01-17,Banco de Bogota,-0.010969044970489726,0.00029367666882982923,0.000587609324856376,0.0,-0.0005811269192441125,-0.0005811775961336867,-9.992232918739317e-05,-0.0012694801688194275
2025-01-17,Celsia,0.002040141746093196,-0.00028756467151444163,-0.00015255325849486713,0.0,0.00013322310298107535,2.0663085675188385e-05,0.0007851055972278118,0.0017429290711879729
2025-01-17,ETB,0.0,0.0007977441182079045,-0.0009678191611702621,0.0,-0.0009340869589497405,-0.001587451127073758,0.0011296346113085747,0.00015488850325345993
2025-01-17,Ecopetrol,-0.01889396953045276,-0.00036520899367647005,-0.0004338679224950836,0.0,-3.713974719696516e-05,0.001070344443520368,0.0003605552539229393,-0.0004091723822057247
2025-01-17,Grupo Bolivar,0.0,-2.181933744323513e-05,2.634938875767475e-05,0.0,-1.6433540269089178e-05,-1.6483532455638907e-05,-1.4382399618625638e-05,0.0020069044530391694
2025-01-17,Mineros SA,0.0,-0.0005727370378513204,-0.0017350813830879247,0.0,0.0002840318559088718,-0.003034475574573429,-0.001079395167529583,7.521434873342513e-05
2025-01-17,Nutresa,0.04969274528629112,-0.00028760238528065203,-0.0004338679224950836,0.0,0.0010475369270775707,0.0010474869197955629,0.0017279099524021146,0.001294311910867691
2025-01-20,Banco Davivienda PF,0.009600061902004802,-0.0003337730762019549,-0.00028942098964494393,0.0,-0.0006454253043854547,-0.0006454751584270469,-0.0005353072136640548,0.00013322231173515321
2025-01-20,Banco de Bogota,0.006595699946147886,-0.00025033805149180926,0.00017462228402954347,0.0,-0.0005811269192441125,-0.0005811775961336867,0.0006113387644290923,-0.00024288664013147354
2025-01-20,Celsia,-0.0013596319283560089,-0.00039401746911672857,-0.00028942098964494393,0.0,0.00013322310298107535,-0.0007951716482265605,2.2027343511581414e-05,0.0005247779935598373
2025-01-20,ETB,-0.084557388028063,0.0008252330723636454,-0.0008233722283201224,0.0,-0.0009340869589497405,-0.001587452338627812,-0.00013413803279399875,-0.0004742110520601272
2025-01-20,Ecopetrol,-0.008207922089761115,-0.0001558910039095136,0.0002902767973367034,0.0,-3.713974719696516e-05,-0.0015845520107714258,0.0004192856475710869,0.0013793408125638961
2025-01-20,Grupo Bolivar,0.0,-3.087813827960914e-05,0.0001707963216078143,0.0,-1.6433540269089178e-05,-1.6483532455638907e-05,-0.0002880908995866775,0.001147276371717453
2025-01-20,Mineros SA,-0.0021621931364331397,-0.00032319215041727676,-0.00028942098964494393,0.0,0.0002840318559088718,0.0003079619071380318,0.0005568828992545604,-0.00010775415599346161
2025-01-20,Nutresa,0.0,-0.0013147579487094408,-0.0019134690102081578,0.0,0.0010475369270775707,0.0010474869197955629,-0.0005219375491142273,-0.0028883200287818907
2025-01-21,Banco Davivienda PF,0.0,-0.0006961380680199704,-0.0014356925524024722,0.0,-0.0006454253043854547,-0.0006454751584270469,-0.0012829236090183258,-0.002675307869911194
2025-01-21,Banco de Bogota,0.0,-0.0006374052887462674,-0.0014356925524024722,0.0,-0.0005811269192441125,-0.0005811775961336867,-0.0012616160213947296,-0.002379261702299118
2025-01-21,Celsia,0.0,6.13001536665055e-06,-0.00037196573864741855,0.0,0.00013322310298107535,0.0003842371375209492,-0.0008389250487089156,-0.0008264600187540055
2025-01-21,ETB,0.0,0.01603726904084308,0.01871941337639003,0.0,-0.0009340869589497405,0.021896054834450087,0.003675449103116989,0.009217790484428405
2025-01-21,Ecopetrol,0.0,-0.0006389738887577686,-0.00033076293370359243,0.0,-3.713974719696516e-05,-0.0007076547156351905,-0.0005950466692447663,8.703374862670897e-05
2025-01-21,Grupo Bolivar,0.0,-0.0004711353062361608,-0.0012434096150535851,0.0,-1.6433540269089178e-05,-1.6483532455638907e-05,-0.0008128773011267185,-0.000686263620853424
2025-01-21,Mineros SA,0.0,-0.0007209226618939737,-0.0014356925524024722,0.0,0.0002840318559088718,0.0004902193483166652,-0.0009355174601078035,-0.0013110368698835372
2025-01-21,Nutresa,0.0,-0.0006879796836755006,-0.0014356925524024722,0.0,0.0010475369270775707,0.0010474869197955629,0.0010356796979904175,-0.0035431278347969053
2025-01-22,Banco Davivienda PF,0.00845667585536066,-0.0003057644378529392,-0.00045629032982072367,0.0,-0.0006454253043854547,-0.0006454751584270469,-2.25938856601715e-05,-0.001618642881512642
2025-01-22,Banco de Bogota,0.0007302718981696422,-0.00033364621226298285,-0.00045629032982072367,0.0,-0.0005811269192441125,-0.0005811775961336867,-2.4538680911064133e-05,-0.001807206332683563
2025-01-22,Celsia,0.0,-0.00012441415182074775,-1.1972962474536454e-05,0.0,0.00013322310298107535,0.00012035407285315938,0.0007002103999257088,5.638536810874939e-05
2025-01-22,ETB,0.0,0.000943220703603706,-0.0009496988414569206,0.0,-0.0009340869589497405,0.004691658971421529,0.00038203797861933704,0.0042387709617614745
2025-01-22,Ecopetrol,-0.03352269203864356,-0.00010587504549755882,-0.0002994111372568912,0.0,-3.713974719696516e-05,-3.41124429523148e-05,0.0005232646204531193,0.0011709244251251222
2025-01-22,Grupo Bolivar,0.0,-0.00035793397565805435,-0.00045629032982072367,0.0,-1.6433540269089178e-05,-1.6483532455638907e-05,-6.0845438390970204e-05,-0.0005084839761257172
2025-01-22,Mineros SA,0.01716783330552986,-0.000321042752661379,-1.1972962474536454e-05,0.0,0.0002840318559088718,0.0003079619071380318,0.00011570172756910323,-0.00024016365408897395
2025-01-22,Nutresa,0.0,-0.00035380992434139565,-0.00045629032982072367,0.0,0.0010475369270775707,0.0010474869197955629,0.0012197002470493317,-0.002130412489175796
2025-01-23,Banco Davivienda PF,-0.014846502386685159,-0.0005338647403823749,-0.0005411989632549837,0.0,-0.0006454253043854547,-0.0006454751584270469,-0.0010255762040615082,-0.002387981653213501
2025-01-23,Banco de Bogota,0.018083623036628426,-0.0004891362604224736,-0.0005411989632549837,0.0,-0.0005811269192441125,-0.0005811775961336867,-0.0005877257138490676,-0.0017882476747035979
2025-01-23,Celsia,0.0,-0.0005585413772740105,-0.0005411989632549837,0.0,0.00013322310298107535,0.0001101047078677742,-0.0007430817186832428,-0.0004780138917267323
2025-01-23,ETB,0.0,0.0034690164455253325,0.0013792456359121082,0.0,-0.0009340869589497405,0.011444352633142568,0.0010608872920274733,0.0015597988665103913
2025-01-23,Ecopetrol,0.00848655357759707,0.0006423343908138992,0.0011276804362522499,0.0,-3.713974719696516e-05,-0.0027849853112903323,0.0002300249114632606,0.004052139461040496
2025-01-23,Grupo Bolivar,0.006110336631054024,-0.0005788591429147439,-0.0005411989632549837,0.0,-1.6433540269089178e-05,-1.6483532455638907e-05,-0.0006965485848486423,-0.0008665253967046739
2025-01-23,Mineros SA,0.010582153074146096,-0.0007153081541733451,-0.0005495992376613624,0.0,0.0002840318559088718,-0.0011391638450086456,-0.0013555442392826082,-0.0022357587441802023
2025-01-23,Nutresa,0.0,-0.0005122860679966025,-0.0005411989632549837,0.0,0.0010475369270775707,0.0010474869197955629,0.000440585970878601,-0.0017334431260824206
2025-01-24,Banco Davivienda PF,-0.001068861136210039,-0.0003011582750315106,0.00012340745716092358,0.0,-0.0006454253043854547,-0.0006454751584270469,-0.00011186322569847104,0.000181259598582983
2025-01-24,Banco de Bogota,0.003578053301135243,-2.772316436486466e-05,0.0005990362095279517,0.0,-0.0005811269192441125,-0.0005811775961336867,-0.0011104952841997147,-0.00218770369887352
2025-01-24,Celsia,-0.004089952669777403,-0.0005410584304143152,-0.00045629032982072367,0.0,0.00013322310298107535,0.00013408353273909127,-0.00021095544844865798,-0.0001972953341901302
2025-01-24,ETB,0.0,0.0009323035684424952,0.0004407391052764892,0.0,-0.0009340869589497405,0.00516739324125506,0.0007401029244065284,0.0002944372482597828
2025-01-24,Ecopetrol,-0.008486553577597106,-3.91284303016048e-05,0.00026212000226407897,0.0,-3.713974719696516e-05,0.0006622943359363575,-0.0009647600091993808,0.000879867672920227
2025-01-24,Grupo Bolivar,-0.012582932967889664,-0.0006130081783101869,-0.00045629032982072367,0.0,-1.6433540269089178e-05,-1.6483532455638907e-05,-0.00030816162750124936,-0.0008059402853250504
2025-01-24,Mineros SA,0.02904758348362554,-0.0005570166168561862,-0.00045629032982072367,0.0,0.0002840318559088718,-0.0005840380298500747,-0.0009254219233989717,-0.0016942557394504548
2025-01-24,Nutresa,0.0,-0.00054272405332999,-0.00045629032982072367,0.0,0.0010475369270775707,0.0010474869197955629,0.0007373888008296491,-0.000691095769405365
2025-01-27,Banco Davivienda PF,0.005333351193079631,0.00031675252353517865,0.0006074364839343304,0.0,-0.0006454253043854547,-0.0006454751584270469,-0.00040275989472866056,0.0003644346483051777
2025-01-27,Banco de Bogota,0.007826144700770034,-0.0005438471086017025,-0.00045629032982072367,0.0,-0.0005811269192441125,-0.0005811775961336867,4.1126295924186704e-05,-0.0016438314914703368
2025-01-27,Celsia,-0.0054795861873861654,-0.00048066884350597363,-0.00045629032982072367,0.0,0.00013322310298107535,0.0005614675851814546,0.0001905617155134678,0.0004613766930997371
2025-01-27,ETB,0.0,0.003474150958788784,0.0017724002929354126,0.0,-0.0009340869589497405,0.001094336696239116,0.0008520337492227553,0.0001507851593196392
2025-01-27,Ecopetrol,0.01969115326232346,-0.00023039830643125332,0.0004679702551065219,0.0,-3.713974719696516e-05,-0.0007305192218409904,8.515612781047817e-05,0.001279142901301384
2025-01-27,Grupo Bolivar,-0.011428570088314032,-0.00038570695208345183,7.752943853763962e-06,0.0,-1.6433540269089178e-05,-1.6483532455638907e-05,0.00013581673055887222,0.0010308811813592909
2025-01-27,Mineros SA,-0.003072041727877621,-0.0008246361179440266,-0.001308232260923617,0.0,0.0002840318559088718,-0.0021405419517178874,-0.001390862584114075,-0.0028507338240742683
2025-01-27,Nutresa,0.00021736767828212737,-0.0006641748343637247,-0.00045629032982072367,0.0,0.0010475369270775707,0.0010474869197955629,0.0005819074064493179,-0.00010135023295879366
2025-01-28,Banco Davivienda PF,0.02831858420120531,-0.00032075084529496994,3.9719392083497814e-05,0.0,-0.0006454253043854547,-0.0006454751584270469,-0.0005460067987442017,-0.0002526359222829342
2025-01-28,Banco de Bogota,0.027415382377824683,-0.0003383615367319521,3.9719392083497814e-05,0.0,-0.0005811269192441125,-0.0005811775961336867,-0.00011999318748712538,-0.0012718447446823122
2025-01-28,Celsia,-0.004129290110902286,-0.00032547316567746345,3.9719392083497814e-05,0.0,0.00013322310298107535,0.00035941109499551386,0.00041716182231903067,0.001221068650484085
2025-01-28,ETB,0.0,0.00013037587460384086,-0.0004942318465916813,0.0,-0.0009340869589497405,0.0008880124062867448,0.00027533055096864696,-0.00019883428514003753
2025-01-28,Ecopetrol,0.016575005172846487,-0.00033572997026521523,3.131911767711915e-05,0.0,-3.713974719696516e-05,0.0015817440399688296,-0.0006178707480430603,-0.000688815750181675
2025-01-28,Grupo Bolivar,0.014346423994455773,-0.00023211479468467026,0.0005037626657579858,0.0,-1.6433540269089178e-05,-1.6483532455638907e-05,-0.00013971865177154542,0.0021357259452342986
2025-01-28,Mineros SA,0.0,-0.00030653563032452606,3.9719392083497814e-05,0.0,0.0002840318559088718,0.0005669130873460152,3.297625482082374e-05,-0.0006244479566812516
2025-01-28,Nutresa,0.0,-0.0003437238309547984,3.9719392083497814e-05,0.0,0.0010475369270775707,0.0010474869197955629,0.0008672646582126616,0.0007973035871982574
2025-01-29,Banco Davivienda PF,0.008238942037355488,0.0007769475743865874,0.0013457021987858034,0.0,-0.0006454253043854547,-0.0006454751584270469,-0.000562333807349205,-0.001371395409107208
2025-01-29,Banco de Bogota,0.017845343022037448,0.0007374030947223119,0.001149776421032193,0.0,-0.0005811269192441125,-0.0005811775961336867,-0.0005692770332098007,-0.0019054749906063082
2025-01-29,Celsia,0.0,-4.037511080812543e-05,0.0001282991736807354,0.0,0.00013322310298107535,2.608298840810158e-05,0.0006578374654054642,0.0016856891363859177
2025-01-29,ETB,0.0,0.0017322387495248544,0.00065807474876061,0.0,-0.0009340869589497405,-5.390836739864457e-07,0.0007323336675763131,0.0006011934131383897
2025-01-29,Ecopetrol,0.03234783448777571,-0.00018521194254843054,0.00011989889927435676,0.0,-3.713974719696516e-05,0.001326032857132321,-0.00028102780133485794,-0.001155068650841713
2025-01-29,Grupo Bolivar,0.0054883134614693435,-7.072661132936498e-05,0.0001282991736807354,0.0,-1.6433540269089178e-05,-1.6483532455638907e-05,-0.00042060369253158565,0.0007733631134033203
2025-01-29,Mineros SA,0.0,0.0001407985028830595,0.0008759879732769885,0.0,0.0002840318559088718,0.0003079619071380317,-0.0002107335701584816,0.000679234515875578
2025-01-29,Nutresa,0.0,-0.0001527463487903239,0.0001282991736807354,0.0,0.0010475369270775707,0.0010474869197955629,0.000939504623413086,0.0013266216665506364
2025-01-30,Banco Davivienda PF,0.005115105999466312,0.0005553252083552488,0.0013617903217446677,0.0,-0.0006454253043854547,-0.0006454751584270469,-0.00010940659791231154,-0.0006954618841409682
2025-01-30,Banco de Bogota,-0.013009436683064294,-9.719229112557657e-05,0.0002896632335832376,0.0,-0.0005811269192441125,-0.0005811775961336867,-0.00011882659792900084,-0.001929452806711197
2025-01-30,Celsia,0.025869337312400417,1.9010987435157138e-05,0.0002980635079896163,0.0,0.00013322310298107535,-0.0002891595736333047,0.00029908014833927155,0.0018622045665979386
2025-01-30,ETB,0.0,0.0017591552423222774,0.0008278390830694909,0.0,-0.0009340869589497405,-0.0007936966116065626,0.0004402633011341095,0.0008288161307573318
2025-01-30,Ecopetrol,0.07164188096705948,-0.00030615455111049377,-0.0013259845125735978,0.0,-3.713974719696516e-05,0.0026203515881384177,-0.00045896835625171663,-0.002290765076875687
2025-01-30,Grupo Bolivar,-0.0019335710307755544,-4.7755203671893444e-05,0.0002980635079896163,0.0,-1.6433540269089178e-05,-1.6483532455638907e-05,-0.00033354397490620617,0.0008927913159132003
2025-01-30,Mineros SA,0.0,0.00022721314615689936,0.0007583141328035144,0.0,0.0002840318559088718,0.0003079619071380318,-0.0002988326102495194,0.0033936873674392702
2025-01-30,Nutresa,0.04960745773192619,1.5256792873497527e-05,0.0002980635079896163,0.0,0.0010475369270775707,0.0010474869197955629,0.00088841013610363,0.0017915519773960113
2025-01-31,Banco Davivienda PF,-0.007168434118325193,0.0009519337252493143,0.0013617903217446677,0.0,-0.0006454253043854547,-0.0006454751584270469,-9.291370958089827e-05,0.00045677343010902397
2025-01-31,Banco de Bogota,0.016405159991682308,2.7789942169489153e-05,0.000542645483009644,0.0,-0.0005811269192441125,-0.0005811775961336867,0.0005628687515854835,0.0011120923161506654
2025-01-31,Celsia,0.0,0.0006771990944618988,0.0013195407553410732,0.0,0.00013322310298107535,-0.0025797267485070307,-0.00010853005200624467,0.0007223225608468055
2025-01-31,ETB,0.0,0.001058172542535374,-0.00023588773068556273,0.0,-0.0009340869589497405,-0.0010391308711914177,0.0005132094994187356,0.0013151649087667467
2025-01-31,Ecopetrol,-0.03262520969763983,-0.0011842516039990585,-0.0012238569635404006,0.0,-3.713974719696516e-05,0.005844821932658174,-0.0010275660902261733,-0.0032706759572029113
2025-01-31,Grupo Bolivar,0.0,-2.421308937516857e-05,0.0002980635079896163,0.0,-1.6433540269089178e-05,-1.6483532455638907e-05,-0.0004465535283088684,0.002144685745239258
2025-01-31,Mineros SA,0.0,0.00020659916944534197,0.0010457523075858694,0.0,0.0002840318559088718,0.0003079619071380318,-0.000250694178044796,0.005345634341239929
2025-01-31,Nutresa,0.0,-0.0004633432794344551,-0.0013259845125735978,0.0,0.0010475369270775707,0.0010474869197955629,-0.0004324914515018463,-0.00019182964414358138
2025-02-03,Banco Davivienda PF,-0.0165807284904269,3.807384101291786e-05,0.0003973089767553165,0.0,-0.0006454253043854547,-0.0006454751584270469,-0.00024955283105373386,0.0009322511553764344
2025-02-03,Banco de Bogota,-0.015716117530957262,0.0005691815441427769,0.000636338860163314,0.0,-0.0005811269192441125,-0.0005811775961336867,-0.00077000642567873,-0.000498035192489624
2025-02-03,Celsia,-0.002691885441616258,-5.3497427079915323e-05,-0.0004189876791853609,0.0,0.00013322310298107535,0.0023490118921100367,0.0011190241128206254,0.0005583329647779465
2025-02-03,ETB,0.0,0.0009865382611807193,-0.0009529389178605397,0.0,-0.0009340869589497405,-0.0012243415129471863,0.0007324278950691223,0.0005915184766054153
2025-02-03,Ecopetrol,0.022699640898650113,0.0002303000929509549,0.001917452236034767,0.0,-3.713974719696516e-05,-0.0027113378900500075,0.0016388024538755417,0.0008709673583507539
2025-02-03,Grupo Bolivar,-0.00032270345076910426,-3.1691055119661634e-05,-0.0004189876791853609,0.0,-1.6433540269089178e-05,-1.6483532455638907e-05,-0.00011175043880939486,0.001515800714492798
2025-02-03,Mineros SA,0.0,0.00013384801835383947,0.00032870112041089207,0.0,0.0002840318559088718,0.0003079619071380318,-0.0002018065303564072,0.00541699755191803
2025-02-03,Nutresa,-0.060753895942398564,-0.00018031889134030804,-0.0004189876791853609,0.0,0.0010475369270775707,0.0010474869197955629,0.0017872692942619325,0.00012719518691301345
2025-02-04,Banco Davivienda PF,-0.0010455007905030914,-8.407043522738255e-05,0.0004959054466571729,0.0,-0.0006454253043854547,-0.0006454751584270469,-0.0005643917769193649,0.0018254954665899276
2025-02-04,Banco de Bogota,0.0013763719506422977,-6.745132934770323e-05,0.0004959054466571729,0.0,-0.0005811269192441125,-0.0005811775961336867,0.0003185377717018128,0.0007358317524194718
2025-02-04,Celsia,-0.00405122107855066,-0.00018563492160905232,-0.0007661944154667519,0.0,0.00013322310298107535,0.0009013872228898138,6.03501833975315e-05,6.450160220265388e-05
2025-02-04,ETB,0.0,0.0016412588489784488,-0.00023641884038687794,0.0,-0.0009340869589497405,-0.0013815887273043775,-2.1039597690105494e-05,-0.00025548690557479855
2025-02-04,Ecopetrol,0.022195644202084943,-0.002529366021474687,-0.005901154559553551,0.0,-3.713974719696516e-05,0.001828620603580164,-0.0009616959430277348,-0.002723794460296631
2025-02-04,Grupo Bolivar,-0.007774474798437103,-0.00020758607682580256,-0.0007661944154667519,0.0,-1.6433540269089178e-05,-1.6483532455638907e-05,-0.000307791743427515,0.0004281647093594074
2025-02-04,Mineros SA,0.0,0.0001491647274856736,-1.850561587049885e-05,0.0,0.0002840318559088718,0.0003079619071380318,-0.00041986581310629834,0.005914314866065979
2025-02-04,Nutresa,0.0,0.010215589085663496,0.005812294798877701,0.0,0.0010475369270775707,0.0010474869197955629,0.0030321032106876374,0.007926603972911835
2025-02-05,Banco Davivienda PF,-0.0020941797002153894,-0.0002340176577880189,3.9719392083497814e-05,0.0,-0.0006454253043854547,-0.0006454751584270469,-0.0009210763126611709,0.00023571143671870235
2025-02-05,Banco de Bogota,0.0075368727690560905,-0.0002834882391104207,3.9719392083497814e-05,0.0,-0.0005811269192441125,-0.0005811775961336867,-0.0008330486863851547,-0.0005785800814628601
2025-02-05,Celsia,-0.004067769895811683,-0.0001571800908159478,3.9719392083497814e-05,0.0,0.00013322310298107535,0.00016907705729421671,5.6741535663604745e-05,4.778485745191572e-06
2025-02-05,ETB,0.0,0.0007106338676510244,-0.0004942318465916813,0.0,-0.0009340869589497405,-0.0014576879166681956,-0.0002627029567956924,-0.000965311586856842
2025-02-05,Ecopetrol,-0.03222086217747543,-0.001407818770499055,-2.5301743200965003e-06,0.0,-3.713974719696516e-05,0.0017872626232391191,0.000245451107621193,-0.0041210328340530395
2025-02-05,Grupo Bolivar,0.0048661837776351104,-0.00023090899308570546,0.00038646143854482074,0.0,-1.6433540269089178e-05,-1.6483532455638907e-05,-0.0002499534524977207,0.0006112112849950791
2025-02-05,Mineros SA,-0.2744369933083998,-0.00013312012418883763,0.0007874081916797507,0.0,0.0002840318559088718,0.0003079619071380318,-0.000266278974711895,0.00603930902481079
2025-02-05,Nutresa,0.0,0.0004181905165911834,0.000565846786819413,0.0,0.0010475369270775707,0.0010474869197955629,0.0008637746572494507,0.0033315037488937382
2025-02-06,Banco Davivienda PF,-0.0031496762982337954,0.0025928607462701045,0.001775681029183152,0.0,-0.0006454253043854547,-0.0006454751584270469,-0.0013777530938386916,-0.0017518695592880248
2025-02-06,Banco de Bogota,-0.006162175214225446,0.002404976201984709,0.0019322484072132053,0.0,-0.0005811269192441125,-0.0005811775961336867,-0.0013469629138708114,-0.003404181122779846
2025-02-06,Celsia,0.0027136611424232937,0.0026086385322325206,0.0016610855697228206,0.0,0.00013322310298107535,0.00010326615484003229,-0.0007051305621862411,-0.0014418550319969653
2025-02-06,ETB,0.0,0.0027169274692005543,0.001127134331047642,0.0,-0.0009340869589497405,-0.0015032431959849277,-0.0013387884199619292,-0.002887069284915924
2025-02-06,Ecopetrol,0.007528355748925697,0.0035408506162369837,0.0028974989299823915,0.0,-3.713974719696516e-05,-0.002678157123382528,0.0010417712926864625,-0.000985116794705391
2025-02-06,Grupo Bolivar,0.0012937443062359143,0.0025197555212947685,0.0016610855697228206,0.0,-1.6433540269089178e-05,-1.6483532455638907e-05,-0.0007464448250830175,-0.0021206764578819274
2025-02-06,Mineros SA,0.0,0.014634379888493303,0.018401054685650828,0.0,0.0002840318559088718,0.023441040688277424,0.012712029695510862,0.02818489170074463
2025-02-06,Nutresa,0.09431067947124142,0.003514761697618739,0.0018919367575280326,0.0,0.0010475369270775707,0.0010474869197955629,0.0007817257344722748,0.00043339511752128604
2025-02-07,Banco Davivienda PF,0.004197260991939711,-0.0005625076765171001,-0.0001658373528768463,0.0,-0.0006454253043854547,-0.0006454751584270469,-0.0007018503695726395,-0.0010006315261125564
2025-02-07,Banco de Bogota,-0.008276018305171324,-0.0008262612453740113,-0.0003447400001293879,0.0,-0.0005811269192441125,-0.0005811775961336867,-0.00014168085157871245,-0.0015649223029613496
2025-02-07,Celsia,-0.002713661142423338,-0.0006951658516064305,-0.0006260546641296042,0.0,0.00013322310298107535,-0.0005385323756099697,-0.00020989463478326796,-0.0011640399396419525
2025-02-07,ETB,0.0,-0.000442965262204371,-0.0011600059028047834,0.0,-0.0009340869589497405,-0.0015367934740112387,-0.0004938694238662719,-0.0022422288358211516
2025-02-07,Ecopetrol,0.0,-0.000508467674867544,-9.992726939368926e-05,0.0,-3.713974719696516e-05,0.0005836646004021724,-0.0009200093895196914,-0.0019310954809188842
2025-02-07,Grupo Bolivar,0.03960584316305304,-0.0006170008015686806,-0.0006260546641296042,0.0,-1.6433540269089178e-05,-1.6483532455638907e-05,-0.0002520335353910923,-0.0010994637385010719
2025-02-07,Mineros SA,0.0,-0.0006130237559122905,-0.003817442939738354,0.0,0.0002840318559088718,0.0003079619071380318,0.0013231666833162306,0.012114442706108092
2025-02-07,Nutresa,0.0,-0.0007762342847806018,-0.0006627515340134339,0.0,0.0010475369270775707,0.0010474869197955629,-0.0021732278466224672,-0.0036491647362709044
2025-02-10,Banco Davivienda PF,0.0,-0.00065616262166773,-0.00045629032982072367,0.0,-0.0006454253043854547,-0.0006454751584270469,-0.0012391370236873628,-0.0012911868542432785
2025-02-10,Banco de Bogota,0.004835906338973052,-0.0005289678082188496,0.00020003588120265074,0.0,-0.0005811269192441125,-0.0005811775961336867,-0.0011239329874515533,-0.00019180523604154587
2025-02-10,Celsia,-0.00681665126231063,-0.0005997704420978934,-0.00045629032982072367,0.0,0.00013322310298107535,0.0006072588732665736,-0.00047594083845615384,-0.0004747854545712471
2025-02-10,ETB,0.0,8.126098641924433e-05,-0.0009902415684959025,0.0,-0.0009340869589497405,-0.0015561998590766025,-0.0006149906814098358,-0.0015410350859165194
2025-02-10,Ecopetrol,0.009950259498502334,-0.0004273225504707899,-0.00045629032982072367,0.0,-3.713974719696516e-05,-3.4112442952314816e-05,-5.706827715039253e-05,-0.001442252218723297
2025-02-10,Grupo Bolivar,0.00495804651673393,-0.001146989953446013,-0.002080338350383937,0.0,-1.6433540269089178e-05,-1.6483532455638907e-05,-0.0007608711272478104,-0.003347137689590454
2025-02-10,Mineros SA,0.0,0.001635528595358758,0.0011848698993472049,0.0,0.0002840318559088718,0.0003079619071380318,0.0037290007174015046,0.009847073674201966
2025-02-10,Nutresa,0.0,-0.0015225730139902043,-0.0011779100779489248,0.0,0.0010475369270775707,0.0010474869197955629,0.0017105697989463805,-0.0024174868166446685
2025-02-11,Banco Davivienda PF,-0.011585100407072089,-0.0006514199470396224,-0.00045629032982072367,0.0,-0.0006454253043854547,-0.0006454751584270469,-0.0004556125737726688,-0.000731401562690735
2025-02-11,Banco de Bogota,-0.009695385781290766,-0.0006619536099813244,-0.00045629032982072367,0.0,-0.0005811269192441125,-0.0005811775961336867,-0.0009149334207177162,-0.0005541067123413085
2025-02-11,Celsia,0.006816651262310659,-0.0005416304604051886,-0.0001749756658205072,0.0,0.00013322310298107535,0.0006971760032661868,9.574032947421075e-05,0.0007281086295843125
2025-02-11,ETB,0.0,-0.00023833439882375875,-0.0009902415684959025,0.0,-0.0009340869589497405,-0.0015676108303380194,-0.00010091906785964961,-0.0011353785991668702
2025-02-11,Ecopetrol,0.0049382464904990635,-0.0005820290061836127,-0.00045629032982072367,0.0,-3.713974719696516e-05,0.000782406076974412,-0.0006075158715248107,-0.0015975950360298155
2025-02-11,Grupo Bolivar,-0.01740811560385453,-0.0006508424212092726,-0.00045629032982072367,0.0,-1.6433540269089178e-05,-1.6483532455638907e-05,0.00037481749057769777,-0.001777748093008995
2025-02-11,Mineros SA,0.0,0.0009575212802380136,-0.001812923291349875,0.0,0.0002840318559088718,0.0003079619071380318,0.0030207165479660034,0.00768927103281021
2025-02-11,Nutresa,0.0001999800026662447,-0.0032013021822605145,-0.004716554701444516,0.0,0.0010475369270775707,0.0010474869197955629,0.0013919957876205446,-0.000748660996556282
2025-02-11,Promigas,-0.0028943178742171158,-0.0005665263776900753,-0.00045629032982072367,0.0,0.000259343749298741,0.001499049760232872,0.0002580875568091869,0.0004498146772384644
2025-02-12,Banco Davivienda PF,0.001058676128046313,-0.0005427711782715588,-6.841189829682132e-05,0.0,-0.0006454253043854547,-0.0006454751584270469,-9.737636521458629e-05,0.0006971182078123093
2025-02-12,Banco de Bogota,-0.008385757050239515,-0.0006431773258983999,-6.841189829682132e-05,0.0,-0.0005811269192441125,-0.0005811775961336867,-3.534365445375443e-05,0.0004748296849429607
2025-02-12,Celsia,-0.0013596319283560089,-0.0006263290886083959,-0.0011733415169957015,0.0,0.00013322310298107535,-0.0012046869175547082,-0.00029329976812005043,-0.00012873617932200433
2025-02-12,ETB,0.0,7.58997807597779e-06,-0.0017072927556708807,0.0,-0.0009340869589497405,-0.0015752297292038547,0.00014037996530532834,-0.0008046386688947678
2025-02-12,Ecopetrol,-0.019901155023829296,-0.000694759505752431,-0.0011733415169957015,0.0,-3.713974719696516e-05,0.00037112017596205147,-0.0001550143323838711,-0.0015168894082307816
2025-02-12,Grupo Bolivar,0.0006308541158613785,-0.00045649324468609087,-0.00013070295352623476,0.0,-1.6433540269089178e-05,-1.6483532455638907e-05,0.0007916968427598477,0.0009466422051191331
2025-02-12,Mineros SA,0.0,0.0009688789805136088,-0.0029742918458710386,0.0,0.0002840318559088718,0.0003079619071380318,0.0028616812229156495,0.004552728116512299
2025-02-12,Nutresa,0.0,-0.00025598281217940444,-0.0001096147032406472,0.0,0.0010475369270775707,0.0010474869197955629,0.0010515956729650496,0.0005116846412420272
2025-02-12,Promigas,0.0,-0.0006226125683295583,-0.0011733415169957015,0.0,0.000259343749298741,0.0012143317041179217,0.0003488071113824844,0.0004812351875007153
2025-02-13,Banco Davivienda PF,-0.002118582306825916,-0.0002624676961049711,-0.000677331795091479,0.0,-0.0006454253043854547,-0.0006454751584270469,-0.0008488397747278213,-0.00030623957514762883
2025-02-13,Banco de Bogota,0.0007013880679856194,1.500519829185128e-05,0.000795332398791121,0.0,-0.0005811269192441125,-0.0005811775961336867,-0.0007210338041186333,0.0005123611763119698
2025-02-13,Celsia,-0.001361413213078104,-0.00028127091117669786,-0.000677331795091479,0.0,0.00013322310298107535,0.0007308597242402934,0.00016058831289410592,-0.0004408507943153382
2025-02-13,ETB,0.0,0.000703780369100859,-0.0012112830337666592,0.0,-0.0009340869589497405,-0.0015799190287524478,8.971270173788075e-05,-0.0010915079936385155
2025-02-13,Ecopetrol,0.051418967524071574,-9.632626967016343e-06,0.0005847680670324466,0.0,-3.713974719696516e-05,-0.0016672016751814102,0.00039530784636735913,0.0007131708264350891
2025-02-13,Grupo Bolivar,-0.008233030511187522,-0.000165916313203805,-0.000677331795091479,0.0,-1.6433540269089178e-05,-1.6483532455638907e-05,0.0002926713675260544,0.00016437672078609467
2025-02-13,Mineros SA,0.0,0.00018357784323696182,-0.0008591539325755696,0.0,0.0002840318559088718,0.0003079619071380318,0.0011858787387609483,0.002758020460605621
2025-02-13,Nutresa,0.08597771623838604,-2.040872630164216e-05,-0.000677331795091479,0.0,0.0010475369270775707,0.0010474869197955629,0.0013553341329097747,-4.532238841056823e-05
2025-02-13,Promigas,0.0,-0.00023043381446840534,-0.000677331795091479,0.0,0.000259343749298741,0.0005225711118236527,0.0002414582073688507,-0.00011308667436242103
2025-02-14,Banco Davivienda PF,-0.0010610307719559945,-1.3744447009507877e-05,0.0001282991736807354,0.0,-0.0006454253043854547,-0.0006454751584270469,-0.00023468428105115889,0.000499633252620697
2025-02-14,Banco de Bogota,0.022878050751022404,0.00011176918198775254,0.0001282991736807354,0.0,-0.0005811269192441125,-0.0005811775961336867,-0.0006944216415286064,0.0006805576831102371
2025-02-14,Celsia,-0.005464614429001301,-9.248615230023186e-05,0.0001282991736807354,0.0,0.00013322310298107535,0.00033625393894405636,0.00044519869238138205,0.0004962889850139618
2025-02-14,ETB,0.0,0.0008276204005597,-0.0004056520649944436,0.0,-0.0009340869589497405,-0.0015827318799406665,0.00025064369291067127,-0.00040856005251407624
2025-02-14,Ecopetrol,0.014218215183191548,-0.0006258820168531154,-0.0014957488468824783,0.0,-3.713974719696516e-05,0.004185329197261659,-0.0012311129346489907,-0.002373999327421188
2025-02-14,Grupo Bolivar,0.007602176395326128,4.954658148782581e-05,0.0005923424473552234,0.0,-1.6433540269089178e-05,-1.6483532455638907e-05,0.0002744185030460358,0.001515671044588089
2025-02-14,Mineros SA,0.0,-0.0005877237248323645,-5.3522963803355464e-05,0.0,0.0002840318559088718,0.0003079619071380318,0.0009655560553073882,0.0024128810465335847
2025-02-14,Nutresa,0.07933674223652101,0.0006562213739807561,0.00125190397006539,0.0,0.0010475369270775707,0.0010474869197955629,-0.0012264550179243087,-0.002694574505090713
2025-02-14,Promigas,0.0,4.014844080275988e-05,0.0001282991736807354,0.0,0.000259343749298741,0.0003720434903880144,-2.8095852583646757e-05,0.0004699793756008148
2025-02-17,Banco Davivienda PF,0.04565110570039073,3.800549603432534e-05,0.0002980635079896163,0.0,-0.0006454253043854547,-0.0006454751584270469,-0.0002295474782586098,0.0013292091041803363
2025-02-17,Banco de Bogota,0.023036374131521608,-5.0708576220686735e-05,0.0002558139415860219,0.0,-0.0005811269192441125,-0.0005811775961336867,-0.0006513639315962792,-0.0003068815395236015
2025-02-17,Celsia,0.013605707088390732,5.8748742285220866e-05,0.0002980635079896163,0.0,0.00013322310298107535,0.0005368093636318822,0.0005593764781951905,0.001959140047430992
2025-02-17,ETB,0.0,0.0017174685776569494,0.0008278390830694909,0.0,-0.0009340869589497405,-0.0015845227655142983,0.0005841698125004768,0.0007239766567945481
2025-02-17,Ecopetrol,0.04822983188258981,-5.414265209937926e-06,0.0002980635079896163,0.0,-3.713974719696516e-05,0.0011326346171747778,0.0006055435389280318,-0.0015199218541383744
2025-02-17,Grupo Bolivar,0.024315383698002995,-2.3504444794318213e-05,0.0002980635079896163,0.0,-1.6433540269089178e-05,-1.6483532455638907e-05,-0.000482873160392046,0.0015511740148067474
2025-02-17,Mineros SA,0.3950648650005605,0.0008338921412996834,0.00011624137050552563,0.0,0.0002840318559088718,0.0003079619071380318,0.0013165769577026365,0.002735406696796417
2025-02-17,Nutresa,0.05762911283663642,-0.0020834092943417732,-0.0012238569635404006,0.0,0.0010475369270775707,0.0010474869197955629,-0.00022044658660888677,-0.003604649066925049
2025-02-17,Promigas,0.014388694601414922,4.9867058001602424e-05,0.0002980635079896163,0.0,0.000259343749298741,0.0003392885675614303,0.00020243999361991882,0.0014970203787088394
2025-02-18,Banco Davivienda PF,0.03879155562415086,0.000588320605088619,0.0003151780783289786,0.0,-0.0006454253043854547,-0.0006454751584270469,0.00016607068479061125,0.003001205861568451
2025-02-18,Banco de Bogota,0.02186223146854537,-0.00011853334390783198,-0.0007485487354260745,0.0,-0.0005811269192441125,-0.0005811775961336867,0.001125969436019659,0.003046351253986358
2025-02-18,Celsia,-0.0054200475179553235,-9.300400596657431e-05,-0.0007062991690224802,0.0,0.00013322310298107535,-0.0017709801645436432,0.0017214305549860004,0.004175557672977448
2025-02-18,ETB,0.0,0.0007642544847829637,-0.0012402504076976595,0.0,-0.0009340869589497405,-0.0015856417940715278,0.002723371356725693,0.003317125499248505
2025-02-18,Ecopetrol,0.0,-0.0007245815308939408,-0.002330347189585693,0.0,-3.713974719696516e-05,0.00392362865425369,0.0005134669691324235,0.0024523415714502333
2025-02-18,Grupo Bolivar,0.019216607028722497,-0.00010403571430122722,-0.0007485487354260745,0.0,-1.6433540269089178e-05,-1.6483532455638907e-05,0.00044740945473313327,0.004010972201824188
2025-02-18,Mineros SA,-0.029522491137577253,-0.0012497642581734312,-0.002618780269419529,0.0,0.0002840318559088718,-0.032993185053935455,-0.006105327889323234,0.001135557159781456
2025-02-18,Nutresa,-0.06613980250454495,-0.0014918226154741845,0.0006934914510326487,0.0,0.0010475369270775707,0.0010474869197955629,0.001517162427306175,0.002449318423867226
2025-02-18,Promigas,-0.007168546575002786,-8.000058157524341e-05,-0.0007062991690224802,0.0,0.000259343749298741,-0.0027988296177178223,0.001198130674660206,0.004018107354640961
2025-02-19,Banco Davivienda PF,-0.07598598546918087,0.0005803440908645589,0.0006024895681660983,0.0,-0.0006454253043854547,-0.0006454751584270469,-0.0008304484188556671,-0.00044789163768291473
2025-02-19,Banco de Bogota,-0.10783916829238036,-0.00012897387326355674,-0.00046123724558895534,0.0,-0.0005811269192441125,-0.0005811775961336867,-0.0002465787678956985,0.00038125814869999886
2025-02-19,Celsia,0.0,-6.850111287559921e-06,-0.0004189876791853609,0.0,0.00013322310298107535,0.001752492869602641,0.0011220628917217256,0.0037522795796394344
2025-02-19,ETB,0.0,0.0012162228793964143,-0.0009529389178605397,0.0,-0.0009340869589497405,-0.0015863251750078378,0.0014290884062647818,0.00230464768409729
2025-02-19,Ecopetrol,-0.203165116380932,-0.00011289905485923584,-0.0004189876791853609,0.0,-3.713974719696516e-05,-3.4112442952314816e-05,0.0007613181918859483,0.0017094779163599014
2025-02-19,Grupo Bolivar,-0.062325439780065335,-0.00013781052175726268,-0.0004273879535917396,0.0,-1.6433540269089178e-05,-1.6483532455638907e-05,-0.00038443976640701287,0.00150305113196373
2025-02-19,Mineros SA,-0.14483090869000717,0.00010025803577875916,0.004038989323262855,0.0,0.0002840318559088718,0.002796497089906195,0.009030750632286071,0.0033779587447643282
2025-02-19,Nutresa,-0.24038535774871583,0.008654369925904515,0.01364608651501057,0.0,0.0010475369270775707,0.0010474869197955629,0.003600747257471085,0.009071835398674013
2025-02-19,Promigas,0.03533941705771382,-5.452857353286269e-06,0.0003973089767553165,0.0,0.000259343749298741,0.0012091852991063467,0.0012318956851959228,0.003756918609142304
2025-02-20,Banco Davivienda PF,0.11332868530700327,0.013439125708084088,0.025369327634143332,0.0,-0.0006454253043854547,-0.0006454751584270469,0.0015247430801391601,0.004092303633689881
2025-02-20,Banco de Bogota,0.12021329238907509,0.014040255738911647,0.025469127835423176,0.0,-0.0005811269192441125,-0.0005811775961336867,0.002336398273706436,0.007635946244001389
2025-02-20,Celsia,0.01884305307352377,0.0026158521637796033,0.007131150769115588,0.0,0.00013322310298107535,-3.053912959960105e-05,-0.0024959944672882555,0.0026338465213775635
2025-02-20,ETB,0.0,0.0034236807614207027,0.00721398421972322,0.0,-0.0009340869589497405,-0.0015867522539845984,-0.0020400073081254955,0.0014136329889297488
2025-02-20,Ecopetrol,0.2054046790877878,0.01443417005222738,0.023967232759244304,0.0,-3.713974719696516e-05,-0.016705846497030854,0.007365918159484864,0.014996093034744262
2025-02-20,Grupo Bolivar,0.10201080424244756,0.011842174927119068,0.022689703010173062,0.0,-1.6433540269089178e-05,-1.6483532455638907e-05,0.0005029673948884012,0.005321709632873535
2025-02-20,Mineros SA,0.17435339982758444,0.011462500182471889,0.022681065991561285,0.0,0.0002840318559088718,0.012516173272086675,0.005622271806001664,0.012685228526592254
2025-02-20,Nutresa,0.22296962314610463,0.012438251733516424,0.025827119486765616,0.0,0.0010475369270775707,0.0010474869197955629,0.010530535817146303,0.022121219158172604
2025-02-20,Promigas,-0.029600443478582247,0.002318273004236103,0.006123887437835191,0.0,0.000259343749298741,-0.007168432290205643,-0.002355264127254486,7.350057363510118e-05
2025-02-21,Banco Davivienda PF,-0.0037664676155631325,-0.001998170590513112,-0.0026033217315834514,0.0,-0.0006454253043854547,-0.0006454751584270469,-0.0013022082448005674,0.002663947112858296
2025-02-21,Banco de Bogota,-0.012374124096694623,-0.0036346818644849626,-0.00524884699949812,0.0,-0.0005811269192441125,-0.0005811775961336867,-0.0013417598158121107,0.0029547755271196368
2025-02-21,Celsia,-0.005347586721886938,0.00044151637426214393,0.00034902737032619415,0.0,0.00013322310298107535,-0.0019884696856168438,0.002151141181588173,0.003952691689133645
2025-02-21,ETB,0.0,0.0015663574924063,-0.00017652359394260594,0.0,-0.0009340869589497405,-0.0015870191779272797,0.0031816322505474086,0.003324582412838936
2025-02-21,Ecopetrol,-0.041101644429301476,-0.0048567478465311445,-0.00739262918849085,0.0,-3.713974719696516e-05,0.01682140017760082,-0.0033931320458650592,0.0026598754376173017
2025-02-21,Grupo Bolivar,0.007521058943027478,-0.0031869570040761117,-0.002887964290682611,0.0,-1.6433540269089178e-05,-1.6483532455638907e-05,-0.0007565940171480179,0.0035151020437479024
2025-02-21,Mineros SA,-0.027651557051716406,-0.002723898826703225,-0.004747103920576181,0.0,0.0002840318559088718,-0.014388784640578776,-0.001283224791288376,0.003043041363358498
2025-02-21,Nutresa,-0.04445966911547626,-0.0016224637985755238,-0.005422023266155252,0.0,0.0010475369270775707,0.0010474869197955629,-0.0019311018437147142,0.0037840897291898726
2025-02-21,Promigas,0.0,0.0005317750499685153,0.0006142612431368537,0.0,0.000259343749298741,0.005139554011292674,0.002881818950176239,0.004426391780376434
2025-02-24,Banco Davivienda PF,-0.021936963023310326,-0.0010311222885331657,-0.00020066081203212385,0.0,-0.0006454253043854547,-0.0006454751584270469,0.0011509875617921352,0.0032452954500913622
2025-02-24,Banco de Bogota,0.018825810103359458,-0.0011946060693881094,0.0009042688066667549,0.0,-0.0005811269192441125,-0.0005811775961336867,0.0026987846195697784,0.0048410829007625574
2025-02-24,Celsia,0.015957727245214152,-0.0001164406272898213,0.0007319545454420224,0.0,0.00013322310298107535,0.0022732757024098702,0.0003210732787847518,0.004296732291579246
2025-02-24,ETB,0.0,0.0014730669280906734,0.0012617301205218963,0.0,-0.0009340869589497405,-0.0015871838551012741,0.0004596397504210472,0.002851335518062115
2025-02-24,Ecopetrol,0.0,-0.0017968004632550132,0.0015821640521593875,0.0,-3.713974719696516e-05,-0.003406914316211919,0.004928042024374008,0.008894481122493744
2025-02-24,Grupo Bolivar,0.008608491933460163,-0.0017940364510493842,-0.00020066081203212385,0.0,-1.6433540269089178e-05,-1.6483532455638907e-05,0.0007342276126146316,0.0027827284187078474
2025-02-24,Mineros SA,0.0,0.0004863527890319249,0.005345545675958672,0.0,0.0002840318559088718,0.002638790706809725,0.006935419321060179,0.0061099821925163274
2025-02-24,Nutresa,0.04324132417319448,0.0028357510891119002,0.0034844781976517904,0.0,0.0010475369270775707,0.0010474869197955629,0.0077303155660629255,0.010649210453033447
2025-02-24,Promigas,-0.011510915534305995,6.685203735646261e-05,0.0012580819401779367,0.0,0.000259343749298741,0.001376702416912191,0.00011562159657478334,0.0037610557675361632
2025-02-25,Banco Davivienda PF,0.0,-0.00421528392849105,-0.007222326658090733,0.0,-0.0006454253043854547,-0.0006454751584270469,0.000663832787424326,0.003656649425625801
2025-02-25,Banco de Bogota,-0.0051456969927856835,-0.004642006927143269,-0.0056163390582879774,0.0,-0.0005811269192441125,-0.0005811775961336867,3.6007449030876144e-05,0.00018513652682304382
2025-02-25,Celsia,0.0,0.00031633487605731446,0.00043767214962544903,0.0,0.00013322310298107535,-0.0016030727438045927,-0.00018400610238313676,0.0008389199674129485
2025-02-25,ETB,0.0,0.0005208795829168276,-0.0011600059028047834,0.0,-0.0009340869589497405,-0.0015872861765712884,-1.2027710676193243e-05,0.001006793275475502
2025-02-25,Ecopetrol,-0.009367750160144055,-0.004831299104982405,-0.005748439170806693,0.0,-3.713974719696516e-05,-3.4112442952314816e-05,0.0009124598950147628,0.0035174580365419385
2025-02-25,Grupo Bolivar,0.014466236792906722,-0.004592553759057411,-0.005607938783881599,0.0,-1.6433540269089178e-05,-1.6483532455638907e-05,-0.0006027732491493225,0.0006788342893123627
2025-02-25,Mineros SA,0.0,-0.004676398510759571,-0.005748439170806693,0.0,0.0002840318559088718,0.0003079619071380317,0.0014284711331129074,0.0030491780042648316
2025-02-25,Nutresa,-0.01615203654052267,-0.0008858706042465179,-0.0033779648043647972,0.0,0.0010475369270775707,0.0010474869197955629,0.001162148892879486,0.0014796296805143355
2025-02-25,Promigas,0.012940488530177397,-0.0005239134655407111,-0.00016201139045511696,0.0,0.000259343749298741,0.00306268691588477,0.0003868822008371353,0.0031207565516233444
2025-02-26,Banco Davivienda PF,0.012458208997014324,-0.002423831240080225,-0.00040712107822915913,0.0,-0.0006454253043854547,-0.0006454751584270469,-0.0012246515527367594,0.0017751746624708176
2025-02-26,Banco de Bogota,-0.01701620381239823,-0.002149877314646744,-0.0006819003560447019,0.0,-0.0005811269192441125,-0.0005811775961336867,-0.001081363897770643,0.0006947064101696015
2025-02-26,Celsia,-0.014618198699102764,-0.0001851460781317814,3.9719392083497814e-05,0.0,0.00013322310298107535,0.0012665183998121076,0.0007457945160567759,0.0008963682800531388
2025-02-26,ETB,-0.2682639865946794,0.0008609302340650303,-0.0004942318465916813,0.0,-0.0009340869589497405,-0.0015873499664846478,0.0003514012545347214,0.00042680783942341806
2025-02-26,Ecopetrol,-0.016607753751316824,-0.002380663159719868,0.000830618047663454,0.0,-3.713974719696516e-05,-0.0008028302333733051,-0.00047918555140495287,0.002798843741416931
2025-02-26,Grupo Bolivar,0.026949913269508737,-0.0029687252088491465,-0.0006819003560447019,0.0,-1.6433540269089178e-05,-1.6483532455638907e-05,-0.0010925836674869059,-0.0005248043760657311
2025-02-26,Mineros SA,0.0,-0.0028643485206893216,-0.0014549767057277804,0.0,0.0002840318559088718,0.0003079619071380318,0.0008556756079196929,0.002018264263868332
2025-02-26,Nutresa,0.034786116085415604,-0.00013182095130450443,0.0014785582164982586,0.0,0.0010475369270775707,0.0010474869197955629,0.000915436565876007,0.0031925678402185435
2025-02-26,Promigas,0.0,-0.00021958826732042038,3.9719392083497814e-05,0.0,0.000259343749298741,-0.0018910853809952816,0.0002487206421792507,0.000806921824812889
2025-02-27,Banco Davivienda PF,-0.019231283718467152,0.0002067729720602575,0.001097311956245061,0.0,-0.0006454253043854547,-0.0006454751584270469,-0.0018756141290068625,-0.003338734209537506
2025-02-27,Banco de Bogota,-0.009950425201401443,0.0003774005873663604,0.002064370276618301,0.0,-0.0005811269192441125,-0.0005811775961336867,-8.670748770236965e-05,-0.0009234277158975601
2025-02-27,Celsia,-0.0013395285461114163,0.0015939497101821365,0.0029566739844072753,0.0,0.00013322310298107535,0.0019326760121091342,-0.0011304860636591912,-0.00079634527862072
2025-02-27,ETB,0.12629372532429206,0.015152473338876057,0.02032278437451486,0.0,-0.0009340869589497405,0.07291561493313313,0.01274886929988861,0.02565810537338257
2025-02-27,Ecopetrol,-0.019324273492568496,-0.0008488629118111188,-0.0004400964422596817,0.0,-3.713974719696516e-05,-0.0013969450921283316,0.00015495719015598308,0.0005738069415092468
2025-02-27,Grupo Bolivar,0.027576784217147664,0.0017127401200796955,0.0022691092451625665,0.0,-1.6433540269089178e-05,-1.6483532455638907e-05,-0.0016795644946396352,-0.0062526421546936035
2025-02-27,Mineros SA,0.0,-0.00019432870599949548,2.9194064811301334e-05,0.0,0.0002840318559088718,0.0003079619071380318,0.0007826347351074219,-0.0016405185461044313
2025-02-27,Nutresa,0.012739025777429712,-0.0011354976999936443,-0.0040409482864204585,0.0,0.0010475369270775707,0.0010474869197955629,-0.0006566819921135903,-0.004176982045173645
2025-02-27,Promigas,0.0,0.001951026445736868,0.0028034509688397917,0.0,0.000259343749298741,-0.00015316996477822767,-0.0005015910752117634,-0.0025546723455190656
2025-02-28,Banco Davivienda PF,-0.01960849098038133,-0.00018709343396536646,0.0003156903945098107,0.0,-0.0006454253043854547,-0.0006454751584270469,7.55060128867626e-05,-1.4693167060613605e-05
2025-02-28,Banco de Bogota,-0.02020275879564097,-0.00018191169012948837,0.00020003588120265074,0.0,-0.0005811269192441125,-0.0005811775961336867,-0.001325358398258686,1.6142874956130987e-05
2025-02-28,Celsia,-0.008075418833681465,-0.0005368975388769567,-0.00045629032982072367,0.0,0.00013322310298107535,-0.0010341218258863572,-0.0005343947783112526,-0.0002795760966837406
2025-02-28,ETB,0.0,0.00201487357073213,2.2014019059227977e-05,0.0,-0.0009340869589497405,-0.016741145369366925,-0.003581137984991074,-0.0007468999065458775
2025-02-28,Ecopetrol,0.004866224458328853,-0.0011306139081485945,-0.00040002825425439377,0.0,-3.713974719696516e-05,-0.0016198627636536229,-0.00039376069605350487,0.0015022895336151121
2025-02-28,Grupo Bolivar,-0.05283827330485941,-0.001147916318425115,-0.0004985398962243181,0.0,-1.6433540269089178e-05,-1.6483532455638907e-05,-0.0007709711529314519,-0.0037359541058540344
2025-02-28,Mineros SA,0.0,-0.001380126123960585,-0.0010370837421549133,0.0,0.0002840318559088718,0.0003079619071380318,0.0007520019337534905,-0.0005001852214336395
2025-02-28,Nutresa,0.011745101458282673,-0.001985811891600441,-0.001229366679503801,0.0,0.0010475369270775707,0.0010474869197955629,-0.00012880171835422515,-0.002082735240459442
2025-02-28,Promigas,-0.043802571560719,-0.0006478197457278521,-0.00045629032982072367,0.0,0.000259343749298741,0.00022500172752915423,-0.00046103608608245844,-0.0010738852322101592
2025-03-03,Banco Davivienda PF,-0.020000687090271103,-0.0004541909502463772,-6.61654538042795e-05,0.0,-0.0006454253043854547,-0.0006454751584270469,-0.0003758216314017773,0.0011417098194360735
2025-03-03,Banco de Bogota,0.020202758795640936,-0.0003622757624204161,-6.61654538042795e-05,0.0,-0.0005811269192441125,-0.0005811775961336867,-0.0005114076025784016,0.0012351094186305999
2025-03-03,Celsia,-0.002706386375532051,-0.0007008015953982029,-0.000415618634578213,0.0,0.00013322310298107535,0.0005534109425149145,-0.00012659464031457903,-0.00023974158242344857
2025-03-03,ETB,0.0,0.0011436621901277078,-0.0008456526053491425,0.0,-0.0009340869589497405,0.030378456929240537,0.0043125726282596585,-0.0004969419576227666
2025-03-03,Ecopetrol,-0.049761509559063825,-0.0016048847686215492,-0.0021013416656112823,0.0,-3.713974719696516e-05,0.00036521004637009584,-0.000860036864876747,-0.0007622196078300476
2025-03-03,Grupo Bolivar,0.03317992391213837,0.0009594860741266398,0.0008509394108055704,0.0,-1.6433540269089178e-05,-1.6483532455638907e-05,0.0009425716549158094,0.003200077325105667
2025-03-03,Mineros SA,0.03489788993350396,-0.0018284363805618079,-0.0022936246029601703,0.0,0.0002840318559088718,0.0003079619071380318,0.0004931926727294921,-0.001075781285762787
2025-03-03,Nutresa,0.0,-0.002236614670928151,-0.003369013094319064,0.0,0.0010475369270775707,0.0010474869197955629,1.6396462917327853e-05,-0.003253309428691864
2025-03-03,Promigas,0.043802571560718886,0.0028256532786246212,0.00232641046056397,0.0,0.000259343749298741,0.009838764450092073,0.0021529617235064506,0.003958112895488739
2025-03-04,Banco Davivienda PF,0.0010096128067360014,-0.00022297007762662828,0.0004005460953844313,0.0,-0.0006454253043854547,-0.0006454751584270469,-0.0002978049702942372,0.0019258945584297179
2025-03-04,Banco de Bogota,-0.003338886267801606,-0.00051044090215294,-0.00022140125800081012,0.0,-0.0005811269192441125,-0.0005811775961336867,-0.002119448095560074,-0.0019672403335571293
2025-03-04,Celsia,0.009440411119004155,-0.00039547584330588856,-0.00017915169159721584,0.0,0.00013322310298107535,-0.00019621168822132786,-0.0007001615166664124,-0.0003461229018867016
2025-03-04,ETB,0.0,-0.002769102821653548,-0.0049918801943156675,0.0,-0.0009340869589497405,0.00037864452190304766,0.0020524914786219594,-0.0014581452012062072
2025-03-04,Ecopetrol,-0.03901667126941968,-0.0002310604743838145,0.000449330786273541,0.0,-3.713974719696516e-05,-0.004117543044998631,0.0006103829443454745,0.004513507902622223
2025-03-04,Grupo Bolivar,-0.01093844616450557,-0.0008453590358491451,-0.001886515404866196,0.0,-1.6433540269089178e-05,-1.6483532455638907e-05,-0.002014683470129967,-0.0018138447105884553
2025-03-04,Mineros SA,-0.010889196823066527,-0.0009003592941424988,-0.0014937395705873766,0.0,0.0002840318559088718,-0.00263368100840024,-0.0004702560976147652,-0.000874835167080164
2025-03-04,Nutresa,-0.01682125449014337,-0.002128398970287203,-0.00114451097862918,0.0,0.0010475369270775707,0.0010474869197955629,2.9714822769165082e-05,-0.001942913621664047
2025-03-04,Promigas,-0.020202742251644944,-0.0005039347665309357,-0.001672648089538944,0.0,0.000259343749298741,-0.0071322181625322134,-0.0016892297863960264,-0.002073259174823761
2025-03-05,Banco Davivienda PF,0.00904073334048441,-0.0006848051926386247,-0.0014980296502370863,0.0,-0.0006454253043854547,-0.0006454751584270469,-0.0011836332976818084,-0.0005079179033637047
2025-03-05,Banco de Bogota,0.002004823595899578,-0.0008058863485437789,-0.0014980296502370863,0.0,-0.0005811269192441125,-0.0005811775961336867,-0.0011554372012615203,-0.002380655884742737
2025-03-05,Celsia,0.00134139409020939,-0.0008907490954037935,-0.0016903125875859736,0.0,0.00013322310298107535,-0.0011740879523261635,-0.0013007729649543761,-0.002413394421339035
2025-03-05,ETB,0.0,-0.0006143949016456659,-0.00024290813356802541,0.0,-0.0009340869589497405,-0.003168228179988591,0.00022091886401176463,-0.0025844796895980833
2025-03-05,Ecopetrol,0.02359216397245657,0.000484654590079396,0.0010399232563480633,0.0,-3.713974719696516e-05,-0.0032358213714651137,-4.318834096193316e-05,0.006037808179855347
2025-03-05,Grupo Bolivar,-0.010225418737186406,-0.0008659471032060325,-0.000585382968887094,0.0,-1.6433540269089178e-05,-1.6483532455638907e-05,0.0006576495617628098,-0.0011792934015393258
2025-03-05,Mineros SA,-0.01655985605904728,-0.000506775715188017,-0.00029473250481511736,0.0,0.0002840318559088718,0.0012258434395605075,0.0010132412910461425,0.0006361501067876816
2025-03-05,Nutresa,-0.042095069167053224,-0.0031119622809989865,-0.002901397519957608,0.0,0.0010475369270775707,0.0010474869197955629,0.0004474578052759172,-0.00022926702722907065
2025-03-05,Promigas,0.0,-0.0007077498861569433,-0.0014523412009301122,0.0,0.000259343749298741,0.003102487428070542,0.0014759221710264683,-0.0004979266747832298
2025-03-06,Banco Davivienda PF,0.009950340943050766,-0.0002011196100286302,-0.0008962028787721924,0.0,-0.0006454253043854547,-0.0006454751584270469,-0.001146192342042923,-0.0026045929193496704
2025-03-06,Banco de Bogota,0.0,-0.0004975251855092337,-0.001088485816121081,0.0,-0.0005811269192441125,-0.0005811775961336867,-0.0015350466668605804,-0.0030016955733299256
2025-03-06,Celsia,0.0,-0.0005832219579787292,-0.001088485816121081,0.0,0.00013322310298107535,0.000787828015868435,-0.00048212922364473346,-0.002598199903964996
2025-03-06,ETB,-0.07020425867324857,-0.0030347106525677402,-0.0025258789404085514,0.0,-0.0009340869589497405,0.002260650525350921,0.0011604665517807007,-0.0031543360948562624
2025-03-06,Ecopetrol,0.03562728596914835,-0.0008130662398671467,-0.00130694580004326,0.0,-3.713974719696516e-05,0.0019018610672419,-0.001052638839930296,-0.000832220956683159
2025-03-06,Grupo Bolivar,0.03252105073644484,-0.0005234979253366647,-0.0013645874859835533,0.0,-1.6433540269089178e-05,-1.6483532455638907e-05,-0.00134772564470768,-0.0006674268618226052
2025-03-06,Mineros SA,-0.01683861700844423,-0.00016955054011393798,-0.000830585279938531,0.0,0.0002840318559088718,0.0017038395189721647,0.0010576053187251091,0.0016258049905300141
2025-03-06,Nutresa,-0.0012392672206556854,-0.00010708826690060393,-0.0007784387105306273,0.0,0.0010475369270775707,0.0010474869197955629,0.0013392344266176224,0.004321007370948792
2025-03-06,Promigas,0.02020274225164503,-0.0006015150751681051,-0.001088485816121081,0.0,0.000259343749298741,0.0009334352072819396,-0.0002528691217303276,-0.0016495305001735685
2025-03-07,Banco Davivienda PF,0.018637124822081776,-0.0008150258013559412,-0.0005411989632549837,0.0,-0.0006454253043854547,-0.0006454751584270469,-0.0011327818781137467,-0.0038873742222785947
2025-03-07,Banco de Bogota,0.029597689058994583,-0.0006820195309565765,-0.0005411989632549837,0.0,-0.0005811269192441125,-0.0005811775961336867,-0.0017362812757492068,-0.0032235962748527526
2025-03-07,Celsia,0.008010660337281681,-0.0007738576209016829,-0.0005411989632549837,0.0,0.00013322310298107535,0.00045445756585860765,-0.0007734689265489578,-0.002670265913009644
2025-03-07,ETB,-0.056089466651043585,0.011934536746236556,0.011157481594022373,0.0,-0.0009340869589497405,0.019247139907244932,0.0026773463189601896,0.005309483945369721
2025-03-07,Ecopetrol,0.029558730886878604,-0.0026979129199880447,-0.00411674623546204,0.0,-3.713974719696516e-05,0.0028894634510144503,-0.0014609169214963914,-0.004789198994636536
2025-03-07,Grupo Bolivar,-0.005122113672348397,-0.001052541093609946,-0.0021652469838181966,0.0,-1.6433540269089178e-05,-1.6483532455638907e-05,-0.0018619035109877584,-0.0041266708374023435
2025-03-07,Mineros SA,0.0,-0.00034707043540724606,-0.0013709591570138407,0.0,0.0002840318559088718,0.001727337076374196,-0.0006446161270141601,0.001974904239177704
2025-03-07,Nutresa,0.03567146364213985,-0.0005557277582800279,-0.000595864980853258,0.0,0.0010475369270775707,0.0010474869197955629,-0.0003938694819808006,0.0012268513143062591
2025-03-07,Promigas,0.011363756012761735,-0.00068204314054738,-0.0005834485296585779,0.0,0.000259343749298741,-0.003934683975416257,-0.0010166168957948685,-0.00393691611289978
2025-03-10,Banco Davivienda PF,-0.008784818487028312,-0.0005637885903676788,-0.0006785579195543543,0.0,-0.0006454253043854547,-0.0006454751584270469,-0.00048590879142284383,-0.00267206147313118
2025-03-10,Banco de Bogota,-0.0019461615554468717,-0.0008034307737075086,-0.001308232260923617,0.0,-0.0005811269192441125,-0.0005811775961336867,-0.0011319434866309166,-0.0025518671870231628
2025-03-10,Celsia,-0.006671131791170293,-0.00041129171262276916,-0.00045629032982072367,0.0,0.00013322310298107535,-0.0007238737091475701,-7.099165767431258e-05,-0.0008779811710119247
2025-03-10,ETB,0.0,0.0052007739996032636,0.010913830564947588,0.0,-0.0009340869589497405,0.01935119196036789,0.0037743023335933693,0.007900572061538696
2025-03-10,Ecopetrol,-0.017136299861424037,-0.0023075423818394824,-0.0037235605802382137,0.0,-3.713974719696516e-05,0.0023914776834458224,-0.0003024857938289643,-0.0036285768151283274
2025-03-10,Grupo Bolivar,0.025615235725115523,-0.0005374675371802133,-0.00045629032982072367,0.0,-1.6433540269089178e-05,-1.6483532455638907e-05,-0.00012397781386971475,-0.0008342408537864686
2025-03-10,Mineros SA,-0.00947878431618349,0.00047405558028132795,-0.00016563986574874733,0.0,0.0002840318559088718,0.0003079619071380317,0.0001458329409360885,0.0026993782520294187
2025-03-10,Nutresa,0.00851068966790861,-0.0017559967731074788,-0.004031837602027781,0.0,0.0010475369270775707,0.0010474869197955629,-0.00023371500894427293,-0.0009066979289054872
2025-03-10,Promigas,-0.011363756012761775,0.0007167759996522233,0.000803362261687941,0.0,0.000259343749298741,-0.0030706203388591578,0.0005908487737178802,-0.0014397333562374116
2025-03-11,Banco Davivienda PF,-0.01680717589141921,-0.0005472048644124729,-6.841189829682132e-05,0.0,-0.0006454253043854547,-0.0006454751584270469,0.00011386510357260704,-0.0008700321316719054
2025-03-11,Banco de Bogota,-0.015707235988386754,-0.0005787631118052883,-0.0011733415169957015,0.0,-0.0005811269192441125,-0.0005811775961336867,-0.00046534244716167454,-0.0015571112334728239
2025-03-11,Celsia,-0.009414947379792772,-0.0005388132174939717,-0.0003570448610550234,0.0,0.00013322310298107535,0.001467574634945433,0.0003272858820855618,7.349172979593277e-05
2025-03-11,ETB,0.0,0.0023806747763977128,0.00220917842060123,0.0,-0.0009340869589497405,0.013951451896876103,0.0010535329207777976,0.003457650125026703
2025-03-11,Ecopetrol,-0.022472838233621846,-0.0017585907435055215,-0.001979167794568206,0.0,-3.713974719696516e-05,-0.0014403175979009427,0.0004623123407363892,-0.0008192325085401535
2025-03-11,Grupo Bolivar,-0.00017164091525118485,-0.0009284213915678398,-0.001215591083399296,0.0,-1.6433540269089178e-05,-1.6483532455638907e-05,-0.0013238064199686049,-0.0023972565978765486
2025-03-11,Mineros SA,0.01512328075612294,-0.001608102508787966,-0.0020240216806207485,0.0,0.0002840318559088718,0.0011069557369869528,-0.00020635923743247985,0.0022673063576221465
2025-03-11,Nutresa,-0.004246290881451097,-0.0017974881487199882,-0.001946417866678778,0.0,0.0010475369270775707,0.0010474869197955629,0.0005200903192162514,-0.0011401624977588653
2025-03-11,Promigas,-0.02166143203598511,-0.00045914700150679537,-6.841189829682132e-05,0.0,0.000259343749298741,0.0020629241415428805,0.000602535966783762,0.00016779045760631565
2025-03-12,Banco Davivienda PF,0.02169716605925106,-0.00040883148955428124,-0.00025844839115316665,0.0,-0.0006454253043854547,-0.0006454751584270469,0.00015273930877447126,0.0003336268924176693
2025-03-12,Banco de Bogota,0.01245514724891575,-0.00048386914503633174,-0.0004779096898076265,0.0,-0.0005811269192441125,-0.0005811775961336867,-0.0003464878760278225,-0.00027067118138074874
2025-03-12,Celsia,0.01741506331028755,-0.000564986544880848,-0.000415618634578213,0.0,0.00013322310298107535,0.000697707047079469,-5.673393607139589e-05,0.0001717079468071461
2025-03-12,ETB,0.0,0.0006302401874070718,0.0013358442895839231,0.0,-0.0009340869589497405,0.012998219407951681,0.0008917606547474862,0.0006529352329671383
2025-03-12,Ecopetrol,0.017522368398075253,-0.001559691056430166,-0.0016441924364826164,0.0,-3.713974719696516e-05,-0.0018782340576530719,0.0009257975220680236,0.0010765588283538818
2025-03-12,Grupo Bolivar,-0.009290057909267783,-0.0008197843784680682,-0.0015205482532770927,0.0,-1.6433540269089178e-05,-1.6483532455638907e-05,-0.0004102258123457432,-0.0026098820716142653
2025-03-12,Mineros SA,0.00933708388990233,-0.002382935103681175,-0.0018334072917074115,0.0,0.0002840318559088718,-0.0009668226652448096,-0.0012894242703914642,-0.0008016568422317506
2025-03-12,Nutresa,0.004246290881451004,-0.0025104047151409846,-0.003369013094319064,0.0,0.0010475369270775707,0.0010474869197955629,0.0001786317825317383,-0.0011797665804624557
2025-03-12,Promigas,0.018800161408402863,-0.00017153448685971212,-0.00016752050898517247,0.0,0.000259343749298741,0.005420769245953614,0.0009094768278300762,0.0017550290673971178
2025-03-13,Banco Davivienda PF,0.0029225176911831185,-0.0005209702674226754,-0.00042334176556135605,0.0,-0.0006454253043854547,-0.0006454751584270469,-0.0015654121935367586,-0.0020549994111061097
2025-03-13,Banco de Bogota,-0.0065359408979698864,-0.00033388622034744643,-0.0003810921991577617,0.0,-0.0005811269192441125,-0.0005811775961336867,-0.002014518141746521,-0.001734715759754181
2025-03-13,Celsia,0.0013271523052710101,-0.0004138373173967644,-0.0003894924735641404,0.0,0.00013322310298107535,-0.0026313684670522986,-0.0011460793763399123,-0.0015707590728998185
2025-03-13,ETB,0.0,0.0013110769004565654,0.00024163236238632243,0.0,-0.0009340869589497405,0.005230594745578512,0.00015124763175845146,-0.0005251379460096359
2025-03-13,Ecopetrol,-0.0024844555337003955,-0.0010634895019117085,-0.00012412246898794787,0.0,-3.713974719696516e-05,0.0014037735048624865,-0.0005643100664019585,-0.0014348039180040362
2025-03-13,Grupo Bolivar,0.0,-0.0005729545140614504,-0.0001365102241377341,0.0,-1.6433540269089178e-05,-1.6483532455638907e-05,-0.0012840206772089006,-0.0008718738257884981
2025-03-13,Mineros SA,0.0037106311632722115,-0.0020533218268763047,-0.001154168548840839,0.0,0.0002840318559088718,-0.00047908758865822953,-0.0010919790863990783,-0.0013763651102781296
2025-03-13,Nutresa,0.0,-0.0015240261123046477,-0.001154168548840839,0.0,0.0010475369270775707,0.0010474869197955629,-0.00031893751025199895,-0.0010864873975515367
2025-03-13,Promigas,0.0,-0.00036977063720664406,9.644386341313356e-06,0.0,0.000259343749298741,-0.002653034098986595,-0.0009190696440637112,-0.001029863178730011
2025-03-14,Banco Davivienda PF,0.0019436767863128261,-0.00024135277670627185,7.547347134191411e-05,0.0,-0.0006454253043854547,-0.0006454751584270469,0.00028226312622427945,-0.0009725619256496429
2025-03-14,Banco de Bogota,0.009138307183694428,-0.00010224949298526381,0.0003567881353421305,0.0,-0.0005811269192441125,-0.0005811775961336867,0.00040263615548610684,6.526269763708113e-05
2025-03-14,Celsia,0.007926069744729218,-0.00022571939509257678,7.547347134191411e-05,0.0,0.00013322310298107535,0.001310182241645548,0.0009572188258171082,-0.0003198801428079605
2025-03-14,ETB,0.0,0.0010174526349428887,0.0009661324067898699,0.0,-0.0009340869589497405,0.002350943889564293,0.001678432583808899,-0.000137096606194973
2025-03-14,Ecopetrol,0.03423313614240782,-0.0013037573232412348,-0.0006976028783411628,0.0,-3.713974719696516e-05,-0.00023798692034721582,0.0009794402569532395,-0.00011497123539447782
2025-03-14,Grupo Bolivar,-0.0021358374553761368,-0.00017820335747735763,7.547347134191411e-05,0.0,-1.6433540269089178e-05,-1.6483532455638907e-05,-0.0001809130646288395,0.0002886259295046329
2025-03-14,Mineros SA,-0.005571122844161133,-0.0020581209539289815,-0.0006976028783411628,0.0,0.0002840318559088718,-4.817802306116594e-06,-0.00017455012351274497,-0.00016391216218471525
2025-03-14,Nutresa,0.0,-0.0011311086087197777,-0.0006976028783411628,0.0,0.0010475369270775707,0.0010474869197955629,0.0014935535192489625,0.0002999658696353436
2025-03-14,Promigas,-0.010079217902595158,-0.00019106445418525563,7.547347134191411e-05,0.0,0.000259343749298741,-0.00031897057477651503,0.0013040018528699877,-0.0001764553114771843
2025-03-17,Banco Davivienda PF,0.004842629255479896,-0.00043632261756945234,-0.00045629032982072367,0.0,-0.0006454253043854547,-0.0006454751584270469,-6.308969855308532e-05,-0.0007682623714208602
2025-03-17,Banco de Bogota,-0.01571731717649769,-0.000545746942592812,-0.00045629032982072367,0.0,-0.0005811269192441125,-0.0005811775961336867,-0.0010809923857450486,-0.0009170481637120248
2025-03-17,Celsia,0.023408038019001695,-0.00047194013376049835,-0.00045629032982072367,0.0,0.00013322310298107535,-0.00017600480984159215,-0.00011039186269044878,-0.0007295862436294555
2025-03-17,ETB,0.0,-0.0006001155139688066,-0.0011720637059799948,0.0,-0.0009340869589497405,0.0014454912204994862,0.0003186901807785035,-0.0004422609657049178
2025-03-17,Ecopetrol,0.01904819497069441,-0.0025752257532783126,-0.0036328663271776814,0.0,-3.713974719696516e-05,0.0027750594846397427,-0.000742910798639059,-0.002830857872962952
2025-03-17,Grupo Bolivar,-0.008588597635923557,-0.0003991320933379248,-0.00045629032982072367,0.0,-1.6433540269089178e-05,-1.6483532455638907e-05,-0.00036961907148361207,0.000581953376531601
2025-03-17,Mineros SA,0.02392024835981739,-0.0026260946832373944,-0.001229366679503801,0.0,0.0002840318559088718,0.0007775677795087382,-0.000526772916316986,0.000762109886854887
2025-03-17,Nutresa,0.05762911283663642,-0.001890887748796365,-0.001229366679503801,0.0,0.0010475369270775707,0.0010474869197955629,0.0007719377130270004,0.0007033486776053905
2025-03-17,Promigas,0.0,-0.00010080833856178364,0.0004679702551065219,0.0,0.000259343749298741,0.002382168732958607,0.0003718228191137314,0.001100143924355507
2025-03-18,Banco Davivienda PF,-0.019512833624893255,4.6107338420741074e-05,0.0002980635079896163,0.0,-0.0006454253043854547,-0.0006454751584270469,-0.00033420991152524946,0.00045157459005713466
2025-03-18,Banco de Bogota,0.0032948116899594207,0.00030696890355355974,0.000877761294971264,0.0,-0.0005811269192441125,-0.0005811775961336867,-6.3846074044704396e-06,0.0020415742099285125
2025-03-18,Celsia,-0.0012861855965937313,-6.982468179382166e-05,0.0002558139415860219,0.0,0.00013322310298107535,-0.001682593414681855,-0.00019643639773130414,-0.0004668780826032161
2025-03-18,ETB,0.0,0.0006301425269299333,-0.0004177098681696531,0.0,-0.0009340869589497405,0.000159164788197331,0.0010877964049577713,0.0007876749746501446
2025-03-18,Ecopetrol,-0.004728175013324906,-0.0009245790652292144,0.00010784109609914698,0.0,-3.713974719696516e-05,0.001528982867987879,0.00025056585669517515,-0.0015497903227806092
2025-03-18,Grupo Bolivar,-0.0010784749121815914,1.3409463280877792e-05,0.0007621067816641045,0.0,-1.6433540269089178e-05,-1.6483532455638907e-05,-0.00046397402510046953,0.0025519258975982666
2025-03-18,Mineros SA,0.0,-0.0017624179502538384,-0.0010841258863696817,0.0,0.0002840318559088718,-0.00170834421508452,-0.0010762358605861664,0.0002380225658416748
2025-03-18,Nutresa,-0.019386713800190095,-0.002311638543747063,-0.0040022468484270275,0.0,0.0010475369270775707,0.0010474869197955629,-5.959390103816983e-05,-0.0010428299903869629
2025-03-18,Promigas,-0.0014482060712376528,3.764653050550327e-05,0.0002980635079896163,0.0,0.000259343749298741,0.0007766933213482322,0.0002255143672227859,0.0018375048339366914
2025-03-19,Banco Davivienda PF,0.01661001185594408,0.00017906751827680552,0.0008788662621969815,0.0,-0.0006454253043854547,-0.0006454751584270469,0.0005781439170241356,0.0019531646370887757
2025-03-19,Banco de Bogota,0.0,2.7626721202950184e-05,-0.0003832335999269446,0.0,-0.0005811269192441125,-0.0005811775961336867,-0.0004561370089650154,0.0005534334145486355
2025-03-19,Celsia,-0.001287842000654344,-6.973509068524146e-05,-0.0003832335999269446,0.0,0.00013322310298107535,0.0023310114328021947,0.001048907294869423,-0.0003922251611948013
2025-03-19,ETB,0.0,0.0008336572707151859,-0.001099006976086215,0.0,-0.0009340869589497405,-0.0005821915919271727,0.001273723289370537,0.0001043231338262558
2025-03-19,Ecopetrol,0.009434032550892726,-0.0007565728103108875,-0.001640444228769929,0.0,-3.713974719696516e-05,-0.0004221065916894077,0.0008755690306425093,-0.0007411637157201767
2025-03-19,Grupo Bolivar,0.00752732386750177,0.00016774168740739092,-0.0002834333986470956,0.0,-1.6433540269089178e-05,-1.6483532455638907e-05,-0.00036608382686972613,0.0014255641102790832
2025-03-19,Mineros SA,-0.05994295438574006,0.0003242209086998516,0.001330921482812358,0.0,0.0002840318559088718,0.0003079619071380317,0.0008214634209871291,0.0003255689330399036
2025-03-19,Nutresa,-0.003267976764616111,-0.00040038298781573244,0.0006970441247128904,0.0,0.0010475369270775707,0.0010474869197955629,0.00238163261115551,0.0011523976922035218
2025-03-19,Promigas,-0.005814047650230032,3.9200920562336196e-05,-0.0003832335999269446,0.0,0.000259343749298741,0.0007424713954467532,0.0010315147787332535,0.0012781673967838286
2025-03-20,Banco Davivienda PF,-0.015625254144604816,-0.000383882748266616,-0.0008995993848251096,0.0,-0.0006454253043854547,-0.0006454751584270469,-0.0008672059252858161,-0.0013693641722202301
2025-03-20,Banco de Bogota,0.0006577722040866031,-0.00017743733301026562,-0.000677331795091479,0.0,-0.0005811269192441125,-0.0005811775961336867,-0.0006220576241612434,-0.00029461947456002233
2025-03-20,Celsia,-0.007762010310823532,-0.0003244378327180176,-0.000677331795091479,0.0,0.00013322310298107535,0.0005468055273008252,0.00014246185123920437,-0.0005531007051467895
2025-03-20,ETB,0.0,-0.000450728259762762,-0.0013931051712507503,0.0,-0.0009340869589497405,-0.0009059847231734364,0.0001372658014297486,-0.0007966362684965134
2025-03-20,Ecopetrol,-0.01418460149211151,-0.0015936706048239825,-0.0008591539325755696,0.0,-3.713974719696516e-05,0.0007400444819555149,-0.0001861572638154029,-0.0020845887362957
2025-03-20,Grupo Bolivar,-0.006448848955320175,-0.00037112292328128426,-0.000677331795091479,0.0,-1.6433540269089178e-05,-1.6483532455638907e-05,-0.0009031814262270927,-0.0003128787726163864
2025-03-20,Mineros SA,-0.03536734971009767,0.005093043486286594,0.005280069688110481,0.0,0.0002840318559088718,0.005360724909177259,0.003057923823595047,0.0077756611108779905
2025-03-20,Nutresa,-0.06055302045188687,-0.002020846588671583,-0.00252579663613345,0.0,0.0010475369270775707,0.0010474869197955629,0.0007092671245336532,0.0008613187223672868
2025-03-20,Promigas,-0.011730337443432368,-0.0003152811553967858,-0.000677331795091479,0.0,0.000259343749298741,0.001685035066472221,1.682987809181215e-05,0.0009058646410703659
2025-03-21,Banco Davivienda PF,0.0,-0.0008239886442509923,-0.0001735926902785462,0.0,-0.0006454253043854547,-0.0006454751584270469,-0.0005454684607684613,-0.0013849104195833206
2025-03-21,Banco de Bogota,0.0,-0.0009859428147607032,-0.0014356925524024722,0.0,-0.0005811269192441125,-0.0005811775961336867,-0.0016169267296791076,-0.0025708128511905673
2025-03-21,Celsia,0.0,-0.0008729433466229177,-0.00044806416091675683,0.0,0.00013322310298107535,0.0006518947835694944,-0.00047332356497645385,-0.001702454581856728
2025-03-21,ETB,0.0,-0.0010733660629928443,-0.0021514659285617427,0.0,-0.0009340869589497405,-0.0011665241442530485,-0.0004887341260910033,-0.0030558008551597594
2025-03-21,Ecopetrol,0.0,-0.0005576700897597022,0.0013833921490357102,0.0,-3.713974719696516e-05,-0.0011981011628276706,2.0015150308608968e-05,-0.0020360848903656003
2025-03-21,Grupo Bolivar,0.0,-6.837045036566135e-05,0.000444330917293259,0.0,-1.6433540269089178e-05,-1.6483532455638907e-05,-0.001049938265234232,-0.0014612146764993667
2025-03-21,Mineros SA,0.0,0.0011827389713564352,0.002141601116323322,0.0,0.0002840318559088718,0.0032891769294305646,0.0004843547157943249,0.007084842860698699
2025-03-21,Nutresa,0.0,0.009212636182473767,0.004349875956275241,0.0,0.0010475369270775707,0.0010474869197955629,0.0016405753046274184,0.006870153605937956
2025-03-21,Promigas,0.0,-0.0006072724106249182,0.00012945437754916585,0.0,0.000259343749298741,0.0031775267019405295,-0.0002868193313479423,-0.00023017446324229235
2025-03-24,Banco Davivienda PF,0.0,-0.00034033090421961207,0.00010863681765850053,0.0,-0.0006454253043854547,-0.0006454751584270469,-0.0006197167858481408,-0.0004754499308764934
2025-03-24,Banco de Bogota,0.0,-0.00044284658237585945,-0.00033568054968768674,0.0,-0.0005811269192441125,-0.0005811775961336867,-0.0007123700007796287,-0.0016206376552581787
2025-03-24,Celsia,0.0,-0.0002239382473044713,-0.00017880135712385436,0.0,0.00013322310298107535,-0.0005868035041167592,0.0003108064532279968,-1.7867863178253162e-05
2025-03-24,ETB,0.0,-0.0003806727080156461,-0.0006071365585007692,0.0,-0.0009340869589497405,-0.0013375103978716485,-0.0001679717302322387,-0.0011561443805694581
2025-03-24,Ecopetrol,0.0,-0.0001568188100872783,0.00010863681765850053,0.0,-3.713974719696516e-05,-3.41124429523148e-05,0.00036729137971997265,0.0007271606475114823
2025-03-24,Grupo Bolivar,0.0,-0.0005956436433104921,-0.00033568054968768674,0.0,-1.6433540269089178e-05,-1.6483532455638907e-05,-0.0003126944191753865,-0.000937161684036255
2025-03-24,Mineros SA,0.0,0.0013534361753165885,0.0005566550261946472,0.0,0.0002840318559088718,0.0003079619071380317,0.0009139806032180786,0.004678291618824005
2025-03-24,Nutresa,0.0,-6.942129364703774e-05,0.0003827297823971158,0.0,0.0010475369270775707,0.0010474869197955629,0.0005731122195720672,0.0029291340857744213
2025-03-24,Promigas,0.0,-0.0004593450472578699,-0.00033568054968768674,0.0,0.000259343749298741,0.000949763809309477,0.00023558618873357776,-5.3208991885185236e-05
2025-03-25,Banco Davivienda PF,-0.011881380236110413,-0.0003495335495281787,-0.00017880135712385436,0.0,-0.0006454253043854547,-0.0006454751584270469,-0.0004796020463109016,0.0005254840813577175
2025-03-25,Banco de Bogota,0.028517789168113032,-0.0005118104684074348,-0.00033568054968768674,0.0,-0.0005811269192441125,-0.0005811775961336867,-0.0010248050540685653,-0.000677692472934723
2025-03-25,Celsia,0.011620571356018907,-0.0001887129429271191,-0.00017880135712385436,0.0,0.00013322310298107535,1.140803918912808e-05,8.569187670946118e-05,0.0016130224615335466
2025-03-25,ETB,-0.03922071315328127,-0.0003495273840974376,-0.0006071365585007692,0.0,-0.0009340869589497405,-0.0014277319092627948,-0.0005645105242729188,0.0004565068446099758
2025-03-25,Ecopetrol,0.009478743954543739,-0.00022174502870364368,-0.00017880135712385436,0.0,-3.713974719696516e-05,-3.4112442952314816e-05,0.00023546551540493967,0.0033636524826288227
2025-03-25,Grupo Bolivar,0.004035249830160542,-0.0005079015832333438,-0.00033568054968768674,0.0,-1.6433540269089178e-05,-1.6483532455638907e-05,-0.00021155521273612978,-0.00048377353698015213
2025-03-25,Mineros SA,0.050693159616772066,0.0011563478950007082,7.083928114390521e-05,0.0,0.0002840318559088718,0.0003079619071380318,6.538472324609756e-05,0.004257460474967957
2025-03-25,Nutresa,0.0589150184476484,0.0002585775738753371,-0.00012635156110510034,0.0,0.0010475369270775707,0.0010474869197955629,0.0005862334333360194,0.0014883043318986895
2025-03-25,Promigas,0.0029455496872213415,-0.00046649548306980165,-0.00033568054968768674,0.0,0.000259343749298741,0.00046500094035483884,-6.367310136556626e-05,0.0004949645437300205
2025-03-26,Banco Davivienda PF,0.004967725232353081,-0.0003747552368270775,4.350702311218024e-05,0.0,-0.0006454253043854547,-0.0006454751584270469,0.0006194589547812939,0.0025053733587265016
2025-03-26,Banco de Bogota,-0.008986006998302803,-0.0007227744779097321,-0.00046278581696590157,0.0,-0.0005811269192441125,-0.0005811775961336867,-0.0005742115676403046,-0.00042814685776829716
2025-03-26,Celsia,-0.002570719044540997,-0.0005178718952084438,-0.0004205362505623073,0.0,0.00013322310298107535,-0.0010135198453559587,0.00030062154680490495,0.0015846814960241318
2025-03-26,ETB,0.0,0.009861052302436037,0.007106156097352235,0.0,-0.0009340869589497405,0.009405197312491615,0.0037527894377708433,0.004479777514934539
2025-03-26,Ecopetrol,0.01405172026743205,-0.000529471236994524,-0.0004205362505623073,0.0,-3.713974719696516e-05,0.0007437135007523078,7.89820924401283e-05,0.002065721035003662
2025-03-26,Grupo Bolivar,0.006155680825424276,-0.0005517986647395133,-0.0004205362505623073,0.0,-1.6433540269089178e-05,-1.6483532455638907e-05,6.855770200490951e-05,0.0013964597582817077
2025-03-26,Mineros SA,0.020696896119248135,-0.0005333796664803644,-0.001852301333776634,0.0,0.0002840318559088718,-0.003965109448668025,-0.0005872540473937989,0.0005915063917636871
2025-03-26,Nutresa,0.0,0.0004409687734787628,0.0002643866276820629,0.0,0.0010475369270775707,0.0010474869197955629,-0.0005794115960597991,-0.00024650247395038605
2025-03-26,Promigas,-0.011834454786421096,-0.0004612242272202688,-0.0004205362505623073,0.0,0.000259343749298741,-0.00028143763335668746,0.0008569656610488892,0.0016735077798366547
2025-03-27,Banco Davivienda PF,0.014756800336489117,-0.00031958865922741413,-0.00014339761233879948,0.0,-0.0006454253043854547,-0.0006454751584270469,-0.0009397712945938112,0.001159936487674713
2025-03-27,Banco de Bogota,-0.018217879379663942,-0.0003913859301362366,0.0001283627239868007,0.0,-0.0005811269192441125,-0.0005811775961336867,0.0001687018238008022,0.0006107094064354897
2025-03-27,Celsia,0.0038535388697548156,-0.0005111209919297797,-0.00033568054968768674,0.0,0.00013322310298107535,0.0013971480302351637,0.00011447625979781151,0.0015654319971799852
2025-03-27,ETB,-0.07257069283483537,0.009973726055521204,0.007913563635227851,0.0,-0.0009340869589497405,0.0013859465029629025,0.0010353404581546787,0.002473939955234528
2025-03-27,Ecopetrol,0.011560806379177132,-0.0005088162699672623,-0.00033568054968768674,0.0,-3.713974719696516e-05,0.001118972040614666,-0.0003852541632950306,0.0002495128214359284
2025-03-27,Grupo Bolivar,0.007177915068832033,-0.0004100572479976049,-0.00033568054968768674,0.0,-1.6433540269089178e-05,-1.6483532455638907e-05,-0.00041283026710152627,0.0007247943580150605
2025-03-27,Mineros SA,0.038360957334727844,-0.0004966381764160349,-0.0003779301160912811,0.0,0.0002840318559088718,-0.0014366386391651068,0.0003139205276966095,-0.0009583572894334792
2025-03-27,Nutresa,0.0,0.0006919222352747132,0.003750064910898263,0.0,0.0010475369270775707,0.0010474869197955629,0.0012432034090161322,2.5540184229612346e-05
2025-03-27,Promigas,0.0014869685279398353,-0.00026039172677479996,0.0002208454600558386,0.0,0.000259343749298741,0.002772276785631595,0.00044719397276639936,0.0025126354396343233
2025-03-28,Banco Davivienda PF,-0.01376618965503931,-2.0295571924637682e-05,-0.0003832335999269446,0.0,-0.0006454253043854547,-0.0006454751584270469,-0.0003751461654901505,-0.0007703350335359572
2025-03-28,Banco de Bogota,0.014605668323492993,0.00012284669958466913,0.0006594049635425216,0.0,-0.0005811269192441125,-0.0005811775961336867,0.0007361700385808944,0.002023658961057663
2025-03-28,Celsia,0.010204198527620183,-6.471749561881089e-06,-0.0003832335999269446,0.0,0.00013322310298107535,-0.00026828463953124424,0.00024547365307807926,0.0007846962809562683
2025-03-28,ETB,0.0,0.01687180547532905,0.02202354199518181,0.0,-0.0009340869589497405,0.02464977200562054,0.004654756903648376,0.009583030223846434
2025-03-28,Ecopetrol,-0.01622278629676997,2.1888789952634557e-05,-0.0003832335999269446,0.0,-3.713974719696516e-05,0.0009145675904986702,0.00012726713716983796,-0.0007815927565097809
2025-03-28,Grupo Bolivar,-0.011992196471619901,0.0011222589284291707,0.000680493213828109,0.0,-1.6433540269089178e-05,-1.6483532455638907e-05,5.192822962999347e-05,0.0003626849539577961
2025-03-28,Mineros SA,-0.014440708974910227,-0.00041519208515827647,-0.0020072816204901567,0.0,0.0002840318559088718,-0.0029255928605567095,-0.00025961537659168236,-0.002611810073256493
2025-03-28,Nutresa,0.012220111334775397,-0.00022355671658847318,-0.0003832335999269446,0.0,0.0010475369270775707,0.0010474869197955629,0.0014926434904336929,0.0005774407535791397
2025-03-28,Promigas,-0.00446755529438167,3.631354224573047e-08,-0.0003832335999269446,0.0,0.000259343749298741,0.000538015662881028,0.0006304644830524922,0.0011759016811847688
2025-03-31,Banco Davivienda PF,0.014742296502885386,7.823153173970127e-05,0.0007216960187719354,0.0,-0.0006454253043854547,-0.0006454751584270469,-4.270776733756065e-05,0.0003952173292636871
2025-03-31,Banco de Bogota,-0.008488523146124919,-2.6901483988808217e-05,-0.0003832335999269446,0.0,-0.0005811269192441125,-0.0005811775961336867,-0.0010655994117259979,-0.0011208994090557097
2025-03-31,Celsia,0.0,-1.1660197834570615e-05,-0.0003832335999269446,0.0,0.00013322310298107535,-0.0007182878245738399,-0.0003227425515651703,-0.0010116458535194396
2025-03-31,ETB,0.0,0.0015858504503060093,0.0012153748677410164,0.0,-0.0009340869589497405,0.0069585338666127835,0.0008973534107208252,0.003864422559738159
2025-03-31,Ecopetrol,0.020448670618138647,0.00023056985657185717,0.0008788662621969815,0.0,-3.713974719696516e-05,-0.0013653546540845932,0.0003885490149259567,0.000773035429418087
2025-03-31,Grupo Bolivar,0.0037465276534906114,7.848884987410821e-05,0.0007216960187719354,0.0,-1.6433540269089178e-05,-1.6483532455638907e-05,1.0767042636871293e-05,0.0011245837807655336
2025-03-31,Mineros SA,0.02690747727540231,0.001345212196782763,0.0017854228325269873,0.0,0.0002840318559088718,0.0015252105526102025,0.0010664337575435638,-0.0005509614050388335
2025-03-31,Nutresa,0.01207258123426924,-2.5477415029435193e-05,-0.0003832335999269446,0.0,0.0010475369270775707,0.0010474869197955629,0.0007367228120565414,-0.00119741490483284
2025-03-31,Promigas,0.0,0.0001564815763856566,-0.0003832335999269446,0.0,0.000259343749298741,0.0013475476043072606,0.00027120442688465115,0.0007362630218267442
2025-04-01,Banco Davivienda PF,0.013566093306847183,1.4315247923575456e-05,0.0003338175872480326,0.0,-0.0006454253043854547,-0.0006454751584270469,-0.0008377191200852393,-0.0012155985981225966
2025-04-01,Banco de Bogota,0.0006554907110458104,9.988059368391927e-05,0.0007978608609225207,0.0,-0.0005811269192441125,-0.0005811775961336867,0.0006703318059444427,0.00010964705795049669
2025-04-01,Celsia,0.011356628188444124,2.2141962685803558e-05,0.0003338175872480326,0.0,0.00013322310298107535,0.0010534272128928442,0.000451095748692751,-0.0003400261178612709
2025-04-01,ETB,0.09237332013101507,0.0019669699136929016,0.0032795495315241,0.0,-0.0009340869589497405,0.010855594677012071,0.001356874629855156,0.001662707671523094
2025-04-01,Ecopetrol,0.004807667097847538,8.565996535661647e-06,0.00029156802084443834,0.0,-3.713974719696516e-05,0.0016439059313528804,-0.0005979000814259052,-0.0013325585275888445
2025-04-01,Grupo Bolivar,0.008775467329694428,0.0008322013854582605,0.001397544401003084,0.0,-1.6433540269089178e-05,-1.6483532455638907e-05,-0.0005815107002854347,0.0005749211758375168
2025-04-01,Mineros SA,0.04329681600686035,-5.133219668155972e-05,0.00029156802084443834,0.0,0.0002840318559088718,-0.0019601462808645793,-0.0009925284385681153,-0.0017584061026573179
2025-04-01,Nutresa,-0.013855546290440807,0.00012350080213466982,0.0003338175872480326,0.0,0.0010475369270775707,0.0010474869197955629,0.000792251005768776,-0.0011782688647508622
2025-04-01,Promigas,-0.007490731017128816,2.9576620480001407e-05,0.0003338175872480326,0.0,0.000259343749298741,0.0005515589911800101,4.987303167581564e-06,0.00041181729733943945
2025-04-02,Banco Davivienda PF,-0.003857269573871004,9.624458475234543e-05,0.0003338175872480326,0.0,-0.0006454253043854547,-0.0006454751584270469,-0.00010668405890464781,0.0005798433721065521
2025-04-02,Banco de Bogota,0.03793463248461508,0.00010361767598460082,0.0003338175872480326,0.0,-0.0005811269192441125,-0.0005811775961336867,0.0006469894759356976,0.0017875531315803528
2025-04-02,Celsia,0.008744606146658907,6.0783647808712445e-05,0.0003338175872480326,0.0,0.00013322310298107535,-0.0008656788724805884,0.0005327157750725747,0.0012471998631954193
2025-04-02,ETB,0.0,-0.003151487421760014,-0.0032489655266400327,0.0,-0.0009340869589497405,-0.02028699474501578,4.435725137591361e-05,-0.0018358466029167176
2025-04-02,Ecopetrol,-0.002400944343840851,0.00011952408014568672,0.0003338175872480326,0.0,-3.713974719696516e-05,0.00036040482804204963,0.0006185899376869202,0.0008694039732217787
2025-04-02,Grupo Bolivar,0.01810366437333287,0.0008458992174112926,0.001397544401003084,0.0,-1.6433540269089178e-05,-1.6483532455638907e-05,0.000327744111418724,0.0019634658694267274
2025-04-02,Mineros SA,-0.017094588892322838,0.00011680805203729312,-0.0012902304333151813,0.0,0.0002840318559088718,-0.0033416504996472947,-0.00030369574576616284,-0.000489980150014162
2025-04-02,Nutresa,0.01193370072774222,0.00012897083748987094,0.0007978608609225207,0.0,0.0010475369270775707,0.0010474869197955629,0.00206087076663971,0.002820969045162201
2025-04-02,Promigas,0.001502690881341833,0.0003323727140427471,0.0007149324525280988,0.0,0.000259343749298741,0.002008339937397857,0.0011019435375928877,0.002669813752174377
2025-04-03,Banco Davivienda PF,0.03232212224567287,-0.00021974961291080245,-0.00023066242269991936,0.0,-0.0006454253043854547,-0.0006454751584270469,-0.00043930657953023916,0.0007641733288764953
2025-04-03,Banco de Bogota,-0.00632922178403954,-0.0004402811280191324,-0.001854710443263133,0.0,-0.0005811269192441125,-0.0005811775961336867,-0.0017361511290073395,-0.0015079101622104646
2025-04-03,Celsia,-0.003738356254687891,-0.00014349676591626407,-0.00023066242269991936,0.0,0.00013322310298107535,0.00011570240044287178,-0.0002953887805342674,0.00036445032060146334
2025-04-03,ETB,0.0,-0.002284377532937629,-0.0021730988595336067,0.0,-0.0009340869589497405,-0.005403578244504274,0.0017738548964262011,-0.0019225925505161287
2025-04-03,Ecopetrol,-0.03922069751014317,-0.0003498526373408185,-0.00023066242269991936,0.0,-3.713974719696516e-05,-0.00023113399021492144,-0.00044696602597832683,0.0008414433300495148
2025-04-03,Grupo Bolivar,-0.004430160581154451,-0.00024670382051764414,-0.00023906269710629802,0.0,-1.6433540269089178e-05,-1.6483532455638907e-05,-0.000746087908744812,-6.527796387672418e-06
2025-04-03,Mineros SA,0.017094588892322838,7.117832117483677e-05,0.00012957406562726835,0.0,0.0002840318559088718,0.001748913678289763,0.0006891568638384342,0.0011872782111167907
2025-04-03,Nutresa,0.0,0.0007110709578258656,0.0008330643910551328,0.0,0.0010475369270775707,0.0010474869197955629,-0.00014440402016043663,0.0013356156647205352
2025-04-03,Promigas,0.005988040135786884,-0.00012810675630090207,-0.00023066242269991936,0.0,0.000259343749298741,0.00036836123841691793,-0.0002117096707224846,0.0018401678055524825
2025-04-04,Banco Davivienda PF,-0.009398479275525607,-0.00018361319899113504,-0.0013259845125735978,0.0,-0.0006454253043854547,-0.0006454751584270469,-0.0012269995659589766,-0.0017853723764419556
2025-04-04,Banco de Bogota,-0.02964144423056607,-5.754906006163795e-05,0.0005793781719898329,0.0,-0.0005811269192441125,-0.0005811775961336867,0.0009321498200297356,-0.00021683761849999433
2025-04-04,Celsia,0.0024937258385414134,-8.911331957054333e-05,0.0002980635079896163,0.0,0.00013322310298107535,0.0014455353627991485,0.0006575114689767361,0.0009122233986854553
2025-04-04,ETB,0.0,-0.0028803534824552272,-0.005651432868339137,0.0,-0.0009340869589497405,-0.01332758430281888,0.0016987126171588898,-0.0009149719029664993
2025-04-04,Ecopetrol,-0.0356272682598824,0.001183254741984121,0.0017643747879607656,0.0,-3.713974719696516e-05,-0.0032525637694022563,0.0013889461308717727,0.004845804870128631
2025-04-04,Grupo Bolivar,-0.01685585844983951,-6.462800193756875e-05,0.0002980635079896163,0.0,-1.6433540269089178e-05,-1.6483532455638907e-05,0.0001565476134419441,0.0008585341423749924
2025-04-04,Mineros SA,-0.03448614993621662,-8.470959607141218e-05,0.0002896632335832376,0.0,0.0002840318559088718,-0.0011329898640136994,-0.0005556945353746415,-0.00017693290114402776
2025-04-04,Nutresa,0.0,2.9447635828440352e-05,0.0002980635079896163,0.0,0.0010475369270775707,0.0010474869197955629,0.0010362282246351242,0.001324136584997177
2025-04-04,Promigas,-0.02876808278852697,-5.7599779898214825e-05,0.0002980635079896163,0.0,0.000259343749298741,-0.0009645146981617542,0.0004264240711927414,0.0007676783055067061
2025-04-07,Banco Davivienda PF,0.014995533731074253,-0.0005108580068074478,0.0007810030799312092,0.0,-0.0006454253043854547,-0.0006454751584270469,-0.0004651550203561783,-0.002488011360168457
2025-04-07,Banco de Bogota,-0.012504145554007886,-0.00030694173502123054,0.0010969224485083832,0.0,-0.0005811269192441125,-0.0005811775961336867,-0.000542495995759964,0.0017266784608364106
2025-04-07,Celsia,0.0037290627719777296,-0.0005405870177652951,-0.00032392653876767044,0.0,0.00013322310298107535,-0.00034028426436062323,-0.001201478824019432,-0.0014074626676738263
2025-04-07,ETB,0.0,-0.0021624317088680344,-0.0008578777774428493,0.0,-0.0009340869589497405,-0.007348197021653207,-1.6395740211009923e-05,-0.002945852667093277
2025-04-07,Ecopetrol,0.005168003470755776,0.0025192942964527665,0.003524327771473938,0.0,-3.713974719696516e-05,-0.0029576868836963138,1.8210791051387863e-05,0.006221321806311607
2025-04-07,Grupo Bolivar,0.0,-0.00040531022160884833,0.0009381733233562549,0.0,-1.6433540269089178e-05,-1.6483532455638907e-05,-0.0004904811270534992,0.0009806378483772278
2025-04-07,Mineros SA,0.013937362006516728,0.0007121784273780113,0.0018346733617031208,0.0,0.0002840318559088718,0.0032148980811405855,0.0011412370949983597,0.0025294920802116394
2025-04-07,Nutresa,-0.033083763636116696,-0.0006490375871784523,-0.00032392653876767044,0.0,0.0010475369270775707,0.0010474869197955629,-0.0004937814064323902,-0.0006679665036499501
2025-04-07,Promigas,0.015244234728814914,-2.110259142700923e-05,0.001416183948442692,0.0,0.000259343749298741,0.0063084088042216335,0.00026084883511066437,0.0025018835067749023
2025-04-08,Banco Davivienda PF,-0.023530522238234347,-0.00048457710724192284,-8.990877108045007e-05,0.0,-0.0006454253043854547,-0.0006454751584270469,-0.0016492110490798951,-0.0042986864447593694
2025-04-08,Banco de Bogota,-0.02006755837041813,-0.00015320565684989165,0.000900261897329953,0.0,-0.0005811269192441125,-0.0005811775961336867,-0.0012088274061679842,0.0005971867442131044
2025-04-08,Celsia,0.0,-0.00045934338171243734,-8.990877108045007e-05,0.0,0.00013322310298107535,-0.00018823010986734377,-0.0006183364018797874,-0.0023652783632278442
2025-04-08,ETB,0.0,-0.0012687428382203833,-0.0006238600097556292,0.0,-0.0009340869589497405,-0.003666108821343189,-0.00018354215472936628,-0.003444414913654327
2025-04-08,Ecopetrol,-0.06936114015258549,0.0003601001109754735,0.0008613108997580577,0.0,-3.713974719696516e-05,0.0003899740389683662,-0.001382856447249651,0.001289585292339325
2025-04-08,Grupo Bolivar,-0.018226177665888656,-0.00047259901602692103,-8.990877108045007e-05,0.0,-1.6433540269089178e-05,-1.6483532455638907e-05,-0.0006463172547519207,-0.0007470155768096447
2025-04-08,Mineros SA,-0.013937362006516804,-0.00017283268802774422,0.0004362186236554651,0.0,0.0002840318559088718,-0.0008668581832996161,-0.0023726641535758972,-0.0016115480959415437
2025-04-08,Nutresa,0.010712916629770752,0.0008990568789783563,0.0022267612142699267,0.0,0.0010475369270775707,0.0010474869197955629,0.0005841267183423043,0.002602928847074508
2025-04-08,Promigas,0.01352384805971202,-0.0003871475148315255,0.0004362186236554651,0.0,0.000259343749298741,-0.0016861107675233422,-0.0017723675072193145,-0.0017601281702518464
2025-04-09,Banco Davivienda PF,0.01418465002865698,-0.0005758677073042752,-0.0003372848432940532,0.0,-0.0006454253043854547,-0.0006454751584270469,-0.0004157011285424232,-0.0023974078744649885
2025-04-09,Banco de Bogota,0.018078716595295863,-0.0010132744342108149,-0.0002359297881131604,0.0,-0.0005811269192441125,-0.0005811775961336867,-0.001025456789880991,0.0002666491866111755
2025-04-09,Celsia,0.00987665052698929,-0.001375063343215248,-0.0016903125875859736,0.0,0.00013322310298107535,0.0005007425467627334,-0.001377866148948669,-0.0036109637618064877
2025-04-09,ETB,0.0,-0.0018040536709837706,-0.002224263826261152,0.0,-0.0009340869589497405,-0.0037248088138001007,-0.0019908441863954068,-0.004765619099140167
2025-04-09,Ecopetrol,0.05899835675680129,0.010748465716320432,0.0099240011422051,0.0,-3.713974719696516e-05,-0.005725889175643935,0.0009245158135890962,0.0076890548318624494
2025-04-09,Grupo Bolivar,-0.003152416974285004,-0.0007803052886936675,-0.0002359297881131604,0.0,-1.6433540269089178e-05,-1.6483532455638907e-05,-0.00037429319694638253,-0.0005016734153032303
2025-04-09,Mineros SA,0.034486149936216716,-0.000996432537033485,-0.0003931000315382065,0.0,0.0002840318559088718,0.001482781997575686,-0.0007506329044699668,-0.0017122891992330548
2025-04-09,Nutresa,-0.00016394786494631225,-0.0010596392821749796,-0.0011641851928500587,0.0,0.0010475369270775707,0.0010474869197955629,-0.0018684904128313065,-0.0015521579273045064
2025-04-09,Promigas,0.010393497246975787,-0.0015304005927860764,-0.0016903125875859736,0.0,0.000259343749298741,-0.003051366772167269,-0.0006319633275270462,-0.0047693528532981875
2025-04-10,Banco Davivienda PF,-0.06297476567055628,-0.0022223143899392723,-0.0006391759945258709,0.0,-0.0006454253043854547,-0.0006454751584270469,-0.003945934474468232,-0.006272451162338257
2025-04-10,Banco de Bogota,-0.05244640062579997,-0.002236152807018948,-0.0006537703094638243,0.0,-0.0005811269192441125,-0.0005811775961336867,-0.004131118312478066,-0.005324379444122314
2025-04-10,Celsia,-0.02110568902947953,-0.002134843961638811,-0.0009620105544962432,0.0,0.00013322310298107535,-0.0008198642187907204,-0.003104846894741058,-0.0063030475974082956
2025-04-10,ETB,0.0,-0.00240290032402885,-0.001495961793171423,0.0,-0.0009340869589497405,-0.0029486995555634333,-0.0031975810229778285,-0.007065961599349975
2025-04-10,Ecopetrol,-0.07290676309423835,-0.0013367891926989398,0.0008066741960553206,0.0,-3.713974719696516e-05,0.004807294049453558,-0.004958779603242874,-0.003566720545291901
2025-04-10,Grupo Bolivar,-0.011222156728041898,-0.002097700755207833,-0.0007697276171473561,0.0,-1.6433540269089178e-05,-1.6483532455638907e-05,-0.0030875294953584672,-0.00434375548362732
2025-04-10,Mineros SA,0.0033841449565197956,-0.002546366579180321,-0.002586058575059456,0.0,0.0002840318559088718,-0.00259897426686453,-0.004379589915275574,-0.006272195577621461
2025-04-10,Nutresa,0.00016394786494637975,-0.002243333316064435,-0.0006453700350574456,0.0,0.0010475369270775707,0.0010474869197955629,-0.002207023710012436,-0.004552479684352875
2025-04-10,Promigas,-0.010393497246975768,-0.002303758854178958,-0.0009620105544962432,0.0,0.000259343749298741,-0.0026672808238924007,-0.0027486964315176013,-0.006881266832351685
2025-04-11,Banco Davivienda PF,0.015873385265358222,0.005547044142865575,0.016186859662042773,0.0,-0.0006454253043854547,-0.0006454751584270469,0.000305765736848116,0.0005533314943313598
2025-04-11,Banco de Bogota,0.034367684030504,-0.003178311747020923,0.0015792962176373545,0.0,-0.0005811269192441125,-0.0005811775961336867,-0.000365943118929863,-0.0002483647763729096
2025-04-11,Celsia,-0.008821749366309752,-0.004176741017613491,0.001238215699134389,0.0,0.00013322310298107535,0.0031264564656761566,-0.0012715019099414349,-0.004259373009204865
2025-04-11,ETB,0.0,-0.005043305509738702,-0.000648763283832709,0.0,-0.0009340869589497405,-0.0022385127519359647,-0.0021883158534765244,-0.006749749660491943
2025-04-11,Ecopetrol,0.04919019072073997,0.008808520354168925,0.016146548012357605,0.0,-3.713974719696516e-05,-0.006016843074582188,0.0023047927618026734,0.0037075772136449816
2025-04-11,Grupo Bolivar,-0.002204559999667844,-0.004797726690145883,0.0011824005108902354,0.0,-1.6433540269089178e-05,-1.6483532455638907e-05,-0.0009789573885500432,-0.0038873351216316228
2025-04-11,Mineros SA,-0.0016906409243071768,-0.004779842014226927,-0.00011481204515753075,0.0,0.0002840318559088718,2.270265348488426e-05,-0.0009684463739395141,-0.006451534986495972
2025-04-11,Nutresa,0.004089985251525066,-0.004399313103880976,-0.0005393137970914554,0.0,0.0010475369270775707,0.0010474869197955629,-0.001804533392190933,-0.004728472232818604
2025-04-11,Promigas,-0.007490731017128816,-0.004750847423582851,0.0009901175735413498,0.0,0.000259343749298741,0.0019395620892339017,-9.854495525360102e-05,-0.005532302200794219
2025-04-14,Banco Davivienda PF,0.012714080499774271,-0.001153317885511883,-0.0005888945780932906,0.0,-0.0006454253043854547,-0.0006454751584270469,-0.0016866296976804733,-0.0012912336885929107
2025-04-14,Banco de Bogota,0.0013503729066542082,-0.0008831726005135225,-0.002416235433422046,0.0,-0.0005811269192441125,-0.0005811775961336867,-0.0026037500575184823,-0.0025733450055122377
2025-04-14,Celsia,0.02005078786880006,-0.0011844526969734606,-0.0005684823586880624,0.0,0.00013322310298107535,-0.0005524921683010389,3.982616961002352e-05,-0.0012410425543785096
2025-04-14,ETB,0.0,-0.0007958318252618453,-0.0007775293350982185,0.0,-0.0009340869589497405,-0.002051389137885129,6.34961426258086e-05,-0.0031430427432060245
2025-04-14,Ecopetrol,0.023716572373498362,-0.0041752993989209175,-0.002416235433422046,0.0,-3.713974719696516e-05,0.004002435722274674,-0.0028297344446182255,-0.001935254096984863
2025-04-14,Grupo Bolivar,0.0,-0.0010206141007863953,-0.0011150219728292058,0.0,-1.6433540269089178e-05,-1.6483532455638907e-05,-0.00019407347217202184,-0.0016300598606467248
2025-04-14,Mineros SA,0.01677890434421709,-0.0015490150456434993,-0.001307304910178093,0.0,0.0002840318559088718,0.0004504708641891188,-0.0007061786949634553,-0.0024954544305801395
2025-04-14,Nutresa,-0.02563182902627993,-0.001146983139021557,-0.001307304910178093,0.0,0.0010475369270775707,0.0010474869197955629,0.00010914910957217213,-0.001828230023384094
2025-04-14,Promigas,0.001502690881341833,-0.0011573197749446256,-0.0010259902461778763,0.0,0.000259343749298741,0.002310370447985935,0.0006274235546588898,-0.0018595163822174073
2025-04-15,Banco Davivienda PF,0.003879717466708619,4.566196617010374e-06,-0.0005159173504337382,0.0,-0.0006454253043854547,-0.0006454751584270469,-0.0010592462569475173,-0.0016125984042882919
2025-04-15,Banco de Bogota,0.0,-0.0005288330992749305,-0.0006678886380974521,0.0,-0.0005811269192441125,-0.0005811775961336867,-0.0005353332050144672,-0.001658245861530304
2025-04-15,Celsia,-0.006222788610519304,-0.0007847233249341051,-0.0007101382045010463,0.0,0.00013322310298107535,-0.0031352748132035596,-0.001389186702668667,-0.001699880659580231
2025-04-15,ETB,0.0,-0.0008147083049110007,-0.0013261974588625418,0.0,-0.0009340869589497405,-0.0018972345469463537,-0.0008564232178032399,-0.0017142896950244906
2025-04-15,Ecopetrol,0.0,-0.0011889683689597183,-0.0014720696023144202,0.0,-3.713974719696516e-05,0.001912070023450568,-0.0006074333004653454,-0.002852762043476105
2025-04-15,Grupo Bolivar,0.0,-0.0005884107020844363,-0.00047560570074856463,0.0,-1.6433540269089178e-05,-1.6483532455638907e-05,-0.0005391062200069427,-0.00037161746621131893
2025-04-15,Mineros SA,-0.0016653024741513007,-0.0006903358432843724,-0.0008006464945937412,0.0,0.0002840318559088718,-0.0011063799109119609,-0.0015650060921907425,-0.0018518659323453902
2025-04-15,Nutresa,-0.008748373426492819,-0.0003695885892600427,9.102299282619251e-05,0.0,0.0010475369270775707,0.0010474869197955629,0.0006540058963000774,0.0018563308268785476
2025-04-15,Promigas,0.002998461371709693,-0.0006364804563075272,-0.0006678886380974521,0.0,0.000259343749298741,0.0004340833030535153,-0.00037903964146971704,-0.0008005110025405884
2025-04-16,Banco Davivienda PF,0.0038647234130438426,-0.00044334583521628095,3.9719392083497814e-05,0.0,-0.0006454253043854547,-0.0006454751584270469,0.00010640457272529606,-0.0013639795780181884
2025-04-16,Banco de Bogota,0.01140583453363256,-0.0004401221768898909,3.9719392083497814e-05,0.0,-0.0005811269192441125,-0.0005811775961336867,0.0005955708287656307,-0.0008089663088321685
2025-04-16,Celsia,0.011566605784098672,-0.00024932174748814494,0.00032103405608371416,0.0,0.00013322310298107535,0.0024092625546638328,0.0012315107211470606,-0.00014221759140491488
2025-04-16,ETB,0.0,-0.0004354032761369843,-0.0004942318465916813,0.0,-0.0009340869589497405,-0.0017595871817100506,0.00040333886444568636,-0.0011066658422350883
2025-04-16,Ecopetrol,-0.00784319247289647,-0.0015342764957936928,-0.0006819003560447019,0.0,-3.713974719696516e-05,-3.411244295231484e-05,0.0009056774266064168,-0.001502445623278618
2025-04-16,Grupo Bolivar,-0.015288439572788182,-0.00027979958816170636,3.9719392083497814e-05,0.0,-1.6433540269089178e-05,-1.6483532455638907e-05,0.00024948810786008834,-0.00018317288160324096
2025-04-16,Mineros SA,0.0,-0.00029977918313484444,3.9719392083497814e-05,0.0,0.0002840318559088718,0.0004483350137828686,0.0001020454727113247,-0.0006543267741799355
2025-04-16,Nutresa,0.011257785031918583,0.0001745202759936159,0.0011296902617737494,0.0,0.0010475369270775707,0.0010474869197955629,0.0014046077132225036,0.002308912456035614
2025-04-16,Promigas,0.016332970112932922,-0.00033129174605480246,3.9719392083497814e-05,0.0,0.000259343749298741,-0.0002996789563752654,0.0007533413022756577,-0.0003850350677967071
2025-04-17,Banco Davivienda PF,0.0,-0.00021730234921340635,0.00012453676156507157,0.0,-0.0006454253043854547,-0.0006454751584270469,-0.0005083709210157393,-0.0011154942512512206
2025-04-17,Banco de Bogota,0.0,-0.00046776307427372416,-0.00033568054968768674,0.0,-0.0005811269192441125,-0.0005811775961336867,-0.0011761690825223923,-0.0016208806037902833
2025-04-17,Celsia,0.0,-0.0004986673551465705,-0.00033568054968768674,0.0,0.00013322310298107535,-0.0011080614989338053,-0.00033481182903051374,-0.0009358698278665544
2025-04-17,ETB,0.0,-0.0005418945571370033,-0.0008696317883628652,0.0,-0.0009340869589497405,-0.0016966727986558146,-0.0003415492549538613,-0.0007276575416326523
2025-04-17,Ecopetrol,0.0,-0.0005273286984547915,-0.0002083998018808233,0.0,-3.713974719696516e-05,-0.0006777249950102574,4.58352193236351e-05,-0.00013547374308109283
2025-04-17,Grupo Bolivar,0.0,-7.467749896910872e-05,0.0007042345485467196,0.0,-1.6433540269089178e-05,-1.6483532455638907e-05,1.5316918492317214e-05,0.0020729916393756867
2025-04-17,Mineros SA,0.0,-0.0005033983263890372,-0.00033568054968768674,0.0,0.0002840318559088718,0.0003079619071380317,-0.0007585426196455955,0.00014808677509427069
2025-04-17,Nutresa,0.0,-0.0003446422796952663,-0.00033568054968768674,0.0,0.0010475369270775707,0.0010474869197955629,0.00035963721573352805,0.0007837301492691041
2025-04-17,Promigas,0.0,-0.0005423085124316862,-0.0005579481394213174,0.0,0.000259343749298741,-0.0033609452311954987,-0.0005115382596850395,-0.0016139390468597413
2025-04-18,Banco Davivienda PF,0.0,0.00040229742775982206,0.0010457523075858694,0.0,-0.0006454253043854547,-0.0006454751584270469,-0.00026694113761186594,0.0004966232180595399
2025-04-18,Banco de Bogota,0.0,0.00041348828677987903,0.0002980635079896163,0.0,-0.0005811269192441125,-0.0005811775961336867,-5.293419957160947e-05,-0.00027169524505734445
2025-04-18,Celsia,0.0,0.000567163410892887,0.0007583141328035144,0.0,0.00013322310298107535,0.0008882267648638859,0.0006529862992465496,0.001183797761797905
2025-04-18,ETB,0.0,0.0003026714142758799,0.0005118010689106903,0.0,-0.0009340869589497405,-0.0016588935421814617,-0.0004641074389219285,0.0005371198356151581
2025-04-18,Ecopetrol,0.0,0.0008161986933157208,0.0010457523075858694,0.0,-3.713974719696516e-05,-3.4112442952314816e-05,0.0004900335520505905,0.0028330507725477217
2025-04-18,Grupo Bolivar,0.0,0.00019881745999891562,0.0002980635079896163,0.0,-1.6433540269089178e-05,-1.6483532455638907e-05,-0.00027571907639503484,0.001882466733455658
2025-04-18,Mineros SA,0.0,0.0005878494589639072,0.0007583141328035144,0.0,0.0002840318559088718,0.0003079619071380318,-0.00023589776456356051,0.001992910772562027
2025-04-18,Nutresa,0.0,0.00024171146864035458,0.0002980635079896163,0.0,0.0010475369270775707,0.0010474869197955629,0.001219492271542549,0.0011470274776220323
2025-04-18,Promigas,0.0,0.00030026166173655267,0.0010457523075858694,0.0,0.000259343749298741,-0.0004730125657575309,0.0002383599989116192,0.00020387853309512138
2025-04-21,Banco Davivienda PF,-0.0028971167606841237,0.00016993639611656068,0.0005064591667553248,0.0,-0.0006454253043854547,-0.0006454751584270469,0.00032751828804612157,0.0018379212021827698
2025-04-21,Banco de Bogota,-0.012756207440286823,0.00011718300117785247,6.214179940913783e-05,0.0,-0.0005811269192441125,-0.0005811775961336867,0.000223186731338501,0.0010161822885274888
2025-04-21,Celsia,0.0,0.00040267938714251973,0.0005064591667553248,0.0,0.00013322310298107535,0.0003313068141356934,0.001014777082949877,0.0029168132245540614
2025-04-21,ETB,0.0,3.7865364032564385e-05,-2.7492071919854092e-05,0.0,-0.0009340869589497405,-0.0016300970880363979,0.0004150195345282555,0.0017395920902490616
2025-04-21,Ecopetrol,0.010443955648926388,0.0005005935746936366,0.00021902099197297024,0.0,-3.713974719696516e-05,-3.4112442952314816e-05,0.0011919585019350052,0.004858818411827087
2025-04-21,Grupo Bolivar,-0.026683606151141005,-1.538323701803321e-05,6.214179940913783e-05,0.0,-1.6433540269089178e-05,-1.6483532455638907e-05,0.0004959696866571903,0.002122089087963104
2025-04-21,Mineros SA,0.014888417258692199,0.000380307186799051,0.0005064591667553248,0.0,0.0002840318559088718,0.0003079619071380318,0.0002650004625320434,0.003501446485519409
2025-04-21,Nutresa,0.0,0.000160572335463467,0.0001619420006889871,0.0,0.0010475369270775707,0.0010474869197955629,0.001719319209456444,0.0018959663212299346
2025-04-21,Promigas,-0.026867239408567594,0.00013282162367894031,6.214179940913783e-05,0.0,0.000259343749298741,0.0001554037387227581,0.0010700195282697677,0.0017835395485162734
2025-04-22,Banco Davivienda PF,0.0028971167606841623,-0.00040422412808375536,-0.0011509191096700617,0.0,-0.0006454253043854547,-0.0006454751584270469,1.6100335866212793e-05,0.0014562518000602724
2025-04-22,Banco de Bogota,0.010084116702950306,-0.0002992534646696506,-4.598949097118126e-05,0.0,-0.0005811269192441125,-0.0005811775961336867,0.00027578529715538023,0.001899655759334564
2025-04-22,Celsia,-0.01131381203918961,-0.00039306060255120786,-0.0011509191096700617,0.0,0.00013322310298107535,8.414399998066152e-05,0.0002546393796801567,0.0019205484986305238
2025-04-22,ETB,0.0,-0.000530622663793342,-0.0016848703483452409,0.0,-0.0009340869589497405,-0.0016137592347807471,0.0005360945090651512,0.0009882639050483705
2025-04-22,Ecopetrol,0.005181392045153243,-0.0005091896054997759,-0.0011509191096700617,0.0,-3.713974719696516e-05,0.0008229187942656992,0.0001884523555636406,0.0016901243776082993
2025-04-22,Grupo Bolivar,0.02078386093656153,0.00036172700977970276,0.0011140231758756689,0.0,-1.6433540269089178e-05,-1.6483532455638907e-05,0.00146847927570343,0.004427939057350159
2025-04-22,Mineros SA,0.011428856180963025,-0.0006683178658969706,-0.0011509191096700617,0.0,0.0002840318559088718,-0.0009470253495717958,-0.001043431796133518,0.0010216692946851253
2025-04-22,Nutresa,0.0,-0.00031975992722378405,-0.0011509191096700617,0.0,0.0010475369270775707,0.0010474869197955629,0.0013098936378955841,0.0014099335372447968
2025-04-22,Promigas,0.01352384805971202,0.00034975385229971275,0.000921740238526783,0.0,0.000259343749298741,0.006138478953475214,0.0017266883850097655,0.004164520978927612
2025-04-23,Banco Davivienda PF,0.02382201809403006,-0.0003822731603043922,-9.429086296696673e-05,0.0,-0.0006454253043854547,-0.0006454751584270469,-0.0001685020625591278,0.0004800372049212456
2025-04-23,Banco de Bogota,0.019868130040420654,-0.00040645753468239665,-9.429086296696673e-05,0.0,-0.0005811269192441125,-0.0005811775961336867,-0.0007427248507738113,-9.3546360731125e-06
2025-04-23,Celsia,-0.010165225777571766,-0.000351122834097933,0.00036975241070752045,0.0,0.00013322310298107535,0.0012840576617058948,0.0008631370514631271,0.0023709545433521274
2025-04-23,ETB,0.0,-0.0005468268125791093,-0.0006282421016421461,0.0,-0.0009340869589497405,-0.0016042310726381193,3.36924344301224e-05,0.00024483020603656766
2025-04-23,Ecopetrol,0.0065430551797085535,-0.0003563035065353975,-9.429086296696673e-05,0.0,-3.713974719696516e-05,0.0003910727056868165,3.673054277896883e-05,0.0006598192304372787
2025-04-23,Grupo Bolivar,0.023943351646576405,-0.00028222680272972216,0.0002860943318796609,0.0,-1.6433540269089178e-05,-1.6483532455638907e-05,-0.00021108526363968847,0.00038458878174424166
2025-04-23,Mineros SA,-0.026317273439655328,-0.0004350804297364814,-9.429086296696673e-05,0.0,0.0002840318559088718,-0.0006554090554472713,-0.000909136041998863,-0.00020517560839653014
2025-04-23,Nutresa,-0.005697066347221501,-0.00040929915248174545,-9.429086296696673e-05,0.0,0.0010475369270775707,0.0010474869197955629,0.0009116285070776938,0.0009691004529595374
2025-04-23,Promigas,-0.012012153009681717,-0.00034300205565828735,0.00043183653176894843,0.0,0.000259343749298741,-0.0013487302060897605,-0.00020829579979181285,0.0008267278075218201
2025-04-24,Banco Davivienda PF,0.0037593876209718715,-0.0004975487206728133,-0.00046278581696590157,0.0,-0.0006454253043854547,-0.0006454751584270469,-0.0006170200854539872,-0.0010712417513132095
2025-04-24,Banco de Bogota,-0.013201417065199351,-0.00048018501972961887,-0.00046278581696590157,0.0,-0.0005811269192441125,-0.0005811775961336867,-0.00022761270031332968,-0.0010244697630405425
2025-04-24,Celsia,-0.006406150712860311,-9.55465972160036e-05,0.0005037243343649383,0.0,0.00013322310298107535,0.00023920834182815224,0.0006340799070894719,0.0030810101032257083
2025-04-24,ETB,0.0,-0.0004061516446942793,-0.0009544874892374857,0.0,-0.0009340869589497405,-0.0015977646625494346,0.0005014042928814888,0.0005769877023994922
2025-04-24,Ecopetrol,0.0,-0.0003582487065495971,-0.0004205362505623073,0.0,-3.713974719696516e-05,0.0005028108133646349,0.0001905870661139488,0.00037583123147487635
2025-04-24,Grupo Bolivar,-0.00828769665543863,-0.0005928074821710274,-0.00046278581696590157,0.0,-1.6433540269089178e-05,-1.6483532455638907e-05,-3.9885118603706636e-06,-0.0008338968902826309
2025-04-24,Mineros SA,0.032789877952284774,0.00017274295205706983,0.0010594935015067217,0.0,0.0002840318559088718,0.0025263201264331707,0.0008424314111471178,0.003588682472705841
2025-04-24,Nutresa,0.00820019656534001,-0.0003576402246722173,-0.0004205362505623073,0.0,0.0010475369270775707,0.0010474869197955629,0.0014106312990188597,0.002180619359016418
2025-04-24,Promigas,0.0,3.926292518813613e-05,0.0005037243343649383,0.0,0.000259343749298741,0.0025787003909072924,0.0010575818978250026,0.002435069292783737
2025-04-25,Banco Davivienda PF,0.003745307541642602,-0.0003031282400464508,-9.429086296696673e-05,0.0,-0.0006454253043854547,-0.0006454751584270469,-0.0003009094372391701,-0.0013062570840120314
2025-04-25,Banco de Bogota,0.004862189686675917,-0.00020275809712466173,0.00036975241070752045,0.0,-0.0005811269192441125,-0.0005811775961336867,0.00016375958919525148,0.000438233807682991
2025-04-25,Celsia,0.0,-0.00016975083017630786,0.0002868240023130989,0.0,0.00013322310298107535,-0.0002635919820964748,-0.0002054589688777924,0.002469934955239296
2025-04-25,ETB,0.0,-0.0003778599794508605,-0.0006282421016421461,0.0,-0.0009340869589497405,-0.0015938021085272042,-0.0005425246208906173,-8.411312103271483e-05
2025-04-25,Ecopetrol,-0.005449603626465011,-0.00034688774694054933,-9.429086296696673e-05,0.0,-3.713974719696516e-05,-3.411244295231482e-05,-0.0002638410925865173,-2.3869179189205172e-05
2025-04-25,Grupo Bolivar,-0.0013880990551575633,-0.0001988550504658921,0.00036975241070752045,0.0,-1.6433540269089178e-05,-1.6483532455638907e-05,8.239071443676949e-05,0.000350086409598589
2025-04-25,Mineros SA,-0.00322703588593243,-0.0008053151396896737,-0.0013955043235598084,0.0,0.0002840318559088718,-0.0024559906516984755,-0.0020728869512677195,-0.0009469826072454453
2025-04-25,Nutresa,0.01159913584335194,-0.0003886723294835168,-9.429086296696673e-05,0.0,0.0010475369270775707,0.0010474869197955629,3.413625061511994e-05,0.0005322930663824081
2025-04-25,Promigas,0.006024112873894747,-0.00010977613757149066,5.509338312882612e-06,0.0,0.000259343749298741,0.0008194587568722516,-0.0004910522922873497,0.001307363048195839
2025-04-28,Banco Davivienda PF,0.012999249272000132,-0.00023055743278152348,3.9719392083497814e-05,0.0,-0.0006454253043854547,-0.0006454751584270469,-0.000258191742002964,-0.0012030271738767626
2025-04-28,Banco de Bogota,-0.003327697414503753,-0.00018701461762162986,3.9719392083497814e-05,0.0,-0.0005811269192441125,-0.0005811775961336867,-0.0007576685696840287,-0.0003768948465585709
2025-04-28,Celsia,0.0,-3.530577232257479e-05,0.0004074539672672177,0.0,0.00013322310298107535,-0.0005238405553475999,-1.7785534262657172e-05,0.001445554181933403
2025-04-28,ETB,0.0,0.0006089032371807757,-0.0004942318465916813,0.0,-0.0009340869589497405,-0.0015914406281718153,-0.00023070433735847474,-0.00016938185691833495
2025-04-28,Ecopetrol,-0.0248975463285591,-0.00016809680587088032,3.9719392083497814e-05,0.0,-3.713974719696516e-05,-0.000481307040031746,0.0001262369155883789,0.0004662326276302337
2025-04-28,Grupo Bolivar,-0.006968284937175672,-0.00015341001719617635,3.9719392083497814e-05,0.0,-1.6433540269089178e-05,-1.6483532455638907e-05,0.00023615333810448648,0.0004881452359259129
2025-04-28,Mineros SA,-0.021260050228766175,-0.00010247206765329733,3.9719392083497814e-05,0.0,0.0002840318559088718,0.0005799779880566459,0.00020048652589321137,0.00020930714532732967
2025-04-28,Nutresa,0.0,-0.00026523064995665944,3.9719392083497814e-05,0.0,0.0010475369270775707,0.0010474869197955629,0.000560292050242424,-0.00033814992755651466
2025-04-28,Promigas,-0.013605710310020228,-0.0001580966583231031,3.9719392083497814e-05,0.0,0.000259343749298741,-0.0008742049960502793,6.34533762931824e-05,0.00024511221796274184
2025-04-29,Banco Davivienda PF,0.010096489441609579,-0.00036529333946677694,-0.000677331795091479,0.0,-0.0006454253043854547,-0.0006454751584270469,-0.0006188526600599288,-0.002501456424593926
2025-04-29,Banco de Bogota,0.018494589175852148,-0.00026049334285263017,-0.000677331795091479,0.0,-0.0005811269192441125,-0.0005811775961336867,7.894413173198702e-05,-0.0004361843913793564
2025-04-29,Celsia,0.007682445066718871,-0.00010225045576741157,-0.0003095972199077594,0.0,0.00013322310298107535,0.00010480928270546062,0.00017946052923798562,0.0002855895161628723
2025-04-29,ETB,0.0,0.00026149400483591045,-0.0012112830337666592,0.0,-0.0009340869589497405,-0.0015899277818683894,-0.00014444214105606076,-0.0007941222414374352
2025-04-29,Ecopetrol,-0.019802622991069715,0.0002194109270014102,0.001395327553105363,0.0,-3.713974719696516e-05,-0.002077205658869152,0.0008350261300802232,0.002518912374973297
2025-04-29,Grupo Bolivar,0.0,-0.00024362982093521172,0.0001389648608491981,0.0,-1.6433540269089178e-05,-1.6483532455638907e-05,0.00037480759248137473,0.0006624089814722538
2025-04-29,Mineros SA,-0.0033112132533553024,-9.562766471145154e-05,0.00045623465054598066,0.0,0.0002840318559088718,0.0021000323233896566,0.0005646788626909255,0.002224405556917191
2025-04-29,Nutresa,0.022480177809510657,-0.00039039015167585374,-0.000677331795091479,0.0,0.0010475369270775707,0.0010474869197955629,0.0010811718106269836,-0.0005289000123739243
2025-04-29,Promigas,0.013605710310020077,-0.0002722694371924883,0.0004275978236073999,0.0,0.000259343749298741,0.0030287166894469144,0.000793165374547243,0.0011533225625753403
2025-04-30,Banco Davivienda PF,0.0,-0.00022874696340630774,3.9719392083497814e-05,0.0,-0.0006454253043854547,-0.0006454751584270469,3.2332852482795734e-05,-0.0018021907657384873
2025-04-30,Banco de Bogota,0.011064209023361036,-0.0003527062170578068,3.131911767711915e-05,0.0,-0.0005811269192441125,-0.0005811775961336867,-0.0003709608241915703,-0.0016156065165996553
2025-04-30,Celsia,0.02519029378550274,-0.0003207042791630079,3.9719392083497814e-05,0.0,0.00013322310298107535,-0.0006016244933339833,0.00028656338900327684,-0.00018052541092038153
2025-04-30,ETB,0.0,0.00038051608482881044,-0.0004942318465916813,0.0,-0.0009340869589497405,-0.0015889822712331326,6.507335603237155e-05,-0.00039196389168500903
2025-04-30,Ecopetrol,-0.014388734270061772,0.0003255881376515,0.0015132791489847793,0.0,-3.713974719696516e-05,-0.0016591161343403563,0.000645951122045517,0.0033205782175064085
2025-04-30,Grupo Bolivar,-0.00701764448379223,-0.0002960176910065818,3.9719392083497814e-05,0.0,-1.6433540269089178e-05,-1.6483532455638907e-05,6.234305724501607e-05,0.000725281734019518
2025-04-30,Mineros SA,0.0,4.244656800696913e-05,0.0006822332450827612,0.0,0.0002840318559088718,0.0005870735390197551,-0.0001517186313867569,0.0018417068719863892
2025-04-30,Nutresa,0.019461453275167233,-0.0003724324933127478,-2.5301743200965003e-06,0.0,0.0010475369270775707,0.0010474869197955629,0.00025108618661761283,-0.0012519349753856658
2025-04-30,Promigas,0.005988040135786884,-0.00030987495981747845,3.9719392083497814e-05,0.0,0.000259343749298741,-0.002043230083663528,-0.0005683863088488579,-0.00013021144643425944
2025-05-01,Banco de Bogota,0.0,-0.00026064536928908883,-0.00013004494222538311,0.0,-0.0005811269192441125,-0.0005811775961336867,-0.0006827768236398696,-0.0018557720482349396
2025-05-01,Celsia,0.0,-0.0005691014218165317,-0.00017229450862897734,0.0,0.00013322310298107535,-0.0018201759324365462,-0.00044292465597391123,-0.002161590933799744
2025-05-01,ETB,0.0,0.0008570849314499198,-0.0006639961809005621,0.0,-0.0009340869589497405,-0.0015884068973303289,-0.0001673263609409332,-0.00022587444633245468
2025-05-01,Ecopetrol,0.0,0.000120402634738346,0.0007590906075516976,0.0,-3.713974719696516e-05,-0.0012148523032120564,-0.0002788034677505493,0.003444965898990631
2025-05-01,Grupo Bolivar,0.0,-4.083001409280079e-05,0.0005190042969585541,0.0,-1.6433540269089178e-05,-1.6483532455638907e-05,-0.0002680780068039894,0.001530224323272705
2025-05-01,Mineros SA,0.0,-0.00038186027576024605,-0.00013004494222538311,0.0,0.0002840318559088718,0.0003079619071380317,-0.0005165668949484825,0.0013465492129325868
2025-05-01,Nutresa,0.0,-0.0004588785844416753,-0.00013844521663176174,0.0,0.0010475369270775707,0.0010474869197955629,0.0002516551725566387,-0.0019844064116477968
2025-05-01,Promigas,0.0,0.0006693625225972356,0.0009336818715296706,0.0,0.000259343749298741,-0.001489278770633194,-0.00033199676126241686,-8.494167029857635e-05
2025-05-02,Banco de Bogota,-0.0032416061382439906,-0.0002578164726022731,3.9719392083497814e-05,0.0,-0.0005811269192441125,-0.0005811775961336867,-5.040328949689866e-05,-0.0009775660410523415
2025-05-02,Celsia,-0.004987550322600027,5.2178715703818856e-05,0.00048403675942968507,0.0,0.00013322310298107535,0.0023929533157604917,0.0008025766685605049,-0.0002984051294624805
2025-05-02,ETB,0.0,0.0007437242149967633,-4.991447924549422e-05,0.0,-0.0009340869589497405,-0.0015880466545923355,-0.00040122132003307345,0.00042111007869243623
2025-05-02,Ecopetrol,0.005780361631680215,0.00046797742968637763,0.0006216908607499226,0.0,-3.713974719696516e-05,-3.4112442952314816e-05,6.6336914896965e-05,0.00445768392086029
2025-05-02,Grupo Bolivar,0.013985929420967939,-0.0002968742734823824,3.9719392083497814e-05,0.0,-1.6433540269089178e-05,-1.6483532455638907e-05,-0.00044087255746126186,0.0012040625214576723
2025-05-02,Mineros SA,-0.008326362071248495,0.00016860591887737862,0.0005643331598310503,0.0,0.0002840318559088718,0.0003079619071380318,-0.00036493768170475956,0.0023360010683536525
2025-05-02,Nutresa,0.0,-0.00040383072122326225,3.9719392083497814e-05,0.0,0.0010475369270775707,0.0010474869197955629,0.0009579794183373451,-0.0010097664147615433
2025-05-02,Promigas,0.0,-0.00023995097700353732,3.9719392083497814e-05,0.0,0.000259343749298741,-6.573654632586169e-05,-4.0997851639986025e-05,0.00028194954991340635
2025-05-05,Banco de Bogota,0.0,-0.0003473770652902892,3.9719392083497814e-05,0.0,-0.0005811269192441125,-0.0005811775961336867,-0.0009483409523963928,-0.0006742053404450417
2025-05-05,Celsia,0.006230529320637005,-0.00043175474072475867,3.9719392083497814e-05,0.0,0.00013322310298107535,0.00107181124584102,-0.00019658121466636656,0.00026919787377119065
2025-05-05,ETB,0.0,0.0003999598887099744,-0.0004942318465916813,0.0,-0.0009340869589497405,-0.0015878212845423483,-0.0007973656654357911,-0.0003009974285960198
2025-05-05,Ecopetrol,-0.023324667340241915,6.188820941009471e-05,0.00046481166818608993,0.0,-3.713974719696516e-05,0.0004402241635302766,-0.0011186260730028153,0.0014940355271100998
2025-05-05,Grupo Bolivar,0.0013880990551575865,0.0005297363115376754,0.0011034462058385499,0.0,-1.6433540269089178e-05,-1.6483532455638907e-05,-0.000549119982868433,-0.0007704888880252838
2025-05-05,Mineros SA,-0.011774769979509256,-0.00012757924861106468,0.0008714972409417061,0.0,0.0002840318559088718,0.0010098147711869797,-0.0007772635146975518,0.002216887563467026
2025-05-05,Nutresa,0.0,-0.00033852791130205837,3.9719392083497814e-05,0.0,0.0010475369270775707,0.0010474869197955629,0.0002814494073390961,-0.0006623124331235885
2025-05-05,Promigas,0.0,-0.0004021200928482121,3.9719392083497814e-05,0.0,0.000259343749298741,0.0002440273046727896,-0.0007234903648495675,-9.956099092960358e-05
2025-05-06,Banco de Bogota,0.003241606138244116,-0.0003438341449577864,-0.000677331795091479,0.0,-0.0005811269192441125,-0.0005811775961336867,-0.00024245313555002214,-0.001038702517747879
2025-05-06,Celsia,-0.0012429789980369695,-0.00027875251413896833,-0.000677331795091479,0.0,0.00013322310298107535,-0.001100984807031965,-6.016252189874647e-05,-0.0008264170736074448
2025-05-06,ETB,0.0,0.0005742659633623034,-0.0012112830337666592,0.0,-0.0009340869589497405,-0.0015876824604036657,-0.00018819412589073177,-0.0010137420445680617
2025-05-06,Ecopetrol,0.017544305708561837,0.0002890824032814131,0.0010434305243841604,0.0,-3.713974719696516e-05,-0.0019481351734453398,0.0003966176062822342,0.0029143324941396714
2025-05-06,Grupo Bolivar,-0.015374028476125363,0.0006767496251543423,0.000386395018663574,0.0,-1.6433540269089178e-05,-1.6483532455638907e-05,0.00019954819232225417,-0.0006263003870844841
2025-05-06,Mineros SA,0.0201011320507577,-9.740651963586893e-05,0.000795332398791121,0.0,0.0002840318559088718,0.0013004909327701075,-0.00039438167959451686,0.0021792232394218444
2025-05-06,Nutresa,0.0,-0.00029895323810609275,-0.000677331795091479,0.0,0.0010475369270775707,0.0010474869197955629,0.0007153890952467919,-0.0006636652797460557
2025-05-06,Promigas,0.0,-0.00036265226115990125,-0.000677331795091479,0.0,0.000259343749298741,0.000311432149957378,9.692139923572545e-06,-0.0006151025220751762
2025-05-07,Banco de Bogota,0.003230930606971722,-0.00047582291049886666,-0.0003810921991577617,0.0,-0.0005811269192441125,-0.0005811775961336867,-0.0016503854990005493,-0.0018462496995925903
2025-05-07,Celsia,0.013588836802591032,-0.0004755504225784144,-0.0003810921991577617,0.0,0.00013322310298107535,0.0006383463321736915,-0.0006397169157862663,-0.0011546166986227035
2025-05-07,ETB,0.0,0.0011871231477445338,0.0001486833759221126,0.0,-0.0009340869589497405,-0.0015875961751683817,-0.001140517994761467,-0.0016606832146644594
2025-05-07,Ecopetrol,-0.02049851693532762,-0.0004959952755347156,-6.665791359376774e-05,0.0,-3.713974719696516e-05,0.0014055736810581298,-0.001712286874651909,-0.0010992984771728517
2025-05-07,Grupo Bolivar,0.041385078925118716,-0.00032226494072273105,0.00019860558782388584,0.0,-1.6433540269089178e-05,-1.6483532455638907e-05,-0.0006069658435881138,0.0003973354548215866
2025-05-07,Mineros SA,0.05642101630290469,-0.0006837655996903717,-0.000637209080888608,0.0,0.0002840318559088718,-0.0013864199825429882,-0.0020879433453083037,-0.0011793026477098464
2025-05-07,Nutresa,-0.002530846020284861,-0.0004366195273111515,-0.0003810921991577617,0.0,0.0010475369270775707,0.0010474869197955629,-0.000653418742120266,-0.0008854214400053024
2025-05-07,Promigas,0.01334339134885542,0.0003623914979143406,0.0006826346145972915,0.0,0.000259343749298741,0.0003260994946239417,-0.0008344737179577351,-0.0009513984657824037
2025-05-08,Banco de Bogota,0.02547923692736595,-0.0001418094626986126,0.0002980635079896163,0.0,-0.0005811269192441125,-0.0005811775961336867,-0.00042791952565312386,0.000589246816933155
2025-05-08,Celsia,0.0012262128847680969,-9.884930687119e-05,0.0002980635079896163,0.0,0.00013322310298107535,-0.0012217084415802062,5.578232184052464e-05,0.0006880929470062256
2025-05-08,ETB,0.0,0.0012917172940488779,-0.00023588773068556273,0.0,-0.0009340869589497405,-0.0015875423450058834,0.0006344935148954392,0.000622300460934639
2025-05-08,Ecopetrol,0.017595757924873855,0.0001619969459085737,0.000877761294971264,0.0,-3.713974719696516e-05,-0.0017162212071755887,0.0007485641539096832,0.002457574248313904
2025-05-08,Grupo Bolivar,0.026405209320912882,-0.0003451772698814801,-0.0013259845125735978,0.0,-1.6433540269089178e-05,-1.6483532455638907e-05,-0.0004880384020507336,-0.00014440299570560455
2025-05-08,Mineros SA,-0.0015686433917843755,0.00035402124055401057,0.0007870606084803755,0.0,0.0002840318559088718,-0.0044479268646804545,-0.0014002148807048798,-0.0008138119205832482
2025-05-08,Nutresa,0.0,-3.994975259402199e-05,0.0002980635079896163,0.0,0.0010475369270775707,0.0010474869197955629,0.0007733055055141449,0.0020565088838338853
2025-05-08,Promigas,0.0014716502040072839,-0.00016986528954876235,0.0002980635079896163,0.0,0.000259343749298741,-0.0025742408015303753,0.00021029094606637953,0.0004265726059675216
2025-05-09,Banco de Bogota,0.006269373246450689,-0.00017204591750481755,0.0002558139415860219,0.0,-0.0005811269192441125,-0.0005811775961336867,-0.001262575790286064,-0.0003909522965550423
2025-05-09,Celsia,0.01701137616116288,-8.987899521726099e-05,0.0002980635079896163,0.0,0.00013322310298107535,0.0011093001233396542,0.00017970068752765656,0.0014068946689367295
2025-05-09,ETB,0.0,0.001252886087402811,-0.00023588773068556273,0.0,-0.0009340869589497405,-0.0015875089999243081,5.5381402373313885e-05,0.0011064955294132232
2025-05-09,Ecopetrol,0.0,-0.0001566147973606621,0.0002896632335832376,0.0,-3.713974719696516e-05,0.0014097958510946359,-0.001045267567038536,0.0009138537794351578
2025-05-09,Grupo Bolivar,0.0030051984439343083,-0.00027104387062542044,0.0002558139415860219,0.0,-1.6433540269089178e-05,-1.6483532455638907e-05,-6.752884387969972e-05,-0.0006576879359781742
2025-05-09,Mineros SA,0.09288113228120644,-0.00019561801710090833,0.0002980635079896163,0.0,0.0002840318559088718,0.0004401873433819108,0.0006618987619876861,0.0006640738993883133
2025-05-09,Nutresa,-0.018542730770243373,-0.00012860098342082322,0.0002980635079896163,0.0,0.0010475369270775707,0.0010474869197955629,0.00019225175678730014,0.0025298572182655336
2025-05-09,Promigas,0.0,0.000684500197098402,0.0013617903217446677,0.0,0.000259343749298741,-0.0006220572777180205,0.00021385497599840162,0.0014612815380096434
2025-05-12,Banco de Bogota,0.0,-8.419245208807337e-05,0.0002980635079896163,0.0,-0.0005811269192441125,-0.0005811775961336867,0.00046146530658006666,0.0005733510702848434
2025-05-12,Celsia,0.0036079781180876993,-9.458958791393405e-05,0.0002896632335832376,0.0,0.00013322310298107535,-0.0012818720598918153,0.0001874363459646702,0.0010880065262317657
2025-05-12,ETB,0.05715841383994862,0.001370005555827725,-0.00023588773068556273,0.0,-0.0009340869589497405,-0.0015874883063820488,0.0010520555302500725,0.0015676798373460768
2025-05-12,Ecopetrol,0.017291493280515515,2.4459647408570656e-05,0.0002980635079896163,0.0,-3.713974719696516e-05,-3.4112442952314816e-05,0.0006921676993370057,0.0017183949053287504
2025-05-12,Grupo Bolivar,-0.012981835159352332,-0.00011884221314558981,0.0002980635079896163,0.0,-1.6433540269089178e-05,-1.6483532455638907e-05,0.0002807995155453682,0.0009276501834392548
2025-05-12,Mineros SA,-0.030503329419973847,0.0001214625806160071,0.0014216683043742702,0.0,0.0002840318559088718,-0.007521254279937914,-0.0026006407290697095,-0.0017310307025909424
2025-05-12,Nutresa,0.0073943432876292054,0.0003882601232993582,0.0009775614962511132,0.0,0.0010475369270775707,0.0010474869197955629,0.0019415017664432526,0.004634654521942139
2025-05-12,Promigas,0.0014695676105158527,-8.310342145325605e-05,0.0002980635079896163,0.0,0.000259343749298741,0.00012297149810528658,0.0010226368159055711,0.002015485942363739
2025-05-13,Banco de Bogota,0.01550420855501386,-8.440885157796524e-05,0.0003338175872480326,0.0,-0.0005811269192441125,-0.0005811775961336867,0.0005667460411787034,0.0011487763375043869
2025-05-13,Celsia,0.02137840409975206,-2.2150031343552272e-05,0.0003338175872480326,0.0,0.00013322310298107535,0.0011362833973311626,0.0009136991500854492,0.0013022595942020414
2025-05-13,ETB,0.0,0.0005261346347162198,0.0002888634490636132,0.0,-0.0009340869589497405,-0.01746166567414849,-6.79815709590912e-05,-0.0015989812016487122
2025-05-13,Ecopetrol,0.03922070470864229,-9.873553758283171e-05,0.00032541731284165394,0.0,-3.713974719696516e-05,0.0013848278874837474,0.00047259972244501113,0.0003563352003693581
2025-05-13,Grupo Bolivar,0.012981835159352207,4.088352022432438e-05,0.0005783995622680607,0.0,-1.6433540269089178e-05,-1.6483532455638907e-05,0.0008726222366094589,0.0027537822723388674
2025-05-13,Mineros SA,0.024764375660866214,0.0004911281041367531,0.001182039051399055,0.0,0.0002840318559088718,0.0028791747529453766,0.0025647370517253875,0.0022610069513320924
2025-05-13,Nutresa,0.0,-2.6966046537636265e-05,0.0003338175872480326,0.0,0.0010475369270775707,0.0010474869197955629,0.0014005813598632815,0.002910662889480591
2025-05-13,Promigas,0.001467331288834698,3.9869259744870095e-06,0.0003338175872480326,0.0,0.000259343749298741,-3.468869335243027e-05,0.0011546632200479508,0.0020263150930404663
2025-05-14,Banco de Bogota,0.0018445029878928888,0.0001193402833967769,0.00046493284816539603,0.0,-0.0005811269192441125,-0.0005811775961336867,0.00021938038989901542,0.001512532040476799
2025-05-14,Celsia,0.03917564329026311,1.7196805568547083e-05,0.0004226832817618017,0.0,0.00013322310298107535,-0.0014999934784454597,0.0006917113624513149,0.0015594328492879866
2025-05-14,ETB,-0.01869213301215252,0.0008351279792462111,-6.901839050978313e-05,0.0,-0.0009340869589497405,-0.005831970730779872,0.0023499272167682647,0.000664251521229744
2025-05-14,Ecopetrol,0.0,-1.646838992125002e-05,-0.0011591151723978183,0.0,-3.713974719696516e-05,0.003184339474206627,0.00046827345341444017,7.546873018145561e-05
2025-05-14,Grupo Bolivar,-0.04083299713692479,0.00019544399787136738,0.00046493284816539603,0.0,-1.6433540269089178e-05,-1.6483532455638907e-05,0.00036961136758327485,0.002960159480571747
2025-05-14,Mineros SA,0.039497425278279624,-0.00227455539723431,-0.0046700272959214,0.0,0.0002840318559088718,-0.001779498118649296,-0.0002779991179704666,0.0018414977490901947
2025-05-14,Nutresa,-0.021694229469681692,0.0011783937058224905,0.0015286596619204472,0.0,0.0010475369270775707,0.0010474869197955629,0.002042185366153717,0.004038103938102723
2025-05-14,Promigas,0.0,0.0008458871891816918,0.0015286596619204472,0.0,0.000259343749298741,-6.850904347413249e-05,0.0011342558786273003,0.0030709821581840517
2025-05-15,Banco de Bogota,-0.005543554143305776,0.00016544712671052206,0.00032048591531525633,0.0,-0.0005811269192441125,-0.0005811775961336867,0.00046839665621519096,0.0010365750938653947
2025-05-15,Celsia,-0.019395992533180622,4.991449047186925e-05,-0.001303562105247958,0.0,0.00013322310298107535,-0.0021610861622687622,-1.8447004258632592e-05,-0.001287332534790039
2025-05-15,ETB,0.0,0.0012129476057115452,0.0012104979787223176,0.0,-0.0009340869589497405,-0.005205366726689178,0.002157463073730469,0.002513671934604645
2025-05-15,Ecopetrol,-0.01104983384085198,7.831836091379309e-05,0.00032048591531525633,0.0,-3.713974719696516e-05,-3.4112442952314816e-05,0.0007809273451566696,0.0002450898215174675
2025-05-15,Grupo Bolivar,-0.00027420853820622163,0.003870125544888173,0.00322306275576992,0.0,-1.6433540269089178e-05,-1.6483532455638907e-05,0.0016154196560382843,0.006675690889358521
2025-05-15,Mineros SA,0.002762392733160954,4.4011486204404106e-05,0.001341963162666713,0.0,0.0002840318559088718,-0.0030213889926797555,-0.0003846197724342345,-0.0006232573390007019
2025-05-15,Nutresa,0.010582109330537008,0.0017445892121818432,0.0025838496391245823,0.0,0.0010475369270775707,0.0010474869197955629,0.002542734578251839,0.0053458925485610955
2025-05-15,Promigas,0.0014651813819641364,0.0002463646086357294,0.00032048591531525633,0.0,0.000259343749298741,0.00024342400722304302,0.0011316880881786346,0.002350999474525452
2025-05-16,Banco de Bogota,-0.006817391266403402,2.4658995879474165e-05,-0.0003965652718597209,0.0,-0.0005811269192441125,-0.0005811775961336867,8.897970616817475e-05,0.0005038383863866329
2025-05-16,Celsia,-0.004618953953378385,0.00014404306955579144,0.0008655345902642052,0.0,0.00013322310298107535,0.005780414036525853,0.0019163184463977813,0.0005920348614454269
2025-05-16,ETB,0.0,-6.970854514501705e-05,-0.0009305165105348998,0.0,-0.0009340869589497405,-0.004765494506559764,0.0004137381352484227,0.0004408367089927197
2025-05-16,Ecopetrol,0.005540179196269006,7.385048191616948e-05,0.0004889030481846989,0.0,-3.713974719696516e-05,-0.0009408620583293539,0.0007052453756332398,0.000691186159849167
2025-05-16,Grupo Bolivar,-0.026683168198627347,0.0013493176368419937,0.0004972966980599144,0.0,-1.6433540269089178e-05,-1.6483532455638907e-05,-4.6972617506980896e-05,0.0032999939322471616
2025-05-16,Mineros SA,-0.015288572530563475,-1.5766886219036704e-05,-0.0003965652718597209,0.0,0.0002840318559088718,7.511192598097836e-05,0.0005499721802771091,-0.0011955069452524185
2025-05-16,Nutresa,0.0,0.00152234637367586,0.0013096753948945955,0.0,0.0010475369270775707,0.0010474869197955629,0.0007355230748653412,0.002142663165926933
2025-05-16,Promigas,0.0,0.0001142371846104589,-0.0003965652718597209,0.0,0.000259343749298741,-7.523690815801898e-06,0.000524578720331192,0.0007717732787132263
2025-05-19,Banco de Bogota,0.013588875673645607,-0.0001003631935070679,0.0002632987217048521,0.0,-0.0005811269192441125,-0.0005811775961336867,-0.00027671525627374655,-2.8714623302221302e-05
2025-05-19,Celsia,-0.0011582263485700557,-0.000133213197292748,-0.0005529979342358253,0.0,0.00013322310298107535,-0.00042351329078068543,-1.2050725519657125e-05,-6.709065288305282e-05
2025-05-19,ETB,0.0,-0.00030393459567731786,-0.0010869491729110048,0.0,-0.0009340869589497405,-0.000519480419081187,0.0006573413014411926,-0.0009549755007028579
2025-05-19,Ecopetrol,-0.002766252904850405,-0.00022830550651044474,-0.0005529979342358253,0.0,-3.713974719696516e-05,0.0004205147874377359,9.56133529543877e-05,-0.0013257559686899185
2025-05-19,Grupo Bolivar,-0.012756750792932264,0.0008018468217103527,0.0019273858748867184,0.0,-1.6433540269089178e-05,-1.6483532455638907e-05,0.0006862583905458449,0.004746790766716004
2025-05-19,Mineros SA,-0.002805078589929344,0.00013836524547987958,0.0004896406292336405,0.0,0.0002840318559088718,0.0015966793957575348,3.9591751992702504e-05,0.00044437769055366517
2025-05-19,Nutresa,0.003072199036970059,-5.600422644745566e-05,-0.0005529979342358253,0.0,0.0010475369270775707,0.0010474869197955629,0.0009507020860910415,0.0006596395075321197
2025-05-19,Promigas,0.0,-9.163582149130755e-05,-0.0005529979342358253,0.0,0.000259343749298741,0.0002566944655005608,0.00022022633627057078,-0.00028488394618034365
2025-05-20,Banco de Bogota,-0.01048439842374153,-0.00027610230329616755,7.547347134191411e-05,0.0,-0.0005811269192441125,-0.0005811775961336867,-0.0005766028091311454,-0.0015455334335565565
2025-05-20,Celsia,-0.0034821613803377844,-0.0001350832834215798,7.547347134191411e-05,0.0,0.00013322310298107535,-0.0007766022414421205,0.00038366105780005455,6.249161809682846e-05
2025-05-20,ETB,0.0,-0.00025440527021692547,-0.00045847776733326507,0.0,-0.0009340869589497405,-0.0017675853236710838,0.0001640183180570602,-0.001102387897670269
2025-05-20,Ecopetrol,-0.00834497014835041,-0.00019667611995492155,7.547347134191411e-05,0.0,-3.713974719696516e-05,-0.00026111121900950504,0.00041398416459560396,-0.0005431964099407195
2025-05-20,Grupo Bolivar,-0.015816371524701212,0.0006214606504933612,0.0003291664259480169,0.0,-1.6433540269089178e-05,-1.6483532455638907e-05,0.00021851672232151026,0.00375109314918518
2025-05-20,Mineros SA,0.0028050785899294277,-0.00015019736189050703,7.547347134191411e-05,0.0,0.0002840318559088718,0.0005444100012009279,-0.00039228178560733794,0.0005035461559891702
2025-05-20,Nutresa,0.0,-0.00013905315161346604,7.547347134191411e-05,0.0,0.0010475369270775707,0.0010474869197955629,0.0010899251699447634,0.0004318641498684883
2025-05-20,Promigas,0.0,-0.00018469344536064662,7.547347134191411e-05,0.0,0.000259343749298741,0.00031418853361234053,0.0006706797406077385,2.4935957044363014e-05
2025-05-21,Banco de Bogota,0.016600391421609486,-0.0006219738132711165,-6.841189829682132e-05,0.0,-0.0005811269192441125,-0.0005811775961336867,-8.670088276267052e-05,-0.0007115483656525612
2025-05-21,Celsia,0.006952473111534448,-0.0006977477822708557,-0.0011733415169957015,0.0,0.00013322310298107535,0.00034480434135015955,0.00020245930925011637,-0.00039444701001048086
2025-05-21,ETB,0.0727593542824283,-0.0006505952898451824,-0.0017072927556708807,0.0,-0.0009340869589497405,-0.002067332742386948,-0.0006185960918664932,-0.0015170905888080594
2025-05-21,Ecopetrol,-0.00841519511130507,-0.0005874946689208532,-6.841189829682132e-05,0.0,-3.713974719696516e-05,-0.0007189008824286301,-0.00012372012436389924,-0.0004130658432841301
2025-05-21,Grupo Bolivar,0.0,0.002217959939636159,0.0016700601710549082,0.0,-1.6433540269089178e-05,-1.6483532455638907e-05,-4.9058195203542705e-05,0.003574354141950607
2025-05-21,Mineros SA,0.04115807580257533,-0.000621362036543988,-0.0011733415169957015,0.0,0.0002840318559088718,7.15138130751286e-05,-0.0009384115338325501,-0.0004573036432266235
2025-05-21,Nutresa,0.0,-0.0005380073777858265,-0.0011733415169957015,0.0,0.0010475369270775707,0.0010474869197955629,0.00042772945016622543,-0.0002962188795208931
2025-05-21,Promigas,-0.0044020802813146435,-0.0007149685143373056,-0.0011733415169957015,0.0,0.000259343749298741,0.0003266992857655121,0.000189894650131464,-0.0008878927528858185
2025-05-22,Banco de Bogota,-0.003053416330376975,-0.000586932825493063,-0.00046469060422710235,0.0,-0.0005811269192441125,-0.0005811775961336867,-0.0005023905411362647,-0.000610321804881096
2025-05-22,Celsia,-0.00462964630451022,-0.00030958287349268636,3.926981432034697e-06,0.0,0.00013322310298107535,-0.0008075406502261853,0.00011116215586662293,0.00039127042517066006
2025-05-22,ETB,0.0,-0.002398176975020835,-0.002512162040025919,0.0,-0.0009340869589497405,-0.021783715758689582,-0.0011027749031782149,-0.0035875063538551326
2025-05-22,Ecopetrol,0.002812940768557925,-0.00016530178530020198,0.0004679702551065219,0.0,-3.713974719696516e-05,-0.0007246635444800345,0.00010058791935443875,0.001307175189256668
2025-05-22,Grupo Bolivar,-0.006689159781162028,-7.51546060290671e-05,6.128468235090689e-05,0.0,-1.6433540269089178e-05,-1.6483532455638907e-05,-3.768954053521159e-05,0.0027371771931648256
2025-05-22,Mineros SA,-0.016260615550907367,-0.0009541115335001347,-0.002080338350383937,0.0,0.0002840318559088718,-0.003161369973171342,-0.001885860860347748,-0.0009820653051137924
2025-05-22,Nutresa,0.000968210500034861,-0.0004826015761377343,-0.00045629032982072367,0.0,0.0010475369270775707,0.0010474869197955629,0.001075679212808609,0.0013476038724184035
2025-05-22,Promigas,0.0,-0.00044050425942823674,-0.00045629032982072367,0.0,0.000259343749298741,0.0012873175911174981,0.0006846776232123375,0.0010893558263778687
2025-05-23,Banco de Bogota,0.00913267281788156,-0.0005424368946436612,-0.0011733415169957015,0.0,-0.0005811269192441125,-0.0005811775961336867,-0.0002304956279695034,-0.0005220335572957993
2025-05-23,Celsia,0.02293682660951062,-0.0005974033416624145,-0.0011733415169957015,0.0,0.00013322310298107535,0.0011572902122632327,-9.094644337892532e-05,0.00048137570917606355
2025-05-23,ETB,0.0,-0.0011075412997909788,-0.0017072927556708807,0.0,-0.0009340869589497405,-0.007010312000195877,0.0007988578751683235,-0.003710297763347625
2025-05-23,Ecopetrol,0.0,-0.0005747808031822933,-0.0011733415169957015,0.0,-3.713974719696516e-05,0.00019671754025869318,-0.0004192014634609222,5.861696600914001e-05
2025-05-23,Grupo Bolivar,0.006689159781162067,-8.280119557901913e-05,0.0001605301511166071,0.0,-1.6433540269089178e-05,-1.6483532455638907e-05,-0.0002737635858356953,0.002384281694889069
2025-05-23,Mineros SA,0.004090025819512193,-0.0006620624628220779,-0.00044268281309918267,0.0,0.0002840318559088718,0.0016786156810126456,0.00033051567524671556,0.0006659173145890237
2025-05-23,Nutresa,0.005148016517401237,-0.0005116154809565273,-0.0011733415169957015,0.0,0.0010475369270775707,0.0010474869197955629,0.0004558680877089501,0.0008005574494600294
2025-05-23,Promigas,0.002936898899350576,-0.0004894859591411742,-0.0011733415169957015,0.0,0.000259343749298741,0.0005384528953348808,0.00024146659299731257,0.00040761632472276687
2025-05-26,Banco de Bogota,-0.009132672817881587,-8.916781906835486e-06,0.0002980635079896163,0.0,-0.0005811269192441125,-0.0005811775961336867,-0.00042662155628204345,-0.0010570721030235292
2025-05-26,Celsia,-0.0034072507460225668,-7.033065623526482e-05,0.0002558139415860219,0.0,0.00013322310298107535,-0.002486068384482803,-0.0006678893268108368,-0.0014035570919513703
2025-05-26,ETB,0.0,-0.0027411859952648403,-0.005651432868339137,0.0,-0.0009340869589497405,-0.012870960109052221,0.00017886191606521605,-0.002220674619078636
2025-05-26,Ecopetrol,-0.011299552800977095,5.1766340882257716e-05,0.0002980635079896163,0.0,-3.713974719696516e-05,-3.4112442952314816e-05,-0.00020665604248642925,5.802715569734574e-05
2025-05-26,Grupo Bolivar,0.03363103802650924,0.0002947507371971146,0.0006657980831733366,0.0,-1.6433540269089178e-05,-1.6483532455638907e-05,-0.0005299576669931412,0.0009707105457782744
2025-05-26,Mineros SA,-0.006826032868954405,-1.4919103062550052e-05,0.0002980635079896163,0.0,0.0002840318559088718,-3.6798062569644746e-05,-0.0012273530811071395,0.00034863572567701335
2025-05-26,Nutresa,0.010217202546654914,7.132355733802814e-05,0.0002980635079896163,0.0,0.0010475369270775707,0.0010474869197955629,0.0006333467364311218,0.0004231858998537064
2025-05-26,Promigas,0.0,7.464068977797313e-05,0.0002980635079896163,0.0,0.000259343749298741,-0.00026357201520448064,0.00038136311620473866,0.0002039923556149006
2025-05-27,Banco de Bogota,0.009964353143429699,8.844060745011067e-05,0.0007621067816641045,0.0,-0.0005811269192441125,-0.0005811775961336867,-0.00014282793551683427,9.037022292613982e-05
2025-05-27,Celsia,-0.0011382197285328558,-3.361843424865844e-06,0.0002980635079896163,0.0,0.00013322310298107535,0.0022963418380899645,0.0005555836074054241,-0.0005449889749288559
2025-05-27,ETB,0.0,-0.001355590338172546,-0.00023588773068556273,0.0,-0.0009340869589497405,-0.007417766359623386,-0.0002206282615661621,-0.0016971170306205748
2025-05-27,Ecopetrol,0.011299552800977093,0.00027092087113680285,0.0012542629478949857,0.0,-3.713974719696516e-05,-0.0009613540018560217,0.00017902193218469618,0.0009450318813323975
2025-05-27,Grupo Bolivar,0.006146723686519128,0.00040368743040124704,0.0013195407553410732,0.0,-1.6433540269089178e-05,-1.6483532455638907e-05,-0.0006224215924739839,-0.0017726410180330277
2025-05-27,Mineros SA,-0.012405318094183958,0.00010156694907451144,0.0005793781719898329,0.0,0.0002840318559088718,0.0008833477332854574,-0.0002996355593204499,0.0009789214730262757
2025-05-27,Nutresa,0.004437408232123505,9.455984097588665e-05,0.0002980635079896163,0.0,0.0010475369270775707,0.0010474869197955629,0.0006151440367102623,-0.00019523022323846817
2025-05-27,Promigas,0.0,0.00012862668617799177,0.0002980635079896163,0.0,0.000259343749298741,0.00020097815891683313,0.0006340910643339158,0.0001080072745680809
2025-05-28,Banco de Bogota,-0.012239986894012699,-0.00010130393112245497,0.0002980635079896163,0.0,-0.0005811269192441125,-0.0005811775961336867,-0.0004254074469208717,-0.0008550149202346802
2025-05-28,Celsia,-0.02071418294197933,-4.61404816549347e-05,0.0002980635079896163,0.0,0.00013322310298107535,0.00040267087483002975,0.0001790725588798523,0.0001351040005683899
2025-05-28,ETB,0.0,-0.0002454504295438091,-0.00023588773068556273,0.0,-0.0009340869589497405,-0.0039025124509794416,0.0007065830305218696,-0.001034818813204765
2025-05-28,Ecopetrol,0.0,-3.0129423008598302e-05,0.0002980635079896163,0.0,-3.713974719696516e-05,0.0008931291159513916,-0.0003905172310769558,-0.0004964384436607361
2025-05-28,Grupo Bolivar,0.0005571205045123439,-5.2012532201014564e-05,0.0002980635079896163,0.0,-1.6433540269089178e-05,-1.6483532455638907e-05,0.0001239726170897484,-0.0012875416725873948
2025-05-28,Mineros SA,0.0,-2.319590174968458e-06,0.0007621067816641045,0.0,0.0002840318559088718,0.0013536416360926625,-0.0006010052859783172,0.002233736574649811
2025-05-28,Nutresa,0.0,-3.95958467392981e-05,0.0002980635079896163,0.0,0.0010475369270775707,0.0010474869197955629,0.000969824731349945,-7.190627604722977e-05
2025-05-28,Promigas,0.0,0.00014834360720083334,0.0002980635079896163,0.0,0.000259343749298741,0.0003020646236951655,0.0007964463680982589,0.0001285385563969612
2025-05-29,Banco de Bogota,-0.018018475338577394,-0.0004176291663605876,-6.841189829682132e-05,0.0,-0.0005811269192441125,-0.0005811775961336867,-0.00012585920095443726,6.051814556121826e-05
2025-05-29,Celsia,0.022989443335742966,-0.00015415788032106733,0.0001796862272962187,0.0,0.00013322310298107535,0.0019969438884934057,0.0005317047089338303,0.0019486298710107805
2025-05-29,ETB,0.0,-0.0008224197692840331,-0.0017072927556708807,0.0,-0.0009340869589497405,-0.003728942729663581,-0.0009163483530282973,-0.0015966271460056305
2025-05-29,Ecopetrol,0.008391655832403077,-0.000567632075400137,-0.0011733415169957015,0.0,-3.713974719696516e-05,-3.411244295231482e-05,-0.00011157812178134917,-0.001189904347062111
2025-05-29,Grupo Bolivar,-0.026231881806682494,-0.0005473344331468801,-0.0011733415169957015,0.0,-1.6433540269089178e-05,-1.6483532455638907e-05,-0.0002883725315332412,-0.0014229287058115006
2025-05-29,Mineros SA,0.0,-0.00016463700595124224,-0.0005562450131791095,0.0,0.0002840318559088718,0.0003079619071380317,-0.0007530412897467614,0.0021173617243766788
2025-05-29,Nutresa,-0.03606314816796,-0.00046945326635170295,-0.0011733415169957015,0.0,0.0010475369270775707,0.0010474869197955629,0.0006021737232804298,-0.0005518000870943069
2025-05-29,Promigas,0.0,-4.272041263040977e-05,-0.0011733415169957015,0.0,0.000259343749298741,0.0003240611139143524,0.0004167905524373055,-0.00045870615541934967
2025-05-30,Banco de Bogota,0.02170631684571424,-0.00027928285354504037,8.875834512822479e-05,0.0,-0.0005811269192441125,-0.0005811775961336867,0.00020387823507189744,0.001359850451350212
2025-05-30,Celsia,-0.04176937145159767,-0.0007425088323607471,-0.0009408118055837512,0.0,0.00013322310298107535,-0.004045676285193625,-0.0008847193196415901,-0.0016249918341636658
2025-05-30,ETB,0.0,-0.0008304289788122277,-0.0017072927556708807,0.0,-0.0009340869589497405,-0.0029585114550854373,-0.0003903654515743255,-0.0016553830355405807
2025-05-30,Ecopetrol,-0.031119901947656882,-0.0005512981672823354,-0.0011733415169957015,0.0,-3.713974719696516e-05,0.0006545070248152912,-0.00012704615294933317,-0.0019502997994422914
2025-05-30,Grupo Bolivar,-0.0011439584096374444,0.00023856385911496118,0.0008993178312011434,0.0,-1.6433540269089178e-05,-1.6483532455638907e-05,0.0009575698673725128,0.002003228366374969
2025-05-30,Mineros SA,0.0,-0.0005155788902770413,-0.0010164623244318684,0.0,0.0002840318559088718,0.0003079619071380318,-0.0006583797857165337,0.0021922158300876618
2025-05-30,Nutresa,0.036221263434318356,0.0020951097636757727,0.002481334259496473,0.0,0.0010475369270775707,0.0010474869197955629,0.002595476180315018,0.004171725034713745
2025-05-30,Promigas,-0.017751940452213406,-9.489818823050278e-05,-0.0011733415169957015,0.0,0.000259343749298741,0.0003288475666112964,0.0010001920014619827,-0.0006821848303079605
2025-06-02,Mineros SA,0.0,-0.0007094264442574062,-0.0007290241496495132,0.0,0.0002840318559088718,0.0003079619071380318,-0.0009075431078672409,0.002788339972496033
2025-06-03,Mineros SA,0.0,-0.0005984402016429749,-1.1972962474536454e-05,0.0,0.0002840318559088718,0.0003079619071380318,-0.0006910208016633987,0.00346487432718277
2025-06-04,Mineros SA,0.0,-0.0009813126481121345,-1.1972962474536454e-05,0.0,0.0002840318559088718,0.0003079619071380318,-0.0005930866971611975,0.0036022610664367674
2025-06-05,Mineros SA,0.0,-0.0007210678180758919,-1.217108563480445e-05,0.0,0.0002840318559088718,0.0003079619071380318,-0.0006351226009428501,0.005228646457195281
2025-06-06,Mineros SA,0.0,-0.0005281311611697694,-0.0007290241496495132,0.0,0.0002840318559088718,0.0003079619071380318,-0.0006217970214784145,0.0050288639068603504
2025-06-09,Mineros SA,0.0,-0.00036180074043289643,-1.1972962474536454e-05,0.0,0.0002840318559088718,0.0003079619071380318,-0.0001107381656765938,0.00549288684129715
2025-06-10,Mineros SA,0.0,-0.00040243695082385183,-0.0011375874377372852,0.0,0.0002840318559088718,0.0003079619071380318,6.49079829454422e-05,0.005669532954692841
2025-06-11,Mineros SA,0.0,-0.0004366565425899875,-0.0004205362505623073,0.0,0.0002840318559088718,0.0003079619071380318,-0.00016231020539999008,0.005545520544052124
2025-06-12,Mineros SA,0.0,-0.0003048151222469536,-0.00045629032982072367,0.0,0.0002840318559088718,0.0003079619071380318,-0.00043377543985843663,0.003509279698133469
2025-06-13,Mineros SA,0.0,-0.00011164054312976844,0.0002529280584089397,0.0,0.0002840318559088718,0.0003079619071380318,0.00019582387059926984,0.0020666545629501347
2025-06-16,Mineros SA,0.0,-0.00046844055670806906,-0.0011509191096700617,0.0,0.0002840318559088718,0.0003079619071380318,-0.0001273159831762314,0.0009849403649568559
2025-06-17,Mineros SA,-0.03816720966402818,-0.00037246258574917643,-0.0011509191096700617,0.0,0.0002840318559088718,0.0003079619071380318,0.001028351902961731,0.0015937526673078539
2025-06-18,Mineros SA,0.038167209664028076,0.002781778642728363,0.0029639739780748715,0.0,0.0002840318559088718,0.003525185129745042,0.0028392310738563535,0.005260699510574341
2025-06-19,Mineros SA,0.0013859476729948575,0.0009989224356210594,0.0010548908176768875,0.0,0.0002840318559088718,-0.002909261315468969,0.0003023810237646103,0.002646025121212006
2025-06-20,Mineros SA,-0.012543638518086594,0.0009112394937582565,0.0007743058241101099,0.0,0.0002840318559088718,0.00019113641535785513,0.002096281975507736,0.002579111635684967
2025-06-24,Mineros SA,0.023563008939275834,0.0012048462647709464,0.0010703666440336082,0.0,0.0002840318559088718,0.0013653010600814125,0.0027940539419651035,0.0035053944587707516
2025-06-25,Mineros SA,-0.001370748824831175,-0.0016750586546727367,0.0005840621723675064,0.0,0.0002840318559088718,-0.0016782314829798155,-0.0009552356898784638,0.0012176136076450348
2025-06-26,Mineros SA,-0.008264524579992142,0.0006238778245759294,-0.0006694860655461188,0.0,0.0002840318559088718,0.0004235062445529952,0.0004656558111310005,0.0010848958045244217
2025-06-27,Mineros SA,-0.004157915879510304,0.0006562493904416193,0.001348028180858578,0.0,0.0002840318559088718,0.001004602312255637,0.0007931972257792949,0.002138655945658684
2025-06-30,Mineros SA,0.0,0.00012671417096932232,-0.0001096147032406472,0.0,0.0002840318559088718,0.0006584445241005838,0.0003866682276129723,0.0024816398918628695
2025-07-01,Mineros SA,0.0,-0.0005092531307209508,-0.00045629032982072367,0.0,0.0002840318559088718,0.0003079619071380317,3.625868260860443e-05,0.0012275357097387312
2025-07-02,Mineros SA,0.013793189284333518,0.0003996547625916435,0.0006074364839343304,0.0,0.0002840318559088718,0.0003079619071380318,0.00015065735206007958,0.002406635284423828
2025-07-03,Mineros SA,0.0,0.0002977359993428121,0.0002714805935676913,0.0,0.0002840318559088718,-0.00085470545235708,-0.0007913790345191955,0.0008579453974962235
2025-07-04,Mineros SA,0.0,-0.0004532939171482462,-0.0011375874377372852,0.0,0.0002840318559088718,0.0003079619071380318,0.0008911210745573044,0.0005484696663916112
2025-07-07,Mineros SA,0.0,-0.0005036779566102025,-0.0011733415169957015,0.0,0.0002840318559088718,0.0003079619071380318,0.0003641592413187027,5.474248528480527e-05
2025-07-08,Mineros SA,-0.0041180305711624714,-0.000521429435073253,-0.0011733415169957015,0.0,0.0002840318559088718,0.0003079619071380318,-1.694686710834504e-05,-0.00048189362883567814
2025-07-09,Mineros SA,0.0027472817463314834,-0.0005525100723436306,-0.0004205362505623073,0.0,0.0002840318559088718,0.0006550824774278759,0.0003231605403125286,0.00023057619854807855
2025-07-10,Mineros SA,-0.0334759203606957,-0.0005502576777288396,-0.0010527317368626647,0.0,0.0002840318559088718,7.638567426313528e-05,-0.0005173322185873985,-0.0009160735160112382
2025-07-11,Mineros SA,0.03347592036069573,0.0006216804770720137,0.0011375514350819964,0.0,0.0002840318559088718,0.0031297429419742686,0.0010033525377511978,0.0026318713128566746
2025-07-14,Mineros SA,-0.008264524579992142,0.0004907827597790237,0.0007182571431922281,0.0,0.0002840318559088718,-0.002513819127698207,-0.0015460275411605833,-0.0008995635360479355
2025-07-15,Mineros SA,0.009635273404823166,-0.0004406850464897046,-3.265781903840496e-05,0.0,0.0002840318559088718,0.001004602312255637,0.001164197191596031,0.0005534083694219589
2025-07-16,Mineros SA,0.0,-0.00033455968035147796,3.9719392083497814e-05,0.0,0.0002840318559088718,-0.000504222835394524,-0.0008601754605770111,-0.0005267529040575028
2025-07-17,Banco Davivienda PF,0.006343425131620311,-0.00024129220095972913,3.9719392083497814e-05,0.0,-0.0006454253043854547,-0.0006454751584270469,-0.000667431753128767,-0.00035257218778133394
2025-07-17,Banco de Bogota,-0.0024954767387587525,-0.0001996606379335478,3.9719392083497814e-05,0.0,-0.0005811269192441125,-0.0005811775961336867,-0.00033884116262197496,-0.0006521055996418
2025-07-17,Celsia,0.019598263628502807,-0.00043655314732023935,-2.5301743200965003e-06,0.0,0.00013322310298107535,0.0006412477813029501,0.00022825283557176588,-0.00362828266620636
2025-07-17,ETB,0.0,-0.0002726610585953079,-0.0004942318465916813,0.0,-0.0009340869589497405,-0.0014106341435518549,-0.0003139918744564057,-0.0008863692805171014
2025-07-17,Ecopetrol,-0.0027894014896559594,-0.00014977305193361048,3.9719392083497814e-05,0.0,-3.713974719696516e-05,-3.4112442952314816e-05,-0.00021856533735990525,-0.00025373033434152606
2025-07-17,Grupo Bolivar,0.005151889239392017,-8.770974799664507e-05,0.0006194171790651456,0.0,-1.6433540269089178e-05,-1.6483532455638907e-05,3.704399988055229e-05,0.001175703391432762
2025-07-17,Mineros SA,-0.001370748824831175,-0.0001843415142675766,3.9719392083497814e-05,0.0,0.0002840318559088718,0.0003079619071380318,8.363375812768937e-05,-0.0002937293201684952
2025-07-17,Nutresa,0.0,-0.00010571248656698993,3.9719392083497814e-05,0.0,0.0010475369270775707,0.0010474869197955629,0.000909410536289215,0.00025179933011531825
2025-07-17,Promigas,0.01336312334381591,-0.00022785264532069463,3.9719392083497814e-05,0.0,0.000259343749298741,0.0009451247936421988,0.0003740796893835068,0.0003996429890394211
2025-07-18,Banco Davivienda PF,0.008097291896662617,0.0008171861850192831,0.0013617903217446677,0.0,-0.0006454253043854547,-0.0006454751584270469,-0.0007245620042085648,-0.0007055984586477281
2025-07-18,Banco de Bogota,0.0037407225007966456,-8.018314710175134e-05,0.0002980635079896163,0.0,-0.0005811269192441125,-0.0005811775961336867,-0.0003062575906515121,-0.0002269698604941368
2025-07-18,Celsia,-0.011393129663668561,-0.00015711882133374056,0.0002896632335832376,0.0,0.00013322310298107535,0.0004254514174938659,-2.992193400859832e-05,-0.0032422828078269962
2025-07-18,ETB,-0.04652001563489282,0.0009751782643561114,0.0008278390830694909,0.0,-0.0009340869589497405,-0.0014696325539090738,-0.0001200661510229111,-0.000520151197910309
2025-07-18,Ecopetrol,-0.00841519511130507,7.010945647733299e-05,0.0002980635079896163,0.0,-3.713974719696516e-05,-0.00026301079240321145,-0.0003263932764530182,-2.5160461664199826e-05
2025-07-18,Grupo Bolivar,0.01050674813728914,-8.119215261826754e-05,0.0002980635079896163,0.0,-1.6433540269089178e-05,-1.6483532455638907e-05,-0.0007172736003994943,0.0003413971103727818
2025-07-18,Mineros SA,0.004106755874273321,-7.846158891027953e-06,0.0002980635079896163,0.0,0.0002840318559088718,0.00042350624455299524,-0.0005453680828213692,0.00024154766649007797
2025-07-18,Nutresa,0.0,0.0003316613357996397,0.0002980635079896163,0.0,0.0010475369270775707,0.0010474869197955629,0.0006483699679374695,0.0005333710014820099
2025-07-18,Promigas,0.01754438509366238,1.7014028310402657e-05,0.0002980635079896163,0.0,0.000259343749298741,-0.002443834131062299,0.0002632876411080361,-0.0009737111330032349
2025-07-21,Banco Davivienda PF,-0.00809729189666256,-0.0004318384010317953,-0.000677331795091479,0.0,-0.0006454253043854547,-0.0006454751584270469,-0.0005883161090314388,-0.0014233839213848114
2025-07-21,Banco de Bogota,-0.009378044536577142,-0.00038856242471549315,-0.000677331795091479,0.0,-0.0005811269192441125,-0.0005811775961336867,-0.00035848996788263323,-0.0005600906684994697
2025-07-21,Celsia,-0.04038803209955186,-0.0003757004124960722,0.0004275978236073999,0.0,0.00013322310298107535,0.003158020652400526,0.0009377837479114531,-0.0007518119439482688
2025-07-21,ETB,0.0,0.0038337538691175094,0.003992467353413868,0.0,-0.0009340869589497405,0.011397777792862029,0.0026400010287761693,0.004600166618824005
2025-07-21,Ecopetrol,0.011204596600960928,-3.6810306572978207e-06,0.000795332398791121,0.0,-3.713974719696516e-05,-0.0007246635444800347,0.000311331644654274,0.0006069567799568176
2025-07-21,Grupo Bolivar,-0.0014132567418536485,-0.00033529982630072386,-0.000677331795091479,0.0,-1.6433540269089178e-05,-1.6483532455638907e-05,-6.066738441586495e-05,-0.0005466108024120332
2025-07-21,Mineros SA,0.02162254605766979,-0.0003635068037311185,-0.000677331795091479,0.0,0.0002840318559088718,-3.820828671667522e-05,-0.00022964859008789063,-3.3941537141799924e-05
2025-07-21,Nutresa,0.0,-0.0003374327433886234,-0.000677331795091479,0.0,0.0010475369270775707,0.0010474869197955629,0.0011215235888957975,0.0005258079618215561
2025-07-21,Promigas,-0.02792255425991692,-0.00039154962777256536,-0.0006857320694978575,0.0,0.000259343749298741,-0.004091119802690014,0.0007906975522637367,-0.001911476820707321
2025-07-22,Banco Davivienda PF,0.0,-0.0005051639089097452,-6.841189829682132e-05,0.0,-0.0006454253043854547,-0.0006454751584270469,-0.0005944716930389403,-0.0010562945902347566
2025-07-22,Banco de Bogota,0.014343899722395914,-0.000483761803913843,-6.841189829682132e-05,0.0,-0.0005811269192441125,-0.0005811775961336867,-0.0005134926661849021,-0.0004513454362750053
2025-07-22,Celsia,0.009714134643642906,0.001136247737436849,0.0014176074457414195,0.0,0.00013322310298107535,0.003526142311866054,0.0011850436478853226,0.0037120037972927095
2025-07-22,ETB,0.0,0.0017350226549867672,0.001256184425673608,0.0,-0.0009340869589497405,0.0019086731279768642,-0.0003272768035531044,0.0013002615720033644
2025-07-22,Ecopetrol,-0.008391655832403134,-0.0005637593693815227,-0.0011733415169957015,0.0,-3.713974719696516e-05,0.0008853370080262933,-0.0006900121793150902,-0.0019992150366306308
2025-07-22,Grupo Bolivar,-0.007097208562102937,-0.0005566953125884026,-0.0011733415169957015,0.0,-1.6433540269089178e-05,-1.6483532455638907e-05,-0.00039522686600685123,-0.0009919296205043791
2025-07-22,Mineros SA,0.0,-5.1981002058405346e-06,-0.00015186426964424157,0.0,0.0002840318559088718,-0.0015146643189072031,-0.00129745814204216,-0.0023704942762851713
2025-07-22,Nutresa,0.0,-0.0005110183927895699,-0.0011733415169957015,0.0,0.0010475369270775707,0.0010474869197955629,0.00046962274610996244,-0.0005023921877145767
2025-07-22,Promigas,-0.0044809014634643865,0.00011878549683365607,0.0008993178312011434,0.0,0.000259343749298741,0.0054440695595737365,0.0015896557122468946,0.001124390721321106
2025-07-23,Banco Davivienda PF,-0.006343425131620363,-0.0004206060414354464,-0.00045629032982072367,0.0,-0.0006454253043854547,-0.0006454751584270469,-0.0006631634160876274,-0.0009523481279611588
2025-07-23,Banco de Bogota,-0.009331437310200542,-0.0005144658584079801,-0.00045629032982072367,0.0,-0.0005811269192441125,-0.0005811775961336867,-0.0010422259308397771,-0.0021476873159408565
2025-07-23,Celsia,0.005356124325803852,0.0002635313346452176,6.983706491519173e-05,0.0,0.00013322310298107535,-0.0046395986836134705,-0.0005415736660361291,0.00024141282960772514
2025-07-23,ETB,0.0,0.00067209348302639,0.0014471082181126693,0.0,-0.0009340869589497405,0.005609304609483489,0.0004055900946259499,0.00010521465167403221
2025-07-23,Ecopetrol,0.011173298199679091,-0.00039570235939469564,7.752943853763962e-06,0.0,-3.713974719696516e-05,-0.0007227319107199258,6.059009581804274e-05,-0.0008776459172368049
2025-07-23,Grupo Bolivar,0.001423199990450699,-0.0003826057212766547,-0.0001749756658205072,0.0,-1.6433540269089178e-05,-1.6483532455638907e-05,-0.00016982252523303027,-0.00011427159979939463
2025-07-23,Mineros SA,0.0026701897367009952,-6.989240269388484e-05,0.0006074364839343304,0.0,0.0002840318559088718,0.0003079619071380317,-0.00012431688606739046,-0.0012334268540143967
2025-07-23,Nutresa,0.0,-0.00036277630882934056,-0.00045629032982072367,0.0,0.0010475369270775707,0.0010474869197955629,0.0007202567532658577,-0.00016383757442235946
2025-07-23,Promigas,-0.004501152253051505,-0.00021971771535346478,6.983706491519173e-05,0.0,0.000259343749298741,0.0024180127320410664,0.00048588022217154505,0.0005904488191008567
2025-07-24,Banco Davivienda PF,0.0,-0.0004093101671389858,-0.0001749756658205072,0.0,-0.0006454253043854547,-0.0006454751584270469,-0.000684961974620819,-0.0006698463559150696
2025-07-24,Banco de Bogota,0.008711996138506433,-0.0004324291738502458,7.752943853763962e-06,0.0,-0.0005811269192441125,-0.0005811775961336867,-0.000254038080573082,-0.0011429804861545563
2025-07-24,Celsia,0.014846619650377157,-0.0005570026903371093,-0.00045629032982072367,0.0,0.00013322310298107535,-0.000314761109770121,0.0002330834567546844,-0.0010371950417757034
2025-07-24,ETB,0.0,-5.339423268974564e-05,0.0003833814043576169,0.0,-0.0009340869589497405,0.002145023776667342,-7.866148650646212e-05,-0.0010430094599723815
2025-07-24,Ecopetrol,-0.025317802510912833,-0.0005533458369812509,-0.00045629032982072367,0.0,-3.713974719696516e-05,0.0008827686605078626,-0.0007193333953619004,-0.0024272831678390505
2025-07-24,Grupo Bolivar,0.0014216385013115006,-0.0004776435725506095,-0.00045629032982072367,0.0,-1.6433540269089178e-05,-1.6483532455638907e-05,-0.0003660077415406704,-0.0007088611721992493
2025-07-24,Mineros SA,0.0066445435809840275,-0.0005324975278240056,-0.00045629032982072367,0.0,0.0002840318559088718,8.288398016089143e-05,-0.000769542157649994,-0.0014554574936628342
2025-07-24,Nutresa,-0.026194201090823717,-0.00047671563001961754,-0.00045629032982072367,0.0,0.0010475369270775707,0.0010474869197955629,0.0003631114661693573,-0.0005284633859992027
2025-07-24,Promigas,0.0074907310171287295,-0.0004631949650372093,-0.00045629032982072367,0.0,0.000259343749298741,0.0017639470936845626,0.0007013976611196994,0.0001934475563466549
2025-07-25,Banco Davivienda PF,-0.026717396902395232,-0.0006078080571621719,-0.001088485816121081,0.0,-0.0006454253043854547,-0.0006454751584270469,-0.0012421128153800964,-0.001559832900762558
2025-07-25,Banco de Bogota,0.001857045410239801,-0.0007157619833223245,-0.001088485816121081,0.0,-0.0005811269192441125,-0.0005811775961336867,-0.001299892634153366,-0.0027513549327850342
2025-07-25,Celsia,-0.013778828768601162,-0.0004083493952516314,-0.0008962028787721924,0.0,0.00013322310298107535,-0.0004888500800241781,-0.0008210454732179642,-0.0029559226632118224
2025-07-25,ETB,0.0,-0.00018854966601590986,0.00019550328540344778,0.0,-0.0009340869589497405,-0.00010202250029390375,-0.0008042358160018921,-0.0004009614698588848
2025-07-25,Ecopetrol,0.005681832227005593,8.076623136801091e-05,0.0005118345840674524,0.0,-3.713974719696516e-05,-0.0021116918907163897,0.00027776136249303815,0.00018383696302771564
2025-07-25,Grupo Bolivar,-0.0017060241220449514,-0.0006726994673755073,-0.001088485816121081,0.0,-1.6433540269089178e-05,-1.6483532455638907e-05,-0.00042905544117093086,-0.0014802716374397278
2025-07-25,Mineros SA,-0.0013253943645023768,-0.0005849667538477138,-0.001088485816121081,0.0,0.0002840318559088718,-0.0002521256680486219,-0.0008439936190843582,-0.0021359979808330534
2025-07-25,Nutresa,0.018779894651596275,0.00017222806423355003,0.0007041175214163403,0.0,0.0010475369270775707,0.0010474869197955629,0.0011487641036510468,0.0019120890945196153
2025-07-25,Promigas,-0.008995601350762567,-0.0005546135008819841,-0.001088485816121081,0.0,0.000259343749298741,-0.0009878208318131105,-0.00023308051750063895,-0.0016715012043714526
2025-07-28,Banco Davivienda PF,0.003727854978204083,-1.0250824788434706e-05,0.0006192618205417198,0.0,-0.0006454253043854547,-0.0006454751584270469,0.00016324121505022047,0.0016101222038269042
2025-07-28,Banco de Bogota,0.00884441478730046,-0.0007267840115047102,-0.0011733415169957015,0.0,-0.0005811269192441125,-0.0005811775961336867,-0.0003605168089270592,-0.002065570831298828
2025-07-28,Celsia,0.020074669025377818,-0.00024771485064076763,0.00012387103905206576,0.0,0.00013322310298107535,0.0029503451787316905,0.0004859844222664833,-0.00036437600106000904
2025-07-28,ETB,0.0,-0.0011278255299351945,-0.0017072927556708807,0.0,-0.0009340869589497405,-0.0002191659570070012,-0.00035882796347141266,-0.0008764723241329192
2025-07-28,Ecopetrol,0.01685432791663124,-0.0006289605328940941,-0.0006472141222597851,0.0,-3.713974719696516e-05,0.000432138838349934,-0.000433888915926218,-0.0010350118726491927
2025-07-28,Grupo Bolivar,0.01496993862644784,-0.0007000964200148163,-0.0011733415169957015,0.0,-1.6433540269089178e-05,-1.6483532455638907e-05,-6.971799582242965e-05,-0.0007857546359300614
2025-07-28,Mineros SA,3.3674845919914233e-06,-0.0007207413236833564,-0.0011733415169957015,0.0,0.0002840318559088718,0.00041968318742351005,-3.0872195959091156e-05,-0.0009276949018239975
2025-07-28,Nutresa,0.0,-0.000616044051179128,-0.000724288291871428,0.0,0.0010475369270775707,0.0010474869197955629,0.00013928291201591495,-0.00045710162073373786
2025-07-28,Promigas,0.02821272318493995,0.0005447505948989912,0.0011875978528071186,0.0,0.000259343749298741,0.002000830646744285,0.0011373647823929786,6.769324839115143e-05
2025-07-29,Banco Davivienda PF,0.041008065624693654,7.733312047473575e-05,0.0006656469880992624,0.0,-0.0006454253043854547,-0.0006454751584270469,-0.0013057864978909494,0.0005599852204322815
2025-07-29,Banco de Bogota,-0.006176597194009234,-0.0003438617120384089,3.9719392083497814e-05,0.0,-0.0005811269192441125,-0.0005811775961336867,-0.0007536641843616963,-0.0015814072489738463
2025-07-29,Celsia,-0.02114245990715397,-0.0004754698771672138,-2.5301743200965003e-06,0.0,0.00013322310298107535,-0.002902006446656088,-0.0011471378356218338,-0.001307265430688858
2025-07-29,ETB,0.0,-0.00046256985024668417,-0.0004942318465916813,0.0,-0.0009340869589497405,-0.0007104726601971488,-0.00034795381128788,-0.000297512874007225
2025-07-29,Ecopetrol,0.005555568658694602,-0.0003464002511409598,3.131911767711915e-05,0.0,-3.713974719696516e-05,0.0013489540878169404,-0.0005275888852775097,-0.0016816126108169557
2025-07-29,Grupo Bolivar,0.020258688855253032,-0.0003094270525750004,3.9719392083497814e-05,0.0,-1.6433540269089178e-05,-1.6483532455638907e-05,-0.0007438818290829659,-0.0009013849645853042
2025-07-29,Mineros SA,0.01969860208717345,-0.00034362363044853543,3.9719392083497814e-05,0.0,0.0002840318559088718,0.0003076780522341367,-0.0011410048305988312,9.441538900136948e-05
2025-07-29,Nutresa,0.0077220460939103185,-0.00024604083816091345,3.9719392083497814e-05,0.0,0.0010475369270775707,0.0010474869197955629,0.0008481356650590896,0.0003263562172651291
2025-07-29,Promigas,-0.011782165626621321,-0.0006243034430781306,-2.5301743200965003e-06,0.0,0.000259343749298741,-0.005445395763051056,-0.000789374127984047,-0.0016552852988243102
2025-07-30,Banco Davivienda PF,-0.029907070052866174,0.0008335759880148842,0.0013195407553410732,0.0,-0.0006454253043854547,-0.0006454751584270469,-0.0011012027412652969,-0.001171059966087341
2025-07-30,Banco de Bogota,-0.003724430809581684,-5.852927830431966e-06,0.0005793781719898329,0.0,-0.0005811269192441125,-0.0005811775961336867,0.0002915277332067489,0.00048081383109092716
2025-07-30,Celsia,0.0021344428022493215,0.00031652821737294473,0.0009340400651065595,0.0,0.00013322310298107535,0.00364973826582195,0.001446268871426582,0.002243731737136841
2025-07-30,ETB,0.0,0.00011041646250444026,-0.00023588773068556273,0.0,-0.0009340869589497405,-0.0011483437342584986,0.0006381079033017159,0.0006530335694551468
2025-07-30,Ecopetrol,-0.01676016525965559,-0.00010811787590212603,0.0002980635079896163,0.0,-3.713974719696516e-05,0.00042177764707311614,0.00030080788210034377,-0.00048641537129879
2025-07-30,Grupo Bolivar,-0.01104995757827865,0.000796973191365668,0.0013195407553410732,0.0,-1.6433540269089178e-05,-1.6483532455638907e-05,-0.00010154404118657111,-0.0003701706938445568
2025-07-30,Mineros SA,-0.017049641200100298,-0.00014888171113839016,0.0002896632335832376,0.0,0.0002840318559088718,-0.0013524895810795837,-0.000777782566845417,9.720682352781299e-05
2025-07-30,Nutresa,0.0,7.127952336616083e-05,0.0002980635079896163,0.0,0.0010475369270775707,0.0010474869197955629,0.0014344758540391922,0.0009782470166683197
2025-07-30,Promigas,0.004434535658085299,4.713986017692961e-05,0.0007621067816641045,0.0,0.000259343749298741,0.0016372174803544358,0.0015080041810870172,0.0010791459977626803
2025-07-31,Banco Davivienda PF,0.023637414119873603,6.808794443444393e-05,0.0008560041090293939,0.0,-0.0006454253043854547,-0.0006454751584270469,0.0005609755814075469,-0.0008248724974691868
2025-07-31,Banco de Bogota,0.0043437590253689205,-0.00038590435791554427,-0.0004641231287660372,0.0,-0.0005811269192441125,-0.0005811775961336867,-0.0013429196476936341,-0.0019112282097339631
2025-07-31,Celsia,0.0021300034452237863,-0.00047939164621434513,-0.00018934385095049469,0.0,0.00013322310298107535,-0.0014397740458100044,-0.0011553498953580856,-0.001194000467658043
2025-07-31,ETB,0.0,-0.0005458247756086869,-0.0009980743674412166,0.0,-0.0009340869589497405,-0.0012842712145922307,-0.000819919839501381,-0.002269182160496712
2025-07-31,Ecopetrol,-0.011331563542675826,-0.00018613152846256486,0.0007979767333578882,0.0,-3.713974719696516e-05,-0.0014094519839563588,2.8021782636642466e-05,-0.0013282481580972672
2025-07-31,Grupo Bolivar,0.006644638270126053,0.00016295215332369373,0.0017045333036878945,0.0,-1.6433540269089178e-05,-1.6483532455638907e-05,0.00011825400218367578,-0.0016565723121166227
2025-07-31,Mineros SA,0.0,-0.00026442443241574067,0.0007979767333578882,0.0,0.0002840318559088718,0.001745124908806904,4.484940692782403e-05,-0.0008255293071269988
2025-07-31,Nutresa,0.0,-0.00014365264987209198,-0.0004641231287660372,0.0,0.0010475369270775707,0.0010474869197955629,0.0004512062370777131,-0.0016353350877761838
2025-07-31,Promigas,-0.011869491865641603,-0.0005047082901062841,-0.0004641231287660372,0.0,0.000259343749298741,-0.0003503668980512703,-0.0005335612148046493,-0.002151690900325775
2025-08-01,Banco Davivienda PF,-0.0036003493116840216,-9.41256514293e-05,0.0003427267929759162,0.0,-0.0006454253043854547,-0.0006454751584270469,-0.0006939825490117072,-0.0021476789861917494
2025-08-01,Banco de Bogota,-0.012461069061034872,-0.00014022402057987864,6.214179940913783e-05,0.0,-0.0005811269192441125,-0.0005811775961336867,-0.00023945785686373713,-0.0012166551873087884
2025-08-01,Celsia,0.02209454137359206,-6.527140175665753e-05,6.214179940913783e-05,0.0,0.00013322310298107535,-0.00037971137218051234,0.00038883722573518755,-0.0006717069000005721
2025-08-01,ETB,0.0,-0.00021903542428753202,-0.00047180943926604136,0.0,-0.0009340869589497405,-0.001386742669227625,0.0005174445733428003,-0.0014058493524789811
2025-08-01,Ecopetrol,-0.020144561637393123,-2.2878548564999662e-05,0.0005261850730836258,0.0,-3.713974719696516e-05,-0.0009639808040452046,0.0007195759266614914,0.00036411349475383756
2025-08-01,Grupo Bolivar,-0.005533827717172773,-0.00014865689223320731,6.214179940913783e-05,0.0,-1.6433540269089178e-05,-1.6483532455638907e-05,-8.218210190534537e-06,-0.0009028662741184235
2025-08-01,Mineros SA,-0.001323570982852053,-0.0002140456958570861,6.214179940913783e-05,0.0,0.0002840318559088718,0.0003079619071380317,-0.00018877973407506942,-0.00011849536001682281
2025-08-01,Nutresa,0.0,-8.102691909913613e-05,6.214179940913783e-05,0.0,0.0010475369270775707,0.0010474869197955629,0.0017103081941604614,-0.0001450337208807469
2025-08-01,Promigas,-0.007490731017128816,-3.103603110530087e-06,0.0005261850730836258,0.0,0.000259343749298741,0.002764901820764417,0.0011984934508800507,0.00030686844512820244
2025-08-04,Banco Davivienda PF,0.0,-0.0003008923537356819,-0.0005104624549156997,0.0,-0.0006454253043854547,-0.0006454751584270469,-0.0005451493039727211,-0.002777783989906311
2025-08-04,Banco de Bogota,0.0,-0.000276110600020749,0.0005944671637831792,0.0,-0.0005811269192441125,-0.0005811775961336867,-0.0010333844423294069,-0.0011735361069440842
2025-08-04,Celsia,0.0,-0.0005102743618609926,-0.0005527120213192938,0.0,0.00013322310298107535,-0.0018566235571562239,-0.001347098246216774,-0.003828473150730133
2025-08-04,ETB,0.0,-0.00013347441943570144,-0.0010444136935908793,0.0,-0.0009340869589497405,-0.0014736136227520803,-0.0007932602614164352,-0.002652134478092194
2025-08-04,Ecopetrol,0.0,7.453911245769287e-05,0.0008514376084880756,0.0,-3.713974719696516e-05,-0.0016871756274062172,-0.0002130332104861736,0.0007716460675001144
2025-08-04,Grupo Bolivar,0.0,-0.0002600847684306351,-0.0005104624549156997,0.0,-1.6433540269089178e-05,-1.6483532455638907e-05,-6.219609454274177e-05,-0.0016217996180057526
2025-08-04,Mineros SA,0.0,-0.0002929812280663248,-0.0005104624549156997,0.0,0.0002840318559088718,0.00041952948937115734,-0.0007614437639713288,-0.0013219009786844254
2025-08-04,Nutresa,0.0,-0.00016193875800795554,-0.0005104624549156997,0.0,0.0010475369270775707,0.0010474869197955629,4.5213803648948674e-05,-0.001516131818294525
2025-08-04,Promigas,0.0,-0.0002687588623954031,0.00030583420102497786,0.0,0.000259343749298741,0.002489964989865776,-0.00046754183247685424,-0.0006436940282583236
2025-08-05,Banco Davivienda PF,0.03281888979796602,-0.00046868787946108194,-0.0001817372967834174,0.0,-0.0006454253043854547,-0.0006454751584270469,-0.0008616860657930374,-0.0018392278403043748
2025-08-05,Banco de Bogota,0.009360264801432067,-0.0005848878651958666,-0.0006260546641296042,0.0,-0.0005811269192441125,-0.0005811775961336867,-0.0010960601083934308,-0.0013116398751735687
2025-08-05,Celsia,-0.01996906520164517,-0.0002593294542343619,-0.0001817372967834174,0.0,0.00013322310298107535,0.002074345699893244,0.0007873735688626766,-0.0023764777779579165
2025-08-05,ETB,0.0,2.8957993806276433e-05,-0.0011600059028047834,0.0,-0.0009340869589497405,-0.0015156994088224485,-0.0009545578211545943,-0.0021099627315998076
2025-08-05,Ecopetrol,0.008683120642133753,-4.8032329298723384e-05,-0.00027689253421688475,0.0,-3.713974719696516e-05,-3.4112442952314816e-05,5.652027949690819e-05,0.002351845160126686
2025-08-05,Grupo Bolivar,0.006912736608276753,-0.0006583352708293107,-0.0006260546641296042,0.0,-1.6433540269089178e-05,-1.6483532455638907e-05,-0.0003219204731285572,-0.0016211002320051192
2025-08-05,Mineros SA,-0.020067563487791984,-0.00046153856864946573,-0.0001817372967834174,0.0,0.0002840318559088718,0.0003079619071380318,-0.0005059846080839634,-0.0005277690142393112
2025-08-05,Nutresa,0.0,-0.0005954316178856169,-0.0006260546641296042,0.0,0.0010475369270775707,0.0010474869197955629,0.00017006767913699147,-0.001832538202404976
2025-08-05,Promigas,0.013443047046559638,-0.00044371633822269413,-0.0004337717267807172,0.0,0.000259343749298741,0.0008001498673449989,0.00019690285995602606,-0.0004024282917380333
2025-08-06,Banco Davivienda PF,0.016443468343464593,-0.0008427121812638,-0.002080338350383937,0.0,-0.0006454253043854547,-0.0006454751584270469,-0.001344583421945572,-0.0029451951682567595
2025-08-06,Banco de Bogota,-0.006230474464902286,-0.0005195018499806666,-0.00045629032982072367,0.0,-0.0005811269192441125,-0.0005811775961336867,-0.0007594379298388957,-0.0012385266572237015
2025-08-06,Celsia,0.0,-0.0003237541521294043,0.00024782904820808604,0.0,0.00013322310298107535,0.002595088976017371,0.0008822310157120229,0.0011803933680057527
2025-08-06,ETB,0.0,0.00020054758189627693,-0.0009902415684959025,0.0,-0.0009340869589497405,-0.0015408992528632216,0.0001263845562934875,-0.0008892508894205094
2025-08-06,Ecopetrol,0.008608372638381644,-0.00038781408017975546,-0.00026400739247183636,0.0,-3.713974719696516e-05,0.000678424633706581,-0.0005319971814751626,0.0003990917652845383
2025-08-06,Grupo Bolivar,0.0008263442073492265,-0.0004926897825443145,-0.00045629032982072367,0.0,-1.6433540269089178e-05,-1.6483532455638907e-05,-0.00010364209488034248,-0.0007314829677343368
2025-08-06,Mineros SA,0.026668226244987304,-0.000196511121895585,0.0003156903945098107,0.0,0.0002840318559088718,0.001999514206674173,2.9718719422817237e-05,0.002262649595737457
2025-08-06,Nutresa,0.0,-0.0006513241790228783,-0.00045629032982072367,0.0,0.0010475369270775707,0.0010474869197955629,0.0007513184547424317,-0.00036709199845790864
2025-08-06,Promigas,-0.005952316029430909,-0.0005530386780833507,-0.00045629032982072367,0.0,0.000259343749298741,-0.002492772240678213,-3.789239376783372e-05,-0.001035118877887726
2025-08-07,Banco Davivienda PF,0.0,-0.0003572934147293267,3.131911767711915e-05,0.0,-0.0006454253043854547,-0.0006454751584270469,-0.00018016918003559113,-0.0026897841095924377
2025-08-07,Banco de Bogota,0.0,-0.0003480307404672102,0.00032103405608371416,0.0,-0.0005811269192441125,-0.0005811775961336867,0.00021570428460836408,0.00014783998578786847
2025-08-07,Celsia,0.0,-0.00025523483487856316,3.9719392083497814e-05,0.0,0.00013322310298107535,-0.0016887343707832688,-0.00023613471537828448,0.001140658661723137
2025-08-07,Ecopetrol,0.0,-0.0002924689331273132,3.9719392083497814e-05,0.0,-3.713974719696516e-05,0.0006722908108248422,-0.0003574447557330131,-4.619353637099267e-05
2025-08-07,Grupo Bolivar,0.0,-0.0003283273186015047,3.9719392083497814e-05,0.0,-1.6433540269089178e-05,-1.6483532455638907e-05,-0.000465153269469738,0.00023908208683133124
2025-08-07,Mineros SA,0.0,-0.00047075418291644836,-2.5301743200965003e-06,0.0,0.0002840318559088718,-0.0019399791274923675,-0.0016564242839813234,-0.00020012547448277474
2025-08-07,Nutresa,0.0,-0.000612679493171528,3.9719392083497814e-05,0.0,0.0010475369270775707,0.0010474869197955629,0.0007937632501125336,0.0004374523088335991
2025-08-07,Promigas,0.0,-0.0002634327184182953,3.9719392083497814e-05,0.0,0.000259343749298741,0.0010111309379879855,-2.182751148939136e-05,0.0006190988123416901
2025-08-08,Banco Davivienda PF,0.015332479492845344,-0.00019371987717952703,0.00048403675942968507,0.0,-0.0006454253043854547,-0.0006454751584270469,-0.0002170624732971191,-0.0009111406356096267
2025-08-08,Banco de Bogota,0.00933127872450507,-0.00029165012891385357,3.9719392083497814e-05,0.0,-0.0005811269192441125,-0.0005811775961336867,-0.0006923773661255837,0.00061893892288208
2025-08-08,Celsia,0.03954716138664769,1.2836917583105073e-06,0.00019659858464733025,0.0,0.00013322310298107535,-0.0002872071188847298,0.0002377770245075226,0.002367959454655647
2025-08-08,Ecopetrol,-0.00573067344714239,0.00012044980490447225,0.00048403675942968507,0.0,-3.713974719696516e-05,-3.411244295231482e-05,0.0004984679892659187,0.0026177359372377396
2025-08-08,Grupo Bolivar,0.016655652501452407,-0.0003205917755923705,3.9719392083497814e-05,0.0,-1.6433540269089178e-05,-1.6483532455638907e-05,-0.0004190063811838628,0.000514774803072214
2025-08-08,Mineros SA,0.023408054232086698,-0.00025796287326037176,0.00019659858464733025,0.0,0.0002840318559088718,0.0003079619071380317,8.63991267979145e-05,0.001096127837896347
2025-08-08,Nutresa,-0.007722046093910278,-0.00048135820653957904,3.9719392083497814e-05,0.0,0.0010475369270775707,0.0010474869197955629,0.00046895410120487217,0.0006211221031844616
2025-08-08,Promigas,0.0,-0.0002274638585247858,3.9719392083497814e-05,0.0,0.000259343749298741,0.0004783544733794276,-0.00028672720491886136,0.0013744828402996062
2025-08-11,Banco Davivienda PF,0.01593325104509928,2.9420084773308896e-05,0.0002980635079896163,0.0,-0.0006454253043854547,-0.0006454751584270469,-0.0003619735911488533,-3.282051160931588e-05
2025-08-11,Banco de Bogota,0.01230776309446892,-1.0508792438222094e-05,0.0002980635079896163,0.0,-0.0005811269192441125,-0.0005811775961336867,-0.00022710100561380386,0.0008054703474044799
2025-08-11,Celsia,0.00813021648583698,-0.00033730434032554685,-0.0013259845125735978,0.0,0.00013322310298107535,-0.0038345113966424594,-0.0005818947106599807,-8.464370667934416e-05
2025-08-11,Ecopetrol,-0.008658060822919337,2.3681222663640173e-05,0.0002980635079896163,0.0,-3.713974719696516e-05,-0.0005043716358857645,0.00016115429997444155,0.0030245862603187562
2025-08-11,Grupo Bolivar,0.00498565328456369,0.0006608339435766116,0.001353390047338289,0.0,-1.6433540269089178e-05,-1.6483532455638907e-05,-0.0006467270329594613,0.0007794457376003267
2025-08-11,Mineros SA,-0.02209318520288654,-6.22907320041856e-05,0.0002558139415860219,0.0,0.0002840318559088718,-0.0016651699076954424,-0.0008830834776163102,0.000732900619506836
2025-08-11,Nutresa,0.0,6.977315630676107e-06,0.0006448055544509396,0.0,0.0010475369270775707,0.0010474869197955629,0.0017818321883678438,0.002663504540920258
2025-08-11,Promigas,0.014815041552862966,-2.2901086104559223e-05,0.0002980635079896163,0.0,0.000259343749298741,0.00036242191684504295,-4.726490378379824e-05,0.002104130029678345
2025-08-12,Banco Davivienda PF,0.0016625464045364365,0.0001744869693384915,0.0002980635079896163,0.0,-0.0006454253043854547,-0.0006454751584270469,-0.0005128646790981293,-0.0010358735173940658
2025-08-12,Banco de Bogota,0.010343897254849944,4.956555183358777e-06,0.0002980635079896163,0.0,-0.0005811269192441125,-0.0005811775961336867,-0.00018793826550245283,-0.0003431134894490242
2025-08-12,Celsia,-0.004056845713161641,-3.340605626060276e-05,0.0002980635079896163,0.0,0.00013322310298107535,0.002674022496021149,0.0005703508257865905,7.93949514627457e-06
2025-08-12,Ecopetrol,0.0,0.0003863534641127138,0.0008865283727112668,0.0,-3.713974719696516e-05,-0.0007445931102786031,0.00023426704108715058,0.004546996414661409
2025-08-12,Grupo Bolivar,0.0005401913055628053,-1.0525318866120206e-06,0.0002980635079896163,0.0,-1.6433540269089178e-05,-1.6483532455638907e-05,-0.0006825357675552368,0.0004633902087807655
2025-08-12,Mineros SA,0.02466059760545899,0.0003669391425833078,0.0010584616561537218,0.0,0.0002840318559088718,0.002170259652290578,0.000836698204278946,0.0038969135284423833
2025-08-12,Nutresa,0.0,-2.7367206893114942e-05,0.0002980635079896163,0.0,0.0010475369270775707,0.0010474869197955629,0.0012760097905993462,0.0023098769485950473
2025-08-12,Promigas,-0.0014716502040074341,4.853171735647836e-05,0.0002980635079896163,0.0,0.000259343749298741,-0.002886569198637009,-0.0005263757631182671,0.0005765281319618225
2025-08-13,Banco Davivienda PF,0.02461160370079839,-0.00010140993471730038,0.0002980635079896163,0.0,-0.0006454253043854547,-0.0006454751584270469,-7.50972181558609e-05,-9.822878614068031e-05
2025-08-13,Banco de Bogota,0.019779118692121404,0.0009337980674327336,0.0013617903217446677,0.0,-0.0005811269192441125,-0.0005811775961336867,-0.00018191410228610036,-0.0003763130828738213
2025-08-13,Celsia,-0.010214656041466682,-1.6934036711706945e-05,0.0002980635079896163,0.0,0.00013322310298107535,0.0019671431830067788,0.0005803912952542305,0.0012460527271032332
2025-08-13,Ecopetrol,0.017241802626939425,1.1610318304227062e-05,0.0002980635079896163,0.0,-3.713974719696516e-05,-3.4112442952314816e-05,-0.0002314380146563053,0.0029485960006713865
2025-08-13,Grupo Bolivar,0.0008099585911148391,-3.539028483760807e-05,0.0002980635079896163,0.0,-1.6433540269089178e-05,-1.6483532455638907e-05,-0.0003982991948723793,0.001080065444111824
2025-08-13,Mineros SA,0.03154837989786103,-0.00013080035098210336,0.0005305932194015652,0.0,0.0002840318559088718,-0.0017707503696576324,-0.0014546525403857232,0.0006428213566541672
2025-08-13,Nutresa,0.0,4.049263963123502e-05,0.0002980635079896163,0.0,0.0010475369270775707,0.0010474869197955629,0.001328488066792488,0.0020982201695442194
2025-08-13,Promigas,0.0,0.0008567297131118408,0.0013617903217446677,0.0,0.000259343749298741,-4.955580354144159e-05,0.00017712226882576941,0.0015240695029497147
2025-08-14,Banco Davivienda PF,0.008071076932798727,-7.971707804656408e-05,0.0002558139415860219,0.0,-0.0006454253043854547,-0.0006454751584270469,-0.0006875102370977402,-0.0017492114901542662
2025-08-14,Banco de Bogota,0.011799161292371897,-8.472268764901195e-06,0.0002896632335832376,0.0,-0.0005811269192441125,-0.0005811775961336867,-0.00045098887383937845,-0.0015716763436794284
2025-08-14,Celsia,-0.019699896577749707,6.842951418188124e-05,0.0007621067816641045,0.0,0.00013322310298107535,0.0007580172345820233,0.0004672003760933875,0.002106829956173897
2025-08-14,Ecopetrol,0.008510687812526525,-6.114258959571916e-05,0.0002896632335832376,0.0,-3.713974719696516e-05,0.0013807502713252696,-0.0005164354816079139,0.00027315339073538783
2025-08-14,Grupo Bolivar,0.008332499897845914,3.5464171946194877e-05,0.0002980635079896163,0.0,-1.6433540269089178e-05,-1.6483532455638907e-05,-0.0003431939706206322,0.000984257847070694
2025-08-14,Mineros SA,-0.002487518980331992,0.0005127068399726338,0.0013195407553410732,0.0,0.0002840318559088718,-0.0023513412312490176,-0.0005407929122447967,-0.0013385348618030549
2025-08-14,Nutresa,0.0077220460939103185,-4.82868058923244e-05,0.0002980635079896163,0.0,0.0010475369270775707,0.0010474869197955629,0.0013492952436208725,0.001698635458946228
2025-08-14,Promigas,0.0014716502040072839,-3.992944991889528e-05,0.0002980635079896163,0.0,0.000259343749298741,0.0002475482463851855,-4.6528920531272863e-05,0.0010539239943027495
2025-08-15,Banco Davivienda PF,0.0048114965734229985,-3.7381672060084606e-07,0.0002980635079896163,0.0,-0.0006454253043854547,-0.0006454751584270469,-0.00025423929840326305,-0.0014887667894363404
2025-08-15,Banco de Bogota,-0.00117347706192178,1.0173534069061335e-05,0.0002980635079896163,0.0,-0.0005811269192441125,-0.0005811775961336867,-0.00013616025820374487,-0.001709426462650299
2025-08-15,Celsia,0.022775304999401755,0.00029679413401784545,0.000877761294971264,0.0,0.00013322310298107535,0.001098575440673724,0.0010946406684815882,0.003659382462501526
2025-08-15,Ecopetrol,0.01680711469838628,-5.209891130441101e-05,0.0002980635079896163,0.0,-3.713974719696516e-05,0.0006642747918015669,-8.628844842314719e-05,-0.00044674497842788695
2025-08-15,Grupo Bolivar,0.005072585744109944,-4.9139308004500734e-05,0.0002980635079896163,0.0,-1.6433540269089178e-05,-1.6483532455638907e-05,-0.0005604579523205758,0.00010224792733788492
2025-08-15,Mineros SA,0.013605560022763441,-3.328247868144487e-05,0.0002980635079896163,0.0,0.0002840318559088718,0.0005176419938052625,0.0001767638400197029,-0.00010708333179354668
2025-08-15,Nutresa,0.05098555473286774,0.00012726336703847363,0.0002980635079896163,0.0,0.0010475369270775707,0.0010474869197955629,0.0011505076885223388,0.0008403638601303101
2025-08-15,Promigas,0.022556777221708995,1.3863873889665781e-05,0.0002980635079896163,0.0,0.000259343749298741,-8.033873801458654e-06,-9.265005588531493e-05,0.000814537525177002
2025-08-19,Banco Davivienda PF,-0.012072511590384749,5.5595374570006006e-05,0.0002980635079896163,0.0,-0.0006454253043854547,-0.0006454751584270469,6.666383147239686e-05,0.0006418594270944596
2025-08-19,Banco de Bogota,0.027224438798463296,7.23570910167532e-05,0.0002980635079896163,0.0,-0.0005811269192441125,-0.0005811775961336867,0.00047617096826434136,0.0008684263229370118
2025-08-19,Celsia,-0.016512219337863166,-1.909779110215445e-05,0.0002558139415860219,0.0,0.00013322310298107535,-0.0040540670447656475,-0.00015677501261234284,0.001822317913174629
2025-08-19,Ecopetrol,0.0027739262914184977,1.4106284151943327e-05,0.0002896632335832376,0.0,-3.713974719696516e-05,0.0013450797700578756,8.362131938338281e-05,0.0004051538109779358
2025-08-19,Grupo Bolivar,0.010859798484159336,3.419961402391663e-05,0.0002980635079896163,0.0,-1.6433540269089178e-05,-1.6483532455638907e-05,-0.00010134878382086754,0.001788279205560684
2025-08-19,Mineros SA,0.014634385150848398,3.63297564454732e-05,0.0002980635079896163,0.0,0.0002840318559088718,-0.000838889645467409,-0.0005409063026309013,0.001151078000664711
2025-08-19,Nutresa,0.015953927942241684,-0.00019701944295451423,-0.0013259845125735978,0.0,0.0010475369270775707,0.0010474869197955629,0.0004746901541948319,-6.078477203845978e-05
2025-08-19,Promigas,-0.0029586095351860635,-2.410151962399953e-05,0.0002558139415860219,0.0,0.000259343749298741,-0.004651788117769166,4.285631701350211e-05,0.000789118230342865
2025-08-20,Banco Davivienda PF,-0.0171503113600214,0.00013856542165518,0.0007621067816641045,0.0,-0.0006454253043854547,-0.0006454751584270469,-0.0002084307447075844,0.0020814614295959475
2025-08-20,Banco de Bogota,0.0,-5.40967836120469e-05,0.0002558139415860219,0.0,-0.0005811269192441125,-0.0005811775961336867,-0.0009201720356941223,-0.0008502644896507263
2025-08-20,Celsia,0.0010400271457244176,0.0003957315556528689,0.0009775614962511132,0.0,0.00013322310298107535,0.003482399760781699,0.001587889187037945,0.0034754239320755006
2025-08-20,Ecopetrol,0.0,7.806569056969666e-05,0.0002980635079896163,0.0,-3.713974719696516e-05,0.00019351601138053727,0.00031604634225368503,0.0006725065261125564
2025-08-20,Grupo Bolivar,0.01100330119741634,-9.568244708120248e-06,0.0002980635079896163,0.0,-1.6433540269089178e-05,-1.6483532455638907e-05,-0.00033908533677458764,0.0009464479833841324
2025-08-20,Mineros SA,0.007237715046430541,0.0001466630115868774,0.0002980635079896163,0.0,0.0002840318559088718,-0.0009256122569240208,-0.0004367722347378731,0.0005185004733502865
2025-08-20,Nutresa,0.0422598092898826,0.00015748431723635223,0.0002980635079896163,0.0,0.0010475369270775707,0.0010474869197955629,0.0015606518089771274,-0.000462913941591978
2025-08-20,Promigas,-0.004454352453179254,-1.5213859189971965e-05,0.0002980635079896163,0.0,0.000259343749298741,-0.00011010529766250534,0.0006289545074105263,0.0013683631569147109
2025-08-21,Banco Davivienda PF,0.0008234017730472193,0.00027343780454367714,0.000877761294971264,0.0,-0.0006454253043854547,-0.0006454751584270469,3.833685070276261e-06,0.003206903219223022
2025-08-21,Banco de Bogota,0.016997371709433606,6.277319281685629e-05,0.0002980635079896163,0.0,-0.0005811269192441125,-0.0005811775961336867,0.0005442122220993042,-0.00022263292223215106
2025-08-21,Celsia,-0.00625655485963551,0.00025000727625748234,0.0006657980831733366,0.0,0.00013322310298107535,-0.0007949706068770972,1.8661826848983772e-05,0.002149176925420761
2025-08-21,Ecopetrol,0.0,7.12874090723355e-05,0.0002980635079896163,0.0,-3.713974719696516e-05,-3.4112442952314816e-05,0.00015645772963762285,0.0006263904571533203
2025-08-21,Grupo Bolivar,-0.023195583125123858,5.037890795207863e-05,0.0002980635079896163,0.0,-1.6433540269089178e-05,-1.6483532455638907e-05,-0.00027488645538687704,0.0001777103208005428
2025-08-21,Mineros SA,0.00359930764543113,2.1910613634826293e-05,0.0002980635079896163,0.0,0.0002840318559088718,-0.0003021257867479187,-0.0005296839103102683,0.00021956811472773549
2025-08-21,Nutresa,0.032166714381964806,-8.396427462132238e-05,-0.0013259845125735978,0.0,0.0010475369270775707,0.0010474869197955629,0.00047399008646607397,-0.002216554075479507
2025-08-21,Promigas,-0.005970143366006071,3.196390220765318e-06,0.0002980635079896163,0.0,0.000259343749298741,0.001203643051222738,0.00023484828695654868,0.0016285157650709151
2025-08-22,Banco Davivienda PF,0.0,9.191719942391905e-05,0.0002980635079896163,0.0,-0.0006454253043854547,-0.0006454751584270469,-0.0007319616973400116,0.00199449160695076
2025-08-22,Banco de Bogota,-0.0005619605067750758,5.900727843842096e-05,0.0002896632335832376,0.0,-0.0005811269192441125,-0.0005811775961336867,-0.0006209563761949539,-0.0009516942948102951
2025-08-22,Celsia,0.004175313222951312,0.00024413939050181002,0.0005793781719898329,0.0,0.00013322310298107535,0.00046841966264550436,0.00045522612333297733,0.0024476360678672786
2025-08-22,Ecopetrol,0.024625042127460653,9.73006551296928e-05,0.0002980635079896163,0.0,-3.713974719696516e-05,-3.4112442952314816e-05,0.00017079184949398045,0.0007912197560071945
2025-08-22,Grupo Bolivar,0.0002665309183283437,0.0003050544579024062,0.0009340400651065595,0.0,-1.6433540269089178e-05,-1.6483532455638907e-05,0.0001543000005185604,0.0032650768756866456
2025-08-22,Mineros SA,0.03991143190742429,3.735648127917406e-05,0.0002980635079896163,0.0,0.0002840318559088718,4.5659752865688516e-06,-0.0007054584845900536,0.0005633691661059856
2025-08-22,Nutresa,0.0,0.0004396735495706697,-0.0013259845125735978,0.0,0.0010475369270775707,0.0010474869197955629,0.0007031684480607509,-0.0027302930355072017
2025-08-22,Promigas,0.013383105354371368,0.00011932043704540891,0.0002980635079896163,0.0,0.000259343749298741,0.0018193529074486683,0.0004369435124099255,0.0020811386406421662
2025-08-25,Banco Davivienda PF,-0.0008234017730472105,0.0010995423718587348,0.0014615905230245172,0.0,-0.0006454253043854547,-0.0006454751584270469,-0.00022895272448658944,0.002054706186056137
2025-08-25,Banco de Bogota,-0.016435411202658554,8.380388671368189e-05,0.0002980635079896163,0.0,-0.0005811269192441125,-0.0005811775961336867,0.00022616577148437504,0.000452789917588234
2025-08-25,Celsia,-0.025317773130105213,-1.0186415419908775e-05,0.0002980635079896163,0.0,0.00013322310298107535,-0.0007684065221205297,0.0005548121742904187,0.001990785211324692
2025-08-25,Ecopetrol,0.0,-3.0010434509279935e-05,0.0002558139415860219,0.0,-3.713974719696516e-05,0.001986619072047254,-0.0001861711703240871,-0.00043219422549009323
2025-08-25,Grupo Bolivar,0.012715553964034525,0.0009728064060659734,0.0016846248817150402,0.0,-1.6433540269089178e-05,-1.6483532455638907e-05,-0.0002530216127634049,0.0028866952061653143
2025-08-25,Mineros SA,0.04610133865037906,-3.221335659606313e-05,-0.0013259845125735978,0.0,0.0002840318559088718,-0.0030562867950950255,-0.0014279718324542046,-0.0005874717682600022
2025-08-25,Nutresa,0.0017348372937166083,0.0004562590185629477,0.0002980635079896163,0.0,0.0010475369270775707,0.0010474869197955629,0.001509586989879608,-4.2653016746044153e-05
2025-08-25,Promigas,-0.013383105354371469,-2.5987689778054347e-05,0.0002980635079896163,0.0,0.000259343749298741,-0.002257949541111072,0.00017326593771576883,0.0010820466727018356
2025-08-26,Banco Davivienda PF,0.0008234017730472193,0.00025106140375028176,0.0007015521624317528,0.0,-0.0006454253043854547,-0.0006454751584270469,-0.0004370152242481709,0.001072695165872574
2025-08-26,Banco de Bogota,0.023422176888463833,0.0001419924575316261,0.0009135153742296803,0.0,-0.0005811269192441125,-0.0005811775961336867,0.0003619846887886524,0.001892316028475762
2025-08-26,Celsia,0.014846619650377157,0.0006302513137675346,0.002022112574591085,0.0,0.00013322310298107535,0.003030414102483655,0.0009577611349523068,0.0041470578908920286
2025-08-26,Ecopetrol,-0.005420066340575758,3.0789032493012586e-05,0.0003338175872480326,0.0,-3.713974719696516e-05,-3.411244295231484e-05,0.0003505020961165428,-0.00047778402268886563
2025-08-26,Grupo Bolivar,0.006820682020579907,7.101170998230159e-05,0.0003338175872480326,0.0,-1.6433540269089178e-05,-1.6483532455638907e-05,-0.0003561430312693119,0.0004862953461706638
2025-08-26,Mineros SA,0.0217401297234283,-5.504371272353716e-05,-0.0012902304333151813,0.0,0.0002840318559088718,-0.0035780517313977866,-0.001123927637934685,-0.003212925285100937
2025-08-26,Nutresa,0.0,0.0015584931835540931,0.001397544401003084,0.0,0.0010475369270775707,0.0010474869197955629,0.0009071415215730667,0.00045101467519998546
2025-08-26,Promigas,0.0,9.711991650515628e-05,0.0007978608609225207,0.0,0.000259343749298741,0.0026791738385970433,0.0006415033563971519,0.0021161994040012357
2025-08-27,Banco Davivienda PF,-0.014090625407747814,3.832412560887115e-05,0.0003338175872480326,0.0,-0.0006454253043854547,-0.0006454751584270469,-0.00029920919239521027,0.0011715313047170638
2025-08-27,Banco de Bogota,-0.005057570614502841,2.2071654447612462e-05,0.00029156802084443834,0.0,-0.0005811269192441125,-0.0005811775961336867,-0.0005442248731851577,-0.00011997003108263015
2025-08-27,Celsia,0.008385780802573847,0.00015542280392949646,0.0008599449819839479,0.0,0.00013322310298107535,-0.003420276206535352,1.620551198720935e-05,0.0016483722627162931
2025-08-27,Ecopetrol,0.005420066340575743,6.205566389109997e-05,0.0003338175872480326,0.0,-3.713974719696516e-05,-0.0004788832096823391,0.0008111987859010697,0.0010970891416072844
2025-08-27,Grupo Bolivar,-0.0023556750292116173,9.67315953212832e-06,0.0003338175872480326,0.0,-1.6433540269089178e-05,-1.6483532455638907e-05,-0.00019999149814248088,0.0007990536689758302
2025-08-27,Mineros SA,-0.010810986870077411,1.950759208331574e-05,0.00029156802084443834,0.0,0.0002840318559088718,-0.0015245757822656076,2.8285562992095984e-05,-0.0016475170701742172
2025-08-27,Nutresa,0.0,0.00033239018925648565,0.0003338175872480326,0.0,0.0010475369270775707,0.0010474869197955629,0.0016673094034194945,0.0015966511517763137
2025-08-27,Promigas,0.0029895665668430546,3.414536645585647e-05,0.0003338175872480326,0.0,0.000259343749298741,0.0008413218541152101,0.0007291593737900257,0.0019831553995609285
2025-08-28,Banco Davivienda PF,0.02147072345447925,-1.249410851813577e-05,0.000551931684463054,0.0,-0.0006454253043854547,-0.0006454751584270469,-0.0006834263578057288,0.001545164093375206
2025-08-28,Banco de Bogota,-0.014184454754359026,-0.00015371978014985238,-0.0005529979342358253,0.0,-0.0005811269192441125,-0.0005811775961336867,0.00013161074742674828,-0.0005866417475044728
2025-08-28,Celsia,0.0,-0.00011467285123933788,-0.0005529979342358253,0.0,0.00013322310298107535,3.168586717315887e-05,-0.00022350711375474929,-0.000620459109544754
2025-08-28,Ecopetrol,0.016086134437382785,-9.214913908955067e-05,-0.0005529979342358253,0.0,-3.713974719696516e-05,0.0004106583237777082,-0.0004325852319598198,-0.0008431212306022646
2025-08-28,Grupo Bolivar,-0.009214278669211706,-0.00015544358770579357,-0.0005529979342358253,0.0,-1.6433540269089178e-05,-1.6483532455638907e-05,-0.0006220965832471847,7.845552079379559e-05
2025-08-28,Mineros SA,0.057037697681061296,-0.00028178428020125004,-0.00019897077241881318,0.0,0.0002840318559088718,0.0012192508990208533,-0.00021455489099025732,-0.001027407228946686
2025-08-28,Nutresa,-0.003472689478972555,-1.9002696531761266e-05,-0.0005529979342358253,0.0,0.0010475369270775707,0.0010474869197955629,0.0005524906516075134,0.00041085640341043475
2025-08-28,Promigas,0.0,-4.101661556812639e-05,-0.0005529979342358253,0.0,0.000259343749298741,-0.00020912802738959756,-0.00020878939703106877,0.0002486942410469055
2025-08-29,Banco Davivienda PF,-0.0115038193896719,-0.00015106980330919554,0.0002558139415860219,0.0,-0.0006454253043854547,-0.0006454751584270469,-0.001015628471970558,-0.0006778699904680252
2025-08-29,Banco de Bogota,0.003422757153489611,-4.1175984054343225e-05,0.000542645483009644,0.0,-0.0005811269192441125,-0.0005811775961336867,0.00014222204312682149,0.0013045198917388916
2025-08-29,Celsia,0.0,-4.1976551431328604e-05,0.0002980635079896163,0.0,0.00013322310298107535,0.0012577118912780903,0.0006636615358293057,0.0002975729703903198
2025-08-29,Ecopetrol,0.005305051148326872,-5.847461139444754e-05,0.0002980635079896163,0.0,-3.713974719696516e-05,0.0012859161135020272,-9.241579100489615e-05,-0.0013022524118423463
2025-08-29,Grupo Bolivar,0.00685282880407312,3.072999700759884e-05,0.0007621067816641045,0.0,-1.6433540269089178e-05,-1.6483532455638907e-05,-0.00011038872972130773,0.0015326474010944366
2025-08-29,Mineros SA,0.046146609320031125,-0.00044000431626156996,-0.0012238569635404006,0.0,0.0002840318559088718,-0.00449990870113691,-0.0017865258902311325,-0.002750053107738495
2025-08-29,Nutresa,0.0,0.00014558893097473748,0.0002980635079896163,0.0,0.0010475369270775707,0.0010474869197955629,0.0009846576899290086,0.0014941686540842056
2025-08-29,Promigas,0.00595237481238738,-3.420734294121692e-05,0.0002980635079896163,0.0,0.000259343749298741,0.00021282521131983992,0.0004600155353546143,0.0006692093461751938
2025-09-01,Banco Davivienda PF,-0.004140796859624852,7.814389071996419e-05,0.0008865283727112668,0.0,-0.0006454253043854547,-0.0006454751584270469,0.00017546169087290762,0.0012069422751665114
2025-09-01,Banco de Bogota,0.00511215294579989,5.193915074257977e-05,0.0002980635079896163,0.0,-0.0005811269192441125,-0.0005811775961336867,-0.0003972091525793075,0.0009479103386402128
2025-09-01,Celsia,0.0020853726771540865,9.533342078433652e-05,0.0002980635079896163,0.0,0.00013322310298107535,0.00026144786531717983,0.0004427863359451294,0.0010297082066535951
2025-09-01,Ecopetrol,-0.0026490076323279154,-2.1688609149388178e-05,0.0002980635079896163,0.0,-3.713974719696516e-05,0.00040122017449544363,0.0002758304551243782,-0.00048684838414192195
2025-09-01,Grupo Bolivar,-0.013486874805379597,1.2570852160414968e-05,0.0002980635079896163,0.0,-1.6433540269089178e-05,-1.6483532455638907e-05,-0.0002675462029874325,0.0011768351942300797
2025-09-01,Mineros SA,-0.019802757505369264,-7.170159506625183e-05,-0.0013259845125735978,0.0,0.0002840318559088718,-0.003581867725571572,-0.0005459784865379334,-0.0028982616961002352
2025-09-01,Nutresa,-0.01008547511987829,0.0001287049831468369,0.0002980635079896163,0.0,0.0010475369270775707,0.0010474869197955629,0.0010682141929864882,0.0019505929052829741
2025-09-01,Promigas,0.004441163975141032,-2.438820757983144e-05,0.0002980635079896163,0.0,0.000259343749298741,-0.0009905986527963602,0.0004298110716044903,0.0006065581738948821
2025-09-02,Banco Davivienda PF,0.0,-0.00013545677643190155,-0.0004189876791853609,0.0,-0.0006454253043854547,-0.0006454751584270469,-0.000850059613585472,0.0005454729050397872
2025-09-02,Banco de Bogota,0.0,-0.00011514062716784341,-0.0004189876791853609,0.0,-0.0005811269192441125,-0.0005811775961336867,-0.00033786678686738015,-0.0006796568632125854
2025-09-02,Celsia,0.0,-5.262598202550818e-05,-0.0004189876791853609,0.0,0.00013322310298107535,-0.00017430931916833585,-0.00010618726536631585,-6.719764694571495e-05
2025-09-02,Ecopetrol,0.0,-8.806539753190234e-05,-0.0004189876791853609,0.0,-3.713974719696516e-05,-0.0002514900692894522,4.507786035537721e-05,-0.0008056061342358589
2025-09-02,Grupo Bolivar,0.0,2.728146320074485e-05,0.0006859419395135191,0.0,-1.6433540269089178e-05,-1.6483532455638907e-05,-0.00011768005415797234,0.0019805974066257476
2025-09-02,Mineros SA,0.0,-0.0012543052533640975,-0.0010764575605283762,0.0,0.0002840318559088718,0.0019771929533356405,0.00033987860381603244,-0.0006438728868961334
2025-09-02,Nutresa,0.0,0.0010476532250082511,0.001749668753268571,0.0,0.0010475369270775707,0.0010474869197955629,0.0009791855216026307,0.002269664719700813
2025-09-02,Promigas,0.0,-0.00011865561522071547,-0.0004189876791853609,0.0,0.000259343749298741,-0.0009236239776121352,7.246294245123863e-05,-0.0007067315801978112
2025-09-03,Banco Davivienda PF,-0.015050432363248226,-1.3274967790008584e-05,0.00019659858464733025,0.0,-0.0006454253043854547,-0.0006454751584270469,-0.0002609580419957638,0.0010820590853691102
2025-09-03,Banco de Bogota,-0.008534910099289498,-0.0001076010249559335,3.9719392083497814e-05,0.0,-0.0005811269192441125,-0.0005811775961336867,-0.00017159112542867663,-0.00016317981109023098
2025-09-03,Celsia,-0.019990077427544634,0.0001221682023043027,0.00048403675942968507,0.0,0.00013322310298107535,0.0002891061522588567,0.0005195814520120621,0.0009129809588193894
2025-09-03,Ecopetrol,-0.043367220080842254,0.00030913392034146727,0.00048403675942968507,0.0,-3.713974719696516e-05,-3.4112442952314816e-05,0.0005845179073512554,0.0017699405401945113
2025-09-03,Grupo Bolivar,0.04248191076572434,-0.00020031524168586095,3.9719392083497814e-05,0.0,-1.6433540269089178e-05,-1.6483532455638907e-05,-0.00021013769879937175,0.0013019527792930603
2025-09-03,Mineros SA,0.041142117276652984,-0.0007600287294111906,0.00048403675942968507,0.0,0.0002840318559088718,0.0003079619071380317,-0.00040151065587997435,0.0007016496956348419
2025-09-03,Nutresa,-0.03423249923749758,-0.00016672964150419916,3.9719392083497814e-05,0.0,0.0010475369270775707,0.0010474869197955629,0.0005152087658643722,0.00121460722386837
2025-09-03,Promigas,-0.013383105354371469,-8.861698472464306e-05,3.9719392083497814e-05,0.0,0.000259343749298741,5.735035902203305e-05,0.00037295970693230633,0.00023858666047453877
2025-09-04,Banco Davivienda PF,0.015050432363248158,-0.00025621023376696877,0.0005847680670324466,0.0,-0.0006454253043854547,-0.0006454751584270469,-0.0004024534858763218,0.0018624360561370849
2025-09-04,Banco de Bogota,0.0,-0.000361297977268895,0.0004275978236073999,0.0,-0.0005811269192441125,-0.0005811775961336867,-0.0004512396007776261,0.0003423740975558758
2025-09-04,Celsia,0.004241834980293307,-0.00011344445206016818,0.0005847680670324466,0.0,0.00013322310298107535,0.002252582595155583,0.0005792059041559697,0.0026489147543907166
2025-09-04,Ecopetrol,0.005524874759130238,0.0012899156635663915,0.0022813517428293614,0.0,-3.713974719696516e-05,-0.003592827505516835,0.0013371018767356873,0.006026961088180542
2025-09-04,Grupo Bolivar,0.0390340354877807,-0.0007801979037625214,-0.002301379815654691,0.0,-1.6433540269089178e-05,-1.6483532455638907e-05,-0.0010026345252990723,-0.002750582784414291
2025-09-04,Mineros SA,0.050525207398560285,-0.0016246133337994295,-0.002301379815654691,0.0,0.0002840318559088718,-0.003160024783395933,-0.001554413542151451,-0.0029616428166627886
2025-09-04,Nutresa,0.0,0.0009516477986751111,0.0022813517428293614,0.0,0.0010475369270775707,0.0010474869197955629,0.002035106673836708,0.004756521344184875
2025-09-04,Promigas,0.0,-0.0002848631149956283,0.0004275978236073999,0.0,0.000259343749298741,0.003182984825749881,0.0007104710601270199,0.001393545463681221
2025-09-05,Banco Davivienda PF,0.0057922761164322855,0.00038320838117277326,0.0009336818715296706,0.0,-0.0006454253043854547,-0.0006454751584270469,-0.0006307405382394791,0.0003484992198646068
2025-09-05,Banco de Bogota,0.0,-0.0003359187337952322,-0.00013004494222538311,0.0,-0.0005811269192441125,-0.0005811775961336867,-0.0002749795913696289,0.000571225631982088
2025-09-05,Celsia,0.0,-0.0002890807030993142,-0.00013004494222538311,0.0,0.00013322310298107535,-0.001996487758621144,0.00011089787632226945,0.0016237786859273913
2025-09-05,Ecopetrol,-0.008298801050548744,0.0010398827068803628,0.0007638170276942525,0.0,-3.713974719696516e-05,0.0004192589049793199,-0.00019208636879920957,0.002661841630935669
2025-09-05,Grupo Bolivar,-0.022082358008979962,0.0006732308199630784,-6.119198363553933e-05,0.0,-1.6433540269089178e-05,-1.6483532455638907e-05,-0.00048586082458496104,-0.002493811517953873
2025-09-05,Mineros SA,0.0036430149312964384,-0.0015246924715724831,-0.002902643029303822,0.0,0.0002840318559088718,-0.003950952276019678,-0.00151442052423954,-0.0032341413497924804
2025-09-05,Nutresa,0.046322920561313805,0.0005361882460133464,0.0007638170276942525,0.0,0.0010475369270775707,0.0010474869197955629,0.0006603811085224152,0.0031373755335807802
2025-09-05,Promigas,0.011904933970497723,-0.0003694729052475597,-0.00013004494222538311,0.0,0.000259343749298741,0.0009509515011260896,8.037995547056196e-05,0.0013158488124608992
2025-09-08,Banco Davivienda PF,0.02283948301911984,-0.00028816428948958366,3.9719392083497814e-05,0.0,-0.0006454253043854547,-0.0006454751584270469,-0.0005312277376651764,-0.0002108890302479267
2025-09-08,Banco de Bogota,-0.006880507238141239,-0.00030931827026646063,3.9719392083497814e-05,0.0,-0.0005811269192441125,-0.0005811775961336867,-0.0004830832220613956,0.0005279636234045029
2025-09-08,Celsia,0.009478716897928374,-0.00025056781532252395,3.9719392083497814e-05,0.0,0.00013322310298107535,0.00011592503281132183,0.00024375415593385694,0.0013554643243551255
2025-09-08,Ecopetrol,0.005540179196269006,0.00011099859853654412,0.0008714972409417061,0.0,-3.713974719696516e-05,-0.0007151122452168022,0.00013970366120338436,0.002648036390542984
2025-09-08,Grupo Bolivar,0.007747053116480276,0.001423029404068119,0.0015199614643010338,0.0,-1.6433540269089178e-05,-1.6483532455638907e-05,0.0003877889961004258,0.0009341769367456436
2025-09-08,Mineros SA,0.018018446845133342,-0.0010784056740667986,3.9719392083497814e-05,0.0,0.0002840318559088718,8.817632018819425e-07,-0.0003383533358573913,-0.0019956688210368157
2025-09-08,Nutresa,0.0,0.0006111098779073978,0.0010611966394349554,0.0,0.0010475369270775707,0.0010474869197955629,-0.0007612618058919907,-0.0009437827616930008
2025-09-08,Promigas,-0.0014804381513123018,-0.0002775390952491905,3.9719392083497814e-05,0.0,0.000259343749298741,-0.002125263138667698,3.3073324710130705e-05,5.8235339820384974e-05
2025-09-09,Banco Davivienda PF,-0.024490962275927362,-0.0002674459841706335,8.604960727714115e-05,0.0,-0.0006454253043854547,-0.0006454751584270469,-0.0007837938964366913,-0.0017988545298576355
2025-09-09,Banco de Bogota,0.0057369406557130145,-0.00010436527925741151,0.0004096138376809519,0.0,-0.0005811269192441125,-0.0005811775961336867,-0.00013967182487249373,0.0012793692201375961
2025-09-09,Celsia,-0.005254799106628142,-9.90776882608486e-05,0.0001282991736807354,0.0,0.00013322310298107535,-0.0006469101557870827,2.4825699627399427e-05,0.00038403962552547454
2025-09-09,Ecopetrol,0.005509654644583103,0.00010807145740899984,0.0004960337488644556,0.0,-3.713974719696516e-05,0.0004205147874377361,-0.00042074858397245403,0.0011329829543828963
2025-09-09,Grupo Bolivar,0.00978835001441169,-6.063247300625275e-06,0.00040307845149627875,0.0,-1.6433540269089178e-05,-1.6483532455638907e-05,-0.0006792180910706521,0.0004283638596534729
2025-09-09,Mineros SA,0.0071175141484642835,-0.0010882486802991636,0.00011989889927435676,0.0,0.0002840318559088718,-0.0012108644921653463,-0.0014542723894119263,-0.0019270053207874297
2025-09-09,Nutresa,-0.0393542512452204,-7.995447563238648e-05,-0.0010202508928344903,0.0,0.0010475369270775707,0.0010474869197955629,0.001351471796631813,-6.809300929307935e-05
2025-09-09,Promigas,0.0,-0.00014374588309804667,0.0001282991736807354,0.0,0.000259343749298741,0.00011801722748705872,0.0002211068831384182,0.0006002382934093475
2025-09-10,Banco Davivienda PF,0.01232049676342034,0.0003401069731421249,0.001618623920148949,0.0,-0.0006454253043854547,-0.0006454751584270469,0.000348227359354496,0.00145920267701149
2025-09-10,Banco de Bogota,-0.0017178645090952399,-0.00020934843079918033,-0.0004189876791853609,0.0,-0.0005811269192441125,-0.0005811775961336867,-0.0007286244928836822,-0.00016324298456311227
2025-09-10,Celsia,0.0042059406664097096,-8.141345262388148e-05,-0.0004189876791853609,0.0,0.00013322310298107535,0.0015001844625872527,0.00042054283246397973,0.0006968831568956376
2025-09-10,Ecopetrol,0.01364277354313639,0.00015925414294659012,-5.1253104001640916e-05,0.0,-3.713974719696516e-05,0.0004180099420346838,-9.127847105264665e-05,-0.00018735445663332936
2025-09-10,Grupo Bolivar,0.018614175137000272,-8.664920555046779e-06,-0.0004189876791853609,0.0,-1.6433540269089178e-05,-1.6483532455638907e-05,4.017788916826264e-06,-0.0007332662791013718
2025-09-10,Mineros SA,-0.007117514148464229,-0.0008245479985136778,-0.0004189876791853609,0.0,0.0002840318559088718,-0.00029199370940405844,-0.0006919665038585662,-0.0015096218436956407
2025-09-10,Nutresa,0.01993878360383104,0.0009715742829081911,0.002285186811218487,0.0,0.0010475369270775707,0.0010474869197955629,0.002269912928342819,0.004866619408130646
2025-09-10,Promigas,-0.007434929252342173,-0.00013574255567627773,-0.0004189876791853609,0.0,0.000259343749298741,0.0002840122630673476,0.0002716259732842445,0.00029261047765612603
2025-09-11,Banco Davivienda PF,-0.008196775420480022,4.856895809683384e-05,0.0008241909027255316,0.0,-0.0006454253043854547,-0.0006454751584270469,-0.0007456246092915535,7.858066260814666e-05
2025-09-11,Banco de Bogota,-0.005747188061762054,-3.1932479888813426e-05,0.0002980635079896163,0.0,-0.0005811269192441125,-0.0005811775961336867,5.542807281017276e-06,0.0006539836078882217
2025-09-11,Celsia,0.015617279268641019,-3.3602325588941734e-05,0.0002980635079896163,0.0,0.00013322310298107535,-0.0005836266444589964,0.00038343202322721487,0.0007268468439579009
2025-09-11,Ecopetrol,-0.019152428187719447,-6.907317444403613e-05,0.0002980635079896163,0.0,-3.713974719696516e-05,0.001085413863151954,-0.00025942065939307216,-0.0006717254817485808
2025-09-11,Grupo Bolivar,0.017320768394462935,-3.7232303216347564e-05,0.0002896632335832376,0.0,-1.6433540269089178e-05,-1.6483532455638907e-05,-0.0007148135900497436,-0.0007677327543497086
2025-09-11,Mineros SA,0.0035650894368224463,-0.0009547550573831172,-0.0005892891145952397,0.0,0.0002840318559088718,0.0009079175236801173,-0.001087114155292511,0.0008740937411785126
2025-09-11,Nutresa,-0.023277684869345647,0.000641466452935412,0.0005786485015563948,0.0,0.0010475369270775707,0.0010474869197955629,0.0001030980348587036,0.0015396140515804289
2025-09-11,Promigas,-0.002989566566843188,5.587252591823164e-05,0.0005793781719898329,0.0,0.000259343749298741,0.0019379790638917437,0.0005508648417890071,0.001522422194480896
2025-09-12,Banco Davivienda PF,0.0,-0.00019020824557193668,0.0004275978236073999,0.0,-0.0006454253043854547,-0.0006454751584270469,-0.000195669449865818,0.0007553726136684418
2025-09-12,Banco de Bogota,0.0,-0.0002921496065139281,-0.000677331795091479,0.0,-0.0005811269192441125,-0.0005811775961336867,-5.884275585412979e-05,0.0008311503231525422
2025-09-12,Celsia,-0.02087760733639944,-0.00025201107777462995,-0.000677331795091479,0.0,0.00013322310298107535,-0.0012883787186451494,2.8141006827354465e-05,-0.0008103871941566468
2025-09-12,Ecopetrol,-0.011111223053200774,-2.762566376514871e-05,0.0005847680670324466,0.0,-3.713974719696516e-05,-0.0016057611340435784,0.0006669820994138717,0.0015572697818279266
2025-09-12,Grupo Bolivar,0.007602614757844894,-0.0003001043346358178,-0.0006857320694978575,0.0,-1.6433540269089178e-05,-1.6483532455638907e-05,-0.0005519670993089675,-0.0017358345314860343
2025-09-12,Mineros SA,0.003552424711641678,-0.0010835138884753947,-0.000677331795091479,0.0,0.0002840318559088718,7.4503259200296365e-06,-0.0014331163316965104,0.00047130120545625686
2025-09-12,Nutresa,0.08977140703782203,0.00016955081776797554,0.0006756959492004408,0.0,0.0010475369270775707,0.0010474869197955629,0.0019641853123903274,0.0037473463416099542
2025-09-12,Promigas,0.0,-0.0002842939090655701,-0.000677331795091479,0.0,0.000259343749298741,0.0013305692349916416,0.00045145822688937183,0.0012733187973499299
2025-09-15,Banco Davivienda PF,0.0,-0.00010977652756225153,0.0002980635079896163,0.0,-0.0006454253043854547,-0.0006454751584270469,-0.0004144589081406593,0.00040784642100334163
2025-09-15,Banco de Bogota,0.008037058064921833,-7.945971896335325e-05,0.0002980635079896163,0.0,-0.0005811269192441125,-0.0005811775961336867,-0.00037315566465258597,0.000485608033835888
2025-09-15,Celsia,-0.051959774226086705,0.00022317701710056008,0.0009340400651065595,0.0,0.00013322310298107535,0.0037019118862209547,0.0013960274159908294,0.00204146084189415
2025-09-15,Ecopetrol,0.011111223053200907,3.61787495468138e-05,0.0007621067816641045,0.0,-3.713974719696516e-05,-0.000945899658485817,8.696173131465916e-05,0.002085527330636978
2025-09-15,Grupo Bolivar,-0.00023662234039178924,-9.407109044835492e-05,0.0002980635079896163,0.0,-1.6433540269089178e-05,-1.6483532455638907e-05,-0.0005135982632637024,-0.0010815889090299608
2025-09-15,Mineros SA,-0.007117514148464229,-0.000886808012623105,0.0002980635079896163,0.0,0.0002840318559088718,8.517871813957176e-06,-0.0011381950229406358,0.00038015665113925936
2025-09-15,Nutresa,0.0,0.0005582520966298525,0.0012155454438928432,0.0,0.0010475369270775707,0.0010474869197955629,-0.002554185837507248,-0.002248759210109711
2025-09-15,Promigas,-0.00450113490966795,-0.00010484740000516843,0.0002980635079896163,0.0,0.000259343749298741,0.0005478644853388205,-5.217159539461138e-05,0.0009513052701950074
2025-09-16,Banco Davivienda PF,-0.004123721342940371,-0.00035943679565949183,-0.0011375874377372852,0.0,-0.0006454253043854547,-0.0006454751584270469,-0.0003878720477223397,-6.892724335193633e-05
2025-09-16,Banco de Bogota,-0.00515939430700466,-0.0005406451924284494,-0.0011375874377372852,0.0,-0.0005811269192441125,-0.0005811775961336867,-0.0003186152391135693,-0.0008856875151395797
2025-09-16,Celsia,0.0,0.0040781730945134275,0.0032520849278231925,0.0,0.00013322310298107535,0.004044539467364119,0.002126577477902174,0.007325137972831727
2025-09-16,Ecopetrol,0.0027586218542797695,-0.0005052315595904527,-0.0011375874377372852,0.0,-3.713974719696516e-05,0.0008776747725811982,-8.237781748175618e-05,-0.0005100481212139131
2025-09-16,Grupo Bolivar,-0.019121125148027208,-0.0005207620253464053,-0.0011375874377372852,0.0,-1.6433540269089178e-05,-1.6483532455638907e-05,-0.00028173138573765754,-0.0006712859719991684
2025-09-16,Mineros SA,-0.007168536525547421,-0.0014725388226564894,-0.0014899580683816805,0.0,0.0002840318559088718,0.0009079175236801173,-0.0009149750471115113,0.0008823139630258082
2025-09-16,Nutresa,0.0,-0.000840035229904188,-0.0011375874377372852,0.0,0.0010475369270775707,0.0010474869197955629,0.0017066799998283386,-0.0017134757041931154
2025-09-16,Promigas,0.004501134909667915,-0.0004847242923725568,-0.0011375874377372852,0.0,0.000259343749298741,0.0013569976647893126,0.0004908829368650914,0.0007809980511665345
2025-09-17,Banco Davivienda PF,-0.037041292338412544,-0.0004687844545209972,-0.0011375874377372852,0.0,-0.0006454253043854547,-0.0006454751584270469,5.036926269531251e-05,6.127091124653815e-05
2025-09-17,Banco de Bogota,0.014265865494657776,-0.0004784693127462014,-0.0011375874377372852,0.0,-0.0005811269192441125,-0.0005811775961336867,0.0003394784182310104,-0.0003290733098983765
2025-09-17,Celsia,-0.020202650412730797,0.0020282112444416395,-0.00015124273174861095,0.0,0.00013322310298107535,-0.004728703456093873,0.000395910419523716,0.003193870365619659
2025-09-17,Ecopetrol,-0.005524874759130217,-0.0004660640956699171,-0.0011375874377372852,0.0,-3.713974719696516e-05,0.00019226012892212434,0.00011671779677271841,-0.0009881405532360078
2025-09-17,Grupo Bolivar,-0.0033841471513060143,-0.00020192951842970848,0.00012451242438664116,0.0,-1.6433540269089178e-05,-1.6483532455638907e-05,5.033024027943614e-05,0.0017429753541946414
2025-09-17,Mineros SA,-0.010849910319585892,-0.0012948479489989278,-0.0014899580683816805,0.0,0.0002840318559088718,0.0009122183457174006,-0.0008854516968131064,0.0011847241707146168
2025-09-17,Nutresa,0.0,-0.003402428345814328,-0.005397851809361079,0.0,0.0010475369270775707,0.0010474869197955629,0.0015406459122896193,-0.0009148870259523391
2025-09-17,Promigas,0.0,-0.0005108022923878486,-0.0011375874377372852,0.0,0.000259343749298741,-0.0004258349860398216,0.00029286532104015356,-0.0003356042057275772
2025-09-18,Banco Davivienda PF,-0.005159105714724285,0.0018805405690778864,0.0025304995411292172,0.0,-0.0006454253043854547,-0.0006454751584270469,0.00049029940366745,0.0032834236025810247
2025-09-18,Banco de Bogota,-0.008534910099289498,-0.0007369241330059012,-0.0011735396401559694,0.0,-0.0005811269192441125,-0.0005811775961336867,-0.0012065455168485642,-0.0027446545362472537
2025-09-18,Celsia,0.02463740787151898,0.00031568355850790706,0.0007304928162294985,0.0,0.00013322310298107535,0.0013541694064207563,0.0010058618187904357,0.003280813485383988
2025-09-18,Ecopetrol,-0.02524677729207475,-0.000524623849122296,-0.0007133223289032101,0.0,-3.713974719696516e-05,-0.0004874837908839477,3.9032131433486926e-05,-0.0014164443761110306
2025-09-18,Grupo Bolivar,-0.013897385812064919,-0.000709154424899087,-0.0011735396401559694,0.0,-1.6433540269089178e-05,-1.6483532455638907e-05,-0.0006753259561955929,0.00021826294437050824
2025-09-18,Mineros SA,-0.02765162176891892,-0.0013914895666644605,-0.00176871846626957,0.0,0.0002840318559088718,0.0012225318678620383,-0.0010839854925870896,0.0008863447159528734
2025-09-18,Nutresa,0.0,-0.0019562805919778508,-0.0011735396401559694,0.0,0.0010475369270775707,0.0010474869197955629,0.0007499962151050568,-0.0016532744765281678
2025-09-18,Promigas,-0.00450113490966795,-0.0007019488853684698,-0.0011735396401559694,0.0,0.000259343749298741,0.00016566961529783776,7.611570879817011e-05,-0.001491928219795227
2025-09-19,Banco Davivienda PF,0.012848155935961513,5.323691920243792e-05,-0.00018699681100702717,0.0,-0.0006454253043854547,-0.0006454751584270469,-0.000501189224421978,0.0008047097176313401
2025-09-19,Banco de Bogota,-0.07410812568002907,2.5754346288305185e-05,0.0009953149154582324,0.0,-0.0005811269192441125,-0.0005811775961336867,0.00012190400809049605,-0.0014717169553041458
2025-09-19,Celsia,0.006615146138084505,0.0018863329237863017,0.0005616365202809994,0.0,0.00013322310298107535,-0.003747629220255073,-0.0009835963845252992,-0.0011509092897176742
2025-09-19,Ecopetrol,-0.0171923967545964,6.82239942548375e-05,0.0013595351424539005,0.0,-3.713974719696516e-05,-0.002105863559649057,0.0006198126971721649,0.0009057923555374145
2025-09-19,Grupo Bolivar,-0.030917488696865832,-0.000321848926177756,0.00039180541295593676,0.0,-1.6433540269089178e-05,-1.6483532455638907e-05,-3.446893021464348e-05,0.0005144215859472752
2025-09-19,Mineros SA,0.02765162176891897,-0.00035812619743410477,-0.00034057330235857854,0.0,0.0002840318559088718,0.002638796162007751,-0.00022109306603670126,0.002802300155162811
2025-09-19,Nutresa,0.0,-0.0007352704394854642,-0.0011733415169957015,0.0,0.0010475369270775707,0.0010474869197955629,0.0013406700640916825,-0.0018561041355133056
2025-09-19,Promigas,-0.012103054570051789,-0.0005929137165109258,-0.0011733415169957015,0.0,0.000259343749298741,0.0012738317756753243,0.0004579524882137776,-0.0012188981920480727
2025-09-22,Banco Davivienda PF,0.02188643500325698,0.00034240398353893424,3.395871730719445e-06,0.0,-0.0006454253043854547,-0.0006454751584270469,-0.0012456640005111695,-0.0020200500190258024
2025-09-22,Banco de Bogota,0.039812404606225114,0.01568300607858142,0.019441113337500465,0.0,-0.0005811269192441125,-0.0005811775961336867,0.00211083148419857,0.007642199397087097
2025-09-22,Celsia,0.03774034023926257,0.0008194406102075003,3.395871730719445e-06,0.0,0.00013322310298107535,0.0012694467032299962,-0.00045994035154581063,-0.0023651345074176787
2025-09-22,Ecopetrol,0.005763703440319728,-0.000287971106023576,0.0007278963148355067,0.0,-3.713974719696516e-05,-0.0014449209102258605,-0.0002403938770294189,0.0009666260182857513
2025-09-22,Grupo Bolivar,0.006562358529146112,-8.224021424284741e-06,0.001012328406172509,0.0,-1.6433540269089178e-05,-1.6483532455638907e-05,-0.0001173020489513874,0.00297113773226738
2025-09-22,Mineros SA,0.0,-0.001485461045851252,-0.0007797459484575547,0.0,0.0002840318559088718,-0.002022872347731692,-0.0022458456158638,-0.0025675438195467
2025-09-22,Nutresa,0.0,-0.0009188811731600543,-0.0015205482532770927,0.0,0.0010475369270775707,0.0010474869197955629,4.7060746699571634e-05,-0.002577570915222168
2025-09-22,Promigas,0.016604189479719807,-0.0006112895331781991,-0.000415618634578213,0.0,0.000259343749298741,0.0031691520838770704,9.749094396829606e-05,-0.0007371835559606551
2025-09-23,Banco Davivienda PF,0.023859633323025847,-0.0006995975711207571,-0.0004985398962243181,0.0,-0.0006454253043854547,-0.0006454751584270469,-0.000595252200961113,-0.0020768179148435593
2025-09-23,Banco de Bogota,0.005308137584867417,0.00023640803932644717,-0.0012805782939655176,0.0,-0.0005811269192441125,-0.0005811775961336867,-0.0021296050250530245,0.00023719483613967896
2025-09-23,Celsia,0.010526371276672473,-0.001059656711595305,-0.002080338350383937,0.0,0.00013322310298107535,-0.0026627622922017935,-0.0003489720225334168,-0.0026019114553928373
2025-09-23,ETB,0.0,0.0005342837092256972,-0.0009902415684959025,0.0,-0.0009340869589497405,-0.001587492647434134,-8.617995679378511e-05,-0.0010202525705099107
2025-09-23,Ecopetrol,0.042200345365481534,-0.0003544256019713765,-0.00026400739247183636,0.0,-3.713974719696516e-05,0.00043885719196974925,-0.0006345135271549225,0.0002371174357831478
2025-09-23,Grupo Bolivar,0.0,-2.3302812641187518e-05,0.0003194777031829512,0.0,-1.6433540269089178e-05,-1.6483532455638907e-05,-0.0008396165519952775,0.0013975318521261214
2025-09-23,Mineros SA,0.0,-0.0008225622051365396,-0.00045629032982072367,0.0,0.0002840318559088718,0.0003079619071380317,-0.00040686561167240144,-0.00033617730438709263
2025-09-23,Nutresa,0.0372589665702424,-0.0007830327752395346,-0.00045629032982072367,0.0,0.0010475369270775707,0.0010474869197955629,0.00041734386608004566,-0.0002761336117982865
2025-09-23,Promigas,0.0,-0.0006997471629194306,-0.00046469060422710235,0.0,0.000259343749298741,-0.0026651425433245014,-0.000469022586941719,-0.0008847036957740784
2025-09-24,Banco Davivienda PF,0.003246742804969914,-0.000527610991367975,-2.5301743200965003e-06,0.0,-0.0006454253043854547,-0.0006454751584270469,-0.00039271820336580273,-0.0013892100900411608
2025-09-24,Banco de Bogota,0.00936766703870406,6.398002767540292e-05,9.920794367817395e-05,0.0,-0.0005811269192441125,-0.0005811775961336867,0.0008593259602785111,0.0007023547887802123
2025-09-24,Celsia,0.0020920217566970396,-0.0004295775207833443,3.9719392083497814e-05,0.0,0.00013322310298107535,0.0022279352370805274,0.0007175636403262615,-0.0008370758444070815
2025-09-24,ETB,0.0,0.0006539741219952837,-0.0004942318465916813,0.0,-0.0009340869589497405,-0.00158747800321502,-0.00013378924503922466,0.0008590276278555393
2025-09-24,Ecopetrol,0.027175579703426954,-0.0008439144665450706,-0.0015843286284797158,0.0,-3.713974719696516e-05,0.0034288488540275327,-0.0008570037484169006,-0.0014102460145950318
2025-09-24,Grupo Bolivar,0.006269501382468721,-0.00022547340124889583,0.00013951959336334704,0.0,-1.6433540269089178e-05,-1.6483532455638907e-05,-0.0003117027021944523,0.0020393782556056973
2025-09-24,Mineros SA,0.012646867821370015,0.0010149733824248333,0.0012993719835921603,0.0,0.0002840318559088718,0.0003079619071380318,-0.0011108790189027786,0.0015446635633707046
2025-09-24,Nutresa,0.0,-0.0006971950149885508,-0.0015843286284797158,0.0,0.0010475369270775707,0.0010474869197955629,-0.00022091232985258107,-0.0005988882631063461
2025-09-24,Promigas,0.0,-0.00040126726364494314,3.9719392083497814e-05,0.0,0.000259343749298741,-0.0003216053813060774,0.0005815619602799416,0.0008193888962268831
2025-09-25,Banco Davivienda PF,-0.0024341304069886447,1.5345706981204238e-05,0.0002980635079896163,0.0,-0.0006454253043854547,-0.0006454751584270469,0.0005481627322733402,-6.399955600500107e-05
2025-09-25,Banco de Bogota,0.00017562648087816752,0.00027778947053514055,0.0006657980831733366,0.0,-0.0005811269192441125,-0.0005811775961336867,0.0013559923022985457,0.0006630605906248093
2025-09-25,Celsia,-0.0020920217566969463,7.275240774982795e-05,0.0002980635079896163,0.0,0.00013322310298107535,0.001399762164984857,0.001342286005616188,0.0006613107919692993
2025-09-25,ETB,0.0,0.0013146056392164633,-0.00023588773068556273,0.0,-0.0009340869589497405,-0.0015874690584150176,0.00103411415964365,0.001489369884133339
2025-09-25,Ecopetrol,-0.0026845648168463657,-0.00010222659863360552,0.0002558139415860219,0.0,-3.713974719696516e-05,0.0021959162433279594,0.0003082938306033611,-0.001488593429327011
2025-09-25,Grupo Bolivar,-0.0025030655132671207,0.0002381776059962787,0.0006657980831733366,0.0,-1.6433540269089178e-05,-1.6483532455638907e-05,-0.0003475443720817566,0.0017347554266452792
2025-09-25,Mineros SA,0.031804836850124425,7.985835555982694e-05,0.0002980635079896163,0.0,0.0002840318559088718,-0.0007580787389116152,-0.0008407635614275932,0.0011892200708389282
2025-09-25,Nutresa,0.0,2.3606879808340694e-05,0.0002980635079896163,0.0,0.0010475369270775707,0.0010474869197955629,0.0017344539165496827,0.0009757761955261231
2025-09-25,Promigas,-0.00299845127800829,-2.68321365915118e-05,0.0002980635079896163,0.0,0.000259343749298741,0.000188350055118372,0.001044813334941864,0.0014712336957454681
2025-09-26,Banco Davivienda PF,-0.002439986871339931,9.774040320307428e-05,0.0003338175872480326,0.0,-0.0006454253043854547,-0.0006454751584270469,-1.2071602046489712e-05,0.0007154259085655212
2025-09-26,Banco de Bogota,-0.0029300020353083705,8.344498803180395e-05,-0.00018236390312150242,0.0,-0.0005811269192441125,-0.0005811775961336867,-0.0002562314756214618,0.0007666833847761155
2025-09-26,Celsia,0.0,0.00016685904856980619,0.0003338175872480326,0.0,0.00013322310298107535,0.0004831200791111019,0.0004978687576949597,0.0012724408507347107
2025-09-26,ETB,0.0,0.001814374436828465,0.0008635931623279071,0.0,-0.0009340869589497405,-0.0015874634955140587,0.0007655189260840417,0.0015003102272748948
2025-09-26,Ecopetrol,-0.008097208553140903,0.00011240494613104393,0.0003338175872480326,0.0,-3.713974719696516e-05,-0.00025440789265678617,0.0006472742110490799,-0.0002454996444284916
2025-09-26,Grupo Bolivar,-0.010075492018300167,0.00019283040422773284,0.0003338175872480326,0.0,-1.6433540269089178e-05,-1.6483532455638907e-05,-5.3969617933034925e-05,0.002044628292322159
2025-09-26,Mineros SA,0.04255964272514011,-0.00021329755893192002,-0.0012902304333151813,0.0,0.0002840318559088718,-0.002372958720965549,-0.0013910891562700274,-0.0009023488312959671
2025-09-26,Nutresa,0.06555052729597863,0.00024622403737512623,0.0003338175872480326,0.0,0.0010475369270775707,0.0010474869197955629,0.0014521278738975525,0.0015721496641635895
2025-09-26,Promigas,0.001500349477341379,0.00012211012856156497,0.0003338175872480326,0.0,0.000259343749298741,0.0009517819759811447,0.000834764413535595,0.0018435494601726533
2025-09-29,Banco Davivienda PF,-0.010642730392808554,0.00011280638233865228,0.0003338175872480326,0.0,-0.0006454253043854547,-0.0006454751584270469,-0.00013289403915405274,0.00126795719563961
2025-09-29,Banco de Bogota,0.005851324874520234,0.00014386393832447903,0.0003338175872480326,0.0,-0.0005811269192441125,-0.0005811775961336867,0.0004991812445223332,0.0012450066953897476
2025-09-29,Celsia,-0.012645092846784268,0.00012943569090535876,0.0003338175872480326,0.0,0.00013322310298107535,-0.00014718496433014402,0.0007547852993011475,0.0015517739802598954
2025-09-29,ETB,0.0,0.0011465355599769597,-0.00020013365142714645,0.0,-0.0009340869589497405,-0.0015874600096515911,0.0006404232606291771,0.0012132696956396103
2025-09-29,Ecopetrol,-0.02469260738398846,0.0001576236750804509,0.0005783995622680607,0.0,-3.713974719696516e-05,-0.0006985695603112922,0.00046772001683712,0.0011977796107530594
2025-09-29,Grupo Bolivar,0.013578072372338492,6.338404486487531e-05,0.0007978608609225207,0.0,-1.6433540269089178e-05,-1.6483532455638907e-05,-0.00021945187821984291,0.0030006282329559323
2025-09-29,Mineros SA,0.0,-0.00021330527495560457,-0.0012902304333151813,0.0,0.0002840318559088718,-0.003279512056153191,-0.0013261435627937317,-0.0021662389785051346
2025-09-29,Nutresa,0.0,-0.0013975711521048107,-0.0011881028842819846,0.0,0.0010475369270775707,0.0010474869197955629,-0.00012566814571619034,-0.0018391963541507718
2025-09-29,Promigas,0.0,-3.315954732666164e-05,0.0003338175872480326,0.0,0.000259343749298741,0.00013896292831712604,0.00039853227138519285,0.0016970392316579819
2025-09-30,Banco Davivienda PF,-0.008264518202565163,0.00017052144787589225,0.0008528112796892986,0.0,-0.0006454253043854547,-0.0006454751584270469,-0.00010492640361189848,0.0015669004619121552
2025-09-30,Banco de Bogota,0.029320946524665503,8.206835831719075e-05,-0.0002521183390095813,0.0,-0.0005811269192441125,-0.0005811775961336867,-0.000491047691553831,-0.0003731977641582489
2025-09-30,Celsia,0.01786696401736307,0.0001454808387025365,0.0008528112796892986,0.0,0.00013322310298107535,0.0013836620061378124,0.0006169430874288082,0.002004817172884941
2025-09-30,ETB,0.0,0.002210867815617263,0.00027765723607029336,0.0,-0.0009340869589497405,-0.0015874578563059326,0.0003893156722187996,0.0003464036509394646
2025-09-30,Ecopetrol,0.04614114637226076,0.0006098976625248804,0.0017854932603247285,0.0,-3.713974719696516e-05,-0.0020603883644336306,0.001152998313307762,0.00303390771150589
2025-09-30,Grupo Bolivar,-0.06393929141625031,1.6098315120466485e-05,-0.0002521183390095813,0.0,-1.6433540269089178e-05,-1.6483532455638907e-05,-0.00045920987054705613,0.0001635078378021717
2025-09-30,Mineros SA,-0.1823216870031441,-6.399124135446344e-05,-0.0002521183390095813,0.0,0.0002840318559088718,0.0003079619071380318,0.00017365019023418425,-0.0015967987328767777
2025-09-30,Nutresa,-0.16197816971712412,0.00048225833745435054,-0.0002521183390095813,0.0,0.0010475369270775707,0.0010474869197955629,0.0017534829825162888,-0.0015500894188880921
2025-09-30,Promigas,0.014881207155038196,3.5900117887029415e-05,-0.0002521183390095813,0.0,0.000259343749298741,0.00028857006320857237,0.0005949964597821236,0.0006491886228322983
2025-10-01,Banco Davivienda PF,0.016461293623045187,0.002087287790983382,0.007008099412768499,0.0,-0.0006454253043854547,-0.0006454751584270469,-0.0015526868849992752,-0.00032758282124996184
2025-10-01,Banco de Bogota,-0.022344194024290664,0.0015343227105463315,0.004958745126897693,0.0,-0.0005811269192441125,-0.0005811775961336867,-0.002377331644296646,-0.006045349717140198
2025-10-01,Celsia,-0.03713945482137135,0.0017860920413156098,0.005802286783594205,0.0,0.00013322310298107535,-0.0027604006114942733,-0.0023041460663080215,-0.0030818680822849278
2025-10-01,ETB,0.0,0.0031822653741433353,0.006340462633080459,0.0,-0.0009340869589497405,-0.0015874565212287012,-0.0015717661678791045,-0.0022988065928220744
2025-10-01,Ecopetrol,-0.05450939424898161,0.0014972202380166139,0.004295606282080495,0.0,-3.713974719696516e-05,0.003752231073945059,-0.0019503177106380463,-0.005176696836948396
2025-10-01,Grupo Bolivar,0.047826224768277296,0.012638493982570926,0.021183661122915948,0.0,-1.6433540269089178e-05,-1.6483532455638907e-05,0.0014937902987003325,0.006336927652359009
2025-10-01,Mineros SA,0.24216160559515082,0.01469057749948441,0.021354900650669525,0.0,0.0002840318559088718,0.0156763781622103,0.007331239342689514,0.018392680525779727
2025-10-01,Nutresa,0.16197816971712417,0.01640662958747437,0.02413278254716387,0.0,0.0010475369270775707,0.0010474869197955629,0.006844858169555665,0.016836943387985227
2025-10-01,Promigas,-0.017884240264039453,0.0018701700288134618,0.005193902368717774,0.0,0.000259343749298741,-0.0029170371015756593,-0.0009372712671756744,-0.0037658746242523198
2025-10-02,Banco Davivienda PF,0.0065093536024828,-0.00022450166964949666,-0.0007146994434288589,0.0,-0.0006454253043854547,-0.0006454751584270469,-0.0004908928647637367,0.0014872628450393675
2025-10-02,Banco de Bogota,0.0,0.00010728357426873061,-7.032261190553696e-05,0.0,-0.0005811269192441125,-0.0005811775961336867,0.0010073353536427022,0.0014982611238956451
2025-10-02,Celsia,0.001080590417872551,0.0012640931315554935,0.0007600121109486708,0.0,0.00013322310298107535,0.005261684051447217,0.0022597269527614124,0.00371815288066864
2025-10-02,ETB,0.0,0.0012023702785671669,-0.0012402504076976595,0.0,-0.0009340869589497405,-0.0015874556885068297,0.0007442465350031853,0.0013181645646691321
2025-10-02,Ecopetrol,-0.014104603123935452,0.0023010252522033996,0.0007600121109486708,0.0,-3.713974719696516e-05,-0.0045071545702435704,0.001884983614087105,0.0037289926409721378
2025-10-02,Grupo Bolivar,0.007837341536806786,-0.001346931690920215,-0.0020075126296153207,0.0,-1.6433540269089178e-05,-1.6483532455638907e-05,-0.001622151866555214,0.0022595789209008217
2025-10-02,Mineros SA,-0.02222304979561239,-0.005585338233801844,-0.00739262918849085,0.0,0.0002840318559088718,-0.020104532168340416,-0.007204923450946808,-0.0012512630820274353
2025-10-02,Nutresa,0.0,-0.005430052408408599,-0.00739262918849085,0.0,0.0010475369270775707,0.0010474869197955629,-0.0037071650028228766,0.0005851648934185505
2025-10-02,Promigas,0.0,2.1439853675193922e-05,-0.00012660138204083248,0.0,0.000259343749298741,0.0035152062107224966,0.0006269862949848176,0.002351636186242103
2025-10-03,Banco Davivienda PF,-0.0097800725110451,-0.00042275815446311,-0.0008470961294003598,0.0,-0.0006454253043854547,-0.0006454751584270469,-0.0009681228101253509,-0.00011574383080005647
2025-10-03,Banco de Bogota,0.0005794368344332622,-0.00039212557268561465,-0.0005242615694299875,0.0,-0.0005811269192441125,-0.0005811775961336867,-0.0016891175806522372,0.0006427111476659776
2025-10-03,Celsia,0.008602082878334643,0.00016097625285501393,-0.00022116853338459587,0.0,0.00013322310298107535,-0.0026949346484753706,-0.0014557753056287765,0.0020605411678552626
2025-10-03,ETB,0.0,0.0007492611426556333,-0.0013810473680755406,0.0,-0.0009340869589497405,-0.0015874551718973275,-0.0008585338443517686,0.00041046001017093655
2025-10-03,Ecopetrol,0.008486612032419308,0.0012510270544409448,0.0007216574875786965,0.0,-3.713974719696516e-05,-0.0011915364949223262,-0.0011301565766334534,0.003649545595049858
2025-10-03,Grupo Bolivar,0.0012582532003455763,-0.0005525508023965807,-0.00203595784560076,0.0,-1.6433540269089178e-05,-1.6483532455638907e-05,0.0002023712806403637,0.00041812416911125183
2025-10-03,Mineros SA,0.026921601478214183,-0.0034627759804511694,-0.0021776261991201173,0.0,0.0002840318559088718,0.0021812063100942205,0.0046396516561508176,0.00201762093603611
2025-10-03,Nutresa,0.0,-0.002991470976469358,-0.003530653943412037,0.0,0.0010475369270775707,0.0010474869197955629,0.0031670390665531163,0.0005033179484307765
2025-10-03,Promigas,0.0,-0.0004933921902566167,-0.0008470961294003598,0.0,0.000259343749298741,0.001023243122572933,-0.0005801902413368224,0.001288659870624542
2025-10-06,Banco Davivienda PF,0.011400853075056384,-0.0005220867494349041,-0.00016201139045511696,0.0,-0.0006454253043854547,-0.0006454751584270469,-6.159055605530736e-05,0.0010320107936859133
2025-10-06,Banco de Bogota,0.00173535270478456,-0.00036187745011729546,-0.0006260546641296042,0.0,-0.0005811269192441125,-0.0005811775961336867,-0.0005703164041042328,0.0005027292966842652
2025-10-06,Celsia,0.008528930814478846,-0.0003172768662282947,-0.0001658373528768463,0.0,0.00013322310298107535,-0.0014336152433470127,-0.00029750005155801775,0.0006868505626916885
2025-10-06,ETB,0.0,0.0006483153759612083,-0.0011600059028047834,0.0,-0.0009340869589497405,-0.001587454851523915,-9.292654693126675e-05,0.00019051776453852653
2025-10-06,Ecopetrol,0.008415195111305195,-0.0001315287060139645,0.0005663598035279787,0.0,-3.713974719696516e-05,0.0006622991327403952,-0.00027087037637829776,0.0010397788882255555
2025-10-06,Grupo Bolivar,0.0,-0.000823243375581045,-0.0006260546641296042,0.0,-1.6433540269089178e-05,-1.6483532455638907e-05,-0.0005783350318670273,0.0005211592763662338
2025-10-06,Mineros SA,0.044315876247704576,-0.006638545915004516,-0.007742682109629419,0.0,0.0002840318559088718,-0.0019613368503006785,-0.0007602930366992951,-0.001340443402528763
2025-10-06,Nutresa,0.08269171584511341,-0.005978143267461411,-0.00745640362492357,0.0,0.0010475369270775707,0.0010474869197955629,0.0016386011242866517,0.00046440899744629865
2025-10-06,Promigas,0.0,-0.000455949794698115,-0.0006260546641296042,0.0,0.000259343749298741,0.00048099009378953906,0.0001939546465873718,0.00110915769636631
2025-10-07,Banco Davivienda PF,0.00323361931381762,-1.9417891563167464e-05,0.0002980635079896163,0.0,-0.0006454253043854547,-0.0006454751584270469,-0.0006453394442796707,0.0015036633759737015
2025-10-07,Banco de Bogota,0.0,-3.316281410073324e-05,0.0002980635079896163,0.0,-0.0005811269192441125,-0.0005811775961336867,0.00022144905477762224,0.0019153039902448654
2025-10-07,Celsia,0.01055961246296908,-9.485200785130765e-06,0.0002980635079896163,0.0,0.00013322310298107535,0.0001734985346966858,0.000595473736524582,0.0018446294516324998
2025-10-07,ETB,0.0,0.0018846641666181337,0.0008278390830694909,0.0,-0.0009340869589497405,-0.001587454652204383,0.0007434840574860572,0.0018107341080904004
2025-10-07,Ecopetrol,-0.016901807143724346,-4.78235448819424e-05,0.0002980635079896163,0.0,-3.713974719696516e-05,0.0006564386585754152,-0.0004674862548708915,0.001721662178635597
2025-10-07,Grupo Bolivar,0.0,-0.00022495357514070566,-0.00021811798237991872,0.0,-1.6433540269089178e-05,-1.6483532455638907e-05,-0.000598574198782444,0.002510034739971161
2025-10-07,Mineros SA,-0.005997058984249991,-0.003928558479069646,-0.004878251899724835,0.0,0.0002840318559088718,-0.003427550000840579,-0.002023371070623398,-0.0007620149925351143
2025-10-07,Nutresa,0.05657035148839424,-0.004953731024594501,-0.004776124350691637,0.0,0.0010475369270775707,0.0010474869197955629,-0.002861046701669693,-0.0010599192194640638
2025-10-07,Promigas,0.0,3.077105233616571e-05,0.0002980635079896163,0.0,0.000259343749298741,0.0003629954298143572,0.000430811382830143,0.0026220566630363465
2025-10-08,Banco Davivienda PF,0.000806712032195269,-1.8115762825480583e-05,0.0002980635079896163,0.0,-0.0006454253043854547,-0.0006454751584270469,-0.00042419214174151414,0.0014412543773651121
2025-10-08,Banco de Bogota,-0.0023147895392177827,8.672492792817743e-05,0.0002980635079896163,0.0,-0.0005811269192441125,-0.0005811775961336867,-7.884653657674789e-05,0.0017986795753240584
2025-10-08,Celsia,0.007326043170648907,-0.0001290543420550156,0.0002980635079896163,0.0,0.00013322310298107535,2.9608329664105976e-06,0.00011341232061386113,0.0010251604616642
2025-10-08,ETB,0.0,0.0012564240373056173,-0.00023588773068556273,0.0,-0.0009340869589497405,-0.001587454528392178,0.0010576007142663,0.0014274387806653976
2025-10-08,Ecopetrol,0.0,0.0006863028364296574,0.0007866720807043211,0.0,-3.713974719696516e-05,-0.001421075120172742,0.0009499990716576575,0.0033583577275276186
2025-10-08,Grupo Bolivar,0.008889326310854807,0.00010153376386467485,0.0002980635079896163,0.0,-1.6433540269089178e-05,-1.6483532455638907e-05,-9.856645017862322e-06,0.0024912029802799224
2025-10-08,Mineros SA,0.0512933457859152,-0.0022876129313918973,-0.0023808516754955707,0.0,0.0002840318559088718,0.0008134711545079585,0.0019609988927841186,0.0009446147680282592
2025-10-08,Nutresa,0.0,-0.0006381992321660603,0.0014076010544234634,0.0,0.0010475369270775707,0.0010474869197955629,0.0009441920220851899,-0.002557731002569199
2025-10-08,Promigas,-0.0015048652454623364,0.00012294385721608265,0.0002980635079896163,0.0,0.000259343749298741,0.0003373197028242225,0.0009069438278675078,0.0023843300640583034
2025-10-09,Banco Davivienda PF,0.012024205736384574,-7.950537491711735e-05,0.0002980635079896163,0.0,-0.0006454253043854547,-0.0006454751584270469,-9.729522094130516e-05,0.0014495976865291594
2025-10-09,Banco de Bogota,0.013809389931955879,-4.438318591175614e-06,0.0002980635079896163,0.0,-0.0005811269192441125,-0.0005811775961336867,-0.00010373689979314804,0.0019465201497077943
2025-10-09,Celsia,0.006237147939662258,-1.2717088737071295e-05,0.0002980635079896163,0.0,0.00013322310298107535,0.00036064033762450015,0.00040446963161230095,0.000971462741494179
2025-10-09,ETB,0.0,0.0011403314278440805,-0.00023588773068556273,0.0,-0.0009340869589497405,-0.0015874544515554307,0.0006535054296255111,0.0011287230998277664
2025-10-09,Ecopetrol,-0.0028449515102566144,8.229639800449878e-05,0.0002980635079896163,0.0,-3.713974719696516e-05,-3.4112442952314816e-05,-5.839828401803968e-05,0.002420109927654266
2025-10-09,Grupo Bolivar,-0.005766582580422507,-5.1240101443972055e-05,0.0002980635079896163,0.0,-1.6433540269089178e-05,-1.6483532455638907e-05,-0.00028292444720864294,0.0016250765323638915
2025-10-09,Mineros SA,-0.04829032071096937,-0.0019402716548174396,-0.00454515519292522,0.0,0.0002840318559088718,-0.004015700856796943,-0.001836822271347046,-0.0015048655942082405
2025-10-09,Nutresa,0.014888612493750559,-0.0037681097161810064,-0.006965946470705929,0.0,0.0010475369270775707,0.0010474869197955629,0.0011103248298168181,-0.0004518255777657032
2025-10-09,Promigas,0.0015048652454622857,-3.983099600309886e-06,0.0002980635079896163,0.0,0.000259343749298741,0.0006591924465861722,0.0006541205942630768,0.0023508731424808503
2025-10-10,Banco Davivienda PF,0.003976152568603025,5.6414750088921726e-05,0.0002980635079896163,0.0,-0.0006454253043854547,-0.0006454751584270469,-0.0007217360213398933,-0.00013347192853689193
2025-10-10,Banco de Bogota,0.0,5.001933881315964e-05,0.0002980635079896163,0.0,-0.0005811269192441125,-0.0005811775961336867,-0.0007609005793929101,2.9584266245365137e-05
2025-10-10,Celsia,0.001035614423376535,7.070188850559966e-05,0.0002980635079896163,0.0,0.00013322310298107535,0.00021991235129452524,0.00018089657276868813,0.00021311328560113906
2025-10-10,ETB,0.0,0.001190672572709618,-0.00023588773068556273,0.0,-0.0009340869589497405,-0.001587454403804601,0.00048816918581724163,0.0006061375886201859
2025-10-10,Ecopetrol,-0.01434744524433976,0.00012630201434121646,0.0002980635079896163,0.0,-3.713974719696516e-05,-0.0002675692283525023,0.0002482742816209794,0.0016861103624105454
2025-10-10,Grupo Bolivar,0.0,6.0954716316672224e-05,0.0002980635079896163,0.0,-1.6433540269089178e-05,-1.6483532455638907e-05,1.8147632479667683e-05,0.0019106343388557434
2025-10-10,Mineros SA,0.01930280640548559,0.00043463135633345113,0.00136383718500615,0.0,0.0002840318559088718,0.0043784911018592085,0.0022033043876290323,0.004532053351402283
2025-10-10,Nutresa,0.06160935847897423,-0.0025547992795211583,-0.0015504013330523544,0.0,0.0010475369270775707,0.0010474869197955629,-2.9171891510486543e-05,-0.0011557263135910034
2025-10-10,Promigas,0.0,0.0006513553710638633,0.0013617903217446677,0.0,0.000259343749298741,7.431259372280102e-05,0.0005575101971626282,0.0015185516923666002
2025-10-14,Banco Davivienda PF,0.00554021835756967,5.3191343398254385e-05,0.0002980635079896163,0.0,-0.0006454253043854547,-0.0006454751584270469,-0.00028341116011142733,-0.00011371932178735733
2025-10-14,Banco de Bogota,0.008534804092334727,8.859616006638527e-05,0.0002980635079896163,0.0,-0.0005811269192441125,-0.0005811775961336867,-0.00015426445007324217,0.00018749209865927697
2025-10-14,Celsia,0.0,0.00010150804368469279,0.0002980635079896163,0.0,0.00013322310298107535,0.0006071951679802114,0.00020188174396753317,0.0004975161999464034
2025-10-14,ETB,0.0,0.001413711078396459,-0.00023588773068556273,0.0,-0.0009340869589497405,-0.0015874543741367414,0.0003501417189836502,0.0003964658081531524
2025-10-14,Ecopetrol,-0.0028943573825996266,0.00041974158525800667,0.0008619069829439537,0.0,-3.713974719696516e-05,-0.0012114641248256706,5.351843684911731e-05,0.00258255261182785
2025-10-14,Grupo Bolivar,0.0,3.767922405878071e-05,0.0002980635079896163,0.0,-1.6433540269089178e-05,-1.6483532455638907e-05,-0.00026020928844809534,0.0015501321256160736
2025-10-14,Mineros SA,0.02181897765447695,-0.0009419136371530405,-0.0011013481079280819,0.0,0.0002840318559088718,-0.001319126831490533,-0.0013581916876137256,0.0009364486485719679
2025-10-14,Nutresa,0.0,-0.0008715926876312931,-0.0007221138846184594,0.0,0.0010475369270775707,0.0010474869197955629,-0.0002790960818529128,-0.003180032432079315
2025-10-14,Promigas,0.007490701476511234,9.546123445108756e-05,0.0002980635079896163,0.0,0.000259343749298741,0.0002745021021250619,0.00043324805796146387,0.0011571642160415649
2025-10-15,Banco Davivienda PF,0.007861683647562255,0.0010089861089882747,0.0013617903217446677,0.0,-0.0006454253043854547,-0.0006454751584270469,-0.0002950224205851555,0.00020138017460703852
2025-10-15,Banco de Bogota,0.002263814492855446,-6.611793108603727e-05,0.0002980635079896163,0.0,-0.0005811269192441125,-0.0005811775961336867,-0.0004885502755641938,-0.00024915464222431184
2025-10-15,Celsia,0.005162665755713424,1.417713725643875e-05,0.0002980635079896163,0.0,0.00013322310298107535,0.0002744342810587079,0.0002784087210893631,0.0009616637676954267
2025-10-15,ETB,0.0,0.001090565854535345,-0.00023588773068556273,0.0,-0.0009340869589497405,-0.0015874543557158483,0.00048250176012516017,0.0004064051508903503
2025-10-15,Ecopetrol,0.008658060822919233,0.00016459640466018926,0.0006657980831733366,0.0,-3.713974719696516e-05,-0.0002716234753565405,-0.00020031549781560895,0.002051657348871231
2025-10-15,Grupo Bolivar,-0.0005028982512997717,0.00010184317081019418,0.0002980635079896163,0.0,-1.6433540269089178e-05,-1.6483532455638907e-05,0.00020358255505561825,0.0016963016986846925
2025-10-15,Mineros SA,0.019943742503930453,-0.0015740919025598683,-0.0010841258863696817,0.0,0.0002840318559088718,-0.0015312220997998787,-0.0005813660621643067,-0.0003954623192548752
2025-10-15,Nutresa,0.027862044351517817,-0.001101697429449493,-0.0004750128416934604,0.0,0.0010475369270775707,0.0010474869197955629,0.0013273885026574134,-0.0012172633111476898
2025-10-15,Promigas,0.00595237481238738,-1.4633072552399327e-05,0.0002980635079896163,0.0,0.000259343749298741,-0.0013119187461164113,0.00047671419382095336,0.0006963808387517929
2025-10-16,Banco Davivienda PF,0.0466623695659206,-7.751677259107007e-05,0.0002980635079896163,0.0,-0.0006454253043854547,-0.0006454751584270469,-0.0005807704553008079,-0.0001509873494505882
2025-10-16,Banco de Bogota,0.02014605929393412,-8.95626942625652e-05,0.0002980635079896163,0.0,-0.0005811269192441125,-0.0005811775961336867,-0.0007299181818962097,0.00015503866225481032
2025-10-16,Celsia,-0.0051626657557134375,-0.00012739648740785791,0.0002980635079896163,0.0,0.00013322310298107535,-0.00043019575186775525,-0.000363477572798729,0.0008629619777202606
2025-10-16,ETB,0.0,0.0011935110085790378,-0.00023588773068556273,0.0,-0.0009340869589497405,-0.001587454344272578,1.9012466073036177e-05,0.0005616810768842697
2025-10-16,Ecopetrol,-0.008658060822919337,-0.00010665088294303111,0.0002980635079896163,0.0,-3.713974719696516e-05,0.0006763682243739649,-0.000668546449393034,0.000771405965089798
2025-10-16,Grupo Bolivar,0.030962267561565712,-3.526432216429885e-05,0.0002980635079896163,0.0,-1.6433540269089178e-05,-1.6483532455638907e-05,-0.00021605535224080086,0.0018212250769138335
2025-10-16,Mineros SA,0.03192492618052653,-0.002226728813419626,-0.0010841258863696817,0.0,0.0002840318559088718,-0.0013731531676643139,-0.001325272638350725,-0.001048126518726349
2025-10-16,Nutresa,0.07796154146971192,-0.0024722824655530116,-0.002159514377728576,0.0,0.0010475369270775707,0.0010474869197955629,-0.0009170379303395749,-0.0017606061398982998
2025-10-16,Promigas,0.00886276915507452,0.0007840628129667449,0.0013617903217446677,0.0,0.000259343749298741,-0.0013223840764933594,0.00011410487443208696,0.0007761843055486678
2025-10-17,Banco Davivienda PF,0.01997844232396252,0.0007082575789079452,0.0013195407553410732,0.0,-0.0006454253043854547,-0.0006454751584270469,-0.001604418396949768,-0.00039837259054183963
2025-10-17,Banco de Bogota,0.0011075203705932036,-0.00018343502325249072,0.0002558139415860219,0.0,-0.0005811269192441125,-0.0005811775961336867,-0.0009840820878744127,0.0008328023552894593
2025-10-17,Celsia,0.016563599499046764,-0.00020912674058436303,0.0002980635079896163,0.0,0.00013322310298107535,0.0010884840525604556,0.0001334559693932533,0.0027495062351226805
2025-10-17,ETB,0.0,0.0014227436863898588,0.0008278390830694909,0.0,-0.0009340869589497405,-0.001587454337163257,0.0003478520810604095,0.0019005353003740308
2025-10-17,Ecopetrol,0.008658060822919233,7.594610713619336e-05,0.0007621067816641045,0.0,-3.713974719696516e-05,-0.0007445931102786031,-0.0003049960136413574,0.0026771090030670167
2025-10-17,Grupo Bolivar,-0.004890098309311002,-0.0005069769065668068,-0.0013259845125735978,0.0,-1.6433540269089178e-05,-1.6483532455638907e-05,-0.000833884920924902,0.0013547111302614212
2025-10-17,Mineros SA,0.002728532647338527,-0.0025635513331860866,-0.003985948191935863,0.0,0.0002840318559088718,-0.0023830813939604554,-0.0015377642810344696,0.00023352804407477382
2025-10-17,Nutresa,0.08770558041910545,-0.0031971315288196276,-0.003367639152533131,0.0,0.0010475369270775707,0.0010474869197955629,-0.001217426359653473,-0.0013081389702856538
2025-10-17,Promigas,0.01082054171581762,0.0004726136625091734,0.0013617903217446677,0.0,0.000259343749298741,-0.0019579653224203923,-0.00012152138352394103,0.0017946834117174148
2025-10-20,Banco Davivienda PF,0.004385991383672831,-6.488530397459792e-05,0.0002558139415860219,0.0,-0.0006454253043854547,-0.0006454751584270469,-0.0002734871804714203,-0.00010828512534499165
2025-10-20,Banco de Bogota,-0.002216041769445706,-6.66474764982469e-05,0.0002980635079896163,0.0,-0.0005811269192441125,-0.0005811775961336867,0.0003215645551681519,0.0016793991774320606
2025-10-20,Celsia,-0.006179218055315038,-0.0001128459123224092,0.0002896632335832376,0.0,0.00013322310298107535,-0.0019190004190881038,-0.0002732686027884483,0.0020058115273714067
2025-10-20,ETB,0.0,0.0009959767094171344,-0.00023588773068556273,0.0,-0.0009340869589497405,-0.0015874543327479152,0.0010397398024797441,0.002147247821092606
2025-10-20,Ecopetrol,-0.017391738837791066,-7.249247339362142e-05,0.0002980635079896163,0.0,-3.713974719696516e-05,0.0006763682243739649,-0.0003311826586723328,0.0021677367687225344
2025-10-20,Grupo Bolivar,-0.010099972488135996,-5.69875713939707e-05,0.0002980635079896163,0.0,-1.6433540269089178e-05,-1.6483532455638907e-05,0.0002204471230506897,0.0027840231657028196
2025-10-20,Mineros SA,-0.004095595892862506,-0.0019974983539568533,-0.0004750128416934604,0.0,0.0002840318559088718,7.796608942091266e-05,-0.0003414085954427719,0.00173694971203804
2025-10-20,Nutresa,0.09738990325757428,-0.0010047829018492824,0.001224516270853544,0.0,0.0010475369270775707,0.0010474869197955629,-0.0009210103303194045,-0.001993189424276352
2025-10-20,Promigas,-0.02420686471070554,-2.1270481029372843e-05,0.0002980635079896163,0.0,0.000259343749298741,-0.002522281047264477,0.00022484982758760454,0.0016829723268747328
2025-10-21,Banco Davivienda PF,0.010881511288919002,-8.07201162642975e-05,0.0002980635079896163,0.0,-0.0006454253043854547,-0.0006454751584270469,-0.00034562185406684877,0.00022040843591094016
2025-10-21,Banco de Bogota,0.0,-2.2318652280478043e-05,0.0002980635079896163,0.0,-0.0005811269192441125,-0.0005811775961336867,0.00011369050294160841,0.0019790441393852235
2025-10-21,Celsia,0.006179218055315174,4.489632810555962e-06,0.0005793781719898329,0.0,0.00013322310298107535,0.0020441769367534985,0.0007953029386699199,0.0026465088725090027
2025-10-21,ETB,0.0,0.0011319538706956757,-0.00023588773068556273,0.0,-0.0009340869589497405,-0.0015874543300053478,0.0010957210287451742,0.0017837272286415102
2025-10-21,Ecopetrol,-0.014727803376466963,0.0002467246783390901,0.000877761294971264,0.0,-3.713974719696516e-05,-0.0014612789260900416,0.0007221912592649461,0.0036454334259033204
2025-10-21,Grupo Bolivar,0.0,2.6668339603522945e-05,0.000542645483009644,0.0,-1.6433540269089178e-05,-1.6483532455638907e-05,0.00033721442520618435,0.0035712419152259824
2025-10-21,Mineros SA,-0.015162145317949797,-0.001696028027321119,-0.0015504013330523544,0.0,0.0002840318559088718,0.000653191394253242,-0.0005851418524980545,0.002489621341228485
2025-10-21,Nutresa,0.024625047305389194,-0.0024376833221867243,-0.0015213165523068801,0.0,0.0010475369270775707,0.0010474869197955629,-0.001475924164056778,-0.004176003336906433
2025-10-21,Promigas,-0.0015325631081764088,0.00036892742059098957,0.001618623920148949,0.0,0.000259343749298741,0.0049769132237466075,0.0015686143487691879,0.004127494871616363
2025-10-22,Banco Davivienda PF,0.011477841274366497,0.0007805519427285839,0.0013617903217446677,0.0,-0.0006454253043854547,-0.0006454751584270469,-0.0010611068829894067,-0.00034734568744897843
2025-10-22,Banco de Bogota,-0.0016653736854564767,-1.0268253065193257e-05,0.0002980635079896163,0.0,-0.0005811269192441125,-0.0005811775961336867,-0.00042106548696756364,0.0014241798371076584
2025-10-22,Celsia,0.004098333577644806,-0.0001259554277451773,0.0002980635079896163,0.0,0.00013322310298107535,-0.0006987806117352871,-0.00035598150640726086,0.0013093169778585433
2025-10-22,ETB,0.0,0.001063630806369302,-0.00023588773068556273,0.0,-0.0009340869589497405,-0.0015874543283016273,0.0004504714459180832,0.001082389384508133
2025-10-22,Ecopetrol,0.02055872238088503,0.00031547983812221157,0.0012454958701549831,0.0,-3.713974719696516e-05,-0.0012426763217672021,0.00017294151335954665,0.003929187834262849
2025-10-22,Grupo Bolivar,0.022280330651110253,5.565948839539898e-05,0.0002980635079896163,0.0,-1.6433540269089178e-05,-1.6483532455638907e-05,-1.7660129815340037e-05,0.0025794921219348906
2025-10-22,Mineros SA,-0.012578795942005847,-0.0018046989860319499,-0.0015954234995242944,0.0,0.0002840318559088718,0.0015860224845510142,-0.0004380023404955864,0.0037321401238441464
2025-10-22,Nutresa,-0.18910124377933335,-0.00315548616307347,-0.0008196017403030485,0.0,0.0010475369270775707,0.0010474869197955629,0.0001203620731830596,-0.004173665165901184
2025-10-22,Promigas,0.00916034414243992,0.0009742711248175214,0.0018879177164805826,0.0,0.000259343749298741,0.0016747985368316023,0.00021182871982455254,0.0030870352983474727
2025-10-23,Banco Davivienda PF,0.012757139512711145,-0.00012580475717744501,0.0007319545454420224,0.0,-0.0006454253043854547,-0.0006454751584270469,-0.0013627630546689032,-0.002977724730968475
2025-10-23,Banco de Bogota,0.0027738950843088517,-0.00027362155198071514,0.0007319545454420224,0.0,-0.0005811269192441125,-0.0005811775961336867,-0.0006629930809140206,-0.00037245366722345354
2025-10-23,Celsia,0.0010219389129037734,-0.00020250226506780266,0.0007319545454420224,0.0,0.00013322310298107535,2.9263017125032553e-05,-0.0006126812472939491,-0.0009545032903552055
2025-10-23,ETB,0.0,0.0011102892465290515,0.00019800330676684303,0.0,-0.0009340869589497405,-0.001587454327243395,-0.000469561532139778,-0.0008362983167171479
2025-10-23,Ecopetrol,0.0314761251800689,-0.00028882434626750265,0.0006897049790384281,0.0,-3.713974719696516e-05,0.0016529367814976962,-0.000954783909022808,-0.0011914339661598205
2025-10-23,Grupo Bolivar,-0.009488007568976269,-0.00034341553824236785,0.0006897049790384281,0.0,-1.6433540269089178e-05,-1.6483532455638907e-05,-0.0007561527453362942,-0.0017669122368097305
2025-10-23,Mineros SA,0.012578795942005875,-0.0020017079342224803,-0.0006363006303546548,0.0,0.0002840318559088718,0.0013682645798586167,-0.0011170198209583758,0.002789782747626305
2025-10-23,Nutresa,-0.15415067982725836,0.008558395085931866,0.012952739640598452,0.0,0.0010475369270775707,0.0010474869197955629,0.00659122285246849,0.01886834120750427
2025-10-23,Promigas,-0.004569683119791766,-0.00021534990215561582,0.0007319545454420224,0.0,0.000259343749298741,-0.0013705286871569325,0.00016532858833670616,-0.0004538683220744133
2025-10-24,Banco Davivienda PF,0.024348983139191212,-0.0008446851470005658,-0.0015205482532770927,0.0,-0.0006454253043854547,-0.0006454751584270469,-0.0009535004571080208,-0.004307565033435821
2025-10-24,Banco de Bogota,0.0005539701495226296,-0.00014977449068657013,-0.0004568214395220391,0.0,-0.0005811269192441125,-0.0005811775961336867,-0.0007385689876973629,-0.0017632524073123933
2025-10-24,Celsia,0.02122374311825517,-0.0006609184603603078,-0.0015205482532770927,0.0,0.00013322310298107535,0.00048642271199463043,-0.00013108051195740702,-0.0019325649440288546
2025-10-24,ETB,0.0,0.00029352895957481965,-0.0020544994919522714,0.0,-0.0009340869589497405,-0.0015874543265860868,-0.00040114748477935774,-0.002323227882385254
2025-10-24,Ecopetrol,-0.0028208757301492597,-0.0011672892817572843,-0.0031445962738403063,0.0,-3.713974719696516e-05,0.0025488191025944728,-0.0005031185373663902,-0.004700057327747345
2025-10-24,Grupo Bolivar,0.008761280875511205,-0.0006352478029668596,-0.000415618634578213,0.0,-1.6433540269089178e-05,-1.6483532455638907e-05,7.560261338949207e-05,-0.0011314565911889076
2025-10-24,Mineros SA,-0.013986264898891694,-0.0027923002428954804,-0.0022936246029601703,0.0,0.0002840318559088718,-0.0007523407655825558,-0.0016252967864274978,-0.001121709033846855
2025-10-24,Nutresa,0.04652001563489291,0.013225156811136635,0.013731080275269255,0.0,0.0010475369270775707,0.0010474869197955629,0.007938172459602355,0.024595873832702637
2025-10-24,Promigas,0.001525549105971294,-0.0006179990976439127,-0.0015205482532770927,0.0,0.000259343749298741,0.000954470019658446,0.0007324291616678238,-0.0011120890080928802
2025-10-27,Banco Davivienda PF,0.020408892855370012,-0.0007323632229020619,-0.00024681485517391783,0.0,-0.0006454253043854547,-0.0006454751584270469,-0.0004127479195594787,-0.001596301555633545
2025-10-27,Banco de Bogota,0.02407101987276568,-0.0004639298757435526,-0.00020456528877032352,0.0,-0.0005811269192441125,-0.0005811775961336867,0.00011969035863876342,0.000656562089920044
2025-10-27,Celsia,-0.02020284749840187,-0.0007136728005693981,-0.00024681485517391783,0.0,0.00013322310298107535,-0.001921143489406541,0.0001232159547507763,-0.00036940373852849
2025-10-27,ETB,0.0,0.0005704531742013377,-0.0007385165274455019,0.0,-0.0009340869589497405,-0.0015874543261777795,0.0003329873755574226,0.0005774020217359067
2025-10-27,Ecopetrol,0.0056338164987072194,-0.00048351899859554664,-0.00020456528877032352,0.0,-3.713974719696516e-05,-0.00026559356929131933,0.0012311464324593544,-0.0004291388019919395
2025-10-27,Grupo Bolivar,0.005557765907683675,-0.0005724549601823621,-0.00020456528877032352,0.0,-1.6433540269089178e-05,-1.6483532455638907e-05,0.0003704686909914017,0.0008080602884292604
2025-10-27,Mineros SA,-0.08829260926175385,-0.001552716238798737,-0.0018970022811953446,0.0,0.0002840318559088718,0.0014869041621873007,0.0007616939544677735,0.0023818671405315397
2025-10-27,Nutresa,0.08701137698962969,0.001918501288521549,-0.003612377726197743,0.0,0.0010475369270775707,0.0010474869197955629,0.0025754938423633578,0.005515734136104584
2025-10-27,Promigas,-0.007651204849802806,-0.0004781328199624962,-0.00020456528877032352,0.0,0.000259343749298741,0.0001340643906215562,0.001199209362268448,0.0010551902800798418
2025-10-28,Banco Davivienda PF,0.013378139625536637,-0.0007991856552673599,-0.00047611748889867786,0.0,-0.0006454253043854547,-0.0006454751584270469,-0.00023927834630012518,-0.0026346036195755004
2025-10-28,Banco de Bogota,0.012565227286415986,-0.000777878639023976,-0.00047611748889867786,0.0,-0.0005811269192441125,-0.0005811775961336867,-0.0006965807378292083,-0.0015012080669403077
2025-10-28,Celsia,0.0,-0.0002475392908004076,0.00014582986448656362,0.0,0.00013322310298107535,0.003996869138870211,0.0015371006876230243,0.0019371009021997454
2025-10-28,ETB,0.0,0.0012398003525254018,9.590765258479068e-05,0.0,-0.0009340869589497405,-0.0015874543259241586,0.0003016950637102127,0.00042704490572214123
2025-10-28,Ecopetrol,0.013947224491097712,-0.0005537356639194067,-0.0004338679224950836,0.0,-3.713974719696516e-05,0.0004281986665977005,0.00043531909584999085,-0.0008037207871675492
2025-10-28,Grupo Bolivar,0.035506606183586364,0.00021454120018833946,0.0006298588912599704,0.0,-1.6433540269089178e-05,-1.6483532455638907e-05,0.00040129528194665913,0.0003984997794032097
2025-10-28,Mineros SA,-0.006171009930609373,0.012797381684988486,0.013798990320276958,0.0,0.0002840318559088718,0.007750398370320178,0.003699024587869644,0.011982018947601317
2025-10-28,Nutresa,-0.021138519202564796,-0.0021034242595281655,-0.004981637625852736,0.0,0.0010475369270775707,0.0010474869197955629,0.0011042892336845399,-0.0014110789448022842
2025-10-28,Promigas,-0.00925930034523419,-0.0004068515196658178,-8.712587603376043e-05,0.0,0.000259343749298741,0.001952412026383302,0.0007929665297269822,0.0014336663186550142
2025-10-29,Banco Davivienda PF,-0.016750827581783683,-0.0006974574614863462,-0.0004338679224950836,0.0,-0.0006454253043854547,-0.0006454751584270469,-5.7296037673950156e-05,-0.00213058140873909
2025-10-29,Banco de Bogota,0.028528010584936727,-0.0005207807694760025,-0.0004338679224950836,0.0,-0.0005811269192441125,-0.0005811775961336867,0.00015817592665553088,-0.0014090429544448854
2025-10-29,Celsia,0.003056650889597165,-0.0005203026490225904,-0.0004338679224950836,0.0,0.00013322310298107535,-0.0011864719325687884,0.0003032250925898552,0.0013005929440259934
2025-10-29,ETB,0.0,0.00047077748701066364,-0.0009678191611702621,0.0,-0.0009340869589497405,-0.0015874543257666234,0.0003186246007680893,0.0002181607000529766
2025-10-29,Ecopetrol,0.0027662529048502705,-0.0006040022301695819,-0.0004338679224950836,0.0,-3.713974719696516e-05,0.0011103971148407248,0.0005796145126223563,-0.0012356667816638945
2025-10-29,Grupo Bolivar,0.002322981905016108,-0.0009087425340398916,-0.0020579159430582964,0.0,-1.6433540269089178e-05,-1.6483532455638907e-05,-0.00023864412680268282,-0.0014816658645868301
2025-10-29,Mineros SA,0.03348867790100408,-0.00046218465929453637,-0.002242809910085911,0.0,0.0002840318559088718,0.0008281339771022264,0.0006014424115419389,0.006066254138946533
2025-10-29,Nutresa,0.09345918078219095,-0.001218722489245564,-0.007215957273949915,0.0,0.0010475369270775707,0.0010474869197955629,0.004794512689113617,0.0019154525697231291
2025-10-29,Promigas,-0.006220842902681326,-0.00036722093331482486,3.0175351179403935e-05,0.0,0.000259343749298741,0.002698008610329178,0.0009006886780261993,0.002116920292377472
2025-10-30,Banco Davivienda PF,-0.03436760835361924,0.00014693727631607498,0.000343425142610755,0.0,-0.0006454253043854547,-0.0006454751584270469,1.1842690408229821e-05,0.0014634451866149902
2025-10-30,Banco de Bogota,0.007782319796566442,0.0009629864571324755,0.0013166457612079725,0.0,-0.0005811269192441125,-0.0005811775961336867,-0.00033581706881523137,-0.0012776483297348023
2025-10-30,Celsia,-0.0010177782765515913,0.00017338263376516386,0.000295168513856515,0.0,0.00013322310298107535,-0.0006849928945342914,0.0005520050227642059,0.0019396531730890274
2025-10-30,ETB,0.0,0.0021108690680817074,0.0008249440889363895,0.0,-0.0009340869589497405,-0.0015874543256687685,0.0007746819406747819,0.0013564579039812088
2025-10-30,Ecopetrol,-0.005540179196268909,7.632242979607445e-05,0.000295168513856515,0.0,-3.713974719696516e-05,0.0001928863331048644,0.0005250848904252052,0.00033581478521227837
2025-10-30,Grupo Bolivar,-0.02062884544745736,0.00014958878755148443,0.000295168513856515,0.0,-1.6433540269089178e-05,-1.6483532455638907e-05,-3.595509380102159e-05,0.0004374415427446366
2025-10-30,Mineros SA,0.017804707189366765,-0.0009840608146947899,-0.003087881069282009,0.0,0.0002840318559088718,-0.002514894497244597,-0.00015111736953258512,0.002104230225086212
2025-10-30,Nutresa,0.09425253824618929,-0.008635899614647186,-0.011720056894227083,0.0,0.0010475369270775707,0.0010474869197955629,-0.00360542544722557,-0.0020111854374408726
2025-10-30,Promigas,0.004669336553828875,0.0015202093570323531,0.0020079445667955044,0.0,0.000259343749298741,0.0021990803753681345,0.0004252524673938751,0.003071940958499909
2025-10-31,Banco Davivienda PF,-0.027651544650922438,0.0008976992925597494,0.002172667613947643,0.0,-0.0006454253043854547,-0.0006454751584270469,-0.000380159929394722,0.004683628320693969
2025-10-31,Banco de Bogota,-0.01562546550161891,4.3591443809019025e-05,0.0003338175872480326,0.0,-0.0005811269192441125,-0.0005811775961336867,-2.5611765682697275e-05,-0.0009634577035903931
2025-10-31,Celsia,-0.004081707145802612,-2.69492475634637e-05,0.0003338175872480326,0.0,0.00013322310298107535,0.0005712365608658839,0.0007143282666802406,0.001838055655360222
2025-10-31,ETB,0.0,0.0016519432788207544,0.0008635931623279071,0.0,-0.0009340869589497405,-0.0015874543256079849,0.0006254493370652198,0.0011515329480171204
2025-10-31,Ecopetrol,-0.011173298199679143,8.86094447775267e-05,0.0003338175872480326,0.0,-3.713974719696516e-05,-0.0004887396733423578,0.00011078640818595889,0.0012108713537454605
2025-10-31,Grupo Bolivar,0.02387181356835115,0.00013292028571713004,0.0006940540755752206,0.0,-1.6433540269089178e-05,-1.6483532455638907e-05,-0.0001580141857266426,0.0028970319628715516
2025-10-31,Mineros SA,0.0,-0.001414881915556116,-0.0002905011346427014,0.0,0.0002840318559088718,-0.0011928477654992527,-0.00020425838232040412,0.0005787109546363353
2025-10-31,Nutresa,-0.03788685886449241,-0.0036498892657716754,-0.0033318850732747146,0.0,0.0010475369270775707,0.0010474869197955629,-0.0007619839459657669,-0.004663072049617767
2025-10-31,Promigas,-0.0015540777494856648,3.5710628383060974e-05,0.0003338175872480326,0.0,0.000259343749298741,-0.00027919796278591286,0.0001827927082777023,0.0018100855201482774
2025-11-04,Banco Davivienda PF,0.00716336162997601,0.0012481444700861882,0.002512485890068584,0.0,-0.0006454253043854547,-0.0006454751584270469,-0.0004562411904335022,0.005460553348064423
2025-11-04,Banco de Bogota,0.006279663895654346,7.240388311624078e-06,0.0006236508842841051,0.0,-0.0005811269192441125,-0.0005811775961336867,0.0003337802737951279,0.0004353201910853386
2025-11-04,Celsia,-0.00512552121057457,-8.771698403893469e-06,-5.1253104001640916e-05,0.0,0.00013322310298107535,0.0005847928246629018,-0.00016522230952978133,0.00102559494972229
2025-11-04,ETB,0.0,0.0009936528106033763,-0.0009529389178605397,0.0,-0.0009340869589497405,-0.0015874543255702288,-0.00015522417426109305,-0.00030098298937082294
2025-11-04,Ecopetrol,0.011173298199679091,-2.80158940556523e-05,0.0006859419395135191,0.0,-3.713974719696516e-05,-0.0009509935464124967,0.00038633638620376584,0.0013329245895147325
2025-11-04,Grupo Bolivar,-0.01726193146188846,-0.00015894285041724942,-0.00046123724558895534,0.0,-1.6433540269089178e-05,-1.6483532455638907e-05,-0.0006125406622886657,-0.0008766907677054406
2025-11-04,Mineros SA,-0.045120497144443605,0.00010518862231731291,-0.0005674345943711759,0.0,0.0002840318559088718,0.0003079619071380318,0.00018890439718961723,-0.0001902543604373932
2025-11-04,Nutresa,0.0,-0.005160127683496949,-0.007938969895262233,0.0,0.0010475369270775707,0.0010474869197955629,0.002065971612930298,-0.00020611781626939771
2025-11-04,Promigas,-0.010946130869145412,-5.945923926493273e-05,-0.0004189876791853609,0.0,0.000259343749298741,0.0005357464198060051,0.00025334224477410316,0.0006752237305045128
2025-11-05,Banco Davivienda PF,-0.0064446972908195205,0.0003925251278973741,0.0005322319916531466,0.0,-0.0006454253043854547,-0.0006454751584270469,-0.0010964808017015458,0.0011693826615810396
2025-11-05,Banco de Bogota,-0.005754698316751712,-0.00011992016192082404,-0.0004189876791853609,0.0,-0.0005811269192441125,-0.0005811775961336867,-0.0005739028006792068,-0.0013017535507678986
2025-11-05,Celsia,0.0,-0.00011558627273815949,-0.0004189876791853609,0.0,0.00013322310298107535,0.00028442855688327656,0.00011571654677391049,0.000434040542691946
2025-11-05,ETB,0.0,0.0011408653034843893,-0.0009529389178605397,0.0,-0.0009340869589497405,-0.001587454325546777,0.00019435892999172208,-0.0010073845833539962
2025-11-05,Ecopetrol,0.016529298451838342,-0.00011100443317595902,-0.0004189876791853609,0.0,-3.713974719696516e-05,0.0008827686605078628,-0.00015116370096802712,-0.0011437791287899019
2025-11-05,Grupo Bolivar,-0.009456459560848226,0.00015875239855616964,0.0008431121829385653,0.0,-1.6433540269089178e-05,-1.6483532455638907e-05,0.0005021483860909939,0.0009751515090465545
2025-11-05,Mineros SA,0.025817655320313347,0.0015352026167789884,0.0021369135346892268,0.0,0.0002840318559088718,0.004111297610913363,0.0016829646974802018,0.00505879932641983
2025-11-05,Nutresa,-0.048643633287786515,-0.007035006778270284,-0.008049173970933968,0.0,0.0010475369270775707,0.0010474869197955629,-0.0008726818263530733,-0.0006372767239809036
2025-11-05,Promigas,0.00626959577410417,0.00013801666608535585,0.0010536765146972392,0.0,0.000259343749298741,0.002756796698078952,0.0006729452125728131,0.0010652678757905958
2025-11-06,Banco Davivienda PF,-0.001437845528209008,0.00024421698392989433,0.0002961227630479196,0.0,-0.0006454253043854547,-0.0006454751584270469,-0.0007331486642360687,0.0003493875265121459
2025-11-06,Banco de Bogota,0.007318180126149793,-0.0002251203395118745,-0.000677331795091479,0.0,-0.0005811269192441125,-0.0005811775961336867,-0.00021345727890729904,-0.0013332420587539673
2025-11-06,Celsia,-0.001028346248768061,-0.00036557442754292415,-0.000677331795091479,0.0,0.00013322310298107535,-0.0003783068248800621,-0.0007746937796473503,-0.0007497204542160034
2025-11-06,ETB,0.0,0.0005192759134952402,-0.0012112830337666592,0.0,-0.0009340869589497405,-0.0015874543255322093,-0.0007499411553144455,-0.0020279274880886074
2025-11-06,Ecopetrol,0.0,-0.00039907295052802623,-0.0006857320694978575,0.0,-3.713974719696516e-05,0.0013222821625706474,-0.0005522112250328063,-0.0034310865402221676
2025-11-06,Grupo Bolivar,0.009456459560848113,-1.881425275974124e-05,0.00030793672623278964,0.0,-1.6433540269089178e-05,-1.6483532455638907e-05,-0.0007640814259648323,0.0007573973834514618
2025-11-06,Mineros SA,0.03679593784189631,0.0005485639421983112,-0.00039674680152470133,0.0,0.0002840318559088718,-0.001868282072469914,-0.0017352029979228975,-0.000838235154747963
2025-11-06,Nutresa,0.0,-0.0032618885810568963,-0.0012811873749781159,0.0,0.0010475369270775707,0.0010474869197955629,0.0021974150985479357,0.004874828577041626
2025-11-06,Promigas,0.01857641425979701,0.0005708792542293142,0.000386395018663574,0.0,0.000259343749298741,-0.0005060560757849863,-0.0009178010672330856,-0.0006703587546944619
2025-11-07,Banco Davivienda PF,0.015703364617063224,0.00015006941167550883,6.128468235090689e-05,0.0,-0.0006454253043854547,-0.0006454751584270469,-0.0007406545877456665,0.0001788785420358181
2025-11-07,Banco de Bogota,-0.004175226644929219,-0.0005640380700098448,-0.00045629032982072367,0.0,-0.0005811269192441125,-0.0005811775961336867,-0.0006945970803499222,-0.0014526641368865967
2025-11-07,Celsia,-0.002059665178136245,-0.000393347668971179,-0.00045629032982072367,0.0,0.00013322310298107535,0.00017447824170028353,8.215755224227125e-08,-4.864972084760665e-05
2025-11-07,ETB,0.0,0.0007700986164967422,-0.0009902415684959025,0.0,-0.0009340869589497405,-0.0015874543255231604,-0.00012055584788322447,-0.001186508372426033
2025-11-07,Ecopetrol,0.018945082302137446,-0.0005214040177694894,-0.00045629032982072367,0.0,-3.713974719696516e-05,-3.4112442952314816e-05,-0.00011935731396079062,-0.001828324168920517
2025-11-07,Grupo Bolivar,-0.008269464346157858,0.00019722137576074842,0.0006074364839343304,0.0,-1.6433540269089178e-05,-1.6483532455638907e-05,-0.0003779865838587284,-5.112858116626738e-05
2025-11-07,Mineros SA,0.011494362894253166,-0.0013082506349218653,-0.002080338350383937,0.0,0.0002840318559088718,-0.00279367289311629,-0.0009070907309651375,-0.0026303394436836243
2025-11-07,Nutresa,-0.023347363996991177,-0.0035267156535014332,-0.001424859032896087,0.0,0.0010475369270775707,0.0010474869197955629,0.00023074738681316378,0.0024170333892107013
2025-11-07,Promigas,-0.031155243409934166,-0.0006873762974221474,-0.00046469060422710235,0.0,0.000259343749298741,-0.0038940281680705296,-0.0005220754221081734,-0.0018490658998489382
2025-11-10,Banco Davivienda PF,0.02033018500833854,-0.0006211014463441,-0.0011733415169957015,0.0,-0.0006454253043854547,-0.0006454751584270469,-0.001225382924079895,-0.001781900942325592
2025-11-10,Banco de Bogota,0.006776103725775408,-0.0006685816619950278,-0.0011733415169957015,0.0,-0.0005811269192441125,-0.0005811775961336867,-0.00039704975113272667,-0.0008097398951649665
2025-11-10,Celsia,0.010256367170236045,-0.000759310133374964,-0.0011733415169957015,0.0,0.00013322310298107535,0.00030397692512858384,-0.00014676646143198013,-0.00011660826578736304
2025-11-10,ETB,0.0,0.0007858311408004341,-0.0006435659419158261,0.0,-0.0009340869589497405,-0.0015874543255175399,-9.930609166622162e-05,-0.0007811566293239593
2025-11-10,Ecopetrol,-0.0026845648168463657,-0.0009434116271034971,-0.0011817417914020802,0.0,-3.713974719696516e-05,0.0015205214400694914,-0.00038980552554130553,-0.0029192602634429935
2025-11-10,Grupo Bolivar,0.008269464346157862,-0.0005739949452738991,-6.841189829682132e-05,0.0,-1.6433540269089178e-05,-1.6483532455638907e-05,-0.00017746969684958458,0.0007870254442095756
2025-11-10,Mineros SA,0.0,-0.0009311556580647814,-0.0011733415169957015,0.0,0.0002840318559088718,-0.0006609308035941451,-0.00016299654543399812,-0.0028515933901071553
2025-11-10,Nutresa,0.04239555896768555,-0.0003406047403500976,-0.0017759235550277083,0.0,0.0010475369270775707,0.0010474869197955629,0.0011775358542799948,0.004000714123249054
2025-11-10,Promigas,-0.0031694843088105632,0.00011508779748163005,0.0008993178312011434,0.0,0.000259343749298741,0.006190392419401236,0.0011481230109930038,0.0021450373381376267
2025-11-11,Banco Davivienda PF,-0.009762974508434236,-0.0004564335931111512,-2.5301743200965003e-06,0.0,-0.0006454253043854547,-0.0006454751584270469,-0.000386575311422348,-0.0014228621795773506
2025-11-11,Banco de Bogota,0.0,-0.0003546738333094138,3.9719392083497814e-05,0.0,-0.0005811269192441125,-0.0005811775961336867,-0.00012928776443004608,-0.00016017183661460875
2025-11-11,Celsia,0.003056650889597165,-0.00034442388992088384,3.9719392083497814e-05,0.0,0.00013322310298107535,-0.001109488030366265,0.0002757013291120529,0.00012463176250457762
2025-11-11,ETB,0.0,0.0008342022767972636,-0.0004942318465916813,0.0,-0.0009340869589497405,-0.001587454325514049,0.000759959302842617,6.013043969869615e-05
2025-11-11,Ecopetrol,0.016000338067459357,-0.0002602408473605863,3.9719392083497814e-05,0.0,-3.713974719696516e-05,-0.00025440789265678617,0.00043158757686614983,-0.00033967159688472746
2025-11-11,Grupo Bolivar,0.016704652883694653,-0.00031504297536442114,3.9719392083497814e-05,0.0,-1.6433540269089178e-05,-1.6483532455638907e-05,-0.0004473286718130112,0.000696369532495737
2025-11-11,Mineros SA,0.00711750091475678,-0.00030395955043561595,3.9719392083497814e-05,0.0,0.0002840318559088718,0.0003079619071380318,0.00039527989923954004,2.424885332584382e-05
2025-11-11,Nutresa,0.0,-0.0018443085719050181,-0.003037541682318352,0.0,0.0010475369270775707,0.0010474869197955629,-0.0007021545767784119,6.757470965385436e-05
2025-11-11,Promigas,0.017309589749645752,0.0001081879064459005,0.000565846786819413,0.0,0.000259343749298741,0.002295047791518882,0.00010901656746864323,0.002113514691591263
2025-11-12,Banco Davivienda PF,0.012534967847882338,5.130434299690836e-06,0.0007621067816641045,0.0,-0.0006454253043854547,-0.0006454751584270469,0.00020772757008671758,0.0006943627260625363
2025-11-12,Banco de Bogota,-0.013072027246445145,6.920036752258587e-06,0.0002980635079896163,0.0,-0.0005811269192441125,-0.0005811775961336867,7.875517010688782e-05,0.0005560847148299217
2025-11-12,Celsia,0.003047235277134896,-1.4440724987444867e-05,0.0002980635079896163,0.0,0.00013322310298107535,0.0006467011956930545,0.0008600753359496593,0.0007526781111955643
2025-11-12,ETB,0.0,0.001657343101882212,0.0008278390830694909,0.0,-0.0009340869589497405,-0.0015874543255118801,0.0009567809179425238,0.00068183833360672
2025-11-12,Ecopetrol,-0.005305051148326919,-5.389365231768973e-05,0.0002980635079896163,0.0,-3.713974719696516e-05,0.001278875661441907,-8.718748018145564e-05,-0.000686538651585579
2025-11-12,Grupo Bolivar,0.004629770527069142,-1.5047598364381811e-05,0.0002896632335832376,0.0,-1.6433540269089178e-05,-1.6483532455638907e-05,-0.0003897082433104515,0.0001217053085565567
2025-11-12,Mineros SA,0.034846689584369775,2.768064962909474e-05,0.0002980635079896163,0.0,0.0002840318559088718,-0.00029199259389701786,-0.00019375406205654147,0.0002375574856996536
2025-11-12,Nutresa,-0.007575793808457656,-0.001821339497526488,-0.0006234597568792751,0.0,0.0010475369270775707,0.0010474869197955629,0.0011962998211383822,0.0010949817895889282
2025-11-12,Promigas,-0.0173095897496458,-0.00020312685493075055,7.579591825598561e-05,0.0,0.000259343749298741,-0.0030088439155273126,3.26448678970334e-06,0.0003003402128815651
2025-11-13,Banco Davivienda PF,0.017153097217178673,0.00011282018052363905,0.0002980635079896163,0.0,-0.0006454253043854547,-0.0006454751584270469,-0.0011651558056473732,-0.0003830564320087433
2025-11-13,Banco de Bogota,0.024949299668257943,0.00011480379577125367,0.0007621067816641045,0.0,-0.0005811269192441125,-0.0005811775961336867,0.00010878938809037206,0.0021019220650196077
2025-11-13,Celsia,0.0030379778367578165,1.013002467758654e-05,0.0002980635079896163,0.0,0.00013322310298107535,0.00028062099178014546,0.00033123074471950537,0.0006668160706758499
2025-11-13,ETB,0.0,0.0014446433025978673,-0.00023588773068556273,0.0,-0.0009340869589497405,-0.0015874543255105329,0.0005941832438111305,0.0004971170872449875
2025-11-13,Ecopetrol,-0.0053333448824308665,6.290086226070661e-05,0.0002980635079896163,0.0,-3.713974719696516e-05,-0.0004694450604000771,0.0002535863630473614,0.0003538113608956337
2025-11-13,Grupo Bolivar,0.010339065465104151,1.2011390920119694e-05,0.0002980635079896163,0.0,-1.6433540269089178e-05,-1.6483532455638907e-05,-0.00043464935943484295,0.0002443453557789326
2025-11-13,Mineros SA,0.024358491226053266,-6.914151269874855e-05,-0.0013259845125735978,0.0,0.0002840318559088718,-0.0026293651845899564,-0.0011657572463154792,-0.0016729255914688108
2025-11-13,Nutresa,0.0,-0.0012588554797485225,-0.0014885479677065974,0.0,0.0010475369270775707,0.0010474869197955629,0.0007858802899718284,0.0021803916990756986
2025-11-13,Promigas,0.0,0.0003202217979893422,0.000877761294971264,0.0,0.000259343749298741,0.0033701845984166405,0.0007904482185840608,0.002592169225215912
2025-11-14,Banco Davivienda PF,0.03541968254475963,-8.968363691448528e-05,0.00011989889927435676,0.0,-0.0006454253043854547,-0.0006454751584270469,-0.0008693040460348129,-0.0018772267997264863
2025-11-14,Banco de Bogota,-0.011877272421812777,-0.00019867187468652764,8.604960727714115e-05,0.0,-0.0005811269192441125,-0.0005811775961336867,-0.0011618450433015823,-0.0011663724631071092
2025-11-14,Celsia,0.001010578258956036,-4.308827287809156e-05,0.0001282991736807354,0.0,0.00013322310298107535,7.608906832367775e-05,0.0001013798490166664,0.0002653719037771225
2025-11-14,ETB,0.0,0.0017720375115391756,0.00065807474876061,0.0,-0.0009340869589497405,-0.0015874543255096963,0.00023546449095010756,0.0002688057646155357
2025-11-14,Ecopetrol,0.04189093327957398,-0.00011312040661480426,0.0001282991736807354,0.0,-3.713974719696516e-05,-0.00047176684486180203,-0.00023064344748854637,0.0007075740694999695
2025-11-14,Grupo Bolivar,0.0056980690452877935,-7.488854995254183e-05,0.0001282991736807354,0.0,-1.6433540269089178e-05,-1.6483532455638907e-05,-0.0009197871237993241,-0.0004574988335371018
2025-11-14,Mineros SA,-0.02710199003491117,-0.000283136183390114,8.604960727714115e-05,0.0,0.0002840318559088718,-0.0017452849592155936,-0.0007799747288227081,-0.002747485116124153
2025-11-14,Nutresa,0.0,-0.0014389227688441657,-0.0006447771760023415,0.0,0.0010475369270775707,0.0010474869197955629,0.0001790858432650566,0.0016587592214345932
2025-11-14,Promigas,-0.001588640287991326,0.00024659969773891093,0.0004960337488644556,0.0,0.000259343749298741,0.000991686311444444,-0.0006986081525683403,0.0015497107654809951
2025-11-18,Banco Davivienda PF,-0.01455049562897694,-0.00016119878945874792,-0.0013259845125735978,0.0,-0.0006454253043854547,-0.0006454751584270469,-0.000689554587006569,-0.0026366802603006367
2025-11-18,Banco de Bogota,-0.0020799056345316294,0.00010800574907939823,0.0007621067816641045,0.0,-0.0005811269192441125,-0.0005811775961336867,0.0007964602410793304,0.0010559444576501847
2025-11-18,Celsia,-0.01834914425454573,-9.314934526880527e-06,0.0002980635079896163,0.0,0.00013322310298107535,0.00029889107005844155,0.0008142653703689575,0.0007624254822731017
2025-11-18,ETB,0.0,0.001348594315100962,-0.00023588773068556273,0.0,-0.0009340869589497405,-0.0015874543255091763,0.001178505040705204,0.0003554090261459351
2025-11-18,Ecopetrol,0.015267469145309912,-0.00011207644013735266,-0.0013259845125735978,0.0,-3.713974719696516e-05,0.003403458491246471,-0.0007920118421316147,-0.0017803496420383453
2025-11-18,Grupo Bolivar,0.004535102359638564,6.091205433110951e-05,0.0002980635079896163,0.0,-1.6433540269089178e-05,-1.6483532455638907e-05,-0.0004247107729315757,0.0003173205815255642
2025-11-18,Mineros SA,0.02308327731787329,0.0003678762571565675,0.00139916262149449,0.0,0.0002840318559088718,0.0025924661317514902,0.00163755027577281,0.0019920642077922825
2025-11-18,Nutresa,0.0,-0.0008187959718560064,-0.0004750128416934604,0.0,0.0010475369270775707,0.0010474869197955629,0.0016332017332315446,0.001789742022752762
2025-11-18,Promigas,0.001588640287991431,0.00011475294844159158,0.0002980635079896163,0.0,0.000259343749298741,0.0008198126210623729,0.00016370417177677152,0.0016444297134876253
2025-11-19,Banco Davivienda PF,-0.03456804561705786,0.00012207045064720665,0.0010021828860184263,0.0,-0.0006454253043854547,-0.0006454751584270469,0.00046833172813057894,-0.00026895211637020106
2025-11-19,Banco de Bogota,0.011901750333683741,7.964249509531592e-06,0.0002980635079896163,0.0,-0.0005811269192441125,-0.0005811775961336867,7.45624154806137e-05,0.0008252247422933578
2025-11-19,Celsia,0.00410674921298336,0.00023436375223260576,0.000877761294971264,0.0,0.00013322310298107535,0.0021556503633753236,0.0011408141814172267,0.002769197046756744
2025-11-19,ETB,0.0,0.0013592215945731237,-0.00023588773068556273,0.0,-0.0009340869589497405,-0.0015874543255088537,0.0006281078234314919,0.0003170006200671196
2025-11-19,Ecopetrol,-0.01783486414402222,-0.00010814176402954079,0.0002980635079896163,0.0,-3.713974719696516e-05,0.001218736421083017,0.000527481894940138,-0.0021697212010622024
2025-11-19,Grupo Bolivar,0.012590038638851277,5.3346498924996776e-05,0.0002980635079896163,0.0,-1.6433540269089178e-05,-1.6483532455638907e-05,-0.00025655719265341756,0.00023273286595940591
2025-11-19,Mineros SA,-0.0026881860114600867,0.00015985520362564096,0.0005786485015563948,0.0,0.0002840318559088718,-0.0016377935330594204,-0.0007346902936697007,-0.0003929966241121291
2025-11-19,Nutresa,0.0,-0.0009107925530063162,-0.0004750128416934604,0.0,0.0010475369270775707,0.0010474869197955629,0.0011607804149389267,0.0016785069108009338
2025-11-19,Promigas,0.0,8.937794873607334e-05,0.0002980635079896163,0.0,0.000259343749298741,9.103415181638121e-05,0.00018555622920393943,0.001110232248902321
2025-11-20,Banco Davivienda PF,-0.0350912846706432,0.0006000450193745254,0.000942118319627069,0.0,-0.0006454253043854547,-0.0006454751584270469,-0.00021418400481343266,0.0033294756114482875
2025-11-20,Banco de Bogota,-0.0072277146355266275,-0.0002328309112636838,-0.0008591101070434024,0.0,-0.0005811269192441125,-0.0005811775961336867,-0.0012021469622850419,-0.0013655365109443668
2025-11-20,Celsia,0.0,-0.0002405109415881169,-0.000983467689133313,0.0,0.00013322310298107535,-0.0018377453441570449,-0.0007913635745644569,0.0006881516352295876
2025-11-20,ETB,0.0,0.0010601367495709994,-0.0015174189278084926,0.0,-0.0009340869589497405,-0.001587454325508653,-0.0004292307496070862,-0.0007090371549129486
2025-11-20,Ecopetrol,-0.023408086219243805,-5.452718507529789e-05,5.9170874336153064e-05,0.0,-3.713974719696516e-05,-0.00149764179876089,0.00021116195619106295,-0.0002694110125303268
2025-11-20,Grupo Bolivar,0.01881226562086593,-0.0002598400781460808,-0.000983467689133313,0.0,-1.6433540269089178e-05,-1.6483532455638907e-05,-0.0007971764355897904,-0.0015327968373894693
2025-11-20,Mineros SA,-0.01765159249755539,-9.171216910267243e-06,-0.0008591101070434024,0.0,0.0002840318559088718,0.000534556791565953,9.335264191031459e-05,-0.00038643138110637667
2025-11-20,Nutresa,0.0,-0.0010063232682474175,-0.00175654403881639,0.0,0.0010475369270775707,0.0010474869197955629,0.0005829220265150071,0.0006926950365304947
2025-11-20,Promigas,0.0015860387426582247,-7.123352865903068e-05,-0.000983467689133313,0.0,0.000259343749298741,0.00027814072565256946,-0.0003672847077250481,0.00024059487879276274
2025-11-21,Banco Davivienda PF,-0.002145129355771457,0.0017226825484798832,0.0028371740289080726,0.0,-0.0006454253043854547,-0.0006454751584270469,0.0005857104770839214,0.004861220598220825
2025-11-21,Banco de Bogota,-0.005195007144471669,-0.00032711233850471147,-3.079947345968266e-05,0.0,-0.0005811269192441125,-0.0005811775961336867,0.00021317882463335993,-0.001145633190870285
2025-11-21,Celsia,-0.03758272416989396,-0.00045045012412498847,-0.0008470961294003598,0.0,0.00013322310298107535,0.0001287581992955496,0.00025278089940547943,-0.0005675504431128501
2025-11-21,ETB,0.0,0.0006089826949019254,-0.0013810473680755406,0.0,-0.0009340869589497405,-0.0015874543255085286,-0.00022722679376602174,-0.0015757242739200595
2025-11-21,Ecopetrol,-0.02127739409831972,7.334551401281805e-05,0.00050593161489156,0.0,-3.713974719696516e-05,-0.001954980528546563,0.0005856792330741882,0.0014085423350334168
2025-11-21,Grupo Bolivar,-0.007924315990454381,-0.0006375964211839556,-0.0008554964038067383,0.0,-1.6433540269089178e-05,-1.6483532455638907e-05,-0.0005634896457195282,-0.003346172273159027
2025-11-21,Mineros SA,0.006825996921901997,-0.00042087935404343414,0.00031996402511626806,0.0,0.0002840318559088718,0.0017958651046477375,0.0002608181834220886,0.0008078944832086562
2025-11-21,Nutresa,0.0,-0.0015187403242133519,-0.0010289182668844518,0.0,0.0010475369270775707,0.0010474869197955629,0.0009998756498098373,-0.0003943025544285774
2025-11-21,Promigas,0.0,-0.0005385562903348272,-0.0008470961294003598,0.0,0.000259343749298741,-2.6267958895627544e-05,-0.0003231187909841537,-0.0012138364911079406
2025-11-24,Banco Davivienda PF,-0.012243622865577003,0.00014465108983628124,-0.00045493118491089774,0.0,-0.0006454253043854547,-0.0006454751584270469,-0.0007469002902507783,0.0015048305988311767
2025-11-24,Banco de Bogota,-0.02799218516298761,-0.0006920666560374737,-0.0011733415169957015,0.0,-0.0005811269192441125,-0.0005811775961336867,-0.0009530837684869767,-0.0010566541105508803
2025-11-24,Celsia,-0.013926171464615096,0.0009721839976879117,0.0016098903830903068,0.0,0.00013322310298107535,0.0042173024279413196,0.0009593393616378306,0.003770741403102874
2025-11-24,ETB,0.0,0.000345987699637062,-0.0017072927556708807,0.0,-0.0009340869589497405,-0.0015874543255084512,-0.0005857067406177522,-0.001898464113473892
2025-11-24,Ecopetrol,-0.024491014886580575,-7.715114008447328e-05,0.0005025207872665916,0.0,-3.713974719696516e-05,-0.001780135884820605,0.0005041796565055848,0.0022759914100170136
2025-11-24,Grupo Bolivar,-0.0337111596741893,-0.0006814096042367439,-0.0001857131255099857,0.0,-1.6433540269089178e-05,-1.6483532455638907e-05,-0.0002702020592987537,-0.0017781122624874115
2025-11-24,Mineros SA,0.017532494304151228,-0.0006199102224127445,-0.0011733415169957015,0.0,0.0002840318559088718,-0.000267420888929574,-0.0009702403768897056,-0.0010869711339473725
2025-11-24,Nutresa,-0.030890487019338445,-0.0011887963487995055,-0.0013551636544797917,0.0,0.0010475369270775707,0.0010474869197955629,0.0010079956650733946,-0.0007386353760957719
2025-11-24,Promigas,0.0,-0.0007665127975493537,-0.0011733415169957015,0.0,0.000259343749298741,0.00025261569876964553,-0.00028919869661331174,-0.0015415800809860229
2025-11-25,Banco Davivienda PF,-0.025689513018404077,0.0005519674715177893,-0.00025315471354001945,0.0,-0.0006454253043854547,-0.0006454751584270469,-0.0012818988412618636,-0.0004092011153697967
2025-11-25,Banco de Bogota,0.016690583251532998,-0.00046073543545827186,-6.390080610631136e-05,0.0,-0.0005811269192441125,-0.0005811775961336867,-0.0009188727885484696,-6.072610616683965e-05
2025-11-25,Celsia,0.020288972722634725,0.0011538609931021292,0.0016894824981944512,0.0,0.00013322310298107535,-0.0015639563513213332,-0.0016293852925300598,0.0012639696896076201
2025-11-25,ETB,0.0,0.00016331298407290456,-0.0023904553823189097,0.0,-0.0009340869589497405,-0.001587454325508403,-0.0017005472108721734,-0.0041267329454421995
2025-11-25,Ecopetrol,0.016393806333439617,-0.00014966514609792808,0.0003352360537991426,0.0,-3.713974719696516e-05,-0.0020438456795281164,-0.0009275581948459148,0.0015534061342477802
2025-11-25,Grupo Bolivar,0.0009137657837647576,5.258345971674773e-05,-0.00014874803537466737,0.0,-1.6433540269089178e-05,-1.6483532455638907e-05,-0.00016720210388302802,0.000475076749920845
2025-11-25,Mineros SA,0.0026701758108135794,0.00022527751344619687,-0.0006768200222051462,0.0,0.0002840318559088718,-0.0011699021631479843,-0.0017260219156742095,-0.004649123787879944
2025-11-25,Nutresa,0.027080958602670614,-0.0006450310450670133,-0.0008369771557893879,0.0,0.0010475369270775707,0.0010474869197955629,0.0006167512089014053,0.0008947868645191191
2025-11-25,Promigas,0.0015834455661522379,-0.0010535200535709646,-0.0018565041436437316,0.0,0.000259343749298741,0.00031330099092599114,-0.0010754134953022004,-0.0037387020587921144
2025-11-26,Banco Davivienda PF,-0.029424920239294532,0.0008912957311805186,0.0007436834115888822,0.0,-0.0006454253043854547,-0.0006454751584270469,0.0003047071769833565,0.0021800968647003177
2025-11-26,Banco de Bogota,0.011566896236900643,-0.0005507879418295786,-7.237104696451173e-06,0.0,-0.0005811269192441125,-0.0005811775961336867,-0.00137419730424881,-0.0011671170145273208
2025-11-26,Celsia,0.012605108081542136,-0.0005389637478553522,-0.0003062569588754306,0.0,0.00013322310298107535,-0.0038527015036198555,-0.00044064613431692124,-0.000407436303794384
2025-11-26,ETB,0.0,0.00029802927621032664,-0.0009902415684959025,0.0,-0.0009340869589497405,-0.0015874543255083732,5.513760447502135e-05,-0.0018437409698963164
2025-11-26,Ecopetrol,0.0,-0.0001020383379330255,0.0002424035335713083,0.0,-3.713974719696516e-05,0.0013111636762645046,-0.0009909221082925797,-0.0005015877224504947
2025-11-26,Grupo Bolivar,0.0077343900686410606,-0.000232043059708042,6.983706491519173e-05,0.0,-1.6433540269089178e-05,-1.6483532455638907e-05,-0.00015419894084334375,0.0006754322573542594
2025-11-26,Mineros SA,0.003992039944923663,-0.0006535287467168356,-0.00045629032982072367,0.0,0.0002840318559088718,8.288515401375585e-05,-0.0003208046853542328,-0.0012098728269338609
2025-11-26,Nutresa,0.0037334798976759002,-0.000620564385360976,-0.0001757053362539451,0.0,0.0010475369270775707,0.0010474869197955629,-0.0007254315465688706,-0.0006542688310146333
2025-11-26,Promigas,0.003159633174457157,-0.0007225595669968064,-0.00045629032982072367,0.0,0.000259343749298741,-1.8052781773127065e-05,0.0001812388859689236,-0.0012097434401512146
2025-11-27,Banco Davivienda PF,-0.0007660064629950564,0.0007053090505496871,0.0007780193356549673,0.0,-0.0006454253043854547,-0.0006454751584270469,-0.001017457403242588,0.002914384603500366
2025-11-27,Banco de Bogota,0.0010451052093167974,-0.001022640660393015,-0.0006678886380974521,0.0,-0.0005811269192441125,-0.0005811775961336867,-0.0012822859734296797,-0.003686614036560059
2025-11-27,Celsia,0.0020855417781766236,-0.0005781843545498739,-0.0006678886380974521,0.0,0.00013322310298107535,0.000501963612692676,-0.0008194072395563124,-0.003041284084320068
2025-11-27,ETB,0.0,0.00030332556109772087,-0.0013261974588625418,0.0,-0.0009340869589497405,-0.0015874543255083545,-0.001498690415173769,-0.0030325967073440555
2025-11-27,Ecopetrol,0.010781773369987237,-0.0002924846781410138,-0.00047560570074856463,0.0,-3.713974719696516e-05,-3.4112442952314816e-05,-0.0009211504459381104,-0.0021890585422515868
2025-11-27,Grupo Bolivar,0.0029414093878138985,-0.0008432084047962598,-0.0006678886380974521,0.0,-1.6433540269089178e-05,-1.6483532455638907e-05,-0.0010581870377063753,-0.001867232918739319
2025-11-27,Mineros SA,-0.00399203994492364,-0.0007937486867481904,-0.0007922462201873626,0.0,0.0002840318559088718,-2.8538553059029824e-05,-0.001684702843427658,-0.0025855707824230193
2025-11-27,Nutresa,0.0,-0.0009018143292241307,-0.0006678886380974521,0.0,0.0010475369270775707,0.0010474869197955629,-0.00017781650647521015,-0.0023887916803359984
2025-11-27,Promigas,-0.006329117483267626,-0.0009306943510746413,-0.0007922462201873626,0.0,0.000259343749298741,-0.00043313521068148654,-0.0010748885124921797,-0.002722412645816803
2025-11-28,Banco Davivienda PF,0.015209433986904516,-0.00011599237215948939,0.0003194777031829512,0.0,-0.0006454253043854547,-0.0006454751584270469,-0.0010237515717744828,0.0007480846904218197
2025-11-28,Banco de Bogota,0.00520825590797875,-0.0005779826563374439,-0.00045629032982072367,0.0,-0.0005811269192441125,-0.0005811775961336867,-0.0004915342628955841,-0.0024749239683151247
2025-11-28,Celsia,0.029761089834761945,-0.0006864224231735226,-0.00045629032982072367,0.0,0.00013322310298107535,0.001531716774981042,-0.0003058134317398071,-0.002006589025259018
2025-11-28,ETB,-0.07257069283483537,0.0002077750945478623,-0.0009902415684959025,0.0,-0.0009340869589497405,-0.0015874543255083432,-0.0006300440728664397,-0.002316771268844604
2025-11-28,Ecopetrol,0.008010722102286193,-0.0005905466835825009,-0.00045629032982072367,0.0,-3.713974719696516e-05,0.0008506401241111311,-0.0007357858121395111,-0.0027627326846122744
2025-11-28,Grupo Bolivar,0.0065308572169488705,-0.0004612210431395365,-0.00026400739247183636,0.0,-1.6433540269089178e-05,-1.6483532455638907e-05,-0.0006598232835531234,-0.0013974180370569232
2025-11-28,Mineros SA,0.0,-0.0006158396391277857,-0.00045629032982072367,0.0,0.0002840318559088718,0.0006444623673350914,-0.0010375801473855972,-0.001068925514817238
2025-11-28,Nutresa,0.0,-0.000578119011006978,-0.00045629032982072367,0.0,0.0010475369270775707,0.0010474869197955629,0.00042287253960967067,-0.0013607928454875946
2025-11-28,Promigas,0.0,-0.000558613231709358,-0.0001749756658205072,0.0,0.000259343749298741,0.0015413017714107835,3.568068146705628e-05,-0.0010831093639135359
2025-12-01,Banco Davivienda PF,-0.004538605703511847,-5.950243336017048e-05,-0.00026400739247183636,0.0,-0.0006454253043854547,-0.0006454751584270469,-0.0005039481408894063,-0.001263140246272087
2025-12-01,Banco de Bogota,0.0,-0.00043028190824705994,-0.00045629032982072367,0.0,-0.0005811269192441125,-0.0005811775961336867,-0.0005086487159132958,-0.0018165672719478605
2025-12-01,Celsia,-0.009141864003489845,-0.0007807314625046293,-0.001308232260923617,0.0,0.00013322310298107535,-0.0026416255321712085,-0.0004696808457374573,-0.002630424380302429
2025-12-01,ETB,0.0,0.013877444004853526,0.013757958026962214,0.0,-0.0009340869589497405,0.018567075989464596,0.00416083812713623,0.006502052545547485
2025-12-01,Ecopetrol,0.007947060074762084,-0.00043028190824705994,-0.00045629032982072367,0.0,-3.713974719696516e-05,0.0006232475942896834,7.296295464038849e-05,-0.0020681613236665725
2025-12-01,Grupo Bolivar,-0.0035978032361140386,-0.000539331689253828,-0.00045629032982072367,0.0,-1.6433540269089178e-05,-1.6483532455638907e-05,-0.00010025659948587423,-0.001123757138848305
2025-12-01,Mineros SA,0.03793782580133638,-0.000429452930744084,-0.00045629032982072367,0.0,0.0002840318559088718,0.0003079619071380318,-0.0007347070798277855,5.839051306247712e-05
2025-12-01,Nutresa,0.0,-0.0003455658208964945,-0.00045629032982072367,0.0,0.0010475369270775707,0.0010474869197955629,0.0008084617704153061,-0.00037040136754512787
2025-12-01,Promigas,0.017309589749645752,-0.00046635828912200433,-0.00045629032982072367,0.0,0.000259343749298741,0.0005937200426221105,0.000660649687051773,-0.00032402887195348746
2025-12-02,Banco Davivienda PF,0.021006014630462207,0.0004525000997422518,0.0006657980831733366,0.0,-0.0006454253043854547,-0.0006454751584270469,0.0003287401720881462,-8.789610117673869e-05
2025-12-02,Banco de Bogota,0.0,4.270586601493746e-05,0.0002980635079896163,0.0,-0.0005811269192441125,-0.0005811775961336867,-0.00014792901277542117,-0.0008460741043090821
2025-12-02,Celsia,0.0010200574084210643,0.00010639193876696193,0.0007621067816641045,0.0,0.00013322310298107535,0.0034866714210552013,0.001337876856327057,-0.0004279646873474121
2025-12-02,ETB,0.0,0.001411513982885701,0.0018966719756575762,0.0,-0.0009340869589497405,0.00380154310383917,0.0007450580596923827,0.002736761450767517
2025-12-02,Ecopetrol,-0.0026420089264353303,-2.8139717668956993e-05,0.0002980635079896163,0.0,-3.713974719696516e-05,0.0006180234868684304,-9.06945951282978e-05,-0.0016286004483699798
2025-12-02,Grupo Bolivar,0.004719607881411674,7.601192768115398e-05,0.0002980635079896163,0.0,-1.6433540269089178e-05,-1.6483532455638907e-05,-0.00027930207177996635,0.00034471844509243967
2025-12-02,Mineros SA,-0.006439076478178654,-0.00017277230438960198,-0.0013259845125735978,0.0,0.0002840318559088718,-0.002889925893874381,-0.001708988070487976,-0.002127836748957634
2025-12-02,Nutresa,-0.0006846970483173513,0.0002452834473765105,0.0002980635079896163,0.0,0.0010475369270775707,0.0010474869197955629,0.0013574255481362343,0.0006663324646651745
2025-12-02,Promigas,-0.009404513423202593,-6.183928496873126e-06,0.0002896632335832376,0.0,0.000259343749298741,-0.003379054104105009,-0.0002154565304517746,-0.0011044627875089644
2025-12-03,Banco Davivienda PF,0.03930639503710581,-0.0002715707987187624,-2.5301743200965003e-06,0.0,-0.0006454253043854547,-0.0006454751584270469,-0.00047186089307069774,-0.0018416982889175415
2025-12-03,Banco de Bogota,-0.004164559450061246,-0.00021742354804066107,3.9719392083497814e-05,0.0,-0.0005811269192441125,-0.0005811775961336867,8.62773284316063e-05,-0.0006463923901319504
2025-12-03,Celsia,-0.008188413151752831,-0.00020865090185559701,3.9719392083497814e-05,0.0,0.00013322310298107535,-0.0002270818702779799,0.0004865440130233764,-6.625893339514733e-05
2025-12-03,ETB,0.07257069283483537,0.001507601096294277,0.0010718888153303703,0.0,-0.0009340869589497405,0.00959698794946998,0.0013283012807369233,0.0008636285029351712
2025-12-03,Ecopetrol,-0.04879015400458879,-0.00016199564224796606,3.9719392083497814e-05,0.0,-3.713974719696516e-05,-0.0002509157553253113,0.0003674309179186821,-0.0006933070123195649
2025-12-03,Grupo Bolivar,-0.04822982330675676,-0.00021383880744188922,3.9719392083497814e-05,0.0,-1.6433540269089178e-05,-1.6483532455638907e-05,-0.0002622743509709835,1.6689196228980987e-05
2025-12-03,Mineros SA,-0.17459956291561365,-0.00025039731836543554,0.00032103405608371416,0.0,0.0002840318559088718,0.0008507300727989153,0.0005803066715598106,-0.0003940771371126175
2025-12-03,Nutresa,0.03793197769285892,-2.9297985232037017e-05,3.9719392083497814e-05,0.0,0.0010475369270775707,0.0010474869197955629,0.0016276496201753615,0.0008605007976293565
2025-12-03,Promigas,0.0015736413584001992,-0.00014390281508531958,0.0005037626657579858,0.0,0.000259343749298741,0.0015694760734149492,0.0010531598031520845,0.00044711431115865703
2025-12-04,Banco Davivienda PF,-0.02237556510567827,-0.0017727573537973766,-0.003480552164206944,0.0,-0.0006454253043854547,-0.0006454751584270469,-0.0020590331107378005,-0.00828878140449524
2025-12-04,Banco de Bogota,-0.0036581383524458264,-0.0012451615755550943,-0.0018565041436437316,0.0,-0.0005811269192441125,-0.0005811775961336867,-0.0021938770711421966,-0.004144323885440826
2025-12-04,Celsia,0.01732079800577773,-0.001112960352329055,-0.0007515745249448522,0.0,0.00013322310298107535,0.0007252195377495692,-0.0009506961368024348,-0.0031901980042457583
2025-12-04,ETB,-0.07257069283483537,-0.004533807788849018,-0.005482470613198272,0.0,-0.0009340869589497405,-0.015944691726397318,-0.002964849591255188,-0.008138022661209107
2025-12-04,Ecopetrol,0.05669533191093941,0.0006736674417008548,-0.0002366582604188816,0.0,-3.713974719696516e-05,-0.004037833586186835,2.706091850996017e-05,0.0015803986787796022
2025-12-04,Grupo Bolivar,0.0535965003811029,0.0007779173633563718,-0.0002366582604188816,0.0,-1.6433540269089178e-05,-1.6483532455638907e-05,2.2474471479654304e-05,0.002190849617123604
2025-12-04,Mineros SA,0.17459956291561365,0.01278490205791596,0.01144116979845859,0.0,0.0002840318559088718,0.015025458245324919,0.006049369901418686,0.018864303350448607
2025-12-04,Nutresa,-0.06102769248750815,-0.0017717339855240944,-0.003480552164206944,0.0,0.0010475369270775707,0.0010474869197955629,-0.001386853225529194,-0.006133186280727386
2025-12-04,Promigas,0.003139711357901125,-0.0013253204299668775,-0.0018565041436437316,0.0,0.000259343749298741,0.0002574252571170823,-0.0015358425527811051,-0.003820599317550659
2025-12-05,Banco Davivienda PF,-0.025130675972454126,5.0022755853919876e-05,0.0006756959492004408,0.0,-0.0006454253043854547,-0.0006454751584270469,0.0011241170763969422,-0.0012287204414606096
2025-12-05,Banco de Bogota,0.00782269780250694,-0.0002883943947539565,3.9719392083497814e-05,0.0,-0.0005811269192441125,-0.0005811775961336867,-0.00024484903737902636,-0.0005746827125549316
2025-12-05,Celsia,0.003025721827905051,-0.0002678672369569453,3.131911767711915e-05,0.0,0.00013322310298107535,-0.002341539795837976,9.364625066518783e-05,-0.0011016896665096282
2025-12-05,ETB,0.0,0.013691677734052228,0.014161485012797393,0.0,-0.0009340869589497405,0.015479703807681608,0.004258172452449799,0.0029254360795021054
2025-12-05,Ecopetrol,0.0,-0.00042497780934152196,-0.0018842497176815574,0.0,-3.713974719696516e-05,0.004618307778414027,-0.0013641764521598817,-0.001966696947813034
2025-12-05,Grupo Bolivar,-0.0020091526834122783,-0.0003134575637217901,-0.0012614940685093435,0.0,-1.6433540269089178e-05,-1.6483532455638907e-05,-0.001483890771865845,-0.0011126310080289842
2025-12-05,Mineros SA,-0.009085114252204032,-0.005110981522284238,-0.00732440167894525,0.0,0.0002840318559088718,-0.014409534431048858,-0.005728731751441955,-0.0015718755573034284
2025-12-05,Nutresa,-0.012145105210569935,0.01126694483752019,0.004775011720940529,0.0,0.0010475369270775707,0.0010474869197955629,0.0035222452878952023,0.0036914236545562743
2025-12-05,Promigas,0.009360497260730046,-0.0002072094083625233,3.9719392083497814e-05,0.0,0.000259343749298741,-0.0003688559815550047,0.0002355499677360058,-0.0005624172277748585
2025-12-09,Banco Davivienda PF,0.009683557581156011,0.00021696964579425378,0.0010263618664129663,0.0,-0.0006454253043854547,-0.0006454751584270469,0.0006826517283916473,0.0017986146211624147
2025-12-09,Banco de Bogota,0.009307065303893261,-0.00044907529267993335,-0.000677331795091479,0.0,-0.0005811269192441125,-0.0005811775961336867,-0.0006324155889451503,-0.0011770980656147002
2025-12-09,Celsia,-0.0030257218279050734,-0.00040077489271061226,-0.000677331795091479,0.0,0.00013322310298107535,0.0011526093157446591,0.0003848410956561566,-0.0008223621770739556
2025-12-09,ETB,0.0,-0.004220520188850898,-0.006732650904798595,0.0,-0.0009340869589497405,-0.005258350013181883,0.0006155932508409023,0.0006486007347702979
2025-12-09,Ecopetrol,0.015625314776009484,-0.0005391606346019153,-0.000677331795091479,0.0,-3.713974719696516e-05,-3.4112442952314816e-05,0.0008220889717340471,-0.0014497002363204957
2025-12-09,Grupo Bolivar,0.00534882572890668,-0.0005080977377187345,-0.000677331795091479,0.0,-1.6433540269089178e-05,-1.6483532455638907e-05,0.0007063478827476502,-0.0004943889826536178
2025-12-09,Mineros SA,0.009085114252204063,-0.0022622558684119156,-0.0009829883328418877,0.0,0.0002840318559088718,0.0010737721617916835,0.0037390080690383907,0.0005757853500545026
2025-12-09,Nutresa,0.024529164410291602,0.0006664697315508049,0.0008340641209687052,0.0,0.0010475369270775707,0.0010474869197955629,0.0017313465178012844,0.0033882028460502623
2025-12-09,Promigas,0.0015515063488525007,0.0004491411184053266,0.000386395018663574,0.0,0.000259343749298741,-0.0018587829043968643,0.0004788210839033127,-0.0006220575571060181
2025-12-10,Banco Davivienda PF,0.0,-0.00013841239416276265,0.00039608245251053205,0.0,-0.0006454253043854547,-0.0006454751584270469,-0.0006287820264697074,0.00012700449675321577
2025-12-10,Banco de Bogota,0.016335446726852196,-0.0003712733131373702,-0.00013004494222538311,0.0,-0.0005811269192441125,-0.0005811775961336867,-0.0005142179466784,-0.0009851755276322365
2025-12-10,Celsia,-0.008113569649400465,-0.0004313549553048219,-0.00013004494222538311,0.0,0.00013322310298107535,0.0010765047865553266,0.00039314254373312,0.0003261698931455612
2025-12-10,ETB,0.0,-0.0020037584159776616,-0.001425927578713936,0.0,-0.0009340869589497405,0.005161652116977476,0.0012637993060052395,0.0005238412544131279
2025-12-10,Ecopetrol,-0.020888483755924687,-0.0008888143805863387,-0.00013004494222538311,0.0,-3.713974719696516e-05,0.0012481012416472484,-0.0005991656482219697,-0.0017597511410713195
2025-12-10,Grupo Bolivar,0.022201270249889316,-0.0008653172334153242,-0.00013004494222538311,0.0,-1.6433540269089178e-05,-1.6483532455638907e-05,-0.0007843720763921737,-9.773160517215725e-05
2025-12-10,Mineros SA,-0.010389751945824182,-0.006334790869966659,-0.008026005049035206,0.0,0.0002840318559088718,-0.00045784834751562225,0.00020158421993255615,-8.224888145923616e-05
2025-12-10,Nutresa,0.0,-0.0004508381043188959,-0.00021260615831415058,0.0,0.0010475369270775707,0.0010474869197955629,0.0004593753404915333,0.00044153396040201196
2025-12-10,Promigas,0.006182462647086669,-0.00035564608839802386,-0.00013004494222538311,0.0,0.000259343749298741,-0.00048374986180268716,0.00022134833410382271,-4.48828712105751e-05
2025-12-11,Banco Davivienda PF,-0.02173184709429753,-0.00028529791107562987,-0.00025673461706785113,0.0,-0.0006454253043854547,-0.0006454751584270469,-0.0011148293018341064,-0.0010311550572514535
2025-12-11,Banco de Bogota,-0.007624104438705724,-0.000451606114060425,-0.0003894924735641404,0.0,-0.0005811269192441125,-0.0005811775961336867,-0.0015688470602035522,-0.0032361825704574584
2025-12-11,Celsia,0.005078665037338136,-0.00034051235700639884,8.295107451672578e-05,0.0,0.00013322310298107535,0.0006901461348325475,-0.0006519841551780701,-2.2622883319854735e-05
2025-12-11,ETB,0.0,-0.001436023555241865,-0.0016366631859611419,0.0,-0.0009340869589497405,0.002589449426807505,-7.462874054902854e-08,-0.0010961747467517853
2025-12-11,Ecopetrol,-0.015957782177048366,-0.00027229495541891767,0.0002548843579591814,0.0,-3.713974719696516e-05,-0.0017482218933106966,-0.0001001213565468788,-0.00032100784778594973
2025-12-11,Grupo Bolivar,0.010810833584426504,-0.0005834734700577256,-0.00042334176556135605,0.0,-1.6433540269089178e-05,-1.6483532455638907e-05,-0.001245379075407982,-0.0028870452046394347
2025-12-11,Mineros SA,0.010389751945824236,-0.004289818611688983,-0.0014117450232945517,0.0,0.0002840318559088718,0.0011837438029451907,-0.00014055648818612096,-0.00019767934083938601
2025-12-11,Nutresa,0.011472401162236781,-0.00027501482445980047,-0.00025673461706785113,0.0,0.0010475369270775707,0.0010474869197955629,0.0009554483629763127,-0.0006759016662836075
2025-12-11,Promigas,0.0030768376981475365,-0.00040950272633279264,-0.0003810921991577617,0.0,0.000259343749298741,-0.0011922411934973676,-0.000950143203139305,-0.0016827106773853301
2025-12-12,Banco Davivienda PF,-0.002275362550577489,0.00045817032117052023,0.0010911979673052798,0.0,-0.0006454253043854547,-0.0006454751584270469,0.00030971699580550194,0.0011698844432830812
2025-12-12,Banco de Bogota,-0.002554132544263925,-1.685238748781906e-05,0.0005793781719898329,0.0,-0.0005811269192441125,-0.0005811775961336867,-8.158700168132782e-05,-0.0016795896589756013
2025-12-12,Celsia,0.013085309848018346,-0.00011085306715144592,0.0002980635079896163,0.0,0.00013322310298107535,-0.0011928723871839453,-0.0004023798629641533,-0.0007880578339099885
2025-12-12,ETB,0.0,0.0005538134757790984,0.0005864287166482566,0.0,-0.0009340869589497405,-0.0009397840995342123,0.0005629954636096954,-0.0013375865370035172
2025-12-12,Ecopetrol,0.0,9.103406687706786e-06,0.0011525405727868063,0.0,-3.713974719696516e-05,-0.0013436084100150653,0.00035700514912605284,0.0008726230263710023
2025-12-12,Grupo Bolivar,-0.00539089433502796,-9.753531454322142e-05,0.0002980635079896163,0.0,-1.6433540269089178e-05,-1.6483532455638907e-05,-0.00036756137385964395,-0.0028328266143798826
2025-12-12,Mineros SA,-0.009085114252204032,-0.001920952964415862,-0.0013673165494824345,0.0,0.0002840318559088718,-0.0005678199886691319,0.00012832824140787127,-0.001390368476510048
2025-12-12,Nutresa,0.007575793808457723,0.00019971160451805553,-0.00011831778110006954,0.0,0.0010475369270775707,0.0010474869197955629,0.000732302088290453,-0.0013703497797250747
2025-12-12,Promigas,0.0,-4.604317002379063e-05,0.0002980635079896163,0.0,0.000259343749298741,-0.0006706231283941172,0.00010943448543548583,-0.0014721471667289733
2025-12-15,Banco Davivienda PF,-0.0038037362497309476,-6.861491724293627e-05,0.00041429887117889005,0.0,-0.0006454253043854547,-0.0006454751584270469,-0.0008961629569530487,0.0001649043746292591
2025-12-15,Banco de Bogota,-0.0025608810264547634,-0.00040245129706950513,3.9719392083497814e-05,0.0,-0.0005811269192441125,-0.0005811775961336867,-0.0008822889328002929,-0.0013420383781194687
2025-12-15,Celsia,-0.007024683408050822,-0.00046422736964715864,3.9719392083497814e-05,0.0,0.00013322310298107535,-0.0009294015398033919,-0.0006657115817070007,-0.002075399398803711
2025-12-15,ETB,0.0,-0.0006594867707040458,-0.0004942318465916813,0.0,-0.0009340869589497405,-0.0005132236358127616,-0.00038929629325866705,-0.0016109831482172012
2025-12-15,Ecopetrol,-0.010781773369987275,-0.0002574537362403107,0.00013951959336334704,0.0,-3.713974719696516e-05,-3.4112442952314816e-05,-0.0003567457422614098,-0.00025173092633485797
2025-12-15,Grupo Bolivar,-0.007814144883248707,-0.00034978478527799406,3.9719392083497814e-05,0.0,-1.6433540269089178e-05,-1.6483532455638907e-05,-0.00034817913547158236,-0.0013741039782762528
2025-12-15,Mineros SA,0.007792283292256131,-0.0016210125120635465,-0.0002693136839250916,0.0,0.0002840318559088718,0.0010737721617916833,-0.0004255067594349384,-0.00015976689010858535
2025-12-15,Nutresa,0.0,-0.00029358705124340117,3.9719392083497814e-05,0.0,0.0010475369270775707,0.0010474869197955629,0.0003641730211675168,-0.0017877668291330338
2025-12-15,Promigas,0.003067557829359785,-0.000441631427457896,3.9719392083497814e-05,0.0,0.000259343749298741,0.0001124035327330102,8.770615234971043e-05,-0.0013812326192855834
2025-12-16,Banco Davivienda PF,-0.008419437258802646,-0.00021739406015818866,-0.000677331795091479,0.0,-0.0006454253043854547,-0.0006454751584270469,-0.0003144293464720249,-7.931086421012882e-05
2025-12-16,Banco de Bogota,-0.02020252887685173,-0.0002871641926415741,-0.000677331795091479,0.0,-0.0005811269192441125,-0.0005811775961336867,-0.0004117236621677876,-0.0008286081627011299
2025-12-16,Celsia,-0.0030257218279050734,-0.0003248185904121439,0.0001389648608491981,0.0,0.00013322310298107535,0.0021207994818659964,0.0004874753840267658,-0.000672916181385517
2025-12-16,ETB,0.0,-0.00034131790815867657,-0.0012112830337666592,0.0,-0.0009340869589497405,-0.000730050857902207,7.799422740936281e-05,-0.0012463133335113524
2025-12-16,Ecopetrol,-0.02469260738398846,-1.8682781421307308e-05,0.0005273980248872498,0.0,-3.713974719696516e-05,-0.0009188650100157642,0.0001542392000555992,0.00047290766611695294
2025-12-16,Grupo Bolivar,-0.019584797983163062,-0.0001952538771347107,0.0003102965963942356,0.0,-1.6433540269089178e-05,-1.6483532455638907e-05,-5.758552998304366e-05,-5.3753636777400976e-05
2025-12-16,Mineros SA,0.002583992665835856,-0.0015732237772146575,-0.0014504081447745565,0.0,0.0002840318559088718,-0.0003488719296987895,-0.0011784179210662842,-0.0008754499405622482
2025-12-16,Nutresa,0.0,-0.0002939466507517455,-0.000677331795091479,0.0,0.0010475369270775707,0.0010474869197955629,0.0011217796877026557,-0.0010532495081424715
2025-12-16,Promigas,-0.0061443955275072275,-0.00028401917467437126,-0.000677331795091479,0.0,0.000259343749298741,-0.000384712155382621,0.00024099264666438105,-0.0011473487019538879
2025-12-17,Banco Davivienda PF,-0.020187057351282046,-0.00048813162865474343,-0.00022333569722932572,0.0,-0.0006454253043854547,-0.0006454751584270469,-0.000337573692202568,-8.337121829390528e-05
2025-12-17,Banco de Bogota,0.002612863339291619,-0.0005160293295165343,-0.00025844839115316665,0.0,-0.0005811269192441125,-0.0005811775961336867,4.695104062557221e-05,0.001084667831659317
2025-12-17,Celsia,-0.004048556095713903,-0.0007657165431833868,-0.0015205482532770927,0.0,0.00013322310298107535,8.912045834368178e-05,-0.00045069815218448645,-0.0007780852764844895
2025-12-17,ETB,0.0,-0.0010384917751112353,-0.0020544994919522714,0.0,-0.0009340869589497405,-0.0012654414132317502,-0.0004768833145499229,-0.0018149422705173491
2025-12-17,Ecopetrol,0.008298801050548768,-0.00019225287155169436,0.0007443940322686395,0.0,-3.713974719696516e-05,-0.0020603883644336306,7.620728760957716e-05,0.0023747096955776216
2025-12-17,Grupo Bolivar,0.016966367135089866,-0.0005464077343779927,-0.00025844839115316665,0.0,-1.6433540269089178e-05,-1.6483532455638907e-05,0.00035548480600118635,0.0016001974046230317
2025-12-17,Mineros SA,0.0038633870374389545,-0.001945001632492589,-0.0022936246029601703,0.0,0.0002840318559088718,9.014977770148009e-05,-0.0008263302221894265,-0.0013004302829504014
2025-12-17,Nutresa,0.0,-0.0007591965222542946,-0.0015205482532770927,0.0,0.0010475369270775707,0.0010474869197955629,0.0006771200895309447,-0.0013366958424448968
2025-12-17,Promigas,0.012915601179778347,-0.0006667643618241712,-0.0007042515973364141,0.0,0.000259343749298741,0.0015116430288930546,0.0004081239961087704,-0.0007698304504156113
2025-12-18,Banco Davivienda PF,-0.007083846175906843,-0.00024232054912574574,0.00013526224465703425,0.0,-0.0006454253043854547,-0.0006454751584270469,-0.0007401742972433567,0.0009771702438592911
2025-12-18,Banco de Bogota,0.002085322865984512,-0.0005305642472670379,-0.0005017932432434851,0.0,-0.0005811269192441125,-0.0005811775961336867,-0.0019674772024154664,-0.0009776126742362975
2025-12-18,Celsia,-0.013272241910063745,-0.0007518695594599607,-0.0009620105544962432,0.0,0.00013322310298107535,7.458571349604694e-05,-0.0006167094334959984,-0.0010761797577142716
2025-12-18,ETB,0.0,-0.0012124192756476691,-0.001495961793171423,0.0,-0.0009340869589497405,-0.0013562252866856507,-0.0013322929590940476,-0.0025618470311164856
2025-12-18,Ecopetrol,-0.016667048927269487,-0.0005360427233714308,0.00014869173358234044,0.0,-3.713974719696516e-05,0.0006468873593121744,-0.0013431202918291092,-0.0009282959550619126
2025-12-18,Grupo Bolivar,-0.01430319162820381,-0.0008161431265811851,-0.0009704108289026218,0.0,-1.6433540269089178e-05,-1.6483532455638907e-05,-0.0014835191965103147,-0.0018136046677827834
2025-12-18,Mineros SA,0.0,-0.0022401341030615783,-0.0017350869041793209,0.0,0.0002840318559088718,-1.7694031668570066e-05,-0.0016168763339519502,-0.0020928431153297423
2025-12-18,Nutresa,0.0037664827954768648,-0.0006439503255618815,-0.0009620105544962432,0.0,0.0010475369270775707,0.0010474869197955629,-0.0002530081979930401,-0.0015297708809375765
2025-12-18,Promigas,-0.007855562824750188,-0.0008420333145679944,-0.0009620105544962432,0.0,0.000259343749298741,-0.0022231781829715196,-0.0012226749062538146,-0.0028024507761001587
2025-12-19,Banco Davivienda PF,-0.007930263879381979,-0.00039591696901504166,0.00018802815107235544,0.0,-0.0006454253043854547,-0.0006454751584270469,-0.0006806604824960231,-0.00018415014445781708
2025-12-19,Banco de Bogota,0.0,-0.0006568890516546196,-0.0009960030800520417,0.0,-0.0005811269192441125,-0.0005811775961336867,-0.0009418076239526271,-0.0021940139234066006
2025-12-19,Celsia,0.004102536870074921,-0.000522411651054628,1.6443802577799285e-05,0.0,0.00013322310298107535,0.001124853984266801,-0.00016679916530847549,-0.0003041510730981827
2025-12-19,ETB,0.0,-0.001137101278861289,-0.0016224370547962602,0.0,-0.0009340869589497405,-0.00140901892103058,-0.0006602042317390441,-0.002946979135274887
2025-12-19,Ecopetrol,-0.0112677224071865,-0.00023603646667090305,0.0006338313572556046,0.0,-3.713974719696516e-05,-0.001401810855610676,-1.8339779227972043e-05,-0.00014316808432340622
2025-12-19,Grupo Bolivar,0.008386665577851934,-0.0003968268469135259,0.0004766611138305573,0.0,-1.6433540269089178e-05,-1.6483532455638907e-05,-0.00021285324916243557,-0.0006143499612808227
2025-12-19,Mineros SA,0.002567407574742149,-0.0016775182259221374,-0.0018615621658041573,0.0,0.0002840318559088718,0.0003079619071380318,-0.000913639783859253,-0.002108041167259216
2025-12-19,Nutresa,0.0,-0.0006203882900280027,-0.001088485816121081,0.0,0.0010475369270775707,0.0010474869197955629,0.00026072256639599804,-0.0019094537198543547
2025-12-19,Promigas,0.032586355105859534,-0.0006930418408750697,-0.00010085742463536501,0.0,0.000259343749298741,0.0014839427301130987,0.0003280550986528397,-0.0019689839482307436
2025-12-22,Banco Davivienda PF,0.0,-0.0003659768384294455,0.00016759035486410722,0.0,-0.0006454253043854547,-0.0006454751584270469,-0.00068392688408494,-9.509410336613655e-05
2025-12-22,Banco de Bogota,-0.0010419591210895957,-0.0005714166755821595,-0.0003714346289461031,0.0,-0.0005811269192441125,-0.0005811775961336867,-0.0007395471520721912,-0.0017363657355308534
2025-12-22,Celsia,0.0030658188732569087,-0.0005348802187000368,-0.00017915169159721584,0.0,0.00013322310298107535,-0.0014410933998731522,-0.0008419904708862304,-0.001047303944826126
2025-12-22,ETB,0.0,-0.0010851593345665926,-0.0009053858676212814,0.0,-0.0009340869589497405,-0.0014953189254329421,-0.0005597385466098785,-0.0025499153137207033
2025-12-22,Ecopetrol,0.0028288555855210174,-0.00025499783665226984,0.0003422492829961437,0.0,-3.713974719696516e-05,-0.000958741999020267,-0.0005677960515022278,0.00025445489212870597
2025-12-22,Grupo Bolivar,-0.002640815946960273,-0.0005826902184098531,-0.0003714346289461031,0.0,-1.6433540269089178e-05,-1.6483532455638907e-05,-0.0009934458658099174,-0.001394764631986618
2025-12-22,Mineros SA,0.0,-0.001548955096083992,-0.00114451097862918,0.0,0.0002840318559088718,9.154778244653265e-05,-0.0009831223487854004,-0.001500217393040657
2025-12-22,Nutresa,0.028170876966696224,-0.000689141434996151,-0.0003714346289461031,0.0,0.0010475369270775707,0.0010474869197955629,0.0002746691517531872,-0.0013896421119570733
2025-12-22,Promigas,-0.012288946577896658,-0.0012111960159070314,-0.0019954826495093172,0.0,0.000259343749298741,-0.006509576531557695,-0.001073798030614853,-0.0036311278343200684
2025-12-23,Banco Davivienda PF,0.04579465518963343,-0.00027317849688579104,-0.00026400739247183636,0.0,-0.0006454253043854547,-0.0006454751584270469,-0.0006067575998604298,-0.00022826458513736724
2025-12-23,Banco de Bogota,0.03936089973010654,-0.000443325432375075,-0.00045629032982072367,0.0,-0.0005811269192441125,-0.0005811775961336867,-0.0008474866710603237,-0.0008033935651183127
2025-12-23,Celsia,0.003056650889597165,-0.0005330182641689503,-0.00045629032982072367,0.0,0.00013322310298107535,-5.048486624964087e-05,-0.00022987814992666243,-0.000749066598713398
2025-12-23,ETB,0.0,-0.0007588182755456759,-0.0009902415684959025,0.0,-0.0009340869589497405,-0.0015313263604100436,-0.00015603964030742645,-0.0016918862462043764
2025-12-23,Ecopetrol,0.01680711469838628,-0.00031585232870174544,-0.00026400739247183636,0.0,-3.713974719696516e-05,0.00019802351049932508,-0.00046182057633996007,-0.0003607421517372132
2025-12-23,Grupo Bolivar,0.013569978479235578,-0.00035128545497951046,-0.00045629032982072367,0.0,-1.6433540269089178e-05,-1.6483532455638907e-05,5.869328230619431e-05,-0.0001786830052733421
2025-12-23,Mineros SA,-0.0025674075747422445,-0.0015116149587475001,-0.001229366679503801,0.0,0.0002840318559088718,0.0003079619071380318,-0.0006553553678095341,-0.0003274596482515335
2025-12-23,Nutresa,0.008806141111498604,-0.0008632666205153512,-0.0004985398962243181,0.0,0.0010475369270775707,0.0010474869197955629,-0.00029272306710481644,-0.0021079578399658206
2025-12-23,Promigas,-0.0030960179629630504,-0.00040090253445142823,7.752943853763962e-06,0.0,0.000259343749298741,0.0015159268639025588,0.0009067604690790177,-0.000984555073082447
2025-12-24,Banco Davivienda PF,0.0007933360193958741,-0.0005007629447320553,-0.0015040977486424332,0.0,-0.0006454253043854547,-0.0006454751584270469,-0.0008024634867906568,-0.0012024139538407328
2025-12-24,Banco de Bogota,0.003665972981005083,-0.0002150327980942711,-0.0012902304333151813,0.0,-0.0005811269192441125,-0.0005811775961336867,-0.000650746650993824,-0.000775793731212616
2025-12-24,Celsia,0.007095791372848836,-1.8200720253887584e-05,0.0003338175872480326,0.0,0.00013322310298107535,0.00023971898904979262,0.0007587043046951294,0.0013649199306964874
2025-12-24,ETB,0.0,0.0003044428243413527,-0.00020013365142714645,0.0,-0.0009340869589497405,-0.0015481684125189256,0.001365681804716587,0.0008090236783027648
2025-12-24,Ecopetrol,0.0,-8.312759637604497e-06,0.00032541731284165394,0.0,-3.713974719696516e-05,0.0013450797700578756,0.00015576884523034088,0.00041128887236118323
2025-12-24,Grupo Bolivar,-0.027550095978796076,-7.712624984363137e-05,0.0003338175872480326,0.0,-1.6433540269089178e-05,-1.6483532455638907e-05,-0.0001363367550075054,0.000892070159316063
2025-12-24,Mineros SA,0.0064062018705439636,-0.0007439168057014247,-0.00043925876243504423,0.0,0.0002840318559088718,0.000524376031829539,0.0005109887048602104,0.0019544876664876936
2025-12-24,Nutresa,0.020014297423993386,1.654326225036638e-05,0.0003338175872480326,0.0,0.0010475369270775707,0.0010474869197955629,0.0015773494839668271,0.0008597127497196197
2025-12-24,Promigas,0.0,-5.203228246513518e-05,0.0003338175872480326,0.0,0.000259343749298741,0.0012618942644038176,0.0009974440336227416,0.0017147131115198134
2025-12-25,ETB,0.0,0.000338900225236666,-0.00021346532335992274,0.0,-0.0009340869589497405,-0.0015643318466257378,0.00040190055966377264,0.00022399527207016945
2025-12-26,ETB,0.0,0.0006062738641690905,0.0005475551481691067,0.0,-0.0009340869589497405,-0.0015736079520072043,0.00034323491901159283,0.00034016666933894157
2025-12-29,ETB,0.0,0.00022088075481941198,-0.00020013365142714645,0.0,-0.0009340869589497405,-0.001578399480158081,0.0006138925328850746,0.00035764031112194065
2025-12-30,ETB,0.0,0.00019637015906592595,-0.0004056520649944436,0.0,-0.0009340869589497405,-0.0015818741820448705,-7.217364013195038e-05,7.890240475535393e-05
2025-12-31,ETB,0.0,-0.0011576147495997943,-0.003502140209821463,0.0,-0.0009340869589497405,-0.001584071134684224,9.77890342473984e-05,-0.0006905857920646667
2026-01-02,ETB,0.0,-0.0007863709009351866,-0.000461068500275094,0.0,-0.0009340869589497405,-0.0015853147653938815,-0.0009590770155191421,0.00021324342489242556
2026-01-05,ETB,0.0,-0.0008354775237803417,-0.0009902415684959025,0.0,-0.0009340869589497405,-0.0015861204665019281,-0.0006837332248687745,-0.0006931043863296508
2026-01-06,ETB,0.0,0.0006779689186153864,-0.0004942318465916813,0.0,-0.0009340869589497405,-0.0015866356903658759,0.00016826462000608445,0.0006276609301567078
2026-01-07,ETB,0.0,0.0014350612520739137,-0.00023588773068556273,0.0,-0.0009340869589497405,-0.0015869434760017384,0.0009074289724230765,0.0011117823719978333
2026-01-08,ETB,0.0,0.0008949516809843556,-0.0009529389178605397,0.0,-0.0009340869589497405,-0.0015871356749279154,-0.0006057598888874053,-2.009440213441848e-05
2026-01-09,ETB,0.0,0.00110184343733484,-0.00023588773068556273,0.0,-0.0009340869589497405,-0.0015872573596423297,0.00026163633167743686,-0.0003623532950878143
2026-01-13,ETB,0.0,0.0011470817933948306,-0.00023588773068556273,0.0,-0.0009340869589497405,-0.0015873319355444377,0.000633098416030407,0.0005671590864658356
2026-01-14,ETB,0.0,0.0019527691562471687,0.0008635931623279071,0.0,-0.0009340869589497405,-0.001587378108354408,0.0012147827818989754,0.00117329378426075
2026-01-15,ETB,0.0,0.001238159694651836,-6.901839050978313e-05,0.0,-0.0009340869589497405,-0.0015874070587484279,0.00045086564868688584,0.0006162029951810837
2026-01-16,ETB,0.0,0.0014147691657518256,-0.00012867243360734884,0.0,-0.0009340869589497405,-0.0015874249813027307,0.0016002745032310487,0.0013254294395446777
2026-01-19,ETB,0.0,0.0010962704370080418,-0.0003698979857360272,0.0,-0.0009340869589497405,-0.0015874360763176493,0.000428646370768547,0.0008955628871917724
2026-01-20,ETB,0.0,0.0018144069555054542,0.0008278390830694909,0.0,-0.0009340869589497405,-0.001587442994001071,0.0008487138524651529,0.0013469253033399583
2026-01-21,ETB,0.0,0.0013616499565070645,-0.00023588773068556273,0.0,-0.0009340869589497405,-0.001587447290197731,0.0015589231476187705,0.0018221856355667115
2026-01-22,ETB,0.0,0.0016831112313392068,0.0008278390830694909,0.0,-0.0009340869589497405,-0.001587449953458311,0.0011122469305992126,0.0021376251578330992
2026-01-23,ETB,0.0,0.001654293698261574,-0.00023641884038687794,0.0,-0.0009340869589497405,-0.001587451609760255,6.888686865568166e-05,0.0005753671824932098
2026-01-26,ETB,0.0,0.0012969229924683452,-0.0004056520649944436,0.0,-0.0009340869589497405,-0.0015874526390508197,0.0002816967666149139,0.00034396097064018247
2026-01-27,ETB,0.0,0.0012020138901571908,-0.00020013365142714645,0.0,-0.0009340869589497405,-0.0015874532778070833,0.0017571125105023387,0.000728100687265396
2026-01-28,ETB,0.07257069283483537,0.0015350098549569253,0.000838523089651404,0.0,-0.0009340869589497405,-0.0015874536746769323,0.0017318435832858084,0.0013743103444576264
2026-01-29,ETB,0.0,-0.00011622880672247003,0.0008261420524004798,0.0,-0.0009340869589497405,-0.02174198423626108,-0.00044724512100219717,-0.00016225570440292356
2026-01-30,ETB,0.0,0.0012649956095806666,0.00315522895005105,0.0,-0.0009340869589497405,-0.006976451503765521,0.0019059999585151672,-0.0003897485062479973
2026-02-02,ETB,0.0,-0.0018632811617254272,-0.004965879600958379,0.0,-0.0009340869589497405,-0.01277189644451233,0.0010094674527645112,-0.001436441645026207
2026-02-03,ETB,0.0,-0.0005018703615120713,-0.0019831044725948386,0.0,-0.0009340869589497405,-0.007384747142712072,-0.00013078045472502707,-0.003021916508674622
2026-02-04,ETB,0.0,-0.00040115354003155725,-0.002046122652705596,0.0,-0.0009340869589497405,-0.0038890795128954225,-0.00017631947994232178,-0.003929508566856385
2026-02-05,ETB,0.0,-2.227479003279046e-05,-0.0009363236197887796,0.0,-0.0009340869589497405,-0.0037120034460850103,-0.00045065446197986597,-0.0019994220733642576
2026-02-06,ETB,0.0,6.011023078119008e-05,-0.0019157258423705284,0.0,-0.0009340869589497405,-0.0029494113838808788,-0.0013137551546096803,-0.0028311541080474852
2026-02-09,ETB,0.0,-0.0005875250211313835,-0.0011600059028047834,0.0,-0.0009340869589497405,-0.0022686903968822903,-0.0010727929361164569,-0.0029237356185913086
2026-02-10,ETB,0.0,-0.000163060684879034,-0.0013261974588625418,0.0,-0.0009340869589497405,-0.0020580484529165053,-0.0011631675213575362,-0.0023437694311141967
2026-02-11,Banco Davivienda PF,-0.0427111180930498,-0.0006786261654520635,-0.0015485745492212998,0.0,-0.0006454253043854547,-0.0006454751584270469,-0.0015465952455997467,-0.0019277962893247604
2026-02-11,Banco de Bogota,-0.008246632587919252,-0.0003519672009666874,7.547347134191411e-05,0.0,-0.0005811269192441125,-0.0005811775961336867,0.0003608222119510174,-0.0006955758482217789
2026-02-11,Celsia,-0.026451116369593856,-0.0001382800126904393,0.00017527367262176342,0.0,0.00013322310298107535,-0.000610274139522502,0.0003445060253143311,0.0003490999117493629
2026-02-11,ETB,0.0,0.00013925761144192156,-0.00045847776733326507,0.0,-0.0009340869589497405,-0.0018990929332733456,0.0003980150297284126,-0.0006200168728828431
2026-02-11,Ecopetrol,0.006749238241748612,-6.539479229585287e-05,0.00043570995966910167,0.0,-3.713974719696516e-05,-0.0013206385596451656,0.0007213367596268655,0.00074205581843853
2026-02-11,Grupo Bolivar,0.032407727085350745,-6.4096683130092415e-06,0.00017527367262176342,0.0,-1.6433540269089178e-05,-1.6483532455638907e-05,-0.000237020768225193,-0.00028533293306827543
2026-02-11,Mineros SA,0.032110482620253976,-0.0005467284607084292,7.547347134191411e-05,0.0,0.0002840318559088718,-0.0009434969851563851,-0.00036039419472217566,-0.0009924073964357376
2026-02-11,Nutresa,-0.06140862812864349,-0.00010392652807845612,7.547347134191411e-05,0.0,0.0010475369270775707,0.0010474869197955629,0.001765727415680885,0.0006111184656620026
2026-02-11,Promigas,-0.0014936342434301653,-0.00033241399897014005,7.547347134191411e-05,0.0,0.000259343749298741,0.0014357669581161051,0.0010546859577298165,0.0004227383509278298
2026-02-12,Banco Davivienda PF,-0.01834913866819654,0.0009161454882950077,0.0005610993827986161,0.0,-0.0006454253043854547,-0.0006454751584270469,0.0008380550257861615,0.002780905395746231
2026-02-12,Banco de Bogota,-0.021167121818966447,-0.0004703774559694139,-3.265781903840496e-05,0.0,-0.0005811269192441125,-0.0005811775961336867,-0.0008684393763542175,-0.0006376847326755523
2026-02-12,Celsia,0.0041151821777727395,0.00027394903595524177,0.0006550158998001361,0.0,0.00013322310298107535,0.003269798634124829,0.0005331533253192901,0.002577014729380608
2026-02-12,ETB,0.0,-0.00020920677942739627,-0.0016715386764124644,0.0,-0.0009340869589497405,-0.0017641367938628525,-0.0011527648270130155,-0.0016999570727348327
2026-02-12,Ecopetrol,-0.020385810809585746,-0.0004990384139238063,-0.0011375874377372852,0.0,-3.713974719696516e-05,0.0005197302001078902,-0.0006022660583257675,-0.0014338895082473756
2026-02-12,Grupo Bolivar,-0.03133193075626127,-0.0011652104168220641,-0.002761635458300497,0.0,-1.6433540269089178e-05,-1.6483532455638907e-05,-0.0008387556523084642,-0.003985920906066895
2026-02-12,Mineros SA,-0.012307889589541928,-0.0009416853944384251,-0.002761635458300497,0.0,0.0002840318559088718,-0.0023987224767708145,-0.0016836573928594588,-0.0041800250411033624
2026-02-12,Nutresa,-6.666888898765192e-05,0.011207730258920095,0.00440723881436376,0.0,0.0010475369270775707,0.0010474869197955629,0.0029881750643253324,0.007854636669158935
2026-02-12,Promigas,-0.005997022290509669,-0.00047622763261860916,-0.0011375874377372852,0.0,0.000259343749298741,0.000895771515143077,-2.532868087291719e-05,-0.0005460197478532791
2026-02-13,Banco Davivienda PF,0.01689353433549584,0.00022981438495091636,0.00029785834319604837,0.0,-0.0006454253043854547,-0.0006454751584270469,-0.0005785727649927139,0.0021078772395849233
2026-02-13,Banco de Bogota,0.019704851931827503,-0.00027948160894914723,-0.00016752050898517247,0.0,-0.0005811269192441125,-0.0005811775961336867,-0.0004334926158189773,0.0007055967003107071
2026-02-13,Celsia,0.03827253037393938,-0.00041100787076218113,-0.0008021379211922888,0.0,0.00013322310298107535,-0.0024056985503919455,-0.0011483987271785736,-0.00048180769011378296
2026-02-13,ETB,0.0,-0.000289789439514082,-0.0020544994919522714,0.0,-0.0009340869589497405,-0.0016988252862083042,-0.0009220006763935088,-0.002717913448810577
2026-02-13,Ecopetrol,0.0022857733620330707,-0.00038865284910608196,-0.00025844839115316665,0.0,-3.713974719696516e-05,-0.0017069725399432131,0.0006352804005146028,0.0001245536021888256
2026-02-13,Grupo Bolivar,0.006430927747239285,7.893520095650423e-05,7.977214691144047e-05,0.0,-1.6433540269089178e-05,-1.6483532455638907e-05,0.0006165881305932998,7.571642473340034e-05
2026-02-13,Mineros SA,0.01637708494096493,-0.0005697182091131145,-0.000415618634578213,0.0,0.0002840318559088718,0.0013454291088883586,0.00020240020379424096,-0.00247703917324543
2026-02-13,Nutresa,-0.03383488278669368,0.0018134882404765584,0.0003189465934816358,0.0,0.0010475369270775707,0.0010474869197955629,0.0003422448933124542,0.0030833929032087325
2026-02-13,Promigas,0.004501153766211972,-0.0006381876107687186,-0.0007042515973364141,0.0,0.000259343749298741,0.0017582087053465336,0.00023689157888293267,-0.0008870857357978822
2026-02-16,Banco Davivienda PF,0.0,-0.0006209733762588739,-0.0006344549385359829,0.0,-0.0006454253043854547,-0.0006454751584270469,-0.0011885183453559877,-0.0011205026060342787
2026-02-16,Banco de Bogota,0.0,-0.0007258438553642984,-0.00035967566072044,0.0,-0.0005811269192441125,-0.0005811775961336867,-0.0014327143132686615,-0.0022065250277519227
2026-02-16,Celsia,-0.03009252380338675,-0.0011880912008383762,-0.002250102684692817,0.0,0.00013322310298107535,-0.0040020077877328955,-0.0009450052231550217,-0.0035400529503822322
2026-02-16,ETB,0.0,-0.00015731324239737565,-0.0011600059028047834,0.0,-0.0009340869589497405,-0.0016597278399602268,-0.0007191898711025714,-0.00241737787425518
2026-02-16,Ecopetrol,0.020339622221953225,-0.0004579466975832295,-0.0004337717267807172,0.0,-3.713974719696516e-05,0.00015345817093329286,-0.0008838568031787873,-0.0010423774570226668
2026-02-16,Grupo Bolivar,-0.0064309277472394035,-0.0004798973237493368,-9.992726939368926e-05,0.0,-1.6433540269089178e-05,-1.6483532455638907e-05,-0.0009691098034381868,-0.0011094950884580612
2026-02-16,Mineros SA,-0.015345621801780264,-0.0006008859941872974,-0.0006344549385359829,0.0,0.0002840318559088718,-0.00107250940461044,-0.0015448010116815565,-0.002880837932229042
2026-02-16,Nutresa,0.0,0.0016810010386948586,0.0010025130856924575,0.0,0.0010475369270775707,0.0010474869197955629,0.0023964062333106995,0.005384687900543213
2026-02-16,Promigas,-0.013564702260867846,-0.0006110854619212156,-0.0006260546641296042,0.0,0.000259343749298741,-0.0003385352672197865,-0.0006073118299245834,-0.0014600282609462736
2026-02-17,Banco Davivienda PF,-0.003648307585475306,-0.0006657418512321561,-0.0011733415169957015,0.0,-0.0006454253043854547,-0.0006454751584270469,-0.0004870251268148422,-0.0017296306192874909
2026-02-17,Banco de Bogota,-0.024192588762274033,-0.0006980078214765906,-0.0011733415169957015,0.0,-0.0005811269192441125,-0.0005811775961336867,-0.00018882863968610765,-0.0023513349294662475
2026-02-17,Celsia,0.016161971584849263,1.8327150358383424e-05,0.0010237394222483056,0.0,0.00013322310298107535,0.006698549210551201,0.0018942150324583052,0.0004168230406939983
2026-02-17,ETB,0.0,-0.00026609737136736115,-0.0017072927556708807,0.0,-0.0009340869589497405,-0.001630933587638983,-0.0007351428121328354,-0.0023111598640680317
2026-02-17,Ecopetrol,-0.02721255878238893,-0.0007962101340509166,-0.0014294583987265479,0.0,-3.713974719696516e-05,0.0016349574174907941,-0.0003945835083723068,-0.0034932411909103394
2026-02-17,Grupo Bolivar,0.004291905570009346,-0.0006316829089372915,-0.0003570448610550234,0.0,-1.6433540269089178e-05,-1.6483532455638907e-05,0.00023259948939085006,-0.0005817691236734391
2026-02-17,Mineros SA,-0.011404934045246633,-0.00037383836697197747,8.875834512822479e-05,0.0,0.0002840318559088718,0.0016014882419322252,8.670818805694585e-05,-0.0005690295547246933
2026-02-17,Nutresa,0.050430853626891904,0.001113202906590314,-0.00012963911008815506,0.0,0.0010475369270775707,0.0010474869197955629,0.0010256656259298325,0.0023586359322071075
2026-02-17,Promigas,0.009063548494655892,-0.00039857279554970704,0.00039180541295593676,0.0,0.000259343749298741,0.00313635544031931,0.00011870107054710386,7.908900082111359e-05
2026-02-18,Banco Davivienda PF,-0.015469921772131778,-0.00012936686826688345,3.926981432034697e-06,0.0,-0.0006454253043854547,-0.0006454751584270469,-1.418605074286462e-05,-0.0006860465258359909
2026-02-18,Banco de Bogota,0.03390149123733219,8.379302999293438e-05,0.0013595351424539005,0.0,-0.0005811269192441125,-0.0005811775961336867,0.0007612050399184227,0.0011862920969724655
2026-02-18,Celsia,-0.0030105274169452134,-0.0004283596638532744,6.983706491519173e-05,0.0,0.00013322310298107535,-0.003322656174498424,-0.0006125171855092048,-0.001225097693502903
2026-02-18,ETB,0.0,-0.00030713744118070473,-0.0009902415684959025,0.0,-0.0009340869589497405,-0.001614278216105103,-9.75721478462219e-05,-0.0013948106318712235
2026-02-18,Ecopetrol,0.018223735766239934,7.245733835416702e-05,0.0008993178312011434,0.0,-3.713974719696516e-05,-0.002267175633290179,0.0009331470131874085,0.0009338443577289581
2026-02-18,Grupo Bolivar,0.023281468743012908,-0.0004954819954308398,-0.00045629032982072367,0.0,-1.6433540269089178e-05,-1.6483532455638907e-05,-0.0003924780562520027,-0.0003414820581674576
2026-02-18,Mineros SA,0.030803161188413825,-0.0005898922109903027,7.752943853763962e-06,0.0,0.0002840318559088718,0.0012693164045104307,-0.00033171850442886353,0.0010782763957977296
2026-02-18,Nutresa,0.0,-0.0007618660138556272,-0.0016201210391311794,0.0,0.0010475369270775707,0.0010474869197955629,-0.0005521423295140267,-0.0018971764147281648
2026-02-18,Promigas,0.0,-0.0006699538471606392,-0.00045629032982072367,0.0,0.000259343749298741,-0.0010314300083450773,-0.0001964434087276459,-0.0007244264334440231
2026-02-19,Banco Davivienda PF,0.03501451784510205,-0.0002722198004212695,0.000300745894104582,0.0,-0.0006454253043854547,-0.0006454751584270469,-0.0003028747625648975,0.0015436302423477172
2026-02-19,Banco de Bogota,0.021506064341015235,-0.0007590622962775987,-0.001672648089538944,0.0,-0.0005811269192441125,-0.0005811775961336867,-0.0020919826626777647,-0.0015249364674091337
2026-02-19,Celsia,0.003010527416945102,-0.00036000043225306897,-0.0003714346289461031,0.0,0.00013322310298107535,0.0009997710392683973,0.0006222245208919048,0.0001972137950360775
2026-02-19,ETB,0.0,-6.952793061876612e-05,-0.0009053858676212814,0.0,-0.0009340869589497405,-0.001604484843225497,-0.0006330220252275466,-0.0005413267165422439
2026-02-19,Ecopetrol,0.044157387197586405,-0.00048412490816472474,7.761859617816943e-05,0.0,-3.713974719696516e-05,0.00146132772698754,-0.0009740848690271379,-0.0006511737555265427
2026-02-19,Grupo Bolivar,-0.0020943095269910592,-0.0006005660151943224,-0.00041368419534969746,0.0,-1.6433540269089178e-05,-1.6483532455638907e-05,-0.0009716809988021852,-0.001166406914591789
2026-02-19,Mineros SA,-0.02976094810950612,-0.0010009156937046868,-0.0019954826495093172,0.0,0.0002840318559088718,-0.0022885246156499374,-0.001771468512713909,-0.0009254532903432845
2026-02-19,Nutresa,-0.015263436829976973,-0.00028318240529683834,-0.0003714346289461031,0.0,0.0010475369270775707,0.0010474869197955629,0.0018038388490676876,-0.0003425135463476181
2026-02-19,Promigas,-0.007547190209934799,-0.0004757100747710091,-0.0003714346289461031,0.0,0.000259343749298741,3.389168623347972e-05,-0.00013391303271055222,0.0001876031458377838
2026-02-20,Banco Davivienda PF,-0.01808367543329535,-0.00018682914613175444,-0.0012902304333151813,0.0,-0.0006454253043854547,-0.0006454751584270469,-0.0009333747625350951,-0.0007136497646570205
2026-02-20,Banco de Bogota,-0.0071172935039222835,-1.0132752280387358e-05,0.00029156802084443834,0.0,-0.0005811269192441125,-0.0005811775961336867,0.0004621901363134384,-0.0011722449958324432
2026-02-20,Celsia,0.017875380073338342,0.00017870966849480372,0.0003338175872480326,0.0,0.00013322310298107535,-4.4704527848851824e-05,0.0009087156318128108,0.0011318951696157454
2026-02-20,ETB,0.0,0.0007669650091360919,-0.00020013365142714645,0.0,-0.0009340869589497405,-0.0015979459854726873,0.0006406273022294044,0.0006027503423392772
2026-02-20,Ecopetrol,-0.0021622178503385736,-9.473957929425971e-05,-0.0012902304333151813,0.0,-3.713974719696516e-05,0.0035894437511179533,-0.0001022829674184322,-0.002005737394094467
2026-02-20,Grupo Bolivar,-0.014783855115913574,6.046527332191369e-05,0.0003338175872480326,0.0,-1.6433540269089178e-05,-1.6483532455638907e-05,0.00022155468910932535,0.0009268083274364472
2026-02-20,Mineros SA,0.039821429729906786,0.0005962167794122745,0.0016543779994073653,0.0,0.0002840318559088718,0.0028165973098183976,0.0016707572191953658,0.0035272601842880253
2026-02-20,Nutresa,0.0,0.0002561368263632327,0.0006940540755752206,0.0,0.0010475369270775707,0.0010474869197955629,0.0027013871967792513,0.002630863606929779
2026-02-20,Promigas,0.0,0.00010739164355396816,0.0006151322512482492,0.0,0.000259343749298741,0.001907980707802128,0.0010007506608963013,0.001920801073312759
2026-02-23,Banco Davivienda PF,0.049832373747875754,0.00021903981151868182,0.0009135153742296803,0.0,-0.0006454253043854547,-0.0006454751584270469,0.0006236789040267467,0.0013169011026620864
2026-02-23,Banco de Bogota,0.0,6.94794063545249e-05,0.0003956709525937896,0.0,-0.0005811269192441125,-0.0005811775961336867,0.0008468398936092853,-1.4109276235103608e-05
2026-02-23,Celsia,-0.003944827854800853,7.342666610243124e-05,0.00032541731284165394,0.0,0.00013322310298107535,-0.0015325246024694367,-0.0003327415511012077,-0.00039084194600582127
2026-02-23,ETB,0.0,0.0007262657211072051,-0.00020013365142714645,0.0,-0.0009340869589497405,-0.0015939214324198689,-2.5214403867721784e-06,0.0002536017894744873
2026-02-23,Ecopetrol,0.008620741140229862,8.854944656106637e-05,0.0003338175872480326,0.0,-3.713974719696516e-05,-0.00021154408874842038,0.0005041713118553162,-0.00105506494641304
2026-02-23,Grupo Bolivar,-0.0029831295203615643,0.00020555080278399527,0.0006940540755752206,0.0,-1.6433540269089178e-05,-1.6483532455638907e-05,7.830948010087016e-05,0.0023640177845954896
2026-02-23,Mineros SA,-0.016145614845076057,-0.00021135363292016854,-0.0009673958733448071,0.0,0.0002840318559088718,-0.0030487002542359115,-0.0018066844940185546,-0.0005891036242246627
2026-02-23,Nutresa,0.020495626660279164,0.00025865050949308674,0.0003338175872480326,0.0,0.0010475369270775707,0.0010474869197955629,0.0013952377811074256,0.0019607746899127964
2026-02-23,Promigas,-0.015267517721558066,8.710419123575183e-05,0.0003338175872480326,0.0,0.000259343749298741,0.0006735096529878585,0.00032998439297080045,0.0013505046516656875
2026-02-24,Banco Davivienda PF,-0.000694685682678485,-0.0003869955451662087,-0.0011591151723978183,0.0,-0.0006454253043854547,-0.0006454751584270469,-0.0017218913137912752,-0.0025853334963321685
2026-02-24,Banco de Bogota,-0.013324856466506,8.173904081280329e-05,0.00046493284816539603,0.0,-0.0005811269192441125,-0.0005811775961336867,-0.00046147193014621735,-4.12415638566017e-05
2026-02-24,Celsia,0.0,0.001000969086510671,0.0015286596619204472,0.0,0.00013322310298107535,0.002084654809239267,0.0008618229739367963,0.00042890384793281555
2026-02-24,ETB,0.0,0.0016374702477260663,0.00099470842324527,0.0,-0.0009340869589497405,-0.0015915073258582918,0.00016250780224800104,0.00014628537744283676
2026-02-24,Ecopetrol,-0.012959141774574095,2.3841478778297062e-05,0.00046493284816539603,0.0,-3.713974719696516e-05,0.0006733057703667857,-6.830585002899162e-05,-0.0013250107765197757
2026-02-24,Grupo Bolivar,-0.01137474345049655,0.00012407354127147135,0.00046493284816539603,0.0,-1.6433540269089178e-05,-1.6483532455638907e-05,-5.882121622562429e-06,0.0018626521527767182
2026-02-24,Mineros SA,-0.004077491417454548,0.00032853267540897146,0.0010446306351470432,0.0,0.0002840318559088718,0.001668921942731186,0.0010150793492794037,0.0014422993957996367
2026-02-24,Nutresa,0.0,0.00016548962761973556,0.0004226832817618017,0.0,0.0010475369270775707,0.0010474869197955629,0.0011902612149715425,-0.00014959372952580446
2026-02-24,Promigas,0.0,0.00037097755725714807,0.0010446306351470432,0.0,0.000259343749298741,0.0037271110864469017,0.0008328575491905212,0.0024063165485858915
2026-02-25,Banco Davivienda PF,0.0034686125654037952,4.202506617935685e-05,-0.0003965652718597209,0.0,-0.0006454253043854547,-0.0006454751584270469,0.00030904327705502503,-0.002169218137860298
2026-02-25,Banco de Bogota,0.0048309643023358596,0.00026056247679287796,0.000708364346839159,0.0,-0.0005811269192441125,-0.0005811775961336867,0.0007015375792980194,0.0007669064998626709
2026-02-25,Celsia,0.00394482785480073,-3.163636474427076e-05,-0.0003965652718597209,0.0,0.00013322310298107535,0.00012125235466123934,0.00018846054375171655,-0.00010700362920761108
2026-02-25,ETB,0.0,0.0006220961375838619,-0.0009305165105348998,0.0,-0.0009340869589497405,-0.0015899703129370851,0.0001318926811218262,-0.0008750181794166565
2026-02-25,Ecopetrol,0.01295914177457405,0.0001501049601933438,0.000708364346839159,0.0,-3.713974719696516e-05,-0.0010975399106368023,0.00110164512693882,-3.619576618075372e-05
2026-02-25,Grupo Bolivar,0.01350655507176792,0.00012067986683428941,0.000708364346839159,0.0,-1.6433540269089178e-05,-1.6483532455638907e-05,0.00039610612392425537,0.001982622981071472
2026-02-25,Mineros SA,-0.004094185446699159,-1.1757209924877018e-05,-0.0003965652718597209,0.0,0.0002840318559088718,0.0006516653162604226,5.6312926113605535e-05,0.0008444735854864121
2026-02-25,Nutresa,0.0,2.501721125651585e-05,-0.0003965652718597209,0.0,0.0010475369270775707,0.0010474869197955629,0.0018082321584224701,-0.0004330959618091583
2026-02-25,Promigas,-0.004626012580606984,0.00030192097503517685,-0.00029676507057987186,0.0,0.000259343749298741,0.0010693537817644588,0.0006389970146119595,0.0008826355189085006
2026-02-26,Banco Davivienda PF,0.004146515961848618,-0.00021112549386031397,0.00046493284816539603,0.0,-0.0006454253043854547,-0.0006454751584270469,-0.0003441787287592888,-0.002091907888650894
2026-02-26,Banco de Bogota,-0.012609420674268105,-0.00012994173293359466,0.00046493284816539603,0.0,-0.0005811269192441125,-0.0005811775961336867,-0.0009639876335859297,-0.0006173744201660157
2026-02-26,Celsia,-0.015873352266897806,-5.293751949897247e-05,0.00046493284816539603,0.0,0.00013322310298107535,-0.0004600470289503318,-0.000252543218433857,-0.0007480205148458481
2026-02-26,ETB,-0.004008036717608227,0.00038849190378118425,-6.901839050978313e-05,0.0,-0.0009340869589497405,-0.0015890099158141875,-0.0006790076196193696,-0.00121567302942276
2026-02-26,Ecopetrol,-0.03493804354351269,-8.506608521716761e-05,0.00046493284816539603,0.0,-3.713974719696516e-05,0.0010293150247321693,-0.0005315822474658489,-0.0017201573550701143
2026-02-26,Grupo Bolivar,-0.04041381453713456,-0.00016647850743040305,0.00046493284816539603,0.0,-1.6433540269089178e-05,-1.6483532455638907e-05,-0.0008589713498950005,-0.000374132364988327
2026-02-26,Mineros SA,-0.011346113942781677,0.00028595618492024223,0.00046493284816539603,0.0,0.0002840318559088718,0.000653072503713669,-7.749670743942259e-05,0.0007761271893978118
2026-02-26,Nutresa,0.0,3.5122842477950684e-05,0.00046493284816539603,0.0,0.0010475369270775707,0.0010474869197955629,0.0007621381133794783,-0.0002452159114181995
2026-02-26,Promigas,-0.01872130403070239,0.00013848702391986638,0.0005647330494452452,0.0,0.000259343749298741,0.001497647599543882,0.00016375251114368437,0.000698923721909523
2026-02-27,Banco Davivienda PF,-0.02655641736143271,-0.0008715532270371331,-0.0015205482532770927,0.0,-0.0006454253043854547,-0.0006454751584270469,-0.0010146467238664626,-0.0034575145244598385
2026-02-27,Banco de Bogota,0.012609420674268084,0.00022533499170872333,0.0008403911165257287,0.0,-0.0005811269192441125,-0.0005811775961336867,-0.0010312337614595888,-0.0006790854036808014
2026-02-27,Celsia,-0.03355675197000739,-9.355195767463173e-05,0.0008052784226018873,0.0,0.00013322310298107535,0.0020945284534809937,-0.0001365216635167599,-0.00017721593379974366
2026-02-27,ETB,0.0,0.000396443789385051,-0.0020544994919522714,0.0,-0.0009340869589497405,-0.0004753005446339385,-0.0009337348192930223,-0.0023328596651554104
2026-02-27,Ecopetrol,-0.00445434933289598,0.00040698211565342083,0.0007903446988006059,0.0,-3.713974719696516e-05,-0.002901129087852717,0.0006754928007721901,0.001370618999004364
2026-02-27,Grupo Bolivar,-0.018801110128775184,0.00038832370516024876,0.0007903446988006059,0.0,-1.6433540269089178e-05,-1.6483532455638907e-05,0.0008330668210983275,0.0033493016064167027
2026-02-27,Mineros SA,0.050566861767038326,-0.0007251056364570098,-0.000415618634578213,0.0,0.0002840318559088718,0.0012643582899070271,-6.302757561206816e-05,0.00017213436588644983
2026-02-27,Nutresa,0.0,-0.0007739713142643746,-0.0015205482532770927,0.0,0.0010475369270775707,0.0010474869197955629,0.00044831717014312734,-0.0017665871381759644
2026-02-27,Promigas,0.007843161418998483,-0.0005051064197290742,-6.61654538042795e-05,0.0,0.000259343749298741,0.004657990598904686,0.00017027577385306358,0.0009755938574671745
2026-03-02,Banco Davivienda PF,-0.033852710434127284,4.8098824255711956e-05,0.00042697888319283175,0.0,-0.0006454253043854547,-0.0006454751584270469,0.0002710899487137795,5.7284083217382444e-05
2026-03-02,Banco de Bogota,-0.05701661672964823,0.00019768182013294195,8.631107451296334e-05,0.0,-0.0005811269192441125,-0.0005811775961336867,-0.0013014059513807297,-0.0019890571832656863
2026-03-02,Celsia,-0.06958405578294408,0.0005785201394060256,0.0011375514350819964,0.0,0.00013322310298107535,0.0023667232080785104,0.0007113377004861832,0.0029318608194589613
2026-03-02,ETB,-0.03473282332187699,0.0005144745070242884,-0.0017072927556708807,0.0,-0.0009340869589497405,-0.0012904257115934127,-0.00048346307873725885,-0.002358163058757782
2026-03-02,Ecopetrol,0.017699573086962902,-3.6560856846487625e-05,-0.00045493118491089774,0.0,-3.713974719696516e-05,-0.00039963645014833433,-0.0005732141882181168,-0.00014091113582253458
2026-03-02,Grupo Bolivar,-0.031442483062343436,0.0007186103289891851,0.0008645263781319,0.0,-1.6433540269089178e-05,-1.6483532455638907e-05,0.00032120727002620696,0.002874131709337234
2026-03-02,Mineros SA,-0.014903456115027003,9.567162097198145e-05,-0.00015186426964424157,0.0,0.0002840318559088718,-0.003954463441828504,-0.002255389377474785,-0.0035315975546836853
2026-03-02,Nutresa,-0.001958864485333034,-0.0006703892400612882,-0.0011733415169957015,0.0,0.0010475369270775707,0.0010474869197955629,0.0008573442474007606,-0.0014246525913476943
2026-03-02,Promigas,-0.02531782003954147,-0.0004775747724902489,-0.000981058579646813,0.0,0.000259343749298741,-0.0004347639226472947,-0.0005107791349291802,-0.0011170077323913576
2026-03-03,Banco Davivienda PF,0.021022883701409013,0.00373867462477141,0.004379989332915167,0.0,-0.0006454253043854547,-0.0006454751584270469,-0.0011231509894132615,0.00021621304750442497
2026-03-03,Banco de Bogota,-0.015942902840916845,0.0063303197304414765,0.006610590643911926,0.0,-0.0005811269192441125,-0.0005811775961336867,0.00018090440332889558,0.0018735457807779314
2026-03-03,Celsia,0.08293804601566666,0.014107979302931627,0.018495125670127656,0.0,0.00013322310298107535,0.0042087055508445645,0.0010729544013738633,0.007270717561244963
2026-03-03,ETB,0.0,0.004632597752266245,0.004963415372383182,0.0,-0.0009340869589497405,0.008675976604919701,-0.00039944311976432815,-0.0015132476538419724
2026-03-03,Ecopetrol,-0.028923090698031867,0.002840091611645719,0.0016605009612131415,0.0,-3.713974719696516e-05,0.0014183149256481852,-0.001302650388330221,-0.005506324589252471
2026-03-03,Grupo Bolivar,-0.04653129414856817,0.004077992213736368,0.003269221635808052,0.0,-1.6433540269089178e-05,-1.6483532455638907e-05,0.0005350512713193894,0.002019300982356072
2026-03-03,Mineros SA,-0.0662082746609897,0.003185467373669866,0.0021219334711117454,0.0,0.0002840318559088718,0.0015642168320443997,0.00036811608448624616,-0.004905702352523804
2026-03-03,Nutresa,-0.019802627296179754,0.0023791884039183007,0.001352260716180722,0.0,0.0010475369270775707,0.0010474869197955629,-0.0009562385901808739,-0.00421751755475998
2026-03-03,Promigas,-0.030921946205451176,0.0029765211464869283,0.0026524369465252403,0.0,0.000259343749298741,0.0056729032179856816,0.00044045340269804005,-0.0016509950608015061
2026-03-04,Banco Davivienda PF,0.0,-2.9983198540956933e-05,-0.000971339966328664,0.0,-0.0006454253043854547,-0.0006454751584270469,-0.0007917865961790084,-0.0016027573645114898
2026-03-04,Banco de Bogota,0.0,0.0012885419009704237,0.0005936599978832709,0.0,-0.0005811269192441125,-0.0005811775961336867,-0.00019084477424621577,0.001752183899283409
2026-03-04,Celsia,0.0,-0.0035130037800596135,-0.003175894069660495,0.0,0.00013322310298107535,-0.014854018311146683,-0.0020972197651863097,-0.0026011267602443697
2026-03-04,ETB,0.0,0.00035395084406870286,-7.840876833007327e-05,0.0,-0.0009340869589497405,0.001311705162648947,0.0005789913982152939,-0.001156454861164093
2026-03-04,Ecopetrol,0.0,0.00041767732091814306,0.00034839544029309055,0.0,-3.713974719696516e-05,-0.002407541921049652,0.0010295834541320802,4.011433944106102e-05
2026-03-04,Grupo Bolivar,0.0,0.0021553556872231667,-0.002075898966589793,0.0,-1.6433540269089178e-05,-1.6483532455638907e-05,0.0021919506788253785,0.005674356579780578
2026-03-04,Mineros SA,0.0,0.011580574145326417,0.011033122194897932,0.0,0.0002840318559088718,0.005888846667724391,0.0028581832051277163,0.0046667963862419126
2026-03-04,Nutresa,0.0,0.001320134863294846,0.0010739017159835354,0.0,0.0010475369270775707,0.0010474869197955629,0.002052265211939812,0.0008422463089227677
2026-03-04,Promigas,0.0,0.0005338862192707812,0.0008745228350290061,0.0,0.000259343749298741,0.008221398186935515,0.002175748869776726,0.0023056277185678478
2026-03-05,Banco Davivienda PF,0.0,0.0003751814587166693,0.00021233250552525948,0.0,-0.0006454253043854547,-0.0006454751584270469,0.00030363882705569266,-0.0014585957005620004
2026-03-05,Banco de Bogota,0.03764426801926453,0.0005629519072943225,0.00022937855675895846,0.0,-0.0005811269192441125,-0.0005811775961336867,-0.0005651663616299629,0.00015428172051906586
2026-03-05,Celsia,-0.028987492412659372,1.0966569781103504e-05,0.00017202085584008624,0.0,0.00013322310298107535,0.00606548334008231,0.0021937916874885557,-0.0015901805609464647
2026-03-05,ETB,0.13405103984381012,0.00039901422088303576,0.0008597213023547129,0.0,-0.0009340869589497405,0.0038924683209987164,-8.814653009176254e-05,-0.0015675063133239748
2026-03-05,Ecopetrol,0.06763759434594262,0.0003887111394718402,0.0012156644945518396,0.0,-3.713974719696516e-05,-3.411244295231479e-05,-0.0001579230278730393,-0.0008504042923450471
2026-03-05,Grupo Bolivar,0.029838642525607112,0.00253183646536171,0.0013973797775606227,0.0,-1.6433540269089178e-05,-1.6483532455638907e-05,0.00020906943082809449,0.002302723854780197
2026-03-05,Mineros SA,-0.10595479008118905,-7.678549061485982e-05,0.0020722192330465744,0.0,0.0002840318559088718,0.00030796190713803167,1.7822273075580594e-05,0.0015538508743047717
2026-03-05,Nutresa,0.0,0.001580062859770043,0.001151701737190402,0.0,0.0010475369270775707,0.0010474869197955629,0.0004200865328311921,0.0003503040373325348
2026-03-05,Promigas,0.07787891307208832,0.0006951573050210895,0.0013973797775606227,0.0,0.000259343749298741,0.0020473140108109257,0.00045844312012195584,0.000558106005191803
2026-03-06,Banco Davivienda PF,-0.05454557574005267,-0.00017570552045931238,0.0005856307061823559,0.0,-0.0006454253043854547,-0.0006454751584270469,0.0009126532822847366,0.0007848039865493773
2026-03-06,Banco de Bogota,-0.07138506391733451,-0.0008045076198752181,-0.0010384173143808567,0.0,-0.0005811269192441125,-0.0005811775961336867,-0.0002194390594959259,-0.0003316478952765465
2026-03-06,Celsia,0.022846248188101846,-0.003510023963589853,-0.006059613973048511,0.0,0.00013322310298107535,0.005176925578070274,0.0028118480704724786,0.0029512280225753784
2026-03-06,ETB,0.0,-0.0012811049159220827,0.00045730735616835577,0.0,-0.0009340869589497405,-0.03592460238344288,-0.0015465970933437347,-0.0032128794491291046
2026-03-06,Ecopetrol,0.022941617154989994,-0.002327970293581253,-0.0017631803985904448,0.0,-3.713974719696516e-05,0.005516230081789476,-0.000443418551236391,-0.0014912060201168061
2026-03-06,Grupo Bolivar,-0.015048646643354275,-4.409561447374743e-05,-0.0009810596134619842,0.0,-1.6433540269089178e-05,-1.6483532455638907e-05,8.688569441437722e-05,0.0012931465357542038
2026-03-06,Mineros SA,-0.019208338946744053,0.013929237539904393,0.017030161906812162,0.0,0.0002840318559088718,0.009239194087753134,0.005522945791482925,0.011673989295959471
2026-03-06,Nutresa,0.014560151331329652,-0.0001670496811176367,0.0005856307061823559,0.0,0.0010475369270775707,0.0010474869197955629,0.001483470618724823,0.002177916884422302
2026-03-06,Promigas,-0.021639146827095817,-0.0025865392326488304,-0.0017631803985904448,0.0,0.000259343749298741,-0.01624268095456803,-0.0006735706031322479,-0.0012388469763100149
2026-03-09,Banco Davivienda PF,0.007547205635382904,0.0022495460449409046,0.0008127671061262458,0.0,-0.0006454253043854547,-0.0006454751584270469,0.002604274436831475,0.0062090720534324646
2026-03-09,Banco de Bogota,0.06838499799417108,0.014212449769867455,0.011198665544845271,0.0,-0.0005811269192441125,-0.0005811775961336867,0.0036053675115108484,0.007623949289321899
2026-03-09,Celsia,0.024341978155401837,-0.0032613241366915013,-0.0019391606005128752,0.0,0.00013322310298107535,-0.005023695020479359,-0.0006517314799129963,-0.0005332411974668502
2026-03-09,ETB,0.0,-0.0025486187438540984,-0.0027536968327548333,0.0,-0.0009340869589497405,-0.01036515789282491,0.00260071536898613,-0.0028994102478027343
2026-03-09,Ecopetrol,-0.014538208167512152,-0.0008977091008839955,-0.0015403754123550473,0.0,-3.713974719696516e-05,0.0018484771806587606,0.00069309563934803,-0.0031008277535438536
2026-03-09,Grupo Bolivar,0.02847165183463861,0.00011721300513313578,-0.0017177757147546773,0.0,-1.6433540269089178e-05,-1.6483532455638907e-05,0.001579230710864067,0.002215087503194809
2026-03-09,Mineros SA,0.02039669721549125,-0.0004916507796211906,-0.005689234232397149,0.0,0.0002840318559088718,0.001927087713586873,0.0014299436956644058,0.007120293498039246
2026-03-09,Nutresa,0.0,-0.0005793683183832243,-0.0014981258459514529,0.0,0.0010475369270775707,0.0010474869197955629,0.0014423206597566603,0.0002180691733956337
2026-03-09,Promigas,0.015504155192310992,-0.0006564256825844511,-0.00014509810165953238,0.0,0.000259343749298741,0.001432606629758524,0.0034357005655765533,0.0008421243578195572
2026-03-10,Grupo Bolivar,0.0349078641016501,-5.3158134476919795e-06,0.0005074761715143755,0.0,-1.6433540269089178e-05,-1.6483532455638907e-05,0.001463072136044502,0.0027769358158111573
2026-03-11,Grupo Bolivar,0.03885842058875618,0.00019980332769343746,-0.0015859614869516566,0.0,-1.6433540269089178e-05,-1.6483532455638907e-05,0.0012740803807973862,0.003330515295267105
2026-03-12,Grupo Bolivar,-0.04546250114491984,-0.0028864026162212907,-0.0026254102844747817,0.0,-1.6433540269089178e-05,-1.6483532455638907e-05,-0.0010691468752920628,0.0023142221719026565
2026-03-13,Grupo Bolivar,0.013362216969097973,0.0014939568972127193,0.003175609757740363,0.0,-1.6433540269089178e-05,-1.6483532455638907e-05,0.002480428069829941,0.005821698546409607
2026-03-16,Grupo Bolivar,-0.010402554488506717,0.0008666751122203033,0.0013652972372561508,0.0,-1.6433540269089178e-05,-1.6483532455638907e-05,0.0011771225631237031,0.00126742385327816
2026-03-17,Grupo Bolivar,-0.025790151282700756,0.0003616334362190263,0.0008693220787423183,0.0,-1.6433540269089178e-05,-1.6483532455638907e-05,0.0009355127960443497,0.0026048883497714996
2026-03-18,Grupo Bolivar,0.01412868523892686,0.00048490601875225995,-0.0017276595296628428,0.0,-1.6433540269089178e-05,-1.6483532455638907e-05,0.0006966530978679659,0.0031903718113899236
2026-03-19,Grupo Bolivar,-0.012962963340602098,0.00033750817651885464,0.0003467007879089409,0.0,-1.6433540269089178e-05,-1.6483532455638907e-05,0.00017046605795621874,-0.0005876893997192382
2026-03-20,Grupo Bolivar,0.047324427399019944,-0.0005969320859342601,-0.0007493682361658119,0.0,-1.6433540269089178e-05,-1.6483532455638907e-05,0.0007003629133105277,-0.000460971862077713
2026-03-24,Grupo Bolivar,-0.010050267048436562,-0.0011586885511166932,-0.0029238089849574034,0.0,-1.6433540269089178e-05,-1.6483532455638907e-05,-0.0010936558842658997,-0.006102091670036317
2026-03-25,Grupo Bolivar,-0.006982748489427851,-0.0031135970229943617,-0.003112586862010102,0.0,-1.6433540269089178e-05,-1.6483532455638907e-05,0.0007504597380757332,-0.0023063265532255175
2026-03-26,Grupo Bolivar,-0.007942798260993908,-0.000610393699294424,-0.0007303928548416058,0.0,-1.6433540269089178e-05,-1.6483532455638907e-05,0.00042816789448261257,0.00015804579854011538
2026-03-27,Grupo Bolivar,-0.007547244114567033,-0.00033250688170102197,0.0003339983314491042,0.0,-1.6433540269089178e-05,-1.6483532455638907e-05,0.00010163785517215735,0.0013218829333782197
2026-03-30,Grupo Bolivar,-0.02463532990780074,-0.00017235589938677338,0.0012899070854765808,0.0,-1.6433540269089178e-05,-1.6483532455638907e-05,0.0006324771344661713,0.0011004327684640883
2026-03-31,Grupo Bolivar,-0.007320610841266417,0.0004966308196478107,0.0032617223110072125,0.0,-1.6433540269089178e-05,-1.6483532455638907e-05,0.0007504282332956791,0.002304624885320663
2026-04-01,Grupo Bolivar,0.022267166709262296,-4.696951110110413e-05,0.0012211278321125985,0.0,-1.6433540269089178e-05,-1.6483532455638907e-05,0.0006116197854280472,0.002937987506389618
2026-04-02,Grupo Bolivar,0.0,-0.0003472196252593622,-8.532056012303193e-05,0.0,-1.6433540269089178e-05,-1.6483532455638907e-05,0.0004108491241931915,0.001123736411333084
2026-04-03,Grupo Bolivar,0.0,-0.0028796012517314463,-0.0016719313932116386,0.0,-1.6433540269089178e-05,-1.6483532455638907e-05,-0.0005299886763095855,7.681286334991449e-05
2026-04-06,Grupo Bolivar,-0.02916470695543206,-9.353987291905888e-05,3.9719392083497814e-05,0.0,-1.6433540269089178e-05,-1.6483532455638907e-05,0.00022501257061958313,0.0004148396439850331
2026-04-07,Grupo Bolivar,-0.01757596486138769,0.0008977243962135184,0.001618623920148949,0.0,-1.6433540269089178e-05,-1.6483532455638907e-05,0.0015263951569795607,0.005163320481777192
2026-04-08,Grupo Bolivar,0.015664845201376232,0.0006528154972122213,0.0017716232648908974,0.0,-1.6433540269089178e-05,-1.6483532455638907e-05,0.00017664527520537372,0.005422386705875397
2026-04-09,Grupo Bolivar,-0.0015481375312646978,7.747759863789458e-05,0.00039786370926946546,0.0,-1.6433540269089178e-05,-1.6483532455638907e-05,-0.00048493564501404763,0.001833038717508316
2026-04-10,Grupo Bolivar,0.0,-0.002602023048392837,-0.0015348285412964263,0.0,-1.6433540269089178e-05,-1.6483532455638907e-05,-0.0016506526619195939,0.0004939357936382294
2026-04-13,Grupo Bolivar,0.0,0.00032068712602217544,0.0006657980831733366,0.0,-1.6433540269089178e-05,-1.6483532455638907e-05,0.000451237078756094,-1.6666438430547715e-05
2026-04-14,Grupo Bolivar,0.0,-0.0007047678597567485,-0.00045629032982072367,0.0,-1.6433540269089178e-05,-1.6483532455638907e-05,-0.0003514392711222172,0.0005674877911806106
2026-04-15,Grupo Bolivar,0.0009603542556337262,-0.00027658408118814027,3.9719392083497814e-05,0.0,-1.6433540269089178e-05,-1.6483532455638907e-05,-0.00014477558806538587,0.001883486866950989
2026-04-16,Grupo Bolivar,0.005265620448766998,-0.0008258429292428363,-0.000974245425187303,0.0,-1.6433540269089178e-05,-1.6483532455638907e-05,-0.000435355432331562,0.0011705925464630125
2026-04-17,Grupo Bolivar,-0.008149454493019124,-1.6979936518935465e-06,0.0002980635079896163,0.0,-1.6433540269089178e-05,-1.6483532455638907e-05,-0.00015722776949405668,0.0013530982732772828
2026-04-20,Grupo Bolivar,-0.0012041998289500776,0.00018696122917940302,0.0007978608609225207,0.0,-1.6433540269089178e-05,-1.6483532455638907e-05,0.0007334324419498443,0.002293551743030548
2026-04-21,Grupo Bolivar,0.011499908843784587,-0.0026295480523818296,-0.0025608816636220224,0.0,-1.6433540269089178e-05,-1.6483532455638907e-05,-0.0008707500994205475,0.00044361871480941777
2026-04-22,Grupo Bolivar,-0.007171882832030143,-0.00027531061453117797,3.9719392083497814e-05,0.0,-1.6433540269089178e-05,-1.6483532455638907e-05,0.0004773959815502167,-0.0001516837812960148
2026-04-23,Grupo Bolivar,-0.023547621924993694,-0.0003777725321116345,-0.000321290781796607,0.0,-1.6433540269089178e-05,-1.6483532455638907e-05,0.0007098053097724915,0.001097221106290817
2026-04-24,Banco Davivienda PF,-0.0007996801705642901,-0.0005431364846965797,9.84574418789583e-05,0.0,-0.0006454253043854547,-0.0006454751584270469,7.081202790141103e-05,0.0006432575695216657
2026-04-24,Banco de Bogota,0.005165438741606924,-8.918582284016492e-05,0.0008067728787247577,0.0,-0.0005811269192441125,-0.0005811775961336867,0.00017921017110347748,0.002216243088245392
2026-04-24,Celsia,-0.0226424809693875,-4.2845156776904034e-05,0.0008641305796436297,0.0,0.00013322310298107535,0.0031633940658815766,0.0008678227439522743,0.0028064255714416505
2026-04-24,ETB,0.0,-0.000747139311927788,-0.0015404234154951012,0.0,-0.0009340869589497405,-0.0026794856146696894,-0.0002367923110723495,-0.0010490743815898896
2026-04-24,Ecopetrol,-0.0016280019875715987,-0.0006260436618056932,-0.0010064721768199216,0.0,-3.713974719696516e-05,0.0009256646533544227,0.0004952245950698852,-0.0025658037662506105
2026-04-24,Grupo Bolivar,-0.011363894582648389,0.0011887019777085126,0.00187049969247981,0.0,-1.6433540269089178e-05,-1.6483532455638907e-05,0.001394854485988617,0.003285842448472977
2026-04-24,Mineros SA,-0.011494398779607534,-0.00021044522785812887,-0.0005462548655671624,0.0,0.0002840318559088718,0.0004282945471512222,-9.361073374748225e-06,0.001946113854646683
2026-04-24,Nutresa,-0.014718172474021534,0.00046271584093243517,5.725463693513249e-05,0.0,0.0010475369270775707,0.0010474869197955629,0.0012680972516536714,0.001043150842189789
2026-04-24,Promigas,-0.009049801977159622,-0.0006032385897678781,-0.0010064721768199216,0.0,0.000259343749298741,0.000524048973914211,0.0006467191129922867,-0.00032436545193195346
2026-04-27,Banco Davivienda PF,-0.018571385585435342,-0.0005471875942875372,-0.0011509191096700617,0.0,-0.0006454253043854547,-0.0006454751584270469,-0.0003805600218474865,-0.0002892604544758796
2026-04-27,Banco de Bogota,-0.006803346031434227,-0.0002687730960528069,-0.0004159225206017592,0.0,-0.0005811269192441125,-0.0005811775961336867,-0.0007190536111593246,-0.0002976097762584686
2026-04-27,Celsia,-0.007662874195389922,0.0003163079274790211,0.0010425182067638624,0.0,0.00013322310298107535,0.0007661073214606598,0.0006321090012788772,0.0033567041754722594
2026-04-27,ETB,0.0,-0.0008253469103014559,-0.0016848703483452409,0.0,-0.0009340869589497405,-0.00213666265948903,-0.0002216458767652512,-0.0014609180986881257
2026-04-27,Ecopetrol,-0.03523680609944408,-0.0006873925345683196,-0.0011509191096700617,0.0,-3.713974719696516e-05,-0.0001677063229440688,0.0006328813284635544,-0.002022320970892906
2026-04-27,Grupo Bolivar,-0.021851898452434786,-0.00010929360921159661,0.0007370623802519502,0.0,-1.6433540269089178e-05,-1.6483532455638907e-05,0.0009987460076808928,0.0024130047857761384
2026-04-27,Mineros SA,-0.011627986415446658,-0.00011232006920658946,0.0005960071122476112,0.0,0.0002840318559088718,0.0012768576427493246,-6.048779934644704e-05,0.0017222033441066744
2026-04-27,Nutresa,0.014783105430766552,-0.0002366475003598267,0.00011118075245386486,0.0,0.0010475369270775707,0.0010474869197955629,0.001704918399453163,0.0019190641045570371
2026-04-27,Promigas,-0.013730179856000037,-0.000519229658004287,-4.598949097118126e-05,0.0,0.000259343749298741,0.0023416087421927814,0.0009033169895410538,0.00017137521132826807
2026-04-28,Banco Davivienda PF,-0.0024479816386400017,-0.00039156075520425807,0.00022419132742523135,0.0,-0.0006454253043854547,-0.0006454751584270469,0.0003315700218081474,0.00021173540875315668
2026-04-28,Banco de Bogota,-0.021064473191741585,-0.000442062209744178,-0.00022161187875801674,0.0,-0.0005811269192441125,-0.0005811775961336867,-4.099642112851143e-05,-0.0011559168770909308
2026-04-28,Celsia,0.0,-0.00019147651231896277,0.00045433370872342816,0.0,0.00013322310298107535,-0.001441086900549165,0.00011860526725649835,0.0009854684099555016
2026-04-28,ETB,0.0,-0.0011871690066988841,-0.002032077084626632,0.0,-0.0009340869589497405,-0.001965536019732569,-0.0003609929680824279,-0.002949676245450974
2026-04-28,Ecopetrol,0.012578782206860185,0.0007308123599445574,0.001092823116785669,0.0,-3.713974719696516e-05,-0.0029256455499626095,0.0015354856401681902,0.0014200453758239748
2026-04-28,Grupo Bolivar,-0.012263744393913473,-7.815550197675294e-05,0.0003151192095932256,0.0,-1.6433540269089178e-05,-1.6483532455638907e-05,0.0011804086193442343,0.002703849524259567
2026-04-28,Mineros SA,-0.005865129110539897,-0.00044440648798534137,0.00012437878491905756,0.0,0.0002840318559088718,0.0012881181265011633,-0.00019579976052045821,0.0008452261798083782
2026-04-28,Nutresa,-0.0006495193785115101,0.0002559602899142212,-0.0004343990321963991,0.0,0.0010475369270775707,0.0010474869197955629,0.0006182359382510185,-0.001133981466293335
2026-04-28,Promigas,-0.029620281216055755,-0.0004135571113403134,6.70210840001853e-05,0.0,0.000259343749298741,0.0037555648263546642,0.0007913499772548675,7.616188377141952e-05
2026-04-29,Banco Davivienda PF,-0.0494030970724705,-0.00014100180702177802,-0.0006367838497101793,0.0,-0.0006454253043854547,-0.0006454751584270469,-0.0003222287148237228,-0.0006633611023426055
2026-04-29,Banco de Bogota,0.0010638075326535458,8.14418105316133e-05,0.0007162438945817407,0.0,-0.0005811269192441125,-0.0005811775961336867,0.0006289430558681488,0.0009545321762561799
2026-04-29,Celsia,-0.04927108353887882,-9.901352318859814e-05,-0.0006367838497101793,0.0,0.00013322310298107535,-0.0008151454163586957,0.0004760705605149269,-0.000174222145229578
2026-04-29,ETB,-0.0279087881170765,-0.0008074776042936656,-0.001630952399638118,0.0,-0.0009340869589497405,-0.0018375303440187382,-5.4366663098335275e-05,-0.0025821523070335387
2026-04-29,Ecopetrol,0.0408219945202552,-4.598287131896977e-05,-0.0005708737662270223,0.0,-3.713974719696516e-05,0.000998102709986364,0.0003320654332637787,-0.0015272583365440369
2026-04-29,Grupo Bolivar,0.0,0.0002745904596904223,0.0008002827477231156,0.0,-1.6433540269089178e-05,-1.6483532455638907e-05,0.0006975419819355011,0.0022130347192287443
2026-04-29,Mineros SA,-0.04512043638518008,-3.175065482585028e-05,-0.0006367838497101793,0.0,0.0002840318559088718,0.0008023504082655168,-0.0003441899940371513,0.0005644901096820831
2026-04-29,Nutresa,-0.0029932349261174627,0.0006981502474984747,-3.327434720788433e-05,0.0,0.0010475369270775707,0.0010474869197955629,0.0014497230574488638,-0.0002057482898235321
2026-04-29,Promigas,0.0031595222419277223,0.0019546196886266586,0.0024996023122417165,0.0,0.000259343749298741,0.007520940647525601,0.0018046737462282178,0.0030743195414543152
2026-04-30,Banco Davivienda PF,-0.012089957277918272,0.002898440191715494,0.0016393643416999064,0.0,-0.0006454253043854547,-0.0006454751584270469,0.0005354740470647811,0.0025456945300102235
2026-04-30,Banco de Bogota,0.008997223899411067,-0.00031907232338153303,-0.0007015037222054755,0.0,-0.0005811269192441125,-0.0005811775961336867,-0.0016499039083719253,-0.002676751792430878
2026-04-30,Celsia,0.008048334982095982,0.001809699982910924,0.0004512799458549428,0.0,0.00013322310298107535,0.005293330744445339,0.0009200168401002883,0.0030152638554573064
2026-04-30,ETB,0.0,0.0011310657259409212,0.0020549598483589194,0.0,-0.0009340869589497405,0.006021329765093748,-0.00034197894483804705,-0.0015470971763134
2026-04-30,Ecopetrol,0.03922071315328133,-0.0009787686024229922,-0.0026682563758432093,0.0,-3.713974719696516e-05,0.003315741352433895,-0.0006220291331410408,-0.006704720973968506
2026-04-30,Grupo Bolivar,-0.010595811665641957,-0.00027558964425150866,-0.0007945677170122371,0.0,-1.6433540269089178e-05,-1.6483532455638907e-05,-0.00026031041145324716,-0.0014723587781190872
2026-04-30,Mineros SA,0.0451204363851801,0.000621878434004509,0.000575637527944853,0.0,0.0002840318559088718,0.004111292489341331,0.0008309055715799332,0.0030051444172859198
2026-04-30,Nutresa,0.0,-0.00022043698153401825,-0.0011685659373699073,0.0,0.0010475369270775707,0.0010474869197955629,4.416069760918621e-05,-0.002334418296813965
2026-04-30,Promigas,-0.0031595222419277228,3.4656009471728016e-05,0.0002757641531853825,0.0,0.000259343749298741,0.0012073795280625314,-0.0004268373772501945,-0.0014273999035358427
2026-05-04,Banco Davivienda PF,0.01123121956950048,0.0016436744887495904,0.0008059433841830786,0.0,-0.0006454253043854547,-0.0006454751584270469,0.001174635022878647,0.0033131355643272395
2026-05-04,Banco de Bogota,-0.023455269580374326,-0.0005252050426604813,-0.0004338679224950836,0.0,-0.0005811269192441125,-0.0005811775961336867,0.00032834880053997037,-9.428599849343299e-05
2026-05-04,Celsia,-0.002006043963580702,0.0013698819315542915,0.00034190011050859117,0.0,0.00013322310298107535,-0.004749690896218946,0.0005829563289880752,0.0022022539377212526
2026-05-04,ETB,0.0,-0.00012859589469237751,0.0009319312064191731,0.0,-0.0009340869589497405,0.00039548756843145764,0.0010944034829735757,0.0007686810195446014
2026-05-04,Ecopetrol,0.007662872745569097,-0.0008713790646015677,-0.0020579159430582964,0.0,-3.713974719696516e-05,0.003184340167173898,0.0007808734625577927,-0.0027908562123775483
2026-05-04,Grupo Bolivar,0.0012981037320353745,-0.00012470784819748054,0.00027981598944716314,0.0,-1.6433540269089178e-05,-1.6483532455638907e-05,0.0015074286758899687,0.002279396057128906
2026-05-04,Mineros SA,-0.0029455151015628546,-0.00042845974917251635,-0.0015427984457390379,0.0,0.0002840318559088718,-0.0034953686750652684,-0.0005945142433047294,0.0002546536885201931
2026-05-04,Nutresa,0.0,-0.00023871439365622392,-0.0004338679224950836,0.0,0.0010475369270775707,0.0010474869197955629,0.001837034687399864,0.0014076431542634964
2026-05-04,Promigas,-0.014342862113005703,-0.00020600628439687072,-0.00024158498514619643,0.0,0.000259343749298741,0.0012085727122488573,0.0018583631664514544,0.001486047774553299
2026-05-05,Banco Davivienda PF,0.0,3.0005967734371192e-05,-0.0009327192617588517,0.0,-0.0006454253043854547,-0.0006454751584270469,-0.0015768851339817047,-0.0015752256959676743
2026-05-05,Banco de Bogota,0.0,-4.2173531517948765e-05,0.00036295078161419515,0.0,-0.0005811269192441125,-0.0005811775961336867,-0.0008506319522857666,0.00010552231222391129
2026-05-05,Celsia,0.0,-0.00037429120210550113,-0.0009900769626777239,0.0,0.00013322310298107535,0.00011114754656243978,-0.0004656438007950783,-0.0007283704429864883
2026-05-05,ETB,0.0,-0.0005706147775367045,-0.0003426881658482714,0.0,-0.0009340869589497405,0.0026557509163520126,-0.0012288669496774672,-0.002168929934501648
2026-05-05,Ecopetrol,0.0,-0.0012297101831984269,-0.0023309099665418383,0.0,-3.713974719696516e-05,0.0005947030681949762,-0.0005280873328447342,-0.005630893886089325
2026-05-05,Grupo Bolivar,0.0,-0.0004355740410431312,-0.0009900769626777239,0.0,-1.6433540269089178e-05,-1.6483532455638907e-05,-0.0010274766720831394,-0.0010418545603752137
2026-05-05,Mineros SA,0.0,-0.0009483497034258189,-0.0022384272304728,0.0,0.0002840318559088718,0.0005562477962744063,-3.522351756691933e-05,-0.0020427805930376053
2026-05-05,Nutresa,0.0,-0.0004809365813198557,-0.0011823599000266123,0.0,0.0010475369270775707,0.0010474869197955629,-0.0005203334167599678,-0.0013111169189214708
2026-05-05,Promigas,0.0,-0.00018610645650746227,0.00017221035694002702,0.0,0.000259343749298741,0.0036423354568040256,-0.0006885433383286,0.00022705580666661264
2026-05-06,Banco Davivienda PF,-0.0795416877296199,-8.59679189062524e-05,-9.713805229605672e-05,0.0,-0.0006454253043854547,-0.0006454751584270469,0.00014137881249189373,-9.047748148441315e-05
2026-05-06,Banco de Bogota,0.011263221992248393,-0.0002043992892410578,0.00022569650767431592,0.0,-0.0005811269192441125,-0.0005811775961336867,-0.0005379212275147438,0.000842928484082222
2026-05-06,Celsia,-0.0060422910185152735,0.00019887001466941697,0.00034717931505013065,0.0,0.00013322310298107535,0.0004059709361503363,0.0008617760241031646,0.001379046380519867
2026-05-06,ETB,-0.00947874395454377,-3.8411831037910005e-05,0.000994568111879584,0.0,-0.0009340869589497405,0.0006070855500266126,-4.9160122871398884e-05,-2.1878771483898144e-05
2026-05-06,Ecopetrol,-0.05693392175235181,-0.0004239580504916791,0.00015489637770124318,0.0,-3.713974719696516e-05,-3.4112442952314816e-05,0.0010159408375620843,-0.0004613600559532641
2026-05-06,Grupo Bolivar,0.0015556679635290744,-0.00037387780092910835,-9.713805229605672e-05,0.0,-1.6433540269089178e-05,-1.6483532455638907e-05,0.0005328789614140988,0.00048122831806540485
2026-05-06,Mineros SA,0.010271567248688595,-0.00065932577796819,0.00015489637770124318,0.0,0.0002840318559088718,0.0003079619071380317,0.0007830732688307761,0.000736637596040964
2026-05-06,Nutresa,-0.02293950697215652,-0.0004259987634159438,-0.00028942098964494393,0.0,0.0010475369270775707,0.0010474869197955629,0.0011311744153499604,0.00022323489934206008
2026-05-06,Promigas,0.011173325641743396,-0.00016658859619313478,-9.713805229605672e-05,0.0,0.000259343749298741,0.0010509065414503963,0.0011561496816575526,0.0012688859105110168
2026-05-07,Banco Davivienda PF,-0.001862197931064651,0.015625590898967815,0.013815641296074372,0.0,-0.0006454253043854547,-0.0006454751584270469,0.0006199881285429001,0.0066447175145149225
2026-05-07,Banco de Bogota,-0.011802784180430088,-0.0010549324126717036,-0.0019019108958627019,0.0,-0.0005811269192441125,-0.0005811775961336867,-0.002638471573591232,-0.004642135620117187
2026-05-07,Celsia,-0.01015239894874833,-0.0006264772997260237,-0.0010176888846630471,0.0,0.00013322310298107535,0.0007919109433081245,-0.0017223409414291381,-0.0022325384020805356
2026-05-07,ETB,0.0,-0.0007835773362554616,-8.166712507539209e-05,0.0,-0.0009340869589497405,0.0019085915174967233,-0.0025482120066881177,-0.003088521897792816
2026-05-07,Ecopetrol,-0.01834913866819654,0.0026646598968337334,0.0027102654025512075,0.0,-3.713974719696516e-05,-0.004706111352111565,0.0006740668416023254,0.003557072013616562
2026-05-07,Grupo Bolivar,0.01465887380571618,-0.0010578663087023846,-0.0020262684779526127,0.0,-1.6433540269089178e-05,-1.6483532455638907e-05,-0.0014816619157791138,-0.003729918718338013
2026-05-07,Mineros SA,0.09729886897287436,-0.0011010669971155173,-0.0020262684779526127,0.0,0.0002840318559088718,-0.0005578578626576014,-0.0016704497933387754,-0.00447705078125
2026-05-07,Nutresa,0.015351323770010757,0.00016153186032445393,0.0005827690174432486,0.0,0.0010475369270775707,0.0010474869197955629,-0.0009224295280873776,-0.001017130572348833
2026-05-07,Promigas,0.0,-0.0010742951794694183,-0.0019019108958627019,0.0,0.000259343749298741,-0.0019443143286100634,-0.0017561729550361637,-0.004268980801105498
2026-05-08,Banco Davivienda PF,-0.015970278364491674,-0.0037834493912475642,-0.008349823513409156,0.0,-0.0006454253043854547,-0.0006454751584270469,-0.002215646892786026,0.0014821685999631881
2026-05-08,Banco de Bogota,0.009132452318316955,-0.003303725269107885,-0.0013871867827541311,0.0,-0.0005811269192441125,-0.0005811775961336867,-0.0011610564440488816,-0.003158819139003754
2026-05-08,Celsia,-0.010256426402330286,-0.003306369060401682,-0.0054985444520322365,0.0,0.00013322310298107535,0.0006565686457073479,-0.0007068694829940796,-0.0016620489060878755
2026-05-08,ETB,0.0,-0.0034003868081617762,-0.0023851812951037987,0.0,-0.0009340869589497405,-8.021205067696144e-05,-0.0015417978949844838,-0.0034391338825225833
2026-05-08,Ecopetrol,-0.033475929196389455,-0.0023631464723696985,-0.0005531219373621683,0.0,-3.713974719696516e-05,-0.001539843177868444,-0.0008914118483662605,0.001931625723838806
2026-05-08,Grupo Bolivar,-0.0048624544561343104,-0.0035944193365677964,-0.0018512300564286193,0.0,-1.6433540269089178e-05,-1.6483532455638907e-05,-0.0013058578670024873,-0.0045133990645408635
2026-05-08,Mineros SA,0.03896597059303726,-0.002550047594389019,0.00019017999949648157,0.0,0.0002840318559088718,-0.007893637935984755,-0.003369556188583374,-0.006724670469760896
2026-05-08,Nutresa,-0.0019060770173231617,-0.002243085103702965,0.0004531365768372518,0.0,0.0010475369270775707,0.0010474869197955629,-0.001628127485513687,-0.002621107578277588
2026-05-08,Promigas,0.021978877300301423,-0.0035214036575408722,-0.0018512300564286193,0.0,0.000259343749298741,-0.00016475262352639596,-0.001086058296263218,-0.0037326897978782656
2026-05-11,Banco Davivienda PF,-0.029795572693698175,0.0006933360151579174,0.0022462989667727056,0.0,-0.0006454253043854547,-0.0006454751584270469,-0.0005338612981140614,0.0016148129254579546
2026-05-11,Banco de Bogota,-0.010212450862936588,-0.0005697963826281388,-0.00045629032982072367,0.0,-0.0005811269192441125,-0.0005811775961336867,-0.002284317433834076,-0.0033968209624290467
2026-05-11,Celsia,0.010256426402330193,-0.000265883721198339,0.00020003588120265074,0.0,0.00013322310298107535,0.00022667047320619346,-0.0010555700957775118,-0.0005188407488167286
2026-05-11,ETB,0.0,-0.0007500839480613639,-0.0009902415684959025,0.0,-0.0009340869589497405,0.00038873176737220296,-0.0012558875419199467,-0.003017601013183594
2026-05-11,Ecopetrol,0.02521141934649607,0.0011231237845359338,0.0010972397853968236,0.0,-3.713974719696516e-05,-0.002781147951395282,-0.00017094197124242777,0.003980438068509102
2026-05-11,Grupo Bolivar,-0.008646300465231424,-0.00059193923432268,-0.00045629032982072367,0.0,-1.6433540269089178e-05,-1.6483532455638907e-05,-0.0002988548018038273,-0.002707073479890823
2026-05-11,Mineros SA,-0.005108576544215566,-0.0013179686733481085,-0.002080338350383937,0.0,0.0002840318559088718,-0.002976591157832098,-0.00023679499328136452,-0.007283336520195008
2026-05-11,Nutresa,-6.579163790653213e-05,0.00020773512057397538,0.0006074364839343304,0.0,0.0010475369270775707,0.0010474869197955629,-9.479979425668715e-05,-0.0015353431552648544
2026-05-11,Promigas,-0.009360486456007596,-0.0007414802805218417,-0.0004985398962243181,0.0,0.000259343749298741,-0.00456013878030605,-0.0013003143817186355,-0.0044220868349075316
2026-05-12,Banco Davivienda PF,0.004866189651172906,0.001596251908049882,-0.0024295264014244492,0.0,-0.0006454253043854547,-0.0006454751584270469,9.60794426500797e-05,0.003403635859489441
2026-05-12,Banco de Bogota,-0.011956630262795384,-0.0005374638609344854,-6.841189829682132e-05,0.0,-0.0005811269192441125,-0.0005811775961336867,-0.0008205481320619583,-0.0016384264230728147
2026-05-12,Celsia,-0.01438871554398111,-0.0005751502453139491,-0.0011733415169957015,0.0,0.00013322310298107535,-0.001941086464186197,-0.0012107899487018585,-0.0017623542845249176
2026-05-12,ETB,0.0,-0.0008379703965761463,-0.0017072927556708807,0.0,-0.0009340869589497405,-0.0005734592414786128,-0.0008979591727256774,-0.002619962334632874
2026-05-12,Ecopetrol,0.022565059992089725,-2.0383589260892046e-05,-0.0006431158851611625,0.0,-3.713974719696516e-05,0.0020347371999290056,-0.0018088269233703612,-0.0012353375852108002
2026-05-12,Grupo Bolivar,-0.023907590662845552,-0.0006641679012506461,-6.841189829682132e-05,0.0,-1.6433540269089178e-05,-1.6483532455638907e-05,-1.7367858439683912e-05,-0.0010777003541588785
2026-05-12,Mineros SA,-0.04719088194755584,-0.003112291010334643,-0.005433605888619496,0.0,0.0002840318559088718,0.0007385784294667743,0.0005472088307142257,-0.004315421462059021
2026-05-12,Nutresa,0.0032842909185510963,0.00030809169585277354,8.631107451296334e-05,0.0,0.0010475369270775707,0.0010474869197955629,-0.00014815265312790872,-0.0005524249896407127
2026-05-12,Promigas,-0.004713227633843183,-0.0006110074739145542,-6.841189829682132e-05,0.0,0.000259343749298741,0.0013028908649949475,0.0006449905559420586,-0.002248413175344467
2026-05-13,Banco Davivienda PF,0.00869990987554589,0.0009281591858318886,-0.00039757348399202584,0.0,-0.0006454253043854547,-0.0006454751584270469,-0.0015718240439891815,9.570195898413655e-05
2026-05-13,Banco de Bogota,-0.003285804770874289,-0.0005807547481426735,-6.841189829682132e-05,0.0,-0.0005811269192441125,-0.0005811775961336867,-0.0012129871845245363,-0.0006575508266687393
2026-05-13,Celsia,0.027566823655138788,-0.00045296490481515,0.00012387103905206576,0.0,0.00013322310298107535,0.0023760697165079734,-0.0002161056734621525,-0.0002656704261898995
2026-05-13,ETB,0.0,-0.0008198890221528991,-0.0017072927556708807,0.0,-0.0009340869589497405,-0.0011091084933213835,-0.0009234196096658707,-0.0026036385297775267
2026-05-13,Ecopetrol,0.028001829548493135,-0.00024174297615426368,-0.000965950445131535,0.0,-3.713974719696516e-05,0.0018175768913381238,-0.0010652734041213987,-0.003625308930873871
2026-05-13,Grupo Bolivar,-0.0013303619427184634,-0.000262354332499834,0.0003719691646451062,0.0,-1.6433540269089178e-05,-1.6483532455638907e-05,0.0006603248566389084,0.0012951122522354124
2026-05-13,Mineros SA,0.009352055891432806,-0.0019444582881015463,4.187450950449797e-06,0.0,0.0002840318559088718,0.004285816265196416,0.0017698192447423936,0.0022667076587677003
2026-05-13,Nutresa,0.0,7.467783634584092e-05,-0.0001096147032406472,0.0,0.0010475369270775707,0.0010474869197955629,-5.6225698441267e-05,-0.000888360533863306
2026-05-13,Promigas,-0.003154617796143855,-0.000857402816390108,-0.0011733415169957015,0.0,0.000259343749298741,0.0015674435039515025,-7.407183945178985e-05,-0.0016779865920543667
2026-05-14,Banco Davivienda PF,-0.0164972203355777,-0.00012856200062993304,0.00013951959336334704,0.0,-0.0006454253043854547,-0.0006454751584270469,6.511660665273664e-05,0.00011094976589083672
2026-05-14,Banco de Bogota,0.00873848352618183,-0.00016373908947616824,0.00013951959336334704,0.0,-0.0005811269192441125,-0.0005811775961336867,-0.0005605026222765446,0.0006769874095916748
2026-05-14,Celsia,0.009022681324224648,-0.0004675440625188541,-2.5301743200965003e-06,0.0,0.00013322310298107535,-0.003658161961827291,-0.0004331574514508248,-0.0010896885991096496
2026-05-14,ETB,0.009478743954543739,-0.0004817095052881009,-4.991447924549422e-05,0.0,-0.0009340869589497405,-0.0011921322892766526,-0.00017500317469239232,-7.28393942117691e-05
2026-05-14,Ecopetrol,-0.019920977494554428,-0.0005348410915361058,-2.5301743200965003e-06,0.0,-3.713974719696516e-05,0.002263718324337471,-0.00025634500384330745,-0.0026066995263099666
2026-05-14,Grupo Bolivar,0.03736560030567253,-0.00011419562904116642,0.0004623541533337196,0.0,-1.6433540269089178e-05,-1.6483532455638907e-05,0.00021002888306975368,0.0016411838978528978
2026-05-14,Mineros SA,-0.0013306744336535755,-0.00036324204856170425,-0.00015577296130878736,0.0,0.0002840318559088718,-0.0004803496214721753,-0.00015955146402120586,0.0012791146486997604
2026-05-14,Nutresa,-0.020873434519365172,0.0005702119728852875,0.0011034462058385499,0.0,0.0010475369270775707,0.0010474869197955629,0.0011171947866678237,0.001146200880408287
2026-05-14,Promigas,-0.004750545414306899,-0.00030615268767597695,3.9719392083497814e-05,0.0,0.000259343749298741,0.0012858556912049327,0.0006450285464525222,0.00044679646193981166
2026-05-15,Banco Davivienda PF,0.001955034835803295,0.00054505187668335,0.00026653584033396684,0.0,-0.0006454253043854547,-0.0006454751584270469,6.303380429744714e-05,0.0006582137942314147
2026-05-15,Banco de Bogota,-0.0043596966566685005,-0.0005155365104643117,-0.0005054448839965675,0.0,-0.0005811269192441125,-0.0005811775961336867,-0.001335815578699112,-0.001644487738609314
2026-05-15,Celsia,-0.015083282356206875,-0.000430635529307396,-0.0005054448839965675,0.0,0.00013322310298107535,0.0012101912267963944,-7.992498576641097e-06,-0.0026605547964572906
2026-05-15,ETB,0.027908788117076658,2.052141937594132e-05,2.4330691083307062e-05,0.0,-0.0009340869589497405,-0.00397532901093679,-0.0008874625898897647,-0.0017472673058509826
2026-05-15,Ecopetrol,-0.0020140993717012562,-0.00012625298899560726,-0.00014520839566937972,0.0,-3.713974719696516e-05,-0.0016688283075783053,0.0004497208744287491,-0.0009443951100111009
2026-05-15,Grupo Bolivar,-0.030467153205286254,-0.0010759194118982846,-0.002129492904559781,0.0,-1.6433540269089178e-05,-1.6483532455638907e-05,-0.0008467189967632293,-0.0029695785343647006
2026-05-15,Mineros SA,-0.035233990183502734,-0.000570741812390818,-0.0005054448839965675,0.0,0.0002840318559088718,0.0004201282595479786,-0.00012908069044351576,2.8759475797414766e-05
2026-05-15,Nutresa,0.0038095284166676487,-1.6578136354036053e-05,0.0001305316731203751,0.0,0.0010475369270775707,0.0010474869197955629,0.0005894434154033662,0.0021143196970224384
2026-05-15,Promigas,-0.016000388851415304,-0.00047208321084322416,-0.0005054448839965675,0.0,0.000259343749298741,0.001571857014309155,-0.00027392618730664255,-0.0002104534022510052
2026-05-19,Banco Davivienda PF,0.006812678417506831,0.00015473210566731947,-0.0008141892394710334,0.0,-0.0006454253043854547,-0.0006454751584270469,-0.00044886904209852217,-0.0011910350993275642
2026-05-19,Banco de Bogota,-0.011535451281625015,-0.000525872414487948,-0.0008141892394710334,0.0,-0.0005811269192441125,-0.0005811775961336867,-0.0007417684234678746,-0.0019360057413578032
2026-05-19,Celsia,-0.00916033348662422,-0.0004951245496576673,3.616638664954501e-05,0.0,0.00013322310298107535,0.003026268656588189,0.0005371125750243663,-0.0010961131006479263
2026-05-19,ETB,-0.018519047767237527,-0.0012656967967800748,-0.0015826729818986956,0.0,-0.0009340869589497405,-0.00991120654235361,-0.0009651858247816563,-0.004678036570549011
2026-05-19,Ecopetrol,0.06252035698133393,-0.0006873436916421061,-0.0010064721768199216,0.0,-3.713974719696516e-05,-0.00019938948303497696,-0.00024601075053215033,-0.0016471705734729767
2026-05-19,Grupo Bolivar,0.002640700940662403,0.00016957603734501904,0.0007861311607174993,0.0,-1.6433540269089178e-05,-1.6483532455638907e-05,0.000944494318217039,0.0004824762046337128
2026-05-19,Mineros SA,-0.02514096276143464,0.0003317505189278987,-0.0021642906409013014,0.0,0.0002840318559088718,0.003277935673659082,0.0006539460495114327,0.0033615362048149107
2026-05-19,Nutresa,0.0007335045172670139,-0.0005314566815771264,-0.0007316928990043776,0.0,0.0010475369270775707,0.0010474869197955629,4.7294225543737446e-05,1.4068141579627987e-05
2026-05-19,Promigas,0.004827063209671991,-0.0002512875774100661,0.0004479106226528916,0.0,0.000259343749298741,0.00408206544819303,0.00041036500781774525,0.0005248323604464531
2026-05-20,Banco Davivienda PF,0.005802724212567456,-0.0002082420088658989,-0.00028942098964494393,0.0,-0.0006454253043854547,-0.0006454751584270469,0.00021914370357990266,-0.0013201600313186644
2026-05-20,Banco de Bogota,-0.016713462441808383,-0.00016439818924223333,0.00036690522137843056,0.0,-0.0005811269192441125,-0.0005811775961336867,-9.571679309010505e-05,-4.265948385000227e-05
2026-05-20,Celsia,-0.031155147327456067,-0.00022394033622069622,0.00017462228402954347,0.0,0.00013322310298107535,-0.00014892816712791054,0.0004896722920238971,0.0004079702869057656
2026-05-20,ETB,0.0,-0.000253944556626527,-0.00024367444133847573,0.0,-0.0009340869589497405,0.00011117114629765029,0.0013342219889163971,-0.0009292731434106827
2026-05-20,Ecopetrol,-0.036648267155738753,-0.0019875326396671497,-0.001811341461174961,0.0,-3.713974719696516e-05,0.005096309467689618,-0.00097091743722558,-0.00443581223487854
2026-05-20,Grupo Bolivar,-0.04669594396676808,-0.00025762341166407014,0.00023670640509097142,0.0,-1.6433540269089178e-05,-1.6483532455638907e-05,0.00031033687293529515,0.00014745565503835678
2026-05-20,Mineros SA,-0.0070972736765635295,0.0011069676139358448,0.001312258555453413,0.0,0.0002840318559088718,0.0024271655362945324,0.0009216306731104849,0.004333967924118042
2026-05-20,Nutresa,-0.0001333244452344963,-0.00034765455339404156,-0.00028942098964494393,0.0,0.0010475369270775707,0.0010474869197955629,0.0011575703620910643,0.00039274351298809057
2026-05-20,Promigas,-0.021087550931104565,-0.0002505507328734132,-9.713805229605672e-05,0.0,0.000259343749298741,9.621955703662144e-05,0.0003854642510414124,-0.00015309683233499528
2026-05-21,Banco Davivienda PF,-0.006773127005845822,-0.0005807011641568391,-0.0014847941740186764,0.0,-0.0006454253043854547,-0.0006454751584270469,-0.0006521061956882476,-0.00380595600605011
2026-05-21,Banco de Bogota,-0.0022496723913301856,-0.0005988342361955237,-3.0411374545863123e-05,0.0,-0.0005811269192441125,-0.0005811775961336867,-0.0009725498259067535,-0.00011647825688123703
2026-05-21,Celsia,0.014659925019118605,0.00011452250402043586,0.00011552622616985683,0.0,0.00013322310298107535,0.002191457772771041,0.000694559320807457,0.0023396887332201004
2026-05-21,ETB,0.0,-0.0010095026303351144,-0.0020187454126938554,0.0,-0.0009340869589497405,-0.00521358158698281,-0.0010133883357048034,-0.002970784366130829
2026-05-21,Ecopetrol,0.011718884113213479,0.00032238512908314035,0.0006338158407101347,0.0,-3.713974719696516e-05,-0.0030414700762268136,0.0014460658580064773,-0.0010654338076710702
2026-05-21,Grupo Bolivar,-0.02745278938381212,0.0010997117005212178,0.0015582959344638458,0.0,-1.6433540269089178e-05,-1.6483532455638907e-05,0.002033669263124466,0.0044842628538608546
2026-05-21,Mineros SA,0.06613977913377916,-0.00047144426733732167,0.0001072705149256761,0.0,0.0002840318559088718,0.0009062113964361122,-0.0004366832375526428,0.0016837868392467503
2026-05-21,Nutresa,0.009422138578904886,-0.0008356453026351174,-0.0014847941740186764,0.0,0.0010475369270775707,0.0010474869197955629,0.00014567666500806808,-0.0014662798047065735
2026-05-21,Promigas,-0.011541786481061496,-0.0005391526324187171,6.0516507622131105e-05,0.0,0.000259343749298741,0.004867935902833462,0.0006611533984541894,0.0004971672743558883
2026-05-22,Banco Davivienda PF,-0.011718884113213375,-0.00045960308435892197,-0.001106435158983038,0.0,-0.0006454253043854547,-0.0006454751584270469,-0.0001159838102757931,-0.003144154638051987
2026-05-22,Banco de Bogota,0.011754883161042971,-0.0008210628935198737,-0.00131988847668153,0.0,-0.0005811269192441125,-0.0005811775961336867,-0.001153003066778183,-0.0015129160284996035
2026-05-22,Celsia,-0.014659925019118666,-0.0003466297933479951,-0.0007937610819456133,0.0,0.00013322310298107535,-0.004100606399653348,-0.0010279991030693054,-0.0017259299159049987
2026-05-22,ETB,0.01851904776723753,-0.0010011760497120887,-0.002046122652705596,0.0,-0.0009340869589497405,-0.0012302426636485724,-0.00045370768755674366,-0.0034838190674781797
2026-05-22,Ecopetrol,-0.011718884113213375,-0.001198210598177198,-0.0009860440192945015,0.0,-3.713974719696516e-05,0.0009275394529358413,-0.0014495259523391725,-0.00361344575881958
2026-05-22,Grupo Bolivar,0.00368541037884127,0.0014651010954902898,0.0006368847136807665,0.0,-1.6433540269089178e-05,-1.6483532455638907e-05,0.00023519997298717494,0.003893663167953491
2026-05-22,Mineros SA,0.021108998567126336,-0.0029030502815048,-0.0036686995814543305,0.0,0.0002840318559088718,-0.005267149169631087,-0.0027136730551719666,-0.0044474474191665645
2026-05-22,Nutresa,-0.004965417861963449,-0.0009634611508789824,-0.0015121714140304175,0.0,0.0010475369270775707,0.0010474869197955629,-0.0005461032092571258,-0.0027569427490234375
2026-05-22,Promigas,0.0,-0.0005925918386425946,-0.0005810659251914989,0.0,0.000259343749298741,0.0038290994704658233,-0.0007597669512033462,-2.7733929455280302e-05
2026-05-25,Banco Davivienda PF,0.0290436677705195,-0.00023554438230053256,-0.00016201139045511696,0.0,-0.0006454253043854547,-0.0006454751584270469,0.0006122646778821943,-0.0007839571535587311
2026-05-25,Banco de Bogota,0.005549397802219318,-0.0006649931954263773,-0.0001658373528768463,0.0,-0.0005811269192441125,-0.0005811775961336867,-0.0006917900070548058,-0.0022138025760650637
2026-05-25,Celsia,-0.023480351312142548,-0.00033931352247445665,0.00047121813502367337,0.0,0.00013322310298107535,0.002411766674364485,0.0012262987531721592,0.00036422719433903695
2026-05-25,ETB,0.0,6.811931980633897e-05,9.124641429750201e-05,0.0,-0.0009340869589497405,-0.006392885254521905,3.421402350068095e-05,-0.0028154791593551633
2026-05-25,Ecopetrol,-0.003937012959339532,-0.0008607727420275688,-0.00016201139045511696,0.0,-3.713974719696516e-05,-0.0009957643388404625,0.0006815087497234345,-0.001108556866645813
2026-05-25,Grupo Bolivar,0.033118450435454014,0.0006163271872263574,0.00041764774277794114,0.0,-1.6433540269089178e-05,-1.6483532455638907e-05,-1.6948420554399513e-05,0.0013786419034004212
2026-05-25,Mineros SA,0.04717255976520048,-0.001244442429405413,-0.0018168542970484255,0.0,0.0002840318559088718,-0.0014713759326973744,9.307119995355605e-05,-0.003733878940343857
2026-05-25,Nutresa,-0.004456720716941318,-0.0007826517241180732,-0.0006260546641296042,0.0,0.0010475369270775707,0.0010474869197955629,0.0010481228083372115,-0.0006758520901203156
2026-05-25,Promigas,0.027802274202493982,-0.0005011894847613778,-0.0001658373528768463,0.0,0.000259343749298741,0.0010915465302838803,-4.906546324491504e-05,-0.0003267366290092468
2026-05-26,Banco Davivienda PF,0.04295711810093903,-0.0003914744703985752,-0.0008122225390193938,0.0,-0.0006454253043854547,-0.0006454751584270469,-0.00022256641089916227,-0.0007012206465005875
2026-05-26,Banco de Bogota,0.02683211132295382,-0.0003179369860296774,3.9719392083497814e-05,0.0,-0.0005811269192441125,-0.0005811775961336867,0.00023805984109640123,4.5572757720947256e-05
2026-05-26,Celsia,0.038140276331261255,0.0007755462484935065,0.001100788225303032,0.0,0.00013322310298107535,0.0018157991874729587,0.0015864101201295854,0.0037698858976364137
2026-05-26,ETB,0.0,-0.0004958256612241528,-0.0004942318465916813,0.0,-0.0009340869589497405,-0.0033568432372986456,0.0007811107411980629,-0.0005928787589073181
2026-05-26,Ecopetrol,0.07410797215372183,-0.00041451561771239763,3.9719392083497814e-05,0.0,-3.713974719696516e-05,-0.00035718381561109923,3.1668815761804606e-05,0.0009939354658126832
2026-05-26,Grupo Bolivar,0.020591301630337493,-0.00036610894630691735,-0.001216594053295996,0.0,-1.6433540269089178e-05,-1.6483532455638907e-05,-0.0003292534537613392,0.0001305740661919117
2026-05-26,Mineros SA,-0.02650001749058072,-0.0019383541709735955,-0.0015843286284797158,0.0,0.0002840318559088718,-0.0036683480217865115,-0.001105057880282402,-0.0023183705061674115
2026-05-26,Nutresa,0.013245226750020723,-0.0003218130895660591,3.9719392083497814e-05,0.0,0.0010475369270775707,0.0010474869197955629,0.0009894941449165346,0.0021138147711753847
2026-05-26,Promigas,0.022329447564605566,-0.000540403051142037,-2.5301743200965003e-06,0.0,0.000259343749298741,-0.005553942660703445,-0.0002996450439095497,-0.0002117627561092376
2026-05-27,Banco Davivienda PF,-0.024989731680173176,-0.00013372804247227475,-0.0013259845125735978,0.0,-0.0006454253043854547,-0.0006454751584270469,0.0001295959427952766,8.466713130474089e-05
2026-05-27,Banco de Bogota,-0.013079161114018098,-8.170581948289913e-05,0.0002558139415860219,0.0,-0.0005811269192441125,-0.0005811775961336867,-0.0002682737149298191,0.0010786269307136536
2026-05-27,Celsia,0.002076767480081387,0.00016875836456076837,-0.0010031499526032234,0.0,0.00013322310298107535,-0.006087993454614898,-0.00043462437391281124,0.002075071260333061
2026-05-27,ETB,0.0,-0.00014418360644531688,-0.00023588773068556273,0.0,-0.0009340869589497405,-0.004504045660606515,0.0010751426070928574,0.0019492780268192292
2026-05-27,Ecopetrol,-0.0055096558109695845,-0.0022233223073610726,-0.0018584646594342973,0.0,-3.713974719696516e-05,0.006047189431318985,-0.0016551869213581084,-0.0002622044645249844
2026-05-27,Grupo Bolivar,-0.01241246658551358,-9.316698135209995e-05,0.0002558139415860219,0.0,-1.6433540269089178e-05,-1.6483532455638907e-05,0.00032732911035418506,0.0017390458583831786
2026-05-27,Mineros SA,-0.055204518064299005,-0.0008408941590058277,0.001618623920148949,0.0,0.0002840318559088718,0.002541724144950788,0.0011873711906373499,0.0030322462916374205
2026-05-27,Nutresa,-0.0033609046760441096,3.565854249935536e-05,0.0002980635079896163,0.0,0.0010475369270775707,0.0010474869197955629,0.0003689344488084316,0.0031223899126052853
2026-05-27,Promigas,-0.01110235955661277,-4.441025046061171e-05,0.0002558139415860219,0.0,0.000259343749298741,-0.005809114907909935,2.588638663291933e-05,0.001262214943766594
2026-05-28,Banco Davivienda PF,0.004675090328993975,-0.0002734470229018406,0.0013068280799022804,0.0,-0.0006454253043854547,-0.0006454751584270469,0.0010864164605736732,0.00172630512714386
2026-05-28,Banco de Bogota,-0.009369141035096944,-0.00034534122353211,0.0016671198298320203,0.0,-0.0005811269192441125,-0.0005811775961336867,0.0006930262669920922,0.0010604302138090133
2026-05-28,Celsia,-0.004157959777415138,-0.0006803226083766135,-0.0005863598553820846,0.0,0.00013322310298107535,0.002734820259975828,0.0007205058448016644,0.00029723149538040164
2026-05-28,ETB,0.0,-0.0005789369326275642,2.8238972457962436e-05,0.0,-0.0009340869589497405,-0.003037708581341188,-0.0003508095964789391,0.00022843590006232264
2026-05-28,Ecopetrol,-0.007393749024938265,-0.0012260264306945328,-0.0005863598553820846,0.0,-3.713974719696516e-05,-0.0004862349236530147,0.0008064055368304254,-0.0011260817945003508
2026-05-28,Grupo Bolivar,-0.027527234395896313,-0.0004492458553710644,0.0014476585311775608,0.0,-1.6433540269089178e-05,-1.6483532455638907e-05,0.000240090798586607,0.001808033987879753
2026-05-28,Mineros SA,0.03453197578967936,0.0016073175748434411,0.0077418444548180195,0.0,0.0002840318559088718,0.004961308564456823,0.0014176102131605148,0.008777398824691772
2026-05-28,Nutresa,0.005923408131537188,-0.0006436752288020802,0.0005621902111331414,0.0,0.0010475369270775707,0.0010474869197955629,0.0004567506238818169,0.001743387445807457
2026-05-28,Promigas,-0.006400024798320748,-0.0005103613583634634,0.0014476585311775608,0.0,0.000259343749298741,0.0014101456143767225,0.00044546625390648844,0.0012230111807584763
2026-06-01,Banco Davivienda PF,0.0491454670688884,-0.00013698246802914713,0.0006945627395615837,0.0,-0.0006454253043854547,-0.0006454751584270469,-0.0014678918272256851,-0.00031339992582798016
2026-06-01,Banco de Bogota,0.05021316635297418,-0.000315062037697059,0.00041301731984569616,0.0,-0.0005811269192441125,-0.0005811775961336867,-0.0010014523901045323,0.0010500177145004272
2026-06-01,Celsia,-0.004175320617717998,-0.0006682247649836904,0.00016843534482566838,0.0,0.00013322310298107535,0.0016233276599070118,-0.0007639342695474624,0.00014748403429985053
2026-06-01,ETB,0.0,0.00013178457926700532,0.000698210919905543,0.0,-0.0009340869589497405,-0.0022194632419131814,-0.0009554529786109922,-0.0003859231173992157
2026-06-01,Ecopetrol,0.06291382541056918,-0.00359959788927975,-0.0051852564274821504,0.0,-3.713974719696516e-05,-0.0006408436554861138,-0.001293063286691904,-0.0007115391530096531
2026-06-01,Grupo Bolivar,-0.0011170212546466288,0.00040609811225379976,0.0015640333915895146,0.0,-1.6433540269089178e-05,-1.6483532455638907e-05,-0.00032798433303833,0.004080050095915794
2026-06-01,Mineros SA,0.053379854068209664,-0.000303162092358119,-0.001132778115767173,0.0,0.0002840318559088718,-0.00260283705906898,-0.002524895675480366,0.000690724864602089
2026-06-01,Nutresa,-0.002036326121595623,-0.0004512854547815522,0.00016843534482566838,0.0,0.0010475369270775707,0.0010474869197955629,-0.0008363070338964463,0.00023595781624317162
2026-06-01,Promigas,0.06222842368278751,-0.0002530688263485097,0.00023028871017142534,0.0,0.000259343749298741,0.0019578305400641672,-0.001242342323064804,0.000959780514240265
2026-06-02,Banco Davivienda PF,0.0,-4.67571360911425e-05,-0.0017537933250893686,0.0,-0.0006454253043854547,-0.0006454751584270469,-0.0009976703897118567,-0.00018857756257057196
2026-06-02,Banco de Bogota,0.0,-0.00029066735003492177,-0.0017537933250893686,0.0,-0.0005811269192441125,-0.0005811775961336867,-0.001516764461994171,0.00012110498547554015
2026-06-02,Celsia,0.0,0.0002100542251075769,-0.00012974530452615493,0.0,0.00013322310298107535,8.103523404519196e-05,0.00011188152432441706,0.00260374940931797
2026-06-02,ETB,0.0,5.120044081789454e-05,-0.0006636965432013335,0.0,-0.0009340869589497405,-0.002150488377218133,0.000378757506608963,0.0015688075274229048
2026-06-02,Ecopetrol,0.0,-0.0027199635941114303,-0.0016516657760561719,0.0,-3.713974719696516e-05,0.0051285974959089245,-0.0016166291683912277,-0.0007821205668151379
2026-06-02,Grupo Bolivar,0.0,0.000434749269159053,0.0003963820902097603,0.0,-1.6433540269089178e-05,-1.6483532455638907e-05,-0.0002150160595774651,0.00392514306306839
2026-06-02,Mineros SA,0.0,-0.0011557981029249472,-0.0017941049747745414,0.0,0.0002840318559088718,-0.004191578605237282,-0.0015374113842844962,0.0005593002885580063
2026-06-02,Nutresa,0.0,-4.801356955776966e-05,-0.00012974530452615493,0.0,0.0010475369270775707,0.0010474869197955629,0.00038450596481561666,0.0029398143440485004
2026-06-02,Promigas,0.0,-0.001227995021946355,-0.0016516657760561719,0.0,0.000259343749298741,-0.012856594446955276,-0.0016510818302631377,3.1099691987037605e-05
2026-06-03,Banco Davivienda PF,-0.011612457424090852,6.396973449552547e-05,0.0002980635079896163,0.0,-0.0006454253043854547,-0.0006454751584270469,0.0001441067531704903,-0.00013271795585751534
2026-06-03,Banco de Bogota,0.010997651389416448,-4.101200103378659e-05,0.0002980635079896163,0.0,-0.0005811269192441125,-0.0005811775961336867,0.0008078115731477738,5.563671886920931e-05
2026-06-03,Celsia,0.029883644950432463,3.884742880171393e-05,0.0002980635079896163,0.0,0.00013322310298107535,-0.00040777113940688753,0.00023828099295496942,0.0018038748949766158
2026-06-03,ETB,-0.009216655104923952,9.776840120028578e-05,-0.00023588773068556273,0.0,-0.0009340869589497405,-0.0019367645569491423,7.950310409069055e-05,0.0008370334655046464
2026-06-03,Ecopetrol,-0.02469261259037152,8.384363657760312e-05,0.0002980635079896163,0.0,-3.713974719696516e-05,-3.411244295231486e-05,0.000555073831230402,-0.0006014978922903538
2026-06-03,Grupo Bolivar,0.004738774644940325,5.4362970875320404e-05,0.0002980635079896163,0.0,-1.6433540269089178e-05,-1.6483532455638907e-05,-1.3587627559900287e-05,0.002652060866355896
2026-06-03,Mineros SA,-0.0442829602129965,-0.00046394017605853996,0.0002980635079896163,0.0,0.0002840318559088718,0.0003079619071380318,2.6196017861366237e-05,0.000602965235710144
2026-06-03,Nutresa,0.0,-6.398462549131677e-05,0.0002980635079896163,0.0,0.0010475369270775707,0.0010474869197955629,0.00045483656227588646,0.0022485642880201344
2026-06-03,Promigas,-0.0045351004977260394,0.0002057045081937068,0.0002980635079896163,0.0,0.000259343749298741,-0.0025392729257108886,0.0009277678579092027,9.637610614299775e-05
2026-06-04,Banco Davivienda PF,-0.019048194970694474,-0.000665147305142092,0.0001830664522764373,0.0,-0.0006454253043854547,-0.0006454751584270469,0.0010846926867961882,0.0006533223353326321
2026-06-04,Banco de Bogota,0.010878119581980806,-0.0007572209785021715,-0.0007024018677679822,0.0,-0.0005811269192441125,-0.0005811775961336867,0.0002921680994331837,-0.0009349264353513718
2026-06-04,Celsia,0.007081505127493635,-0.0011121951321399481,-0.002326449888331195,0.0,0.00013322310298107535,-0.003013320967142505,-0.00019541061669588086,-0.0010375946015119552
2026-06-04,ETB,0.027398974188114347,0.0005262387160222664,0.000932303326010771,0.0,-0.0009340869589497405,0.0007919517179365282,0.0013798233643174172,0.0012999511510133743
2026-06-04,Ecopetrol,0.0,-0.0006759758233736714,0.0011507961817744006,0.0,-3.713974719696516e-05,-0.0020603887916695422,0.001332625538110733,0.0015990536212921141
2026-06-04,Grupo Bolivar,0.007480365569834552,0.0010605963224553862,0.0009249852989244029,0.0,-1.6433540269089178e-05,-1.6483532455638907e-05,0.00041931730508804326,0.001559273973107338
2026-06-04,Mineros SA,0.0012928271241990667,-2.0795278339946672e-05,0.001669085796314678,0.0,0.0002840318559088718,0.0040406992284441785,0.001854498904198408,0.004606814622879028
2026-06-04,Nutresa,0.0,-0.0007483621845316815,-0.0007024018677679822,0.0,0.0010475369270775707,0.0010474869197955629,0.001128290146589279,0.0010289264246821403
2026-06-04,Promigas,-0.007604583724268417,-0.0009630287352805002,-0.0007024018677679822,0.0,0.000259343749298741,0.0006926251962377416,0.0013630369007587432,0.00031624035164713857
2026-06-05,Banco Davivienda PF,0.034206755401536,0.0003541078631792452,0.0009135153742296803,0.0,-0.0006454253043854547,-0.0006454751584270469,0.00039316914603114124,0.003027023255825043
2026-06-05,Banco de Bogota,-0.035661845207780374,0.00010925003289001085,0.0003338175872480326,0.0,-0.0005811269192441125,-0.0005811775961336867,-0.0004483004733920098,-0.0007804273664951324
2026-06-05,Celsia,0.0120241461625191,8.923741490352703e-05,0.0003338175872480326,0.0,0.00013322310298107535,0.001962260665216242,0.0008823923133313656,-0.0004766767993569374
2026-06-05,ETB,-0.055569851154810765,-7.561223934011716e-05,-0.00024238321783074068,0.0,-0.0009340869589497405,-0.008637028836721636,-5.612231791019438e-06,-0.0010731927305459976
2026-06-05,Ecopetrol,-0.06644509940815274,0.00014348789614376722,0.0008599449819839479,0.0,-3.713974719696516e-05,-3.4112442952314816e-05,0.00029710033535957335,0.0015011910349130631
2026-06-05,Grupo Bolivar,0.06646880304635512,0.00015013961598825396,0.0003338175872480326,0.0,-1.6433540269089178e-05,-1.6483532455638907e-05,-2.737749367952378e-06,0.0009306932985782623
2026-06-05,Mineros SA,-0.1428027700881665,0.0018413272050677133,0.0008599449819839479,0.0,0.0002840318559088718,0.00019898581264743697,-5.474248528480527e-05,0.0031385109424591066
2026-06-05,Nutresa,0.006031223212261815,0.00011614976099331315,0.0003338175872480326,0.0,0.0010475369270775707,0.0010474869197955629,0.0009239440560340881,0.0017894155830144882
2026-06-05,Promigas,-0.0389154138190498,7.548420010271319e-05,0.0006151322512482492,0.0,0.000259343749298741,0.002063810483045391,0.00037961859628558154,0.0018057547956705094
2026-06-08,Banco Davivienda PF,0.0,0.0002479403149485192,-0.0010007119977682112,0.0,-0.0006454253043854547,-0.0006454751584270469,-0.0017216784060001375,-0.0037062478661537175
2026-06-08,Banco de Bogota,0.0,0.002378477311382831,0.0032893226201366342,0.0,-0.0005811269192441125,-0.0005811775961336867,0.000818233087658882,0.0020786863565444946
2026-06-08,Celsia,0.0,0.0004243721398992521,0.0006233360227950014,0.0,0.00013322310298107535,4.9120013309318075e-05,-0.0009929107278585435,-0.0038199067115783692
2026-06-08,ETB,0.0,0.005508195504561786,0.008638978027343173,0.0,-0.0009340869589497405,0.013150381805488139,0.00204427082836628,0.004845349743962288
2026-06-08,Ecopetrol,0.0,0.011712157768410706,0.015993081624123877,0.0,-3.713974719696516e-05,-0.0054865988060763225,0.002359403684735298,0.008429521739482878
2026-06-08,Grupo Bolivar,0.0,-0.0009276727569119266,-0.0008985844487350139,0.0,-1.6433540269089178e-05,-1.6483532455638907e-05,-0.00184248386323452,-0.006604595899581909
2026-06-08,Mineros SA,0.0,0.014338846206473254,0.020386861330833422,0.0,0.0002840318559088718,0.012345215670890664,0.0063364156782627105,0.01933815884590149
2026-06-08,Nutresa,0.0,0.000494101962064354,0.0006233360227950014,0.0,0.0010475369270775707,0.0010474869197955629,-0.00028224489465355866,-0.0013920147269964218
2026-06-08,Promigas,0.0,0.002481203540017608,0.0032893226201366342,0.0,0.000259343749298741,0.009175441434437909,0.0015228738635778428,0.004645075872540474
2026-06-09,Banco Davivienda PF,0.09691789719242178,-0.0005908625380290065,-0.0006260546641296042,0.0,-0.0006454253043854547,-0.0006454751584270469,-0.00027737333253026003,-0.002244312673807144
2026-06-09,Banco de Bogota,0.014312478960137053,-0.00028277142001724773,-9.992726939368926e-05,0.0,-0.0005811269192441125,-0.0005811775961336867,-0.0008847693428397179,0.00040069054067134855
2026-06-09,Celsia,0.05427689984648129,-0.00044190249324257275,-0.0001817372967834174,0.0,0.00013322310298107535,0.0010940058335295012,0.000826843611896038,-0.0012954166233539583
2026-06-09,ETB,0.055569851154810786,0.0008866236585654969,0.0014519962060347091,0.0,-0.0009340869589497405,-0.000993668018164952,-0.0007640805169939995,0.001990429878234863
2026-06-09,Ecopetrol,0.07886761940670986,0.0006833264851446614,0.0008619651101241288,0.0,-3.713974719696516e-05,-3.411244295231486e-05,-0.00014151699841022494,0.006075388967990876
2026-06-09,Grupo Bolivar,-0.06322246603027575,-0.0006578707893127073,-0.001774604730644831,0.0,-1.6433540269089178e-05,-1.6483532455638907e-05,0.00020896002650260928,-0.004394741296768189
2026-06-09,Mineros SA,0.09110137511191707,-0.00026745202369225644,-0.001921465719514959,0.0,0.0002840318559088718,0.0003079619071380318,0.00015303441882133482,0.008829531908035279
2026-06-09,Nutresa,0.003197496932881124,-0.0007399144735001113,-0.0006260546641296042,0.0,0.0010475369270775707,0.0010474869197955629,0.0003014115318655968,-0.0009940506517887113
2026-06-09,Promigas,0.038915413819049734,0.00011338054007630794,0.00036029004185906887,0.0,0.000259343749298741,0.0022549145338719113,-0.0002618460357189179,0.0022357167303562165
2026-06-10,Banco Davivienda PF,-0.07503518594291408,0.000593725902648127,0.0006132314051157861,0.0,-0.0006454253043854547,-0.0006454751584270469,-0.0018715138137340545,0.0005701228976249693
2026-06-10,Banco de Bogota,-0.0015801506037064971,-0.00018156779989998223,-0.0007062991690224802,0.0,-0.0005811269192441125,-0.0005811775961336867,0.0001165625117719173,0.0030340280532836915
2026-06-10,Celsia,-0.024834066259017185,-0.0006027557351772902,-0.002330347189585693,0.0,0.00013322310298107535,-0.005383007635434897,0.00033947862684726717,0.0019524472653865814
2026-06-10,ETB,0.0,-0.0011228356387928463,-0.0029046100779460443,0.0,-0.0009340869589497405,-0.010381987474986181,0.00020188529044389732,0.0017874447107315064
2026-06-10,Ecopetrol,0.0174829627803476,-0.0031677674560078493,-0.0036247587342597668,0.0,-3.713974719696516e-05,0.006437766192756017,-0.001285732090473175,0.002391335546970367
2026-06-10,Grupo Bolivar,-0.006368508009197941,0.009935292152008213,0.013894223353174402,0.0,-1.6433540269089178e-05,-1.6483532455638907e-05,0.0023256617337465285,0.005402318954467774
2026-06-10,Mineros SA,-0.06173071053636963,0.00012081655980463174,-0.0009345755869504434,0.0,0.0002840318559088718,-0.007371233459813998,-0.0005496201068162918,0.0032926551699638366
2026-06-10,Nutresa,0.0033171840883124194,-0.00013590586631478775,-0.0007062991690224802,0.0,0.0010475369270775707,0.0010474869197955629,0.0010498341023921966,0.003873122036457062
2026-06-10,Promigas,-0.015384964540859733,-0.0006787183903789804,-0.0025442145049129447,0.0,0.000259343749298741,-0.007719020393392142,-0.0002593632563948632,0.0029965879172086716
2026-06-11,Banco Davivienda PF,0.017167803622365498,0.011102536447505279,0.009515700402912598,0.0,-0.0006454253043854547,-0.0006454751584270469,0.0030420637130737305,0.008914639413356781
2026-06-11,Banco de Bogota,0.027555658387842363,-0.0012154743668081258,-0.0027050667893092355,0.0,-0.0005811269192441125,-0.0005811775961336867,-0.000770880501717329,0.0013509136289358138
2026-06-11,Celsia,-0.04348516924832312,-0.0005948062590321433,-0.0021782588210314136,0.0,0.00013322310298107535,0.007196995433503984,0.0014207825660705567,0.003422561913728714
2026-06-11,ETB,-0.055569851154810765,-0.0017951485060892628,-0.0043875680944996396,0.0,-0.0009340869589497405,-0.0018928683454322464,0.00012316170334815982,0.00015834158658981312
2026-06-11,Ecopetrol,-0.017482962780347455,-0.0032485659246346975,-0.004583636878359039,0.0,-3.713974719696516e-05,0.001400539878978797,-0.0003997182808816433,-0.0011843520775437356
2026-06-11,Grupo Bolivar,0.040021711270939786,-0.0025317259212641794,-0.0013626427386326423,0.0,-1.6433540269089178e-05,-1.6483532455638907e-05,0.0005219234749674797,0.003912439331412316
2026-06-11,Mineros SA,0.05353392966286308,0.010037933720214942,1.1690697461321216e-05,0.0,0.0002840318559088718,0.0055114199863074255,0.0042054721415042875,0.010361910998821259
2026-06-11,Nutresa,0.0,-0.0012049431110658163,-0.0027050667893092355,0.0,0.0010475369270775707,0.0010474869197955629,-0.00011107108369469644,0.0016185117810964586
2026-06-11,Promigas,0.0,-0.0009771899295951652,-0.002399234056351647,0.0,0.000259343749298741,0.0019264467970533136,0.0004868040010333061,0.003246449202299118
2026-06-12,Celsia,0.0,0.0006664242560231318,0.001724273541822875,0.0,0.00013322310298107535,0.0035415207565668585,0.0015552325509488583,0.0069611816406249995
2026-06-15,Celsia,0.0,0.0014309052602437164,0.001114677193230549,0.0,0.00013322310298107535,-0.004308310066918239,0.00039598271250724794,0.005528035879135132
2026-06-16,Celsia,0.029852945545082606,0.0003097936955201525,0.0005885497984946338,0.0,0.00013322310298107535,-0.000648539316366499,0.0010353133082389831,0.004520891666412353
2026-06-17,Celsia,0.0,-0.00023858585726061726,-0.002400023567176449,0.0,0.00013322310298107535,-0.002618567893895254,-0.00024197033792734148,0.0031634407192468643
2026-06-18,Celsia,0.0,-0.00016294175956895816,-1.0128776623823304e-05,0.0,0.00013322310298107535,0.002757113732970747,0.0006410730257630348,0.005279813721776009
2026-06-19,Celsia,0.0,0.00032312321639161245,0.0010457523075858694,0.0,0.00013322310298107535,0.0006683575279186105,0.0003518827483057976,0.005129480004310608
2026-06-22,Celsia,-0.0019626368817785263,0.0005251597778665497,0.0010457523075858694,0.0,0.00013322310298107535,-5.826848147214825e-05,-0.00010696136206388473,0.0072358716130256654
2026-06-23,Celsia,-0.0019665936078698955,-0.00016460069028310093,0.0002980635079896163,0.0,0.00013322310298107535,0.0002680572527020707,0.0005234710909426212,0.005192739009857178
2026-06-24,Celsia,0.0019665936078698456,-0.0003026569144106939,0.0001282991736807354,0.0,0.00013322310298107535,0.0001850000009723149,-0.0005395710617303849,0.0038415888994932173
2026-06-25,Celsia,-0.017839945874767726,-0.0007211733337479742,-0.0015205482532770927,0.0,0.00013322310298107535,-0.00026262826672297335,-0.0010278273969888687,0.0011783445179462432
2026-06-26,Celsia,0.013902883546586697,0.00012616421854329257,-0.00013620352229953787,0.0,0.00013322310298107535,0.0021250557920582435,0.0006648526154458523,0.0028079072684049607
2026-06-29,Celsia,0.0,-5.5851527419000134e-05,-0.00012974530452615493,0.0,0.00013322310298107535,-0.0027546858886540837,0.00024601624161005016,0.0030796471834182737
2026-06-30,Celsia,0.0019704687203110968,0.00047830251332028645,-0.00025565068446728684,0.0,0.00013322310298107535,0.0009662239918419585,0.0002697873599827289,0.004675288781523705
2026-07-01,Celsia,0.0019665936078698456,-4.018755115418336e-05,0.0002980635079896163,0.0,0.00013322310298107535,0.00029140740685160464,0.0003763403780758381,0.003296709686517715
2026-07-02,Celsia,-0.013847973002445137,-7.362134089684522e-06,0.0002980635079896163,0.0,0.00013322310298107535,5.575584984157531e-05,-0.0001017999872565269,0.002657495692372322
2026-07-03,Celsia,0.003976198344501757,0.002387804601813084,0.003980768440212993,0.0,0.00013322310298107535,0.0017341886104657255,-0.0005374808907508851,0.0022164514362812042
2026-07-06,Celsia,-0.02004080483083177,-0.0005840261795686258,-0.00045629032982072367,0.0,0.00013322310298107535,-0.0014176875712810333,-7.97344818711281e-05,0.0010391076356172561
2026-07-07,Celsia,0.02794598588090521,-0.00035932318103684295,0.00020176892009959136,0.0,0.00013322310298107535,0.0022771447244260886,0.0003461502492427826,0.0024592165946960448
2026-07-08,Celsia,-0.009891303954466801,-0.0010249185048924149,-0.001215591083399296,0.0,0.00013322310298107535,-0.004293738800774946,-0.0012056142389774323,-0.0020077871680259708
2026-07-09,Celsia,0.029385054723655095,-0.00019220204411846616,6.167089256088677e-05,0.0,0.00013322310298107535,0.003150127177585249,0.001055794358253479,0.0005251438319683074
2026-07-10,Celsia,0.037883326761959324,-0.0006908372738842884,-0.0012858098535979772,0.0,0.00013322310298107535,-0.0031163545095483735,0.0004747203327715397,-0.0005118312872946263
2026-07-14,Celsia,-0.022557352659020785,-0.0004588926432053589,-0.0015872236226128177,0.0,0.00013322310298107535,-0.0016259862932490993,0.00029987157136201857,-0.0009415325969457626
2026-07-15,Celsia,0.01883299877609509,0.0003353318036748581,0.0008217940635303138,0.0,0.00013322310298107535,0.006194304503150896,0.002975844949483871,0.0022196372151374816
2026-07-16,Celsia,-0.0037807228399060443,-6.413708746708973e-06,2.6619034568466583e-06,0.0,0.00013322310298107535,-0.0031621975970783684,-0.0001519703939557076,-0.0010761732533574105
2026-07-17,Celsia,-0.0018957351648992008,0.00038469778863549174,0.0005497257379179699,0.0,0.00013322310298107535,0.0013975512354666645,0.0010667740255594252,-0.0007437230423092843
2026-07-21,Celsia,-0.013371736965889308,-0.0004289370872972579,-0.0011509191096700617,0.0,0.00013322310298107535,0.00041674826070261796,0.000845032434910536,-0.0012500552386045455
2026-07-22,Celsia,-0.0057859370670438875,-0.00022152019674657856,0.00045176092225305116,0.0,0.00013322310298107535,0.0012507604418484043,0.00030296600237488745,0.0006181687116622925
2026-07-23,Celsia,-0.013632148790057644,-0.0006115051036345704,-0.0011509191096700617,0.0,0.00013322310298107535,-0.0004450080215065011,8.698312565684317e-05,0.00035060107335448267
2026-07-24,Celsia,0.0,-0.00022255711273392033,0.00041422782028157674,0.0,0.00013322310298107535,0.0008331998171568023,0.000645671036094427,0.0013969574570655823
2026-07-27,Celsia,-0.04102626374780635,-4.218046572868635e-06,0.00018322858132150717,0.0,0.00013322310298107535,-0.001030939667074966,0.0012479290999472142,0.002151979386806488
2026-07-28,Celsia,-0.004094171532663226,0.0010690959553170166,0.0019499673974655903,0.0,0.00013322310298107535,0.004200564693303478,0.001382818665355444,0.005397067189216615
2026-07-29,Celsia,0.0,-0.0019683017797917685,0.00011872527152467227,0.0,0.00013322310298107535,-0.002801508960327383,-0.0007140657305717468,0.002677911773324013
2026-07-30,Celsia,-0.0061728591070809675,-0.00011012695426351591,-0.0009945964018587858,0.0,0.00013322310298107535,-0.0009434147657173225,-0.00018668446689844133,0.0009913628771901133
2026-07-31,Banco Davivienda PF,0.015088299651201826,-0.00028999531896732047,3.9719392083497814e-05,0.0,-0.0006454253043854547,-0.0006454751584270469,-0.00027077512815594675,2.3991197347640997e-05
2026-07-31,Banco de Bogota,0.03201532824299192,-0.00023903336952782938,3.9719392083497814e-05,0.0,-0.0005811269192441125,-0.0005811775961336867,5.549445748329164e-05,-0.00037693602219223977
2026-07-31,Celsia,0.033488669754043826,0.0002022775276682436,-1.5190393871060873e-05,0.0,0.00013322310298107535,0.0009419762501721607,0.0010709521025419235,0.0013156442642211915
2026-07-31,ETB,0.007117467768863955,-0.0007610963476269809,-0.0006152956130672584,0.0,-0.0009340869589497405,-0.003907396825406383,0.0023001970797777173,0.00014031825214624405
2026-07-31,Ecopetrol,-0.0018674141747954732,-0.00037754266961593266,-2.5301743200965003e-06,0.0,-3.713974719696516e-05,0.0018239297122268428,0.0002522704005241394,-0.002531723320484161
2026-07-31,Grupo Bolivar,0.01918292720376777,-0.00023751170860658328,3.9719392083497814e-05,0.0,-1.6433540269089178e-05,-1.6483532455638907e-05,0.0005386990010738373,0.0006033985465764999
2026-07-31,Mineros SA,-0.006253929076299456,-0.00022098745720408903,3.9719392083497814e-05,0.0,0.0002840318559088718,-0.0009628087783255364,-0.00010785070061683654,-0.000603111356496811
2026-07-31,Nutresa,0.012820688429061469,-0.00012833732516461216,0.0005037626657579858,0.0,0.0010475369270775707,0.0010474869197955629,0.0014744332581758499,0.0015843536704778672
2026-07-31,Promigas,0.01977249705839451,-0.00024096169554008835,3.9719392083497814e-05,0.0,0.000259343749298741,-0.00014600540270219965,0.001058670789003372,1.4150742441415792e-05
2026-08-03,Banco Davivienda PF,0.00332226219197786,-0.00023106934511317258,0.0001282991736807354,0.0,-0.0006454253043854547,-0.0006454751584270469,-0.0007709715962409973,-0.00014080220460891722
2026-08-03,Banco de Bogota,0.0020639244634459777,-0.0004930429783583054,-0.0014957488468824783,0.0,-0.0005811269192441125,-0.0005811775961336867,-0.0011878980994224548,-0.001228540226817131
2026-08-03,Celsia,-0.01204833851617448,-0.0006171883096510755,-0.0014957488468824783,0.0,0.00013322310298107535,-0.0037356399778443513,-0.0013259841501712798,-0.00022474844753742214
2026-08-03,ETB,0.06187540371808745,0.008377295799897003,0.005899629306196458,0.0,-0.0009340869589497405,-0.006224668486487561,0.0007126632146537303,0.00029733638092875484
2026-08-03,Ecopetrol,0.003731347612858184,-0.00024055291921757784,0.0001282991736807354,0.0,-3.713974719696516e-05,-0.0001873524924529025,-8.96961241960525e-05,-0.00020437712594866754
2026-08-03,Grupo Bolivar,-0.008536433505070391,-0.00025091801049395676,0.00011989889927435676,0.0,-1.6433540269089178e-05,-1.6483532455638907e-05,-0.0009915478900074958,0.0002898462116718292
2026-08-03,Mineros SA,0.0,-0.00015118480056889154,0.0004096138376809519,0.0,0.0002840318559088718,0.0008351234689582236,-0.00048662059754133217,0.0015565056055784226
2026-08-03,Nutresa,-6.36962960819532e-05,-0.00018661553691331462,0.0001282991736807354,0.0,0.0010475369270775707,0.0010474869197955629,-0.0005293681547045707,0.001431015506386757
2026-08-03,Promigas,-0.0045283306488704414,0.0005305429275840869,0.0011836257130294087,0.0,0.000259343749298741,-0.004075949382865571,-0.0008837218284606932,-1.7001144587993647e-06
2026-08-04,Banco Davivienda PF,0.013997758400041704,-0.0004804446932237789,0.0002729934353131131,0.0,-0.0006454253043854547,-0.0006454751584270469,0.00031784626841545105,0.0003613167032599449
2026-08-04,Banco de Bogota,0.0,-0.00047631949105914545,0.0002729934353131131,0.0,-0.0005811269192441125,-0.0005811775961336867,0.0008459518104791642,-0.00011527347937226296
2026-08-04,Celsia,-0.0010106115059235032,-0.0004266670804641807,0.0007370367089876013,0.0,0.00013322310298107535,0.0040842260106689,0.0017466546297073365,0.0014842192828655241
2026-08-04,ETB,0.0,0.0041008538294439395,0.0037298609417995457,0.0,-0.0009340869589497405,-0.017461107206553684,4.464280605316149e-05,-0.002754253923892975
2026-08-04,Ecopetrol,-0.020696881771154862,-0.00042434803587788347,0.0002729934353131131,0.0,-3.713974719696516e-05,0.00027208202671369407,-1.928281038999542e-06,0.0001771892122924328
2026-08-04,Grupo Bolivar,0.002518259943113625,-0.00037150623348795213,0.0007370367089876013,0.0,-1.6433540269089178e-05,-1.6483532455638907e-05,0.0004888367131352425,0.0017718604952096939
2026-08-04,Mineros SA,0.013707379730880286,-0.0004969390078080719,0.0002729934353131131,0.0,0.0002840318559088718,0.0003079619071380317,9.163898229599e-05,0.0016568283289670944
2026-08-04,Nutresa,-0.00031854235289894135,-0.00042734900589113636,0.0002729934353131131,0.0,0.0010475369270775707,0.0010474869197955629,0.0009219819903373719,0.0018938048630952838
2026-08-04,Promigas,-0.0015139865535239618,-0.00038940609076905527,0.0002729934353131131,0.0,0.000259343749298741,0.0003567701275255906,0.0011107162982225418,0.0011834857314825058
2026-08-05,Banco Davivienda PF,0.001633987291654955,-0.002674344552864902,-0.0001706232975725333,0.0,-0.0006454253043854547,-0.0006454751584270469,-0.0010893050134181978,-0.0015787421017885207
2026-08-05,Banco de Bogota,-0.002063924463445871,-0.002581240097839897,-0.0001706232975725333,0.0,-0.0005811269192441125,-0.0005811775961336867,-0.0007346006333827972,-0.00038436860218644145
2026-08-05,Celsia,-0.003037977020076698,-0.002713783235794993,-0.0001706232975725333,0.0,0.00013322310298107535,-0.00012665830371379758,-0.0005572239458560943,0.0010857403874397278
2026-08-05,ETB,0.0,-0.002644786748631773,-0.0059644822720410365,0.0,-0.0009340869589497405,-0.007072318425700604,-9.90693271160126e-05,-0.0032760763764381404
2026-08-05,Ecopetrol,-0.013397329571821168,-0.002556880858671189,0.00040907448940911354,0.0,-3.713974719696516e-05,-0.001732499030098654,0.0002768605053424836,0.002456750050187111
2026-08-05,Grupo Bolivar,-0.007320495745548667,-0.0026604587171723012,-0.0001706232975725333,0.0,-1.6433540269089178e-05,-1.6483532455638907e-05,-0.0011410668790340424,0.0009279839247465135
2026-08-05,Mineros SA,0.0506742909632668,-0.0026205415160614103,-0.0001706232975725333,0.0,0.0002840318559088718,-0.0008474723197670528,-0.0014598308578133582,-0.00023725289478898048
2026-08-05,Nutresa,0.0003185423528989545,-0.00263703891488146,-0.0001706232975725333,0.0,0.0010475369270775707,0.0010474869197955629,-0.0004828511327505111,0.0014744562953710556
2026-08-05,Promigas,0.0015139865535239957,-0.0026408100144423236,-0.0001706232975725333,0.0,0.000259343749298741,0.0006654096769705226,-0.0008589585870504379,0.0008659852743148802
2026-08-06,Banco Davivienda PF,0.004073325387635869,-0.0007509920205587655,-0.0003960446651222835,0.0,-0.0006454253043854547,-0.0006454751584270469,-0.0018834315240383148,-0.004333593130111694
2026-08-06,Banco de Bogota,0.004637954975450976,-0.000705580840282136,-0.0003960446651222835,0.0,-0.0005811269192441125,-0.0005811775961336867,-0.0020882092714309694,-0.00325579571723938
2026-08-06,Celsia,0.013098424045918109,-0.0006605224121599696,-0.0002716870830323729,0.0,0.00013322310298107535,-4.762247124999624e-05,-0.001581936836242676,-0.0020878771841526035
2026-08-06,ETB,0.0,-0.001510798665295676,-0.0009299959037974624,0.0,-0.0009340869589497405,-0.011997261560794155,-0.002265068292617798,-0.005651118040084839
2026-08-06,Ecopetrol,0.06526080358139512,-0.0006136914581030868,0.0003427778863677478,0.0,-3.713974719696516e-05,-0.00113349761120853,-0.001839692309498787,-0.00047710341215133676
2026-08-06,Grupo Bolivar,0.011587037136841338,-0.0006311238549521992,-0.00011473000112206724,0.0,-1.6433540269089178e-05,-1.6483532455638907e-05,-0.0017205158919095993,-0.0016890203058719637
2026-08-06,Mineros SA,-0.0094563352420354,-0.0013201924949717797,-0.0020200926856854978,0.0,0.0002840318559088718,-0.0039635189559185996,-0.0028653204590082166,-0.0059784497618675225
2026-08-06,Nutresa,-0.0008921744155389614,-0.0007385349395562039,-0.0003960446651222835,0.0,0.0010475369270775707,0.0010474869197955629,-0.0014632153511047363,-0.0017798634618520735
2026-08-06,Promigas,0.0,-0.0007166375290996399,-0.0003960446651222835,0.0,0.000259343749298741,7.368066425167074e-05,-0.0019415120035409926,-0.0026040520668029784
2026-08-07,Banco Davivienda PF,0.0,-0.0001526358633776291,0.0002980635079896163,0.0,-0.0006454253043854547,-0.0006454751584270469,-0.0003869805224239826,-0.0013037175685167311
2026-08-07,Banco de Bogota,0.0,-0.0001221413213590274,0.0002980635079896163,0.0,-0.0005811269192441125,-0.0005811775961336867,-4.9987271428108235e-05,-0.0008673553653061391
2026-08-07,Celsia,0.0,-0.00014517522899540892,0.0002980635079896163,0.0,0.00013322310298107535,-0.0015047729318575546,-0.0001489892527461052,-0.0006386320032179357
2026-08-07,ETB,0.0,-0.0002866805182536653,-0.00023588773068556273,0.0,-0.0009340869589497405,-0.006594450523646407,0.00033900745213031767,-0.0018524665236473088
2026-08-07,Ecopetrol,0.0,-0.0018383844114371391,-0.0018584646594342973,0.0,-3.713974719696516e-05,0.005321190577791018,-0.002117636799812317,-0.002809849947690964
2026-08-07,Grupo Bolivar,0.0,-0.0001649784905510894,0.0002980635079896163,0.0,-1.6433540269089178e-05,-1.6483532455638907e-05,-0.0006069255471229553,-0.000164806742221117
2026-08-07,Mineros SA,0.0,-5.1890491306583924e-05,0.0007621067816641045,0.0,0.0002840318559088718,0.0011050634403451229,0.0010045635364949704,-0.0009661356657743453
2026-08-07,Nutresa,0.0,-0.00012574808264445624,0.0002980635079896163,0.0,0.0010475369270775707,0.0010474869197955629,0.0004235190376639366,0.0007360707521438599
2026-08-07,Promigas,0.0,-0.00010789875692692542,0.0002980635079896163,0.0,0.000259343749298741,0.00027436459380026875,9.839284792542457e-05,-2.1352738142013558e-05
2026-08-10,Banco Davivienda PF,-0.028867984000852127,0.00013813056864482012,0.0002980635079896163,0.0,-0.0006454253043854547,-0.0006454751584270469,-0.00042356961965560916,-0.00016522934287786483
2026-08-10,Banco de Bogota,0.0025674218860935526,0.00014308542838700752,0.0002980635079896163,0.0,-0.0005811269192441125,-0.0005811775961336867,-0.00013185406476259236,0.00012448495998978616
2026-08-10,Celsia,-0.019202206983935932,0.0004522460736639071,0.0007583141328035144,0.0,0.00013322310298107535,0.001225615300525087,0.0006161087043583393,0.00101868337392807
2026-08-10,ETB,0.0,0.0003126142196899989,0.0005118010689106903,0.0,-0.0009340869589497405,-0.003684694571718534,0.00011659859865903853,0.00028515696153044696
2026-08-10,Ecopetrol,-0.03303052567648184,0.0003324116260836874,0.0007583141328035144,0.0,-3.713974719696516e-05,-3.411244295231486e-05,0.0009453349635004996,0.0005570607483386993
2026-08-10,Grupo Bolivar,-0.00804631341778597,0.00011701748958496509,0.0002980635079896163,0.0,-1.6433540269089178e-05,-1.6483532455638907e-05,-0.00016073342040181151,0.00046304486319422716
2026-08-10,Mineros SA,0.012979533249352325,0.0002682566923741651,0.0010457523075858694,0.0,0.0002840318559088718,0.0003079619071380318,2.183581143617632e-05,0.0008650923743844033
2026-08-10,Nutresa,0.0008921744155390294,2.0915819518442063e-05,0.0002980635079896163,0.0,0.0010475369270775707,0.0010474869197955629,0.000683784358203411,0.0011625251322984695
2026-08-10,Promigas,0.0,0.00023425097284839676,0.0002980635079896163,0.0,0.000259343749298741,0.0003180335667250191,0.0005788758248090744,0.0008769685775041581
2026-08-11,Banco Davivienda PF,0.028054645200423788,0.000927793788861714,0.001986715418852107,0.0,-0.0006454253043854547,-0.0006454751584270469,-3.891268372535707e-05,0.003007490128278732
2026-08-11,Banco de Bogota,0.002560746755580587,-0.0004115302264252227,-0.000677331795091479,0.0,-0.0005811269192441125,-0.0005811775961336867,-0.0008316172659397125,-0.0005811583250761032
2026-08-11,Celsia,0.0,-0.00018461290174604387,0.0005847680670324466,0.0,0.00013322310298107535,0.0023942434003706306,0.0002466198392212391,0.002691225737333298
2026-08-11,ETB,0.0,-0.0005748960363280598,-0.0012112830337666592,0.0,-0.0009340869589497405,-0.003553483009943508,-0.0005047321543097496,-0.00034933874756097795
2026-08-11,Ecopetrol,-0.007490671729157626,-0.00030066270214143954,0.0012218169209828708,0.0,-3.713974719696516e-05,-0.0027445981284585173,0.0008675347343087197,0.004003340065479278
2026-08-11,Grupo Bolivar,-0.0036663146677084727,-0.00033806883613281334,0.0004275978236073999,0.0,-1.6433540269089178e-05,-1.6483532455638907e-05,-3.236130997538566e-05,0.0011115087419748305
2026-08-11,Mineros SA,-0.004700361180331852,-0.0004463570461968805,-0.000677331795091479,0.0,0.0002840318559088718,-0.000786120058926473,-0.000748456858098507,-0.0005580198168754578
2026-08-11,Nutresa,-0.0015299295391960732,-0.0004458811741433134,-0.000677331795091479,0.0,0.0010475369270775707,0.0010474869197955629,0.00018202276527881617,0.00037854037806391716
2026-08-11,Promigas,0.0030211139442020063,0.0004003833880374708,0.000386395018663574,0.0,0.000259343749298741,0.0003275359678419993,0.0002115395590662956,0.0005267054103314877
2026-08-12,Banco Davivienda PF,0.00324939359830939,-0.0003214777909011067,0.0003560584649086925,0.0,-0.0006454253043854547,-0.0006454751584270469,-0.001067996546626091,-0.00024429263174533845
2026-08-12,Banco de Bogota,0.0071356000018103875,-0.0002002220954457399,7.547347134191411e-05,0.0,-0.0005811269192441125,-0.0005811775961336867,-8.49362090229988e-05,0.0003506257943809032
2026-08-12,Celsia,0.011161962665370409,-0.00014814445368766145,7.547347134191411e-05,0.0,0.00013322310298107535,-0.0015562408874485291,0.0004103013165295124,0.0022271257340908046
2026-08-12,ETB,0.0,-0.0002797123177052815,-0.00045847776733326507,0.0,-0.0009340869589497405,-0.002799842977638715,0.0003358266577124596,0.0005047249980270863
2026-08-12,Ecopetrol,-0.0018814680997055087,0.00016020898584983447,0.000882915530078046,0.0,-3.713974719696516e-05,-0.0006487971347906889,0.0007901759147644043,0.0031404645442962647
2026-08-12,Grupo Bolivar,0.011625108639065483,-0.0001721246581538054,7.547347134191411e-05,0.0,-1.6433540269089178e-05,-1.6483532455638907e-05,0.0006776534095406532,0.0019524087607860566
2026-08-12,Mineros SA,0.0,-0.0002377418698460416,7.547347134191411e-05,0.0,0.0002840318559088718,0.0007041687893575724,0.0003337087780237198,0.0014863862693309782
2026-08-12,Nutresa,0.0012113871862970882,-0.00021498223889396302,7.547347134191411e-05,0.0,0.0010475369270775707,0.0010474869197955629,0.001074997439980507,0.0017157777547836303
2026-08-12,Promigas,0.001507216704668461,-0.00021237911716099792,7.547347134191411e-05,0.0,0.000259343749298741,-0.0003277929527679485,0.0010256175473332403,0.0010386957079172132
2026-08-13,Banco Davivienda PF,0.0064672820402629765,-0.00020475520191788366,0.0001469346891617117,0.0,-0.0006454253043854547,-0.0006454751584270469,0.000574268352240324,8.590512722730637e-05
2026-08-13,Banco de Bogota,-0.00815911194769349,-0.00018037392720422787,0.0001469346891617117,0.0,-0.0005811269192441125,-0.0005811775961336867,2.2783387452363946e-05,-0.00023471246659755707
2026-08-13,Celsia,-0.010142074764624927,-8.008802778132705e-05,0.0001469346891617117,0.0,0.00013322310298107535,-0.001411358904108341,0.0008811585642397403,0.0006780777424573899
2026-08-13,ETB,0.0,-0.00026420553205259376,-0.00038701654951346745,0.0,-0.0009340869589497405,-0.002200159747029697,0.0001848907098174095,0.0001371485665440559
2026-08-13,Ecopetrol,0.01680711831638119,-0.00023628056748052653,0.0001469346891617117,0.0,-3.713974719696516e-05,-0.0001885057578494914,0.0007078792825341224,0.0020214411318302153
2026-08-13,Grupo Bolivar,-0.0005027206351468243,-0.00013549937256983146,0.0001469346891617117,0.0,-1.6433540269089178e-05,-1.6483532455638907e-05,5.051533877849578e-05,0.0005678567886352539
2026-08-13,Mineros SA,-0.01662746146049184,-0.0001285019528698453,0.0001469346891617117,0.0,0.0002840318559088718,0.0003079619071380317,0.000281043142080307,0.00144812673330307
2026-08-13,Nutresa,0.0,-8.449594913788639e-05,0.0001469346891617117,0.0,0.0010475369270775707,0.0010474869197955629,0.0008879662677645682,0.0016638325601816175
2026-08-13,Promigas,-0.0007736944293102691,-0.0001094410900763803,0.0001469346891617117,0.0,0.000259343749298741,-0.00014096784545887696,0.0006729592382907868,0.0009198327064514159
2026-08-14,Banco Davivienda PF,0.00962316969146113,-0.0003450204160056432,-0.0011509191096700617,0.0,-0.0006454253043854547,-0.0006454751584270469,0.0001298784390091896,-0.0008482896536588667
2026-08-14,Banco de Bogota,-0.019126925631260894,-0.00035109349911702226,-4.598949097118126e-05,0.0,-0.0005811269192441125,-0.0005811775961336867,0.0001195901371538639,0.0003920140601694584
2026-08-14,Celsia,0.011150647719509741,-0.0003165028320303927,-4.598949097118126e-05,0.0,0.00013322310298107535,0.002245929635273038,0.001083379987627268,0.001210816979408264
2026-08-14,ETB,0.0,-0.0005423454176674082,-0.0016848703483452409,0.0,-0.0009340869589497405,-0.002018157362454482,-0.0003414391502737999,-0.0005051675885915757
2026-08-14,Ecopetrol,-0.0018535686493229438,-9.779942650108945e-05,-0.0006991020728236806,0.0,-3.713974719696516e-05,0.00134508006695062,8.7689571082592e-05,-0.0008722533136606215
2026-08-14,Grupo Bolivar,-0.013158044133439788,-0.0003918354332749507,-0.0011509191096700617,0.0,-1.6433540269089178e-05,-1.6483532455638907e-05,7.292252033948899e-05,0.0004070729874074459
2026-08-14,Mineros SA,0.015448910941047557,-0.00020173458911100633,0.00011118075245386486,0.0,0.0002840318559088718,0.0017095381715437228,0.0004967676252126694,0.002683303952217102
2026-08-14,Nutresa,0.0,-0.0004443677923227004,-0.0011509191096700617,0.0,0.0010475369270775707,0.0010474869197955629,0.000794605165719986,0.0007500459961593152
2026-08-14,Promigas,-0.003100777678248271,-0.0003688340796099659,-0.0011509191096700617,0.0,0.000259343749298741,0.0003960134033566936,0.00047291657328605663,0.0005595870614051819
2026-08-18,Banco Davivienda PF,0.01583564366133814,-0.00036653739940167737,-0.00045918532395382446,0.0,-0.0006454253043854547,-0.0006454751584270469,-0.0005738809928297996,-0.0022020192444324495
2026-08-18,Banco de Bogota,0.013478605430970193,-8.855231252589532e-05,0.00012051246302782233,0.0,-0.0005811269192441125,-0.0005811775961336867,-0.00018268033117055895,0.0016559510976076127
2026-08-18,Celsia,0.0020140993717011856,-0.0004669327959672885,-0.00045918532395382446,0.0,0.00013322310298107535,-0.0016173882887557645,-0.0006635154411196709,-0.0010613139867782593
2026-08-18,ETB,-0.03390155167568134,-0.00045021550657561583,-0.0009931365626290039,0.0,-0.0009340869589497405,-0.0018681252001964581,-0.0007458827383816242,-0.0010936760008335115
2026-08-18,Ecopetrol,0.02020270731751947,-0.00021292788442312744,1.0319872989334124e-06,0.0,-3.713974719696516e-05,-0.0001862163283188777,0.00011977052688598631,-0.001205649495124817
2026-08-18,Grupo Bolivar,0.0,-0.00038074618652079556,4.857949720662759e-06,0.0,-1.6433540269089178e-05,-1.6483532455638907e-05,-0.0001166389398276806,0.0011787457317113876
2026-08-18,Mineros SA,-0.00236127618567982,-0.0005199119512383632,-0.00045918532395382446,0.0,0.0002840318559088718,-0.0009942709645085798,-0.0012967167273163797,-0.0005493156760931015
2026-08-18,Nutresa,-0.0004461298311781861,-0.0005062335921980482,-0.00045918532395382446,0.0,0.0010475369270775707,0.0010474869197955629,0.00017417700588703155,-5.2171770483255375e-05
2026-08-18,Promigas,-0.009360442759563695,-0.00044891951251766225,-0.00045918532395382446,0.0,0.000259343749298741,0.001019235976725988,-7.851198315620423e-05,-5.508629232645033e-05
2026-08-19,Banco Davivienda PF,-0.02063565287737007,-0.00028715962506115284,7.547347134191411e-05,0.0,-0.0006454253043854547,-0.0006454751584270469,-0.0001395523250102997,-0.0021504749208688737
2026-08-19,Banco de Bogota,0.001543663504499481,-0.00030309897220912713,7.547347134191411e-05,0.0,-0.0005811269192441125,-0.0005811775961336867,-0.0007547728568315506,-0.0005409377738833426
2026-08-19,Celsia,-0.01725055461379124,-0.0002180849122441168,7.547347134191411e-05,0.0,0.00013322310298107535,0.0006026992891010993,0.0006111313663423061,-0.0004148044437170029
2026-08-19,ETB,0.0068728792877620504,0.0012802193927011114,0.00296449461891723,0.0,-0.0009340869589497405,0.007668783423304354,0.0014713600277900696,0.0028902246952056884
2026-08-19,Ecopetrol,-0.010969031370573933,-0.0004427282890321943,3.322390493831984e-05,0.0,-3.713974719696516e-05,0.0016237221773303756,-9.183399379253385e-05,-0.0023046648502349854
2026-08-19,Grupo Bolivar,0.003051882588569227,-0.0002422066309358443,7.547347134191411e-05,0.0,-1.6433540269089178e-05,-1.6483532455638907e-05,0.000262552198022604,0.0009866296499967575
2026-08-19,Mineros SA,0.02221014732565602,-0.0002801946831124721,7.547347134191411e-05,0.0,0.0002840318559088718,0.0005070006277159681,7.327276468276978e-05,0.0004197582826018334
2026-08-19,Nutresa,0.0,-0.0002487476573438075,7.547347134191411e-05,0.0,0.0010475369270775707,0.0010474869197955629,0.0008420275598764419,0.0006934977322816849
2026-08-19,Promigas,-0.0031397200046677527,-0.00017575273951863399,0.0005395167450164021,0.0,0.000259343749298741,0.002516957469984564,0.0007559169381856918,0.0011428300738334654
2026-08-20,Banco Davivienda PF,-0.0016051367812284334,-0.00018036479680245114,0.00012451242438664116,0.0,-0.0006454253043854547,-0.0006454751584270469,0.00013249713554978372,0.0001841139458119869
2026-08-20,Banco de Bogota,-0.007223966937808833,-0.00044042851756099675,-0.0011375874377372852,0.0,-0.0005811269192441125,-0.0005811775961336867,-8.469638228416441e-05,-0.001168587327003479
2026-08-20,Celsia,-0.013395357432237163,-0.00022944267631915685,0.00012451242438664116,0.0,0.00013322310298107535,0.0023292024082768436,0.0007490669041872024,0.0011728801131248474
2026-08-20,ETB,0.0,0.000194117058351484,0.0004961460650808427,0.0,-0.0009340869589497405,-0.0010799177709710237,-0.0007208582684397698,6.0676157474517834e-05
2026-08-20,Ecopetrol,-0.00923367594694544,-0.0003345121051317392,-3.265781903840496e-05,0.0,-3.713974719696516e-05,-0.0009342314057872984,0.0004852320924401284,-0.0009851188287138938
2026-08-20,Grupo Bolivar,-0.004326212751567228,-0.00045837615406739527,-0.0011375874377372852,0.0,-1.6433540269089178e-05,-1.6483532455638907e-05,-7.612850889563562e-05,8.301921188831352e-07
2026-08-20,Mineros SA,0.016055390753297778,-0.0006987666231559033,-0.0011798370041408797,0.0,0.0002840318559088718,-0.0015641949097373819,-0.001632277876138687,-0.0018516503274440765
2026-08-20,Nutresa,0.0,-0.0005233092101002547,-0.0011375874377372852,0.0,0.0010475369270775707,0.0010474869197955629,0.00046892529726028445,-2.63243243098259e-05
2026-08-20,Promigas,-0.00314960890289622,-0.00040377022313108513,-0.0011375874377372852,0.0,0.000259343749298741,0.001489228868686381,0.00015090331807732582,0.0003801820687949657
2026-08-21,Banco Davivienda PF,0.0008028904485905621,-0.00045863906037253764,-0.0011375874377372852,0.0,-0.0006454253043854547,-0.0006454751584270469,-0.0004429385885596275,-0.00022717636451125142
2026-08-21,Banco de Bogota,0.00979138882390245,-0.0003734822844520206,-0.000321290781796607,0.0,-0.0005811269192441125,-0.0005811775961336867,0.00016716866567730902,-0.0002522195428609849
2026-08-21,Celsia,-0.002076843944839117,-0.00010710466194128002,0.00042755949221435303,0.0,0.00013322310298107535,6.976792714968619e-05,0.0004269139543175697,0.0017229173481464386
2026-08-21,ETB,-0.020761991448429128,-0.000117830073382393,-2.998132965507251e-05,0.0,-0.0009340869589497405,0.0030616729024107846,0.00016917330771684644,-0.0006488163620233537
2026-08-21,Ecopetrol,-0.016838564362829593,-0.0004738375143153171,-3.265781903840496e-05,0.0,-3.713974719696516e-05,-0.0007918281004000141,0.0004105668216943741,-5.142686888575552e-05
2026-08-21,Grupo Bolivar,0.0,-0.0004641002204305248,-0.0011375874377372852,0.0,-1.6433540269089178e-05,-1.6483532455638907e-05,0.00018266179040074348,0.0003034191429615021
2026-08-21,Mineros SA,0.01803882058967835,-0.00048750232320160514,-0.0011375874377372852,0.0,0.0002840318559088718,-0.001045392881808515,-0.00047710663080215447,-0.0020677960962057116
2026-08-21,Nutresa,0.0003186844732029365,-0.000599582622836575,-0.0011375874377372852,0.0,0.0010475369270775707,0.0010474869197955629,0.0007206574007868766,-8.070671558380129e-05
2026-08-21,Promigas,-0.01110241380430527,-0.0003901690889108479,-0.0011375874377372852,0.0,0.000259343749298741,0.001267746189255771,0.00039690380915999415,0.0002755786553025246
2026-08-24,Banco Davivienda PF,0.04242584410222966,-0.0003899736076200312,-0.0011509191096700617,0.0,-0.0006454253043854547,-0.0006454751584270469,1.5648283064365404e-05,-0.00013393402099609372
2026-08-24,Banco de Bogota,0.022814614223447202,-0.00039631184733435307,-0.0011509191096700617,0.0,-0.0005811269192441125,-0.0005811775961336867,-0.00023611895740032192,-0.0008052346706390381
2026-08-24,Celsia,-0.0010400416954139703,-0.0003830324567752367,-0.0011509191096700617,0.0,0.00013322310298107535,-0.0011355920558230714,0.0007882827930152418,0.001238942041993141
2026-08-24,ETB,0.04779066383634848,0.0004235299491811099,0.0013097147427040697,0.0,-0.0009340869589497405,0.005788399445233552,0.0016908369064331055,0.0016229193359613419
2026-08-24,Ecopetrol,0.014981553615616894,-0.0001049800960388636,0.00011118075245386486,0.0,-3.713974719696516e-05,-0.0014158854161393944,0.0007625609934329986,0.0014287325888872146
2026-08-24,Grupo Bolivar,0.01468371696695115,-0.0004180706023043951,-0.0011509191096700617,0.0,-1.6433540269089178e-05,-1.6483532455638907e-05,0.0005680243968963622,0.0006026574708521366
2026-08-24,Mineros SA,0.0329700192375699,-0.0007124145862585429,-0.0011593193840764404,0.0,0.0002840318559088718,-0.0012125818533415661,-0.0001066641435027122,-0.0017306192219257352
2026-08-24,Nutresa,-0.0010839418283217779,-0.00044222130226696094,-0.0011509191096700617,0.0,0.0010475369270775707,0.0010474869197955629,0.0010614769905805586,0.0006626433543860912
2026-08-24,Promigas,0.0031847160675199195,9.130974021419226e-05,0.00041422782028157674,0.0,0.000259343749298741,0.00295008767790167,0.0010248951762914659,0.0014289035648107529
2026-08-25,Banco Davivienda PF,-0.015504186535965199,0.0011144764155580965,0.0016823358732704634,0.0,-0.0006454253043854547,-0.0006454751584270469,-0.0006425950527191162,-0.0003041870929300785
2026-08-25,Banco de Bogota,-0.000501364302711653,6.658595580178718e-05,0.0004226832817618017,0.0,-0.0005811269192441125,-0.0005811775961336867,3.828778862953184e-05,0.0001448628455400467
2026-08-25,Celsia,-0.0020833340868542517,0.0005118653991940495,0.000832667423349116,0.0,0.00013322310298107535,-7.951442643128805e-05,0.001264090586453676,0.002768968105316162
2026-08-25,ETB,0.125163142954006,0.0010332098118400902,0.0012272381346572177,0.0,-0.0009340869589497405,-0.012816370671573986,-0.0007690683901309968,-0.0002802103944122791
2026-08-25,Ecopetrol,-0.032108518408417545,0.00010710660740524625,0.00046493284816539603,0.0,-3.713974719696516e-05,0.0011952741862373683,0.0001941698044538498,0.001498715803027153
2026-08-25,Grupo Bolivar,0.004513594898564428,0.00015508376373883493,0.00046493284816539603,0.0,-1.6433540269089178e-05,-1.6483532455638907e-05,5.600161105394362e-05,0.001658632069826126
2026-08-25,Mineros SA,0.005390848634876373,-2.8213957240991726e-05,-0.0011591151723978183,0.0,0.0002840318559088718,-0.002471175275658969,-0.0008022710531949996,-0.00026992087811231614
2026-08-25,Nutresa,0.0,0.00012853691847778916,0.00046493284816539603,0.0,0.0010475369270775707,0.0010474869197955629,0.0011015406250953674,0.002928051888942718
2026-08-25,Promigas,0.00158856268513774,0.000318658303132238,0.000832667423349116,0.0,0.000259343749298741,0.00020727631345722028,0.000380683321505785,0.0025143545269966125
2026-08-26,Banco Davivienda PF,-0.0015637219761827587,1.4043135002963696e-05,-0.00044055310585284303,0.0,-0.0006454253043854547,-0.0006454751584270469,0.0007340183816850186,0.0015882775485515596
2026-08-26,Banco de Bogota,0.0074778898559587845,-4.9655829463072396e-05,0.0001282991736807354,0.0,-0.0005811269192441125,-0.0005811775961336867,0.0006026651933789253,0.0006113329082727432
2026-08-26,Celsia,-0.008377012338047905,0.0002133196564468609,0.0004960337488644556,0.0,0.00013322310298107535,0.00035085645709043525,0.00086273954808712,0.0024866329431533813
2026-08-26,ETB,0.06269859421556398,-0.0012111706030709666,0.001699117603916908,0.0,-0.0009340869589497405,-0.03593807383593746,-0.002242290571331978,-0.00448196142911911
2026-08-26,Ecopetrol,-0.01158314108963076,0.001235904649182165,0.001891631795628302,0.0,-3.713974719696516e-05,-0.0026689381911478515,0.001177425041794777,0.004543955266475677
2026-08-26,Grupo Bolivar,-0.007029868928281092,-1.9293257055345674e-05,0.0001282991736807354,0.0,-1.6433540269089178e-05,-1.6483532455638907e-05,-7.499850913882256e-05,0.0014329379945993424
2026-08-26,Mineros SA,-0.0032310205814464203,-5.933547819103483e-06,0.0001282991736807354,0.0,0.0002840318559088718,-0.0001464481367282223,7.03478828072548e-05,0.00021671704202890396
2026-08-26,Nutresa,0.0006377551236571413,-0.0001311446728187715,0.0001282991736807354,0.0,0.0010475369270775707,0.0010474869197955629,0.0008753470480442046,0.002496907472610474
2026-08-26,Promigas,0.0,3.1096342556388523e-06,0.0001282991736807354,0.0,0.000259343749298741,-4.223731967352949e-05,0.00011438004672527317,0.0020182526409626006
2026-08-27,Banco Davivienda PF,-0.011806512586988952,-8.918857067884001e-05,0.0001282991736807354,0.0,-0.0006454253043854547,-0.0006454751584270469,-0.0009024950340390206,0.0013172303438186647
2026-08-27,Banco de Bogota,0.0,-8.984968357439059e-05,0.0001282991736807354,0.0,-0.0005811269192441125,-0.0005811775961336867,-0.0008719718605279921,-0.0001827704720199108
2026-08-27,Celsia,0.0010509722459750015,0.00017425569555422663,0.0009600770225389437,0.0,0.00013322310298107535,0.0008485884655304135,-0.000157363161444664,0.0028412005752325056
2026-08-27,ETB,0.0,-0.0013575128384586655,0.0018950433816705187,0.0,-0.0009340869589497405,-0.033575987720835754,-0.0003236609250307083,-0.007702566981315611
2026-08-27,Ecopetrol,0.02113431207397379,0.0006916508521550035,0.0015435621181937298,0.0,-3.713974719696516e-05,-0.000984625263249244,-0.000684029635041952,0.004225631713867187
2026-08-27,Grupo Bolivar,0.009778159536735725,-5.341490754093759e-05,0.0004096138376809519,0.0,-1.6433540269089178e-05,-1.6483532455638907e-05,-0.0006495203375816345,0.0020174349695444107
2026-08-27,Mineros SA,0.0,-0.0001706964996460443,0.0001282991736807354,0.0,0.0002840318559088718,0.0005803138694337619,-0.000858559623360634,0.000873043328523636
2026-08-27,Nutresa,0.0,0.0008461108849560226,0.0011920259874357874,0.0,0.0010475369270775707,0.0010474869197955629,-5.971520394086839e-05,0.0023193082958459853
2026-08-27,Promigas,0.0015860431556347797,-9.38390990002446e-05,0.0001282991736807354,0.0,0.000259343749298741,0.00024914075393971135,-0.0006201573833823203,0.0015547958314418794
2026-08-28,Banco Davivienda PF,0.0,0.00012920794321818913,0.0007621067816641045,0.0,-0.0006454253043854547,-0.0006454751584270469,-0.0008292991816997528,0.0015847922638058663
2026-08-28,Banco de Bogota,-0.01663764115302325,-5.9850490245926914e-05,0.0002980635079896163,0.0,-0.0005811269192441125,-0.0005811775961336867,-0.0005042506493628024,-0.0004911808893084526
2026-08-28,Celsia,0.007326040092072881,-3.091789293609988e-05,0.0002980635079896163,0.0,0.00013322310298107535,-0.0007151160050637717,-0.0005549097731709481,0.0012593730613589286
2026-08-28,ETB,0.03794493156412347,-0.004237700181253656,-0.006543736576128112,0.0,-0.0009340869589497405,-0.02850910354680165,-8.958780765533449e-05,-0.00613941365480423
2026-08-28,Ecopetrol,0.005687219120589514,6.290600776052463e-05,0.0006235485167697424,0.0,-3.713974719696516e-05,0.0017001696847558129,-0.0007574255838990212,-0.00013727495446801187
2026-08-28,Grupo Bolivar,0.002491917403675102,0.0005082423721717555,0.0013617903217446677,0.0,-1.6433540269089178e-05,-1.6483532455638907e-05,-0.0007492814064025879,0.00025944557785987857
2026-08-28,Mineros SA,-0.009756174945364685,-2.535526651495672e-05,0.0002980635079896163,0.0,0.0002840318559088718,0.0003079619071380318,-0.000851584978401661,0.0005375810414552689
2026-08-28,Nutresa,0.0,0.00010254596894051623,0.0002980635079896163,0.0,0.0010475369270775707,0.0010474869197955629,0.00027425128221511845,0.001367560029029846
2026-08-28,Promigas,0.011032420803576632,-6.027691843738864e-05,0.0002980635079896163,0.0,0.000259343749298741,-3.25793346622371e-05,-0.00043587126582860956,0.0004835216552019119
2026-08-31,Banco Davivienda PF,0.0023724803536303955,-0.0001091600640148089,0.0002980635079896163,0.0,-0.0006454253043854547,-0.0006454751584270469,-0.0013534861356019972,0.0007055201679468154
2026-08-31,Banco de Bogota,0.0005082592231396135,-4.897982585755451e-05,0.000877761294971264,0.0,-0.0005811269192441125,-0.0005811775961336867,-0.00015332172065973284,0.0012442329376935958
2026-08-31,Celsia,0.007272759329079878,-0.00016759002624368627,0.0002980635079896163,0.0,0.00013322310298107535,-0.000680173282278415,-0.00039577107131481175,0.00017380465194582936
2026-08-31,ETB,-0.032435275753153844,-0.0024247622894519,-0.0018599357512487764,0.0,-0.0009340869589497405,-0.03254346387260781,-0.0007119239009916783,-0.00528354012966156
2026-08-31,Ecopetrol,0.0056550574833450565,-0.00016974328052126315,0.0002980635079896163,0.0,-3.713974719696516e-05,0.00043258088695950124,-0.00013853105902671814,-0.0006573794595897197
2026-08-31,Grupo Bolivar,0.002237438458135801,-0.00016449494559918335,0.0002980635079896163,0.0,-1.6433540269089178e-05,-1.6483532455638907e-05,-0.00019419619813561436,0.00016356049850583076
2026-08-31,Mineros SA,0.03321140798943736,-1.0403196693265703e-05,0.0007621067816641045,0.0,0.0002840318559088718,0.0011303377861802532,-0.0006679555103182793,0.001538711726665497
2026-08-31,Nutresa,0.0004461867046645717,0.0007085670061677056,0.0013617903217446677,0.0,0.0010475369270775707,0.0010474869197955629,0.00038399226963520044,0.0013641204237937927
2026-08-31,Promigas,-0.03997334740857852,-0.00015392248736129164,0.0002980635079896163,0.0,0.000259343749298741,-0.002149420666312472,-0.00026516025513410575,-0.0005209397934377194
2026-09-01,Banco Davivienda PF,-0.012718772407774671,-0.00011064476007682344,-0.0003191874779055119,0.0,-0.0006454253043854547,-0.0006454751584270469,-0.0013563410192728043,-0.0010678284764289857
2026-09-01,Banco de Bogota,-0.0010167769050868354,0.0007320505473623028,0.0006447391345696926,0.0,-0.0005811269192441125,-0.0005811775961336867,-0.0020583529472351075,-0.00040081021562218664
2026-09-01,Celsia,-0.010405921161116693,-0.0002770128581819031,-0.0004189876791853609,0.0,0.00013322310298107535,7.283126130424282e-05,-0.001016109846532345,-0.0016744119822978975
2026-09-01,ETB,-0.08004270767353637,-0.0015868296295063204,-0.0019800784191359934,0.0,-0.0009340869589497405,-0.005286180806029099,0.0011883960664272309,-0.0017593934834003449
2026-09-01,Ecopetrol,0.03509131981127019,-0.00023104646811678912,-0.0004189876791853609,0.0,-3.713974719696516e-05,0.00042994170227841655,-0.0010468192398548127,-0.002127494037151337
2026-09-01,Grupo Bolivar,0.0002482847254800658,-0.0002563624590604177,-0.0004189876791853609,0.0,-1.6433540269089178e-05,-1.6483532455638907e-05,-0.0008434256613254548,-0.0010808059126138686
2026-09-01,Mineros SA,-0.027779564107075706,0.00041026562749026324,0.0006024895681660983,0.0,0.0002840318559088718,-0.0024915226236841524,-0.002572486221790314,-0.002376533880829811
2026-09-01,Nutresa,-0.009090389722062985,0.00023671815167847324,-0.0004189876791853609,0.0,0.0010475369270775707,0.0010474869197955629,-0.0004608027152717114,1.4877423644065856e-05
2026-09-01,Promigas,0.02098543516388702,0.0027736234702047794,0.002828101601715819,0.0,0.000259343749298741,0.008488846329291025,0.0010889600068330764,0.003120614990592003
2026-09-02,Banco Davivienda PF,-0.0008003201707691552,-0.0006647317844858179,-0.00013847999635470507,0.0,-0.0006454253043854547,-0.0006454751584270469,-0.0014996805638074874,-0.0014852147698402405
2026-09-02,Banco de Bogota,-0.002036660581803459,-0.0007659451883530622,-0.0014356925524024722,0.0,-0.0005811269192441125,-0.0005811775961336867,-0.0018471637293696406,-0.0023305219411849975
2026-09-02,Celsia,-0.006295928456814812,-0.0006722800525066127,-0.00033076293370359243,0.0,0.00013322310298107535,0.0019749143801728974,-0.0009929094612598419,-0.002026846051216125
2026-09-02,ETB,0.26053108338583014,0.011981516537332844,0.014386654990625448,0.0,-0.0009340869589497405,0.010899691946672129,0.0014684527069330215,0.006731763422489166
2026-09-02,Ecopetrol,0.003623192369420331,-0.0013032587981796767,-0.003059740572965685,0.0,-3.713974719696516e-05,0.0028454820559536114,-0.0014856549091637136,-0.005918040990829468
2026-09-02,Grupo Bolivar,0.005446822290646051,-0.0007089858472492,-0.0014356925524024722,0.0,-1.6433540269089178e-05,-1.6483532455638907e-05,-0.0004973305799067021,-0.0025784732103347778
2026-09-02,Mineros SA,0.017186244705410643,0.0005867547843452229,0.0012283546615411139,0.0,0.0002840318559088718,0.0026495807874780436,0.00025528829917311667,-0.000385092094540596
2026-09-02,Nutresa,0.005579262236130169,-0.00018251049721451794,-0.00033076293370359243,0.0,0.0010475369270775707,0.0010474869197955629,-0.0005121629014611243,-0.0008450355641543867
2026-09-02,Promigas,0.003189795368100081,0.0005828385707803872,-9.138074508064013e-05,0.0,0.000259343749298741,-0.00246093543563763,-0.00176982082426548,-0.0019816188067197796
2026-09-03,Banco Davivienda PF,0.019033088431828892,1.648413655761365e-05,0.0005647330494452452,0.0,-0.0006454253043854547,-0.0006454751584270469,0.00036533994227647777,0.002786632776260376
2026-09-03,Banco de Bogota,-0.009731190747868271,5.401007333849165e-05,0.00046493284816539603,0.0,-0.0005811269192441125,-0.0005811775961336867,0.0007153607644140721,0.002540031582117081
2026-09-03,Celsia,0.00210305019677889,0.0009520610462246726,0.0018099743259206644,0.0,0.00013322310298107535,-3.011104526986514e-06,0.0011951222978532315,0.0032145068645477296
2026-09-03,ETB,0.1528392042294475,-0.002350535730662977,-0.004109823142063487,0.0,-0.0009340869589497405,-0.07049544582984575,-0.0059742948710918425,-0.0026671963036060333
2026-09-03,Ecopetrol,-0.027499441360550336,-3.594797980600889e-05,0.00046493284816539603,0.0,-3.713974719696516e-05,0.00026320680498631273,0.0012461430355906486,0.0011248746067285536
2026-09-03,Grupo Bolivar,-0.0017298330034286264,-9.34041476638016e-05,0.00046493284816539603,0.0,-1.6433540269089178e-05,-1.6483532455638907e-05,0.00038403993472456926,0.0027459215521812436
2026-09-03,Mineros SA,0.01479942444593925,-4.927945513895082e-05,0.0009139860732896682,0.0,0.0002840318559088718,-0.0011407157945427769,-0.0006710564345121384,0.0029799930155277256
2026-09-03,Nutresa,0.0,0.0003386139472780992,0.00046493284816539603,0.0,0.0010475369270775707,0.0010474869197955629,0.001370436802506447,0.0035042648315429686
2026-09-03,Promigas,-0.0031897953681001494,-0.0001817229220893509,0.00046493284816539603,0.0,0.000259343749298741,-0.0009712716161744972,0.0015097211301326754,0.0026389160156250003
2026-09-04,Banco Davivienda PF,0.02021841811319302,-4.6283018040372104e-05,0.00039687853066145155,0.0,-0.0006454253043854547,-0.0006454751584270469,-9.97191220521927e-05,0.0019492191374301912
2026-09-04,Banco de Bogota,0.0,0.0003894413282333458,0.0009691222800221676,0.0,-0.0005811269192441125,-0.0005811775961336867,0.0008950319439172743,0.0035241886377334595
2026-09-04,Celsia,-0.0021030501967787877,6.239488209427828e-05,0.00040527880506783024,0.0,0.00013322310298107535,-0.0008690638408034757,0.0011544238328933718,0.0032264847755432134
2026-09-04,ETB,-0.04016604172533476,-0.0008275576240581365,0.001136479240894937,0.0,-0.0009340869589497405,-0.05220708798212193,0.0004072677940130234,-0.003660724937915802
2026-09-04,Ecopetrol,0.0037105793965355534,0.00018278694220306348,0.0010340389705643938,0.0,-3.713974719696516e-05,-0.0022907172241550585,0.001619497790932655,0.004023269534111024
2026-09-04,Grupo Bolivar,0.003703224425908958,-2.8773772037505683e-05,0.00040527880506783024,0.0,-1.6433540269089178e-05,-1.6483532455638907e-05,0.0005861519053578377,0.003448170185089112
2026-09-04,Mineros SA,0.017681167843226445,-2.7144897029955147e-05,0.00040527880506783024,0.0,0.0002840318559088718,-0.0009395238909544592,5.431979894638056e-06,0.0027105500102043156
2026-09-04,Nutresa,-0.0009597236732676929,0.0005083627891205087,0.00040527880506783024,0.0,0.0010475369270775707,0.0010474869197955629,0.0019466442167758943,0.0038850449919700623
2026-09-04,Promigas,0.003189795368100081,-2.874140476210939e-05,0.00040527880506783024,0.0,0.000259343749298741,0.0007410840512782596,0.0018089468032121657,0.0033593429327011108
2026-09-08,Banco Davivienda PF,-0.014734659756936667,-5.7644375966008875e-06,0.0002782363489116621,0.0,-0.0006454253043854547,-0.0006454751584270469,-0.0004111528992652894,-0.00034692837297916414
2026-09-08,Banco de Bogota,0.01278462823475872,8.197617866565903e-05,0.00032048591531525633,0.0,-0.0005811269192441125,-0.0005811775961336867,-0.00035397625342011447,0.0024473558664321903
2026-09-08,Celsia,0.010471299867295437,9.200246226203703e-05,0.00032048591531525633,0.0,0.00013322310298107535,0.00046185017015001125,0.0006789181530475616,0.0026795513033866882
2026-09-08,ETB,0.10863384100279537,-0.005701111529275974,-0.012391549090779153,0.0,-0.0009340869589497405,-0.03716427016464015,0.0031164442598819726,0.0009631816297769547
2026-09-08,Ecopetrol,0.025595547188963723,0.00022877013607795098,0.0008466133100511716,0.0,-3.713974719696516e-05,0.0002703777864116371,0.00030066344141960134,0.002326020836830139
2026-09-08,Grupo Bolivar,0.0002463882697664717,1.0148420582009229e-05,0.00032048591531525633,0.0,-1.6433540269089178e-05,-1.6483532455638907e-05,-0.00015263551101088525,0.002322860985994339
2026-09-08,Mineros SA,0.009235571033081844,-0.00011509458698829982,0.00031208564090887765,0.0,0.0002840318559088718,-0.00118243428081418,-0.001038084104657173,0.0006646527089178561
2026-09-08,Nutresa,0.011329762844815553,0.0005451385388313662,0.00032048591531525633,0.0,0.0010475369270775707,0.0010474869197955629,0.0012188603430986406,0.003255642235279083
2026-09-08,Promigas,0.009508787969027356,9.984936927384226e-05,0.00032048591531525633,0.0,0.000259343749298741,-0.000274509784805276,0.0005939421355724334,0.002132362723350525
2026-09-09,Banco Davivienda PF,0.007782140442054949,0.0001355492348177256,0.0009001837022969039,0.0,-0.0006454253043854547,-0.0006454751584270469,0.0009843077808618546,0.0027659678459167484
2026-09-09,Banco de Bogota,-0.007139245009470652,7.224512232556082e-05,0.00032048591531525633,0.0,-0.0005811269192441125,-0.0005811775961336867,0.0006248313114047051,0.002188535124063492
2026-09-09,Celsia,0.010362787035546658,9.107342705820579e-05,0.00032048591531525633,0.0,0.00013322310298107535,-0.0010204923937835277,0.001099170222878456,0.0027541530132293704
2026-09-09,ETB,0.007326040092072881,-0.007738161732010723,-0.011546027753394793,0.0,-0.0009340869589497405,-0.07138689484629192,-0.004009419560432434,-0.002616096168756485
2026-09-09,Ecopetrol,-0.0036166404701885504,7.839729405029757e-06,0.0002782363489116621,0.0,-3.713974719696516e-05,0.0020662587393864983,0.0003662928193807602,0.0013877181261777879
2026-09-09,Grupo Bolivar,0.008747110867719808,0.00011157311249777125,0.00032048591531525633,0.0,-1.6433540269089178e-05,-1.6483532455638907e-05,0.00021018388122320174,0.0033487510085105894
2026-09-09,Mineros SA,0.013191464754362503,0.00012671068933800504,0.00032048591531525633,0.0,0.0002840318559088718,-0.0004705307797316433,0.00013979239761829375,0.0021741432249546048
2026-09-09,Nutresa,0.0,0.00034773510761457193,0.00032048591531525633,0.0,0.0010475369270775707,0.0010474869197955629,0.0016058684960007668,0.003196486413478851
2026-09-09,Promigas,-0.0015785322930497267,7.132647291142508e-05,0.00032048591531525633,0.0,0.000259343749298741,-0.001870521270391136,0.0004930393397808076,0.0025248445868492125
2026-09-10,Banco Davivienda PF,0.015384918839479456,0.00018063487217186792,0.00046493284816539603,0.0,-0.0006454253043854547,-0.0006454751584270469,-0.0005953214988112449,0.001574434995651245
2026-09-10,Banco de Bogota,-0.0030753484002476487,0.0002527139869341688,0.0007462475121656125,0.0,-0.0005811269192441125,-0.0005811775961336867,0.0007434335947036744,0.0026701408624649047
2026-09-10,Celsia,0.0344512287542461,0.0001739360524510584,0.00046493284816539603,0.0,0.00013322310298107535,-9.594504276083605e-05,0.0005710163414478302,0.0017027443796396255
2026-09-10,ETB,-0.07579383936953367,-0.003628777241950843,-0.0017343984479818348,0.0,-0.0009340869589497405,-0.0239967119890558,0.0024737429916858672,-0.002079701513051987
2026-09-10,Ecopetrol,0.010810916104215676,0.000238987800386029,0.00046493284816539603,0.0,-3.713974719696516e-05,-0.000330894041891512,0.0006415906846523286,0.0019197756648063659
2026-09-10,Grupo Bolivar,-0.007376478001216145,7.580641120655569e-05,0.00046493284816539603,0.0,-1.6433540269089178e-05,-1.6483532455638907e-05,-0.0003861886225640774,0.0021569880843162535
2026-09-10,Mineros SA,0.009031672030347757,0.00014689887232818824,0.00046493284816539603,0.0,0.0002840318559088718,-0.0008039843713958075,-0.0007334277257323265,0.0013201154023408889
2026-09-10,Nutresa,-0.0033600690946486798,0.0004557949801826614,0.00046493284816539603,0.0,0.0010475369270775707,0.0010474869197955629,0.0017322359234094621,0.0030759871602058413
2026-09-10,Promigas,-0.006339165443735654,0.00015694099612030538,0.00046493284816539603,0.0,0.000259343749298741,0.00019479460673628505,0.0005472937524318695,0.0026028006672859194
2026-09-11,Banco Davivienda PF,-0.034164813491075696,0.0001094011686704126,-0.0003965652718597209,0.0,-0.0006454253043854547,-0.0006454751584270469,-0.0006994462162256242,-0.00026137249171733856
2026-09-11,Banco de Bogota,0.0005132153050804507,8.06586263439662e-05,-0.0003965652718597209,0.0,-0.0005811269192441125,-0.0005811775961336867,0.00018829308077692987,0.0020525650382041934
2026-09-11,Celsia,-0.04481401578979254,-0.00018041411671704296,-0.0020206132924229328,0.0,0.00013322310298107535,-0.0023665268889742196,-8.041393011808397e-05,-0.001164530798792839
2026-09-11,ETB,-0.056695343676545294,0.0070775347211830195,0.0025009986838824996,0.0,-0.0009340869589497405,-0.005906232362873398,0.002867920607328415,0.007332433700561523
2026-09-11,Ecopetrol,-0.021739986636405875,0.00010174557457197912,-0.0003965652718597209,0.0,-3.713974719696516e-05,0.000853031577542311,0.00011491199210286146,0.000279069259762764
2026-09-11,Grupo Bolivar,-0.014417351392813455,0.00017078401340976082,0.0004197313840809566,0.0,-1.6433540269089178e-05,-1.6483532455638907e-05,0.00022773495316505432,0.0026159414350986477
2026-09-11,Mineros SA,0.018803126963096092,0.00010012168324218093,-0.0003965652718597209,0.0,0.0002840318559088718,-0.00045334354984407894,-0.0004821279272437096,0.0006393358223140239
2026-09-11,Nutresa,0.00651962938501721,0.00021809305032961926,-0.0003965652718597209,0.0,0.0010475369270775707,0.0010474869197955629,0.0016272343695163728,0.0028486553430557256
2026-09-11,Promigas,0.004758137446416798,0.00014406823221643729,0.0004197313840809566,0.0,0.000259343749298741,0.001680126212270363,0.0006258146874606609,0.002492809385061264
2026-09-14,Banco Davivienda PF,0.007083854888405042,0.0007049317140971962,0.0031717746893512367,0.0,-0.0006454253043854547,-0.0006454751584270469,0.0011852631121873855,0.002973616659641266
2026-09-14,Banco de Bogota,-0.015512203499860933,-0.0003324435284638106,0.0005808257266141177,0.0,-0.0005811269192441125,-0.0005811775961336867,-8.399729430675498e-05,0.00029440856352448463
2026-09-14,Celsia,0.026723070140753508,0.0015678931115730387,0.0031717746893512367,0.0,0.00013322310298107535,0.007812152808805988,0.0026063413321971893,0.003682064890861511
2026-09-14,ETB,0.04879016416943204,-0.00043788560660352517,0.005086544981972647,0.0,-0.0009340869589497405,0.0024480868877789887,0.0007894952595233918,0.009069641351699829
2026-09-14,Ecopetrol,0.012739025777429712,6.777689947981742e-05,0.0019338534709060367,0.0,-3.713974719696516e-05,-0.0018180962389786155,0.0010769528448581695,0.0016778980493545534
2026-09-14,Grupo Bolivar,0.0007508447355630195,-0.0002099543410069059,0.0016857553453129967,0.0,-1.6433540269089178e-05,-1.6483532455638907e-05,0.0007534512430429458,0.00259692046046257
2026-09-14,Mineros SA,0.0019588644853329716,-0.0005664069756461525,0.0005724254522077391,0.0,0.0002840318559088718,-0.0012770074227083416,-0.0008545283749699593,-0.0014269315451383591
2026-09-14,Nutresa,-0.031077304740841607,-0.000160421249354209,0.0005808257266141177,0.0,0.0010475369270775707,0.0010474869197955629,0.001392717882990837,0.0006771673262119294
2026-09-14,Promigas,-0.0015835316056442737,-0.00031338843493867443,0.0005808257266141177,0.0,0.000259343749298741,-0.0004114459167267975,0.0005988680869340897,0.0003670439422130585
