Date,empresa,rendimiento,varianza_garch,varianza_constante,varianza_ewma,garch_convergio
2025-01-02,Celsia,0.013495467748315568,2.0598241760748777,3.35641939074659,0.8061288882251084,True
2025-01-03,Celsia,0.0,2.3810887593222634,3.35641939074659,0.8670377447790973,True
2025-01-07,Celsia,0.0026772911049234684,2.1999021257431326,3.35641939074659,0.8150154800923515,True
2025-01-08,Celsia,-0.0026772911049235282,2.0819508195776297,3.35641939074659,0.7704152838831118,True
2025-01-09,Celsia,0.005347573024921389,1.9964287927377184,3.35641939074659,0.7284910994464266,True
2025-01-10,Celsia,0.003992031278375786,1.9806172535046485,3.35641939074659,0.7019395558337612,True
2025-01-13,Celsia,0.013192790549010564,1.9399799266138702,3.35641939074659,0.6693849707202539,True
2025-01-14,Celsia,-0.0026246571078288286,2.2739513890454077,3.35641939074659,0.7336517059590763,True
2025-01-15,Celsia,-0.007915628470914461,2.1375390068943307,3.35641939074659,0.6937658985617375,True
2025-01-16,Celsia,-0.006644536248643104,2.167699064452297,3.35641939074659,0.6897342491017643,True
2025-01-17,Celsia,0.002040141746093196,2.146675477377411,3.35641939074659,0.6748401113313778,True
2025-01-20,Celsia,-0.0013596319283560089,2.035864996014408,3.35641939074659,0.6368470116579864,True
2025-01-21,Celsia,0.0,1.949676063002737,3.35641939074659,0.5997453503468703,True
2025-01-22,Celsia,0.0,1.8813478218083242,3.35641939074659,0.563760629326058,True
2025-01-23,Celsia,0.0,1.8308943801306254,3.35641939074659,0.5299349915664945,True
2025-01-24,Celsia,-0.004089952669777403,1.7936396559839562,3.35641939074659,0.4981388920725048,True
2025-01-27,Celsia,-0.0054795861873861654,1.8061255690828337,3.35641939074659,0.47828718625276606,True
2025-01-28,Celsia,-0.004129290110902286,1.846593117227673,3.35641939074659,0.46760547394859603,True
2025-01-29,Celsia,0.0,1.845987679565653,3.35641939074659,0.4497797676036775,True
2025-01-30,Celsia,0.025869337312400417,1.804784519212654,3.35641939074659,0.4227929815474568,True
2025-01-31,Celsia,0.0,3.318755018944284,3.35641939074659,0.7989589704442612,True
2025-02-03,Celsia,-0.002691885441616258,2.8922730856274876,3.35641939074659,0.7510214322176055,True
2025-02-04,Celsia,-0.00405122107855066,2.594955204081128,3.35641939074659,0.7103078946230205,True
2025-02-05,Celsia,-0.004067769895811683,2.3970727881086202,3.35641939074659,0.6775368562820151,True
2025-02-06,Celsia,0.0027136611424232937,2.2512732484152145,3.35641939074659,0.6468126960602572,True
2025-02-07,Celsia,-0.002713661142423338,2.1203271773343304,3.35641939074659,0.6124223083741805,True
2025-02-10,Celsia,-0.00681665126231063,2.0252312096222433,3.35641939074659,0.5800953439492686,True
2025-02-11,Celsia,0.006816651262310659,2.046901108817381,3.35641939074659,0.5731696639714892,True
2025-02-12,Celsia,-0.0013596319283560089,2.058897129499031,3.35641939074659,0.5666595247923767,True
2025-02-13,Celsia,-0.001361413213078104,1.9666829460011306,3.35641939074659,0.5337691126931972,True
2025-02-14,Celsia,-0.005464614429001301,1.8986039343948335,3.35641939074659,0.5028550334936515,True
2025-02-17,Celsia,0.013605707088390732,1.9144945721621713,3.35641939074659,0.4906009379986219,True
2025-02-18,Celsia,-0.0054200475179553235,2.280673855483219,3.35641939074659,0.5722340409437562,True
2025-02-19,Celsia,0.0,2.195476187989813,3.35641939074659,0.555526147545267,True
2025-02-20,Celsia,0.01884305307352377,2.0628461606155652,3.35641939074659,0.5221945786925509,True
2025-02-21,Celsia,-0.005347586721886938,2.7827982187692135,3.35641939074659,0.7038992934499781,True
2025-02-24,Celsia,0.015957727245214152,2.5644131293965744,3.35641939074659,0.6788233460918403,True
2025-02-25,Celsia,0.0,2.921137364018681,3.35641939074659,0.79088338062592,True
2025-02-26,Celsia,-0.014618198699102764,2.598672975158779,3.35641939074659,0.7434303777883647,True
2025-02-27,Celsia,-0.0013395285461114163,2.8604327688221503,3.35641939074659,0.8270395950449327,True
2025-02-28,Celsia,-0.008075418833681465,2.5584035727982366,3.35641939074659,0.7784938213777451,True
2025-03-03,Celsia,-0.002706386375532051,2.4844373904650596,3.35641939074659,0.7709116256987069,True
2025-03-04,Celsia,0.009440411119004155,2.293995911385647,3.35641939074659,0.7290516444849837,True
2025-03-05,Celsia,0.00134139409020939,2.339501045001409,3.35641939074659,0.738781363073375,True
2025-03-06,Celsia,0.0,2.172972628067005,3.35641939074659,0.6955340841521217,True
2025-03-07,Celsia,0.008010660337281681,2.046229575317028,3.35641939074659,0.6538020391029944,True
2025-03-10,Celsia,-0.006671131791170293,2.0991077348792917,3.35641939074659,0.6530763241803934,True
2025-03-11,Celsia,-0.009414947379792772,2.0968568647740122,3.35641939074659,0.6405941443546675,True
2025-03-12,Celsia,0.01741506331028755,2.198359537868318,3.35641939074659,0.6553432361919476,True
2025-03-13,Celsia,0.0013271523052710101,2.7632062854071875,3.35641939074659,0.7979933000812249,True
2025-03-14,Celsia,0.007926069744729218,2.4857518080537533,3.35641939074659,0.7511705020211831,True
2025-03-17,Celsia,0.023408038019001695,2.420548581514115,3.35641939074659,0.7437938208588992,True
2025-03-18,Celsia,-0.0012861855965937313,3.4928818085193605,3.35641939074659,1.027927937946783,True
2025-03-19,Celsia,-0.001287842000654344,3.0250622341971667,3.35641939074659,0.967244825703307,True
2025-03-20,Celsia,-0.007762010310823532,2.679635536054523,3.35641939074659,0.9102052583722982,True
2025-03-21,Celsia,0.0,2.5623517180714317,3.35641939074659,0.8917422253091588,True
2025-03-24,Celsia,0.0,2.3337463453178353,3.35641939074659,0.8382376917906093,True
2025-03-25,Celsia,0.011620571356018907,2.1649445784376535,3.35641939074659,0.7879434302831726,True
2025-03-26,Celsia,-0.002570719044540997,2.3500538763679946,3.35641939074659,0.8216894316503784,True
2025-03-27,Celsia,0.0038535388697548156,2.193067213750126,3.35641939074659,0.7763532235949351,True
2025-03-28,Celsia,0.010204198527620183,2.0943734294528067,3.35641939074659,0.7386818872716657,True
2025-03-31,Celsia,0.0,2.2266723036779497,3.35641939074659,0.7568363745900174,True
2025-04-01,Celsia,0.011356628188444124,2.0858813123468067,3.35641939074659,0.7114261921146163,True
2025-04-02,Celsia,0.008744606146658907,2.2776866612474542,3.35641939074659,0.7461244228740775,True
2025-04-03,Celsia,-0.003738356254687891,2.2983186308498116,3.35641939074659,0.7472378394977437,True
2025-04-04,Celsia,0.0024937258385414134,2.172293161118802,3.35641939074659,0.7107887536200574,True
2025-04-07,Celsia,0.0037290627719777296,2.059417004102206,3.35641939074659,0.6718726295375395,True
2025-04-08,Celsia,0.0,1.993534049882422,3.35641939074659,0.6399038172596972,True
2025-04-09,Celsia,0.00987665052698929,1.9137324748369227,3.35641939074659,0.6015095882241154,True
2025-04-10,Celsia,-0.02110568902947953,2.078129845520276,3.35641939074659,0.6239479483100352,True
2025-04-11,Celsia,-0.008821749366309752,3.0154414386938893,3.35641939074659,0.8537811370568889,True
2025-04-14,Celsia,0.02005078786880006,2.8513783942756925,3.35641939074659,0.8492482259626675,True
2025-04-15,Celsia,-0.006222788610519304,3.473630239990248,3.35641939074659,1.0395137889006794,True
2025-04-16,Celsia,0.011566605784098672,3.0982634373753104,3.35641939074659,1.0003768204213639,True
2025-04-17,Celsia,0.0,3.036328665485308,3.35641939074659,1.020626032814929,True
2025-04-18,Celsia,0.0,2.683730010269466,3.35641939074659,0.9593884708460332,True
2025-04-21,Celsia,0.0,2.423371842466633,3.35641939074659,0.9018251625952711,True
2025-04-22,Celsia,-0.01131381203918961,2.2311238728873013,3.35641939074659,0.8477156528395549,True
2025-04-23,Celsia,-0.010165225777571766,2.389342216653583,3.35641939074659,0.8736541193840487,True
2025-04-24,Celsia,-0.006406150712860311,2.448619494384223,3.35641939074659,0.8832339612864115,True
2025-04-25,Celsia,0.0,2.3468216110202955,3.35641939074659,0.8548631837827553,True
2025-04-28,Celsia,0.0,2.1745993294455492,3.35641939074659,0.8035713927557899,True
2025-04-29,Celsia,0.007682445066718871,2.047430728481441,3.35641939074659,0.7553571091904425,True
2025-04-30,Celsia,0.02519029378550274,2.0881460534739342,3.35641939074659,0.7454476599609079,True
2025-05-01,Celsia,0.0,3.447780932546566,3.35641939074659,1.0814513409632165,True
2025-05-02,Celsia,-0.004987550322600027,2.9875455716896173,3.35641939074659,1.0165642605054235,True
2025-05-05,Celsia,0.006230529320637005,2.706862982856603,3.35641939074659,0.9704957998073787,True
2025-05-06,Celsia,-0.0012429789980369695,2.5286491746326667,3.35641939074659,0.9355577491881263,True
2025-05-07,Celsia,0.013588836802591032,2.3128085987394154,3.35641939074659,0.8803512823105752,True
2025-05-08,Celsia,0.0012262128847680969,2.5737291651489045,3.35641939074659,0.9383240967604122,True
2025-05-09,Celsia,0.01701137616116288,2.345274206162367,3.35641939074659,0.8829268097780503,True
2025-05-12,Celsia,0.0036079781180876993,2.8395766606577366,3.35641939074659,1.0035833525293159,True
2025-05-13,Celsia,0.02137840409975206,2.567577712160103,3.35641939074659,0.9511788550379167,True
2025-05-14,Celsia,0.03917564329026311,3.3912376658748746,3.35641939074659,1.1683298208470192,True
2025-05-15,Celsia,-0.019395992533180622,6.4934808391681305,3.35641939074659,2.019068647919761,True
2025-05-16,Celsia,-0.004618953953378385,6.114638406750137,3.35641939074659,2.1236472448528945,True
2025-05-19,Celsia,-0.0011582263485700557,5.007582273167628,3.35641939074659,2.0090292515357784,True
2025-05-20,Celsia,-0.0034821613803377844,4.142751169503793,3.35641939074659,1.8892923894083447,True
2025-05-21,Celsia,0.006952473111534448,3.529853323648509,3.35641939074659,1.7832101147710733,True
2025-05-22,Celsia,-0.00462964630451022,3.1582033491775054,3.35641939074659,1.7052196373047745,True
2025-05-23,Celsia,0.02293682660951062,2.8247887968197287,3.35641939074659,1.615766634009407,True
2025-05-26,Celsia,-0.0034072507460225668,3.7408653874768736,3.35641939074659,1.8344794449176955,True
2025-05-27,Celsia,-0.0011382197285328558,3.2318827652039674,3.35641939074659,1.7313762928103964,True
2025-05-28,Celsia,-0.02071418294197933,2.8314656470604866,3.35641939074659,1.6282710417320254,True
2025-05-29,Celsia,0.022989443335742966,3.5336181194850305,3.35641939074659,1.7880212042003765,True
2025-05-30,Celsia,-0.04176937145159767,4.269852219517407,3.35641939074659,1.9978486348807563,True
2025-06-04,Celsia,-0.001140816860756147,7.652920598170305,3.35641939074659,2.9247859516648367,True
2025-06-05,Celsia,0.005691458677070066,6.0959659563134245,3.35641939074659,2.7500796724308176,True
2025-06-06,Celsia,0.009039739703295987,5.016410262920734,3.35641939074659,2.604510513208646,True
2025-06-09,Celsia,-0.0056402109958766985,4.332672557122291,3.35641939074659,2.497270018758135,True
2025-06-10,Celsia,0.0311829801612535,3.7163799127906127,3.35641939074659,2.3665210056794517,True
2025-06-11,Celsia,-0.0021953386136011,5.431760737370147,3.35641939074659,2.8079566963809626,True
2025-06-12,Celsia,-0.009939498420414984,4.464334282894479,3.35641939074659,2.6423710015751256,True
2025-06-13,Celsia,-0.0033351670407780224,3.970198819174822,3.35641939074659,2.543104918790277,True
2025-06-16,Celsia,0.002224642677943869,3.400073828178188,3.35641939074659,2.3971926271767954,True
2025-06-17,Celsia,0.0,2.9631425234539215,3.35641939074659,2.256330490572905,True
2025-06-18,Celsia,0.006644610487936102,2.6296895039714894,3.35641939074659,2.1209506611385307,True
2025-06-19,Celsia,-0.0066446104879360835,2.483906725845043,3.35641939074659,2.020184130592053,True
2025-06-20,Celsia,0.0,2.380164915220603,3.35641939074659,1.925463591878364,True
2025-06-24,Celsia,0.04348508083590932,2.199219961038062,3.35641939074659,1.809935776365662,True
2025-06-25,Celsia,-0.02041984929615329,6.438144047838584,3.35641939074659,2.8359109829670643,True
2025-06-26,Celsia,-0.0065360383538953515,6.168618390295771,3.35641939074659,2.915938471155608,True
2025-06-27,Celsia,-0.01652919318586065,5.097598264517432,3.35641939074659,2.7666140413044262,True
2025-06-30,Celsia,0.0,4.844234405425547,3.35641939074659,2.764545735251462,True
2025-07-01,Celsia,0.016529193185860755,4.0186841260840245,3.35641939074659,2.598672991136374,True
2025-07-02,Celsia,-0.005479170402611577,4.037854877278605,3.35641939074659,2.606681148093495,True
2025-07-03,Celsia,0.004385757541096512,3.4944870503467085,3.35641939074659,2.468293064188398,True
2025-07-04,Celsia,-0.004385757541096534,3.06535248626558,3.35641939074659,2.3317364018626647,True
2025-07-07,Celsia,-0.009939498420414984,2.7510571175052116,3.35641939074659,2.2033731392764757,True
2025-07-08,Celsia,-0.005564769790203331,2.7051182605262802,3.35641939074659,2.130446928229546,True
2025-07-09,Celsia,0.004454245427369391,2.512614417831178,3.35641939074659,2.021200110226549,True
2025-07-10,Celsia,0.004434716983811858,2.341723566538842,3.35641939074659,1.9118322850093008,True
2025-07-11,Celsia,0.0033130673813905895,2.215141260856499,3.35641939074659,1.8089223767446483,True
2025-07-14,Celsia,0.004400454616445451,2.101848956493036,3.35641939074659,1.70697288342415,True
2025-07-15,Celsia,0.031336841854261534,2.0373263520839133,3.35641939074659,1.6161729109175385,True
2025-07-16,Celsia,0.021053447329930766,4.214213989608693,3.35641939074659,2.108401130701885,True
2025-07-17,Celsia,0.019598263628502807,4.5752292277813815,3.35641939074659,2.2478456495442733,True
2025-07-18,Celsia,-0.011393129663668561,4.705041649662225,3.35641939074659,2.3434300729229944,True
2025-07-21,Celsia,-0.04038803209955186,4.220278478608818,3.35641939074659,2.2807063106675134,True
2025-07-22,Celsia,0.009714134643642906,7.352721330208198,3.35641939074659,3.1225798141521217,True
2025-07-23,Celsia,0.005356124325803852,6.086932897394849,3.35641939074659,2.9918436724278883,True
2025-07-24,Celsia,0.014846619650377157,5.0012473612888675,3.35641939074659,2.8295458927582953,True
2025-07-25,Celsia,-0.013778828768601162,4.6414417567995585,3.35641939074659,2.7920264082185766,True
2025-07-28,Celsia,0.020074669025377818,4.313285552438048,3.35641939074659,2.7384184970661205,True
2025-07-29,Celsia,-0.02114245990715397,4.5553149140874165,3.35641939074659,2.8159087891292316,True
2025-07-30,Celsia,0.0021344428022493215,4.848203649343846,3.35641939074659,2.9151564283368456,True
2025-07-31,Celsia,0.0021300034452237863,4.031553446826649,3.35641939074659,2.742980550282279,True
2025-08-01,Celsia,0.02209454137359206,3.4284979107114406,3.35641939074659,2.581123866071341,True
2025-08-04,Celsia,0.0,4.098928719369251,3.35641939074659,2.7191576892126834,True
2025-08-05,Celsia,-0.01996906520164517,3.4683518431776523,3.35641939074659,2.5560082278599223,True
2025-08-06,Celsia,0.0,3.933374005122993,3.35641939074659,2.641905873204861,True
2025-08-07,Celsia,0.0,3.3461065610852074,3.35641939074659,2.483391520812569,True
2025-08-08,Celsia,0.03954716138664769,2.912469411657244,3.35641939074659,2.334388029563815,True
2025-08-11,Celsia,0.00813021648583698,6.2076767452057116,3.35641939074659,3.1327115320349215,True
2025-08-12,Celsia,-0.004056845713161641,5.176352450553267,3.35641939074659,2.9844090921767714,True
2025-08-13,Celsia,-0.010214656041466682,4.303278957063654,3.35641939074659,2.8152193449304037,True
2025-08-14,Celsia,-0.019699896577749707,3.864217439642435,3.35641939074659,2.7089097030618623,True
2025-08-15,Celsia,0.022775304999401755,4.200838809051545,3.35641939074659,2.7792266759825712,True
2025-08-19,Celsia,-0.016512219337863166,4.739862445104757,3.35641939074659,2.9237017861130816,True
2025-08-20,Celsia,0.0010400271457244176,4.578777335148262,3.35641939074659,2.911871711423318,True
2025-08-21,Celsia,-0.00625655485963551,3.824874082663468,3.35641939074659,2.737808402616225,True
2025-08-22,Celsia,0.004175313222951312,3.35860835747233,3.35641939074659,2.5970265856862285,True
2025-08-25,Celsia,-0.025317773130105213,2.9609035848096084,3.35641939074659,2.451664934850906,True
2025-08-26,Celsia,0.014846619650377157,4.121993002433525,3.35641939074659,2.6891588205203383,True
2025-08-27,Celsia,0.008385780802573847,3.992202031922846,3.35641939074659,2.660062560314897,True
2025-08-28,Celsia,0.0,3.5501638033391787,3.35641939074659,2.542651598497293,True
2025-08-29,Celsia,0.0,3.0631448862634105,3.35641939074659,2.3900925025874553,True
2025-09-01,Celsia,0.0020853726771540865,2.703531056036102,3.35641939074659,2.2466869524322077,True
2025-09-02,Celsia,0.0,2.44746554145347,3.35641939074659,2.1144950028078475,True
2025-09-03,Celsia,-0.019990077427544634,2.248914613807643,3.35641939074659,1.9876253026393766,True
2025-09-04,Celsia,0.004241834980293307,3.0348972640120975,3.35641939074659,2.108129701816552,True
2025-09-05,Celsia,0.0,2.7231549138992115,3.35641939074659,1.9924378181075828,True
2025-09-08,Celsia,0.009478716897928374,2.452483115362896,3.35641939074659,1.8728915490211278,True
2025-09-09,Celsia,-0.005254799106628142,2.4581971178670243,3.35641939074659,1.8144257004985036,True
2025-09-10,Celsia,0.0042059406664097096,2.3224195824810967,3.35641939074659,1.7221279066592052,True
2025-09-11,Celsia,0.015617279268641019,2.1963700967251305,3.35641939074659,1.6294141943932683,True
2025-09-12,Celsia,-0.02087760733639944,2.6245455999319027,3.35641939074659,1.6779889897825069,True
2025-09-15,Celsia,-0.051959774226086705,3.3966399506566294,3.35641939074659,1.8388343432512844,True
2025-09-16,Celsia,0.0,9.226196139771286,3.35641939074659,3.348395165231751,True
2025-09-17,Celsia,-0.020202650412730797,7.254316229779933,3.35641939074659,3.1474914553178457,True
2025-09-18,Celsia,0.02463740787151898,6.750752755294471,3.35641939074659,3.2035302182181824,True
2025-09-19,Celsia,0.006615146138084505,6.826914185057114,3.35641939074659,3.3755195251016428,True
2025-09-22,Celsia,0.03774034023926257,5.582231951336637,3.35641939074659,3.1992444486524727,True
2025-09-23,Celsia,0.010526371276672473,7.855704998287626,3.35641939074659,3.8618897505585057,True
2025-09-24,Celsia,0.0020920217566970396,6.49622265704651,3.35641939074659,3.6966590608776086,True
2025-09-25,Celsia,-0.0020920217566969463,5.248044175463189,3.35641939074659,3.477485450243248,True
2025-09-26,Celsia,0.0,4.327620715798399,3.35641939074659,3.271462256246949,True
2025-09-29,Celsia,-0.012645092846784268,3.6372175728129985,3.35641939074659,3.075174520872132,True
2025-09-30,Celsia,0.01786696401736307,3.5019602728229415,3.35641939074659,2.986603073482081,True
2025-10-01,Celsia,-0.03713945482137135,3.762625476667685,3.35641939074659,2.9989439309918042,True
2025-10-02,Celsia,0.001080590417872551,6.429762159350103,3.35641939074659,3.6466107577895066,True
2025-10-03,Celsia,0.008602082878334643,5.191825282353474,3.35641939074659,3.4285147177128548,True
2025-10-06,Celsia,0.008528930814478846,4.444421316158369,3.35641939074659,3.267201332557526,True
2025-10-07,Celsia,0.01055961246296908,3.8896549321838227,3.35641939074659,3.1148148491069745,True
2025-10-08,Celsia,0.007326043170648907,3.569314673893117,3.35641939074659,2.994829207381411,True
2025-10-09,Celsia,0.006237147939662258,3.19960193384004,3.35641939074659,2.8473420000614533,True
2025-10-10,Celsia,0.001035614423376535,2.8926760919440593,3.35641939074659,2.699842688710506,True
2025-10-14,Celsia,0.0,2.579840227739565,3.35641939074659,2.5384956257282187,True
2025-10-15,Celsia,0.005162665755713424,2.3466598271687804,3.35641939074659,2.3861858881845253,True
2025-10-16,Celsia,-0.0051626657557134375,2.234774509197726,3.35641939074659,2.2590066055165834,True
2025-10-17,Celsia,0.016563599499046764,2.15519182999194,3.35641939074659,2.139458079808718,True
2025-10-20,Celsia,-0.006179218055315038,2.664486177967092,3.35641939074659,2.1757022920390887,True
2025-10-21,Celsia,0.006179218055315174,2.4995270667122838,3.35641939074659,2.068069795981822,True
2025-10-22,Celsia,0.004098333577644806,2.3740910970884883,3.35641939074659,1.9668952496879926,True
2025-10-23,Celsia,0.0010219389129037734,2.2324835096361992,3.35641939074659,1.8589593375749034,True
2025-10-24,Celsia,0.02122374311825517,2.0922940590211536,3.35641939074659,1.7480483928054331,True
2025-10-27,Celsia,-0.02020284749840187,3.0250542695602487,3.35641939074659,1.9134338524069174,True
2025-10-28,Celsia,0.0,3.627892396360404,3.35641939074659,2.0435208494887123,True
2025-10-29,Celsia,0.003056650889597165,3.1205395296221896,3.35641939074659,1.9209095985193894,True
2025-10-30,Celsia,-0.0010177782765515913,2.766680831985004,3.35641939074659,1.811260891404751,True
2025-10-31,Celsia,-0.004081707145802612,2.4873238498506742,3.35641939074659,1.703206761492598,True
2025-11-04,Celsia,-0.00512552121057457,2.3181819592574833,3.35641939074659,1.6110105557374998,True
2025-11-05,Celsia,0.0,2.2158825744411432,3.35641939074659,1.5301125030012797,True
2025-11-06,Celsia,-0.001028346248768061,2.0779141970625354,3.35641939074659,1.4383057528212029,True
2025-11-07,Celsia,-0.002059665178136245,1.97879314469729,3.35641939074659,1.3526419052563439,True
2025-11-10,Celsia,0.010256367170236045,1.9132910120701516,3.35641939074659,1.2740287233285792,True
2025-11-11,Celsia,0.003056650889597165,2.0954214776599605,3.35641939074659,1.260702840447282,True
2025-11-12,Celsia,0.003047235277134896,2.0097356370944697,3.35641939074659,1.19066653881697,True
2025-11-13,Celsia,0.0030379778367578165,1.9463348605280202,3.35641939074659,1.124797932188481,True
2025-11-14,Celsia,0.001010578258956036,1.8993919257246925,3.35641939074659,1.062847641859151,True
2025-11-18,Celsia,-0.01834914425454573,1.8462896627539807,3.35641939074659,0.9996895443980868,True
2025-11-19,Celsia,0.00410674921298336,2.591218256352688,3.35641939074659,1.1417228286586787,True
2025-11-20,Celsia,0.0,2.3929674497223736,3.35641939074659,1.0833386923981616,True
2025-11-21,Celsia,-0.03758272416989396,2.208673327852728,3.35641939074659,1.018338370854272,True
2025-11-24,Celsia,-0.013926171464615096,5.359270462245211,3.35641939074659,1.8047147622212152,True
2025-11-25,Celsia,0.020288972722634725,4.852839037448811,3.35641939074659,1.8127948274850583,True
2025-11-26,Celsia,0.012605108081542136,4.9737176105969,3.35641939074659,1.9510125863198444,True
2025-11-27,Celsia,0.0020855417781766236,4.479070275694008,3.35641939074659,1.9292850809890691,True
2025-11-28,Celsia,0.029761089834761945,3.7585218670380707,3.35641939074659,1.816137666834837,True
2025-12-01,Celsia,-0.009141864003489845,5.262332525482425,3.35641939074659,2.23860288771641,True
2025-12-02,Celsia,0.0010200574084210643,4.523908273518064,3.35641939074659,2.1544309209284074,True
2025-12-03,Celsia,-0.008188413151752831,3.7842693333935293,3.35641939074659,2.0257893759425873,True
2025-12-04,Celsia,0.01732079800577773,3.393909358884115,3.35641939074659,1.9444720793523114,True
2025-12-05,Celsia,0.003025721827905051,3.638432031396553,3.35641939074659,2.0078097807253448,True
2025-12-09,Celsia,-0.0030257218279050734,3.148664469596821,3.35641939074659,1.8928341894297407,True
2025-12-10,Celsia,-0.008113569649400465,2.7887987495323054,3.35641939074659,1.784757133611873,True
2025-12-11,Celsia,0.005078665037338136,2.656004282482771,3.35641939074659,1.7171697130685641,True
2025-12-12,Celsia,0.013085309848018346,2.46122346200819,3.35641939074659,1.6296152334213385,True
2025-12-15,Celsia,-0.007024683408050822,2.652318145107051,3.35641939074659,1.6345735197072457,True
2025-12-16,Celsia,-0.0030257218279050734,2.51667972267048,3.35641939074659,1.5661068147148176,True
2025-12-17,Celsia,-0.004048556095713903,2.322142429790089,3.35641939074659,1.4776334013798453,True
2025-12-18,Celsia,-0.013272241910063745,2.1955775186515667,3.35641939074659,1.3988098811731398,True
2025-12-19,Celsia,0.004102536870074921,2.4753349991033735,3.35641939074659,1.4205727314943029,True
2025-12-22,Celsia,0.0030658188732569087,2.307320517986522,3.35641939074659,1.3454368528668392,True
2025-12-23,Celsia,0.003056650889597165,2.166328959784712,3.35641939074659,1.2703501889129998,True
2025-12-24,Celsia,0.007095791372848836,2.062093585306755,3.35641939074659,1.1997350463747447,True
2025-12-29,Celsia,0.006103886166732005,2.079039497303701,3.35641939074659,1.1579610967164575,True
2025-12-30,Celsia,-0.006103886166731997,2.0614801303381185,3.35641939074659,1.1108378867153235,True
2025-12-31,Celsia,0.0,2.05210054743918,3.35641939074659,1.0665420693142573,True
2026-01-02,Celsia,0.0,1.9569778638165616,3.35641939074659,1.0025495451554018,True
2026-01-05,Celsia,0.006103886166732005,1.8867394574638396,3.35641939074659,0.9423965724460777,True
2026-01-06,Celsia,0.026027436582936242,1.919486151346707,3.35641939074659,0.9082072339011664,True
2026-01-07,Celsia,-0.011928475251266247,3.422431890665906,3.35641939074659,1.2601712729143575,True
2026-01-08,Celsia,0.0,3.302313410487393,3.35641939074659,1.2699341096315389,True
2026-01-09,Celsia,0.009950300298605224,2.880132633614285,3.35641939074659,1.1937380630536465,True
2026-01-13,Celsia,0.0019781749526609597,2.795082692552308,3.35641939074659,1.1815188648898816,True
2026-01-14,Celsia,-0.014933084818788455,2.514088377297217,3.35641939074659,1.1129756386824898,True
2026-01-15,Celsia,0.014933084818788519,2.8196480656089653,3.35641939074659,1.1799953136846186,True
2026-01-16,Celsia,0.007936551539774316,3.036499106718951,3.35641939074659,1.242993808186621,True
2026-01-19,Celsia,0.00394482785480073,2.8276018406529584,3.35641939074659,1.2062074899015203,True
2026-01-20,Celsia,0.0019665936078698456,2.5645367371665304,3.35641939074659,1.143172040589836,True
2026-01-21,Celsia,0.0,2.343751140359627,3.35641939074659,1.0769022124055545,True
2026-01-22,Celsia,-0.0019665936078698955,2.17233209982434,3.35641939074659,1.0122880796612213,True
2026-01-23,Celsia,0.0019665936078698456,2.0553034255511764,3.35641939074659,0.9538712891326567,True
2026-01-26,Celsia,-0.0019665936078698955,1.9677342439957355,3.35641939074659,0.898959506035806,True
2026-01-27,Celsia,0.003929230489648324,1.9042287629228816,3.35641939074659,0.8473424299247664,True
2026-01-28,Celsia,0.027081012189185967,1.8824395979352326,3.35641939074659,0.8057651954737496,True
2026-01-29,Celsia,0.0019066021442971951,3.524529677558291,3.35641939074659,1.1974480164598282,True
2026-01-30,Celsia,0.0019028800489954286,3.052086838643006,3.35641939074659,1.1277822145142216,True
2026-02-02,Celsia,-0.026976545892249647,2.7032041667580167,3.35641939074659,1.0622878531318871,True
2026-02-03,Celsia,-0.0039139484902288475,4.133364481999639,3.35641939074659,1.435190998909965,True
2026-02-04,Celsia,-0.025820631434919444,3.5304552066212316,3.35641939074659,1.3582709346458657,True
2026-02-05,Celsia,0.013986219895197655,4.60233307019449,3.35641939074659,1.676797683185884,True
2026-02-06,Celsia,-0.01600034450702083,4.2896052664168085,3.35641939074659,1.6935584303688245,True
2026-02-09,Celsia,0.0,4.207562621745703,3.35641939074659,1.745551539152706,True
2026-02-10,Celsia,0.004024101520175248,3.5485669074316304,3.35641939074659,1.6408184468035436,True
2026-02-11,Celsia,-0.026451116369593856,3.098337702333803,3.35641939074659,1.552085375822137,True
2026-02-12,Celsia,0.0041151821777727395,4.3598730950975195,3.35641939074659,1.8787571875914866,True
2026-02-13,Celsia,0.03827253037393938,3.6990970938064933,3.35641939074659,1.7761925909497522,True
2026-02-16,Celsia,-0.03009252380338675,6.558860766871353,3.35641939074659,2.5484929842272352,True
2026-02-17,Celsia,0.016161971584849263,7.393685489097946,3.35641939074659,2.93891939848804,True
2026-02-18,Celsia,-0.0030105274169452134,6.502216688197571,3.35641939074659,2.9193098298844427,True
2026-02-19,Celsia,0.003010527416945102,5.264838082726365,3.35641939074659,2.7495892052882835,True
2026-02-20,Celsia,0.017875380073338342,4.349391327049927,3.35641939074659,2.5900518181678933,True
2026-02-23,Celsia,-0.003944827854800853,4.389062069916592,3.35641939074659,2.6263662367376006,True
2026-02-24,Celsia,0.0,3.719833669662898,3.35641939074659,2.478121262615752,True
2026-02-25,Celsia,0.00394482785480073,3.1884287887228613,3.35641939074659,2.329433986858807,True
2026-02-26,Celsia,-0.015873352266897806,2.8309706605626945,3.35641939074659,2.1990049477296854,True
2026-02-27,Celsia,-0.03355675197000739,3.1210852822483175,3.35641939074659,2.218242638179322,True
2026-03-02,Celsia,-0.06958405578294408,5.367607802856039,3.35641939074659,2.76078144155452,True
2026-03-03,Celsia,0.08293804601566666,15.654529712743715,3.35641939074659,5.500299046583575,True
2026-03-04,Celsia,0.0,27.92906128537561,3.35641939074659,9.297512789926667,True
2026-03-05,Celsia,-0.028987492412659372,21.064475826084138,3.35641939074659,8.739662022531068,True
2026-03-06,Celsia,0.022846248188101846,17.95287599334075,3.35641939074659,8.719447131003594,True
2026-03-09,Celsia,0.024341978155401837,14.901825228108267,3.35641939074659,8.509450936906788,True
2026-03-12,Celsia,-0.00995035725483537,12.812179882201526,3.35641939074659,8.354403021003217,True
2026-03-13,Celsia,-0.030459188139615078,10.134736000034039,3.35641939074659,7.912544605442336,True
2026-03-16,Celsia,0.013313063564838926,10.085701606139432,3.35641939074659,7.994449214390476,True
2026-03-17,Celsia,-0.05327630114956782,8.296094404363235,3.35641939074659,7.621124858415913,True
2026-03-18,Celsia,0.008547061931236012,13.165632981058188,3.35641939074659,8.866875925418624,True
2026-03-19,Celsia,-0.04348511894412112,10.330093508896532,3.35641939074659,8.378694730487338,True
2026-03-20,Celsia,-0.04546238173271016,12.467521925689011,3.35641939074659,9.010546388408715,True
2026-03-24,Celsia,0.15879103568676342,14.454241959086243,3.35641939074659,9.710010496790588,True
2026-03-25,Celsia,0.03317380377120161,69.54321755355836,3.35641939074659,24.25616567566815,True
2026-03-26,Celsia,0.04686887375526666,54.3347161108579,3.35641939074659,23.461096489118173,True
2026-03-27,Celsia,-0.04879012799295037,45.64293950187783,3.35641939074659,23.371445496023355,True
2026-03-30,Celsia,0.0,39.67926614483501,3.35641939074659,23.39744472000304,True
2026-03-31,Celsia,0.01904815196846144,29.740804459964163,3.35641939074659,21.993598036802858,True
2026-04-01,Celsia,-0.0037806769599984472,23.238111818786894,3.35641939074659,20.891681410642846,True
2026-04-02,Celsia,0.0,17.6349465099846,3.35641939074659,19.64675663696979,True
2026-04-03,Celsia,0.0,13.463321305423154,3.35641939074659,18.467951238751603,True
2026-04-06,Celsia,0.03717901006835443,10.383001290150048,3.35641939074659,17.359874164426504,True
2026-04-07,Celsia,0.0018230874295460768,11.303220146298665,3.35641939074659,17.147648988358593,True
2026-04-08,Celsia,0.010869719398299282,8.795159067903729,3.35641939074659,16.120784237722535,True
2026-04-09,Celsia,0.008968693815239475,7.206849692486875,3.35641939074659,15.22442766333784,True
2026-04-10,Celsia,0.0,5.947142568076029,3.35641939074659,14.359224484788477,True
2026-04-13,Celsia,0.0,4.83306938886017,3.35641939074659,13.497671015701167,True
2026-04-14,Celsia,0.0,4.01043989935925,3.35641939074659,12.687810754759097,True
2026-04-15,Celsia,0.015943588097610605,3.4030118689377185,3.35641939074659,11.92654210947355,True
2026-04-16,Celsia,0.0017559487792552252,3.539315164143015,3.35641939074659,11.3634683837609,True
2026-04-17,Celsia,-0.017699536876865932,3.061769047189831,3.35641939074659,10.683510294404467,True
2026-04-20,Celsia,-0.010772143459547561,3.4342275546015255,3.35641939074659,10.230463840133522,True
2026-04-21,Celsia,-0.01821539860077368,3.249808515795158,3.35641939074659,9.686259454553355,True
2026-04-22,Celsia,0.009149128846782565,3.6161933750155013,3.35641939074659,9.304164334991192,True
2026-04-23,Celsia,-0.023964217341586092,3.3033372016656766,3.35641939074659,8.796138410084737,True
2026-04-24,Celsia,-0.0226424809693875,4.219749972139759,3.35641939074659,8.612940333156518,True
2026-04-27,Celsia,-0.007662874195389922,4.753178438236832,3.35641939074659,8.403773079836572,True
2026-04-28,Celsia,0.0,4.089876397398785,3.35641939074659,7.934778479607002,True
2026-04-29,Celsia,-0.04927108353887882,3.4616676260720904,3.35641939074659,7.4586917708305815,True
2026-04-30,Celsia,0.008048334982095982,8.642213453398142,3.35641939074659,8.467754068437852,True
2026-05-04,Celsia,-0.002006043963580702,6.97096155211391,3.35641939074659,7.998554241921998,True
2026-05-05,Celsia,0.0,5.598977212651059,3.35641939074659,7.521055514836969,True
2026-05-06,Celsia,-0.0060422910185152735,4.575984761083079,3.35641939074659,7.069792183946751,True
2026-05-07,Celsia,-0.01015239894874833,3.9070528039586496,3.35641939074659,6.667510221361404,True
2026-05-08,Celsia,-0.010256426402330286,3.568685918083038,3.35641939074659,6.3293023307284475,True
2026-05-11,Celsia,0.010256426402330193,3.323790652086867,3.35641939074659,6.012660760412591,True
2026-05-12,Celsia,-0.01438871554398111,3.1369344951547893,3.35641939074659,5.715017684315685,True
2026-05-13,Celsia,0.027566823655138788,3.242379305415828,3.35641939074659,5.496337704260106,True
2026-05-14,Celsia,0.009022681324224648,4.59013256200967,3.35641939074659,5.622515301864611,True
2026-05-15,Celsia,-0.015083282356206875,4.017200384034291,3.35641939074659,5.334009650719841,True
2026-05-19,Celsia,-0.00916033348662422,3.940042594359649,3.35641939074659,5.150472315658887,True
2026-05-20,Celsia,-0.031155147327456067,3.548321291590385,3.35641939074659,4.891791002471055,True
2026-05-21,Celsia,0.014659925019118605,5.321955606253528,3.35641939074659,5.180669465320087,True
2026-05-22,Celsia,-0.014659925019118666,4.865531692553983,3.35641939074659,4.99877733834059,True
2026-05-25,Celsia,-0.023480351312142548,4.5371223082880485,3.35641939074659,4.827798738979863,True
2026-05-26,Celsia,0.038140276331261255,5.077393219029964,3.35641939074659,4.868926953286052,True
2026-05-27,Celsia,0.002076767480081387,7.553194220859101,3.35641939074659,5.449599743263869,True
2026-05-28,Celsia,-0.004157959777415138,6.028366947412043,3.35641939074659,5.125211536567831,True
2026-06-01,Celsia,-0.004175320617717998,4.9343608438772595,3.35641939074659,4.828072022080122,True
2026-06-02,Celsia,0.0,4.126889455031537,3.35641939074659,4.548847682111759,True
2026-06-03,Celsia,0.029883644950432463,3.488997996530098,3.35641939074659,4.275916821185054,True
2026-06-04,Celsia,0.007081505127493635,5.080232699779682,3.35641939074659,4.555181153228055,True
2026-06-05,Celsia,0.0120241461625191,4.307162091061372,3.35641939074659,4.311958912956803,True
2026-06-08,Celsia,0.0,3.9538744158839263,3.35641939074659,4.139989432741969,True
2026-06-09,Celsia,0.05427689984648129,3.3612440249012696,3.35641939074659,3.891590066777451,True
2026-06-10,Celsia,-0.024834066259017185,9.739729558234938,3.35641939074659,5.425683776937782,True
2026-06-11,Celsia,-0.04348516924832312,9.071064381888425,3.35641939074659,5.4701812584958684,True
2026-06-12,Celsia,0.0,11.537867404339977,3.35641939074659,6.276546349719301,True
2026-06-15,Celsia,0.0,8.96124983857982,3.35641939074659,5.899953568736143,True
2026-06-16,Celsia,0.029852945545082606,7.058680391344527,3.35641939074659,5.545956354611974,True
2026-06-17,Celsia,0.0,7.711835375745634,3.35641939074659,5.747917987965856,True
2026-06-18,Celsia,0.0,6.136115158726889,3.35641939074659,5.403042908687905,True
2026-06-19,Celsia,0.0,4.972606385780066,3.35641939074659,5.07886033416663,True
2026-06-22,Celsia,-0.0019626368817785263,4.113473749095673,3.35641939074659,4.774128714116632,True
2026-06-23,Celsia,-0.0019665936078698955,3.488601463021398,3.35641939074659,4.489992157387464,True
2026-06-24,Celsia,0.0019665936078698456,3.027234187814592,3.35641939074659,4.222913122195324,True
2026-06-25,Celsia,-0.017839945874767726,2.685406046627003,3.35641939074659,3.971858829114713,True
2026-06-26,Celsia,0.013902883546586697,3.167935544119355,3.35641939074659,3.924505500656615,True
2026-06-29,Celsia,0.0,3.2250833802455348,3.35641939074659,3.805009273163189,True
2026-06-30,Celsia,0.0019704687203110968,2.8231061280514123,3.35641939074659,3.5767087167733975,True
2026-07-01,Celsia,0.0019665936078698456,2.5347125236256,3.35641939074659,3.364435841953628,True
2026-07-02,Celsia,-0.013847973002445137,2.321728998531197,3.35641939074659,3.164890185687519,True
2026-07-03,Celsia,0.003976198344501757,2.604864456653817,3.35641939074659,3.0900565883121374,True
2026-07-06,Celsia,-0.02004080483083177,2.4006349313614037,3.35641939074659,2.9141392849783,True
2026-07-07,Celsia,0.02794598588090521,3.1516514666367623,3.35641939074659,2.980271242840096,True
2026-07-08,Celsia,-0.009891303954466801,4.571841174416679,3.35641939074659,3.270041844383143,True
2026-07-09,Celsia,0.029385054723655095,4.047351097782578,3.35641939074659,3.1325420700719446,True
2026-07-10,Celsia,0.037883326761959324,5.424134767177942,3.35641939074659,3.462678410534951,True
2026-07-14,Celsia,-0.022557352659020785,7.764001151933577,3.35641939074659,4.116005573834885,True
2026-07-15,Celsia,0.01883299877609509,7.3612982740437305,3.35641939074659,4.174345734794851,True
2026-07-16,Celsia,-0.0037807228399060443,6.6942895169176815,3.35641939074659,4.1366940964474,True
2026-07-17,Celsia,-0.0018957351648992008,5.419020808555593,3.35641939074659,3.897068769775868,True
2026-07-21,Celsia,-0.013371736965889308,4.45199661012678,3.35641939074659,3.665400930678577,True
2026-07-22,Celsia,-0.0057859370670438875,4.147647543267668,3.35641939074659,3.5527588845288203,True
2026-07-23,Celsia,-0.013632148790057644,3.5836621135029763,3.35641939074659,3.359679592103366,True
2026-07-24,Celsia,0.0,3.5228557408841583,3.35641939074659,3.269600104957726,True
2026-07-27,Celsia,-0.04102626374780635,3.04298066554997,3.35641939074659,3.0734240986602623,True
2026-07-28,Celsia,-0.004094171532663226,6.604097570666588,3.35641939074659,3.898911243003389,True
2026-07-29,Celsia,0.0,5.35823973947921,3.35641939074659,3.6750339127465077,True
2026-07-30,Celsia,-0.0061728591070809675,4.398224674624047,3.35641939074659,3.454531877981717,True
2026-07-31,Celsia,0.033488669754043826,3.779532208357168,3.35641939074659,3.2701224790363375,True
2026-08-03,Celsia,-0.01204833851617448,5.8235223594541505,3.35641939074659,3.7468097314314037,True
2026-08-04,Celsia,-0.0010106115059235032,5.081974152253236,3.35641939074659,3.6090986241457195,True
2026-08-05,Celsia,-0.003037977020076698,4.196896159482726,3.35641939074659,3.3931655080665193,True
2026-08-06,Celsia,0.013098424045918109,3.5629869467957773,3.35641939074659,3.1951131602072365,True
2026-08-07,Celsia,0.0,3.466650657022343,3.35641939074659,3.1063475980868134,True
2026-08-10,Celsia,-0.019202206983935932,3.001478939893901,3.35641939074659,2.9199667422016042,True
2026-08-11,Celsia,0.0,3.5187476591578593,3.35641939074659,2.9660035895018586,True
2026-08-12,Celsia,0.011161962665370409,3.039947265916642,3.35641939074659,2.788043374131747,True
2026-08-13,Celsia,-0.010142074764624927,2.972058317164123,3.35641939074659,2.695514418009716,True
2026-08-14,Celsia,0.011150647719509741,2.877798850324973,3.35641939074659,2.595500561247878,True
2026-08-18,Celsia,0.0020140993717011856,2.851746069454271,3.35641939074659,2.5143726943117697,True
2026-08-19,Celsia,-0.01725055461379124,2.5562505579803805,3.35641939074659,2.365944290420516,True
2026-08-20,Celsia,-0.013395357432237163,3.024430525839329,3.35641939074659,2.4025366136853217,True
2026-08-21,Celsia,-0.002076843944839117,3.0950086894695765,3.35641939074659,2.366045777306637,True
2026-08-24,Celsia,-0.0010400416954139703,2.7376722622526275,3.35641939074659,2.2266709991309677,True
2026-08-25,Celsia,-0.0020833340868542517,2.4660167655696545,3.35641939074659,2.093719751220029,True
2026-08-26,Celsia,-0.008377012338047905,2.273290359893172,3.35641939074659,1.9707007346972965,True
2026-08-27,Celsia,0.0010509722459750015,2.2855061921818467,3.35641939074659,1.8945632920425426,True
2026-08-28,Celsia,0.007326040092072881,2.1315769483081137,3.35641939074659,1.781552220117076,True
2026-08-31,Celsia,0.007272759329079878,2.1379790630685402,3.35641939074659,1.7068616049684469,True
2026-09-01,Celsia,-0.010405921161116693,2.140918146551258,3.35641939074659,1.636185725625571,True
2026-09-02,Celsia,-0.006295928456814812,2.2767370944782126,3.35641939074659,1.6029844992148625,True
2026-09-03,Celsia,0.00210305019677889,2.216624737981882,3.35641939074659,1.530588658341969,True
2026-09-04,Celsia,-0.0021030501967787877,2.088101369420632,3.35641939074659,1.441407030919554,True
2026-09-08,Celsia,0.010471299867295437,1.9944355679727375,3.35641939074659,1.3575763011424835,True
2026-09-09,Celsia,0.010362787035546658,2.1656070371931238,3.35641939074659,1.3419105956204271,True
2026-09-10,Celsia,0.0344512287542461,2.286788655126013,3.35641939074659,1.3258283729696578,True
2026-09-11,Celsia,-0.04481401578979254,4.872660883398992,3.35641939074659,1.958410968197915,True
2026-09-14,Celsia,0.026723070140753508,8.710278822144925,3.35641939074659,3.045883916830706,True
2025-01-02,Banco de Bogota,0.0,2.9116480742913167,5.273767445215527,1.3076801741411268,True
2025-01-03,Banco de Bogota,-0.013493554155499726,2.8839351051555635,5.273767445215527,1.2292193636926592,True
2025-01-07,Banco de Bogota,0.018692156708256073,2.886862362327063,5.273767445215527,1.264711804119542,True
2025-01-08,Banco de Bogota,-0.005198602552756375,2.924126975704353,5.273767445215527,1.398467129315971,True
2025-01-09,Banco de Bogota,0.001487860917180341,2.9001897996130808,5.273767445215527,1.3307743826579277,True
2025-01-10,Banco de Bogota,-0.0014878609171803663,2.873293443884961,5.273767445215527,1.2522561577637756,True
2025-01-13,Banco de Bogota,-0.009727146223233663,2.84642638461158,5.273767445215527,1.1784490263632728,True
2025-01-14,Banco de Bogota,-0.0015049730129540648,2.835126966257147,5.273767445215527,1.1645125089703776,True
2025-01-15,Banco de Bogota,0.001504973012953931,2.808940792341068,5.273767445215527,1.096000724693987,True
2025-01-16,Banco de Bogota,0.03327491027861304,2.7836684176513775,5.273767445215527,1.0315996474741795,True
2025-01-17,Banco de Bogota,-0.010969044970489726,2.958849003737062,5.273767445215527,1.634035461055578,True
2025-01-20,Banco de Bogota,0.006595699946147886,2.9499185987738428,5.273767445215527,1.608185301931019,True
2025-01-21,Banco de Bogota,0.0,2.9302048776093232,5.273767445215527,1.537796138482927,True
2025-01-22,Banco de Bogota,0.0007302718981696422,2.902164010346502,5.273767445215527,1.4455283701739514,True
2025-01-23,Banco de Bogota,0.018083623036628426,2.874822301101786,5.273767445215527,1.3591166461906679,True
2025-01-24,Banco de Bogota,0.003578053301135243,2.908254047859034,5.273767445215527,1.473780100697755,True
2025-01-27,Banco de Bogota,0.007826144700770034,2.8833994733031614,5.273767445215527,1.3930347739113484,True
2025-01-28,Banco de Bogota,0.027415382377824683,2.868181131433131,5.273767445215527,1.346201812003102,True
2025-01-29,Banco de Bogota,0.017845343022037448,2.978152916950519,5.273767445215527,1.7163916178363203,True
2025-01-30,Banco de Bogota,-0.013009436683064294,3.0082103514917145,5.273767445215527,1.8044818813106496,True
2025-01-31,Banco de Bogota,0.016405159991682308,3.00674706598987,5.273767445215527,1.7977602341184058,True
2025-02-03,Banco de Bogota,-0.015716117530957262,3.0273673434590713,5.273767445215527,1.8513721846829179,True
2025-02-04,Banco de Bogota,0.0013763719506422977,3.038898474124409,5.273767445215527,1.88848766375006,True
2025-02-05,Banco de Bogota,0.0075368727690560905,3.0094780064641635,5.273767445215527,1.7763150437729653,True
2025-02-06,Banco de Bogota,-0.006162175214225446,2.9912032394599515,5.273767445215527,1.703818811828751,True
2025-02-07,Banco de Bogota,-0.008276018305171324,2.967870740472832,5.273767445215527,1.6243731251415143,True
2025-02-10,Banco de Bogota,0.004835906338973052,2.9500266192061213,5.273767445215527,1.5680062250255418,True
2025-02-11,Banco de Bogota,-0.009695385781290766,2.926492540241318,5.273767445215527,1.487957445595601,True
2025-02-12,Banco de Bogota,-0.008385757050239515,2.9136741148662724,5.273767445215527,1.455080302128698,True
2025-02-13,Banco de Bogota,0.0007013880679856194,2.897094285262857,5.273767445215527,1.409968036784361,True
2025-02-14,Banco de Bogota,0.022878050751022404,2.8698305223245115,5.273767445215527,1.3256651217104467,True
2025-02-17,Banco de Bogota,0.023036374131521608,2.938770657281086,5.273767445215527,1.5601683381076343,True
2025-02-18,Banco de Bogota,0.02186223146854537,3.007800837387177,5.273767445215527,1.7849629576976391,True
2025-02-19,Banco de Bogota,-0.10783916829238036,3.0661201493893993,5.273767445215527,1.9646394791063342,True
2025-02-20,Banco de Bogota,0.12021329238907509,5.074407356036121,5.273767445215527,8.82433284115536,True
2025-02-21,Banco de Bogota,-0.012374124096694623,7.5800232085567405,5.273767445215527,16.9656142708988,True
2025-02-24,Banco de Bogota,0.018825810103359458,7.495021800101488,5.273767445215527,16.03954878294111,True
2025-02-25,Banco de Bogota,-0.0051456969927856835,7.451766455831026,5.273767445215527,15.289822531593295,True
2025-02-26,Banco de Bogota,-0.01701620381239823,7.347737259655214,5.273767445215527,14.388320098222634,True
2025-02-27,Banco de Bogota,-0.009950425201401443,7.290252178247932,5.273767445215527,13.69875160764032,True
2025-02-28,Banco de Bogota,-0.02020275879564097,7.201173382375346,5.273767445215527,12.936233088195111,True
2025-03-03,Banco de Bogota,0.020202758795640936,7.1667571520727895,5.273767445215527,12.404949980676314,True
2025-03-04,Banco de Bogota,-0.003338886267801606,7.139004492815734,5.273767445215527,11.905543859608642,True
2025-03-05,Banco de Bogota,0.002004823595899578,7.038063758696551,5.273767445215527,11.19790012493771,True
2025-03-06,Banco de Bogota,0.0,6.938447823309997,5.273767445215527,10.528437708031852,True
2025-03-07,Banco de Bogota,0.029597689058994583,6.8395814301090505,5.273767445215527,9.89673144554994,True
2025-03-10,Banco de Bogota,-0.0019461615554468717,6.901690728638355,5.273767445215527,9.828541477396701,True
2025-03-11,Banco de Bogota,-0.015707235988386754,6.803851425493814,5.273767445215527,9.241101515632838,True
2025-03-12,Banco de Bogota,0.01245514724891575,6.74860421831559,5.273767445215527,8.83466578213179,True
2025-03-13,Banco de Bogota,-0.0065359408979698864,6.6823705102984405,5.273767445215527,8.397664250999187,True
2025-03-14,Banco de Bogota,0.009138307183694428,6.594597825423797,5.273767445215527,7.9194355099922875,True
2025-03-17,Banco de Bogota,-0.01571731717649769,6.517932731161012,5.273767445215527,7.494374574302886,True
2025-03-18,Banco de Bogota,0.0032948116899594207,6.4677921653248704,5.273767445215527,7.19293253538069,True
2025-03-19,Banco de Bogota,0.0,6.379654238505721,5.273767445215527,6.767870053701224,True
2025-03-20,Banco de Bogota,0.0006577722040866031,6.290661710255267,5.273767445215527,6.36179785047915,True
2025-03-21,Banco de Bogota,0.0,6.2034167068813755,5.273767445215527,5.9803495780138825,True
2025-03-24,Banco de Bogota,0.0,6.117538290234541,5.273767445215527,5.621528603333049,True
2025-03-25,Banco de Bogota,0.028517789168113032,6.0331773424907,5.273767445215527,5.284236887133066,True
2025-03-26,Banco de Bogota,-0.008986006998302803,6.09828445734482,5.273767445215527,5.455141253327248,True
2025-03-27,Banco de Bogota,-0.018217879379663942,6.027185224758808,5.273767445215527,5.176281771191741,True
2025-03-28,Banco de Bogota,0.014605668323492993,6.000335618374907,5.273767445215527,5.064839542375426,True
2025-03-31,Banco de Bogota,-0.008488523146124919,5.957929096350034,5.273767445215527,4.888944498138433,True
2025-04-01,Banco de Bogota,0.0006554907110458104,5.887848392016526,5.273767445215527,4.638840843371506,True
2025-04-02,Banco de Bogota,0.03793463248461508,5.807720215874476,5.273767445215527,4.360768193612575,True
2025-04-03,Banco de Bogota,-0.00632922178403954,5.988796142472265,5.273767445215527,4.962543907041509,True
2025-04-04,Banco de Bogota,-0.02964144423056607,5.912839946613093,5.273767445215527,4.688826701653954,True
2025-04-07,Banco de Bogota,-0.012504145554007886,5.982904779443388,5.273767445215527,4.934666229198973,True
2025-04-08,Banco de Bogota,-0.02006755837041813,5.9266764892191315,5.273767445215527,4.732398449068524,True
2025-04-09,Banco de Bogota,0.018078716595295863,5.913838787961305,5.273767445215527,4.690078681494495,True
2025-04-10,Banco de Bogota,-0.05244640062579997,5.893539122766468,5.273767445215527,4.604777956844641,True
2025-04-11,Banco de Bogota,0.034367684030504,6.2913108228244505,5.273767445215527,5.978866242595111,True
2025-04-14,Banco de Bogota,0.0013503729066542082,6.417736545191427,5.273767445215527,6.328816891411741,True
2025-04-15,Banco de Bogota,0.0,6.328595692682793,5.273767445215527,5.9501819821192505,True
2025-04-16,Banco de Bogota,0.01140583453363256,6.240505367320371,5.273767445215527,5.593171063192095,True
2025-04-17,Banco de Bogota,0.0,6.178668351439345,5.273767445215527,5.335636636245732,True
2025-04-18,Banco de Bogota,0.0,6.093227237449567,5.273767445215527,5.0154984380709875,True
2025-04-21,Banco de Bogota,-0.012756207440286823,6.00929586523868,5.273767445215527,4.714568531786728,True
2025-04-22,Banco de Bogota,0.010084116702950306,5.95368854701721,5.273767445215527,4.529326916835302,True
2025-04-23,Banco de Bogota,0.019868130040420654,5.891702577678403,5.273767445215527,4.318580947632416,True
2025-04-24,Banco de Bogota,-0.013201417065199351,5.884060599344442,5.273767445215527,4.296311645556311,True
2025-04-25,Banco de Bogota,0.004862189686675917,5.832641507025674,5.273767445215527,4.143099394340534,True
2025-04-28,Banco de Bogota,-0.003327697414503753,5.7582206937323495,5.273767445215527,3.908697963809632,True
2025-04-29,Banco de Bogota,0.018494589175852148,5.681666862177333,5.273767445215527,3.680820228030551,True
2025-04-30,Banco de Bogota,0.011064209023361036,5.668219565990539,5.273767445215527,3.665200911618846,True
2025-05-01,Banco de Bogota,0.0,5.615087216989708,5.273767445215527,3.5187388897092893,True
2025-05-02,Banco de Bogota,-0.0032416061382439906,5.539604563801069,5.273767445215527,3.307614556326732,True
2025-05-05,Banco de Bogota,0.0,5.466826640322224,5.273767445215527,3.1154624891604286,True
2025-05-06,Banco de Bogota,0.003241606138244116,5.3939637468289465,5.273767445215527,2.928534739810803,True
2025-05-07,Banco de Bogota,0.003230930606971722,5.3247309089239625,5.273767445215527,2.7591274616354555,True
2025-05-08,Banco de Bogota,0.02547923692736595,5.256707603613389,5.273767445215527,2.599843161489568,True
2025-05-09,Banco de Bogota,0.006269373246450689,5.306087927751651,5.273767445215527,2.833367480440703,True
2025-05-12,Banco de Bogota,0.0,5.243950040087001,5.273767445215527,2.686948456156248,True
2025-05-13,Banco de Bogota,0.01550420855501386,5.175025369062971,5.273767445215527,2.525731548786873,True
2025-05-14,Banco de Bogota,0.0018445029878928888,5.152117312730123,5.273767445215527,2.5184159456100796,True
2025-05-15,Banco de Bogota,-0.005543554143305776,5.08569291859064,5.273767445215527,2.3693523036368824,True
2025-05-16,Banco de Bogota,-0.006817391266403402,5.024164008930288,5.273767445215527,2.245629760942527,True
2025-05-19,Banco de Bogota,0.013588875673645607,4.966313690884774,5.273767445215527,2.1387780694935152,True
2025-05-20,Banco de Bogota,-0.01048439842374153,4.936960292929174,5.273767445215527,2.1212459105681827,True
2025-05-21,Banco de Bogota,0.016600391421609486,4.8913121502551276,5.273767445215527,2.059924722118744,True
2025-05-22,Banco de Bogota,-0.003053416330376975,4.879800084479642,5.273767445215527,2.101673036002007,True
2025-05-23,Banco de Bogota,0.00913267281788156,4.818499759743615,5.273767445215527,1.9811666646138542,True
2025-05-26,Banco de Bogota,-0.009132672817881587,4.773199227244995,5.273767445215527,1.9123400924161065,True
2025-05-27,Banco de Bogota,0.009964353143429699,4.7259617885620235,5.273767445215527,1.847643114550224,True
2025-05-28,Banco de Bogota,-0.012239986894012699,4.685227494228503,5.273767445215527,1.7963575278173967,True
2025-05-29,Banco de Bogota,-0.018018475338577394,4.650813733387666,5.273767445215527,1.7784664436477144,True
2025-05-30,Banco de Bogota,0.02170631684571424,4.647037677103556,5.273767445215527,1.8665577291450046,True
2025-06-04,Banco de Bogota,-0.007357556582935483,4.675168043348075,5.273767445215527,2.037262780000227,True
2025-06-05,Banco de Bogota,0.0,4.6247564770401075,5.273767445215527,1.9475071965228719,True
2025-06-06,Banco de Bogota,0.008578475342523317,4.566772936669682,5.273767445215527,1.8306567647314995,True
2025-06-09,Banco de Bogota,-0.008578475342523366,4.52410296240853,5.273767445215527,1.7649715023689778,True
2025-06-10,Banco de Bogota,-0.015504198492731238,4.47961571145958,5.273767445215527,1.7032273557482078,True
2025-06-11,Banco de Bogota,0.017962864336236856,4.46434834224034,5.273767445215527,1.745261816944521,True
2025-06-12,Banco de Bogota,-0.0024586658435056144,4.468905955671372,5.273767445215527,1.83414480502508,True
2025-06-13,Banco de Bogota,-0.009273425078805627,4.414375973447418,5.273767445215527,1.7277231393615877,True
2025-06-16,Banco de Bogota,0.0037195933490012907,4.373915612084038,5.273767445215527,1.6756575986152251,True
2025-06-17,Banco de Bogota,-0.009950366762926688,4.323366570957912,5.273767445215527,1.5834193675074724,True
2025-06-18,Banco de Bogota,0.0,4.2867123530872835,5.273767445215527,1.5478200846870778,True
2025-06-19,Banco de Bogota,-0.0012507621233561507,4.234702041683662,5.273767445215527,1.454950879605853,True
2025-06-20,Banco de Bogota,0.01305594214519392,4.183699733398801,5.273767445215527,1.3685924703630352,True
2025-06-24,Banco de Bogota,0.0006173367784073051,4.165586109574363,5.273767445215527,1.3887514973204436,True
2025-06-25,Banco de Bogota,-0.012422516800245236,4.11587595429854,5.273767445215527,1.3056550703000016,True
2025-06-26,Banco de Bogota,-0.0006250558983246406,4.092290701156572,5.273767445215527,1.3199071202734267,True
2025-06-27,Banco de Bogota,0.0006250558983247753,4.0436911748478925,5.273767445215527,1.2409471099826395,True
2025-06-30,Banco de Bogota,0.0,3.9961377506287805,5.273767445215527,1.1667247003092993,True
2025-07-01,Banco de Bogota,-0.003756859374740727,3.949261883250181,5.273767445215527,1.0967212182907413,True
2025-07-02,Banco de Bogota,-0.002512589076669414,3.90514522120897,5.273767445215527,1.0393863406102433,True
2025-07-03,Banco de Bogota,0.006269448451410077,3.8606161592228236,5.273767445215527,0.9808110224945478,True
2025-07-04,Banco de Bogota,0.0,3.824019889835575,5.273767445215527,0.9455459514758078,True
2025-07-07,Banco de Bogota,0.0,3.7801853396074487,5.273767445215527,0.8888131943872593,True
2025-07-08,Banco de Bogota,0.0,3.737125344493927,5.273767445215527,0.8354844027240237,True
2025-07-09,Banco de Bogota,0.0,3.694826218130659,5.273767445215527,0.7853553385605823,True
2025-07-10,Banco de Bogota,-0.009419072362631453,3.6532745159909186,5.273767445215527,0.7382340182469472,True
2025-07-11,Banco de Bogota,0.015649845776557023,3.626722032533569,5.273767445215527,0.747171331655623,True
2025-07-14,Banco de Bogota,0.0,3.6319959933046335,5.273767445215527,0.8492916554542975,True
2025-07-15,Banco de Bogota,0.0,3.591554499248185,5.273767445215527,0.7983341561270396,True
2025-07-16,Banco de Bogota,-0.0031104370515814294,3.5518276051112205,5.273767445215527,0.7504341067594172,True
2025-07-17,Banco de Bogota,-0.0024954767387587525,3.5140460707087144,5.273767445215527,0.7112129515449626,True
2025-07-18,Banco de Bogota,0.0037407225007966456,3.4764151397840726,5.273767445215527,0.6722766169444764,True
2025-07-21,Banco de Bogota,-0.009378044536577142,3.441755923336842,5.273767445215527,0.6403358228245876,True
2025-07-22,Banco de Bogota,0.014343899722395914,3.4188108437642644,5.273767445215527,0.654684305053127,True
2025-07-23,Banco de Bogota,-0.009331437310200542,3.420641506668868,5.273767445215527,0.7388517222976293,True
2025-07-24,Banco de Bogota,0.008711996138506433,3.3979224214337655,5.273767445215527,0.7467660523242932,True
2025-07-25,Banco de Bogota,0.001857045410239801,3.376333944590488,5.273767445215527,0.7474994152152462,True
2025-07-28,Banco de Bogota,0.00884441478730046,3.34129766955699,5.273767445215527,0.704718620895747,True
2025-07-29,Banco de Bogota,-0.006176597194009234,3.321140386170922,5.273767445215527,0.7093697073998936,True
2025-07-30,Banco de Bogota,-0.003724430809581684,3.292007190499936,5.273767445215527,0.6896977366941256,True
2025-07-31,Banco de Bogota,0.0043437590253689205,3.2594661893584087,5.273767445215527,0.6566387034056947,True
2025-08-01,Banco de Bogota,-0.012461069061034872,3.229592281969781,5.273767445215527,0.6285613266836374,True
2025-08-04,Banco de Bogota,0.0,3.2218313668323186,5.273767445215527,0.6840145923689476,True
2025-08-05,Banco de Bogota,0.009360264801432067,3.1886374687386536,5.273767445215527,0.6429737168268107,True
2025-08-06,Banco de Bogota,-0.006230474464902286,3.1729143612124218,5.273767445215527,0.6569640281089589,True
2025-08-07,Banco de Bogota,0.0,3.1465103568274633,5.273767445215527,0.640837473657101,True
2025-08-08,Banco de Bogota,0.00933127872450507,3.114647378595706,5.273767445215527,0.6023872252376749,True
2025-08-11,Banco de Bogota,0.01230776309446892,3.1001315946555494,5.273767445215527,0.618487649304055,True
2025-08-12,Banco de Bogota,0.010343897254849944,3.0976993005466165,5.273767445215527,0.6722670097795544,True
2025-08-13,Banco de Bogota,0.019779118692121404,3.0871552131963993,5.273767445215527,0.6961287154441165,True
2025-08-14,Banco de Bogota,0.011799161292371897,3.1284325752557733,5.273767445215527,0.8890891142596855,True
2025-08-15,Banco de Bogota,-0.00117347706192178,3.123257497378828,5.273767445215527,0.9192758917261487,True
2025-08-19,Banco de Bogota,0.027224438798463296,3.0918728554431207,5.273767445215527,0.8649455672714936,True
2025-08-20,Banco de Bogota,0.0,3.1960198696896844,5.273767445215527,1.2577508739699685,True
2025-08-21,Banco de Bogota,0.016997371709433606,3.1632820599332643,5.273767445215527,1.1822858215317704,True
2025-08-22,Banco de Bogota,-0.0005619605067750758,3.184720483685739,5.273767445215527,1.2846950592570567,True
2025-08-25,Banco de Bogota,-0.016435411202658554,3.1521539163054926,5.273767445215527,1.2078028354683383,True
2025-08-26,Banco de Bogota,0.023422176888463833,3.1654587000585055,5.273767445215527,1.2974083101805225,True
2025-08-27,Banco de Bogota,-0.005057570614502841,3.2337082648892888,5.273767445215527,1.548722833686385,True
2025-08-28,Banco de Bogota,-0.014184454754359026,3.204066346297891,5.273767445215527,1.4711468759776114,True
2025-08-29,Banco de Bogota,0.003422757153489611,3.2046123360241676,5.273767445215527,1.5035973174260298,True
2025-09-01,Banco de Bogota,0.00511215294579989,3.17430573849579,5.273767445215527,1.4204106382995265,True
2025-09-02,Banco de Bogota,0.0,3.1473356462438695,5.273767445215527,1.350866464646305,True
2025-09-03,Banco de Bogota,-0.008534910099289498,3.1154580851742555,5.273767445215527,1.2698144767675268,True
2025-09-04,Banco de Bogota,0.0,3.0957363353429237,5.273767445215527,1.2373324224032474,True
2025-09-05,Banco de Bogota,0.0,3.064770532463148,5.273767445215527,1.1630924770590525,True
2025-09-08,Banco de Bogota,-0.006880507238141239,3.034351894339792,5.273767445215527,1.0933069284355093,True
2025-09-09,Banco de Bogota,0.0057369406557130145,3.011804801181712,5.273767445215527,1.056113340641847,True
2025-09-10,Banco de Bogota,-0.0017178645090952399,2.9889974678080624,5.273767445215527,1.01249403305564,True
2025-09-11,Banco de Bogota,-0.005747188061762054,2.9601817379278232,5.273767445215527,0.953515026155267,True
2025-09-12,Banco de Bogota,0.0,2.9365862896441346,5.273767445215527,0.9161222269563071,True
2025-09-15,Banco de Bogota,0.008037058064921833,2.9084326630327118,5.273767445215527,0.8611548933389286,True
2025-09-16,Banco de Bogota,-0.00515939430700466,2.8933947893482244,5.273767445215527,0.8482421811419479,True
2025-09-17,Banco de Bogota,0.014265865494657776,2.869934764944843,5.273767445215527,0.8133192600425223,True
2025-09-18,Banco de Bogota,-0.008534910099289498,2.8810578667850875,5.273767445215527,0.8866290554269715,True
2025-09-19,Banco de Bogota,-0.07410812568002907,2.865477961390913,5.273767445215527,0.8771381263431255,True
2025-09-22,Banco de Bogota,0.039812404606225114,3.797911665401941,5.273767445215527,4.119718413846731,True
2025-09-23,Banco de Bogota,0.005308137584867417,4.0405788627596255,5.273767445215527,4.823551845333792,True
2025-09-24,Banco de Bogota,0.00936766703870406,3.9986919824550724,5.273767445215527,4.5510445293856945,True
2025-09-25,Banco de Bogota,0.00017562648087816752,3.9686808422969313,5.273767445215527,4.330633769071366,True
2025-09-26,Banco de Bogota,-0.0029300020353083705,3.92232190840366,5.273767445215527,4.070814249723555,True
2025-09-29,Banco de Bogota,0.005851324874520234,3.8778282064022553,5.273767445215527,3.8317163418962883,True
2025-09-30,Banco de Bogota,0.029320946524665503,3.8399696272790673,5.273767445215527,3.6223561630548184,True
2025-10-01,Banco de Bogota,-0.022344194024290664,3.952159356914919,5.273767445215527,3.920845536332906,True
2025-10-02,Banco de Bogota,0.0,3.9909315527883673,5.273767445215527,3.9851526081100195,True
2025-10-03,Banco de Bogota,0.0005794368344332622,3.944147678760765,5.273767445215527,3.746043451623418,True
2025-10-06,Banco de Bogota,0.00173535270478456,3.898336638927628,5.273767445215527,3.5214822927530713,True
2025-10-07,Banco de Bogota,0.0,3.8539811075810135,5.273767445215527,3.312000224593889,True
2025-10-08,Banco de Bogota,-0.0023147895392177827,3.809617143583983,5.273767445215527,3.1132802111182554,True
2025-10-09,Banco de Bogota,0.013809389931955879,3.7666369809806524,5.273767445215527,2.929698348817683,True
2025-10-10,Banco de Bogota,0.0,3.7595824481484845,5.273767445215527,2.868335998064304,True
2025-10-14,Banco de Bogota,0.008534804092334727,3.716886505474696,5.273767445215527,2.6962358381804457,True
2025-10-15,Banco de Bogota,0.002263814492855446,3.6890953947057312,5.273767445215527,2.5781674164263393,True
2025-10-16,Banco de Bogota,0.02014605929393412,3.648889786642382,5.273767445215527,2.426552285075596,True
2025-10-17,Banco de Bogota,0.0011075203705932036,3.6828849888946364,5.273767445215527,2.5244773710158857,True
2025-10-20,Banco de Bogota,-0.002216041769445706,3.641927008277133,5.273767445215527,2.3737446895776997,True
2025-10-21,Banco de Bogota,0.0,3.6018456669329058,5.273767445215527,2.234266512877394,True
2025-10-22,Banco de Bogota,-0.0016653736854564767,3.5619369281888003,5.273767445215527,2.1002105221047502,True
2025-10-23,Banco de Bogota,0.0027738950843088517,3.5229738628928193,5.273767445215527,1.9758619724857918,True
2025-10-24,Banco de Bogota,0.0005539701495226296,3.4862341152756438,5.273767445215527,1.8619269504998959,True
2025-10-27,Banco de Bogota,0.02407101987276568,3.448505476724504,5.273767445215527,1.7503954632258394,True
2025-10-28,Banco de Bogota,0.012565227286415986,3.5172959654588025,5.273767445215527,1.9930201340613376,True
2025-10-29,Banco de Bogota,0.028528010584936727,3.50866254327655,5.273767445215527,1.968169888073233,True
2025-10-30,Banco de Bogota,0.007782319796566442,3.6184823181713566,5.273767445215527,2.3383881275493965,True
2025-10-31,Banco de Bogota,-0.01562546550161891,3.590147648262569,5.273767445215527,2.2344235407460507,True
2025-11-04,Banco de Bogota,0.006279663895654346,3.591246019203474,5.273767445215527,2.246851231586657,True
2025-11-05,Banco de Bogota,-0.005754698316751712,3.5594336945881233,5.273767445215527,2.135700664876888,True
2025-11-06,Banco de Bogota,0.007318180126149793,3.5252636213574893,5.273767445215527,2.02742855661437,True
2025-11-07,Banco de Bogota,-0.004175226644929219,3.4972681215188177,5.273767445215527,1.9379162994327723,True
2025-11-10,Banco de Bogota,0.006776103725775408,3.4616618580021914,5.273767445215527,1.832100831988722,True
2025-11-11,Banco de Bogota,0.0,3.433358943021609,5.273767445215527,1.749724131090879,True
2025-11-12,Banco de Bogota,-0.013072027246445145,3.3964273593542456,5.273767445215527,1.6447406832254263,True
2025-11-13,Banco de Bogota,0.024949299668257943,3.3883833653996507,5.273767445215527,1.6485829800309832,True
2025-11-14,Banco de Bogota,-0.011877272421812777,3.465975384451107,5.273767445215527,1.923148533591046,True
2025-11-18,Banco de Bogota,-0.0020799056345316294,3.45161441646971,5.273767445215527,1.8924013816847558,True
2025-11-19,Banco de Bogota,0.011901750333683741,3.4148129549311896,5.273767445215527,1.7814529032528041,True
2025-11-20,Banco de Bogota,-0.0072277146355266275,3.405022556597926,5.273767445215527,1.7595567256608406,True
2025-11-21,Banco de Bogota,-0.005195007144471669,3.376739249467136,5.273767445215527,1.6853272374327537,True
2025-11-24,Banco de Bogota,-0.02799218516298761,3.3447983645228545,5.273767445215527,1.6004004627254556,True
2025-11-25,Banco de Bogota,0.016690583251532998,3.4436917825613738,5.273767445215527,1.9745138930813186,True
2025-11-26,Banco de Bogota,0.011566896236900643,3.4583031934488053,5.273767445215527,2.023188401062252,True
2025-11-27,Banco de Bogota,0.0010451052093167974,3.446305533278441,5.273767445215527,1.9820729501316525,True
2025-11-28,Banco de Bogota,0.00520825590797875,3.4094948094571276,5.273767445215527,1.863803920062878,True
2025-12-01,Banco de Bogota,0.0,3.3785585909997837,5.273767445215527,1.7682512426209027,True
2025-12-02,Banco de Bogota,0.0,3.3425953278175107,5.273767445215527,1.6621561680636485,True
2025-12-03,Banco de Bogota,-0.004164559450061246,3.307267534356969,5.273767445215527,1.5624267979798294,True
2025-12-04,Banco de Bogota,-0.0036581383524458264,3.2750044542767487,5.273767445215527,1.4790873233488961,True
2025-12-05,Banco de Bogota,0.00782269780250694,3.2426873476177858,5.273767445215527,1.3983712696713433,True
2025-12-09,Banco de Bogota,0.009307065303893261,3.221110352634566,5.273767445215527,1.351185754036671,True
2025-12-10,Banco de Bogota,0.016335446726852196,3.2046299983066717,5.273767445215527,1.322087487537031,True
2025-12-11,Banco de Bogota,-0.007624104438705724,3.221339933937112,5.273767445215527,1.4028703301443048,True
2025-12-12,Banco de Bogota,-0.002554132544263925,3.1972831377463513,5.273767445215527,1.353574291431022,True
2025-12-15,Banco de Bogota,-0.0025608810264547634,3.1652929437562425,5.273767445215527,1.2762739897773616,True
2025-12-16,Banco de Bogota,-0.02020252887685173,3.1338731035307577,5.273767445215527,1.2036324173697135,True
2025-12-17,Banco de Bogota,0.002612863339291619,3.1713243333016683,5.273767445215527,1.3762997761395477,True
2025-12-18,Banco de Bogota,0.002085322865984512,3.140620812243744,5.273767445215527,1.2978180224690632,True
2025-12-19,Banco de Bogota,0.0,3.1099428135110956,5.273767445215527,1.2225580839941579,True
2025-12-22,Banco de Bogota,-0.0010419591210895957,3.078725982611906,5.273767445215527,1.1492045989545083,True
2025-12-23,Banco de Bogota,0.03936089973010654,3.0480964363614866,5.273767445215527,1.080903730303251,True
2025-12-24,Banco de Bogota,0.003665972981005083,3.2976286725341737,5.273767445215527,1.9456177630231575,True
2025-12-29,Banco de Bogota,0.0024968917980198258,3.2660195756095507,5.273767445215527,1.8369443119802435,True
2025-12-30,Banco de Bogota,-0.008011915193350915,3.2335207025687485,5.273767445215527,1.73046833445204,True
2025-12-31,Banco de Bogota,0.0,3.2102620271672913,5.273767445215527,1.665154705424186,True
2026-01-02,Banco de Bogota,-0.021855969920160128,3.177272558939189,5.273767445215527,1.5652454230987347,True
2026-01-05,Banco de Bogota,0.009716078145752255,3.2259970425872506,5.273767445215527,1.7579407504033773,True
2026-01-06,Banco de Bogota,0.0,3.2108664869440933,5.273767445215527,1.7091056100997934,True
2026-01-07,Banco de Bogota,0.0,3.177866337930874,5.273767445215527,1.6065592734938057,True
2026-01-08,Banco de Bogota,0.0,3.145449300505839,5.273767445215527,1.5101657170841774,True
2026-01-09,Banco de Bogota,-0.007662700951933665,3.1136050711056886,5.273767445215527,1.4195557740591267,True
2026-01-13,Banco de Bogota,-0.00462617241888646,3.0915504180867535,5.273767445215527,1.3696126191428382,True
2026-01-14,Banco de Bogota,0.023925749174594464,3.0637469046964223,5.273767445215527,1.3002767447438273,True
2026-01-15,Banco de Bogota,0.005517992931332126,3.1380822511881545,5.273767445215527,1.5657250241985623,True
2026-01-16,Banco de Bogota,0.024704826625119334,3.1125753555253084,5.273767445215527,1.4900504703407873,True
2026-01-19,Banco de Bogota,0.029336229226129915,3.192859280741002,5.273767445215527,1.7668445172666636,True
2026-01-20,Banco de Bogota,0.014117659847566863,3.316644120759243,5.273767445215527,2.1772024533554877,True
2026-01-21,Banco de Bogota,0.023095912859784642,3.3191083666892145,5.273767445215527,2.1661552978971197,True
2026-01-22,Banco de Bogota,-0.01843387821638243,3.3819122479222976,5.273767445215527,2.356238694519352,True
2026-01-23,Banco de Bogota,0.009720205122406681,3.403171045186444,5.273767445215527,2.4187490925060424,True
2026-01-26,Banco de Bogota,0.012359780560724173,3.384924622650183,5.273767445215527,2.3303135795286765,True
2026-01-27,Banco de Bogota,0.0037818213801148444,3.3776945714162405,5.273767445215527,2.282153270062509,True
2026-01-28,Banco de Bogota,-0.0018208466547932406,3.3448405335445717,5.273767445215527,2.1538053776294146,True
2026-01-29,Banco de Bogota,-0.023042425222829694,3.3097860279934372,5.273767445215527,2.0265663444958126,True
2026-01-30,Banco de Bogota,0.0,3.3654039741259263,5.273767445215527,2.223544379915883,True
2026-02-02,Banco de Bogota,-0.02310873826457647,3.3296731526073016,5.273767445215527,2.09013171712093,True
2026-02-03,Banco de Bogota,0.0019065762556952437,3.3854705317221008,5.273767445215527,2.285132084602095,True
2026-02-04,Banco de Bogota,-0.010050300951009715,3.350313176037895,5.273767445215527,2.1502051793372376,True
2026-02-05,Banco de Bogota,-0.02533021286400175,3.331190982626004,5.273767445215527,2.0817979981005235,True
2026-02-06,Banco de Bogota,0.003938947417835553,3.405642545175386,5.273767445215527,2.3418619284558764,True
2026-02-09,Banco de Bogota,0.014634441573550247,3.3725325757954288,5.273767445215527,2.210659396804808,True
2026-02-10,Banco de Bogota,0.002418353986532617,3.3767122257510156,5.273767445215527,2.2065199610983126,True
2026-02-11,Banco de Bogota,-0.008246632587919252,3.342177435046564,5.273767445215527,2.0776378250349206,True
2026-02-12,Banco de Bogota,-0.021167121818966447,3.317637937288235,5.273767445215527,1.9937837249569044,True
2026-02-13,Banco de Bogota,0.019704851931827503,3.3587486664051083,5.273767445215527,2.1429849291188696,True
2026-02-16,Banco de Bogota,0.0,3.394697705929481,5.273767445215527,2.247374547164885,True
2026-02-17,Banco de Bogota,-0.024192588762274033,3.3584492650974105,5.273767445215527,2.112532074334992,True
2026-02-18,Banco de Bogota,0.03390149123733219,3.422634701010707,5.273767445215527,2.336948960487197,True
2026-02-19,Banco de Bogota,0.021506064341015235,3.5940562232214806,5.273767445215527,2.886318687726912,True
2026-02-20,Banco de Bogota,-0.0071172935039222835,3.639233676419813,5.273767445215527,2.9906460485272297,True
2026-02-23,Banco de Bogota,0.0,3.606548523767649,5.273767445215527,2.8416008057081803,True
2026-02-24,Banco de Bogota,-0.013324856466506,3.5665566856921793,5.273767445215527,2.6711047573656894,True
2026-02-25,Banco de Bogota,0.0048309643023358596,3.5566478979062746,5.273767445215527,2.61736955183554,True
2026-02-26,Banco de Bogota,-0.012609420674268105,3.522385657852266,5.273767445215527,2.4743303083796735,True
2026-02-27,Banco de Bogota,0.012609420674268084,3.51008604995165,5.273767445215527,2.421268983721289,True
2026-03-02,Banco de Bogota,-0.05701661672964823,3.5017832376191644,5.273767445215527,2.3713913385424075,True
2026-03-03,Banco de Bogota,-0.015942902840916845,4.029529753050619,5.273767445215527,4.179644608207226,True
2026-03-04,Banco de Bogota,0.0,4.02458738663955,5.273767445215527,4.081371622311741,True
2026-03-05,Banco de Bogota,0.03764426801926453,3.977208815093437,5.273767445215527,3.836489324973036,True
2026-03-06,Banco de Bogota,-0.07138506391733451,4.186708554262219,5.273767445215527,4.456554514298388,True
2026-03-09,Banco de Bogota,0.06838499799417108,5.026198144816751,5.273767445215527,7.246657653729647,True
2026-03-12,Banco de Bogota,-0.024805271958563833,5.797707239387792,5.273767445215527,9.617762964903541,True
2026-03-13,Banco de Bogota,-0.026488006571521096,5.824003797168444,5.273767445215527,9.409878097172317,True
2026-03-16,Banco de Bogota,0.03363830777010224,5.86483498520397,5.273767445215527,9.266254106621744,True
2026-03-17,Banco de Bogota,-0.0025475869364256468,5.989922563111934,5.273767445215527,9.389200310006112,True
2026-03-18,Banco de Bogota,0.0,5.908581599182929,5.273767445215527,8.829742410924933,True
2026-03-19,Banco de Bogota,-0.04380281232326872,5.827912909553805,5.273767445215527,8.299957866269436,True
2026-03-20,Banco de Bogota,-0.0926483419443424,6.081136326554662,5.273767445215527,8.953172214749772,True
2026-03-24,Banco de Bogota,0.0889100122146007,7.500273470077225,5.273767445215527,13.566211040886268,True
2026-03-25,Banco de Bogota,0.022746272047549008,8.801613546846001,5.273767445215527,17.495232541633364,True
2026-03-26,Banco de Bogota,0.011957521462030314,8.764657140357876,5.273767445215527,16.755954324372027,True
2026-03-27,Banco de Bogota,-0.05118121392148182,8.660578649824608,5.273767445215527,15.836386456618655,True
2026-03-30,Banco de Bogota,0.024825879304578642,8.986479666815281,5.273767445215527,16.457913264307425,True
2026-03-31,Banco de Bogota,-0.004273347147207775,8.964049490902655,5.273767445215527,15.840233038396283,True
2026-04-01,Banco de Bogota,0.01698542626362497,8.83197714890037,5.273767445215527,14.900775953596835,True
2026-04-02,Banco de Bogota,0.0,8.753176390283508,5.273767445215527,14.179832219595248,True
2026-04-03,Banco de Bogota,0.0,8.622243800763624,5.273767445215527,13.329042286419533,True
2026-04-06,Banco de Bogota,0.0156661178348677,8.493624785954855,5.273767445215527,12.52929974923436,True
2026-04-07,Banco de Bogota,-0.013038082706137547,8.412993209584487,5.273767445215527,11.924798113089873,True
2026-04-08,Banco de Bogota,0.021294160014209005,8.316155134882656,5.273767445215527,11.31130518669573,True
2026-04-09,Banco de Bogota,-0.0067029522950881265,8.276258905360221,5.273767445215527,10.904691625920428,True
2026-04-10,Banco de Bogota,0.0,8.160687924717026,5.273767445215527,10.277367870047337,True
2026-04-13,Banco de Bogota,0.0,8.040224587623825,5.273767445215527,9.660725797844496,True
2026-04-14,Banco de Bogota,0.0,7.921889833882849,5.273767445215527,9.081082249973825,True
2026-04-15,Banco de Bogota,0.032072112344551755,7.805646051493659,5.273767445215527,8.536217314975396,True
2026-04-16,Banco de Bogota,0.009473941500227553,7.878019727615527,5.273767445215527,8.6412165102218,True
2026-04-17,Banco de Bogota,-0.010476534756775934,7.7798307362511165,5.273767445215527,8.176596860138334,True
2026-04-20,Banco de Bogota,0.0005014222774236975,7.683921215985025,5.273767445215527,7.751855716835994,True
2026-04-21,Banco de Bogota,-0.0070422897080439735,7.572001904582778,5.273767445215527,7.286895228406012,True
2026-04-22,Banco de Bogota,-0.0035399315695109953,7.46964844338863,5.273767445215527,6.879437821300864,True
2026-04-23,Banco de Bogota,-0.02202390320865258,7.363079478691041,5.273767445215527,6.474190221332904,True
2026-04-24,Banco de Bogota,0.005165438741606924,7.339117799780442,5.273767445215527,6.376770195579388,True
2026-04-27,Banco de Bogota,-0.006803346031434227,7.2386603655558295,5.273767445215527,6.0101730382806,True
2026-04-28,Banco de Bogota,-0.021064473191741585,7.141648268127571,5.273767445215527,5.677333966317823,True
2026-04-29,Banco de Bogota,0.0010638075326535458,7.114438243559312,5.273767445215527,5.602921146846114,True
2026-04-30,Banco de Bogota,0.008997223899411067,7.012821503056938,5.273767445215527,5.267424889915265,True
2026-05-04,Banco de Bogota,-0.023455269580374326,6.928293158588876,5.273767445215527,4.999949419258029,True
2026-05-05,Banco de Bogota,0.0,6.923302308764162,5.273767445215527,5.030042256755367,True
2026-05-06,Banco de Bogota,0.011263221992248393,6.82470353632569,5.273767445215527,4.728239721350045,True
2026-05-07,Banco de Bogota,-0.011802784180430088,6.751951133492105,5.273767445215527,4.520661439857043,True
2026-05-08,Banco de Bogota,0.009132452318316955,6.67922656331188,5.273767445215527,4.333005182111507,True
2026-05-11,Banco de Bogota,-0.010212450862936588,6.601046302415095,5.273767445215527,4.123065882392616,True
2026-05-12,Banco de Bogota,-0.011956630262795384,6.525040021813617,5.273767445215527,3.938258421025796,True
2026-05-13,Banco de Bogota,-0.003285804770874289,6.4569477964859985,5.273767445215527,3.7877395201089645,True
2026-05-14,Banco de Bogota,0.00873848352618183,6.368004801557031,5.273767445215527,3.5669530566978067,True
2026-05-15,Banco de Bogota,-0.0043596966566685005,6.294020706379522,5.273767445215527,3.398752529898349,True
2026-05-19,Banco de Bogota,-0.011535451281625015,6.209246469937862,5.273767445215527,3.206231551067348,True
2026-05-20,Banco de Bogota,-0.016713462441808383,6.1450490951246355,5.273767445215527,3.093697639765754,True
2026-05-21,Banco de Bogota,-0.0022496723913301856,6.1070565013008125,5.273767445215527,3.0756796774560526,True
2026-05-22,Banco de Bogota,0.011754883161042971,6.023437897357731,5.273767445215527,2.894175512329677,True
2026-05-25,Banco de Bogota,0.005549397802219318,5.966917246054497,5.273767445215527,2.8034313484677593,True
2026-05-26,Banco de Bogota,0.02683211132295382,5.891491047646981,5.273767445215527,2.6537029571400597,True
2026-05-27,Banco de Bogota,-0.013079161114018098,5.942362676432158,5.273767445215527,2.9264580985400883,True
2026-05-28,Banco de Bogota,-0.009369141035096944,5.889363981844237,5.273767445215527,2.853509285895549,True
2026-06-01,Banco de Bogota,0.05021316635297418,5.823141585781003,5.273767445215527,2.734967210983138,True
2026-06-02,Banco de Bogota,0.0,6.197031772694739,5.273767445215527,4.083686423439026,True
2026-06-03,Banco de Bogota,0.010997651389416448,6.111266177632817,5.273767445215527,3.8386652380326844,True
2026-06-04,Banco de Bogota,0.010878119581980806,6.050035771062694,5.273767445215527,3.6809143254006034,True
2026-06-05,Banco de Bogota,-0.035661845207780374,5.98940734677006,5.273767445215527,3.5310595572604915,True
2026-06-08,Banco de Bogota,0.0,6.126686810409044,5.273767445215527,4.082256305999075,True
2026-06-09,Banco de Bogota,0.014312478960137053,6.042164208603388,5.273767445215527,3.8373209276391305,True
2026-06-10,Banco de Bogota,-0.0015801506037064971,5.997476490367678,5.273767445215527,3.729989904371402,True
2026-06-11,Banco de Bogota,0.027555658387842363,5.91544141621915,5.273767445215527,3.5076886356673542,True
2026-06-17,Banco de Bogota,0.010045237375651965,5.972951783825835,5.273767445215527,3.7528159030397936,True
2026-06-18,Banco de Bogota,0.0,5.910481319036458,5.273767445215527,3.588191025217323,True
2026-06-19,Banco de Bogota,0.0,5.829779061417672,5.273767445215527,3.3728995637042836,True
2026-06-22,Banco de Bogota,-0.02581755725702261,5.750502810135747,5.273767445215527,3.1705255898820264,True
2026-06-23,Banco de Bogota,-0.014983612394297026,5.7865366912406735,5.273767445215527,3.3802218121208893,True
2026-06-24,Banco de Bogota,0.0041231198420760215,5.745449593753361,5.273767445215527,3.312113687623155,True
2026-06-25,Banco de Bogota,0.0010412314499432054,5.671285274742921,5.273767445215527,3.123586936705038,True
2026-06-26,Banco de Bogota,0.004153607237493114,5.595157220711149,5.273767445215527,2.936822218262146,True
2026-06-29,Banco de Bogota,0.0,5.5236977198806,5.273767445215527,2.7709643570164304,True
2026-06-30,Banco de Bogota,-0.027312633116617756,5.449829916212226,5.273767445215527,2.6047064955954444,True
2026-07-01,Banco de Bogota,0.0037204557054082736,5.504988519290296,5.273767445215527,2.8960120625174968,True
2026-07-02,Banco de Bogota,-0.006386424237669122,5.434454718645813,5.273767445215527,2.7305564131599898,True
2026-07-03,Banco de Bogota,0.007446874157577231,5.36841367082471,5.273767445215527,2.5911948770964828,True
2026-07-06,Banco de Bogota,-0.010119863554874306,5.3082048151135925,5.273767445215527,2.4689967453019688,True
2026-07-07,Banco de Bogota,0.008528766668898947,5.254724238730653,5.273767445215527,2.382303923605414,True
2026-07-08,Banco de Bogota,-0.013896488234169467,5.199740475497654,5.273767445215527,2.2830096047246022,True
2026-07-09,Banco de Bogota,-0.00647953120808204,5.16363726384696,5.273767445215527,2.261896459586572,True
2026-07-10,Banco de Bogota,0.025669860149106667,5.102579268592728,5.273767445215527,2.1513732668172834,True
2026-07-14,Banco de Bogota,-0.010082272395425043,5.156434461829907,5.273767445215527,2.4176559028530633,True
2026-07-15,Banco de Bogota,0.005319078654637009,5.105507106867448,5.273767445215527,2.3335878786752096,True
2026-07-16,Banco de Bogota,0.004763193740788013,5.044825163331425,5.273767445215527,2.2105481645952256,True
2026-07-17,Banco de Bogota,-0.009549079048182708,4.9841418311792856,5.273767445215527,2.0915280834868812,True
2026-07-21,Banco de Bogota,0.009549079048182748,4.93448921977298,5.273767445215527,2.0207473448787336,True
2026-07-22,Banco de Bogota,-0.0015852116921686403,4.888576144365191,5.273767445215527,1.9542134505870752,True
2026-07-23,Banco de Bogota,-0.010098453941652746,4.826137376491953,5.273767445215527,1.8384683812172435,True
2026-07-24,Banco de Bogota,0.0,4.78110163772375,5.273767445215527,1.7893475415512181,True
2026-07-27,Banco de Bogota,0.0026673907690744846,4.7203554833143775,5.273767445215527,1.681986689058145,True
2026-07-28,Banco de Bogota,0.003153294509384108,4.66233967786294,5.273767445215527,1.5853364718236225,True
2026-07-29,Banco de Bogota,-0.000533744927525742,4.605921589026346,5.273767445215527,1.4961822432719523,True
2026-07-30,Banco de Bogota,0.0010673097570584038,4.5482412088458695,5.273767445215527,1.4065822388642308,True
2026-07-31,Banco de Bogota,0.03201532824299192,4.491970932384969,5.273767445215527,1.3228707946028841,True
2026-08-03,Banco de Bogota,0.0020639244634459777,4.62224559665208,5.273767445215527,1.8584872924306213,True
2026-08-04,Banco de Bogota,0.0,4.565368439304219,5.273767445215527,1.7495339253992703,True
2026-08-05,Banco de Bogota,-0.002063924463445871,4.508434283680192,5.273767445215527,1.644561889875314,True
2026-08-06,Banco de Bogota,0.004637954975450976,4.452949541965078,5.273767445215527,1.5484440469972813,True
2026-08-07,Banco de Bogota,0.0,4.4024978200634095,5.273767445215527,1.4684437799900305,True
2026-08-10,Banco de Bogota,0.0025674218860935526,4.348441583124418,5.273767445215527,1.3803371531906286,True
2026-08-11,Banco de Bogota,0.002560746755580587,4.296890032326927,5.273767445215527,1.3014719170839062,True
2026-08-12,Banco de Bogota,0.0071356000018103875,4.246242346779396,5.273767445215527,1.2273180564266017,True
2026-08-13,Banco de Bogota,-0.00815911194769349,4.20501350734297,5.273767445215527,1.1842290454725073,True
2026-08-14,Banco de Bogota,-0.019126925631260894,4.1649871272318215,5.273767445215527,1.1531179674091536,True
2026-08-18,Banco de Bogota,0.013478605430970193,4.176904894811336,5.273767445215527,1.3034344598268754,True
2026-08-19,Banco de Bogota,0.001543663504499481,4.160956397256154,5.273767445215527,1.3342320748555305,True
2026-08-20,Banco de Bogota,-0.007223966937808833,4.111820590349519,5.273767445215527,1.2556078885732729,True
2026-08-21,Banco de Bogota,0.00979138882390245,4.071039175847111,5.273767445215527,1.2115828342500097,True
2026-08-24,Banco de Bogota,0.022814614223447202,4.041247632158133,5.273767445215527,1.1964106412555142,True
2026-08-25,Banco de Bogota,-0.000501364302711653,4.088967177985419,5.273767445215527,1.4369299760790153,True
2026-08-26,Banco de Bogota,0.0074778898559587845,4.040420296125061,5.273767445215527,1.3508649972126945,True
2026-08-27,Banco de Bogota,0.0,4.003763484146629,5.273767445215527,1.3033643993986435,True
2026-08-28,Banco de Bogota,-0.01663764115302325,3.9567528702982213,5.273767445215527,1.2251625354347249,True
2026-08-31,Banco de Bogota,0.0005082592231396135,3.9569919398906674,5.273767445215527,1.3177394451907052,True
2026-09-01,Banco de Bogota,-0.0010167769050868354,3.9109295952037937,5.273767445215527,1.2388300749420067,True
2026-09-02,Banco de Bogota,-0.002036660581803459,3.8655896507055627,5.273767445215527,1.165120571610317,True
2026-09-03,Banco de Bogota,-0.009731190747868271,3.821448284598628,5.273767445215527,1.097702129108981,True
2026-09-04,Banco de Bogota,0.0,3.7929335602203635,5.273767445215527,1.0886576453852803,True
2026-09-08,Banco de Bogota,0.01278462823475872,3.7496483044522564,5.273767445215527,1.0233381866621634,True
2026-09-09,Banco de Bogota,-0.007139245009470652,3.737924869843462,5.273767445215527,1.0600059269230275,True
2026-09-10,Banco de Bogota,-0.0030753484002476487,3.703547855735535,5.273767445215527,1.0269868628907968,True
2026-09-11,Banco de Bogota,0.0005132153050804507,3.6630523351054856,5.273767445215527,0.9710423117870923,True
2026-09-14,Banco de Bogota,-0.015512203499860933,3.6221855312234927,5.273767445215527,0.912937807049488,True
2025-01-02,Ecopetrol,0.06919186093505915,3.6973355767667138,5.71870165212589,2.668961910307173,True
2025-01-03,Ecopetrol,-0.0027893823226642816,6.763185804423486,5.71870165212589,5.381332367482684,True
2025-01-07,Ecopetrol,0.03026367816546214,6.33152906855804,5.71870165212589,5.063120817678918,True
2025-01-08,Ecopetrol,-0.0027136865342875997,6.535549516542693,5.71870165212589,5.308867698279785,True
2025-01-09,Ecopetrol,-0.0136801628748822,6.124412530521241,5.71870165212589,4.994754093146822,True
2025-01-10,Ecopetrol,0.01639384940916984,5.882524265854259,5.71870165212589,4.807356961327995,True
2025-01-13,Ecopetrol,0.002706342364959905,5.69540272225662,5.71870165212589,4.6801705227186385,True
2025-01-14,Ecopetrol,-0.005420028899247455,5.357045718480826,5.71870165212589,4.4037548647533455,True
2025-01-15,Ecopetrol,0.0027136865342876734,5.071086296847911,5.71870165212589,4.157155600829351,True
2025-01-16,Ecopetrol,0.013459134553735928,4.789971224753723,5.71870165212589,3.912144721543414,True
2025-01-17,Ecopetrol,-0.01889396953045276,4.645278376540853,5.71870165212589,3.7861050200121498,True
2025-01-20,Ecopetrol,-0.008207922089761115,4.65926165239315,5.71870165212589,3.7731279695820272,True
2025-01-21,Ecopetrol,0.0,4.465423990345339,5.71870165212589,3.5871622824260583,True
2025-01-22,Ecopetrol,-0.03352269203864356,4.236878237043741,5.71870165212589,3.3719325454804947,True
2025-01-23,Ecopetrol,0.00848655357759707,4.824559763341138,5.71870165212589,3.843879121662307,True
2025-01-24,Ecopetrol,-0.008486553577597106,4.605836607715451,5.71870165212589,3.656459329337824,True
2025-01-27,Ecopetrol,0.01969115326232346,4.420295640759204,5.71870165212589,3.4802847245528103,True
2025-01-28,Ecopetrol,0.016575005172846487,4.446095954557183,5.71870165212589,3.504112551159829,True
2025-01-29,Ecopetrol,0.03234783448777571,4.394575717095367,5.71870165212589,3.458704275978172,True
2025-01-30,Ecopetrol,0.07164188096705948,4.8638458178157045,5.71870165212589,3.879011457048601,True
2025-01-31,Ecopetrol,-0.03262520969763983,8.05710520108692,5.71870165212589,6.725806234724679,True
2025-02-03,Ecopetrol,0.022699640898650113,8.253315026654013,5.71870165212589,6.960900445330182,True
2025-02-04,Ecopetrol,0.022195644202084943,8.012788918552154,5.71870165212589,6.852410636766972,True
2025-02-05,Ecopetrol,-0.03222086217747543,7.779207188763197,5.71870165212589,6.736853971488282,True
2025-02-06,Ecopetrol,0.007528355748925697,7.982623694294444,5.71870165212589,6.955553108874906,True
2025-02-07,Ecopetrol,0.0,7.46469106875753,5.71870165212589,6.57222560651184,True
2025-02-10,Ecopetrol,0.009950259498502334,6.961254013566637,5.71870165212589,6.177892070121129,True
2025-02-11,Ecopetrol,0.0049382464904990635,6.5640387697822895,5.71870165212589,5.866623144366383,True
2025-02-12,Ecopetrol,-0.019901155023829296,6.156022223800342,5.71870165212589,5.529257522744956,True
2025-02-13,Ecopetrol,0.051418967524071574,6.059071127474779,5.71870165212589,5.43513565414975,True
2025-02-14,Ecopetrol,0.014218215183191548,7.45469870526378,5.71870165212589,6.695373647645683,True
2025-02-17,Ecopetrol,0.04822983188258981,7.0795716559852035,5.71870165212589,6.414945814584265,True
2025-02-18,Ecopetrol,0.0,8.166573137437974,5.71870165212589,7.425719075762936,True
2025-02-19,Ecopetrol,-0.203165116380932,7.598806607549396,5.71870165212589,6.980175931217159,True
2025-02-20,Ecopetrol,0.2054046790877878,35.49802870726834,5.71870165212589,31.32700408379074,True
2025-02-21,Ecopetrol,-0.041101644429301476,61.150437472830916,5.71870165212589,54.762033153457566,True
2025-02-24,Ecopetrol,0.0,56.91488978700135,5.71870165212589,52.489918269125745,True
2025-02-25,Ecopetrol,-0.009367750160144055,51.87920230230264,5.71870165212589,49.340523172978195,True
2025-02-26,Ecopetrol,-0.016607753751316824,47.37237673019887,5.71870165212589,46.43274462843723,True
2025-02-27,Ecopetrol,-0.019324273492568496,43.41296586952878,5.71870165212589,43.81227044152961,True
2025-02-28,Ecopetrol,0.004866224458328853,39.88537268039502,5.71870165212589,41.40759074264718,True
2025-03-03,Ecopetrol,-0.049761509559063825,36.42293404925698,5.71870165212589,38.93734338237565,True
2025-03-04,Ecopetrol,-0.03901667126941968,34.99912243277688,5.71870165212589,38.08682747959119,True
2025-03-05,Ecopetrol,0.02359216397245657,33.04444388137861,5.71870165212589,36.714998212983296,True
2025-03-06,Ecopetrol,0.03562728596914835,30.55933544496981,5.71870165212589,34.84605244074626,True
2025-03-07,Ecopetrol,0.029558730886878604,28.780605878415166,5.71870165212589,33.51687139761797,True
2025-03-10,Ecopetrol,-0.017136299861424037,26.898779734820675,5.71870165212589,32.03009025674663,True
2025-03-11,Ecopetrol,-0.022472838233621846,24.828451023273175,5.71870165212589,30.284476505106216,True
2025-03-12,Ecopetrol,0.017522368398075253,23.09671221103219,5.71870165212589,28.770424989764564,True
2025-03-13,Ecopetrol,-0.0024844555337003955,21.357191585371066,5.71870165212589,27.22841952694541,True
2025-03-14,Ecopetrol,0.03423313614240782,19.58661606714315,5.71870165212589,25.598417866908044,True
2025-03-17,Ecopetrol,0.01904819497069441,18.747968646261526,5.71870165212589,24.765657360980338,True
2025-03-18,Ecopetrol,-0.004728175013324906,17.44404289083691,5.71870165212589,23.49741815830647,True
2025-03-19,Ecopetrol,0.009434032550892726,16.044933948596988,5.71870165212589,22.10098645218206,True
2025-03-20,Ecopetrol,-0.01418460149211151,14.808722671547494,5.71870165212589,20.82832784715392,True
2025-03-21,Ecopetrol,0.0,13.780906057948377,5.71870165212589,19.699349928018687,True
2025-03-24,Ecopetrol,0.0,12.698570053114587,5.71870165212589,18.517388932337564,True
2025-03-25,Ecopetrol,0.009478743954543739,11.715433201164482,5.71870165212589,17.40634559639731,True
2025-03-26,Ecopetrol,0.01405172026743205,10.876577209635036,5.71870165212589,16.415872812786947,True
2025-03-27,Ecopetrol,0.011560806379177132,10.184731888596449,5.71870165212589,15.549390949504227,True
2025-03-28,Ecopetrol,-0.01622278629676997,9.514547163502307,5.71870165212589,14.696618839016066,True
2025-03-31,Ecopetrol,0.020448670618138647,9.015962932132286,5.71870165212589,13.972728985813502,True
2025-04-01,Ecopetrol,0.004807667097847538,8.640787567405749,5.71870165212589,13.385254124694168,True
2025-04-02,Ecopetrol,-0.002400944343840851,8.041660946203224,5.71870165212589,12.596007074966751,True
2025-04-03,Ecopetrol,-0.03922069751014317,7.491147494864992,5.71870165212589,11.843705370714078,True
2025-04-04,Ecopetrol,-0.0356272682598824,8.068738425187027,5.71870165212589,12.056040916380525,True
2025-04-07,Ecopetrol,0.005168003470755776,8.406479100599938,5.71870165212589,12.094259807594668,True
2025-04-08,Ecopetrol,-0.06936114015258549,7.831009517937449,5.71870165212589,11.384629175063234,True
2025-04-09,Ecopetrol,0.05899835675680129,10.641280659862986,5.71870165212589,13.588132082519405,True
2025-04-10,Ecopetrol,-0.07290676309423835,12.184011538443094,5.71870165212589,14.861327817569922,True
2025-04-11,Ecopetrol,0.04919019072073997,14.943394917012252,5.71870165212589,17.158885811443366,True
2025-04-14,Ecopetrol,0.023716572373498362,15.372961767423925,5.71870165212589,17.581157580642426,True
2025-04-15,Ecopetrol,0.0,14.511427618199061,5.71870165212589,16.863773608892313,True
2025-04-16,Ecopetrol,-0.00784319247289647,13.362137248346928,5.71870165212589,15.851947192358773,True
2025-04-17,Ecopetrol,0.0,12.366366298935029,5.71870165212589,14.937739761717385,True
2025-04-18,Ecopetrol,0.0,11.413676859666584,5.71870165212589,14.041475376014342,True
2025-04-21,Ecopetrol,0.010443955648926388,10.548304099243333,5.71870165212589,13.19898685345348,True
2025-04-22,Ecopetrol,0.005181392045153243,9.828836462860838,5.71870165212589,12.472493368004315,True
2025-04-23,Ecopetrol,0.0065430551797085535,9.123088308807626,5.71870165212589,11.740251860039402,True
2025-04-24,Ecopetrol,0.0,8.491899682694758,5.71870165212589,11.061523691087864,True
2025-04-25,Ecopetrol,-0.005449603626465011,7.8943160557532135,5.71870165212589,10.397832269622592,True
2025-04-28,Ecopetrol,-0.0248975463285591,7.3760516038473485,5.71870165212589,9.791781241256585,True
2025-04-29,Ecopetrol,-0.019802622991069715,7.324384072215578,5.71870165212589,9.576207054690837,True
2025-04-30,Ecopetrol,-0.014388734270061772,7.117594825298027,5.71870165212589,9.236920957805252,True
2025-05-01,Ecopetrol,0.0,6.79884291058092,5.71870165212589,8.806927104673605,True
2025-05-02,Ecopetrol,0.005780361631680215,6.356432720379542,5.71870165212589,8.278511478393188,True
2025-05-05,Ecopetrol,-0.023324667340241915,5.9729715714267515,5.71870165212589,7.801848338045397,True
2025-05-06,Ecopetrol,0.017544305708561837,5.996757455378004,5.71870165212589,7.660161501682442,True
2025-05-07,Ecopetrol,-0.02049851693532762,5.825005663586587,5.71870165212589,7.385233409258781,True
2025-05-08,Ecopetrol,0.017595757924873855,5.775377152468992,5.71870165212589,7.194232922632002,True
2025-05-09,Ecopetrol,0.0,5.625113457470642,5.71870165212589,6.948345365444538,True
2025-05-12,Ecopetrol,0.017291493280515515,5.290278887911258,5.71870165212589,6.531444643517866,True
2025-05-13,Ecopetrol,0.03922070470864229,5.177444259563395,5.71870165212589,6.318955408828861,True
2025-05-14,Ecopetrol,0.0,5.90638672477504,5.71870165212589,6.862776291004639,True
2025-05-15,Ecopetrol,-0.01104983384085198,5.545772665555505,5.71870165212589,6.4510097135443605,True
2025-05-16,Ecopetrol,0.005540179196269006,5.310350671460188,5.71870165212589,6.137208427477961,True
2025-05-19,Ecopetrol,-0.002766252904850405,5.021090344214988,5.71870165212589,5.787392073145345,True
2025-05-20,Ecopetrol,-0.00834497014835041,4.74899570886543,5.71870165212589,5.444739841836781,True
2025-05-21,Ecopetrol,-0.00841519511130507,4.5485927799964285,5.71870165212589,5.159838567392689,True
2025-05-22,Ecopetrol,0.002812940768557925,4.367417458794627,5.71870165212589,4.892737558605927,True
2025-05-23,Ecopetrol,0.0,4.15109434335135,5.71870165212589,4.60392088655002,True
2025-05-26,Ecopetrol,-0.011299552800977095,3.9513577903062096,5.71870165212589,4.327685633357018,True
2025-05-27,Ecopetrol,0.011299552800977093,3.8660824980967154,5.71870165212589,4.144632431456839,True
2025-05-28,Ecopetrol,0.0,3.7711333385989767,5.71870165212589,3.97256242167067,True
2025-05-29,Ecopetrol,0.008391655832403077,3.606221285184206,5.71870165212589,3.7342086763704296,True
2025-05-30,Ecopetrol,-0.031119901947656882,3.4981392038554455,5.71870165212589,3.552408088353906,True
2025-06-04,Ecopetrol,-0.005649731315670203,4.0453343975485305,5.71870165212589,3.9203325813917393,True
2025-06-05,Ecopetrol,0.008462672084228127,3.8815155676457063,5.71870165212589,3.7042643048717934,True
2025-06-06,Ecopetrol,0.03586590558366754,3.748966450361364,5.71870165212589,3.52497853786259,True
2025-06-09,Ecopetrol,0.002706361034890756,4.438977390979058,5.71870165212589,4.085297735592768,True
2025-06-10,Ecopetrol,0.024033194512144966,4.215775373462524,5.71870165212589,3.8445745054879064,True
2025-06-11,Ecopetrol,0.01830116070540127,4.386934107773772,5.71870165212589,3.9604566982337888,True
2025-06-12,Ecopetrol,-0.0025940346599467976,4.380714597701895,5.71870165212589,3.9237887862387155,True
2025-06-13,Ecopetrol,0.03069294036613991,4.16654694405931,5.71870165212589,3.6923988685545956,True
2025-06-16,Ecopetrol,-0.02035693308792569,4.586575490760875,5.71870165212589,4.036088889432973,True
2025-06-17,Ecopetrol,0.010230266240147196,4.646382964278551,5.71870165212589,4.042566390914764,True
2025-06-18,Ecopetrol,0.0025412969323846996,4.464983968756433,5.71870165212589,3.8628074158664556,True
2025-06-19,Ecopetrol,0.012610569346813589,4.238933115899144,5.71870165212589,3.6349138849735967,True
2025-06-20,Ecopetrol,0.00250312957612852,4.130256495081087,5.71870165212589,3.5122349274256575,True
2025-06-24,Ecopetrol,-0.040822050553952244,3.934782090594549,5.71870165212589,3.3052602263850517,True
2025-06-25,Ecopetrol,-0.010471297760765401,4.927313416594751,5.71870165212589,4.106808499659609,True
2025-06-26,Ecopetrol,-0.010582107179187084,4.739603404951846,5.71870165212589,3.9261888357567987,True
2025-06-27,Ecopetrol,-0.03243526901541,4.570780423485157,5.71870165212589,3.757806101022472,True
2025-06-30,Ecopetrol,0.0,5.07791469632525,5.71870165212589,4.163565740622333,True
2025-07-01,Ecopetrol,-0.013831476208127923,4.793232439284529,5.71870165212589,3.913751796184993,True
2025-07-02,Ecopetrol,0.0328796671955021,4.6763176123677725,5.71870165212589,3.7937125288714983,True
2025-07-03,Ecopetrol,-0.019048190987374262,5.143102645547394,5.71870165212589,4.214733286071395,True
2025-07-04,Ecopetrol,0.008207978692085905,5.115584225162813,5.71870165212589,4.179549436842003,True
2025-07-07,Ecopetrol,-0.019257812532937894,4.8672195781544225,5.71870165212589,3.9691990191573243,True
2025-07-08,Ecopetrol,0.024692607383988433,4.8706460486523,5.71870165212589,3.953565084140153,True
2025-07-09,Ecopetrol,-0.021918681092569847,5.003270296393472,5.71870165212589,4.082186094743624,True
2025-07-10,Ecopetrol,0.0027662529048502705,5.071295294717432,5.71870165212589,4.125512077561673,True
2025-07-11,Ecopetrol,0.005509654644583103,4.790317593057208,5.71870165212589,3.8825726459881285,True
2025-07-14,Ecopetrol,-0.013831476208127923,4.548512479286626,5.71870165212589,3.667832063810386,True
2025-07-15,Ecopetrol,0.0,4.454026928137378,5.71870165212589,3.562547980439368,True
2025-07-16,Ecopetrol,0.0,4.2265257477884886,5.71870165212589,3.3487951016130055,True
2025-07-17,Ecopetrol,-0.0027894014896559594,4.0198756934022,5.71870165212589,3.147867395516225,True
2025-07-18,Ecopetrol,-0.00841519511130507,3.839651168218876,5.71870165212589,2.9636638081875484,True
2025-07-21,Ecopetrol,0.011204596600960928,3.7234523487856985,5.71870165212589,2.828333284953095,True
2025-07-22,Ecopetrol,-0.008391655832403134,3.6401861985291157,5.71870165212589,2.7339590788500687,True
2025-07-23,Ecopetrol,0.011173298199679091,3.5419798464881755,5.71870165212589,2.6121734666847676,True
2025-07-24,Ecopetrol,-0.025317802510912833,3.4748908950889037,5.71870165212589,2.5303486142790526,True
2025-07-25,Ecopetrol,0.005681832227005593,3.795548395019537,5.71870165212589,2.76312237181126,True
2025-07-28,Ecopetrol,0.01685432791663124,3.646102617078915,5.71870165212589,2.6167049599760883,True
2025-07-29,Ecopetrol,0.005555568658694602,3.6740803908590838,5.71870165212589,2.630143684090324,True
2025-07-30,Ecopetrol,-0.01676016525965559,3.534893849134476,5.71870165212589,2.490853668917786,True
2025-07-31,Ecopetrol,-0.011331563542675826,3.5969117604331866,5.71870165212589,2.5099443325012984,True
2025-08-01,Ecopetrol,-0.020144561637393123,3.5446431746685283,5.71870165212589,2.4363902719442407,True
2025-08-04,Ecopetrol,0.0,3.6938938149798304,5.71870165212589,2.533688873765225,True
2025-08-05,Ecopetrol,0.008683120642133753,3.5360609821379128,5.71870165212589,2.3816675413393114,True
2025-08-06,Ecopetrol,0.008608372638381644,3.437590786065736,5.71870165212589,2.2840054393104623,True
2025-08-07,Ecopetrol,0.0,3.3473186570083366,5.71870165212589,2.191427560640577,True
2025-08-08,Ecopetrol,-0.00573067344714239,3.2212504166106863,5.71870165212589,2.0599419070021425,True
2025-08-11,Ecopetrol,-0.008658060822919337,3.1336544785601825,5.71870165212589,1.9560497634766836,True
2025-08-12,Ecopetrol,0.0,3.085188918166493,5.71870165212589,1.8836639879961048,True
2025-08-13,Ecopetrol,0.017241802626939425,2.9831456089571255,5.71870165212589,1.7706441487163385,True
2025-08-14,Ecopetrol,0.008510687812526525,3.080629953549859,5.71870165212589,1.8427733544891596,True
2025-08-15,Ecopetrol,0.01680711469838628,3.022005049403273,5.71870165212589,1.7756660374451825,True
2025-08-19,Ecopetrol,0.0027739262914184977,3.106131651472448,5.71870165212589,1.8386135378892987,True
2025-08-20,Ecopetrol,0.0,3.005289915425055,5.71870165212589,1.7329135258580743,True
2025-08-21,Ecopetrol,0.0,2.9105695755642116,5.71870165212589,1.6289387143065899,True
2025-08-22,Ecopetrol,0.024625042127460653,2.8245306224752085,5.71870165212589,1.5312023914481945,True
2025-08-25,Ecopetrol,0.0,3.142458212590764,5.71870165212589,1.8031658678288303,True
2025-08-26,Ecopetrol,-0.005420066340575758,3.0351660107382967,5.71870165212589,1.6949759157591004,True
2025-08-27,Ecopetrol,0.005420066340575743,2.9620137314114485,5.71870165212589,1.6109036322952999,True
2025-08-28,Ecopetrol,0.016086134437382785,2.8871768188873137,5.71870165212589,1.531875685839327,True
2025-08-29,Ecopetrol,0.005305051148326872,2.9679831561090193,5.71870165212589,1.595221377371499,True
2025-09-01,Ecopetrol,-0.0026490076323279154,2.8918436468105773,5.71870165212589,1.5163942353410276,True
2025-09-02,Ecopetrol,0.0,2.8143750865546595,5.71870165212589,1.4296209260822448,True
2025-09-03,Ecopetrol,-0.043367220080842254,2.7371526301720484,5.71870165212589,1.34384367051731,True
2025-09-04,Ecopetrol,0.005524874759130238,3.9881137867479652,5.71870165212589,2.391642516810397,True
2025-09-05,Ecopetrol,-0.008298801050548744,3.8199361163328684,5.71870165212589,2.266458510464218,True
2025-09-08,Ecopetrol,0.005540179196269006,3.7041223254396707,5.71870165212589,2.1717930591623182,True
2025-09-09,Ecopetrol,0.005509654644583103,3.5620773643574664,5.71870165212589,2.059901626928642,True
2025-09-10,Ecopetrol,0.01364277354313639,3.432843937826828,5.71870165212589,1.954521305894469,True
2025-09-11,Ecopetrol,-0.019152428187719447,3.4158007674353463,5.71870165212589,1.9489251895103823,True
2025-09-12,Ecopetrol,-0.011111223053200774,3.5494011528166887,5.71870165212589,2.05207898143121,True
2025-09-15,Ecopetrol,0.011111223053200907,3.4979311260500827,5.71870165212589,2.0030298091881256,True
2025-09-16,Ecopetrol,0.0027586218542797695,3.433980383036243,5.71870165212589,1.956923587279628,True
2025-09-17,Ecopetrol,-0.005524874759130217,3.303044261556387,5.71870165212589,1.8440741687637963,True
2025-09-18,Ecopetrol,-0.02524677729207475,3.206206618785987,5.71870165212589,1.7517442633004128,True
2025-09-19,Ecopetrol,-0.0171923967545964,3.548976168605341,5.71870165212589,2.029079465683761,True
2025-09-22,Ecopetrol,0.005763703440319728,3.6200847032343026,5.71870165212589,2.08468180144321,True
2025-09-23,Ecopetrol,0.042200345365481534,3.4872988218384045,5.71870165212589,1.9795330597653893,True
2025-09-24,Ecopetrol,0.027175579703426954,4.534930379544721,5.71870165212589,2.929282565559018,True
2025-09-25,Ecopetrol,-0.0026845648168463657,4.784570491429574,5.71870165212589,3.196632890955864,True
2025-09-26,Ecopetrol,-0.008097208553140903,4.533785518860777,5.71870165212589,3.0091590504520216,True
2025-09-29,Ecopetrol,-0.02469260738398846,4.350126572519266,5.71870165212589,2.867948379236735,True
2025-09-30,Ecopetrol,0.04614114637226076,4.568677426610318,5.71870165212589,3.061706392134412,True
2025-10-01,Ecopetrol,-0.05450939424898161,5.752482907677832,5.71870165212589,4.155407241734184,True
2025-10-02,Ecopetrol,-0.014104603123935452,7.482303071691821,5.71870165212589,5.6888472440646805,True
2025-10-03,Ecopetrol,0.008486612032419308,7.124362284804799,5.71870165212589,5.466880306991037,True
2025-10-06,Ecopetrol,0.008415195111305195,6.694856364206362,5.71870165212589,5.182081038844857,True
2025-10-07,Ecopetrol,-0.016901807143724346,6.303944777491606,5.71870165212589,4.913645481770967,True
2025-10-08,Ecopetrol,0.0,6.115545114960658,5.71870165212589,4.790229403698899,True
2025-10-09,Ecopetrol,-0.0028449515102566144,5.735761098322849,5.71870165212589,4.502815639476965,True
2025-10-10,Ecopetrol,-0.01434744524433976,5.398528091046467,5.71870165212589,4.237502950565773,True
2025-10-14,Ecopetrol,-0.0028943573825996266,5.2364892718413,5.71870165212589,4.1067622845554235,True
2025-10-15,Ecopetrol,0.008658060822919233,4.9452482966297335,5.71870165212589,3.8653829302770233,True
2025-10-16,Ecopetrol,-0.008658060822919337,4.7173439897909155,5.71870165212589,3.678437164788423,True
2025-10-17,Ecopetrol,0.008658060822919233,4.5237288111241165,5.71870165212589,3.50270814522914,True
2025-10-20,Ecopetrol,-0.017391738837791066,4.334457956096362,5.71870165212589,3.337522866843413,True
2025-10-21,Ecopetrol,-0.014727803376466963,4.338448841649715,5.71870165212589,3.318755042713966,True
2025-10-22,Ecopetrol,0.02055872238088503,4.281434672654363,5.71870165212589,3.249774655528651,True
2025-10-23,Ecopetrol,0.0314761251800689,4.343196599897364,5.71870165212589,3.3083848157575138,True
2025-10-24,Ecopetrol,-0.0028208757301492597,4.779761828041582,5.71870165212589,3.7043296006228834,True
2025-10-27,Ecopetrol,0.0056338164987072194,4.530036836413549,5.71870165212589,3.4868442285164774,True
2025-10-28,Ecopetrol,0.013947224491097712,4.312938312481487,5.71870165212589,3.2966775078101516,True
2025-10-29,Ecopetrol,0.0027662529048502705,4.22074691912795,5.71870165212589,3.215591899944588,True
2025-10-30,Ecopetrol,-0.005540179196268909,4.0177243792365775,5.71870165212589,3.0272476790280685,True
2025-10-31,Ecopetrol,-0.011173298199679143,3.855512062328918,5.71870165212589,2.8640289696024466,True
2025-11-04,Ecopetrol,0.011173298199679091,3.7769811678016043,5.71870165212589,2.7670927870216717,True
2025-11-05,Ecopetrol,0.016529298451838342,3.6883536813293727,5.71870165212589,2.6759727753957425,True
2025-11-06,Ecopetrol,0.0,3.705282171365784,5.71870165212589,2.6793450332579654,True
2025-11-07,Ecopetrol,0.018945082302137446,3.546405563484342,5.71870165212589,2.5185843312624874,True
2025-11-10,Ecopetrol,-0.0026845648168463657,3.633143821837186,5.71870165212589,2.582818957447595,True
2025-11-11,Ecopetrol,0.016000338067459357,3.4878903567865094,5.71870165212589,2.4321739529542485,True
2025-11-12,Ecopetrol,-0.005305051148326919,3.5118213535929867,5.71870165212589,2.439850006740787,True
2025-11-13,Ecopetrol,-0.0053333448824308665,3.3940487612639667,5.71870165212589,2.3103451469481584,True
2025-11-14,Ecopetrol,0.04189093327957398,3.287298321963567,5.71870165212589,2.18879117871224,True
2025-11-18,Ecopetrol,0.015267469145309912,4.335687356498144,5.71870165212589,3.110373882609738,True
2025-11-19,Ecopetrol,-0.01783486414402222,4.266794715619745,5.71870165212589,3.0636088181149472,True
2025-11-20,Ecopetrol,-0.023408086219243805,4.288016582250144,5.71870165212589,3.070641716449488,True
2025-11-21,Ecopetrol,-0.02127739409831972,4.468966762476126,5.71870165212589,3.2151663137310496,True
2025-11-24,Ecopetrol,-0.024491014886580575,4.566501648065385,5.71870165212589,3.2938928346763134,True
2025-11-25,Ecopetrol,0.016393806333439617,4.758277228294242,5.71870165212589,3.4561451507005616,True
2025-11-26,Ecopetrol,0.0,4.674195168581325,5.71870165212589,3.410030573317523,True
2025-11-27,Ecopetrol,0.010781773369987237,4.426514946930667,5.71870165212589,3.2054287389184717,True
2025-11-28,Ecopetrol,0.008010722102286193,4.272774040280594,5.71870165212589,3.0828509967844226,True
2025-12-01,Ecopetrol,0.007947060074762084,4.099617772738973,5.71870165212589,2.936382938137391,True
2025-12-02,Ecopetrol,-0.0026420089264353303,3.941685543271887,5.71870165212589,2.798093420148274,True
2025-12-03,Ecopetrol,-0.04879015400458879,3.7679652395959247,5.71870165212589,2.634395941639796,True
2025-12-04,Ecopetrol,0.05669533191093941,5.270785874151139,5.71870165212589,3.9046196618163047,True
2025-12-05,Ecopetrol,0.0,7.125110733167043,5.71870165212589,5.598958878402279,True
2025-12-09,Ecopetrol,0.015625314776009484,6.652797175185972,5.71870165212589,5.263021345698141,True
2025-12-10,Ecopetrol,-0.020888483755924687,6.378826116381835,5.71870165212589,5.093730342065881,True
2025-12-11,Ecopetrol,-0.015957782177048366,6.289789384067812,5.71870165212589,5.049903773714846,True
2025-12-12,Ecopetrol,0.0,6.0807199426067875,5.71870165212589,4.899700034498028,True
2025-12-15,Ecopetrol,-0.010781773369987275,5.704127751410526,5.71870165212589,4.605718032428146,True
2025-12-16,Ecopetrol,-0.02469260738398846,5.44997818474814,5.71870165212589,4.399122932683517,True
2025-12-17,Ecopetrol,0.008298801050548768,5.567724531049012,5.71870165212589,4.501010472374387,True
2025-12-18,Ecopetrol,-0.016667048927269487,5.278876005960785,5.71870165212589,4.272271903357877,True
2025-12-19,Ecopetrol,-0.0112677224071865,5.178850052891006,5.71870165212589,4.1826099011228015,True
2025-12-22,Ecopetrol,0.0028288555855210174,4.980555225233291,5.71870165212589,4.007830248002681,True
2025-12-23,Ecopetrol,0.01680711469838628,4.708085453802983,5.71870165212589,3.7721618874767597,True
2025-12-24,Ecopetrol,0.0,4.637678022944075,5.71870165212589,3.7153196369189816,True
2025-12-29,Ecopetrol,0.024692607383988433,4.393344700866902,5.71870165212589,3.4924004587038424,True
2025-12-30,Ecopetrol,0.013459150589842645,4.569714965703592,5.71870165212589,3.648691346833492,True
2025-12-31,Ecopetrol,0.0,4.44520950905483,5.71870165212589,3.53845910678352,True
2026-01-02,Ecopetrol,0.026386749822383274,4.2185164700776605,5.71870165212589,3.3261515603765086,True
2026-01-05,Ecopetrol,0.05077237887094168,4.46884173932415,5.71870165212589,3.5443388064673442,True
2026-01-06,Ecopetrol,0.0,5.965483061002811,5.71870165212589,4.878379151807972,True
2026-01-07,Ecopetrol,-0.027605324172316172,5.599452655596747,5.71870165212589,4.585676402699494,True
2026-01-08,Ecopetrol,0.015151866279198232,5.8100383583060236,5.71870165212589,4.7677681721327225,True
2026-01-09,Ecopetrol,0.007490669812769292,5.6036992988612795,5.71870165212589,4.619449512850381,True
2026-01-13,Ecopetrol,0.02699549755344992,5.3034434915071325,5.71870165212589,4.375948622625718,True
2026-01-14,Ecopetrol,0.02864156895845944,5.476108101987834,5.71870165212589,4.550645838163168,True
2026-01-15,Ecopetrol,0.018648495465846335,5.694371326451095,5.71870165212589,4.76981077131469,True
2026-01-16,Ecopetrol,0.045154389645049996,5.576838824026139,5.71870165212589,4.692281954919623,True
2026-01-19,Ecopetrol,0.0022051286062582357,6.607333638025607,5.71870165212589,5.634096380154645,True
2026-01-20,Ecopetrol,0.019629906982740197,6.184098196492328,5.71870165212589,5.298968152647449,True
2026-01-21,Ecopetrol,0.012875710821142717,6.046639713363434,5.71870165212589,5.212230012379221,True
2026-01-22,Ecopetrol,-0.06382808175199349,5.776702665375225,5.71870165212589,4.998966569126282,True
2026-01-23,Ecopetrol,0.0335226280641055,8.266460817433195,5.71870165212589,7.143442987062206,True
2026-01-26,Ecopetrol,0.03243532486382106,8.432929987296518,5.71870165212589,7.389096363233086,True
2026-01-27,Ecopetrol,0.002125453234607539,8.535886063581609,5.71870165212589,7.576980760852066,True
2026-01-28,Ecopetrol,-0.006389851089426467,7.935718788631432,5.71870165212589,7.125072446072443,True
2026-01-29,Ecopetrol,-0.008583741804020124,7.422008335840821,5.71870165212589,6.722066217475123,True
2026-01-30,Ecopetrol,-0.008658060822919337,6.979568265959566,5.71870165212589,6.362950618441465,True
2026-02-02,Ecopetrol,-0.028667945696754585,6.578613840675629,5.71870165212589,6.0261507916629995,True
2026-02-03,Ecopetrol,0.011123639988192846,6.741216362005015,5.71870165212589,6.157692410446462,True
2026-02-04,Ecopetrol,-0.01560795166286764,6.380188765242342,5.71870165212589,5.862472085771827,True
2026-02-05,Ecopetrol,-0.02502968466727698,6.155003392253587,5.71870165212589,5.656888653691765,True
2026-02-06,Ecopetrol,0.03174869093687167,6.219867174621321,5.71870165212589,5.693366403196251,True
2026-02-09,Ecopetrol,0.004454349332895874,6.496017011725413,5.71870165212589,5.9565520447274745,True
2026-02-10,Ecopetrol,-0.01567786694396488,6.091497787615936,5.71870165212589,5.611063658831507,True
2026-02-11,Ecopetrol,0.006749238241748612,5.8943233374498485,5.71870165212589,5.421877146449217,True
2026-02-12,Ecopetrol,-0.020385810809585746,5.5607768316821415,5.71870165212589,5.123895847768592,True
2026-02-13,Ecopetrol,0.0022857733620330707,5.5321238233940715,5.71870165212589,5.06581086632101,True
2026-02-16,Ecopetrol,0.020339622221953225,5.20761992891264,5.71870165212589,4.764997070259297,True
2026-02-17,Ecopetrol,-0.02721255878238893,5.178529309219301,5.71870165212589,4.727317385322804,True
2026-02-18,Ecopetrol,0.018223735766239934,5.412649969939606,5.71870165212589,4.887992355494419,True
2026-02-19,Ecopetrol,0.044157387197586405,5.310544607719251,5.71870165212589,4.793975541331394,True
2026-02-20,Ecopetrol,-0.0021622178503385736,6.305257788559868,5.71870165212589,5.676261915322051,True
2026-02-23,Ecopetrol,0.008620741140229862,5.912960069958554,5.71870165212589,5.338491312022121,True
2026-02-24,Ecopetrol,-0.012959141774574095,5.59594966781167,5.71870165212589,5.062772139984905,True
2026-02-25,Ecopetrol,0.01295914177457405,5.388789000934207,5.71870165212589,4.859769424905918,True
2026-02-26,Ecopetrol,-0.03493804354351269,5.180556873220496,5.71870165212589,4.668946872731668,True
2026-02-27,Ecopetrol,-0.00445434933289598,5.749178238147577,5.71870165212589,5.121210192356802,True
2026-03-02,Ecopetrol,0.017699573086962902,5.420003395214083,5.71870165212589,4.825842317603076,True
2026-03-03,Ecopetrol,-0.028923090698031867,5.304738882013793,5.71870165212589,4.724256711023337,True
2026-03-04,Ecopetrol,0.0,5.594352702871514,5.71870165212589,4.942728413677884,True
2026-03-05,Ecopetrol,0.06763759434594262,5.262337443382819,5.71870165212589,4.646164708857211,True
2026-03-06,Ecopetrol,0.022941617154989994,8.040359525981568,5.71870165212589,7.112301327669552,True
2026-03-09,Ecopetrol,-0.014538208167512152,7.826724949550282,5.71870165212589,7.001353926621057,True
2026-03-12,Ecopetrol,0.027615161451406606,7.446055036525622,5.71870165212589,6.708088389056943,True
2026-03-13,Ecopetrol,-0.0058536239531642295,7.44503082505041,5.71870165212589,6.763161370905879,True
2026-03-16,Ecopetrol,0.023211868110397296,6.9713837077121195,5.71870165212589,6.37793063668256,True
2026-03-17,Ecopetrol,0.03936772625043747,6.86405370658706,5.71870165212589,6.318529291186294,True
2026-03-18,Ecopetrol,-0.007380105902447938,7.446209905239096,5.71870165212589,6.869308255792746,True
2026-03-19,Ecopetrol,-0.00930234300974642,6.987465776437991,5.71870165212589,6.489829338323989,True
2026-03-20,Ecopetrol,0.05278744687528327,6.594208067157915,5.71870165212589,6.152359729307136,True
2026-03-24,Ecopetrol,-0.04905610015403146,8.037357117329162,5.71870165212589,7.455126874115222,True
2026-03-25,Ecopetrol,0.022100341787448602,9.166896368699902,5.71870165212589,8.451719839061727,True
2026-03-26,Ecopetrol,-0.016529345498953973,8.824721123680424,5.71870165212589,8.23767171299125,True
2026-03-27,Ecopetrol,0.02378890382429726,8.396472380777109,5.71870165212589,7.9073429677860485,True
2026-03-30,Ecopetrol,-0.0018100012303860196,8.176649609507393,5.71870165212589,7.772449556815884,True
2026-03-31,Ecopetrol,0.014388734800401292,7.6116031448890835,5.71870165212589,7.30806824607933,True
2026-04-01,Ecopetrol,-0.058840488934013405,7.22530291958056,5.71870165212589,6.993805564808337,True
2026-04-02,Ecopetrol,0.0,9.159578382231254,5.71870165212589,8.651499113716092,True
2026-04-03,Ecopetrol,0.0,8.500800116012536,5.71870165212589,8.132409166893126,True
2026-04-06,Ecopetrol,0.035352558804090654,7.902400739210064,5.71870165212589,7.644464616879538,True
2026-04-07,Ecopetrol,-0.016590285955558424,8.187106044064407,5.71870165212589,7.935678788264778,True
2026-04-08,Ecopetrol,-0.04175178656029836,7.818725438737917,5.71870165212589,7.62468061382121,True
2026-04-09,Ecopetrol,-0.009737123206919688,8.508560169210416,5.71870165212589,8.213126785577966,True
2026-04-10,Ecopetrol,0.0,7.9818934727144795,5.71870165212589,7.777226119451329,True
2026-04-13,Ecopetrol,0.0,7.431053355893189,5.71870165212589,7.310592552284248,True
2026-04-14,Ecopetrol,0.0,6.930699292126572,5.71870165212589,6.871956999147193,True
2026-04-15,Ecopetrol,-0.0751623029848423,6.476204092008477,5.71870165212589,6.459639579198361,True
2026-04-16,Ecopetrol,0.041328186741276994,9.989110505551096,5.71870165212589,9.461684278437604,True
2026-04-17,Ecopetrol,-0.014271338525682893,10.391634198789346,5.71870165212589,9.918794633324465,True
2026-04-20,Ecopetrol,0.0,9.770413076349227,5.71870165212589,9.445869617313782,True
2026-04-21,Ecopetrol,0.03827248570635983,9.055650084557442,5.71870165212589,8.879117440274955,True
2026-04-22,Ecopetrol,0.007874054842722905,9.379572874381825,5.71870165212589,9.22524029114457,True
2026-04-23,Ecopetrol,0.011696037427085068,8.736983607937384,5.71870165212589,8.708926317475619,True
2026-04-24,Ecopetrol,-0.0016280019875715987,8.201537556170104,5.71870165212589,8.268469113324546,True
2026-04-27,Ecopetrol,-0.03523680609944408,7.633640824859406,5.71870165212589,7.7739512008079945,True
2026-04-28,Ecopetrol,0.012578782206860185,7.992014454920284,5.71870165212589,8.052493631213407,True
2026-04-29,Ecopetrol,0.0408219945202552,7.538833765733701,5.71870165212589,7.664279470425176,True
2026-04-30,Ecopetrol,0.03922071315328133,8.13785560522989,5.71870165212589,8.204283844166714,True
2026-05-04,Ecopetrol,0.007662872745569097,8.595468453193867,5.71870165212589,8.634985417667897,True
2026-05-05,Ecopetrol,0.0,8.022661742032579,5.71870165212589,8.152118063836694,True
2026-05-06,Ecopetrol,-0.05693392175235181,7.468085098141295,5.71870165212589,7.662990980006492,True
2026-05-07,Ecopetrol,-0.01834913866819654,9.227519790083004,5.71870165212589,9.148094388867856,True
2026-05-08,Ecopetrol,-0.033475929196389455,8.807214631465014,5.71870165212589,8.801223259454607,True
2026-05-11,Ecopetrol,0.02521141934649607,8.97383083121493,5.71870165212589,8.945532565224338,True
2026-05-12,Ecopetrol,0.022565059992089725,8.747710013946545,5.71870165212589,8.790170010589803,True
2026-05-13,Ecopetrol,0.028001829548493135,8.457804920730924,5.71870165212589,8.568268969422379,True
2026-05-14,Ecopetrol,-0.019920977494554428,8.378474334311287,5.71870165212589,8.524634306094754,True
2026-05-15,Ecopetrol,-0.0020140993717012562,8.07838497067475,5.71870165212589,8.251263454332195,True
2026-05-19,Ecopetrol,0.06252035698133393,7.5230370177668355,5.71870165212589,7.758621604839716,True
2026-05-20,Ecopetrol,-0.036648267155738753,9.641840578643896,5.71870165212589,9.638381330793393,True
2026-05-21,Ecopetrol,0.011718884113213479,9.886711234349866,5.71870165212589,9.86593574225683,True
2026-05-22,Ecopetrol,-0.011718884113213375,9.246237946694096,5.71870165212589,9.356378944636775,True
2026-05-25,Ecopetrol,-0.003937012959339532,8.682604480442075,5.71870165212589,8.877395554873925,True
2026-05-26,Ecopetrol,0.07410797215372183,8.08120049506547,5.71870165212589,8.354051864206692,True
2026-05-27,Ecopetrol,-0.0055096558109695845,11.223740252209428,5.71870165212589,11.14800367439638,True
2026-05-28,Ecopetrol,-0.007393749024938265,10.40082169656317,5.71870165212589,10.497337238225807,True
2026-06-01,Ecopetrol,0.06291382541056918,9.671427597231519,5.71870165212589,9.900297518718522,True
2026-06-02,Ecopetrol,0.0,11.62680875113984,5.71870165212589,11.68116932427036,True
2026-06-03,Ecopetrol,-0.02469261259037152,10.741901850678541,5.71870165212589,10.980299164814138,True
2026-06-04,Ecopetrol,0.0,10.374628621207382,5.71870165212589,10.687316284848194,True
2026-06-05,Ecopetrol,-0.06644509940815274,9.60448756757399,5.71870165212589,10.046077307757301,True
2026-06-08,Ecopetrol,0.0,11.978843562667992,5.71870165212589,12.092283410507443,True
2026-06-09,Ecopetrol,0.07886761940670986,11.06167167708821,5.71870165212589,11.366746405876995,True
2026-06-10,Ecopetrol,0.0174829627803476,14.42582554990545,5.71870165212589,14.416802456053361,True
2026-06-11,Ecopetrol,-0.017482962780347455,13.4801023357209,5.71870165212589,13.73518670123757,True
2026-06-17,Ecopetrol,0.0,12.648117674014296,5.71870165212589,13.094467891710725,True
2026-06-18,Ecopetrol,0.0,11.669604925157282,5.71870165212589,12.308799818208081,True
2026-06-19,Ecopetrol,0.0,10.780775634430638,5.71870165212589,11.570271829115596,True
2026-06-22,Ecopetrol,0.02357316771806681,9.973410059504367,5.71870165212589,10.87605551936866,True
2026-06-23,Ecopetrol,-0.04959694113937206,9.602228379128334,5.71870165212589,10.556908729965004,True
2026-06-24,Ecopetrol,-0.05815592015707407,10.62528873123173,5.71870165212589,11.399408148396507,True
2026-06-25,Ecopetrol,-0.0019980026626731087,12.192584806083007,5.71870165212589,12.7447102890823,True
2026-06-26,Ecopetrol,0.023716526617316065,11.26010214383549,5.71870165212589,11.982422880521392,True
2026-06-29,Ecopetrol,0.0,10.775521749196036,5.71870165212589,11.600961688564025,True
2026-06-30,Ecopetrol,-0.050060501956918,9.968637707695885,5.71870165212589,10.904903987250183,True
2026-07-01,Ecopetrol,0.002051282770557361,10.990101165856798,5.71870165212589,11.754242061722326,True
2026-07-02,Ecopetrol,0.012220111334775397,10.164843460117615,5.71870165212589,11.051512194621857,True
2026-07-03,Ecopetrol,0.031875208530449034,9.506705132723651,5.71870165212589,10.47802013556513,True
2026-07-06,Ecopetrol,-0.04614660263578162,9.487019813166386,5.71870165212589,10.458956278746989,True
2026-07-07,Ecopetrol,-0.002055499182095999,10.291812111988044,5.71870165212589,11.109124262917005,True
2026-07-08,Ecopetrol,0.048202101817877686,9.53374468965751,5.71870165212589,10.445111853274543,True
2026-07-09,Ecopetrol,-0.005899722127188271,10.394005066744427,5.71870165212589,11.2124707138747,True
2026-07-10,Ecopetrol,0.003937012959339599,9.650482727042464,5.71870165212589,10.560606503749037,True
2026-07-14,Ecopetrol,0.032853196187187156,8.954276207952057,5.71870165212589,9.936270156149298,True
2026-07-15,Ecopetrol,-0.01532597047822682,9.027803515217979,5.71870165212589,9.987693446608626,True
2026-07-16,Ecopetrol,-0.005808341595746902,8.55376689809471,5.71870165212589,9.529363062471797,True
2026-07-17,Ecopetrol,0.019231361927887592,7.9781044166578,5.71870165212589,8.97784337797922,True
2026-07-21,Ecopetrol,0.009478743954543739,7.665925521711131,5.71870165212589,8.66107994426131,True
2026-07-22,Ecopetrol,0.0018850146957714257,7.198218350514465,5.71870165212589,8.195323099779111,True
2026-07-23,Ecopetrol,-0.01901197948857189,6.720178034888046,5.71870165212589,7.705735682034328,True
2026-07-24,Ecopetrol,0.0,6.547144644104954,5.71870165212589,7.460264759556595,True
2026-07-27,Ecopetrol,-0.031191612478007055,6.127803311176362,5.71870165212589,7.012648873983199,True
2026-07-28,Ecopetrol,0.005923018303122071,6.437096931492752,5.71870165212589,7.175639954931107,True
2026-07-29,Ecopetrol,0.031010236742560218,6.047275266273386,5.71870165212589,6.766150845126711,True
2026-07-30,Ecopetrol,0.022642476749759752,6.308087482836336,5.71870165212589,6.9371626641168875,True
2026-07-31,Ecopetrol,-0.0018674141747954732,6.244116762357253,5.71870165212589,6.828541956287921,True
2026-08-03,Ecopetrol,0.003731347612858184,5.856381366708772,5.71870165212589,6.420921780330781,True
2026-08-04,Ecopetrol,-0.020696881771154862,5.506994424392799,5.71870165212589,6.044020246515723,True
2026-08-05,Ecopetrol,-0.013397329571821168,5.492260441213123,5.71870165212589,5.9383955807542765,True
2026-08-06,Ecopetrol,0.06526080358139512,5.302848839629412,5.71870165212589,5.689784909702616,True
2026-08-07,Ecopetrol,0.0,7.862750626431344,5.71870165212589,7.903781305574121,True
2026-08-10,Ecopetrol,-0.03303052567648184,7.322830288099039,5.71870165212589,7.429554427239673,True
2026-08-11,Ecopetrol,-0.007490671729157626,7.604870351068235,5.71870165212589,7.6383905374841286,True
2026-08-12,Ecopetrol,-0.0018814680997055087,7.132795735955041,5.71870165212589,7.213753203007482,True
2026-08-13,Ecopetrol,0.01680711831638119,6.66365734726235,5.71870165212589,6.783051964153158,True
2026-08-14,Ecopetrol,-0.0018535686493229438,6.414016307538451,5.71870165212589,6.54555638196447,True
2026-08-18,Ecopetrol,0.02020270731751947,6.010663153360236,5.71870165212589,6.154884429089253,True
2026-08-19,Ecopetrol,-0.010969031370573933,5.90427718413561,5.71870165212589,6.03048099311831,True
2026-08-20,Ecopetrol,-0.00923367594694544,5.634716673254452,5.71870165212589,5.740843923056392,True
2026-08-21,Ecopetrol,-0.016838564362829593,5.364517727124619,5.71870165212589,5.447549750568927,True
2026-08-24,Ecopetrol,0.014981553615616894,5.26070943410364,5.71870165212589,5.290819115415485,True
2026-08-25,Ecopetrol,-0.032108518408417545,5.101336275201323,5.71870165212589,5.108038137733119,True
2026-08-26,Ecopetrol,-0.01158314108963076,5.545152642634554,5.71870165212589,5.420130022099345,True
2026-08-27,Ecopetrol,0.02113431207397379,5.3184635898885295,5.71870165212589,5.17542371527476,True
2026-08-28,Ecopetrol,0.005687219120589514,5.301162594239996,5.71870165212589,5.132893780462343,True
2026-08-31,Ecopetrol,0.0056550574833450565,5.013760779757307,5.71870165212589,4.844326830429962,True
2026-09-01,Ecopetrol,0.03509131981127019,4.752475309948438,5.71870165212589,4.572855025688126,True
2026-09-02,Ecopetrol,0.003623192369420331,5.313483818076991,5.71870165212589,5.037324159804945,True
2026-09-03,Ecopetrol,-0.027499441360550336,5.01339411678599,5.71870165212589,4.742961223984143,True
2026-09-04,Ecopetrol,0.0037105793965355534,5.273617379462931,5.71870165212589,4.9121151156305025,True
2026-09-08,Ecopetrol,0.025595547188963723,4.977552666572159,5.71870165212589,4.625649248367469,True
2026-09-09,Ecopetrol,-0.0036166404701885504,5.130765722387743,5.71870165212589,4.741189515006902,True
2026-09-10,Ecopetrol,0.010810916104215676,4.852993128692476,5.71870165212589,4.464566197080852,True
2026-09-11,Ecopetrol,-0.021739986636405875,4.660572538146321,5.71870165212589,4.266817769463434,True
2026-09-14,Ecopetrol,0.012739025777429712,4.754527488304334,5.71870165212589,4.294384914666292,True
2025-01-02,ETB,0.0,9.093005568995612e-07,8.33894496928726,0.9093005453566608,True
2025-01-03,ETB,0.0,8.547425234855876e-07,8.33894496928726,0.8547425126352611,True
2025-01-07,ETB,0.0,8.034579720764524e-07,8.33894496928726,0.8034579618771455,True
2025-01-08,ETB,0.0,7.552504937518654e-07,8.33894496928726,0.7552504841645167,True
2025-01-09,ETB,0.0,7.099354641267536e-07,8.33894496928726,0.7099354551146456,True
2025-01-10,ETB,0.0,6.673393362791484e-07,8.33894496928726,0.6673393278077668,True
2025-01-13,ETB,0.0,6.272989761023996e-07,8.33894496928726,0.6272989681393007,True
2025-01-14,ETB,0.0,5.896610375362557e-07,8.33894496928726,0.5896610300509427,True
2025-01-15,ETB,0.0,5.542813752840804e-07,8.33894496928726,0.5542813682478861,True
2025-01-16,ETB,0.0,5.210244927670356e-07,8.33894496928726,0.5210244861530129,True
2025-01-17,ETB,0.0,4.897630232010137e-07,8.33894496928726,0.48976301698383207,True
2025-01-20,ETB,-0.084557388028063,4.60377241808953e-07,8.33894496928726,0.4603772359648021,True
2025-01-21,ETB,0.0,57.61293923831056,8.33894496928726,4.722725723883965,True
2025-01-22,ETB,0.0,11.189539872858402,8.33894496928726,4.439362180450927,True
2025-01-23,ETB,0.0,2.1732237252572686,8.33894496928726,4.1730004496238715,True
2025-01-24,ETB,0.0,0.42208188763494353,8.33894496928726,3.922620422646439,True
2025-01-27,ETB,0.0,0.08197649589053799,8.33894496928726,3.6872631972876526,True
2025-01-28,ETB,0.0,0.015921493943538152,8.33894496928726,3.4660274054503932,True
2025-01-29,ETB,0.0,0.003092343368068262,8.33894496928726,3.2580657611233694,True
2025-01-30,ETB,0.0,0.0006006758237975317,8.33894496928726,3.062581815455967,True
2025-01-31,ETB,0.0,0.00011674611117548308,8.33894496928726,2.8788269065286087,True
2025-02-03,ETB,0.0,2.275766263749749e-05,8.33894496928726,2.706097292136892,True
2025-02-04,ETB,0.0,4.503300013814514e-06,8.33894496928726,2.5437314546086784,True
2025-02-05,ETB,0.0,2.391107596669367e-06,8.33894496928726,2.3911075673321576,True
2025-02-06,ETB,0.0,2.2476411408692045e-06,8.33894496928726,2.247641113292228,True
2025-02-07,ETB,0.0,2.112782672417052e-06,8.33894496928726,2.112782646494694,True
2025-02-10,ETB,0.0,1.986015712072029e-06,8.33894496928726,1.9860156877050121,True
2025-02-11,ETB,0.0,1.8668547693477072e-06,8.33894496928726,1.8668547464427112,True
2025-02-12,ETB,0.0,1.7548434831868449e-06,8.33894496928726,1.7548434616561484,True
2025-02-13,ETB,0.0,1.6495528741956343e-06,8.33894496928726,1.6495528539567794,True
2025-02-14,ETB,0.0,1.5505797017438963e-06,8.33894496928726,1.5505796827193725,True
2025-02-17,ETB,0.0,1.4575449196392628e-06,8.33894496928726,1.45754490175621,True
2025-02-18,ETB,0.0,1.370092224460907e-06,8.33894496928726,1.3700922076508375,True
2025-02-19,ETB,0.0,1.2878866909932526e-06,8.33894496928726,1.2878866751917872,True
2025-02-20,ETB,0.0,1.2106134895336577e-06,8.33894496928726,1.21061347468028,True
2025-02-21,ETB,0.0,1.1379766801616385e-06,8.33894496928726,1.137976666199463,True
2025-02-24,ETB,0.0,1.0696980793519403e-06,8.33894496928726,1.069698066227495,True
2025-02-25,ETB,0.0,1.0055161945908241e-06,8.33894496928726,1.0055161822538454,True
2025-02-26,ETB,-0.2682639865946794,9.451852229153748e-07,8.33894496928726,0.9451852113186147,True
2025-02-27,ETB,0.12629372532429206,579.884709757492,8.33894496928726,44.067814000841736,True
2025-02-28,ETB,0.0,241.14763356970883,8.33894496928726,50.993808194563876,True
2025-03-03,ETB,0.0,46.83550399363143,8.33894496928726,47.93417970289004,True
2025-03-04,ETB,0.0,9.096354867999816,8.33894496928726,45.058128920716634,True
2025-03-05,ETB,0.0,1.7666869783324408,8.33894496928726,42.35464118547363,True
2025-03-06,ETB,-0.07020425867324857,0.3431246400831978,8.33894496928726,39.81336271434521,True
2025-03-07,ETB,-0.056089466651043585,39.78065955339144,8.33894496928726,40.38174371300074,True
2025-03-10,ETB,0.0,33.076260299444826,8.33894496928726,39.846456051739814,True
2025-03-11,ETB,0.0,6.424045369032013,8.33894496928726,37.45566868863542,True
2025-03-12,ETB,0.0,1.2476731272084296,8.33894496928726,35.208328567317295,True
2025-03-13,ETB,0.0,0.2423221777327009,8.33894496928726,33.095828853278256,True
2025-03-14,ETB,0.0,0.04706370627940393,8.33894496928726,31.110079122081558,True
2025-03-17,ETB,0.0,0.00914075937796627,8.33894496928726,29.243474374756662,True
2025-03-18,ETB,0.0,0.00177539442870083,8.33894496928726,27.48886591227126,True
2025-03-19,ETB,0.0,0.0003448990355853935,8.33894496928726,25.839533957534986,True
2025-03-20,ETB,0.0,6.706934434537279e-05,8.33894496928726,24.289161920082886,True
2025-03-21,ETB,0.0,2.2831812283184138e-05,8.33894496928726,22.831812204877913,True
2025-03-24,ETB,0.0,2.146190354619309e-05,8.33894496928726,21.461903472585238,True
2025-03-25,ETB,-0.03922071315328127,2.0174189333421503e-05,8.33894496928726,20.174189264230122,True
2025-03-26,ETB,0.0,12.395042816340641,8.33894496928726,19.886696512527497,True
2025-03-27,ETB,-0.07257069283483537,2.407355559717206,8.33894496928726,18.693494721775846,True
2025-03-28,ETB,0.0,42.904044459354935,8.33894496928726,20.73178831358611,True
2025-03-31,ETB,0.0,8.332789886394504,8.33894496928726,19.487881014770945,True
2025-04-01,ETB,0.09237332013101507,1.6183879875757634,8.33894496928726,18.318608153884686,True
2025-04-02,ETB,0.0,69.07022817132257,8.33894496928726,22.339189827867806,True
2025-04-03,ETB,0.0,13.41476552687039,8.33894496928726,20.998838438195737,True
2025-04-04,ETB,0.0,2.6054053033098126,8.33894496928726,19.73890813190399,True
2025-04-07,ETB,0.0,0.5060198541379043,8.33894496928726,18.554573643989748,True
2025-04-08,ETB,0.0,0.09827886179053841,8.33894496928726,17.441299225350363,True
2025-04-09,ETB,0.0,0.019087726639062438,8.33894496928726,16.39482127182934,True
2025-04-10,ETB,0.0,0.0037072865943276307,8.33894496928726,15.411131995519579,True
2025-04-11,ETB,0.0,0.0007201096140103712,8.33894496928726,14.486464075788403,True
2025-04-14,ETB,0.0,0.00013994244806559493,8.33894496928726,13.617276231241098,True
2025-04-15,ETB,0.0,2.7262836961787827e-05,8.33894496928726,12.800239657366632,True
2025-04-16,ETB,0.0,1.2032225302527478e-05,8.33894496928726,12.032225277924633,True
2025-04-17,ETB,0.0,1.131029178437583e-05,8.33894496928726,11.310291761249154,True
2025-04-18,ETB,0.0,1.0631674277313278e-05,8.33894496928726,10.631674255574204,True
2025-04-21,ETB,0.0,9.99377382067448e-06,8.33894496928726,9.993773800239751,True
2025-04-22,ETB,0.0,9.39414739143401e-06,8.33894496928726,9.394147372225365,True
2025-04-23,ETB,0.0,8.83049854794797e-06,8.33894496928726,8.830498529891843,True
2025-04-24,ETB,0.0,8.300668635071091e-06,8.33894496928726,8.300668618098332,True
2025-04-25,ETB,0.0,7.802628516966826e-06,8.33894496928726,7.802628501012431,True
2025-04-28,ETB,0.0,7.3344708059488155e-06,8.33894496928726,7.334470790951685,True
2025-04-29,ETB,0.0,6.894402557591887e-06,8.33894496928726,6.894402543494584,True
2025-04-30,ETB,0.0,6.480738404136373e-06,8.33894496928726,6.480738390884908,True
2025-05-01,ETB,0.0,6.09189409988819e-06,8.33894496928726,6.091894087431814,True
2025-05-02,ETB,0.0,5.726380453894898e-06,8.33894496928726,5.726380442185905,True
2025-05-05,ETB,0.0,5.382797626661204e-06,8.33894496928726,5.38279761565475,True
2025-05-06,ETB,0.0,5.059829769061531e-06,8.33894496928726,5.059829758715465,True
2025-05-07,ETB,0.0,4.75623998291784e-06,8.33894496928726,4.756239973192537,True
2025-05-08,ETB,0.0,4.470865583942769e-06,8.33894496928726,4.4708655748009845,True
2025-05-09,ETB,0.0,4.202613648906202e-06,8.33894496928726,4.202613640312925,True
2025-05-12,ETB,0.05715841383994862,3.95045682997183e-06,8.33894496928726,3.950456821894149,True
2025-05-13,ETB,0.0,26.32553769868745,8.33894496928726,5.6736799761998,True
2025-05-14,ETB,-0.01869213301215252,5.112925329888973,8.33894496928726,5.333259177627812,True
2025-05-15,ETB,0.0,3.8083930962773183,8.33894496928726,5.222901128896544,True
2025-05-16,ETB,0.0,0.7396631980411482,8.33894496928726,4.909527061162751,True
2025-05-19,ETB,0.0,0.14365688845831526,8.33894496928726,4.614955437492986,True
2025-05-20,ETB,0.0,0.027901011322722016,8.33894496928726,4.338058111243407,True
2025-05-21,ETB,0.0727593542824283,0.005418995820555072,8.33894496928726,4.077774624568802,True
2025-05-22,ETB,0.0,42.65847141919243,8.33894496928726,7.009462328452226,True
2025-05-23,ETB,0.0,8.285094883493004,8.33894496928726,6.5888945887450925,True
2025-05-26,ETB,0.0,1.6091247015885526,8.33894496928726,6.193560913420386,True
2025-05-27,ETB,0.0,0.31252301849846015,8.33894496928726,5.821947258615163,True
2025-05-28,ETB,0.0,0.060698058412663014,8.33894496928726,5.472630423098253,True
2025-05-29,ETB,0.0,0.011788812536104198,8.33894496928726,5.144272597712358,True
2025-05-30,ETB,0.0,0.0022896972323682677,8.33894496928726,4.835616241849616,True
2025-06-04,ETB,0.0,0.0004447865220005773,8.33894496928726,4.545479267338639,True
2025-06-05,ETB,-0.03571808260207923,8.646941347039987e-05,8.33894496928726,4.27275051129832,True
2025-06-06,ETB,0.0,10.280018764082106,8.33894496928726,4.781854335481795,True
2025-06-09,ETB,0.0,1.996577250166378,8.33894496928726,4.494943075352888,True
2025-06-10,ETB,0.0,0.38777374804264797,8.33894496928726,4.225246490831714,True
2025-06-11,ETB,0.0,0.07531319597652154,8.33894496928726,3.971731701381811,True
2025-06-12,ETB,0.0,0.014627353069921613,8.33894496928726,3.733427799298902,True
2025-06-13,ETB,0.0,0.0028409963444648387,8.33894496928726,3.5094221313409677,True
2025-06-16,ETB,0.0,0.0005518594023690411,8.33894496928726,3.2988568034605095,True
2025-06-17,ETB,0.0,0.00010726502416311421,8.33894496928726,3.1009253952528786,True
2025-06-18,ETB,0.0,2.091625336771339e-05,8.33894496928726,2.9148698715377055,True
2025-06-19,ETB,0.0,4.145662952323226e-06,8.33894496928726,2.739977679245443,True
2025-06-20,ETB,0.0,2.5755790135451906e-06,8.33894496928726,2.5755790184907164,True
2025-06-24,ETB,0.0,2.4210442727324792e-06,8.33894496928726,2.4210442773812733,True
2025-06-25,ETB,0.0,2.27578161636853e-06,8.33894496928726,2.2757816207383965,True
2025-06-26,ETB,0.0,2.1392347193864186e-06,8.33894496928726,2.1392347234940927,True
2025-06-27,ETB,0.0,2.0108806362232336e-06,8.33894496928726,2.010880640084447,True
2025-06-30,ETB,0.0,1.8902277980498396e-06,8.33894496928726,1.89022780167938,True
2025-07-01,ETB,0.035718082602079246,1.7768141301668495e-06,8.33894496928726,1.7768141335786172,True
2025-07-02,ETB,0.0,10.280001720057141,8.33894496928726,2.435674140425274,True
2025-07-03,ETB,0.0,1.9965739398892417,8.33894496928726,2.2895336919997575,True
2025-07-04,ETB,-0.03571808260207923,0.3877731051232236,8.33894496928726,2.152161670479772,True
2025-07-07,ETB,0.0,10.355314957845124,8.33894496928726,2.7885008251123597,True
2025-07-08,ETB,0.0,2.011201217755094,8.33894496928726,2.621190775605618,True
2025-07-09,ETB,0.0,0.390614003536955,8.33894496928726,2.4639193290692805,True
2025-07-10,ETB,0.0,0.07586482816689688,8.33894496928726,2.3160841693251233,True
2025-07-11,ETB,0.0,0.014734490640491663,8.33894496928726,2.177119119165616,True
2025-07-14,ETB,0.0,0.002861804519237675,8.33894496928726,2.0464919720156787,True
2025-07-15,ETB,0.0,0.0005559007497234111,8.33894496928726,1.9237024536947378,True
2025-07-16,ETB,0.0,0.0001080499314707938,8.33894496928726,1.8082803064730535,True
2025-07-17,ETB,0.0,2.1068697448270495e-05,8.33894496928726,1.6997834880846703,True
2025-07-18,ETB,-0.04652001563489282,4.175270521866187e-06,8.33894496928726,1.59779647879959,True
2025-07-21,ETB,0.0,17.43799878924361,8.33894496928726,2.800395802874019,True
2025-07-22,ETB,0.0,3.386794506274923,8.33894496928726,2.6323720547015776,True
2025-07-23,ETB,0.0,0.657780651161711,8.33894496928726,2.474429731419483,True
2025-07-24,ETB,0.0,0.1277537245425509,8.33894496928726,2.325963947534314,True
2025-07-25,ETB,0.0,0.024812311322903353,8.33894496928726,2.1864061106822548,True
2025-07-28,ETB,0.0,0.004819110933534382,8.33894496928726,2.055221744041319,True
2025-07-29,ETB,0.0,0.0009360472635558282,8.33894496928726,1.93190843939884,True
2025-07-30,ETB,0.0,0.00018188168868744066,8.33894496928726,1.8159939330349095,True
2025-07-31,ETB,0.0,3.540824332163064e-05,8.33894496928726,1.707034297052815,True
2025-08-01,ETB,0.0,6.960285854101003e-06,8.33894496928726,1.604612239229646,True
2025-08-04,ETB,0.0,1.5083355207345355e-06,8.33894496928726,1.508335504875867,True
2025-08-05,ETB,0.0,1.4178353894904634e-06,8.33894496928726,1.417835374583315,True
2025-08-06,ETB,0.0,1.3327652661210357e-06,8.33894496928726,1.332765252108316,True
2025-08-11,ETB,0.0,1.2527993501537738e-06,8.33894496928726,1.252799336981817,True
2025-08-12,ETB,0.0,1.1776313891445477e-06,8.33894496928726,1.1776313767629079,True
2025-08-13,ETB,-0.058840500022933465,1.106973505795875e-06,8.33894496928726,1.1069734941571334,True
2025-08-14,ETB,0.0,27.897778953783448,8.33894496928726,3.1178777502770068,True
2025-08-15,ETB,0.0,5.418284791066135,8.33894496928726,2.930805085260386,True
2025-08-19,ETB,0.0,1.0523350980316413,8.33894496928726,2.754956780144763,True
2025-08-20,ETB,0.0,0.2043837791927192,8.33894496928726,2.589659373336077,True
2025-08-21,ETB,0.010050335853501506,0.03969534032504158,8.33894496928726,2.4342798109359123,True
2025-08-22,ETB,0.0,0.8216227319466832,8.33894496928726,2.3488285727406644,True
2025-08-25,ETB,0.0,0.15957500473379582,8.33894496928726,2.2078988583762245,True
2025-08-26,ETB,0.0,0.030992615358095953,8.33894496928726,2.0754249268736507,True
2025-08-27,ETB,0.0,0.006019444727079463,8.33894496928726,1.9508994312612316,True
2025-08-28,ETB,0.0,0.001169175149776627,8.33894496928726,1.8338454653855576,True
2025-08-29,ETB,0.0,0.00022715960356915358,8.33894496928726,1.723814737462424,True
2025-09-01,ETB,0.0,4.4202084372863664e-05,8.33894496928726,1.6203858532146784,True
2025-09-02,ETB,0.0,8.66821875331638e-06,8.33894496928726,1.5231627020217977,True
2025-09-03,ETB,0.0,1.7668592934005689e-06,8.33894496928726,1.4317729399004897,True
2025-09-04,ETB,0.0,1.3458665798835766e-06,8.33894496928726,1.3458665635064602,True
2025-09-05,ETB,0.0,1.265114585090562e-06,8.33894496928726,1.2651145696960724,True
2025-09-08,ETB,0.0,1.1892077099851286e-06,8.33894496928726,1.189207695514308,True
2025-09-09,ETB,0.0,1.117855247386021e-06,8.33894496928726,1.1178552337834495,True
2025-09-10,ETB,0.0,1.05078393254286e-06,8.33894496928726,1.0507839197564426,True
2025-09-11,ETB,0.0,9.877368965902883e-07,8.33894496928726,0.987736884571056,True
2025-09-12,ETB,0.0,9.284726827948711e-07,8.33894496928726,0.9284726714967926,True
2025-09-15,ETB,0.0,8.727643218271789e-07,8.33894496928726,0.8727643112069849,True
2025-09-16,ETB,0.0,8.203984625175482e-07,8.33894496928726,0.8203984525345658,True
2025-09-17,ETB,0.0,7.711745547664954e-07,8.33894496928726,0.7711745453824917,True
2025-09-18,ETB,0.0,7.249040814805058e-07,8.33894496928726,0.7249040726595422,True
2025-09-19,ETB,0.0,6.814098365916755e-07,8.33894496928726,0.6814098282999695,True
2025-09-22,ETB,0.0,6.40525246396175e-07,8.33894496928726,0.6405252386019713,True
2025-09-23,ETB,0.0,6.020937316124047e-07,8.33894496928726,0.602093724285853,True
2025-09-24,ETB,0.0,5.659681077156605e-07,8.33894496928726,0.5659681008287017,True
2025-09-25,ETB,0.0,5.320100212527209e-07,8.33894496928726,0.5320100147789796,True
2025-09-26,ETB,0.0,5.000894199775577e-07,8.33894496928726,0.5000894138922408,True
2025-09-29,ETB,0.0,4.700840547789044e-07,8.33894496928726,0.4700840490587063,True
2025-09-30,ETB,0.0,4.418790114921703e-07,8.33894496928726,0.44187900611518394,True
2025-10-01,ETB,0.0,4.1536627080264023e-07,8.33894496928726,0.4153662657482729,True
2025-10-02,ETB,0.0,3.904442945544819e-07,8.33894496928726,0.39044428980337653,True
2025-10-03,ETB,0.0,3.670176368812131e-07,8.33894496928726,0.36701763241517393,True
2025-10-06,ETB,0.0,3.449965786683405e-07,8.33894496928726,0.3449965744702635,True
2025-10-07,ETB,0.0,3.242967839482402e-07,8.33894496928726,0.32429678000204765,True
2025-10-08,ETB,0.0,3.0483897691134595e-07,8.33894496928726,0.30483897320192477,True
2025-10-09,ETB,0.0,2.865486382966653e-07,8.33894496928726,0.28654863480980924,True
2025-10-10,ETB,0.0,2.693557199988655e-07,8.33894496928726,0.26935571672122066,True
2025-10-14,ETB,0.0,2.5319437679893376e-07,8.33894496928726,0.2531943737179474,True
2025-10-15,ETB,0.0,2.380027141909979e-07,8.33894496928726,0.23800271129487055,True
2025-10-16,ETB,0.0,2.2372255133953817e-07,8.33894496928726,0.2237225486171783,True
2025-10-17,ETB,0.0,2.1029919825916604e-07,8.33894496928726,0.2102991957001476,True
2025-10-20,ETB,0.0,1.9768124636361624e-07,8.33894496928726,0.19768124395813874,True
2025-10-21,ETB,0.0,1.858203715817994e-07,8.33894496928726,0.1858203693206504,True
2025-10-22,ETB,0.0,1.746711492868916e-07,8.33894496928726,0.17467114716141138,True
2025-10-23,ETB,0.0,1.6419088032967825e-07,8.33894496928726,0.1641908783317267,True
2025-10-24,ETB,0.0,1.5433942750989772e-07,8.33894496928726,0.15433942563182307,True
2025-10-27,ETB,0.0,1.45079061859304e-07,8.33894496928726,0.14507906009391366,True
2025-10-28,ETB,0.0,1.363743181477459e-07,8.33894496928726,0.13637431648827883,True
2025-10-29,ETB,0.0,1.2819185905888134e-07,8.33894496928726,0.1281918574989821,True
2025-10-30,ETB,0.0,1.2050034751534862e-07,8.33894496928726,0.12050034604904317,True
2025-10-31,ETB,0.0,1.1327032666442786e-07,8.33894496928726,0.11327032528610056,True
2025-11-04,ETB,0.0,1.0647410706456236e-07,8.33894496928726,0.10647410576893453,True
2025-11-05,ETB,0.0,1.0400397559103545e-07,8.33894496928726,0.10008565942279844,True
2025-11-06,ETB,0.0,1.0352422859715131e-07,8.33894496928726,0.09408051985743053,True
2025-11-07,ETB,0.0,1.0343105251296003e-07,8.33894496928726,0.0884356886659847,True
2025-11-10,ETB,0.0,1.0341295592710146e-07,8.33894496928726,0.08312954734602561,True
2025-11-11,ETB,0.0,1.0340944122241538e-07,8.33894496928726,0.07814177450526406,True
2025-11-12,ETB,0.0,1.0340875859923292e-07,8.33894496928726,0.07345326803494821,True
2025-11-13,ETB,0.0,1.034086260206948e-07,8.33894496928726,0.06904607195285131,True
2025-11-14,ETB,0.0,1.034086002713953e-07,8.33894496928726,0.06490330763568022,True
2025-11-18,ETB,0.0,1.0340859527038658e-07,8.33894496928726,0.061009109177539406,True
2025-11-19,ETB,0.0,1.034085942990946e-07,8.33894496928726,0.05734856262688704,True
2025-11-20,ETB,0.0,1.0340859411045104e-07,8.33894496928726,0.053907648869273815,True
2025-11-21,ETB,0.0,1.0340859407381284e-07,8.33894496928726,0.050673189937117384,True
2025-11-24,ETB,0.0,1.03408594066697e-07,8.33894496928726,0.047632798540890336,True
2025-11-25,ETB,0.0,1.0340859406531495e-07,8.33894496928726,0.044774830628436915,True
2025-11-26,ETB,0.0,1.0340859406504654e-07,8.33894496928726,0.0420883407907307,True
2025-11-27,ETB,0.0,1.034085940649944e-07,8.33894496928726,0.03956304034328685,True
2025-11-28,ETB,-0.07257069283483537,1.0340859406498428e-07,8.33894496928726,0.037189257922689636,True
2025-12-01,ETB,0.0,42.436489774208724,8.33894496928726,3.1948611775641473,True
2025-12-02,ETB,0.0,8.241981782826208,8.33894496928726,3.0031695069102984,True
2025-12-03,ETB,0.07257069283483537,1.6007513090531393,8.33894496928726,2.8229793364956803,True
2025-12-04,ETB,-0.07257069283483537,42.74738520648775,8.33894496928726,5.813503851422759,True
2025-12-05,ETB,0.0,50.73885332019768,8.33894496928726,8.62459689545421,True
2025-12-09,ETB,0.0,9.854460307151225,8.33894496928726,8.107121081726957,True
2025-12-10,ETB,0.0,1.9139256210435533,8.33894496928726,7.620693816823339,True
2025-12-11,ETB,0.0,0.3717212135778788,8.33894496928726,7.163452187813938,True
2025-12-12,ETB,0.0,0.07219548534604298,8.33894496928726,6.733645056545101,True
2025-12-15,ETB,0.0,0.014021833761009241,8.33894496928726,6.329626353152395,True
2025-12-16,ETB,0.0,0.002723392860074296,8.33894496928726,5.949848771963251,True
2025-12-17,ETB,0.0,0.0005290185460375741,8.33894496928726,5.592857845645455,True
2025-12-18,ETB,0.0,0.00010282889099360526,8.33894496928726,5.257286374906728,True
2025-12-19,ETB,0.0,2.0054671069220224e-05,8.33894496928726,4.941849192412324,True
2025-12-22,ETB,0.0,4.64533826143137e-06,8.33894496928726,4.645338240867584,True
2025-12-23,ETB,0.0,4.366617965745488e-06,8.33894496928726,4.366617946415529,True
2025-12-24,ETB,0.0,4.1046208878007575e-06,8.33894496928726,4.104620869630597,True
2025-12-25,ETB,0.0,3.858343634532712e-06,8.33894496928726,3.8583436174527606,True
2025-12-26,ETB,0.0,3.6268430164607494e-06,8.33894496928726,3.6268430004055947,True
2025-12-29,ETB,0.0,3.4092324354731043e-06,8.33894496928726,3.409232420381259,True
2025-12-30,ETB,0.0,3.2046784893447176e-06,8.33894496928726,3.204678475158383,True
2025-12-31,ETB,0.0,3.0123977799840344e-06,8.33894496928726,3.01239776664888,True
2026-01-02,ETB,0.0,2.831653913184992e-06,8.33894496928726,2.831653900649947,True
2026-01-05,ETB,0.0,2.6617546783938926e-06,8.33894496928726,2.6617546666109497,True
2026-01-06,ETB,0.0,2.5020493976902584e-06,8.33894496928726,2.5020493866142925,True
2026-01-07,ETB,0.0,2.351926433828843e-06,8.33894496928726,2.351926423417435,True
2026-01-08,ETB,0.0,2.210810847799112e-06,8.33894496928726,2.2108108380123888,True
2026-01-09,ETB,0.0,2.0781621969311653e-06,8.33894496928726,2.078162187731645,True
2026-01-13,ETB,0.0,1.9534724651152956e-06,8.33894496928726,1.9534724564677464,True
2026-01-14,ETB,0.0,1.836264117208378e-06,8.33894496928726,1.8362641090796814,True
2026-01-15,ETB,0.0,1.7260882701758755e-06,8.33894496928726,1.7260882625349003,True
2026-01-16,ETB,0.0,1.6225229739653231e-06,8.33894496928726,1.6225229667828063,True
2026-01-19,ETB,0.0,1.5251715955274038e-06,8.33894496928726,1.525171588775838,True
2026-01-20,ETB,0.0,1.4336612997957598e-06,8.33894496928726,1.4336612934492876,True
2026-01-21,ETB,0.0,1.3476416218080145e-06,8.33894496928726,1.3476416158423303,True
2026-01-22,ETB,0.0,1.2667831244995337e-06,8.33894496928726,1.2667831188917904,True
2026-01-23,ETB,0.0,1.190776137029562e-06,8.33894496928726,1.190776131758283,True
2026-01-26,ETB,0.0,1.1193295688077883e-06,8.33894496928726,1.119329563852786,True
2026-01-27,ETB,0.0,1.0521697946793215e-06,8.33894496928726,1.052169790021619,True
2026-01-28,ETB,0.07257069283483537,9.890396069985621e-07,8.33894496928726,0.9890396026203218,True
2026-01-29,ETB,0.0,42.436488737123284,8.33894496928726,4.0896005015799215,True
2026-01-30,ETB,0.0,8.24198158140429,8.33894496928726,3.844224471485126,True
2026-02-02,ETB,0.0,1.6007512699331325,8.33894496928726,3.6135710031960184,True
2026-02-03,ETB,0.0,0.31089673718176314,8.33894496928726,3.396756743004257,True
2026-02-04,ETB,0.0,0.06038220333318365,8.33894496928726,3.1929513384240016,True
2026-02-05,ETB,0.0,0.011727467410750647,8.33894496928726,3.0013742581185614,True
2026-02-06,ETB,0.0,0.002277782830323995,8.33894496928726,2.8212918026314475,True
2026-02-09,ETB,0.0,0.00044247251619727255,8.33894496928726,2.6520142944735605,True
2026-02-10,ETB,0.0,8.601998908151064e-05,8.33894496928726,2.4928934368051467,True
2026-02-11,ETB,0.0,1.6790059347437358e-05,8.33894496928726,2.3433198305968377,True
2026-02-12,ETB,0.0,3.344276791859584e-06,8.33894496928726,2.202720640761027,True
2026-02-13,ETB,0.0,2.070557381607707e-06,8.33894496928726,2.0705574023153654,True
2026-02-16,ETB,0.0,1.946323938711245e-06,8.33894496928726,1.9463239581764433,True
2026-02-17,ETB,0.0,1.8295445023885703e-06,8.33894496928726,1.8295445206858567,True
2026-02-18,ETB,0.0,1.7197718322452562e-06,8.33894496928726,1.7197718494447052,True
2026-02-19,ETB,0.0,1.616585522310541e-06,8.33894496928726,1.6165855384780228,True
2026-02-20,ETB,0.0,1.5195903909719086e-06,8.33894496928726,1.5195904061693413,True
2026-02-23,ETB,0.0,1.4284149675135941e-06,8.33894496928726,1.4284149817991807,True
2026-02-24,ETB,0.0,1.3427100694627786e-06,8.33894496928726,1.3427100828912297,True
2026-02-25,ETB,0.0,1.2621474652950121e-06,8.33894496928726,1.262147477917756,True
2026-02-26,ETB,-0.004008036717608227,1.1864186173773117e-06,8.33894496928726,1.1864186292426906,True
2026-02-27,ETB,0.0,0.12944385991631702,8.33894496928726,1.1248721264859465,True
2026-03-02,ETB,-0.03473282332187699,0.025140568087173396,8.33894496928726,1.0573797988967897,True
2026-03-03,ETB,0.0,9.725572889697983,8.33894496928726,1.7177584205082164,True
2026-03-04,ETB,0.0,1.8888932080989922,8.33894496928726,1.6146929152777232,True
2026-03-05,ETB,0.13405103984381012,0.36685943800498894,8.33894496928726,1.5178113403610598,True
2026-03-06,ETB,0.0,144.8674891622809,8.33894496928726,12.208551429863466,True
2026-03-09,ETB,0.0,28.13604999888395,8.33894496928726,11.476038344071657,True
2026-03-12,ETB,0.0,5.464561606224231,8.33894496928726,10.787476043427358,True
2026-03-13,ETB,0.0,1.061322944709668,8.33894496928726,10.140227480821716,True
2026-03-16,ETB,0.0,0.20612939171233063,8.33894496928726,9.531813831972412,True
2026-03-17,ETB,0.0,0.04003437181698657,8.33894496928726,8.959905002054066,True
2026-03-18,ETB,0.0,0.0077755275619707225,8.33894496928726,8.422310701930822,True
2026-03-19,ETB,0.0,0.0015102401781282196,8.33894496928726,7.916972059814973,True
2026-03-20,ETB,0.0,0.00029340098538396743,8.33894496928726,7.441953736226074,True
2026-03-24,ETB,0.0,5.7067433499812525e-05,8.33894496928726,6.995436512052509,True
2026-03-25,ETB,0.0,1.1166916751812368e-05,8.33894496928726,6.575710321329358,True
2026-03-26,ETB,0.0,6.181167665789451e-06,8.33894496928726,6.181167702049596,True
2026-03-27,ETB,0.0,5.8102976058420835e-06,8.33894496928726,5.8102976399266195,True
2026-03-30,ETB,0.0,5.461679749491558e-06,8.33894496928726,5.461679781531022,True
2026-03-31,ETB,0.0,5.133978964522064e-06,8.33894496928726,5.13397899463916,True
2026-04-01,ETB,0.0,4.82594022665074e-06,8.33894496928726,4.825940254960811,True
2026-04-02,ETB,0.0,4.536383813051695e-06,8.33894496928726,4.536383839663162,True
2026-04-03,ETB,0.0,4.264200784268593e-06,8.33894496928726,4.264200809283372,True
2026-04-06,ETB,0.0,4.008348737212478e-06,8.33894496928726,4.008348760726369,True
2026-04-07,ETB,0.02955880224154443,3.7678478129797287e-06,8.33894496928726,3.7678478350827866,True
2026-04-08,ETB,0.0,7.040290931208579,8.33894496928726,4.066010638950659,True
2026-04-09,ETB,0.0,1.3673598560797977,8.33894496928726,3.8220500006136193,True
2026-04-10,ETB,0.0,0.26556764017032575,8.33894496928726,3.592727000576802,True
2026-04-13,ETB,0.0,0.05157842172893187,8.33894496928726,3.3771633805421937,True
2026-04-14,ETB,0.0,0.010017603865138749,8.33894496928726,3.1745335777096617,True
2026-04-15,ETB,0.056618893999507904,0.0019456944760194623,8.33894496928726,2.984061563047082,True
2026-04-16,ETB,0.0,25.831285365418953,8.33894496928726,4.728437363900766,True
2026-04-17,ETB,0.0,5.016932030080026,8.33894496928726,4.444731122066719,True
2026-04-20,ETB,0.0,0.9743846801555996,8.33894496928726,4.178047254742716,True
2026-04-21,ETB,0.0,0.18924431028232644,8.33894496928726,3.927364419458153,True
2026-04-22,ETB,0.0,0.036754964569093315,8.33894496928726,3.6917225542906635,True
2026-04-23,ETB,0.0,0.007138603663077087,8.33894496928726,3.4702192010332236,True
2026-04-24,ETB,0.0,0.0013865373189476523,8.33894496928726,3.26200604897123,True
2026-04-27,ETB,0.0,0.0002693755132733618,8.33894496928726,3.0662856860329564,True
2026-04-28,ETB,0.0,5.240122518449036e-05,8.33894496928726,2.8823085448709787,True
2026-04-29,ETB,-0.0279087881170765,1.026064943928076e-05,8.33894496928726,2.70937003217872,True
2026-04-30,ETB,0.0,6.276232508546476,8.33894496928726,3.0141481027463195,True
2026-05-04,ETB,0.0,1.2189650295887913,8.33894496928726,2.83329921658154,True
2026-05-05,ETB,0.0,0.23674651357038448,8.33894496928726,2.6633012635866473,True
2026-05-06,ETB,-0.00947874395454377,0.04598080516687346,8.33894496928726,2.5035031877714484,True
2026-05-07,ETB,0.0,0.7328970524952989,8.33894496928726,2.4072009486786414,True
2026-05-08,ETB,0.0,0.14234277298689504,8.33894496928726,2.262768891757923,True
2026-05-11,ETB,0.0,0.027645784848428192,8.33894496928726,2.1270027582524476,True
2026-05-12,ETB,0.0,0.005369425935261768,8.33894496928726,1.9993825927573006,True
2026-05-13,ETB,0.0,0.001042929010781653,8.33894496928726,1.8794196371918623,True
2026-05-14,ETB,0.009478743954543739,0.0002026401776513744,8.33894496928726,1.7666544589603506,True
2026-05-15,ETB,0.027908788117076658,0.7240058953369859,8.33894496928726,1.7145631435962092,True
2026-05-19,ETB,-0.018519047767237527,6.416845906851327,8.33894496928726,2.0790296274787643,True
2026-05-20,ETB,0.0,4.009741550592672,8.33894496928726,2.1600609279531735,True
2026-05-21,ETB,0.0,0.7787689366288543,8.33894496928726,2.030457272275983,True
2026-05-22,ETB,0.01851904776723753,0.15125197427950993,8.33894496928726,1.9086298359394238,True
2026-05-25,ETB,0.0,2.7928425116513544,8.33894496928726,1.9998851239061939,True
2026-05-26,ETB,0.0,0.5424237614633295,8.33894496928726,1.8798920164718222,True
2026-05-27,ETB,0.0,0.1053492000669351,8.33894496928726,1.7670984954835127,True
2026-05-28,ETB,0.0,0.02046092218359033,8.33894496928726,1.661072585754502,True
2026-06-01,ETB,0.0,0.003973987553998299,8.33894496928726,1.5614082306092316,True
2026-06-02,ETB,0.0,0.0007719080648374962,8.33894496928726,1.4677237367726776,True
2026-06-03,ETB,-0.009216655104923952,0.00015000270248463884,8.33894496928726,1.379660312566317,True
2026-06-04,ETB,0.027398974188114347,0.684513732650361,8.33894496928726,1.3478487326062103,True
2026-06-05,ETB,-0.055569851154810765,6.181972444520958,8.33894496928726,1.7174000805864116,True
2026-06-08,ETB,0.0,26.083236383527222,8.33894496928726,3.4671610901719223,True
2026-06-09,ETB,0.055569851154810786,5.065865758846659,8.33894496928726,3.2591314247616068,True
2026-06-10,ETB,0.0,25.866466094172786,8.33894496928726,4.916388553696607,True
2026-06-11,ETB,-0.055569851154810765,5.02376480357536,8.33894496928726,4.621405240474811,True
2026-06-17,ETB,0.0,25.858290205563694,8.33894496928726,6.196925940467017,True
2026-06-18,ETB,0.0,5.022176888913902,8.33894496928726,5.825110384038996,True
2026-06-19,ETB,0.0,0.9754033325171704,8.33894496928726,5.4756037609966555,True
2026-06-22,ETB,0.04652001563489291,0.18944215214358523,8.33894496928726,5.147067535336856,True
2026-06-23,ETB,0.13580154115906182,17.474790509196545,8.33894496928726,6.1367105960190536,True
2026-06-24,ETB,0.007905179507113247,151.9965035811693,8.33894496928726,16.833743108963734,True
2026-06-25,ETB,0.09745533615071306,30.024188936890567,8.33894496928726,15.86121364024972,True
2026-06-26,ETB,0.1582240052148942,82.36064659703163,8.33894496928726,20.60806634838383,True
2026-06-29,ETB,0.0,217.72191566898505,8.33894496928726,34.39248386322653,True
2026-06-30,ETB,0.1524070002224314,42.285779469696024,8.33894496928726,32.32893483143294,True
2026-07-01,ETB,0.055994269354574785,195.37861418492972,8.33894496928726,44.32593497162709,True
2026-07-02,ETB,-0.22067136216882063,63.210394490303024,8.33894496928726,43.54759379366107,True
2026-07-03,ETB,0.024391453124159267,404.65847849476506,8.33894496928726,70.1522482149071,True
2026-07-06,ETB,-0.06213178110700616,83.38638787674006,8.33894496928726,66.30007911331751,True
2026-07-07,ETB,-0.012903404835907841,47.30126416054837,8.33894496928726,64.63828930063582,True
2026-07-08,ETB,0.0,10.528422284398216,8.33894496928726,60.85989065641326,True
2026-07-09,ETB,-0.026317308317373417,2.0448219866992625,8.33894496928726,57.208297217028466,True
2026-07-10,ETB,0.0,5.977987522355331,8.33894496928726,54.19135981424977,True
2026-07-14,ETB,0.0,1.161040122716558,8.33894496928726,50.939878225394786,True
2026-07-15,ETB,-0.06187540371808753,0.22549638367211866,8.33894496928726,47.883485531871095,True
2026-07-16,ETB,0.0,30.89364218591908,8.33894496928726,47.30761575112462,True
2026-07-17,ETB,0.007067167223092353,6.0001389940138585,8.33894496928726,44.469158806057145,True
2026-07-21,ETB,-0.007067167223092443,1.5677883306658533,8.33894496928726,41.830976189229204,True
2026-07-22,ETB,-0.08122543992258587,0.706940785292435,8.33894496928726,39.35108452941094,True
2026-07-23,ETB,0.0,53.29927047721406,8.33894496928726,40.94856271201685,True
2026-07-24,ETB,0.0,10.351742515540769,8.33894496928726,38.491648949295836,True
2026-07-27,ETB,0.052446475372542524,2.0105073808177867,8.33894496928726,36.182150012338084,True
2026-07-28,ETB,0.049832373747875754,22.554549230416487,8.33894496928726,35.66160067899943,True
2026-07-29,ETB,0.0,24.390202541362083,8.33894496928726,35.01186392226825,True
2026-07-30,ETB,-0.028170876966696335,4.737046056321628,8.33894496928726,32.91115208693215,True
2026-07-31,ETB,0.007117467768863955,7.314688371618114,8.33894496928726,31.412641947159862,True
2026-08-03,ETB,0.06187540371808745,1.8288482821226832,8.33894496928726,29.558278438794762,True
2026-08-04,ETB,0.0,31.205042900904306,8.33894496928726,30.081921083632864,True
2026-08-05,ETB,0.0,6.060618996195372,8.33894496928726,28.27700581861489,True
2026-08-06,ETB,0.0,1.1770887426381422,8.33894496928726,26.580385469497994,True
2026-08-07,ETB,0.0,0.22861333402309567,8.33894496928726,24.985562341328112,True
2026-08-10,ETB,0.0,0.04440118542583976,8.33894496928726,23.486428600848424,True
2026-08-11,ETB,0.0,0.00862364666986113,8.33894496928726,22.077242884797517,True
2026-08-12,ETB,0.0,0.0016749612048536366,8.33894496928726,20.752608311709665,True
2026-08-13,ETB,0.0,0.0003253929737651343,8.33894496928726,19.507451813007084,True
2026-08-14,ETB,0.0,6.328089234551792e-05,8.33894496928726,18.337004704226658,True
2026-08-18,ETB,-0.03390155167568134,1.7236784388679032e-05,8.33894496928726,17.236784421973056,True
2026-08-19,ETB,0.0068728792877620504,9.26096481146715,8.33894496928726,16.892166480266006,True
2026-08-20,ETB,0.0,2.179279731707642,8.33894496928726,15.906978373272535,True
2026-08-21,ETB,-0.020761991448429128,0.42325808044923185,8.33894496928726,14.952559670876182,True
2026-08-24,ETB,0.04779066383634848,3.5556060911619816,8.33894496928726,14.314042263966396,True
2026-08-25,ETB,0.125163142954006,19.094177220688085,8.33894496928726,14.825568258079732,True
2026-08-26,ETB,0.06269859421556398,129.9405610212697,8.33894496928726,23.33552157506992,True
2026-08-27,ETB,0.0,56.913112216980586,8.33894496928726,24.294058510530498,True
2026-08-28,ETB,0.03794493156412347,11.05362001866434,8.33894496928726,22.836414999898665,True
2026-08-31,ETB,-0.032435275753153844,13.748600597411102,8.33894496928726,22.330120798748354,True
2026-09-01,ETB,-0.08004270767353637,11.14743625385879,8.33894496928726,21.62154181873333,True
2026-09-02,ETB,0.26053108338583014,53.790092882802426,8.33894496928726,24.16835034063605,True
2026-09-03,ETB,0.1528392042294475,557.382422664963,8.33894496928726,63.444116566314555,True
2026-09-04,ETB,-0.04016604172533476,296.48333505899643,8.33894496928726,73.65336298203015,True
2026-09-08,ETB,0.10863384100279537,70.58251010189983,8.33894496928726,70.20214774783713,True
2026-09-09,ETB,0.007326040092072881,108.80117864886294,8.33894496928726,73.07080572957928,True
2026-09-10,ETB,-0.07579383936953367,21.563748954099825,8.33894496928726,68.71875990386292,True
2026-09-11,ETB,-0.056695343676545294,50.47783293574939,8.33894496928726,68.04245796145594,True
2026-09-14,ETB,0.04879016416943204,35.70447694301376,8.33894496928726,65.88852768052952,True
2025-01-02,Nutresa,0.0,3.259478260191141,9.145975496016703,6.405183626087968,True
2025-01-03,Nutresa,0.0370274626091699,3.251803581063193,9.145975496016703,6.02087260852269,True
2025-01-07,Nutresa,0.05943280357839214,11.938251856543314,9.145975496016703,6.482240044375414,True
2025-01-08,Nutresa,0.0,28.812637790953282,9.145975496016703,8.212660526425534,True
2025-01-09,Nutresa,0.0,12.632717333515167,9.145975496016703,7.719900894840001,True
2025-01-10,Nutresa,0.0,6.692847621903296,9.145975496016703,7.256706841149601,True
2025-01-13,Nutresa,0.0,4.512240351074317,9.145975496016703,6.821304430680624,True
2025-01-14,Nutresa,0.00618771310816555,3.7117096491472115,9.145975496016703,6.412026164839786,True
2025-01-15,Nutresa,0.0,3.6621783977525855,9.145975496016703,6.050277271054777,True
2025-01-16,Nutresa,0.0,3.3996402998069817,9.145975496016703,5.68726063479149,True
2025-01-17,Nutresa,0.04969274528629112,3.3032589795011464,9.145975496016703,5.346024996704,True
2025-01-20,Nutresa,0.0,18.91252803340006,9.145975496016703,6.506884857354685,True
2025-01-21,Nutresa,0.0,8.998251870893565,9.145975496016703,6.116471765913404,True
2025-01-22,Nutresa,0.0,5.3585857275933595,9.145975496016703,5.749483459958599,True
2025-01-23,Nutresa,0.0,4.022414592399089,9.145975496016703,5.404514452361083,True
2025-01-24,Nutresa,0.0,3.531887925327503,9.145975496016703,5.080243585219417,True
2025-01-27,Nutresa,0.00021736767828212737,3.351808888465675,9.145975496016703,4.775428970106252,True
2025-01-28,Nutresa,0.0,3.2860699783324923,9.145975496016703,4.4889315811244135,True
2025-01-29,Nutresa,0.0,3.2615657638614968,9.145975496016703,4.219595686256948,True
2025-01-30,Nutresa,0.04960745773192619,3.252569932162201,9.145975496016703,3.966419945081531,True
2025-01-31,Nutresa,0.0,18.840291728240196,9.145975496016703,5.204974665951546,True
2025-02-03,Nutresa,-0.060753895942398564,8.971732936994815,9.145975496016703,4.892676185994453,True
2025-02-04,Nutresa,0.0,28.68891916807624,9.145975496016703,6.813737138142664,True
2025-02-05,Nutresa,0.0,12.587298537871344,9.145975496016703,6.4049129098541036,True
2025-02-06,Nutresa,0.09431067947124142,6.67617376189933,9.145975496016703,6.020618135262857,True
2025-02-07,Nutresa,0.0,60.829258421826424,9.145975496016703,10.996083604543433,True
2025-02-10,Nutresa,0.0,24.38645590434142,9.145975496016703,10.336318588270826,True
2025-02-11,Nutresa,0.0001999800026662447,11.007805530300175,9.145975496016703,9.716139472974577,True
2025-02-12,Nutresa,0.0,6.0966392275740064,9.145975496016703,9.133195099796982,True
2025-02-13,Nutresa,0.08597771623838604,4.293364109216325,9.145975496016703,8.585203393809163,True
2025-02-14,Nutresa,0.07933674223652101,50.443671165712395,9.145975496016703,12.505391803921675,True
2025-02-17,Nutresa,0.05762911283663642,60.4357569951064,9.145975496016703,15.531659496908883,True
2025-02-18,Nutresa,-0.06613980250454495,45.279842167851214,9.145975496016703,16.592428714897014,True
2025-02-19,Nutresa,-0.24038535774871583,46.3417326556825,9.145975496016703,18.22156707720732,True
2025-02-20,Nutresa,0.22296962314610463,384.7029164567375,9.145975496016703,51.799345184561766,True
2025-02-21,Nutresa,-0.04445966911547626,458.00058684327104,9.145975496016703,78.52065618103764,True
2025-02-24,Nutresa,0.04324132417319448,182.68886736936943,9.145975496016703,74.99541411688996,True
2025-02-25,Nutresa,-0.01615203654052267,80.97079780125505,9.145975496016703,71.61757653962734,True
2025-02-26,Nutresa,0.034786116085415604,33.426500955478865,9.145975496016703,67.47705491789351,True
2025-02-27,Nutresa,0.012739025777429712,21.996369396303493,9.145975496016703,64.15447594620471,True
2025-02-28,Nutresa,0.011745101458282673,11.161629902116811,9.145975496016703,60.40257705608724,True
2025-03-03,Nutresa,0.0,7.029706786061206,9.145975496016703,56.86119087768122,True
2025-03-04,Nutresa,-0.01682125449014337,4.635905949525428,9.145975496016703,53.44951942502034,True
2025-03-05,Nutresa,-0.042095069167053224,5.542354408089217,9.145975496016703,50.41232102109242,True
2025-03-06,Nutresa,-0.0012392672206556854,15.290739196217242,9.145975496016703,48.45077866873427,True
2025-03-07,Nutresa,0.03567146364213985,7.677955677433472,9.145975496016703,45.54465341855673,True
2025-03-10,Nutresa,0.00851068966790861,12.938809219876124,9.145975496016703,43.57544620446682,True
2025-03-11,Nutresa,-0.004246290881451097,7.266430087639245,9.145975496016703,41.00437853537287,True
2025-03-12,Nutresa,0.004246290881451004,4.835528566346337,9.145975496016703,38.55493441500044,True
2025-03-13,Nutresa,0.0,3.945906206498379,9.145975496016703,36.25245694185035,True
2025-03-14,Nutresa,0.0,3.5038006522601606,9.145975496016703,34.077309525339324,True
2025-03-17,Nutresa,0.05762911283663642,3.3414976670345595,9.145975496016703,32.032670953818965,True
2025-03-18,Nutresa,-0.019386713800190095,24.31976003507262,9.145975496016703,32.10337948439249,True
2025-03-19,Nutresa,-0.003267976764616111,13.355610308128869,9.145975496016703,30.40268351851123,True
2025-03-20,Nutresa,-0.06055302045188687,7.024746248473283,9.145975496016703,28.584930310680996,True
2025-03-21,Nutresa,0.0,27.8200007498058,9.145975496016703,29.069835463548113,True
2025-03-24,Nutresa,0.0,12.268306722792701,9.145975496016703,27.325645335735224,True
2025-03-25,Nutresa,0.0589150184476484,6.559067511246121,9.145975496016703,25.68610661559111,True
2025-03-26,Nutresa,0.0,26.449870583588794,9.145975496016703,26.227527857867695,True
2025-03-27,Nutresa,0.0,11.765313231774837,9.145975496016703,24.65387618639563,True
2025-03-28,Nutresa,0.012220111334775397,6.374411733098495,9.145975496016703,23.17464361521189,True
2025-03-31,Nutresa,0.01207258123426924,5.344455916517864,9.145975496016703,21.87376367091976,True
2025-04-01,Nutresa,-0.013855546290440807,4.94361448876157,9.145975496016703,20.648786181259393,True
2025-04-02,Nutresa,0.01193370072774222,5.08050426071266,9.145975496016703,19.52504470818776,True
2025-04-03,Nutresa,0.0,4.825568068715656,9.145975496016703,18.438989953532083,True
2025-04-04,Nutresa,0.0,3.8267365322967315,9.145975496016703,17.332650556320157,True
2025-04-07,Nutresa,-0.033083763636116696,3.4600518377839053,9.145975496016703,16.292691522940945,True
2025-04-08,Nutresa,0.010712916629770752,10.24171472730973,9.145975496016703,15.971851281362751,True
2025-04-09,Nutresa,-0.00016394786494631225,6.54494540921436,9.145975496016703,15.082400154110838,True
2025-04-10,Nutresa,0.00016394786494637975,4.458059589589174,9.145975496016703,14.177472272205637,True
2025-04-11,Nutresa,0.004089985251525066,3.6920432174909186,9.145975496016703,13.32684006321475,True
2025-04-14,Nutresa,-0.02563182902627993,3.517819131908726,9.145975496016703,12.53726644703648,True
2025-04-15,Nutresa,-0.008748373426492819,7.496213179711505,9.145975496016703,12.179224855753759,True
2025-04-16,Nutresa,0.011257785031918583,5.288661334621089,9.145975496016703,11.494391786974152,True
2025-04-17,Nutresa,0.0,4.802554907968437,9.145975496016703,10.880770914050636,True
2025-04-18,Nutresa,0.0,3.818288086777457,9.145975496016703,10.227924659207597,True
2025-04-21,Nutresa,0.0,3.4569502980833766,9.145975496016703,9.61424917965514,True
2025-04-22,Nutresa,0.0,3.324298262347435,9.145975496016703,9.037394228875831,True
2025-04-23,Nutresa,-0.005697066347221501,3.2755998888712323,9.145975496016703,8.495150575143281,True
2025-04-24,Nutresa,0.00820019656534001,3.461260401863977,9.145975496016703,8.00491547961347,True
2025-04-25,Nutresa,0.01159913584335194,3.754152301442992,9.145975496016703,7.564966485062789,True
2025-04-28,Nutresa,0.0,4.2887072627088365,9.145975496016703,7.1917924673465405,True
2025-04-29,Nutresa,0.022480177809510657,3.6296476004110696,9.145975496016703,6.7602849193057475,True
2025-04-30,Nutresa,0.019461453275167233,6.593439961716,9.145975496016703,6.657882860755731,True
2025-05-01,Nutresa,0.0,6.8791963235906675,9.145975496016703,6.485658787259298,True
2025-05-02,Nutresa,0.0,4.580651503765872,9.145975496016703,6.096519260023739,True
2025-05-05,Nutresa,0.0,3.7368243173483284,9.145975496016703,5.730728104422314,True
2025-05-06,Nutresa,0.0,3.4270438360646858,9.145975496016703,5.386884418156975,True
2025-05-07,Nutresa,-0.002530846020284861,3.313319191814079,9.145975496016703,5.063671353067556,True
2025-05-08,Nutresa,0.0,3.311273979130058,9.145975496016703,4.763694180830537,True
2025-05-09,Nutresa,-0.018542730770243373,3.2708184966757723,9.145975496016703,4.477872529980705,True
2025-05-12,Nutresa,0.0073943432876292054,5.4259358613999975,9.145975496016703,4.4154998968325,True
2025-05-13,Nutresa,0.0,4.39561202898902,9.145975496016703,4.183375690615734,True
2025-05-14,Nutresa,-0.021694229469681692,3.668893799731085,9.145975496016703,3.93237314917879,True
2025-05-15,Nutresa,0.010582109330537008,6.373580097388345,9.145975496016703,3.978814515597986,True
2025-05-16,Nutresa,0.0,5.107227993591947,9.145975496016703,3.8072742673921693,True
2025-05-19,Nutresa,0.003072199036970059,3.930137736347673,9.145975496016703,3.578837811348639,True
2025-05-20,Nutresa,0.0,3.558757234048236,9.145975496016703,3.3697705868213763,True
2025-05-21,Nutresa,0.0,3.361672978555738,9.145975496016703,3.1675843516120934,True
2025-05-22,Nutresa,0.000968210500034861,3.289320657485007,9.145975496016703,2.9775292905153674,True
2025-05-23,Nutresa,0.005148016517401237,3.269010632262514,9.145975496016703,2.799439992027872,True
2025-05-26,Nutresa,0.010217202546654914,3.424725186822154,9.145975496016703,2.647374836944261,True
2025-05-27,Nutresa,0.004437408232123505,3.9765081374008036,9.145975496016703,2.5511670834552285,True
2025-05-28,Nutresa,0.0,3.6411143892908893,9.145975496016703,2.409911413539025,True
2025-05-29,Nutresa,-0.03606314816796,3.39190741470437,9.145975496016703,2.2653167287266833,True
2025-05-30,Nutresa,0.036221263434318356,11.51955983161888,9.145975496016703,2.909728118473625,True
2025-06-04,Nutresa,0.0,14.599453981919202,9.145975496016703,3.5223323862321805,True
2025-06-05,Nutresa,0.0,7.414863498266998,9.145975496016703,3.3109924430582494,True
2025-06-06,Nutresa,0.0,4.777302237292929,9.145975496016703,3.1123328964747543,True
2025-06-09,Nutresa,-0.00015409507696726807,3.8090174865864777,9.145975496016703,2.9255929226862687,True
2025-06-10,Nutresa,-0.02370296529765149,3.453646504559691,9.145975496016703,2.7500715945007395,True
2025-06-11,Nutresa,0.0,6.871034040878932,9.145975496016703,2.9221656371716977,True
2025-06-12,Nutresa,0.0,4.577655018339099,9.145975496016703,2.746835698941396,True
2025-06-13,Nutresa,0.0,3.735724266635805,9.145975496016703,2.5820255570049118,True
2025-06-16,Nutresa,0.0,3.426639992428634,9.145975496016703,2.427104023584617,True
2025-06-17,Nutresa,0.020770638171429223,3.313170935301427,9.145975496016703,2.2814777821695396,True
2025-06-18,Nutresa,0.0,6.008744737194464,9.145975496016703,2.403440761268427,True
2025-06-19,Nutresa,0.0,4.261096841735229,9.145975496016703,2.2592343155923214,True
2025-06-20,Nutresa,0.0,3.6195114378942392,9.145975496016703,2.123680256656782,True
2025-06-24,Nutresa,-0.02662647511532219,3.3839766762919083,9.145975496016703,1.9962594412573749,True
2025-06-25,Nutresa,0.004118491485970168,7.775715406538959,9.145975496016703,2.301865381022056,True
2025-06-26,Nutresa,0.026980194028754702,5.018481237920544,9.145975496016703,2.1739306414327375,True
2025-06-27,Nutresa,-0.00015388166530325742,8.51341144745399,9.145975496016703,2.480253324844324,True
2025-06-30,Nutresa,0.0,5.180693413048457,9.145975496016703,2.3314523330938144,True
2025-07-01,Nutresa,0.00030773965468286355,3.9571078948863683,9.145975496016703,2.191565193108185,True
2025-07-02,Nutresa,0.0,3.5086135841797064,9.145975496016703,2.060128103738733,True
2025-07-03,Nutresa,-0.021459383574639106,3.343264560055336,9.145975496016703,1.9365204175144088,True
2025-07-04,Nutresa,0.0001571709237027232,6.1899748984768905,9.145975496016703,2.096632278505639,True
2025-07-07,Nutresa,0.0,4.327836970917035,9.145975496016703,1.970849163414855,True
2025-07-08,Nutresa,0.0,3.644012650549697,9.145975496016703,1.8525982136099637,True
2025-07-09,Nutresa,0.0,3.392971405983735,9.145975496016703,1.7414423207933658,True
2025-07-10,Nutresa,0.02099447299625343,3.3008107375252442,9.145975496016703,1.6369557815457638,True
2025-07-11,Nutresa,0.0,6.063446094117637,9.145975496016703,1.803199172487267,True
2025-07-14,Nutresa,0.0,4.281178456723804,9.145975496016703,1.6950072221380308,True
2025-07-15,Nutresa,0.0,3.626883672939811,9.145975496016703,1.5933067888097487,True
2025-07-16,Nutresa,0.0,3.3866831244335582,9.145975496016703,1.4977083814811638,True
2025-07-17,Nutresa,0.0,3.2985022235114556,9.145975496016703,1.4078458785922938,True
2025-07-18,Nutresa,0.0,3.266129810809695,9.145975496016703,1.323375125876756,True
2025-07-21,Nutresa,0.0,3.2542454561118577,9.145975496016703,1.2439726183241506,True
2025-07-22,Nutresa,0.0,3.249882547239875,9.145975496016703,1.1693342612247015,True
2025-07-23,Nutresa,0.0,3.248280863824225,9.145975496016703,1.0991742055512195,True
2025-07-24,Nutresa,-0.026194201090823717,3.2476928639738403,9.145975496016703,1.0332237532181463,True
2025-07-25,Nutresa,0.018779894651596275,7.5813190338090415,9.145975496016703,1.3829120304969642,True
2025-07-28,Nutresa,0.0,7.076682200216119,9.145975496016703,1.5115479745421792,True
2025-07-29,Nutresa,0.0077220460939103185,4.653151265438025,9.145975496016703,1.4208550960696482,True
2025-07-30,Nutresa,0.0,4.143371279378984,9.145975496016703,1.3713817878313546,True
2025-07-31,Nutresa,0.0,3.576292776593536,9.145975496016703,1.2890988805614731,True
2025-08-01,Nutresa,0.0,3.3681105156447186,9.145975496016703,1.2117529477277846,True
2025-08-04,Nutresa,0.0,3.291683965244943,9.145975496016703,1.1390477708641176,True
2025-08-05,Nutresa,0.0,3.2636267351073305,9.145975496016703,1.0707049046122705,True
2025-08-06,Nutresa,0.0,3.253326542845908,9.145975496016703,1.0064626103355343,True
2025-08-07,Nutresa,0.0,3.2495452016336115,9.145975496016703,0.9460748537154022,True
2025-08-08,Nutresa,-0.007722046093910278,3.2481570196462353,9.145975496016703,0.8893103624924781,True
2025-08-11,Nutresa,0.0,3.622496294140696,9.145975496016703,0.8717297382688144,True
2025-08-12,Nutresa,0.0,3.385072457773559,9.145975496016703,0.8194259539726855,True
2025-08-13,Nutresa,0.0,3.2979109257894184,9.145975496016703,0.7702603967343243,True
2025-08-14,Nutresa,0.0077220460939103185,3.265912737342683,9.145975496016703,0.7240447729302648,True
2025-08-15,Nutresa,0.05098555473286774,3.634097075127472,9.145975496016703,0.7163800840803343,True
2025-08-19,Nutresa,0.015953927942241684,19.858159967214043,9.145975496016703,2.233113353886467,True
2025-08-20,Nutresa,0.0422598092898826,10.961528259296571,9.145975496016703,2.2518432427250232,True
2025-08-21,Nutresa,0.032166714381964806,17.39590170121383,9.145975496016703,3.188267536891871,True
2025-08-22,Nutresa,0.0,15.000522506091718,9.145975496016703,3.6177899931569,True
2025-08-25,Nutresa,0.0017348372937166083,7.562101229458564,9.145975496016703,3.400722593567486,True
2025-08-26,Nutresa,0.0,4.8509738571179915,9.145975496016703,3.1984850342148383,True
2025-08-27,Nutresa,0.0,3.8360633440958143,9.145975496016703,3.006575932161948,True
2025-08-28,Nutresa,-0.003472689478972555,3.4634758377384793,9.145975496016703,2.8261813762322308,True
2025-08-29,Nutresa,0.0,3.401874454058403,9.145975496016703,2.6638462369887166,True
2025-09-01,Nutresa,-0.01008547511987829,3.30407916803075,9.145975496016703,2.5040154627693934,True
2025-09-02,Nutresa,0.0,3.9086100001086903,9.145975496016703,2.4148046200394404,True
2025-09-03,Nutresa,-0.03423249923749758,3.4901087056727285,9.145975496016703,2.2699163428370737,True
2025-09-04,Nutresa,0.0,10.741773056199154,9.145975496016703,2.836839764694013,True
2025-09-05,Nutresa,0.046322920561313805,5.9986561597931285,9.145975496016703,2.666629378812372,True
2025-09-08,Nutresa,0.0,17.853194657542687,9.145975496016703,3.794119397681504,True
2025-09-09,Nutresa,-0.0393542512452204,8.609356125064227,9.145975496016703,3.5664722338206136,True
2025-09-10,Nutresa,0.01993878360383104,15.004738077852451,9.145975496016703,4.281738154434536,True
2025-09-11,Nutresa,-0.023277684869345647,10.08628226698753,9.145975496016703,4.263366920128705,True
2025-09-12,Nutresa,0.08977140703782203,9.179654758807404,9.145975496016703,4.332675272646921,True
2025-09-15,Nutresa,0.0,56.45843632943979,9.145975496016703,8.908058069218303,True
2025-09-16,Nutresa,0.0,22.781867437438528,9.145975496016703,8.373574585065205,True
2025-09-17,Nutresa,0.0,10.418739195936542,9.145975496016703,7.871160109961292,True
2025-09-18,Nutresa,0.0,5.880066019165035,9.145975496016703,7.3988905033636145,True
2025-09-19,Nutresa,0.0,4.213857127438571,9.145975496016703,6.954957073161797,True
2025-09-22,Nutresa,0.0,3.6021690937910007,9.145975496016703,6.537659648772089,True
2025-09-23,Nutresa,0.0372589665702424,3.3776100649888336,9.145975496016703,6.145400069845763,True
2025-09-24,Nutresa,0.0,12.093354597744979,9.145975496016703,6.609614419584482,True
2025-09-25,Nutresa,0.0,6.494840197441536,9.145975496016703,6.213037554409413,True
2025-09-26,Nutresa,0.06555052729597863,4.439549122070531,9.145975496016703,5.840255301144849,True
2025-09-29,Nutresa,0.0,30.900909250200804,9.145975496016703,8.067962960344662,True
2025-09-30,Nutresa,-0.16197816971712412,13.399350298308612,9.145975496016703,7.583885182723982,True
2025-10-01,Nutresa,0.16197816971712417,172.9709161919329,9.145975496016703,22.871008550706236,True
2025-10-02,Nutresa,0.0,231.65842581130582,9.145975496016703,37.24090451660956,True
2025-10-03,Nutresa,0.0,87.10017566000136,9.145975496016703,35.00645024561299,True
2025-10-06,Nutresa,0.08269171584511341,34.03086831105144,9.145975496016703,32.90606323087621,True
2025-10-07,Nutresa,0.05657035148839424,57.8518748253013,9.145975496016703,35.034451358669024,True
2025-10-08,Nutresa,0.0,43.56569257469178,9.145975496016703,34.852507077661166,True
2025-10-09,Nutresa,0.014888612493750559,18.048765174677065,9.145975496016703,32.76135665300149,True
2025-10-10,Nutresa,0.06160935847897423,10.088976460341804,9.145975496016703,30.92867772301484,True
2025-10-14,Nutresa,0.0,29.801829976023043,9.145975496016703,31.3503848909484,True
2025-10-15,Nutresa,0.027862044351517817,12.995863290537343,9.145975496016703,29.469361797491494,True
2025-10-16,Nutresa,0.07796154146971192,11.748388102129933,9.145975496016703,28.166976198909573,True
2025-10-17,Nutresa,0.08770558041910545,44.86069871238743,9.145975496016703,30.123758795975167,True
2025-10-20,Nutresa,0.09738990325757428,67.23636138191341,9.145975496016703,32.931694570207966,True
2025-10-21,Nutresa,0.024625047305389194,86.7986019273599,9.145975496016703,36.6466688499073,True
2025-10-22,Nutresa,-0.18910124377933335,37.76603842016274,9.145975496016703,34.811704491788454,True
2025-10-23,Nutresa,-0.15415067982725836,242.17300589155403,9.145975496016703,54.178570461615685,True
2025-10-24,Nutresa,0.04652001563489291,241.2986812501762,9.145975496016703,65.1853154886423,True
2025-10-27,Nutresa,0.08701137698962969,104.35092253251162,9.145975496016703,62.57266367212617,True
2025-10-28,Nutresa,-0.021138519202564796,88.30818411765895,9.145975496016703,63.36089168717748,True
2025-10-29,Nutresa,0.09345918078219095,37.295358672744904,9.145975496016703,59.827340382393146,True
2025-10-30,Nutresa,0.09425253824618929,71.05780371078453,9.145975496016703,61.47847104293651,True
2025-10-31,Nutresa,-0.03788685886449241,84.39522946730543,9.145975496016703,63.11988735986995,True
2025-11-04,Nutresa,0.0,42.10991734068092,9.145975496016703,60.19394256304853,True
2025-11-05,Nutresa,-0.048643633287786515,17.514330209921685,9.145975496016703,56.582306009265615,True
2025-11-06,Nutresa,0.0,23.444322578631066,9.145975496016703,54.60708948437167,True
2025-11-07,Nutresa,-0.023347363996991177,10.661935523064482,9.145975496016703,51.33066411530937,True
2025-11-10,Nutresa,0.04239555896768555,9.411523164054048,9.145975496016703,48.5778839117556,True
2025-11-11,Nutresa,0.0,16.899649253646494,9.145975496016703,46.741640929159765,True
2025-11-12,Nutresa,-0.007575793808457656,8.259296588112306,9.145975496016703,43.93714247341018,True
2025-11-13,Nutresa,0.0,5.4480423334374315,9.145975496016703,41.335349516102525,True
2025-11-14,Nutresa,0.0,4.055255333795474,9.145975496016703,38.85522854513637,True
2025-11-18,Nutresa,0.0,3.5439442098834375,9.145975496016703,36.52391483242818,True
2025-11-19,Nutresa,0.0,3.3562349151360005,9.145975496016703,34.33247994248249,True
2025-11-20,Nutresa,0.0,3.2873242701553105,9.145975496016703,32.27253114593354,True
2025-11-21,Nutresa,0.0,3.2620262315150605,9.145975496016703,30.33617927717753,True
2025-11-24,Nutresa,-0.030890487019338445,3.252738976124795,9.145975496016703,28.516008520546876,True
2025-11-25,Nutresa,0.027080958602670614,9.278305856394583,9.145975496016703,27.377581322289213,True
2025-11-26,Nutresa,0.0037334798976759002,10.111760547287675,9.145975496016703,26.174953434255595,True
2025-11-27,Nutresa,0.0,5.856815815755219,9.145975496016703,24.61281955148807,True
2025-11-28,Nutresa,0.0,4.205321660321408,9.145975496016703,23.136050378398785,True
2025-12-01,Nutresa,0.0,3.599035607273742,9.145975496016703,21.747887355694857,True
2025-12-02,Nutresa,-0.0006846970483173513,3.3764597193054557,9.145975496016703,20.443014114353165,True
2025-12-03,Nutresa,0.03793197769285892,3.2974907833597547,9.145975496016703,19.21671455352076,True
2025-12-04,Nutresa,-0.06102769248750815,12.384431163297306,9.145975496016703,18.927012639324442,True
2025-12-05,Nutresa,-0.012145105210569935,30.152702867707546,9.145975496016703,20.02601943117489,True
2025-12-09,Nutresa,0.024529164410291602,14.054206773418205,9.145975496016703,18.912960413649884,True
2025-12-10,Nutresa,0.0,11.030717955719666,9.145975496016703,18.13919073283116,True
2025-12-11,Nutresa,0.011472401162236781,6.1047317775009775,9.145975496016703,17.05083928886129,True
2025-12-12,Nutresa,0.007575793808457723,5.133090007228443,9.145975496016703,16.106758524585988,True
2025-12-15,Nutresa,0.0,4.305355369910989,9.145975496016703,15.174788604207787,True
2025-12-16,Nutresa,0.0,3.6357593478690293,9.145975496016703,14.26430128795532,True
2025-12-17,Nutresa,0.0,3.3899415058836313,9.145975496016703,13.408443210678,True
2025-12-18,Nutresa,0.0037664827954768648,3.299698419829916,9.145975496016703,12.603936618037318,True
2025-12-19,Nutresa,0.0,3.3575921848491435,9.145975496016703,11.856212256544252,True
2025-12-22,Nutresa,0.028170876966696224,3.2878225423984153,9.145975496016703,11.144839521151596,True
2025-12-23,Nutresa,0.008806141111498604,8.294055103522986,9.145975496016703,10.95230813532614,True
2025-12-24,Nutresa,0.020014297423993386,5.593754917531116,9.145975496016703,10.341698519971946,True
2025-12-29,Nutresa,0.0,6.650500949861771,9.145975496016703,9.96153986959927,True
2025-12-30,Nutresa,0.0,4.496694309589831,9.145975496016703,9.363847477423313,True
2025-12-31,Nutresa,0.0,3.706002485061203,9.145975496016703,8.802016628777913,True
2026-01-02,Nutresa,0.004034404028237583,3.4157287206078286,9.145975496016703,8.273895631051237,True
2026-01-05,Nutresa,0.01729674437426864,3.413504132823329,9.145975496016703,7.787227742705999,True
2026-01-06,Nutresa,0.0004164642248018551,5.207493377057902,9.145975496016703,7.499500497712915,True
2026-01-07,Nutresa,0.002772004547010492,3.9681812731832204,9.145975496016703,7.0496345333204635,True
2026-01-08,Nutresa,6.920175775233046e-05,3.5615214028325495,9.145975496016703,6.631266866846423,True
2026-01-09,Nutresa,0.0,3.362740824085656,9.145975496016703,6.233393728165604,True
2026-01-13,Nutresa,0.0,3.289712678158812,9.145975496016703,5.8593901044756675,True
2026-01-14,Nutresa,-0.018014730999072758,3.262903048703148,9.145975496016703,5.507826698207127,True
2026-01-15,Nutresa,0.055301315785089324,5.301041928721778,9.145975496016703,5.372075416096071,True
2026-01-16,Nutresa,0.0,23.374643394985217,9.145975496016703,6.8846922076676105,True
2026-01-19,Nutresa,0.0,10.636355343387049,9.145975496016703,6.471610675207553,True
2026-01-20,Nutresa,0.02955880224154443,5.959955878104649,9.145975496016703,6.0833140346951,True
2026-01-21,Nutresa,0.0,9.782585379626333,9.145975496016703,6.242548866586233,True
2026-01-22,Nutresa,0.0,5.646525267505146,9.145975496016703,5.867995934591059,True
2026-01-23,Nutresa,0.0,4.128121128867951,9.145975496016703,5.515916178515595,True
2026-01-26,Nutresa,-0.02955880224154439,3.5706942381238145,9.145975496016703,5.184961207804659,True
2026-01-27,Nutresa,0.0001999800026662447,8.886000110224838,9.145975496016703,5.398097209309218,True
2026-01-28,Nutresa,0.014688632491084349,5.317695487906516,9.145975496016703,5.074235371951544,True
2026-01-29,Nutresa,0.0,5.377726819250773,9.145975496016703,4.899234804309335,True
2026-01-30,Nutresa,0.0,4.029441548488406,9.145975496016703,4.605280716050774,True
2026-02-02,Nutresa,0.0,3.5344676168500633,9.145975496016703,4.328963873087727,True
2026-02-03,Nutresa,-0.03169573081013185,3.3527559284452884,9.145975496016703,4.069226040702463,True
2026-02-04,Nutresa,0.0782157464450248,9.63371521730158,9.145975496016703,4.427844089213321,True
2026-02-05,Nutresa,0.0,44.33571956326571,9.145975496016703,7.83279523903197,True
2026-02-06,Nutresa,0.0,18.33145259570523,9.145975496016703,7.362827524690052,True
2026-02-09,Nutresa,0.0,8.784931144033106,9.145975496016703,6.921057873208648,True
2026-02-10,Nutresa,0.0,5.280272776199648,9.145975496016703,6.505794400816129,True
2026-02-11,Nutresa,-0.06140862812864349,3.9936648387007265,9.145975496016703,6.1154467367671606,True
2026-02-12,Nutresa,-6.666888898765192e-05,27.367393086584542,9.145975496016703,8.011131697746347,True
2026-02-13,Nutresa,-0.03383488278669368,12.102154460414864,9.145975496016703,7.530466462726021,True
2026-02-16,Nutresa,0.0,13.732214626627997,9.145975496016703,7.76551805087604,True
2026-02-17,Nutresa,0.050430853626891904,7.096488090133028,9.145975496016703,7.299586967823478,True
2026-02-18,Nutresa,0.0,20.773033200122903,9.145975496016703,8.387574348276267,True
2026-02-19,Nutresa,-0.015263436829976973,9.681268719906198,9.145975496016703,7.884319887379691,True
2026-02-20,Nutresa,0.0,7.07875874289223,9.145975496016703,7.551044196454528,True
2026-02-23,Nutresa,0.020495626660279164,4.65391359260639,9.145975496016703,7.097981544667256,True
2026-02-24,Nutresa,0.0,6.429034811156804,9.145975496016703,6.924145079305748,True
2026-02-25,Nutresa,0.0,4.415391066295052,9.145975496016703,6.5086963745474025,True
2026-02-26,Nutresa,0.0,3.6761549543781666,9.145975496016703,6.118174592074558,True
2026-02-27,Nutresa,0.0,3.4047712845724076,9.145975496016703,5.751084116550084,True
2026-03-02,Nutresa,-0.001958864485333034,3.305142634064163,9.145975496016703,5.406019069557079,True
2026-03-03,Nutresa,-0.019802627296179754,3.2922077627394577,9.145975496016703,5.083960215426793,True
2026-03-04,Nutresa,0.0,5.739128424010054,9.145975496016703,5.014209031200028,True
2026-03-05,Nutresa,0.0,4.1621170119731925,9.145975496016703,4.713356489328025,True
2026-03-06,Nutresa,0.014560151331329652,3.583174590972736,9.145975496016703,4.430555099968344,True
2026-03-09,Nutresa,0.0,4.717134886783473,9.145975496016703,4.291920598044975,True
2026-03-12,Nutresa,0.0,3.786929230722725,9.145975496016703,4.034405362162276,True
2026-03-13,Nutresa,-0.0013149245813090288,3.4454380338692054,9.145975496016703,3.792341040432539,True
2026-03-16,Nutresa,0.0,3.33058200502304,9.145975496016703,3.565837993999305,True
2026-03-17,Nutresa,0.0,3.277906736602194,9.145975496016703,3.3518877143593464,True
2026-03-18,Nutresa,0.0,3.2585689263659163,9.145975496016703,3.1507744514977856,True
2026-03-19,Nutresa,0.0,3.2514697522004115,9.145975496016703,2.961727984407918,True
2026-03-20,Nutresa,0.0,3.2488635484360566,9.145975496016703,2.784024305343443,True
2026-03-24,Nutresa,0.0,3.247906775450497,9.145975496016703,2.6169828470228365,True
2026-03-25,Nutresa,0.0,3.2475555310242488,9.145975496016703,2.459963876201466,True
2026-03-26,Nutresa,0.0,3.247426584399676,9.145975496016703,2.3123660436293783,True
2026-03-27,Nutresa,0.0,3.2473792463332294,9.145975496016703,2.1736240810116154,True
2026-03-30,Nutresa,0.0,3.2473618678827094,9.145975496016703,2.0432066361509182,True
2026-03-31,Nutresa,0.0,3.2473554880162476,9.145975496016703,1.9206142379818631,True
2026-04-01,Nutresa,0.00013157029161794425,3.247353145880162,9.145975496016703,1.8053773837029512,True
2026-04-02,Nutresa,0.0,3.2475051411415485,9.145975496016703,1.697065127125756,True
2026-04-03,Nutresa,0.0,3.2474080855857412,9.145975496016703,1.5952412194982106,True
2026-04-06,Nutresa,-0.010314823005818846,3.2473724551660617,9.145975496016703,1.499526746328318,True
2026-04-07,Nutresa,0.023255334281553644,3.9173279831313774,9.145975496016703,1.4733924857334406,True
2026-04-08,Nutresa,0.0,6.923678445564864,9.145975496016703,1.709475280117517,True
2026-04-09,Nutresa,0.0,4.596981498076895,9.145975496016703,1.606906763310466,True
2026-04-10,Nutresa,0.0,3.7428192812206165,9.145975496016703,1.5104923575118379,True
2026-04-13,Nutresa,0.0,3.429244669154124,9.145975496016703,1.4198628160611275,True
2026-04-14,Nutresa,0.0,3.3141271476901704,9.145975496016703,1.3346710470974599,True
2026-04-15,Nutresa,-0.006514681021193642,3.2718659338097753,9.145975496016703,1.2545907842716122,True
2026-04-16,Nutresa,0.003979001368618789,3.5228111130869895,9.145975496016703,1.2047799785000557,True
2026-04-17,Nutresa,0.002535679652575028,3.449987521618239,9.145975496016703,1.1419926509249345,True
2026-04-20,Nutresa,0.0,3.3632690972324455,9.145975496016703,1.0773308946497282,True
2026-04-21,Nutresa,0.0,3.2899066144437477,9.145975496016703,1.0126910409707444,True
2026-04-22,Nutresa,0.0,3.2629742453612467,9.145975496016703,0.9519295785124996,True
2026-04-23,Nutresa,0.0,3.2530870049513867,9.145975496016703,0.8948138038017496,True
2026-04-24,Nutresa,-0.014718172474021534,3.2494572640020145,9.145975496016703,0.8411249755736445,True
2026-04-27,Nutresa,0.014783105430766552,4.614268733871589,9.145975496016703,0.9206322376242531,True
2026-04-28,Nutresa,-0.0006495193785115101,5.137141682093831,9.145975496016703,0.9965184270730936,True
2026-04-29,Nutresa,-0.0029932349261174627,3.9435757048775977,9.145975496016703,0.936980446702545,True
2026-04-30,Nutresa,0.0,3.5586632349135088,9.145975496016703,0.8861372930941499,True
2026-05-04,Nutresa,0.0,3.361638470189968,9.145975496016703,0.8329690555085009,True
2026-05-05,Nutresa,0.0,3.2893079889927743,9.145975496016703,0.7829909121779908,True
2026-05-06,Nutresa,-0.02293950697215652,3.2627544817848935,9.145975496016703,0.7360114574473113,True
2026-05-07,Nutresa,0.015351323770010757,6.5758380216625865,9.145975496016703,1.0075833580758435,True
2026-05-08,Nutresa,-0.0019060770173231617,5.965816261526209,9.145975496016703,1.0885262414863113,True
2026-05-11,Nutresa,-6.579163790653213e-05,4.2677035325593575,9.145975496016703,1.025394544754713,True
2026-05-12,Nutresa,0.0032842909185510963,3.621942588014071,9.145975496016703,0.9638734691932013,True
2026-05-13,Nutresa,0.0,3.4542167033953337,9.145975496016703,0.9125130011442155,True
2026-05-14,Nutresa,-0.020873434519365172,3.323294722414464,9.145975496016703,0.8577622210755625,True
2026-05-15,Nutresa,0.0038095284166676487,6.0258498596022925,9.145975496016703,1.0677166489915644,True
2026-05-19,Nutresa,0.0007335045172670139,4.360477697078137,9.145975496016703,1.0123611541065096,True
2026-05-20,Nutresa,-0.0001333244452344963,3.659642003205067,9.145975496016703,0.9519423021862297,True
2026-05-21,Nutresa,0.009422138578904886,3.3987777778300674,9.145975496016703,0.8948364292996741,True
2026-05-22,Nutresa,-0.004965417861963449,3.8678986017537733,9.145975496016703,0.8944122607817464,True
2026-05-25,Nutresa,-0.004456720716941318,3.629569451570135,9.145975496016703,0.8555407498611849,True
2026-05-26,Nutresa,0.013245226750020723,3.5119086334834053,9.145975496016703,0.8161257205988022,True
2026-05-27,Nutresa,-0.0033609046760441096,4.45914371055011,9.145975496016703,0.8724197963585527,True
2026-05-28,Nutresa,0.005923408131537188,3.7625999431175368,9.145975496016703,0.8268520167219127,True
2026-06-01,Nutresa,-0.002036326121595623,3.660515061380461,9.145975496016703,0.7982929540542545,True
2026-06-02,Nutresa,0.0,3.424602960128008,9.145975496016703,0.7528833512550949,True
2026-06-03,Nutresa,0.0,3.312423112931355,9.145975496016703,0.7077103501797891,True
2026-06-04,Nutresa,0.0,3.271240359383866,9.145975496016703,0.6652477291690018,True
2026-06-05,Nutresa,0.006031223212261815,3.25612160827004,9.145975496016703,0.6253328654188616,True
2026-06-08,Nutresa,0.0,3.4827726357194893,9.145975496016703,0.6096382855554053,True
2026-06-09,Nutresa,0.003197496932881124,3.33377799505757,9.145975496016703,0.573059988422081,True
2026-06-10,Nutresa,0.0033171840883124194,3.3448384910212408,9.145975496016703,0.5448107810982266,True
2026-06-11,Nutresa,0.0,3.3538731017744046,9.145975496016703,0.5187243603977848,True
2026-06-17,Nutresa,0.0,3.2864572162233747,9.145975496016703,0.4876008987739177,True
2026-06-18,Nutresa,0.0,3.261707924178372,9.145975496016703,0.4583448448474826,True
2026-06-19,Nutresa,0.0,3.2526221211555044,9.145975496016703,0.43084415415663363,True
2026-06-22,Nutresa,0.01239045278567626,3.2492865988132795,9.145975496016703,0.40499350490723557,True
2026-06-23,Nutresa,-0.017337735366857128,4.223767724113929,9.145975496016703,0.47280788675324503,True
2026-06-24,Nutresa,-0.011089716328636041,5.502539624837809,9.145975496016703,0.6247976541387515,True
2026-06-25,Nutresa,0.012524343245707016,4.849947650621974,9.145975496016703,0.6610988798401967,True
2026-06-26,Nutresa,0.0035126556641099905,4.832548473433418,9.145975496016703,0.7155484512915571,True
2026-06-29,Nutresa,0.0,3.908545358356543,9.145975496016703,0.6800187941028261,True
2026-06-30,Nutresa,0.0,3.4900849748029326,9.145975496016703,0.6392176664566565,True
2026-07-01,Nutresa,0.0,3.336462454573736,9.145975496016703,0.600864606469257,True
2026-07-02,Nutresa,-0.026317308317373417,3.2800655299206607,9.145975496016703,0.5648127300811016,True
2026-07-03,Nutresa,-0.005146554152879116,7.634076199576204,9.145975496016703,0.9464843965192511,True
2026-07-06,Nutresa,0.04237811075820659,5.02371729163764,9.145975496016703,0.9055875445172064,True
2026-07-07,Nutresa,0.0,15.27945873679932,9.145975496016703,1.92879485470707,True
2026-07-08,Nutresa,-0.001607045632398511,7.664502528192366,9.145975496016703,1.8130671634246456,True
2026-07-09,Nutresa,-0.004513515947876263,4.884764174814433,9.145975496016703,1.7058326910179336,True
2026-07-10,Nutresa,-0.015500147510905142,3.9759134086287826,9.145975496016703,1.6157058252838974,True
2026-07-14,Nutresa,0.01291181941905376,5.030254232919607,9.145975496016703,1.662916219482755,True
2026-07-15,Nutresa,0.008708889672126248,4.961245683652452,9.145975496016703,1.6631702947399418,True
2026-07-16,Nutresa,0.02040822284108711,4.359422725956682,9.145975496016703,1.6088869326483057,True
2026-07-17,Nutresa,-0.020215550800415334,6.298267776841773,9.145975496016703,1.7622510524082893,True
2026-07-21,Nutresa,-0.002443259750753686,6.947139176140148,9.145975496016703,1.9017170857622958,True
2026-07-22,Nutresa,-0.0013527879152615086,4.6425704788691,9.145975496016703,1.7911957715423499,True
2026-07-23,Nutresa,0.0066176475885426165,3.770692479259293,9.145975496016703,1.6848220463360153,True
2026-07-24,Nutresa,0.0,3.7188166281124815,9.145975496016703,1.6100086793195407,True
2026-07-27,Nutresa,0.021538904372423444,3.420432967479176,9.145975496016703,1.5134081585603683,True
2026-07-28,Nutresa,-0.016492743749243276,6.2540945716158625,9.145975496016703,1.7009583099853873,True
2026-07-29,Nutresa,6.37125290904528e-05,6.067258531689021,9.145975496016703,1.762107169213186,True
2026-07-30,Nutresa,-0.012565878897806363,4.282624712097471,9.145975496016703,1.6563831746322126,True
2026-07-31,Nutresa,0.012820688429061469,4.622615222103144,9.145975496016703,1.6517409716388811,True
2026-08-03,Nutresa,-6.36962960819532e-05,4.796724479461804,9.145975496016703,1.6512585444175907,True
2026-08-04,Nutresa,-0.00031854235289894135,3.8161523729697455,9.145975496016703,1.5521854660834158,True
2026-08-05,Nutresa,0.0003185423528989545,3.4567036058733502,9.145975496016703,1.459115219656765,True
2026-08-06,Nutresa,-0.0008921744155389614,3.3249547105930137,9.145975496016703,1.3716291880157132,True
2026-08-07,Nutresa,0.0,3.280584897311628,9.145975496016703,1.2898090218474156,True
2026-08-10,Nutresa,0.0008921744155390294,3.259552115728475,9.145975496016703,1.2124204805365706,True
2026-08-11,Nutresa,-0.0015299295391960732,3.2571619136830097,9.145975496016703,1.1401528368170217,True
2026-08-12,Nutresa,0.0012113871862970882,3.2652636141669786,9.145975496016703,1.0731480772449433,True
2026-08-13,Nutresa,0.0,3.2636134596133397,9.145975496016703,1.0096396679593214,True
2026-08-14,Nutresa,0.0,3.2533216692308082,9.145975496016703,0.949061287881762,True
2026-08-18,Nutresa,-0.0004461298311781861,3.249543412462966,9.145975496016703,0.8921176106088563,True
2026-08-19,Nutresa,0.0,3.249269193565037,9.145975496016703,0.8387099730680851,True
2026-08-20,Nutresa,0.0,3.2480556933158002,9.145975496016703,0.788387374684,True
2026-08-21,Nutresa,0.0003186844732029365,3.247610200805844,9.145975496016703,0.74108413220296,True
2026-08-24,Nutresa,-0.0010839418283217779,3.248194286676669,9.145975496016703,0.6966800201468587,True
2026-08-25,Nutresa,0.0,3.2547403424765973,9.145975496016703,0.6555841768703584,True
2026-08-26,Nutresa,0.0006377551236571413,3.2500642267812756,9.145975496016703,0.6162491262581369,True
2026-08-27,Nutresa,0.0,3.251131585073413,9.145975496016703,0.5795182176412992,True
2026-08-28,Nutresa,0.0,3.2487394026665886,9.145975496016703,0.5447471245828212,True
2026-08-31,Nutresa,0.0004461867046645717,3.2478611998435074,9.145975496016703,0.5120622971078519,True
2026-09-01,Nutresa,-0.009090389722062985,3.2489455992570146,9.145975496016703,0.4814580088266324,True
2026-09-02,Nutresa,0.005579262236130169,3.7679321943707924,9.145975496016703,0.5021516394764275,True
2026-09-03,Nutresa,0.0,3.6373059318474876,9.145975496016703,0.49069944136754673,True
2026-09-04,Nutresa,-0.0009597236732676929,3.3905092779783255,9.145975496016703,0.4612574748854939,True
2026-09-08,Nutresa,0.011329762844815553,3.3054203496230428,9.145975496016703,0.4341346681097825,True
2026-09-09,Nutresa,0.0,4.084793231843843,9.145975496016703,0.4851047036950534,True
2026-09-10,Nutresa,-0.0033600690946486798,3.554787975551119,9.145975496016703,0.4559984214733501,True
2026-09-11,Nutresa,0.00651962938501721,3.4305633378084,9.145975496016703,0.435412554777437,True
2026-09-14,Nutresa,-0.031077304740841607,3.5857686913812,9.145975496016703,0.4347911418815787,True
2025-01-02,Banco Davivienda PF,0.0,2.1322872513746187,3.76492112968398,1.2990792127271147,True
2025-01-03,Banco Davivienda PF,0.030288311589188027,2.0382862080291435,3.76492112968398,1.2211344599634877,True
2025-01-07,Banco Davivienda PF,0.05899829267009883,3.079079478479789,3.76492112968398,1.698295483719924,True
2025-01-08,Banco Davivienda PF,0.01755342777466035,6.940450112126344,3.76492112968398,3.684876877488713,True
2025-01-09,Banco Davivienda PF,-0.02277537731361193,6.311407656523369,3.76492112968398,3.6486579608235203,True
2025-01-10,Banco Davivienda PF,-0.005249361502446923,5.974940210362189,3.76492112968398,3.7409691702405428,True
2025-01-13,Banco Davivienda PF,0.0,5.165548178749173,3.76492112968398,3.533044497736133,True
2025-01-14,Banco Davivienda PF,-0.006335738904625087,4.489060308490086,3.76492112968398,3.321061827871965,True
2025-01-15,Banco Davivienda PF,-0.012793407984758615,3.9776406678506797,3.76492112968398,3.145883070680195,True
2025-01-16,Banco Davivienda PF,-0.002148165048718431,3.6959570788422016,3.76492112968398,3.0553328591580744,True
2025-01-17,Banco Davivienda PF,0.003220574180736747,3.303181534046897,3.76492112968398,2.874781655454511,True
2025-01-20,Banco Davivienda PF,0.009600061902004802,3.002104710169645,3.76492112968398,2.708518014959417,True
2025-01-21,Banco Davivienda PF,0.0,2.8649893664924315,3.76492112968398,2.601303647175246,True
2025-01-22,Banco Davivienda PF,0.00845667585536066,2.6302851853930687,3.76492112968398,2.445225428344731,True
2025-01-23,Banco Davivienda PF,-0.014846502386685159,2.53861304861361,3.76492112968398,2.341421122557631,True
2025-01-24,Banco Davivienda PF,-0.001068861136210039,2.595325542908978,3.76492112968398,2.3331870350748822,True
2025-01-27,Banco Davivienda PF,0.005333351193079631,2.41181694536988,3.76492112968398,2.193881291447489,True
2025-01-28,Banco Davivienda PF,0.02831858420120531,2.3066238429568005,3.76492112968398,2.079315194929874,True
2025-01-29,Banco Davivienda PF,0.008238942037355488,3.158655464757984,3.76492112968398,2.4357216099305345,True
2025-01-30,Banco Davivienda PF,0.005115105999466312,2.9609187019418224,3.76492112968398,2.330306412871644,True
2025-01-31,Banco Davivienda PF,-0.007168434118325193,2.747248214607144,3.76492112968398,2.2061866137308113,True
2025-02-03,Banco Davivienda PF,-0.0165807284904269,2.5818491201583926,3.76492112968398,2.1046472855322236,True
2025-02-04,Banco Davivienda PF,-0.0010455007905030914,2.6902835046113953,3.76492112968398,2.143320782764243,True
2025-02-05,Banco Davivienda PF,-0.0020941797002153894,2.488524405734926,3.76492112968398,2.0153773789401535,True
2025-02-06,Banco Davivienda PF,-0.0031496762982337954,2.327447336990059,3.76492112968398,1.8970860893738206,True
2025-02-07,Banco Davivienda PF,0.004197260991939711,2.2018250161802695,3.76492112968398,1.7892132004815846,True
2025-02-10,Banco Davivienda PF,0.0,2.122383843455424,3.76492112968398,1.6924306083533647,True
2025-02-11,Banco Davivienda PF,-0.011585100407072089,2.030284583303878,3.76492112968398,1.5908847718521626,True
2025-02-12,Banco Davivienda PF,0.001058676128046313,2.090601223760676,3.76492112968398,1.575960416406198,True
2025-02-13,Banco Davivienda PF,-0.002118582306825916,2.0077973142906402,3.76492112968398,1.482075268508283,True
2025-02-14,Banco Davivienda PF,-0.0010610307719559945,1.939111228413989,3.76492112968398,1.3958437869922635,True
2025-02-17,Banco Davivienda PF,0.04565110570039073,1.8816122615049973,3.76492112968398,1.3127686315521503,True
2025-02-18,Banco Davivienda PF,0.03879155562415086,4.3312407397789165,3.76492112968398,2.4844165846599706,True
2025-02-19,Banco Davivienda PF,-0.07598598546918087,5.627283267882422,3.76492112968398,3.2382224622253273,True
2025-02-20,Banco Davivienda PF,0.11332868530700327,11.413797176013311,3.76492112968398,6.50825110712535,True
2025-02-21,Banco Davivienda PF,-0.0037664676155631325,24.616066897062847,3.76492112968398,13.823790588746103,True
2025-02-24,Banco Davivienda PF,-0.021936963023310326,20.214126974073018,3.76492112968398,13.002874920400787,True
2025-02-25,Banco Davivienda PF,0.0,17.165955611361742,3.76492112968398,12.51144063318839,True
2025-02-26,Banco Davivienda PF,0.012458208997014324,14.184991003210117,3.76492112968398,11.760754195197086,True
2025-02-27,Banco Davivienda PF,-0.019231283718467152,11.978526036090305,3.76492112968398,11.148233126333233,True
2025-02-28,Banco Davivienda PF,-0.01960849098038133,10.387688177281786,3.76492112968398,10.701244502829345,True
2025-03-03,Banco Davivienda PF,-0.020000687090271103,9.118638381545852,3.76492112968398,10.289865583776203,True
2025-03-04,Banco Davivienda PF,0.0010096128067360014,8.11057964469842,3.76492112968398,9.912490139199393,True
2025-03-05,Banco Davivienda PF,0.00904073334048441,6.871534660655336,3.76492112968398,9.318352321659145,True
2025-03-06,Banco Davivienda PF,0.009950340943050766,5.97828335978833,3.76492112968398,8.808292097959843,True
2025-03-07,Banco Davivienda PF,0.018637124822081776,5.278201324626056,3.76492112968398,8.339200143012022,True
2025-03-10,Banco Davivienda PF,-0.008784818487028312,5.015730674571946,3.76492112968398,8.047253587411614,True
2025-03-11,Banco Davivienda PF,-0.01680717589141921,4.441683453179061,3.76492112968398,7.610722193676938,True
2025-03-12,Banco Davivienda PF,0.02169716605925106,4.201319883685569,3.76492112968398,7.323567558923383,True
2025-03-13,Banco Davivienda PF,0.0029225176911831185,4.294077240902834,3.76492112968398,7.16661371438961,True
2025-03-14,Banco Davivienda PF,0.0019436767863128261,3.800061593988611,3.76492112968398,6.7417415573194,True
2025-03-17,Banco Davivienda PF,0.004842629255479896,3.393645280724333,3.76492112968398,6.339503791550026,True
2025-03-18,Banco Davivienda PF,-0.019512833624893255,3.0932468547919436,3.76492112968398,5.973204198920642,True
2025-03-19,Banco Davivienda PF,0.01661001185594408,3.220808685991366,3.76492112968398,5.843262352629061,True
2025-03-20,Banco Davivienda PF,-0.015625254144604816,3.2670423507903807,3.76492112968398,5.658202107784079,True
2025-03-21,Banco Davivienda PF,0.0,3.2099643837860254,3.76492112968398,5.465199121567128,True
2025-03-24,Banco Davivienda PF,0.0,2.9090135433985216,3.76492112968398,5.1372871742731,True
2025-03-25,Banco Davivienda PF,-0.011881380236110413,2.6658552583735506,3.76492112968398,4.829049943816713,True
2025-03-26,Banco Davivienda PF,0.004967725232353081,2.611644128679193,3.76492112968398,4.624007264976732,True
2025-03-27,Banco Davivienda PF,0.014756800336489117,2.4630611267152362,3.76492112968398,4.361373805468623,True
2025-03-28,Banco Davivienda PF,-0.01376618965503931,2.58416379735485,3.76492112968398,4.230349270843109,True
2025-03-31,Banco Davivienda PF,0.014742296502885386,2.5982592521923835,3.76492112968398,4.090233101163629,True
2025-04-01,Banco Davivienda PF,0.013566093306847183,2.692877888626715,3.76492112968398,3.975220298801203,True
2025-04-02,Banco Davivienda PF,-0.003857269573871004,2.728656818457945,3.76492112968398,3.8471304134391815,True
2025-04-03,Banco Davivienda PF,0.03232212224567287,2.5304658351159266,3.76492112968398,3.625229705772137,True
2025-04-04,Banco Davivienda PF,-0.009398479275525607,3.6278719015098773,3.76492112968398,4.034547675304342,True
2025-04-07,Banco Davivienda PF,0.014995533731074253,3.3321660960984634,3.76492112968398,3.845473662401572,True
2025-04-08,Banco Davivienda PF,-0.023530522238234347,3.2950257484636416,3.76492112968398,3.749664861785349,True
2025-04-09,Banco Davivienda PF,0.01418465002865698,3.5769543165366633,3.76492112968398,3.8568962561606526,True
2025-04-10,Banco Davivienda PF,-0.06297476567055628,3.463949635966893,3.76492112968398,3.7462050586523,True
2025-04-11,Banco Davivienda PF,0.015873385265358222,7.594993359712973,3.76492112968398,5.900925421890049,True
2025-04-14,Banco Davivienda PF,0.012714080499774271,6.772205724822498,3.76492112968398,5.698048512446141,True
2025-04-15,Banco Davivienda PF,0.003879717466708619,5.997159583051816,3.76492112968398,5.453154307472216,True
2025-04-16,Banco Davivienda PF,0.0038647234130438426,5.18534940524987,3.76492112968398,5.134996373596773,True
2025-04-17,Banco Davivienda PF,0.0,4.529272420391651,3.76492112968398,4.835858243416564,True
2025-04-18,Banco Davivienda PF,0.0,3.9749706252515677,3.76492112968398,4.54570674881157,True
2025-04-21,Banco Davivienda PF,-0.0028971167606841237,3.5271131820924824,3.76492112968398,4.272964343882876,True
2025-04-22,Banco Davivienda PF,0.0028971167606841623,3.16979812949833,3.76492112968398,4.021622454564926,True
2025-04-23,Banco Davivienda PF,0.02382201809403006,2.8914647496471075,3.76492112968398,3.7853610786060523,True
2025-04-24,Banco Davivienda PF,0.0037593876209718715,3.351586938096691,3.76492112968398,3.8987325415330667,True
2025-04-25,Banco Davivienda PF,0.003745307541642602,3.0465346238994817,3.76492112968398,3.6732883862119126,True
2025-04-28,Banco Davivienda PF,0.012999249272000132,2.799914907587056,3.76492112968398,3.4613074801880885,True
2025-04-29,Banco Davivienda PF,0.010096489441609579,2.7966837041485153,3.76492112968398,3.3550173203581606,True
2025-04-30,Banco Davivienda PF,0.0,2.711229368933117,3.76492112968398,3.214879740563391,True
2025-05-05,Banco Davivienda PF,-0.007332725163178029,2.5060522134438097,3.76492112968398,3.021986956129587,True
2025-05-06,Banco Davivienda PF,0.007332725163178088,2.3894362943087453,3.76492112968398,2.872929053753034,True
2025-05-07,Banco Davivienda PF,0.03146330116428209,2.3214495600735225,3.76492112968398,2.732814625519075,True
2025-05-08,Banco Davivienda PF,0.04752510190794952,3.39400794229453,3.76492112968398,3.1628093400805195,True
2025-05-09,Banco Davivienda PF,-0.020461075649036962,5.758803317369935,3.76492112968398,4.328221966492282,True
2025-05-12,Banco Davivienda PF,0.0017212076519315534,5.416696985440382,3.76492112968398,4.319722018532113,True
2025-05-13,Banco Davivienda PF,0.042917793910410854,4.698490665082399,3.76492112968398,4.062316230888826,True
2025-05-14,Banco Davivienda PF,-0.004127125240030518,6.321898020558703,3.76492112968398,4.923739477517397,True
2025-05-15,Banco Davivienda PF,-0.025975444257762326,5.4356982676055186,3.76492112968398,4.63853500651449,True
2025-05-16,Banco Davivienda PF,0.005080387373445307,5.442365777922223,3.76492112968398,4.765057128756492,True
2025-05-19,Banco Davivienda PF,0.0016878002547437165,4.751702948747529,3.76492112968398,4.49463990254966,True
2025-05-20,Banco Davivienda PF,0.0,4.161005895178047,3.76492112968398,4.226670710216628,True
2025-05-21,Banco Davivienda PF,-0.00846745972088957,3.6774235023136668,3.76492112968398,3.9730704676036304,True
2025-05-22,Banco Davivienda PF,0.005089091941337238,3.3546018024007505,3.76492112968398,3.777704964022345,True
2025-05-23,Banco Davivienda PF,-0.010204215272065047,3.064977088456168,3.76492112968398,3.566581980253434,True
2025-05-26,Banco Davivienda PF,-0.012903418410042996,2.894218534534552,3.76492112968398,3.4150626670294155,True
2025-05-27,Banco Davivienda PF,0.0,2.8236654625745823,3.76492112968398,3.3100578310064326,True
2025-05-28,Banco Davivienda PF,-0.004338406202000556,2.5968968433161277,3.76492112968398,3.1114543611460466,True
2025-05-29,Banco Davivienda PF,-0.008733599903879561,2.427714713346676,3.76492112968398,2.9360601605014174,True
2025-05-30,Banco Davivienda PF,-0.003515017335910451,2.349704860722538,3.76492112968398,2.805662011239959,True
2025-06-04,Banco Davivienda PF,-0.004210536872385043,2.2219750107614265,3.76492112968398,2.644735498688612,True
2025-06-05,Banco Davivienda PF,-0.012739039007915757,2.1237529273909086,3.76492112968398,2.4966885412195237,True
2025-06-06,Banco Davivienda PF,-0.005141422398025611,2.196566753990337,3.76492112968398,2.444257097653472,True
2025-06-09,Banco Davivienda PF,0.0008587561201517009,2.1116419272015023,3.76492112968398,2.3134622063592154,True
2025-06-10,Banco Davivienda PF,-0.016443468343464523,2.023995869968142,3.76492112968398,2.175096951222001,True
2025-06-11,Banco Davivienda PF,0.004353516005462857,2.234551896967783,3.76492112968398,2.2068237248461933,True
2025-06-12,Banco Davivienda PF,0.0,2.150653145041562,3.76492112968398,2.0857861623213143,True
2025-06-13,Banco Davivienda PF,-0.022848045761015037,2.053125240215446,3.76492112968398,1.9606389925820353,True
2025-06-16,Banco Davivienda PF,-0.022472878498239722,2.5380994831406323,3.76492112968398,2.1562205700855754,True
2025-06-17,Banco Davivienda PF,-0.004555821189185712,2.910920014001416,3.76492112968398,2.329865496678428,True
2025-06-18,Banco Davivienda PF,0.004555821189185764,2.68328583106579,3.76492112968398,2.202526870902422,True
2025-06-19,Banco Davivienda PF,0.0,2.5156648073270222,3.76492112968398,2.082828562672977,True
2025-06-20,Banco Davivienda PF,0.0,2.3480425419952473,3.76492112968398,1.957858848912598,True
2025-06-24,Banco Davivienda PF,0.006343425131620311,2.2126093180255317,3.76492112968398,1.840387317977842,True
2025-06-25,Banco Davivienda PF,0.017017875909242468,2.161138525634847,3.76492112968398,1.7541075043394547,True
2025-06-26,Banco Davivienda PF,0.016733107209661383,2.42747982108279,3.76492112968398,1.8226259143565127,True
2025-06-27,Banco Davivienda PF,0.0034874365326281417,2.6310330920539675,3.76492112968398,1.881266485629135,True
2025-06-30,Banco Davivienda PF,0.0,2.461581886970164,3.76492112968398,1.7756878246328525,True
2025-07-01,Banco Davivienda PF,-0.005235637100057614,2.304345338338388,3.76492112968398,1.6691465551548812,True
2025-07-02,Banco Davivienda PF,-0.004384053574278808,2.1996872942914107,3.76492112968398,1.585444899351688,True
2025-07-03,Banco Davivienda PF,-0.014159561326870379,2.1071620965620994,3.76492112968398,1.501850160835875,True
2025-07-04,Banco Davivienda PF,0.006219520704995395,2.2248776540082447,3.76492112968398,1.5320350573673645,True
2025-07-07,Banco Davivienda PF,-0.012477874669612136,2.1690263389878894,3.76492112968398,1.4633224166052425,True
2025-07-08,Banco Davivienda PF,-0.006297859728422287,2.2259853905014135,3.76492112968398,1.468941485371257,True
2025-07-09,Banco Davivienda PF,-0.004522852806718734,2.148664766403428,3.76492112968398,1.4046028185443113,True
2025-07-10,Banco Davivienda PF,0.006326318418614531,2.0671212055229,3.76492112968398,1.3326003679383986,True
2025-07-11,Banco Davivienda PF,-0.0027064195691818022,2.0433073228475336,3.76492112968398,1.2766577287023155,True
2025-07-14,Banco Davivienda PF,-0.006343425131620363,1.9700357239077646,3.76492112968398,1.2044530891108467,True
2025-07-15,Banco Davivienda PF,0.0,1.942451583101616,3.76492112968398,1.1563293292044796,True
2025-07-16,Banco Davivienda PF,0.0,1.8849052921480087,3.76492112968398,1.0869495694522109,True
2025-07-17,Banco Davivienda PF,0.006343425131620311,1.8384098000609623,3.76492112968398,1.0217325952850782,True
2025-07-18,Banco Davivienda PF,0.008097291896662617,1.858797741577633,3.76492112968398,0.9845720650082568,True
2025-07-21,Banco Davivienda PF,-0.00809729189666256,1.9077431973835974,3.76492112968398,0.9648374227436162,True
2025-07-22,Banco Davivienda PF,0.0,1.9183189742881566,3.76492112968398,0.9462868590148534,True
2025-07-23,Banco Davivienda PF,-0.006343425131620363,1.8654069456250228,3.76492112968398,0.8895096474739622,True
2025-07-24,Banco Davivienda PF,0.0,1.8579150047729724,3.76492112968398,0.8602824940658081,True
2025-07-25,Banco Davivienda PF,-0.026717396902395232,1.816602544158322,3.76492112968398,0.8086655444218596,True
2025-07-28,Banco Davivienda PF,0.003727854978204083,2.5622119203832003,3.76492112968398,1.1884371901006194,True
2025-07-29,Banco Davivienda PF,0.041008065624693654,2.408415959545458,3.76492112968398,1.1254691003376947,True
2025-07-30,Banco Davivienda PF,-0.029907070052866174,4.282537723669355,3.76492112968398,2.0669378220849426,True
2025-07-31,Banco Davivienda PF,0.023637414119873603,4.75809580454143,3.76492112968398,2.4795812562480735,True
2025-08-01,Banco Davivienda PF,-0.0036003493116840216,4.84928491951323,3.76492112968398,2.6660427886378293,True
2025-08-04,Banco Davivienda PF,0.0,4.242103295829317,3.76492112968398,2.5138577304192458,True
2025-08-05,Banco Davivienda PF,0.03281888979796602,3.7429475089486206,3.76492112968398,2.363026266594091,True
2025-08-06,Banco Davivienda PF,0.016443468343464593,4.645886494401818,3.76492112968398,2.8674924071410683,True
2025-08-07,Banco Davivienda PF,0.0,4.411783965704324,3.76492112968398,2.8576754534101174,True
2025-08-08,Banco Davivienda PF,0.015332479492845344,3.8800438554335472,3.76492112968398,2.68621492620551,True
2025-08-11,Banco Davivienda PF,0.01593325104509928,3.7501316125451187,3.76492112968398,2.6660929870722936,True
2025-08-12,Banco Davivienda PF,0.0016625464045364365,3.6679976707807667,3.76492112968398,2.65844850116765,True
2025-08-13,Banco Davivienda PF,0.02461160370079839,3.2852648429182523,3.76492112968398,2.500600027425933,True
2025-08-14,Banco Davivienda PF,0.008071076932798727,3.7154713037709506,3.76492112968398,2.714002647815469,True
2025-08-15,Banco Davivienda PF,0.0048114965734229985,3.4073359538036128,3.76492112968398,2.5902478586596343,True
2025-08-19,Banco Davivienda PF,-0.012072511590384749,3.103904647535461,3.76492112968398,2.4487232867056927,True
2025-08-20,Banco Davivienda PF,-0.0171503113600214,2.9705344484377236,3.76492112968398,2.3892472111633354,True
2025-08-21,Banco Davivienda PF,0.0008234017730472193,3.025562490307192,3.76492112968398,2.4223722863409427,True
2025-08-22,Banco Davivienda PF,0.0,2.7622812067692046,3.76492112968398,2.2774367434484004,True
2025-08-25,Banco Davivienda PF,-0.0008234017730472105,2.5473004030804036,3.76492112968398,2.1407905388414963,True
2025-08-26,Banco Davivienda PF,0.0008234017730472193,2.3729153520411237,3.76492112968398,2.0127499007989207,True
2025-08-27,Banco Davivienda PF,-0.014090625407747814,2.234963992227139,3.76492112968398,1.8923917010388998,True
2025-08-28,Banco Davivienda PF,0.02147072345447925,2.3260050186249863,3.76492112968398,1.8979756336054467,True
2025-08-29,Banco Davivienda PF,-0.0115038193896719,2.7671580425328046,3.76492112968398,2.0606922749843553,True
2025-09-01,Banco Davivienda PF,-0.004140796859624852,2.6839422297364175,3.76492112968398,2.0164534548154087,True
2025-09-02,Banco Davivienda PF,0.0,2.496457265205682,3.76492112968398,1.9057539667060914,True
2025-09-03,Banco Davivienda PF,-0.015050432363248226,2.332523485807345,3.76492112968398,1.791408728703726,True
2025-09-04,Banco Davivienda PF,0.015050432363248158,2.435508939653747,3.76492112968398,1.819833513573928,True
2025-09-05,Banco Davivienda PF,0.0057922761164322855,2.5725652684713305,3.76492112968398,1.846552811351917,True
2025-09-08,Banco Davivienda PF,0.02283948301911984,2.4432379614335202,3.76492112968398,1.7558899202361968,True
2025-09-09,Banco Davivienda PF,-0.024490962275927362,2.934575005382275,3.76492112968398,1.9635217157704234,True
2025-09-10,Banco Davivienda PF,0.01232049676342034,3.337424611532526,3.76492112968398,2.2055947527447364,True
2025-09-11,Banco Davivienda PF,-0.008196775420480022,3.2098539228333287,3.76492112968398,2.1643358518785227,True
2025-09-12,Banco Davivienda PF,0.0,2.9720807513479413,3.76492112968398,2.0747879771420825,True
2025-09-15,Banco Davivienda PF,0.0,2.716811468054003,3.76492112968398,1.9503006985135574,True
2025-09-16,Banco Davivienda PF,-0.004123721342940371,2.510562364162533,3.76492112968398,1.8332826566027438,True
2025-09-17,Banco Davivienda PF,-0.037041292338412544,2.3562391841529737,3.76492112968398,1.7334887438351123,True
2025-09-18,Banco Davivienda PF,-0.005159105714724285,3.7421580957274534,3.76492112968398,2.45271382206485,True
2025-09-19,Banco Davivienda PF,0.012848155935961513,3.360607744310445,3.76492112968398,2.3215208158063794,True
2025-09-22,Banco Davivienda PF,0.02188643500325698,3.244911198502361,3.76492112968398,2.2812746334308667,True
2025-09-23,Banco Davivienda PF,0.023859633323025847,3.5312238213697906,3.76492112968398,2.4318077777160902,True
2025-09-24,Banco Davivienda PF,0.003246742804969914,3.8706357045638144,3.76492112968398,2.6274685724386724,True
2025-09-25,Banco Davivienda PF,-0.0024341304069886447,3.4608316726122292,3.76492112968398,2.4761452613973263,True
2025-09-26,Banco Davivienda PF,-0.002439986871339931,3.1142141986966,3.76492112968398,2.3311315402164223,True
2025-09-29,Banco Davivienda PF,-0.010642730392808554,2.834181376080092,3.76492112968398,2.1948357693628235,True
2025-09-30,Banco Davivienda PF,-0.008264518202565163,2.717547204282991,3.76492112968398,2.1311062493294606,True
2025-10-01,Banco Davivienda PF,0.016461293623045187,2.575483693129823,3.76492112968398,2.0442212310420116,True
2025-10-02,Banco Davivienda PF,0.0065093536024828,2.7396785018236782,3.76492112968398,2.084152469825956,True
2025-10-03,Banco Davivienda PF,-0.0097800725110451,2.5897598916957616,3.76492112968398,1.984526332229692,True
2025-10-06,Banco Davivienda PF,0.011400853075056384,2.5011999975908226,3.76492112968398,1.9228446432886905,True
2025-10-07,Banco Davivienda PF,0.00323361931381762,2.507299544613474,3.76492112968398,1.8854616351947826,True
2025-10-08,Banco Davivienda PF,0.000806712032195269,2.3591793489555206,3.76492112968398,1.7786077134031122,True
2025-10-09,Banco Davivienda PF,0.012024205736384574,2.2238043899333433,3.76492112968398,1.6722817211806587,True
2025-10-10,Banco Davivienda PF,0.003976152568603025,2.301201115661134,3.76492112968398,1.6586937320643613,True
2025-10-14,Banco Davivienda PF,0.00554021835756967,2.200187683478172,3.76492112968398,1.5686579816897848,True
2025-10-15,Banco Davivienda PF,0.007861683647562255,2.138609848428587,3.76492112968398,1.4929549144581287,True
2025-10-16,Banco Davivienda PF,0.0466623695659206,2.1290454998468378,3.76492112968398,1.4404612614552497,True
2025-10-17,Banco Davivienda PF,0.01997844232396252,4.641094342478903,3.76492112968398,2.6604596258718676,True
2025-10-20,Banco Davivienda PF,0.004385991383672831,4.56336143815853,3.76492112968398,2.7403149429346936,True
2025-10-21,Banco Davivienda PF,0.010881511288919002,4.032640748199794,3.76492112968398,2.587438198609203,True
2025-10-22,Banco Davivienda PF,0.011477841274366497,3.730320271791288,3.76492112968398,2.503236279451174,True
2025-10-23,Banco Davivienda PF,0.012757139512711145,3.502565768264377,3.76492112968398,2.432086606875834,True
2025-10-24,Banco Davivienda PF,0.024348983139191212,3.3567464370162035,3.76492112968398,2.383808175591349,True
2025-10-27,Banco Davivienda PF,0.020408892855370012,3.7578633737611993,3.76492112968398,2.596503473003439,True
2025-10-28,Banco Davivienda PF,0.013378139625536637,3.87064611698428,3.76492112968398,2.6906270091724163,True
2025-10-29,Banco Davivienda PF,-0.016750827581783683,3.6740525018631187,3.76492112968398,2.6365741605262834,True
2025-10-30,Banco Davivienda PF,-0.03436760835361924,3.579010185181194,3.76492112968398,2.6467338456994933,True
2025-10-31,Banco Davivienda PF,-0.027651544650922438,4.513760172057115,3.76492112968398,3.1966093173261796,True
2025-11-04,Banco Davivienda PF,0.00716336162997601,4.798580689473865,3.76492112968398,3.4635775112357834,True
2025-11-05,Banco Davivienda PF,-0.0064446972908195205,4.264811616898159,3.76492112968398,3.2865511104667235,True
2025-11-06,Banco Davivienda PF,-0.001437845528209008,3.797873164562941,3.76492112968398,3.114278517740898,True
2025-11-07,Banco Davivienda PF,0.015703364617063224,3.3838467217516097,3.76492112968398,2.928662246534238,True
2025-11-10,Banco Davivienda PF,0.02033018500833854,3.363216623429838,3.76492112968398,2.900899907920044,True
2025-11-11,Banco Davivienda PF,-0.009762974508434236,3.5479299268274027,3.76492112968398,2.974835766928805,True
2025-11-12,Banco Davivienda PF,0.012534967847882338,3.2750131268000846,3.76492112968398,2.8535350236644788,True
2025-11-13,Banco Davivienda PF,0.017153097217178673,3.1659855732017252,3.76492112968398,2.7765981736130763,True
2025-11-14,Banco Davivienda PF,0.03541968254475963,3.244956638147568,3.76492112968398,2.786539529681481,True
2025-11-18,Banco Davivienda PF,-0.01455049562897694,4.453739194467405,3.76492112968398,3.372079504843523,True
2025-11-19,Banco Davivienda PF,-0.03456804561705786,4.133134617120961,3.76492112968398,3.2967848883822373,True
2025-11-20,Banco Davivienda PF,-0.0350912846706432,4.977119646679538,3.76492112968398,3.8159476617490995,True
2025-11-21,Banco Davivienda PF,-0.002145129355771457,5.700312060517648,3.76492112968398,4.325829757945825,True
2025-11-24,Banco Davivienda PF,-0.012243622865577003,4.922624133307496,3.76492112968398,4.06904092044087,True
2025-11-25,Banco Davivienda PF,-0.025689513018404077,4.444512513304833,3.76492112968398,3.914842245739106,True
2025-11-26,Banco Davivienda PF,-0.029424920239294532,4.624921670591952,3.76492112968398,4.075922358468412,True
2025-11-27,Banco Davivienda PF,-0.0007660064629950564,5.002459147936066,3.76492112968398,4.350862575613614,True
2025-11-28,Banco Davivienda PF,0.015209433986904516,4.356599100167178,3.76492112968398,4.090162880617607,True
2025-12-01,Banco Davivienda PF,-0.004538605703511847,4.13059954161709,3.76492112968398,3.983549237101754,True
2025-12-02,Banco Davivienda PF,0.021006014630462207,3.668595841109201,3.76492112968398,3.7568956479148183,True
2025-12-03,Banco Davivienda PF,0.03930639503710581,3.8282324044391194,3.76492112968398,3.7962334994330447,True
2025-12-04,Banco Davivienda PF,-0.02237556510567827,5.268361155152274,3.76492112968398,4.495455103954872,True
2025-12-05,Banco Davivienda PF,-0.025130675972454126,5.111999836328719,3.76492112968398,4.526127345996648,True
2025-12-09,Banco Davivienda PF,0.009683557581156011,5.13233434700596,3.76492112968398,4.633490230136339,True
2025-12-10,Banco Davivienda PF,0.0,4.588158439510672,3.76492112968398,4.411743588784697,True
2025-12-11,Banco Davivienda PF,-0.02173184709429753,4.02254857320643,3.76492112968398,4.147038973457615,True
2025-12-12,Banco Davivienda PF,-0.002275362550577489,4.073690220893535,3.76492112968398,4.181580541928115,True
2025-12-15,Banco Davivienda PF,-0.0038037362497309476,3.608801529642613,3.76492112968398,3.93379207425437,True
2025-12-16,Banco Davivienda PF,-0.008419437258802646,3.24121427803935,3.76492112968398,3.7064455954736184,True
2025-12-17,Banco Davivienda PF,-0.020187057351282046,3.001305856726933,3.76492112968398,3.5265910139981496,True
2025-12-18,Banco Davivienda PF,-0.007083846175906843,3.1763197946916653,3.76492112968398,3.559505923860631,True
2025-12-19,Banco Davivienda PF,-0.007930263879381979,2.927279671564598,3.76492112968398,3.3760440944153385,True
2025-12-22,Banco Davivienda PF,0.0,2.7392686833651103,3.76492112968398,3.2112148998683963,True
2025-12-23,Banco Davivienda PF,0.04579465518963343,2.5287070483722673,3.76492112968398,3.0185420058762924,True
2025-12-24,Banco Davivienda PF,0.0007933360193958741,4.869533011823664,3.76492112968398,4.095719751886168,True
2025-12-29,Banco Davivienda PF,0.0,4.2520380678222285,3.76492112968398,3.850354195996801,True
2025-12-30,Banco Davivienda PF,-0.03406269904529931,3.750974474803908,3.76492112968398,3.6193329442369926,True
2025-12-31,Banco Davivienda PF,0.0,4.629080069655835,3.76492112968398,4.098333447333154,True
2026-01-02,Banco Davivienda PF,0.0,4.055611891433792,3.76492112968398,3.8524334404931646,True
2026-01-05,Banco Davivienda PF,0.0072260450917396276,3.592268647223811,3.76492112968398,3.6212874340635746,True
2026-01-06,Banco Davivienda PF,0.007174203748000453,3.2913083991276726,3.76492112968398,3.4353396246204726,True
2026-01-07,Banco Davivienda PF,0.024324463311370694,3.047185105372964,3.76492112968398,3.2601007667939386,True
2026-01-08,Banco Davivienda PF,0.004640379556502301,3.5063219004002955,3.76492112968398,3.4195024300180337,True
2026-01-09,Banco Davivienda PF,0.007686432924156291,3.1817025621995225,3.76492112968398,3.2272521576739943,True
2026-01-13,Banco Davivienda PF,0.0061068892081794805,2.968360237864821,3.76492112968398,3.069065778872087,True
2026-01-14,Banco Davivienda PF,-0.0038124331346559197,2.7679260391984233,3.76492112968398,2.907298289620349,True
2026-01-15,Banco Davivienda PF,-0.005361943141385399,2.5618759669075226,3.76492112968398,2.7415811800868615,True
2026-01-16,Banco Davivienda PF,0.009935121843350459,2.40908790693205,3.76492112968398,2.5943365698325196,True
2026-01-19,Banco Davivienda PF,0.015094626222484888,2.394032167147905,3.76492112968398,2.4979003632678998,True
2026-01-20,Banco Davivienda PF,0.010432285373406047,2.540675527340954,3.76492112968398,2.484734985949743,True
2026-01-21,Banco Davivienda PF,0.0007410152247192038,2.5129683619120518,3.76492112968398,2.4009504336600678,True
2026-01-22,Banco Davivienda PF,0.000740466527723692,2.34782550818587,3.76492112968398,2.2572228697784227,True
2026-01-23,Banco Davivienda PF,0.009576500443208617,2.2143936433657196,3.76492112968398,2.122118471998925,True
2026-01-26,Banco Davivienda PF,-0.008836581800498,2.227979502917454,3.76492112968398,2.049816980122254,True
2026-01-27,Banco Davivienda PF,0.04554455347442859,2.190236974129453,3.76492112968398,1.9736790680650542,True
2026-01-28,Banco Davivienda PF,0.02443402533728204,4.569153787271267,3.76492112968398,3.099842134692203,True
2026-01-29,Banco Davivienda PF,-0.010398707220898622,4.742405527755627,3.76492112968398,3.2720645631204355,True
2026-01-30,Banco Davivienda PF,-0.021127546425875394,4.253818320400002,3.76492112968398,3.1406205564527907,True
2026-02-02,Banco Davivienda PF,-0.01505944559023126,4.2316308270301315,3.76492112968398,3.220007253852135,True
2026-02-03,Banco Davivienda PF,0.0,3.970222816792265,3.76492112968398,3.1628789595120885,True
2026-02-04,Banco Davivienda PF,-0.0036192583843130685,3.523277110523104,3.76492112968398,2.973106221941363,True
2026-02-05,Banco Davivienda PF,0.039806250400419574,3.170857314050249,3.76492112968398,2.8025792673763337,True
2026-02-06,Banco Davivienda PF,-0.038356974784429364,4.78392107731467,3.76492112968398,3.5851470538982966,True
2026-02-09,Banco Davivienda PF,0.0,5.816189713094831,3.76492112968398,4.25279273943241,True
2026-02-10,Banco Davivienda PF,0.03835697478442928,5.0147570616667725,3.76492112968398,3.997625175066465,True
2026-02-11,Banco Davivienda PF,-0.0427111180930498,6.139931273254113,3.76492112968398,4.640522173330484,True
2026-02-12,Banco Davivienda PF,-0.01834913866819654,7.3128543238929264,3.76492112968398,5.456634608185723,True
2026-02-13,Banco Davivienda PF,0.01689353433549584,6.581160756470313,3.76492112968398,5.331251065613403,True
2026-02-16,Banco Davivienda PF,0.0,5.99360468104973,3.76492112968398,5.1826109030833445,True
2026-02-17,Banco Davivienda PF,-0.003648307585475306,5.158102464158842,3.76492112968398,4.871654248898343,True
2026-02-18,Banco Davivienda PF,-0.015469921772131778,4.491934471015701,3.76492112968398,4.587341082907384,True
2026-02-19,Banco Davivienda PF,0.03501451784510205,4.194319952130355,3.76492112968398,4.455691705714467,True
2026-02-20,Banco Davivienda PF,-0.01808367543329535,5.187014839047976,3.76492112968398,4.923960079326581,True
2026-02-23,Banco Davivienda PF,0.049832373747875754,4.852825808323041,3.76492112968398,4.824734064873048,True
2026-02-24,Banco Davivienda PF,-0.000694685682678485,7.201785731992173,3.76492112968398,6.025209304989452,True
2026-02-25,Banco Davivienda PF,0.0034686125654037952,6.133588866378287,3.76492112968398,5.663986299608716,True
2026-02-26,Banco Davivienda PF,0.004146515961848618,5.291345302990095,3.76492112968398,5.33136588550952,True
2026-02-27,Banco Davivienda PF,-0.02655641736143271,4.618032449857382,3.76492112968398,5.021800089152068,True
2026-03-02,Banco Davivienda PF,-0.033852710434127284,4.8160290604101315,3.76492112968398,5.143638065647707,True
2026-03-03,Banco Davivienda PF,0.021022883701409013,5.473466074933253,3.76492112968398,5.522623383950967,True
2026-03-04,Banco Davivienda PF,0.0,5.287358982119435,3.76492112968398,5.456442964387691,True
2026-03-05,Banco Davivienda PF,0.0,4.587479392506895,3.76492112968398,5.129056386524429,True
2026-03-06,Banco Davivienda PF,-0.05454557574005267,4.021999925777245,3.76492112968398,4.821313003332962,True
2026-03-09,Banco Davivienda PF,0.007547205635382904,6.913591640069161,3.76492112968398,6.317166122821279,True
2026-03-12,Banco Davivienda PF,-0.012130550568507632,5.980897036962043,3.76492112968398,5.9723123431936544,True
2026-03-13,Banco Davivienda PF,0.0,5.29657195575272,3.76492112968398,5.702263756859107,True
2026-03-16,Banco Davivienda PF,-0.009195467093100275,4.594923169257162,3.76492112968398,5.36012793144756,True
2026-03-17,Banco Davivienda PF,0.004608303086194181,4.1095024050673725,3.76492112968398,5.08925422459688,True
2026-03-18,Banco Davivienda PF,0.0,3.668651384609732,3.76492112968398,4.796640845521603,True
2026-03-19,Banco Davivienda PF,0.0,3.279617407936429,3.76492112968398,4.508842394790307,True
2026-03-20,Banco Davivienda PF,-0.0624462032606371,2.965290873866871,3.76492112968398,4.238311851102888,True
2026-03-24,Banco Davivienda PF,-0.017277270571401354,7.116255345951174,3.76492112968398,6.3237301210379995,True
2026-03-25,Banco Davivienda PF,0.004966897628336864,6.380002792444533,3.76492112968398,6.123408760814166,True
2026-03-26,Banco Davivienda PF,0.011494379425735212,5.5077587833932355,3.76492112968398,5.7708062783955425,True
2026-03-27,Banco Davivienda PF,-0.024794658613216277,4.939146686606842,3.76492112968398,5.503830356721468,True
2026-03-30,Banco Davivienda PF,-0.07198598955508335,4.973845249313692,3.76492112968398,5.542465592765744,True
2026-03-31,Banco Davivienda PF,0.05595865364804463,10.207441372578668,3.76492112968398,8.319107272534545,True
2026-04-01,Banco Davivienda PF,0.025190248828558495,12.289766627088502,3.76492112968398,9.698783387043564,True
2026-04-02,Banco Davivienda PF,0.0,11.025222930838902,3.76492112968398,9.497585565447766,True
2026-04-03,Banco Davivienda PF,0.0,9.223482919464203,3.76492112968398,8.9277304315209,True
2026-04-06,Banco Davivienda PF,0.03262932206026777,7.767736822651061,3.76492112968398,8.392066605629646,True
2026-04-07,Banco Davivienda PF,-0.008058061329762424,7.883073193384071,3.76492112968398,8.527346204159473,True
2026-04-08,Banco Davivienda PF,0.007255170881172016,6.745523279518373,3.76492112968398,8.054664843346432,True
2026-04-09,Banco Davivienda PF,-0.017828673211635587,5.839574055850371,3.76492112968398,7.602967455454649,True
2026-04-10,Banco Davivienda PF,0.0,5.369921193321263,3.76492112968398,7.337506361219745,True
2026-04-13,Banco Davivienda PF,0.029804864258351303,4.654186917423112,3.76492112968398,6.89725597954656,True
2026-04-14,Banco Davivienda PF,-0.003179652917379684,5.158126111560117,3.76492112968398,7.016418580849014,True
2026-04-15,Banco Davivienda PF,0.0,4.489085596822571,3.76492112968398,6.601499581603074,True
2026-04-16,Banco Davivienda PF,0.0,3.942501006336145,3.76492112968398,6.205409606706889,True
2026-04-17,Banco Davivienda PF,0.014229489103964722,3.5008788082634457,3.76492112968398,5.833085030304475,True
2026-04-20,Banco Davivienda PF,-0.007089434970488037,3.4040390523470747,3.76492112968398,5.604586944582117,True
2026-04-21,Banco Davivienda PF,0.00236873383555061,3.1113510188342777,3.76492112968398,5.298467780827656,True
2026-04-22,Banco Davivienda PF,0.0007883327172164231,2.840073493626835,3.76492112968398,4.983926253968207,True
2026-04-23,Banco Davivienda PF,-0.014285957247476541,2.6122840553011524,3.76492112968398,4.685263559813935,True
2026-04-24,Banco Davivienda PF,-0.0007996801705642901,2.636937692231264,3.76492112968398,4.526600890911135,True
2026-04-27,Banco Davivienda PF,-0.018571385585435342,2.44533714544128,3.76492112968398,4.255388530481584,True
2026-04-28,Banco Davivienda PF,-0.0024479816386400017,2.6574749519979006,3.76492112968398,4.2070030361904385,True
2026-04-29,Banco Davivienda PF,-0.0494030970724705,2.4651821927426734,3.76492112968398,3.958178422480883,True
2026-04-30,Banco Davivienda PF,-0.012089957277918272,5.045785467423089,3.76492112968398,5.185087317343197,True
2026-05-04,Banco Davivienda PF,0.01123121956950048,4.539966695462601,3.76492112968398,4.9616823184917385,True
2026-05-05,Banco Davivienda PF,0.0,4.149805159427056,3.76492112968398,4.739665555193232,True
2026-05-06,Banco Davivienda PF,-0.0795416877296199,3.6683736797821136,3.76492112968398,4.455285621881638,True
2026-05-07,Banco Davivienda PF,-0.001862197931064651,10.465228036277193,3.76492112968398,7.984096536694562,True
2026-05-08,Banco Davivienda PF,-0.015970278364491674,8.771710918726685,3.76492112968398,7.507131413173564,True
2026-05-11,Banco Davivienda PF,-0.029795572693698175,7.669562946895603,3.76492112968398,7.20973340300676,True
2026-05-12,Banco Davivienda PF,0.004866189651172906,7.487189038952361,3.76492112968398,7.309815090113626,True
2026-05-13,Banco Davivienda PF,0.00869990987554589,6.401001362797142,3.76492112968398,6.885434065739518,True
2026-05-14,Banco Davivienda PF,-0.0164972203355777,5.590495088540054,3.76492112968398,6.517721080900719,True
2026-05-15,Banco Davivienda PF,0.001955034835803295,5.118119506448935,3.76492112968398,6.289952783327035,True
2026-05-19,Banco Davivienda PF,0.006812678417506831,4.4586639116986255,3.76492112968398,5.914848913052935,True
2026-05-20,Banco Davivienda PF,0.005802724212567456,3.98386602459913,3.76492112968398,5.587805530601976,True
2026-05-21,Banco Davivienda PF,-0.006773127005845822,3.5836811137128706,3.76492112968398,5.272740163738128,True
2026-05-22,Banco Davivienda PF,-0.011718884113213375,3.2519829305688486,3.76492112968398,4.98390090357623,True
2026-05-25,Banco Davivienda PF,0.0290436677705195,3.0810646695856807,3.76492112968398,4.767266196277011,True
2026-05-26,Banco Davivienda PF,0.04295711810093903,3.8338495876396514,3.76492112968398,4.987351007038979,True
2026-05-27,Banco Davivienda PF,-0.024989731680173176,5.627278465595495,3.76492112968398,5.795298343939455,True
2026-05-28,Banco Davivienda PF,0.004675090328993975,5.5407323902613825,3.76492112968398,5.8222724569713185,True
2026-06-01,Banco Davivienda PF,0.0491454670688884,4.825875291044976,3.76492112968398,5.486049991303591,True
2026-06-02,Banco Davivienda PF,0.0,7.100033875619538,3.76492112968398,6.606053151876893,True
2026-06-03,Banco Davivienda PF,-0.011612457424090852,6.052060510950612,3.76492112968398,6.209689962764279,True
2026-06-04,Banco Davivienda PF,-0.019048194970694474,5.340748724514955,3.76492112968398,5.918018065454215,True
2026-06-05,Banco Davivienda PF,0.034206755401536,5.016794401425013,3.76492112968398,5.780637220511917,True
2026-06-08,Banco Davivienda PF,0.0,5.785338920403856,3.76492112968398,6.135860256341509,True
2026-06-09,Banco Davivienda PF,0.09691789719242178,4.989830645668933,3.76492112968398,5.767708640961018,True
2026-06-10,Banco Davivienda PF,-0.07503518594291408,15.400023907347096,3.76492112968398,11.057493400223862,True
2026-06-11,Banco Davivienda PF,0.017167803622365498,19.14523343571721,3.76492112968398,13.772211273903046,True
2026-06-17,Banco Davivienda PF,0.007496911414178374,16.156269191972193,3.76492112968398,13.122718686198526,True
2026-06-18,Banco Davivienda PF,0.0,13.447707224226452,3.76492112968398,12.369077773477837,True
2026-06-19,Banco Davivienda PF,0.0,11.180769782400318,3.76492112968398,11.626933107069167,True
2026-06-22,Banco Davivienda PF,0.008264509849893431,9.349159610109119,3.76492112968398,10.929317120645017,True
2026-06-23,Banco Davivienda PF,-0.019111508149353765,7.963174947883191,3.76492112968398,10.314539367241707,True
2026-06-24,Banco Davivienda PF,-0.005046268067624272,7.138312796068236,3.76492112968398,9.914816851452894,True
2026-06-25,Banco Davivienda PF,0.0075598848079402575,6.1034560312562895,3.76492112968398,9.335206733211916,True
2026-06-26,Banco Davivienda PF,0.004175371410480592,5.326578907937064,3.76492112968398,8.809385444204796,True
2026-06-29,Banco Davivienda PF,0.0,4.6468297855375305,3.76492112968398,8.291282553401782,True
2026-06-30,Banco Davivienda PF,0.0,4.069953072431713,3.76492112968398,7.7938056001976745,True
2026-07-01,Banco Davivienda PF,-0.01680711831638129,3.6038558452266374,3.76492112968398,7.326177264185814,True
2026-07-02,Banco Davivienda PF,-0.026622439610954736,3.524380860508016,3.76492112968398,7.056094163995168,True
2026-07-03,Banco Davivienda PF,0.0,3.936343398783027,3.76492112968398,7.057981088658817,True
2026-07-06,Banco Davivienda PF,0.013829088151045181,3.4959036658430254,3.76492112968398,6.634502223339288,True
2026-07-07,Banco Davivienda PF,-0.0043010818993905854,3.386290422258828,3.76492112968398,6.351178297392557,True
2026-07-08,Banco Davivienda PF,0.004301081899390702,3.06521178683346,3.76492112968398,5.981207182852162,True
2026-07-09,Banco Davivienda PF,0.028766789027713402,2.8211793412627064,3.76492112968398,5.633434335184193,True
2026-07-10,Banco Davivienda PF,0.0328167266016283,3.604836003913779,3.76492112968398,5.791945165652124,True
2026-07-14,Banco Davivienda PF,-0.000807428384601044,4.534128663103788,3.76492112968398,6.090590982620609,True
2026-07-15,Banco Davivienda PF,0.007243492435495104,3.9782050098073367,3.76492112968398,5.725546688021127,True
2026-07-16,Banco Davivienda PF,-0.004823160475429269,3.6034557822036635,3.76492112968398,5.413494796337704,True
2026-07-17,Banco Davivienda PF,-0.02447104165151494,3.245257659059088,3.76492112968398,5.102642834740488,True
2026-07-21,Banco Davivienda PF,0.0,3.5873518083130804,3.76492112968398,5.155783392362166,True
2026-07-22,Banco Davivienda PF,0.0,3.2139300500938774,3.76492112968398,4.846436388820436,True
2026-07-23,Banco Davivienda PF,-0.008291921473108723,2.912217670082989,3.76492112968398,4.55565020549121,True
2026-07-24,Banco Davivienda PF,0.0,2.7332474431256646,3.76492112968398,4.323564770191458,True
2026-07-27,Banco Davivienda PF,-0.002501043404588837,2.523842086212794,3.76492112968398,4.064150883979971,True
2026-07-28,Banco Davivienda PF,0.0008343763521195829,2.3574205144333384,3.76492112968398,3.8240549618081543,True
2026-07-29,Banco Davivienda PF,-0.01682125449014337,2.22248538302096,3.76492112968398,3.5950293744378508,True
2026-07-30,Banco Davivienda PF,0.004231914906580157,2.4088047177554825,3.76492112968398,3.549100373544881,True
2026-07-31,Banco Davivienda PF,0.015088299651201826,2.29001689162906,3.76492112968398,3.346899813398109,True
2026-08-03,Banco Davivienda PF,0.00332226219197786,2.456402147727677,3.76492112968398,3.2826798964128963,True
2026-08-04,Banco Davivienda PF,0.013997758400041704,2.318887613985617,3.76492112968398,3.0923415582714693,True
2026-08-05,Banco Davivienda PF,0.001633987291654955,2.4410386042752266,3.76492112968398,3.024363408910744,True
2026-08-06,Banco Davivienda PF,0.004073325387635869,2.2937625277434206,3.76492112968398,2.8445035530576734,True
2026-08-07,Banco Davivienda PF,0.0,2.195257358514085,3.76492112968398,2.6837885277023483,True
2026-08-10,Banco Davivienda PF,-0.028867984000852127,2.089163963479688,3.76492112968398,2.522761216040207,True
2026-08-11,Banco Davivienda PF,0.028054645200423788,2.9170442528777247,3.76492112968398,2.8714118432418676,True
2026-08-12,Banco Davivienda PF,0.00324939359830939,3.634148970209033,3.76492112968398,3.1713650030403526,True
2026-08-13,Banco Davivienda PF,0.0064672820402629765,3.2697829315574873,3.76492112968398,2.987418238111972,True
2026-08-14,Banco Davivienda PF,0.00962316969146113,3.017359060155858,3.76492112968398,2.8332685860182383,True
2026-08-18,Banco Davivienda PF,0.01583564366133814,2.8778702156317992,3.76492112968398,2.718835707803538,True
2026-08-19,Banco Davivienda PF,-0.02063565287737007,2.9594732163763102,3.76492112968398,2.7061661314366527,True
2026-08-20,Banco Davivienda PF,-0.0016051367812284334,3.1629288695910294,3.76492112968398,2.7992942653556407,True
2026-08-21,Banco Davivienda PF,0.0008028904485905621,2.8711231742651098,3.76492112968398,2.6328824878861736,True
2026-08-24,Banco Davivienda PF,0.04242584410222966,2.6374240389776618,3.76492112968398,2.475296318456466,True
2026-08-25,Banco Davivienda PF,-0.015504186535965199,4.607115579548097,3.76492112968398,3.406749888021096,True
2026-08-26,Banco Davivienda PF,-0.0015637219761827587,4.288550444137323,3.76492112968398,3.3465727748250327,True
2026-08-27,Banco Davivienda PF,-0.011806512586988952,3.780510107358544,3.76492112968398,3.147245544186809,True
2026-08-28,Banco Davivienda PF,0.0,3.5103280504158176,3.76492112968398,3.0420470552156376,True
2026-08-31,Banco Davivienda PF,0.0023724803536303955,3.1516974115261913,3.76492112968398,2.859524231902699,True
2026-09-01,Banco Davivienda PF,-0.012718772407774671,2.8726993153470968,3.76492112968398,2.6913299758055547,True
2026-09-02,Banco Davivienda PF,-0.0008003201707691552,2.801129226517914,3.76492112968398,2.6269104801936836,True
2026-09-03,Banco Davivienda PF,0.019033088431828892,2.577998493808489,3.76492112968398,2.4696801588075066,True
2026-09-04,Banco Davivienda PF,0.02021841811319302,2.85204133547519,3.76492112968398,2.5388544224313474,True
2026-09-08,Banco Davivienda PF,-0.014734659756936667,3.129468136950067,3.76492112968398,2.6317938156854015,True
2026-09-09,Banco Davivienda PF,0.007782140442054949,3.0690849041857566,3.76492112968398,2.604152305635891,True
2026-09-10,Banco Davivienda PF,0.015384918839479456,2.8792548670716513,3.76492112968398,2.4842401932136573,True
2026-09-11,Banco Davivienda PF,-0.034164813491075696,2.943486867259857,3.76492112968398,2.47720321823926,True
2026-09-14,Banco Davivienda PF,0.007083854888405042,3.9845437901448033,3.76492112968398,3.0289117136728976,True
2025-01-02,Promigas,0.0,12.360632590682808,3.9063687175032604,3.297521598368506,True
2025-01-03,Promigas,0.0,12.356156805280065,3.9063687175032604,3.0996703024663956,True
2025-01-07,Promigas,-0.03413305358505539,12.354811383415619,3.9063687175032604,2.9136900843184117,True
2025-01-08,Promigas,0.015162262951763485,20.653563089701873,3.9063687175032604,3.4379078874834645,True
2025-01-09,Promigas,-0.004112429259018985,16.389958979371748,3.9063687175032604,3.3695699449255083,True
2025-01-10,Promigas,-0.001374551624906881,13.703810877097098,3.9063687175032604,3.177542992876239,True
2025-01-13,Promigas,-0.01106511710333333,12.779198945998214,3.9063687175032604,2.988024048605385,True
2025-01-14,Promigas,0.0013898350354956972,13.387149660911273,3.9063687175032604,2.8822046955953495,True
2025-01-15,Promigas,0.00692049762306925,12.672102353705025,3.9063687175032604,2.710431398715163,True
2025-01-16,Promigas,0.0,12.754199292941319,3.9063687175032604,2.5765414872027974,True
2025-01-17,Promigas,-0.01249154140470617,12.47446302389641,3.9063687175032604,2.4219489979706292,True
2025-01-20,Promigas,0.005571043781636918,13.536854157768229,3.9063687175032604,2.370255222091685,True
2025-01-21,Promigas,0.0,12.902204891306464,3.9063687175032604,2.2466618260563327,True
2025-01-22,Promigas,0.0,12.51895353230616,3.9063687175032604,2.1118621164929525,True
2025-01-23,Promigas,0.0,12.40374810765334,3.9063687175032604,1.9851503895033753,True
2025-01-24,Promigas,-0.002781680258339239,12.36911733712181,3.9063687175032604,1.8660413661331727,True
2025-01-27,Promigas,0.0027816802583392423,12.425105157234125,3.9063687175032604,1.7587215312009628,True
2025-01-28,Promigas,-0.013986200422440285,12.417375081807013,3.9063687175032604,1.6578408863646854,True
2025-01-29,Promigas,-0.011331562949814597,13.803080933813906,3.9063687175032604,1.6757387145368055,True
2025-01-30,Promigas,0.002844990043642738,13.737841754063716,3.9063687175032604,1.6522369829959636,True
2025-01-31,Promigas,0.004252250647307864,12.814195869117993,3.9063687175032604,1.5579591450252614,True
2025-02-03,Promigas,-0.009950347801406731,12.600189050414835,3.9063687175032604,1.4753305776642638,True
2025-02-04,Promigas,-0.01149437672719787,13.164566685194636,3.9063687175032604,1.4462163958257839,True
2025-02-05,Promigas,0.0,13.572615379511957,3.9063687175032604,1.4387158298842857,True
2025-02-06,Promigas,0.011494376727197953,12.720479040752842,3.9063687175032604,1.3523928800912284,True
2025-02-07,Promigas,-0.007168546575002786,13.337636354397178,3.9063687175032604,1.3505217250938046,True
2025-02-10,Promigas,-0.00432583015219509,13.040898910152606,3.9063687175032604,1.300323257586967,True
2025-02-11,Promigas,-0.0028943178742171158,12.710619250792842,3.9063687175032604,1.2335315460351328,True
2025-02-12,Promigas,0.0,12.532729424864215,3.9063687175032604,1.1645458988472324,True
2025-02-13,Promigas,0.0,12.407889143333586,3.9063687175032604,1.0946731449163984,True
2025-02-14,Promigas,0.0,12.370362133161908,3.9063687175032604,1.0289927562214145,True
2025-02-17,Promigas,0.014388694601414922,12.3590815074283,3.9063687175032604,0.9672531908481296,True
2025-02-18,Promigas,-0.007168546575002786,13.740170637682269,3.9063687175032604,1.0334387187969138,True
2025-02-19,Promigas,0.03533941705771382,13.161900785173069,3.9063687175032604,1.0022652316678895,True
2025-02-20,Promigas,-0.029600443478582247,21.175641858230637,3.9063687175032604,1.6914539565552373,True
2025-02-21,Promigas,0.0,21.264674904767368,3.9063687175032604,2.115678471639169,True
2025-02-24,Promigas,-0.011510915534305995,15.03271346145613,3.9063687175032604,1.9887377633408188,True
2025-02-25,Promigas,0.012940488530177397,14.136914714567094,3.9063687175032604,1.948914203403126,True
2025-02-26,Promigas,0.0,14.004170129232419,3.9063687175032604,1.93245309723873,True
2025-02-27,Promigas,0.0,12.850204472991813,3.9063687175032604,1.816505911404406,True
2025-02-28,Promigas,-0.043802571560719,12.503322197587114,3.9063687175032604,1.7075155567201414,True
2025-03-03,Promigas,0.043802571560718886,26.01157383499372,3.9063687175032604,2.756263788516079,True
2025-03-04,Promigas,-0.020202742251644944,29.685414746996464,3.9063687175032604,3.742087126404255,True
2025-03-05,Promigas,0.0,20.50778487766219,3.9063687175032604,3.7624523755118395,True
2025-03-06,Promigas,0.02020274225164503,14.805192188692509,3.9063687175032604,3.536705232981129,True
2025-03-07,Promigas,0.011363756012761735,15.856413266258834,3.9063687175032604,3.5693933956941035,True
2025-03-10,Promigas,-0.011363756012761775,14.259993043868237,3.9063687175032604,3.432710762383004,True
2025-03-11,Promigas,-0.02166143203598511,13.880441775086867,3.9063687175032604,3.3042290870705715,True
2025-03-12,Promigas,0.018800161408402863,16.19034858761775,3.9063687175032604,3.3875059245560983,True
2025-03-13,Promigas,0.0,15.896378258743418,3.9063687175032604,3.3963232104719325,True
2025-03-14,Promigas,-0.010079217902595158,13.419002563259404,3.9063687175032604,3.1925438178436165,True
2025-03-17,Promigas,0.0,13.429324088163103,3.9063687175032604,3.0619455688897963,True
2025-03-18,Promigas,-0.0014482060712376528,12.677405653845732,3.9063687175032604,2.8782288347564084,True
2025-03-19,Promigas,-0.005814047650230032,12.472440627918306,3.9063687175032604,2.7067934851658855,True
2025-03-20,Promigas,-0.011730337443432368,12.651852412289472,3.9063687175032604,2.5646677661034194,True
2025-03-21,Promigas,0.0,13.45786303860038,3.9063687175032604,2.493348190059289,True
2025-03-24,Promigas,0.0,12.685984467272117,3.9063687175032604,2.3437472986557313,True
2025-03-25,Promigas,0.0029455496872213415,12.45395763552848,3.9063687175032604,2.2031224607363873,True
2025-03-26,Promigas,-0.011834454786421096,12.431888721835154,3.9063687175032604,2.0761408708681377,True
2025-03-27,Promigas,0.0014869685279398353,13.409361366862996,3.9063687175032604,2.0356050106711563,True
2025-03-28,Promigas,-0.00446755529438167,12.680304753108803,3.9063687175032604,1.9147953552727368,True
2025-03-31,Promigas,0.0,12.611566479858752,3.9063687175032604,1.811883064141387,True
2025-04-01,Promigas,-0.007490731017128816,12.43158757566978,3.9063687175032604,1.7031700802929037,True
2025-04-02,Promigas,0.001502690881341833,12.802995428611336,3.9063687175032604,1.634646506177915,True
2025-04-03,Promigas,0.005988040135786884,12.498290389051101,3.9063687175032604,1.5379225637381606,True
2025-04-04,Promigas,-0.02876808278852697,12.621883342259762,3.9063687175032604,1.4671611847145476,True
2025-04-07,Promigas,0.015244234728814914,18.349944692922904,3.9063687175032604,1.8756930660282,True
2025-04-08,Promigas,0.01352384805971202,15.71456139789726,3.9063687175032604,1.902583497546832,True
2025-04-09,Promigas,0.010393497246975787,14.583810695010925,3.9063687175032604,1.898165167499328,True
2025-04-10,Promigas,-0.010393497246975768,13.734087203900168,3.9063687175032604,1.8490901284631043,True
2025-04-11,Promigas,-0.007490731017128816,13.57042648835112,3.9063687175032604,1.8029595917690537,True
2025-04-14,Promigas,0.001502690881341833,13.145330602291711,3.9063687175032604,1.7284486469654958,True
2025-04-15,Promigas,0.002998461371709693,12.601196401335883,3.9063687175032604,1.6260965760784867,True
2025-04-16,Promigas,0.016332970112932922,12.47811480403984,3.9063687175032604,1.5339252438723585,True
2025-04-17,Promigas,0.0,14.185130407578654,3.9063687175032604,1.6019492768659933,True
2025-04-18,Promigas,0.0,12.904601163890836,3.9063687175032604,1.5058323202540336,True
2025-04-21,Promigas,-0.026867239408567594,12.519673852258546,3.9063687175032604,1.4154823810387915,True
2025-04-22,Promigas,0.01352384805971202,17.5711848457278,3.9063687175032604,1.7636625702388367,True
2025-04-23,Promigas,-0.012012153009681717,15.141912023824554,3.9063687175032604,1.7675794958298126,True
2025-04-24,Promigas,0.0,14.254416399024738,3.9063687175032604,1.748099818036827,True
2025-04-25,Promigas,0.006024112873894747,12.925428544876148,3.9063687175032604,1.6432138289546172,True
2025-04-28,Promigas,-0.013605710310020228,12.753152479652876,3.9063687175032604,1.5663949607677947,True
2025-04-29,Promigas,0.013605710310020077,13.828909763935535,3.9063687175032604,1.5834804749458415,True
2025-04-30,Promigas,0.005988040135786884,14.032154990733295,3.9063687175032604,1.5995408582732031,True
2025-05-01,Promigas,0.0,13.082963306223007,3.9063687175032604,1.5250823815774877,True
2025-05-02,Promigas,0.0,12.573289543023384,3.9063687175032604,1.4335774386828384,True
2025-05-05,Promigas,0.0,12.420081521851653,3.9063687175032604,1.347562792361868,True
2025-05-06,Promigas,0.0,12.374027164248467,3.9063687175032604,1.2667090248201558,True
2025-05-07,Promigas,0.01334339134885542,12.36018321640539,3.9063687175032604,1.1907064833309464,True
2025-05-08,Promigas,0.0014716502040072839,13.542371132220442,3.9063687175032604,1.2260917499443156,True
2025-05-09,Promigas,0.0,12.720038159997236,3.9063687175032604,1.1538256975414294,True
2025-05-12,Promigas,0.0014695676105158527,12.464194181438264,3.9063687175032604,1.0845961556889436,True
2025-05-13,Promigas,0.001467331288834698,12.395904335551055,3.9063687175032604,1.0208161637247333,True
2025-05-14,Promigas,0.0,12.375340332986086,3.9063687175032604,0.9608590305679652,True
2025-05-15,Promigas,0.0014651813819641364,12.360577955154533,3.9063687175032604,0.9032074887338872,True
2025-05-16,Promigas,0.0,12.364686613321746,3.9063687175032604,0.8503030932990865,True
2025-05-19,Promigas,0.0,12.357375445184928,3.9063687175032604,0.7992849077011412,True
2025-05-20,Promigas,0.0,12.355177706781319,3.9063687175032604,0.7513278132390727,True
2025-05-21,Promigas,-0.0044020802813146435,12.354517066237934,3.9063687175032604,0.7062481444447283,True
2025-05-22,Promigas,0.0,12.509283904109425,3.9063687175032604,0.6755002422599281,True
2025-05-23,Promigas,0.002936898899350576,12.400841415748724,3.9063687175032604,0.6349702277243324,True
2025-05-26,Promigas,0.0,12.415604257184153,3.9063687175032604,0.6020472391478764,True
2025-05-27,Promigas,0.0,12.372681297716777,3.9063687175032604,0.5659244047990037,True
2025-05-28,Promigas,0.0,12.35977864869371,3.9063687175032604,0.5319689405110635,True
2025-05-29,Promigas,0.0,12.35590011017078,3.9063687175032604,0.5000508040803996,True
2025-05-30,Promigas,-0.017751940452213406,12.35473422082147,3.9063687175032604,0.47004775583557556,True
2025-06-04,Promigas,0.02651107852199746,14.636781870369358,3.9063687175032604,0.6309237243767996,True
2025-06-05,Promigas,-0.0029112492129236287,17.838978937974694,3.9063687175032604,1.0147706715539009,True
2025-06-06,Promigas,0.0,14.07507745977894,3.9063687175032604,0.9589696544485159,True
2025-06-09,Promigas,-0.014684508461571792,12.871519228790508,3.9063687175032604,0.9014314751816049,True
2025-06-10,Promigas,0.0,14.08270636478192,3.9063687175032604,0.9767264599254928,True
2025-06-11,Promigas,0.0029541710181393227,12.873812478950917,3.9063687175032604,0.9181228723299631,True
2025-06-12,Promigas,0.0029455496872213415,12.558414839635216,3.9063687175032604,0.8682717758328139,True
2025-06-13,Promigas,0.0,12.46328857541572,3.9063687175032604,0.8213812270587788,True
2025-06-16,Promigas,0.0,12.387015212006025,3.9063687175032604,0.772098353435252,True
2025-06-17,Promigas,-0.005899720705360679,12.364087425802648,3.9063687175032604,0.7257724522291369,True
2025-06-18,Promigas,0.0,12.626678496945972,3.9063687175032604,0.7031101277361456,True
2025-06-19,Promigas,0.004428070501353339,12.436130250614065,3.9063687175032604,0.6609235200719767,True
2025-06-20,Promigas,0.0,12.4964403449482,3.9063687175032604,0.6330327938866316,True
2025-06-24,Promigas,0.0,12.396980639648458,3.9063687175032604,0.5950508262534336,True
2025-06-25,Promigas,0.016070485610448538,12.367083035071689,3.9063687175032604,0.5593477766782275,True
2025-06-26,Promigas,0.0,14.093426162775064,3.9063687175032604,0.680743214730914,True
2025-06-27,Promigas,0.0,12.87703485207756,3.9063687175032604,0.6398986218470591,True
2025-06-30,Promigas,0.0,12.511387414170382,3.9063687175032604,0.6015047045362356,True
2025-07-01,Promigas,0.0,12.401473731236049,3.9063687175032604,0.5654144222640615,True
2025-07-02,Promigas,0.0,12.368433659178287,3.9063687175032604,0.5314895569282178,True
2025-07-03,Promigas,0.0,12.35850180781603,3.9063687175032604,0.49960018351252466,True
2025-07-04,Promigas,0.0,12.355516291582603,3.9063687175032604,0.4696241725017732,True
2025-07-07,Promigas,0.0,12.354618844887629,3.9063687175032604,0.44144672215166675,True
2025-07-08,Promigas,-0.005814047650230032,12.354349072256248,3.9063687175032604,0.4149599188225667,True
2025-07-09,Promigas,-0.014684508461571792,12.616354070278508,3.9063687175032604,0.4103442137406999,True
2025-07-10,Promigas,-0.004447765553120552,14.0060036740996,3.9063687175032604,0.5151044341710421,True
2025-07-11,Promigas,0.0,13.008750474993818,3.9063687175032604,0.49606773917009506,True
2025-07-14,Promigas,0.008875836054473864,12.550981153149051,3.9063687175032604,0.4663036748198893,True
2025-07-15,Promigas,-0.014837022827029703,12.92518326199883,3.9063687175032604,0.48559373373023484,True
2025-07-16,Promigas,0.0,14.131001281504055,3.9063687175032604,0.5885404575283011,True
2025-07-17,Promigas,0.01336312334381591,12.8883299392518,3.9063687175032604,0.553228030076603,True
2025-07-18,Promigas,0.01754438509366238,13.704730669570898,3.9063687175032604,0.6271781875732295,True
2025-07-21,Promigas,-0.02792255425991692,14.83553413003105,3.9063687175032604,0.7742307653076695,True
2025-07-22,Promigas,-0.0044809014634643865,18.67638835847042,3.9063687175032604,1.1955783412280125,True
2025-07-23,Promigas,-0.004501152253051505,14.414884441687668,3.9063687175032604,1.135890727509498,True
2025-07-24,Promigas,0.0074907310171287295,13.135237193296566,3.9063687175032604,1.0798935068220186,True
2025-07-25,Promigas,-0.008995601350762567,12.948375429200686,3.9063687175032604,1.048766527115282,True
2025-07-28,Promigas,0.02821272318493995,13.138505150955082,3.9063687175032604,1.0343930416854699,True
2025-07-29,Promigas,-0.011782165626621321,18.032369565675843,3.9063687175032604,1.449904108890371,True
2025-07-30,Promigas,0.004434535658085299,15.08399919027482,3.9063687175032604,1.4462015184688308,True
2025-07-31,Promigas,-0.011869491865641603,13.29276240748948,3.9063687175032604,1.3712284912623989,True
2025-08-01,Promigas,-0.007490731017128816,13.674103460135026,3.9063687175032604,1.3734856840757743,True
2025-08-04,Promigas,0.0,13.176495917901391,3.9063687175032604,1.3247431737338133,True
2025-08-05,Promigas,0.013443047046559638,12.601405462234741,3.9063687175032604,1.2452585833097845,True
2025-08-06,Promigas,-0.005952316029430909,13.633112584626371,3.9063687175032604,1.2789723766488068,True
2025-08-07,Promigas,0.0,13.012739660746934,3.9063687175032604,1.2234920737184103,True
2025-08-08,Promigas,0.0,12.552180303074849,3.9063687175032604,1.1500825492953055,True
2025-08-11,Promigas,0.014815041552862966,12.413736080680321,3.9063687175032604,1.0810775963375872,True
2025-08-12,Promigas,-0.0014716502040074341,13.84179947733117,3.9063687175032604,1.1479042142851659,True
2025-08-13,Promigas,0.0,12.823039872792156,3.9063687175032604,1.080329414021829,True
2025-08-14,Promigas,0.0014716502040072839,12.495156514079326,3.9063687175032604,1.0155096491805191,True
2025-08-15,Promigas,0.022556777221708995,12.405245265067169,3.9063687175032604,0.9558785228234608,True
2025-08-19,Promigas,-0.0029586095351860635,15.828595016807974,3.9063687175032604,1.2038107306319392,True
2025-08-20,Promigas,-0.004454352453179254,13.47290910520653,3.9063687175032604,1.1368341090230392,True
2025-08-21,Promigas,-0.005970143366006071,12.848941344104002,3.9063687175032604,1.0805288159479431,True
2025-08-22,Promigas,0.013383105354371368,12.778582896680632,3.9063687175032604,1.0370826540774662,True
2025-08-25,Promigas,-0.013383105354371469,13.675390376722545,3.9063687175032604,1.0823222001885404,True
2025-08-26,Promigas,0.0,14.063133033811452,3.9063687175032604,1.1248473735329518,True
2025-08-27,Promigas,0.0029895665668430546,12.867928732283442,3.9063687175032604,1.0573565311209747,True
2025-08-28,Promigas,0.0,12.557961338731705,3.9063687175032604,0.9992776442082677,True
2025-08-29,Promigas,0.00595237481238738,12.4154738609964,3.9063687175032604,0.9393209855557716,True
2025-09-01,Promigas,0.004441163975141032,12.59416766976128,3.9063687175032604,0.9042201859667115,True
2025-09-02,Promigas,0.0,12.544700825310002,3.9063687175032604,0.861801337281163,True
2025-09-03,Promigas,-0.013383105354371469,12.411487748373482,3.9063687175032604,0.8100932570442932,True
2025-09-04,Promigas,0.0,13.68320368561923,3.9063687175032604,0.8689521669773594,True
2025-09-05,Promigas,0.011904933970497723,12.75372190465281,3.9063687175032604,0.8168150369587178,True
2025-09-08,Promigas,-0.0014804381513123018,13.413006416297412,3.9063687175032604,0.8528426064463412,True
2025-09-09,Promigas,0.0,12.694364843979297,3.9063687175032604,0.8029870683314774,True
2025-09-10,Promigas,-0.007434929252342173,12.456476778212853,3.9063687175032604,0.7548078442315886,True
2025-09-11,Promigas,-0.002989566566843188,12.804405630826684,3.9063687175032604,0.7426862773700933,True
2025-09-12,Promigas,0.0,12.56526177801388,3.9063687175032604,0.7034876056824396,True
2025-09-15,Promigas,-0.00450113490966795,12.417668374304453,3.9063687175032604,0.6612783493414932,True
2025-09-16,Promigas,0.004501134909667915,12.534872530244566,3.9063687175032604,0.6337577776660226,True
2025-09-17,Promigas,0.0,12.530362679210914,3.9063687175032604,0.6078884402910799,True
2025-09-18,Promigas,-0.00450113490966795,12.407177699181776,3.9063687175032604,0.5714151338736151,True
2025-09-19,Promigas,-0.012103054570051789,12.531719031492326,3.9063687175032604,0.549286355126217,True
2025-09-22,Promigas,0.016604189479719807,13.485524856521636,3.9063687175032604,0.604219531774035,True
2025-09-23,Promigas,0.0,14.54923952762449,3.9063687175032604,0.7333858248346556,True
2025-09-24,Promigas,0.0,13.014052428210585,3.9063687175032604,0.6893826753445763,True
2025-09-25,Promigas,-0.00299845127800829,12.552574921200964,3.9063687175032604,0.6480197148239017,True
2025-09-26,Promigas,0.001500349477341379,12.489972739399857,3.9063687175032604,0.6145329579744214,True
2025-09-29,Promigas,0.0,12.404156873864796,3.9063687175032604,0.5790116096284513,True
2025-09-30,Promigas,0.014881207155038196,12.369240212315516,3.9063687175032604,0.5442709130507443,True
2025-10-01,Promigas,-0.017884240264039453,13.84187422768306,3.9063687175032604,0.6444848541023958,True
2025-10-02,Promigas,0.0,15.11737481741095,3.9063687175032604,0.7977233927493861,True
2025-10-03,Promigas,0.0,13.184833994362968,3.9063687175032604,0.7498599891844229,True
2025-10-06,Promigas,0.0,12.603911889457986,3.9063687175032604,0.7048683898333574,True
2025-10-07,Promigas,0.0,12.429286604474365,3.9063687175032604,0.662576286443356,True
2025-10-08,Promigas,-0.0015048652454623364,12.376794213673366,3.9063687175032604,0.6228217092567546,True
2025-10-09,Promigas,0.0015048652454622857,12.383497131761702,3.9063687175032604,0.5868111783455496,True
2025-10-10,Promigas,0.0,12.372225267120202,3.9063687175032604,0.5529612792890168,True
2025-10-14,Promigas,0.007490701476511234,12.359641565817682,3.9063687175032604,0.5197836025316758,True
2025-10-15,Promigas,0.00595237481238738,12.7152282848748,3.9063687175032604,0.5222629515458997,True
2025-10-16,Promigas,0.00886276915507452,12.684273901307467,3.9063687175032604,0.512185633997432,True
2025-10-17,Promigas,0.01082054171581762,12.963687639959836,3.9063687175032604,0.5285837022152703,True
2025-10-20,Promigas,-0.02420686471070554,13.308553753285949,3.9063687175032604,0.5671191538966036,True
2025-10-21,Promigas,-0.0015325631081764088,16.84625864925069,3.9063687175032604,0.8846753841362485,True
2025-10-22,Promigas,0.00916034414243992,13.727729594946537,3.9063687175032604,0.8330041108963995,True
2025-10-23,Promigas,-0.004569683119791766,13.313547365105059,3.9063687175032604,0.8333710071273756,True
2025-10-24,Promigas,0.001525549105971294,12.808825313015234,3.9063687175032604,0.7958979489889189,True
2025-10-27,Promigas,-0.007651204849802806,12.50042606965896,3.9063687175032604,0.7495404520944215,True
2025-10-28,Promigas,-0.00925930034523419,12.84139134294311,3.9063687175032604,0.7396925863609439,True
2025-10-29,Promigas,-0.006220842902681326,13.141177575775414,3.9063687175032604,0.7467518169092398,True
2025-10-30,Promigas,0.004669336553828875,12.88891149547291,3.9063687175032604,0.7251660397465897,True
2025-10-31,Promigas,-0.0015540777494856648,12.646832480562518,3.9063687175032604,0.6947376996735477,True
2025-11-04,Promigas,-0.010946130869145412,12.465940800179247,3.9063687175032604,0.6545025322840027,True
2025-11-05,Promigas,0.00626959577410417,13.27414138519614,3.9063687175032604,0.6871230489496374,True
2025-11-06,Promigas,0.01857641425979701,12.877999083264019,3.9063687175032604,0.6694803647150581,True
2025-11-07,Promigas,-0.031155243409934166,14.8431830049182,3.9063687175032604,0.8363614428831087,True
2025-11-10,Promigas,-0.0031694843088105632,20.028674716460106,3.9063687175032604,1.3685692714694704,True
2025-11-11,Promigas,0.017309589749645752,14.745422791047876,3.9063687175032604,1.29248249365158,True
2025-11-12,Promigas,-0.0173095897496458,15.09216709673682,3.9063687175032604,1.39470668241311,True
2025-11-13,Promigas,0.0,15.349228402327013,3.9063687175032604,1.490797419848949,True
2025-11-14,Promigas,-0.001588640287991326,13.254529221999494,3.9063687175032604,1.401349574658012,True
2025-11-18,Promigas,0.001588640287991431,12.649526816344565,3.9063687175032604,1.3187828669573087,True
2025-11-19,Promigas,0.0,12.45363655884314,3.9063687175032604,1.241170161718648,True
2025-11-20,Promigas,0.0015860387426582247,12.384113814158669,3.9063687175032604,1.166699952015529,True
2025-11-21,Promigas,0.0,12.373807085389156,3.9063687175032604,1.098207266230525,True
2025-11-24,Promigas,0.0,12.360117060662304,3.9063687175032604,1.0323148302566933,True
2025-11-25,Promigas,0.0015834455661522379,12.356001836866938,3.9063687175032604,0.9703759404412917,True
2025-11-26,Promigas,0.003159633174457157,12.365310584058275,3.9063687175032604,0.9136577639313944,True
2025-11-27,Promigas,-0.006329117483267626,12.413437605057895,3.9063687175032604,0.8648282671737888,True
2025-11-28,Promigas,0.0,12.680134468847193,3.9063687175032604,0.8369732080135638,True
2025-12-01,Promigas,0.017309589749645752,12.452199124992418,3.9063687175032604,0.78675481553275,True
2025-12-02,Promigas,-0.009404513423202593,14.402823666981089,3.9063687175032604,0.9193226649814099,True
2025-12-03,Promigas,0.0015736413584001992,13.63014081955303,3.9063687175032604,0.917230228718844,True
2025-12-04,Promigas,0.003139711357901125,12.748143780232505,3.9063687175032604,0.8636822232706339,True
2025-12-05,Promigas,0.009360497260730046,12.527727568486716,3.9063687175032604,0.8177759623209558,True
2025-12-09,Promigas,0.0015515063488525007,12.977869756258327,3.9063687175032604,0.8212807499625793,True
2025-12-10,Promigas,0.006182462647086669,12.551684891826174,3.9063687175032604,0.7734482081351423,True
2025-12-11,Promigas,0.0030768376981475365,12.653624792298258,3.9063687175032604,0.7499750222766068,True
2025-12-12,Promigas,0.0,12.496859049653114,3.9063687175032604,0.7106566790724556,True
2025-12-15,Promigas,0.003067557829359785,12.397106502355012,3.9063687175032604,0.6680172783281082,True
2025-12-16,Promigas,-0.0061443955275072275,12.419391781926944,3.9063687175032604,0.6335821882503015,True
2025-12-17,Promigas,0.012915601179778347,12.66499371386245,3.9063687175032604,0.6182194147943539,True
2025-12-18,Promigas,-0.007855562824750188,13.557319721252224,3.9063687175032604,0.6812139022077479,True
2025-12-19,Promigas,0.032586355105859534,13.182159438338505,3.9063687175032604,0.6773669884514414,True
2025-12-22,Promigas,-0.012288946577896658,19.885979454843625,3.9063687175032604,1.273847292595462,True
2025-12-23,Promigas,-0.0030960179629630504,15.72875020941181,3.9063687175032604,1.288027379836373,True
2025-12-24,Promigas,0.0,13.449321052350246,3.9063687175032604,1.2164969333823847,True
2025-12-29,Promigas,0.0,12.683416744731247,3.9063687175032604,1.1435071173794416,True
2025-12-30,Promigas,-0.017201390564999863,12.453185777689585,3.9063687175032604,1.074896690336675,True
2025-12-31,Promigas,0.0,14.52935647407096,3.9063687175032604,1.1879355913382743,True
2026-01-02,Promigas,0.020297408527962864,13.008075578881193,3.9063687175032604,1.1166594558579779,True
2026-01-05,Promigas,-0.010878142611703924,15.342596791799444,3.9063687175032604,1.2968507642771112,True
2026-01-06,Promigas,0.004676569575854988,14.12818686739995,3.9063687175032604,1.2900401104288257,True
2026-01-07,Promigas,-0.004676569575854953,13.019799729032988,3.9063687175032604,1.2257598856017837,True
2026-01-08,Promigas,0.003120089743387123,12.727908753043252,3.9063687175032604,1.165336474264364,True
2026-01-09,Promigas,0.004662034905353908,12.52087248202725,3.9063687175032604,1.1012572618125758,True
2026-01-13,Promigas,-0.007782124648740817,12.53575559122249,3.9063687175032604,1.0482225677790642,True
2026-01-14,Promigas,-0.0031299337851553475,12.866720946755583,3.9063687175032604,1.021666092141444,True
2026-01-15,Promigas,0.0,12.590621128871621,3.9063687175032604,0.9662440179126314,True
2026-01-16,Promigas,0.003129933785155266,12.425291399548529,3.9063687175032604,0.9082693768378735,True
2026-01-19,Promigas,0.015504155192310992,12.43029250538834,3.9063687175032604,0.8596511055272749,True
2026-01-20,Promigas,0.01678150427508218,13.989862516822097,3.9063687175032604,0.9522993361319967,True
2026-01-21,Promigas,0.02095882370776503,14.741463691245565,3.9063687175032604,1.064132707404838,True
2026-01-22,Promigas,-0.00892859776084453,16.05158255833546,3.9063687175032604,1.263848119688452,True
2026-01-23,Promigas,0.014837037401346544,14.062634255988122,3.9063687175032604,1.2358491472921196,True
2026-01-26,Promigas,0.008797751676066544,14.341923098508985,3.9063687175032604,1.2937808057639664,True
2026-01-27,Promigas,-0.004389200814916074,13.45423348749219,3.9063687175032604,1.2625942181503675,True
2026-01-28,Promigas,0.0,12.839010082179893,3.9063687175032604,1.1983976153375413,True
2026-01-29,Promigas,0.0014651840706750077,12.499957161777244,3.9063687175032604,1.1264937584172887,True
2026-01-30,Promigas,0.007293963741420062,12.406584070120584,3.9063687175032604,1.060192191528827,True
2026-02-02,Promigas,-0.008759147812094933,12.709864256878854,3.9063687175032604,1.0285018042737877,True
2026-02-03,Promigas,-0.011799552604362764,13.03640276032764,3.9063687175032604,1.0128252982538368,True
2026-02-04,Promigas,0.001482562102710398,13.585155108456796,3.9063687175032604,1.0355934453564812,True
2026-02-05,Promigas,-0.02550775344996673,12.733076318131474,3.9063687175032604,0.9747766328681281,True
2026-02-06,Promigas,0.024025191347256298,17.13133750008177,3.9063687175032604,1.3066773265346145,True
2026-02-09,Promigas,0.0,17.72117793683789,3.9063687175032604,1.5746025785059052,True
2026-02-10,Promigas,-0.005952401414704031,13.967537661398573,3.9063687175032604,1.480126423795551,True
2026-02-11,Promigas,-0.0014936342434301653,13.113275382796605,3.9063687175032604,1.4125774879288802,True
2026-02-12,Promigas,-0.005997022290509669,12.604598386715505,3.9063687175032604,1.3291614046050355,True
2026-02-13,Promigas,0.004501153766211972,12.707501744541172,3.9063687175032604,1.2709902861404554,True
2026-02-16,Promigas,-0.013564702260867846,12.582256154821415,3.9063687175032604,1.2068871001082786,True
2026-02-17,Promigas,0.009063548494655892,13.769564505889207,3.9063687175032604,1.244874562557378,True
2026-02-18,Promigas,0.0,13.314212882401733,3.9063687175032604,1.219470835592923,True
2026-02-19,Promigas,-0.007547190209934799,12.642803205529232,3.9063687175032604,1.1463025854573474,True
2026-02-20,Promigas,0.0,12.8726742401845,3.9063687175032604,1.111700478368868,True
2026-02-23,Promigas,-0.015267517721558066,12.510076613482822,3.9063687175032604,1.044998449666736,True
2026-02-24,Promigas,0.0,14.098761871384148,3.9063687175032604,1.1221568011135856,True
2026-02-25,Promigas,-0.004626012580606984,12.87863876700623,3.9063687175032604,1.0548273930467704,True
2026-02-26,Promigas,-0.01872130403070239,12.681963200005256,3.9063687175032604,1.0043777449015245,True
2026-02-27,Promigas,0.007843161418998483,14.986705180403929,3.9063687175032604,1.1544074149734294,True
2026-03-02,Promigas,-0.02531782003954147,13.54116769426767,3.9063687175032604,1.1220520787017032,True
2026-03-03,Promigas,-0.030921946205451176,17.305894982533925,3.9063687175032604,1.439324160912366,True
2026-03-04,Promigas,0.0,20.666646233331523,3.9063687175032604,1.9266647655373141,True
2026-03-05,Promigas,0.07787891307208832,14.852945939621266,3.9063687175032604,1.8110648796050752,True
2026-03-06,Promigas,-0.021639146827095817,55.18105448347944,3.9063687175032604,5.341476047602708,True
2026-03-09,Promigas,0.015504155192310992,28.598472562948384,3.9063687175032604,5.301939089989312,True
2026-03-12,Promigas,-0.016406061603272494,18.85002023225234,3.9063687175032604,5.128050041526311,True
2026-03-13,Promigas,-0.04144879690895902,16.26179234719031,3.9063687175032604,4.981862353432955,True
2026-03-16,Promigas,0.041448796908959,25.727545131925876,3.9063687175032604,5.713752271347056,True
2026-03-17,Promigas,0.007490656533939829,28.206992148919102,3.9063687175032604,6.401728794186312,True
2026-03-18,Promigas,0.0,17.47894009425262,3.9063687175032604,6.051291027720806,True
2026-03-19,Promigas,0.0,13.894720924114685,3.9063687175032604,5.6882135660575575,True
2026-03-20,Promigas,0.014815129814856186,12.817304023045875,3.9063687175032604,5.346920752094103,True
2026-03-24,Promigas,-0.014815129814856064,13.963129971654368,3.9063687175032604,5.157798349827082,True
2026-03-25,Promigas,-0.0074906565339398,14.438371260157336,3.9063687175032604,4.980023291696079,True
2026-03-26,Promigas,0.011958294591645019,13.40622681732292,3.9063687175032604,4.714887855379987,True
2026-03-27,Promigas,-0.004467638057705179,13.617819802216847,3.9063687175032604,4.517795069781528,True
2026-03-30,Promigas,-0.01503784674387457,12.893389202884256,3.9063687175032604,4.258703239483429,True
2026-03-31,Promigas,-0.007604583724268417,14.164291687314623,3.9063687175032604,4.138863145929778,True
2026-04-01,Promigas,-0.006125596131731739,13.336369391025423,3.9063687175032604,3.9252291733456364,True
2026-04-02,Promigas,0.0,12.938941053510613,3.9063687175032604,3.71222917972635,True
2026-04-03,Promigas,0.0,12.529996429004253,3.9063687175032604,3.4894954289427687,True
2026-04-06,Promigas,0.01826528035372614,12.40706760430645,3.9063687175032604,3.2801257032062026,True
2026-04-07,Promigas,0.0045147014794334915,14.62282427562186,3.9063687175032604,3.2834904408539587,True
2026-04-08,Promigas,-0.018182328063932836,13.158796907658607,3.9063687175032604,3.09871053207176,True
2026-04-09,Promigas,0.0076161678020520585,14.988550166627254,3.9063687175032604,3.111146132442142,True
2026-04-10,Promigas,0.0,13.518181239793837,3.9063687175032604,2.959280971689022,True
2026-04-13,Promigas,0.0,12.704116128959926,3.9063687175032604,2.78172411338768,True
2026-04-14,Promigas,0.0,12.459408016160799,3.9063687175032604,2.614820666584419,True
2026-04-15,Promigas,0.015060570785165461,12.38584871522433,3.9063687175032604,2.457931426589354,True
2026-04-16,Promigas,-0.021148796224712798,13.883635990722663,3.9063687175032604,2.4465480164189803,True
2026-04-17,Promigas,0.01515177393420323,16.035554870997775,3.9063687175032604,2.568118084486497,True
2026-04-20,Promigas,0.005997022290509682,14.999607371842323,3.9063687175032604,2.5517767514292276,True
2026-04-21,Promigas,0.0,13.3744929226667,3.9063687175032604,2.4202487121551957,True
2026-04-22,Promigas,-0.004494410523284829,12.66092339603535,3.9063687175032604,2.275033789425884,True
2026-04-23,Promigas,0.0,12.607542282266087,3.9063687175032604,2.150651597631419,True
2026-04-24,Promigas,-0.009049801977159622,12.430377901178973,3.9063687175032604,2.0216125017735336,True
2026-04-27,Promigas,-0.013730179856000037,12.989874919968884,3.9063687175032604,1.9494551011626027,True
2026-04-28,Promigas,-0.029620281216055755,13.924415055159779,3.9063687175032604,1.945598498419712,True
2026-04-29,Promigas,0.0031595222419277223,19.093259044934527,3.9063687175032604,2.355279224105465,True
2026-04-30,Promigas,-0.0031595222419277228,14.435855660359639,3.9063687175032604,2.2199520191374784,True
2026-05-04,Promigas,-0.014342862113005703,13.063735467183701,3.9063687175032604,2.092744446467571,True
2026-05-05,Promigas,0.0,14.069618158217777,3.9063687175032604,2.0906103958351334,True
2026-05-06,Promigas,0.011173325641743396,12.869878161799116,3.9063687175032604,1.9651737720850253,True
2026-05-07,Promigas,0.0,13.333064267815205,3.9063687175032604,1.922169269297788,True
2026-05-08,Promigas,0.021978877300301423,12.648469935237689,3.9063687175032604,1.8068391131399206,True
2026-05-11,Promigas,-0.009360486456007596,15.724253841157182,3.9063687175032604,1.9882713947805488,True
2026-05-12,Promigas,-0.004713227633843183,14.021390387436146,3.9063687175032604,1.921546335109577,True
2026-05-13,Promigas,-0.003154617796143855,13.031556326942262,3.9063687175032604,1.819582263840056,True
2026-05-14,Promigas,-0.004750545414306899,12.641364608204688,3.9063687175032604,1.716378296073501,True
2026-05-15,Promigas,-0.016000388851415304,12.619355134336514,3.9063687175032604,1.6269362073491263,True
2026-05-19,Promigas,0.004827063209671991,14.295116381422943,3.9063687175032604,1.6829275009460758,True
2026-05-20,Promigas,-0.021087550931104565,13.079317478873612,3.9063687175032604,1.5959321744274124,True
2026-05-21,Promigas,-0.011541786481061496,15.7754142805598,3.9063687175032604,1.7669871265249253,True
2026-05-22,Promigas,0.0,14.365284336316394,3.9063687175032604,1.7408956000380782,True
2026-05-25,Promigas,0.027802274202493982,12.958755465958395,3.9063687175032604,1.6364418640357934,True
2026-05-26,Promigas,0.022329447564605566,17.819347501813542,3.9063687175032604,2.0020352226920437,True
2026-05-27,Promigas,-0.01110235955661277,17.385712040724368,3.9063687175032604,2.181075646454803,True
2026-05-28,Promigas,-0.006400024798320748,14.77780675153383,3.9063687175032604,2.124168540302101,True
2026-06-01,Promigas,0.06222842368278751,13.397489983531754,3.9063687175032604,2.021294618335447,True
2026-06-02,Promigas,0.0,39.4765427594981,3.9063687175032604,4.223442969662028,True
2026-06-03,Promigas,-0.0045351004977260394,20.50720408139317,3.9063687175032604,3.9700363914823065,True
2026-06-04,Promigas,-0.007604583724268417,14.968884911562641,3.9063687175032604,3.744174489908053,True
2026-06-05,Promigas,-0.0389154138190498,13.578230253082278,3.9063687175032604,3.5542218366852145,True
2026-06-08,Promigas,0.0,23.485749340097666,3.9063687175032604,4.249614186108838,True
2026-06-09,Promigas,0.038915413819049734,15.700368820005153,3.9063687175032604,3.994637334942307,True
2026-06-10,Promigas,-0.015384964540859733,23.78007241327711,3.9063687175032604,4.6636047544705015,True
2026-06-11,Promigas,0.0,17.512221706462448,3.9063687175032604,4.525806749556378,True
2026-06-17,Promigas,0.011958294591645019,13.904725382488335,3.9063687175032604,4.254258344582995,True
2026-06-18,Promigas,0.0,13.767668556931,3.9063687175032604,4.084803329632355,True
2026-06-19,Promigas,0.0,12.77911205954515,3.9063687175032604,3.8397151298544134,True
2026-06-22,Promigas,-0.019505484801579768,12.481951805836696,3.9063687175032604,3.6093322220631485,True
2026-06-23,Promigas,0.01950548480157988,15.139700830892046,3.9063687175032604,3.621050651146155,True
2026-06-24,Promigas,0.0,15.766402732563627,3.9063687175032604,3.632065974484184,True
2026-06-25,Promigas,-0.02102184308630077,13.379931897660004,3.9063687175032604,3.414142016015133,True
2026-06-26,Promigas,0.016554205028595646,15.846137119077701,3.9063687175032604,3.4744442271012557,True
2026-06-29,Promigas,0.0,15.247468750498793,3.9063687175032604,3.430402595952449,True
2026-06-30,Promigas,-0.012012162327500445,13.223940253099364,3.9063687175032604,3.224578440195302,True
2026-07-01,Promigas,0.001509416081351982,13.677875360534008,3.9063687175032604,3.1176789600529164,True
2026-07-02,Promigas,0.014970384303853664,12.76139143618277,3.9063687175032604,2.9319852245937277,True
2026-07-03,Promigas,-0.010455682824420094,13.977979869819787,3.9063687175032604,2.8905335548411446,True
2026-07-06,Promigas,0.0,13.653083045248966,3.9063687175032604,2.7826943235456,True
2026-07-07,Promigas,-0.009049801977159622,12.744667634959617,3.9063687175032604,2.6157326641328638,True
2026-07-08,Promigas,0.025431430820857262,13.08435046818003,3.9063687175032604,2.507928053780373,True
2026-07-09,Promigas,-0.026947789105578383,16.98486295515902,3.9063687175032604,2.7455069747111804,True
2026-07-10,Promigas,0.010566160261880635,18.944094555997626,3.9063687175032604,3.0164865588357475,True
2026-07-14,Promigas,-0.004514701479433541,15.069338052584207,3.9063687175032604,2.9024836109134498,True
2026-07-15,Promigas,0.0,13.332880248621649,3.9063687175032604,2.7405641119276822,True
2026-07-16,Promigas,0.007513243478420696,12.648414619036348,3.9063687175032604,2.5761302652120213,True
2026-07-17,Promigas,-0.01965292770041519,12.804299505434031,3.9063687175032604,2.4554317458389185,True
2026-07-21,Promigas,0.0,15.277630299970852,3.9063687175032604,2.5398483814072317,True
2026-07-22,Promigas,0.0015255348679613914,13.233006820075614,3.9063687175032604,2.3874574785227978,True
2026-07-23,Promigas,-0.0015255348679612789,12.627934862907974,3.9063687175032604,2.2456063837914493,True
2026-07-24,Promigas,0.0,12.459519387465933,3.9063687175032604,2.1122663547439813,True
2026-07-27,Promigas,-0.006125596131731739,12.385882193457874,3.9063687175032604,1.9855303734593424,True
2026-07-28,Promigas,-0.00616335044616498,12.653224437897123,3.9063687175032604,1.888912307833234,True
2026-07-29,Promigas,0.004626012580606999,12.736999176589286,3.9063687175032604,1.798369702596585,True
2026-07-30,Promigas,0.0015373378655578942,12.598542303655833,3.9063687175032604,1.7033075158783504,True
2026-07-31,Promigas,0.01977249705839451,12.437415455056534,3.9063687175032604,1.602527109553376,True
2026-08-03,Promigas,-0.0045283306488704414,15.026267568433735,3.9063687175032604,1.7409464669347052,True
2026-08-04,Promigas,-0.0015139865535239618,13.32085542519614,3.9063687175032604,1.6487931459979224,True
2026-08-05,Promigas,0.0015139865535239957,12.667514947857768,3.9063687175032604,1.5512408504085977,True
2026-08-06,Promigas,0.0,12.457753390753876,3.9063687175032604,1.4595416925546327,True
2026-08-07,Promigas,0.0,12.385351334541474,3.9063687175032604,1.3719691910013547,True
2026-08-10,Promigas,0.0,12.36358726394967,3.9063687175032604,1.2896510395412735,True
2026-08-11,Promigas,0.0030211139442020063,12.357044980573969,3.9063687175032604,1.212271977168797,True
2026-08-12,Promigas,0.001507216704668461,12.405576537253065,3.9063687175032604,1.1450119362169802,True
2026-08-13,Promigas,-0.0007736944293102691,12.378901496514041,3.9063687175032604,1.0776742413608602,True
2026-08-14,Promigas,-0.003100777678248271,12.369250627256188,3.9063687175032604,1.013372948721176,True
2026-08-18,Promigas,-0.009360442759563695,12.439682198501838,3.9063687175032604,0.958339465123859,True
2026-08-19,Promigas,-0.0031397200046677527,13.034041670574387,3.9063687175032604,0.9534098304094685,True
2026-08-20,Promigas,-0.00314960890289622,12.64139009518946,3.9063687175032604,0.9021199456095269,True
2026-08-21,Promigas,-0.01110241380430527,12.523837608268945,3.9063687175032604,0.8539447706176772,True
2026-08-24,Promigas,0.0031847160675199195,13.316335122292699,3.9063687175032604,0.8766662397498335,True
2026-08-25,Promigas,0.00158856268513774,12.700318002716777,3.9063687175032604,0.8301517152232751,True
2026-08-26,Promigas,0.0,12.468903016375474,3.9063687175032604,0.7818567311526458,True
2026-08-27,Promigas,0.0015860431556347797,12.388702913927407,3.9063687175032604,0.7349453272834869,True
2026-08-28,Promigas,0.011032420803576632,12.375186647994376,3.9063687175032604,0.6923579273813992,True
2026-08-31,Promigas,-0.03997334740857852,13.16309843173494,3.9063687175032604,0.7238450370108296,True
2026-09-01,Promigas,0.02098543516388702,23.94934411286444,3.9063687175032604,1.6391354366183273,True
2026-09-02,Promigas,0.003189795368100081,18.827162215548505,3.9063687175032604,1.8050204038318514,True
2026-09-03,Promigas,-0.0031897953681001494,14.357077607150938,3.9063687175032604,1.7028240562961516,True
2026-09-04,Promigas,0.003189795368100081,13.041532758040727,3.9063687175032604,1.6067594896125945,True
2026-09-08,Promigas,0.009508787969027356,12.61791639380344,3.9063687175032604,1.5164587969300503,True
2026-09-09,Promigas,-0.0015785322930497267,13.023896089688016,3.9063687175032604,1.479721498298199,True
2026-09-10,Promigas,-0.006339165443735654,12.579929929781827,3.9063687175032604,1.3924332669204276,True
2026-09-11,Promigas,0.004758137446416798,12.731116717812752,3.9063687175032604,1.3329982820190331,True
2026-09-14,Promigas,-0.0015835316056442737,12.604862480052809,3.9063687175032604,1.2666023082732873,True
2025-01-02,Mineros SA,0.03577995280485179,2.3457943872574236,4.588424534508743,3.1305748127518815,True
2025-01-03,Mineros SA,0.026847230237938738,6.081737068453119,4.588424534508743,3.710863337617222,True
2025-01-07,Mineros SA,-0.017817647356160815,6.9206918060953635,4.588424534508743,3.920675800229524,True
2025-01-08,Mineros SA,0.011178724816804136,6.24163563473738,4.588424534508743,3.875916386600855,True
2025-01-09,Mineros SA,0.005540149801406967,5.179693501530863,4.588424534508743,3.718339736522703,True
2025-01-10,Mineros SA,0.009895659040741642,4.154013715426169,4.588424534508743,3.5136553082245587,True
2025-01-13,Mineros SA,-0.004386033468001024,3.655909403407473,4.588424534508743,3.3615904304414523,True
2025-01-14,Mineros SA,0.017429772583285,3.0662963470094566,4.588424534508743,3.17143737836442,True
2025-01-15,Mineros SA,-0.039652676648906086,3.5457417684857035,4.588424534508743,3.1634293190455747,True
2025-01-16,Mineros SA,0.03965267664890618,7.8059745453611615,4.588424534508743,3.917024419156462,True
2025-01-17,Mineros SA,0.0,10.75444184236477,4.588424534508743,4.6254038132607,True
2025-01-20,Mineros SA,-0.0021621931364331397,7.902547619568829,4.588424534508743,4.3478795844650575,True
2025-01-21,Mineros SA,0.0,5.950013196103026,4.588424534508743,4.089811856892696,True
2025-01-22,Mineros SA,0.01716783330552986,4.589257673951913,4.588424534508743,3.8444231454791344,True
2025-01-23,Mineros SA,0.010582153074146096,4.567863773780363,4.588424534508743,3.790598456994262,True
2025-01-24,Mineros SA,0.02904758348362554,3.9850356360661645,4.588424534508743,3.630351727785402,True
2025-01-27,Mineros SA,-0.003072041727877621,5.856744871606516,4.588424534508743,3.9187878878611953,True
2025-01-28,Mineros SA,0.0,4.553821889992703,4.588424534508743,3.689323078816216,True
2025-01-29,Mineros SA,0.0,3.626398829062522,4.588424534508743,3.467963694087243,True
2025-01-30,Mineros SA,0.0,2.986817782208148,4.588424534508743,3.259885872442008,True
2025-01-31,Mineros SA,0.0,2.5457419315763365,4.588424534508743,3.0642927200954873,True
2025-02-03,Mineros SA,0.0,2.2415617077135237,4.588424534508743,2.880435156889758,True
2025-02-04,Mineros SA,0.0,2.031789151685588,4.588424534508743,2.7076090474763723,True
2025-02-05,Mineros SA,-0.2744369933083998,1.8871231878577106,4.588424534508743,2.5451525046277896,True
2025-02-06,Mineros SA,0.0,235.50648819337493,4.588424534508743,47.58184133204298,True
2025-02-07,Mineros SA,0.0,162.89885420662677,4.588424534508743,44.7269308521204,True
2025-02-10,Mineros SA,0.0,112.82627297461912,4.588424534508743,42.04331500099317,True
2025-02-11,Mineros SA,0.0,78.29459560728314,4.588424534508743,39.520716100933576,True
2025-02-12,Mineros SA,0.0,54.4804300008265,4.588424534508743,37.14947313487756,True
2025-02-13,Mineros SA,0.0,38.05740839376769,4.588424534508743,34.92050474678491,True
2025-02-14,Mineros SA,0.0,26.73155960430627,4.588424534508743,32.82527446197781,True
2025-02-17,Mineros SA,0.3950648650005605,18.920886643454136,4.588424534508743,30.855757994259143,True
2025-02-18,Mineros SA,-0.029522491137577253,497.99657268974534,4.588424534508743,122.65016104935032,True
2025-02-19,Mineros SA,-0.14483090869000717,346.6217319397141,4.588424534508743,115.81409787617028,True
2025-02-20,Mineros SA,0.17435339982758444,304.6110785006133,4.588424534508743,121.450847270784,True
2025-02-21,Mineros SA,-0.027651557051716406,304.9276104662207,4.588424534508743,132.40326125339948,True
2025-02-24,Mineros SA,0.0,213.14335899001242,4.588424534508743,124.91783074262611,True
2025-02-25,Mineros SA,0.0,147.47651440360238,4.588424534508743,117.42276089806853,True
2025-02-26,Mineros SA,0.0,102.19052683922642,4.588424534508743,110.37739524418441,True
2025-02-27,Mineros SA,0.0,70.9598398373229,4.588424534508743,103.75475152953334,True
2025-02-28,Mineros SA,0.0,49.42214433660416,4.588424534508743,97.52946643776133,True
2025-03-03,Mineros SA,0.03489788993350396,34.56905040839799,4.588424534508743,91.67769845149564,True
2025-03-04,Mineros SA,-0.010889196823066527,28.110333638924317,4.588424534508743,86.90775417749246,True
2025-03-05,Mineros SA,-0.01655985605904728,20.238313116883624,4.588424534508743,81.7644336913138,True
2025-03-06,Mineros SA,-0.01683861700844423,15.29186360410813,4.588424534508743,77.02310496945279,True
2025-03-07,Mineros SA,0.0,11.90949045569504,4.588424534508743,72.57184208493986,True
2025-03-10,Mineros SA,-0.00947878431618349,8.699106636055356,4.588424534508743,68.21753155984347,True
2025-03-11,Mineros SA,0.01512328075612294,6.762727062761599,4.588424534508743,64.1783880775205,True
2025-03-12,Mineros SA,0.00933708388990233,5.861581446213146,4.588424534508743,60.46491296536637,True
2025-03-13,Mineros SA,0.0037106311632722115,4.800087201961318,4.588424534508743,56.88932686878463,True
2025-03-14,Mineros SA,-0.005571122844161133,3.8394552159246125,4.588424534508743,53.48422852683546,True
2025-03-17,Mineros SA,0.02392024835981739,3.229342745601926,4.588424534508743,50.293797261072164,True
2025-03-18,Mineros SA,0.0,4.492009410186241,4.588424534508743,47.61947639436504,True
2025-03-19,Mineros SA,-0.05994295438574006,3.583770936562599,4.588424534508743,44.762307810703135,True
2025-03-20,Mineros SA,-0.03536734971009767,14.101499989908024,4.588424534508743,44.23246401035549,True
2025-03-21,Mineros SA,0.0,14.088347801190155,4.588424534508743,42.32902582504396,True
2025-03-24,Mineros SA,0.0,10.20171738694655,4.588424534508743,39.78928427554133,True
2025-03-25,Mineros SA,0.050693159616772066,7.521370893745519,4.588424534508743,37.40192721900885,True
2025-03-26,Mineros SA,0.020696896119248135,13.655425089824327,4.588424534508743,36.69968944502723,True
2025-03-27,Mineros SA,0.038360957334727844,11.235387992189814,4.588424534508743,34.754724983708165,True
2025-03-28,Mineros SA,-0.014440708974910227,12.806543396951033,4.588424534508743,33.55237931326776,True
2025-03-31,Mineros SA,0.02690747727540231,9.963058608769636,4.588424534508743,31.664356999890522,True
2025-04-01,Mineros SA,0.04329681600686035,9.607436528130231,4.588424534508743,30.198902979892868,True
2025-04-02,Mineros SA,-0.017094588892322838,12.935447201730067,4.588424534508743,29.511737366898444,True
2025-04-03,Mineros SA,0.017094588892322838,10.311353772774087,4.588424534508743,27.916368106523052,True
2025-04-04,Mineros SA,-0.03448614993621662,8.506208540269117,4.588424534508743,26.416721001770185,True
2025-04-07,Mineros SA,0.013937362006516728,10.03872316788034,4.588424534508743,25.5452944641179,True
2025-04-08,Mineros SA,-0.013937362006516804,8.013694388022271,4.588424534508743,24.12912683209124,True
2025-04-09,Mineros SA,0.034486149936216716,6.613487876184336,4.588424534508743,22.797929257986187,True
2025-04-10,Mineros SA,0.0033841449565197956,8.742549540107419,4.588424534508743,22.143630224960948,True
2025-04-11,Mineros SA,-0.0016906409243071768,6.5510729149685325,4.588424534508743,20.821883873715333,True
2025-04-14,Mineros SA,0.01677890434421709,5.012415844831525,4.588424534508743,19.574285801333374,True
2025-04-15,Mineros SA,-0.0016653024741513007,4.8186586039276715,4.588424534508743,18.568747631848805,True
2025-04-16,Mineros SA,0.0,3.817426128806834,4.588424534508743,17.456286713336123,True
2025-04-17,Mineros SA,0.0,3.1185564088341566,4.588424534508743,16.408909510535956,True
2025-04-18,Mineros SA,0.0,2.6365931647170266,4.588424534508743,15.424374939903798,True
2025-04-21,Mineros SA,0.014888417258692199,2.3042156671070435,4.588424534508743,14.49891244350957,True
2025-04-22,Mineros SA,0.011428856180963025,2.764939521742189,4.588424534508743,13.761976677980348,True
2025-04-23,Mineros SA,-0.026317273439655328,2.7996349050451,4.588424534508743,13.014629329464608,True
2025-04-24,Mineros SA,0.032789877952284774,4.562781386881321,4.588424534508743,12.649310898475283,True
2025-04-25,Mineros SA,-0.00322703588593243,6.973905182997715,4.588424534508743,12.535457902242204,True
2025-04-28,Mineros SA,-0.021260050228766175,5.327261617298207,4.588424534508743,11.78957868447313,True
2025-04-29,Mineros SA,-0.0033112132533553024,5.55980994775472,4.588424534508743,11.353397804842537,True
2025-04-30,Mineros SA,0.0,4.353752703769917,4.588424534508743,10.678772416477502,True
2025-05-01,Mineros SA,0.0,3.4884246240224503,4.588424534508743,10.038046071488852,True
2025-05-02,Mineros SA,-0.008326362071248495,2.891666291787022,4.588424534508743,9.43576330719952,True
2025-05-05,Mineros SA,-0.011774769979509256,2.694195412333464,4.588424534508743,8.911214491972464,True
2025-05-06,Mineros SA,0.0201011320507577,2.772694878235596,4.588424534508743,8.459728747296328,True
2025-05-07,Mineros SA,0.05642101630290469,3.6547873819763197,4.588424534508743,8.194578328291747,True
2025-05-08,Mineros SA,-0.0015686433917843755,12.893872367380963,4.588424534508743,9.612902276985826,True
2025-05-09,Mineros SA,0.09288113228120644,9.385398245972643,4.588424534508743,9.03760452562103,True
2025-05-12,Mineros SA,-0.030503329419973847,33.745787933786026,4.588424534508743,13.671491094387154,True
2025-05-13,Mineros SA,0.024764375660866214,26.64192254907155,4.588424534508743,13.40947349214599,True
2025-05-14,Mineros SA,0.039497425278279624,20.765744588607806,4.588424534508743,12.972869663740731,True
2025-05-15,Mineros SA,0.002762392733160954,19.653760969807465,4.588424534508743,13.130525446084256,True
2025-05-16,Mineros SA,-0.015288572530563475,14.063855310610593,4.588424534508743,12.347272407486534,True
2025-05-19,Mineros SA,-0.002805078589929344,10.90826215787509,4.588424534508743,11.74668033305072,True
2025-05-20,Mineros SA,0.0028050785899294277,8.03267784792731,4.588424534508743,11.046600592605085,True
2025-05-21,Mineros SA,0.04115807580257533,6.050322403182506,4.588424534508743,10.388525636586186,True
2025-05-22,Mineros SA,-0.016260615550907367,9.921455609320327,4.588424534508743,10.781606420653338,True
2025-05-23,Mineros SA,0.004090025819512193,8.14658143633609,4.588424534508743,10.293354606270784,True
2025-05-26,Mineros SA,-0.006826032868954405,6.15654177976262,4.588424534508743,9.685790316617103,True
2025-05-27,Mineros SA,-0.012405318094183958,4.875399993909255,4.588424534508743,9.132599732456903,True
2025-05-28,Mineros SA,0.0,4.324161929237154,4.588424534508743,8.676978898720222,True
2025-05-29,Mineros SA,0.0,3.468017865391805,4.588424534508743,8.156360164797007,True
2025-05-30,Mineros SA,0.0,2.8775931286344885,4.588424534508743,7.6669785549091864,True
2025-06-02,Mineros SA,0.0,2.470417065053305,4.588424534508743,7.206959841614635,True
2025-06-03,Mineros SA,0.0,2.1896152347234654,4.588424534508743,6.774542251117757,True
2025-06-04,Mineros SA,0.0,1.9959651777356078,4.588424534508743,6.368069716050691,True
2025-06-05,Mineros SA,0.0,1.8624178125800765,4.588424534508743,5.985985533087649,True
2025-06-06,Mineros SA,0.0,1.7703192146380007,4.588424534508743,5.62682640110239,True
2025-06-09,Mineros SA,0.0,1.7068050319881392,4.588424534508743,5.289216817036246,True
2025-06-10,Mineros SA,0.0,1.663003589970345,4.588424534508743,4.971863808014072,True
2025-06-11,Mineros SA,0.0,1.6327966937655278,4.588424534508743,4.673551979533227,True
2025-06-12,Mineros SA,0.0,1.6119650376306014,4.588424534508743,4.3931388607612325,True
2025-06-13,Mineros SA,0.0,1.5975988513669954,4.588424534508743,4.1295505291155585,True
2025-06-16,Mineros SA,0.0,1.5876914629949979,4.588424534508743,3.881777497368625,True
2025-06-17,Mineros SA,-0.03816720966402818,1.580859006381077,4.588424534508743,3.6488708475265073,True
2025-06-18,Mineros SA,0.038167209664028076,6.092342397636232,4.588424534508743,4.303980132797649,True
2025-06-19,Mineros SA,0.0013859476729948575,9.213687953974295,4.588424534508743,4.919782860952517,True
2025-06-20,Mineros SA,-0.012543638518086594,6.846138441462763,4.588424534508743,4.625748399866733,True
2025-06-24,Mineros SA,0.023563008939275834,5.6939394964223595,4.588424534508743,4.442609216238184,True
2025-06-25,Mineros SA,-0.001370748824831175,6.138980847085754,4.588424534508743,4.509181897427328,True
2025-06-26,Mineros SA,-0.008264524579992142,4.725226546988322,4.588424534508743,4.2397583549861535,True
2025-06-27,Mineros SA,-0.004157915879510304,3.9555020662240423,4.588424534508743,4.026354273606961,True
2025-06-30,Mineros SA,0.0,3.266886154250281,4.588424534508743,3.795145975867193,True
2025-07-01,Mineros SA,0.0,2.7388861719210276,4.588424534508743,3.5674372173151614,True
2025-07-02,Mineros SA,0.013793189284333518,2.374760245293182,4.588424534508743,3.3533909842762517,True
2025-07-03,Mineros SA,0.0,2.715949286603018,4.588424534508743,3.2663387675997484,True
2025-07-04,Mineros SA,0.0,2.358942224649445,4.588424534508743,3.0703584415437635,True
2025-07-07,Mineros SA,0.0,2.1127385663215437,4.588424534508743,2.8861369350511374,True
2025-07-08,Mineros SA,-0.0041180305711624714,1.9429485317985715,4.588424534508743,2.712968718948069,True
2025-07-09,Mineros SA,0.0027472817463314834,1.8779446885329527,4.588424534508743,2.5603655012822024,True
2025-07-10,Mineros SA,-0.0334759203606957,1.8048150052978869,4.588424534508743,2.411272105401506,True
2025-07-11,Mineros SA,0.03347592036069573,5.2042681105993855,4.588424534508743,2.938978125474801,True
2025-07-14,Mineros SA,-0.008264524579992142,7.557482490373663,4.588424534508743,3.435021784343699,True
2025-07-15,Mineros SA,0.009635273404823166,5.908717699457355,4.588424534508743,3.2699018972030536,True
2025-07-16,Mineros SA,0.0,4.850191871889751,4.588424534508743,3.1294108795222857,True
2025-07-17,Mineros SA,-0.001370748824831175,3.8307851887113866,4.588424534508743,2.9416462267509482,True
2025-07-18,Mineros SA,0.004106755874273321,3.1334198972300857,4.588424534508743,2.766274824550357,True
2025-07-21,Mineros SA,0.02162254605766979,2.699730680143647,4.588424534508743,2.6104176013638627,True
2025-07-22,Mineros SA,0.0,3.801687983882263,4.588424534508743,2.7343132440916618,True
2025-07-23,Mineros SA,0.0026701897367009952,3.107702873235951,4.588424534508743,2.570254449446162,True
2025-07-24,Mineros SA,0.0066445435809840275,2.6515897563810062,4.588424534508743,2.420317130417382,True
2025-07-25,Mineros SA,-0.0013253943645023768,2.4524623764995432,4.588424534508743,2.3015880782320965,True
2025-07-28,Mineros SA,3.3674845919914233e-06,2.182510210916174,4.588424534508743,2.1645467956710434,True
2025-07-29,Mineros SA,0.01969860208717345,1.991065802570937,4.588424534508743,2.034673994734752,True
2025-07-30,Mineros SA,-0.017049641200100298,3.065974747406935,4.588424534508743,2.1454145095639436,True
2025-07-31,Mineros SA,0.0,3.5002879177675736,4.588424534508743,2.191103798021402,True
2025-08-01,Mineros SA,-0.001323570982852053,2.899847604234695,4.588424534508743,2.0596375701401177,True
2025-08-04,Mineros SA,0.0,2.491026835829184,4.588424534508743,1.9371104200196994,True
2025-08-05,Mineros SA,-0.020067563487791984,2.2038284016411014,4.588424534508743,1.8208837948185173,True
2025-08-06,Mineros SA,0.026668226244987304,3.252989196336552,4.588424534508743,1.9532550297313436,True
2025-08-07,Mineros SA,0.0,4.940140217057889,4.588424534508743,2.262776302579761,True
2025-08-08,Mineros SA,0.023408054232086698,3.8928164872514035,4.588424534508743,2.1270097244249753,True
2025-08-11,Mineros SA,-0.02209318520288654,4.87425774179477,4.588424534508743,2.328151342718864,True
2025-08-12,Mineros SA,0.02466059760545899,5.359395704899599,4.588424534508743,2.481327561601159,True
2025-08-13,Mineros SA,0.03154837989786103,6.072690086951429,4.588424534508743,2.697334952460112,True
2025-08-14,Mineros SA,-0.002487518980331992,7.767114667093793,4.588424534508743,3.132675019820362,True
2025-08-15,Mineros SA,0.013605560022763441,5.861266117159037,4.588424534508743,2.948427169037647,True
2025-08-19,Mineros SA,0.014634385150848398,5.10437673389348,4.588424534508743,2.8825882970151997,True
2025-08-20,Mineros SA,0.007237715046430541,4.672711182944987,4.588424534508743,2.8381321364403105,True
2025-08-21,Mineros SA,0.00359930764543113,3.8719290478732806,4.588424534508743,2.6992749197098878,True
2025-08-22,Mineros SA,0.03991143190742429,3.1968268523496475,4.588424534508743,2.5450914338431696,True
2025-08-25,Mineros SA,0.04610133865037906,7.63975547562876,4.588424534508743,3.3481393859531594,True
2025-08-26,Mineros SA,0.0217401297234283,12.356991677531347,4.588424534508743,4.422451078010131,True
2025-08-27,Mineros SA,-0.010810986870077411,10.477489009699267,4.588424534508743,4.440683957564418,True
2025-08-28,Mineros SA,0.057037697681061296,8.072873962612631,4.588424534508743,4.244369382373544,True
2025-08-29,Mineros SA,0.046146609320031125,16.1579672943193,4.588424534508743,5.941686593484819,True
2025-09-01,Mineros SA,-0.019802757505369264,18.244394366622764,4.588424534508743,6.862891128917081,True
2025-09-02,Mineros SA,0.0,14.28235083587942,4.588424534508743,6.686407184071931,True
2025-09-03,Mineros SA,0.041142117276652984,10.335508176982584,4.588424534508743,6.285222753027615,True
2025-09-04,Mineros SA,0.050525207398560285,12.872580372657207,4.588424534508743,6.923713676249479,True
2025-09-05,Mineros SA,0.0036430149312964384,17.293008653541825,4.588424534508743,8.039968805275029,True
2025-09-08,Mineros SA,0.018018446845133342,12.453427211090876,4.588424534508743,7.565533611632316,True
2025-09-09,Mineros SA,0.0071175141484642835,10.084255458416003,4.588424534508743,7.306400250960914,True
2025-09-10,Mineros SA,-0.007117514148464229,7.598534338025184,4.588424534508743,6.8984116404954126,True
2025-09-11,Mineros SA,0.0035650894368224463,5.882420593030309,4.588424534508743,6.51490234665784,True
2025-09-12,Mineros SA,0.003552424711641678,4.582561688767194,4.588424534508743,6.131634123473895,True
2025-09-15,Mineros SA,-0.007117514148464229,3.6858553531942913,4.588424534508743,5.771307908864591,True
2025-09-16,Mineros SA,-0.007168536525547421,3.1841101600189305,4.588424534508743,5.455424838924868,True
2025-09-17,Mineros SA,-0.010849910319585892,2.840345945225578,4.588424534508743,5.15893209814024,True
2025-09-18,Mineros SA,-0.02765162176891892,2.8086638256833374,4.588424534508743,4.92002850461766,True
2025-09-19,Mineros SA,0.02765162176891897,4.792337743075826,4.588424534508743,5.083594106211411,True
2025-09-22,Mineros SA,0.0,6.167646609934546,4.588424534508743,5.237345771709538,True
2025-09-23,Mineros SA,0.0,4.739344740483607,4.588424534508743,4.923105025406966,True
2025-09-24,Mineros SA,0.012646867821370015,3.754341408809645,4.588424534508743,4.6277187238825475,True
2025-09-25,Mineros SA,0.031804836850124425,3.573133170791329,4.588424534508743,4.446021559864317,True
2025-09-26,Mineros SA,0.04255964272514011,6.093799519794205,4.588424534508743,4.786188854510278,True
2025-09-29,Mineros SA,0.0,10.315796731620178,4.588424534508743,5.5858114365746045,True
2025-09-30,Mineros SA,-0.1823216870031441,7.600043712833757,4.588424534508743,5.250662750380128,True
2025-10-01,Mineros SA,0.24216160559515082,108.8729833528896,4.588424534508743,24.880341516360804,True
2025-10-02,Mineros SA,-0.02222304979561239,257.60674462860703,4.588424534508743,58.572866960032016,True
2025-10-03,Mineros SA,0.026921601478214183,179.66976717083165,4.588424534508743,55.354813307761056,True
2025-10-06,Mineros SA,0.044315876247704576,126.64505297840782,4.588424534508743,52.46838808498646,True
2025-10-07,Mineros SA,-0.005997058984249991,93.92562534631074,4.588424534508743,50.49862293244839,True
2025-10-08,Mineros SA,0.0512933457859152,65.37092636798964,4.588424534508743,47.49028438637783,True
2025-10-09,Mineros SA,-0.04829032071096937,53.74041432396102,4.588424534508743,46.21947171634324,True
2025-10-10,Mineros SA,0.01930280640548559,44.77832429521699,4.588424534508743,44.845476457983615,True
2025-10-14,Mineros SA,0.02181897765447695,32.52549464536769,4.588424534508743,42.37830687158119,True
2025-10-15,Mineros SA,0.019943742503930453,24.39701344986195,4.588424534508743,40.12124913081825,True
2025-10-16,Mineros SA,0.03192492618052653,18.548037244746357,4.588424534508743,37.952625902007,True
2025-10-17,Mineros SA,0.002728532647338527,16.444748559817306,4.588424534508743,36.28698889486582,True
2025-10-20,Mineros SA,-0.004095595892862506,11.850234671945584,4.588424534508743,34.114236495418425,True
2025-10-21,Mineros SA,-0.015162145317949797,8.709761848136031,4.588424534508743,32.07744664912389,True
2025-10-22,Mineros SA,-0.012578795942005847,7.203973680369026,4.588424534508743,30.290734240562035,True
2025-10-23,Mineros SA,0.012578795942005875,5.94345094033007,4.588424534508743,28.568225850538685,True
2025-10-24,Mineros SA,-0.013986264898891694,5.07747567077187,4.588424534508743,26.949067963916736,True
2025-10-27,Mineros SA,-0.08829260926175385,4.592807893621009,4.588424534508743,25.449493249574914,True
2025-10-28,Mineros SA,-0.006171009930609373,27.836590501673193,4.588424534508743,28.59987456474967,True
2025-10-29,Mineros SA,0.03348867790100408,19.80032911214863,4.588424534508743,26.906730909002896,True
2025-10-30,Mineros SA,0.017804707189366765,17.626053108979292,4.588424534508743,25.96522198299704,True
2025-10-31,Mineros SA,0.0,13.627673644875058,4.588424534508743,24.597513222876668,True
2025-11-04,Mineros SA,-0.045120497144443605,9.884021535325985,4.588424534508743,23.121662429504067,True
2025-11-05,Mineros SA,0.025817655320313347,13.614965551433599,4.588424534508743,22.955878241270867,True
2025-11-06,Mineros SA,0.03679593784189631,11.947425868054907,4.588424534508743,21.978456342537715,True
2025-11-07,Mineros SA,0.011494362894253166,12.932320637149747,4.588424534508743,21.472113586984268,True
2025-11-10,Mineros SA,0.0,9.816060160259314,4.588424534508743,20.26305899877208,True
2025-11-11,Mineros SA,0.00711750091475678,7.255409151836508,4.588424534508743,19.047275458845753,True
2025-11-12,Mineros SA,0.034846689584369775,5.6476695145853615,4.588424534508743,17.934834222877946,True
2025-11-13,Mineros SA,0.024358491226053266,8.154120769178967,4.588424534508743,17.587319234498924,True
2025-11-14,Mineros SA,-0.02710199003491117,7.954021048504754,4.588424534508743,16.888081737314817,True
2025-11-18,Mineros SA,0.02308327731787329,8.247412673184213,4.588424534508743,16.31550755138738,True
2025-11-19,Mineros SA,-0.0026881860114600867,7.830422372846591,4.588424534508743,15.656279713344443,True
2025-11-20,Mineros SA,-0.01765159249755539,5.908122124026427,4.588424534508743,14.7212387369631,True
2025-11-21,Mineros SA,0.006825996921901997,5.52507649178144,4.588424534508743,14.024911643365165,True
2025-11-24,Mineros SA,0.017532494304151228,4.441722298541983,4.588424534508743,13.211373485149943,True
2025-11-25,Mineros SA,0.0026701758108135794,4.505440206360083,4.588424534508743,12.603124089956005,True
2025-11-26,Mineros SA,0.003992039944923663,3.6155145590257542,4.588424534508743,11.851214547875037,True
2025-11-27,Mineros SA,-0.00399203994492364,3.029300155672809,4.588424534508743,11.149703504755653,True
2025-11-28,Mineros SA,0.0,2.6239733552249405,4.588424534508743,10.490283124223433,True
2025-12-01,Mineros SA,0.03793782580133638,2.295512636843858,4.588424534508743,9.860866136770026,True
2025-12-02,Mineros SA,-0.006439076478178654,6.541058925371288,4.588424534508743,10.132781344483352,True
2025-12-03,Mineros SA,-0.17459956291561365,5.1246953732466105,4.588424534508743,9.54969148734945,True
2025-12-04,Mineros SA,0.17459956291561365,98.61260284887406,4.588424534508743,27.267714420302497,True
2025-12-05,Mineros SA,-0.009085114252204032,163.13101114353466,4.588424534508743,43.92265597727836,True
2025-12-09,Mineros SA,0.009085114252204063,113.24135141814085,4.588424534508743,41.33682019922701,True
2025-12-10,Mineros SA,-0.010389751945824182,78.83822208743362,4.588424534508743,38.90613456785875,True
2025-12-11,Mineros SA,0.010389751945824236,55.18899275197839,4.588424534508743,36.636534661084674,True
2025-12-12,Mineros SA,-0.009085114252204032,38.88246054117807,4.588424534508743,34.50311074871705,True
2025-12-15,Mineros SA,0.007792283292256131,27.555517830295116,4.588424534508743,32.48244768437938,True
2025-12-16,Mineros SA,0.002583992665835856,19.67859814765913,4.588424534508743,30.56993263066068,True
2025-12-17,Mineros SA,0.0038633870374389545,14.07800000477692,4.588424534508743,28.739742883679295,True
2025-12-18,Mineros SA,0.0,10.241416093708295,4.588424534508743,27.024313766299166,True
2025-12-19,Mineros SA,0.002567407574742149,7.54874841054349,4.588424534508743,25.402854940321216,True
2025-12-22,Mineros SA,0.0,5.712594535561381,4.588424534508743,23.882638592894846,True
2025-12-23,Mineros SA,-0.0025674075747422445,4.4255260590622765,4.588424534508743,22.449680277321153,True
2025-12-24,Mineros SA,0.0064062018705439636,3.55804095627552,4.588424534508743,21.10665440967479,True
2025-12-29,Mineros SA,-0.007761978204995266,3.067894976417887,4.588424534508743,19.864878798537998,True
2025-12-30,Mineros SA,-0.006514711277281326,2.787621590368553,4.588424534508743,18.709135054018606,True
2025-12-31,Mineros SA,0.0,2.5392340112575926,4.588424534508743,17.61205182859329,True
2026-01-02,Mineros SA,-0.007874028931924579,2.237073634615436,4.588424534508743,16.555328718877693,True
2026-01-05,Mineros SA,0.027292079192690104,2.220083147994295,4.588424534508743,15.599209194717501,True
2026-01-06,Mineros SA,0.011472454717756953,4.332377002094813,4.588424534508743,15.11017119503049,True
2026-01-07,Mineros SA,0.0,3.88369533468338,4.588424534508743,14.28253125367925,True
2026-01-08,Mineros SA,0.0025316586575021317,3.164257804296783,4.588424534508743,13.425579378458496,True
2026-01-09,Mineros SA,0.0335643425734728,2.6883370158591364,4.588424534508743,12.623890193085847,True
2026-01-13,Mineros SA,0.04423910538518014,5.840824534266814,4.588424534508743,12.54239583693436,True
2026-01-14,Mineros SA,0.00931326555758884,10.593997825039393,4.588424534508743,12.964111153886943,True
2026-01-15,Mineros SA,-0.0011594258020342714,8.062333289797623,4.588424534508743,12.238306633861429,True
2026-01-16,Mineros SA,0.0011594258020343462,6.050001242997528,4.588424534508743,11.504814796743997,True
2026-01-19,Mineros SA,0.013809258902190268,4.662537954133532,4.588424534508743,10.81533246985361,True
2026-01-20,Mineros SA,0.03591840219097199,4.295053846361341,4.588424534508743,10.280829900519025,True
2026-01-21,Mineros SA,0.029334020506935708,7.456836870029559,4.588424534508743,10.438059076059337,True
2026-01-22,Mineros SA,0.0064034670676813,8.30295120790516,4.588424534508743,10.328066386956571,True
2026-01-23,Mineros SA,0.01058215854164203,6.34003001629255,4.588424534508743,9.732985038031304,True
2026-01-26,Mineros SA,0.04628066733070041,5.20717936106408,4.588424534508743,9.216195183389694,True
2026-01-27,Mineros SA,0.029706435596358306,10.73084970205436,4.588424534508743,9.948363573531289,True
2026-01-28,Mineros SA,0.06423363129692733,10.629108148327667,4.588424534508743,9.880945148623763,True
2026-01-29,Mineros SA,-0.030657314641098173,20.630234325449635,4.588424534508743,11.7636640734601,True
2026-01-30,Mineros SA,-0.1001330639006607,17.626220621114136,4.588424534508743,11.62176679365447,True
2026-02-02,Mineros SA,-0.06349631484037038,43.74773287644409,4.588424534508743,16.94043907771549,True
2026-02-03,Mineros SA,0.04028844329482036,43.160749825169674,4.588424534508743,18.343081932037023,True
2026-02-04,Mineros SA,0.0053220105934934136,35.294067322710056,4.588424534508743,18.216392213986776,True
2026-02-05,Mineros SA,-0.05790802331963484,24.914480561227183,4.588424534508743,17.140402959201925,True
2026-02-06,Mineros SA,0.025542733361318428,28.067799319109348,4.588424534508743,18.12398228052223,True
2026-02-09,Mineros SA,0.02597546992947765,21.870708664325605,4.588424534508743,17.428002080231344,True
2026-02-10,Mineros SA,0.01484655885624509,17.66624368725393,4.588424534508743,16.787156978251783,True
2026-02-11,Mineros SA,0.032110482620253976,13.355224150163414,4.588424534508743,15.912179745479845,True
2026-02-12,Mineros SA,-0.012307889589541928,12.900519032415838,4.588424534508743,15.576098817214433,True
2026-02-13,Mineros SA,0.01637708494096493,9.8510844390339,4.588424534508743,14.732423375870578,True
2026-02-16,Mineros SA,-0.015345621801780264,8.11415906991422,4.588424534508743,14.00940332001649,True
2026-02-17,Mineros SA,-0.011404934045246633,6.810575134956521,4.588424534508743,13.310131985905464,True
2026-02-18,Mineros SA,0.030803161188413825,5.584925950671814,4.588424534508743,12.589567579096991,True
2026-02-19,Mineros SA,-0.02976094810950612,7.286424339872013,4.588424534508743,12.403494367870813,True
2026-02-20,Mineros SA,0.039821429729906786,8.255929019176286,4.588424534508743,12.190713125224594,True
2026-02-23,Mineros SA,-0.016145614845076057,11.106392280886464,4.588424534508743,12.410718097151461,True
2026-02-24,Mineros SA,-0.004077491417454548,8.952200824794456,4.588424534508743,11.822483538557698,True
2026-02-25,Mineros SA,-0.004094185446699159,6.710726778900857,4.588424534508743,11.123110087999885,True
2026-02-26,Mineros SA,-0.011346113942781677,5.165354712243211,4.588424534508743,10.46578089540307,True
2026-02-27,Mineros SA,0.050566861767038326,4.446182913562733,4.588424534508743,9.915074622640436,True
2026-03-02,Mineros SA,-0.014903456115027003,11.494966294883358,4.588424534508743,10.854374650662068,True
2026-03-03,Mineros SA,-0.0662082746609897,9.100635944818567,4.588424534508743,10.336379974125865,True
2026-03-04,Mineros SA,0.0,20.358358124119466,4.588424534508743,12.346318555829345,True
2026-03-05,Mineros SA,-0.10595479008118905,14.525720029391909,4.588424534508743,11.605539442479584,True
2026-03-06,Mineros SA,-0.019208338946744053,45.3325078211495,4.588424534508743,17.64505760062012,True
2026-03-09,Mineros SA,0.02039669721549125,32.89130076576536,4.588424534508743,16.807730315638715,True
2026-03-12,Mineros SA,-0.04206230264058184,24.462744889510233,4.588424534508743,16.04888165108065,True
2026-03-13,Mineros SA,-0.04890948886695619,22.84182222692147,4.588424534508743,16.14749113407255,True
2026-03-16,Mineros SA,-0.026668338037794868,23.656359037847537,4.588424534508743,16.613924526764343,True
2026-03-17,Mineros SA,-0.06789030931537327,19.003941618441267,4.588424534508743,16.04380920737734,True
2026-03-18,Mineros SA,-0.06692883704651822,27.887837319925385,4.588424534508743,17.846637114296936,True
2026-03-19,Mineros SA,-0.08127073061161087,33.61227360876432,4.588424534508743,19.463520424478755,True
2026-03-20,Mineros SA,-0.05922787333276903,44.15488224907217,4.588424534508743,22.258668191497048,True
2026-03-24,Mineros SA,0.11966444588644247,41.81626442368726,4.588424534508743,23.027912687720747,True
2026-03-25,Mineros SA,-0.007547157797229135,73.78291773945926,4.588424534508743,30.2379856920431,True
2026-03-26,Mineros SA,-0.022989521665734088,51.54481795285627,4.588424534508743,28.45788230501028,True
2026-03-27,Mineros SA,-0.031498619820839124,37.67022785307462,4.588424534508743,27.067520230561215,True
2026-03-30,Mineros SA,-0.040822053114203706,29.539739911483775,4.588424534508743,26.038766847098195,True
2026-03-31,Mineros SA,0.09531019460077678,26.02419717255463,4.588424534508743,25.476304848547624,True
2026-04-01,Mineros SA,0.04734613684763676,46.63954289078905,4.588424534508743,29.398146474537533,True
2026-04-02,Mineros SA,0.0,39.61370499288087,4.588424534508743,28.97925169070237,True
2026-04-03,Mineros SA,0.0,27.804832256248282,4.588424534508743,27.240496589260225,True
2026-04-06,Mineros SA,0.0028859442919809803,19.66105030252981,4.588424534508743,25.60606679390461,True
2026-04-07,Mineros SA,0.008608404086863752,14.071064519921523,4.588424534508743,24.07469999094418,True
2026-04-08,Mineros SA,0.043333136061790456,10.420931727403445,4.588424534508743,22.674680764041167,True
2026-04-09,Mineros SA,-0.020733227765101437,13.506230111877983,4.588424534508743,22.440856326768483,True
2026-04-10,Mineros SA,0.0,11.13169906061561,4.588424534508743,21.35232498729812,True
2026-04-13,Mineros SA,-0.03120831238355274,8.162716442996874,4.588424534508743,20.07118548806023,True
2026-04-14,Mineros SA,0.045078071762067025,9.133940365529458,4.588424534508743,19.451289615874263,True
2026-04-15,Mineros SA,-0.0041408068987562234,13.097719333478974,4.588424534508743,19.503431771193448,True
2026-04-16,Mineros SA,0.013736526717236755,9.571217528092218,4.588424534508743,18.343513633985513,True
2026-04-17,Mineros SA,0.017581659308658116,7.67401090562856,4.588424534508743,17.356118115698397,True
2026-04-20,Mineros SA,-0.014855125480276033,6.739895988345421,4.588424534508743,16.500219875183927,True
2026-04-21,Mineros SA,-0.028987517334154424,5.816927629955245,4.588424534508743,15.642611534493739,True
2026-04-22,Mineros SA,-0.01837510574250498,7.101594118910977,4.588424534508743,15.208220539142856,True
2026-04-23,Mineros SA,-0.0014275543793594208,6.428937739145231,4.588424534508743,14.498314013423228,True
2026-04-24,Mineros SA,-0.011494398779607534,4.92567608804023,4.588424534508743,13.62963791952145,True
2026-04-27,Mineros SA,-0.011627986415446658,4.291385016457497,4.588424534508743,12.891132366332949,True
2026-04-28,Mineros SA,-0.005865129110539897,3.863526497488821,4.588424534508743,12.198790465199659,True
2026-04-29,Mineros SA,-0.04512043638518008,3.2563398384933286,4.588424534508743,11.48750288097766,True
2026-04-30,Mineros SA,0.0451204363851801,9.044284110232343,4.588424534508743,12.01976497587245,True
2026-05-04,Mineros SA,-0.0029455151015628546,13.047754908486283,4.588424534508743,12.520091345073554,True
2026-05-05,Mineros SA,0.0,9.510629458908497,4.588424534508743,11.774091499897262,True
2026-05-06,Mineros SA,0.010271567248688595,7.0447742259425015,4.588424534508743,11.067646009903426,True
2026-05-07,Mineros SA,0.09729886897287436,5.6730503684683615,4.588424534508743,10.466890305555818,True
2026-05-08,Mineros SA,0.03896597059303726,33.79381567899961,4.588424534508743,15.519118829262817,True
2026-05-11,Mineros SA,-0.005108576544215566,28.508849047992104,4.588424534508743,15.498979818061516,True
2026-05-12,Mineros SA,-0.04719088194755584,20.22688687033524,4.588424534508743,14.584699561562688,True
2026-05-13,Mineros SA,0.009352055891432806,21.340642494523905,4.588424534508743,15.045805191261818,True
2026-05-14,Mineros SA,-0.0013306744336535755,15.4758205776608,4.588424534508743,14.195533449423998,True
2026-05-15,Mineros SA,-0.035233990183502734,11.163883592421016,4.588424534508743,13.344863859127585,True
2026-05-19,Mineros SA,-0.02514096276143464,12.033267564156484,4.588424534508743,13.28903246613063,True
2026-05-20,Mineros SA,-0.0070972736765635295,10.742881345496585,4.588424534508743,12.870931323305898,True
2026-05-21,Mineros SA,0.06613977913377916,8.049974056397284,4.588424534508743,12.12889822009157,True
2026-05-22,Mineros SA,0.021108998567126336,19.62312890915816,4.588424534508743,14.025846557205131,True
2026-05-25,Mineros SA,0.04717255976520048,15.404435762891886,4.588424534508743,13.451649656076988,True
2026-05-26,Mineros SA,-0.02650001749058072,18.022018542073607,4.588424534508743,13.979700913593216,True
2026-05-27,Mineros SA,-0.055204518064299005,15.090563944624085,4.588424534508743,13.562269414978273,True
2026-05-28,Mineros SA,0.03453197578967936,20.34415951818503,4.588424534508743,14.577056538906486,True
2026-06-01,Mineros SA,0.053379854068209664,18.221488801360422,4.588424534508743,14.417907557735498,True
2026-06-02,Mineros SA,0.0,21.902754600510804,4.588424534508743,15.262478396477386,True
2026-06-03,Mineros SA,-0.0442829602129965,15.590785970428437,4.588424534508743,14.346729692688742,True
2026-06-04,Mineros SA,0.0012928271241990667,17.318246974771505,4.588424534508743,14.662514250262916,True
2026-06-05,Mineros SA,-0.1428027700881665,12.434518909697601,4.588424534508743,13.78376623643098,True
2026-06-08,Mineros SA,0.0,72.3344334573655,4.588424534508743,25.192318949157375,True
2026-06-09,Mineros SA,0.09110137511191707,50.370108716123056,4.588424534508743,23.68077981220793,True
2026-06-10,Mineros SA,-0.06173071053636963,60.993659143724614,4.588424534508743,27.239609351844795,True
2026-06-11,Mineros SA,0.05353392966286308,54.36810663383502,4.588424534508743,27.891641164729144,True
2026-06-17,Mineros SA,-0.029093009161312865,46.88178215765707,4.588424534508743,27.937671669934417,True
2026-06-18,Mineros SA,0.0,35.4402531147228,4.588424534508743,26.769253278974492,True
2026-06-19,Mineros SA,0.0,24.92668437134288,4.588424534508743,25.163098082236022,True
2026-06-22,Mineros SA,0.026700659610260646,17.67618609677756,4.588424534508743,23.653312197301858,True
2026-06-23,Mineros SA,-0.05793367068762822,14.89222151052524,4.588424534508743,22.66186859963755,True
2026-06-24,Mineros SA,-0.04013484043135731,21.165341896526648,4.588424534508743,23.31594260326483,True
2026-06-25,Mineros SA,0.03376943588070715,20.076359465908485,4.588424534508743,22.883469296939246,True
2026-06-26,Mineros SA,0.01772201237561977,17.875057160872096,4.588424534508743,22.194686018943603,True
2026-06-29,Mineros SA,0.0,13.790265789836631,4.588424534508743,21.051446691391956,True
2026-06-30,Mineros SA,-0.007556723569881281,9.996150356212238,4.588424534508743,19.78835988990844,True
2026-07-01,Mineros SA,-0.012722839268587404,7.555839811605391,4.588424534508743,18.63532073918089,True
2026-07-02,Mineros SA,0.019024067814552393,6.197401668046445,4.588424534508743,17.614323878262624,True
2026-07-03,Mineros SA,0.022361156796965678,5.885644141938852,4.588424534508743,16.774613539294478,True
2026-07-06,Mineros SA,-0.008636712301563564,6.099723448575997,4.588424534508743,16.0681495269159,True
2026-07-07,Mineros SA,-0.052141461720326264,4.922874058846205,4.588424534508743,15.148816234928933,True
2026-07-08,Mineros SA,-0.026456548516561266,12.312085487480914,4.588424534508743,15.871126479032547,True
2026-07-09,Mineros SA,0.01727614088638266,11.145669946468596,4.588424534508743,15.33882826593609,True
2026-07-10,Mineros SA,0.052611622910389164,9.100971195698484,4.588424534508743,14.59757759633561,True
2026-07-14,Mineros SA,-0.0317486983145803,15.360128427969912,4.588424534508743,15.382512659714465,True
2026-07-15,Mineros SA,-0.005174655790017474,14.203028335968433,4.588424534508743,15.064349806933738,True
2026-07-16,Mineros SA,-0.03430415518376997,10.363228789223404,4.588424534508743,14.17655505604481,True
2026-07-17,Mineros SA,-0.006734032181344068,11.280552257906052,4.588424534508743,14.032026790405425,True
2026-07-21,Mineros SA,0.033225647628320386,8.405224148669344,4.588424534508743,13.217313496632725,True
2026-07-22,Mineros SA,0.014276686356682862,9.713121162657393,4.588424534508743,13.086640883027549,True
2026-07-23,Mineros SA,0.0038585256875294997,7.818907184403553,4.588424534508743,12.423736694042152,True
2026-07-24,Mineros SA,0.0,5.924825364830076,4.588424534508743,11.687245424688417,True
2026-07-27,Mineros SA,0.024097551579060524,4.571887327912225,4.588424534508743,10.98601069920711,True
2026-07-28,Mineros SA,-0.010075651988741587,5.4443189402328045,4.588424534508743,10.675265252517972,True
2026-07-29,Mineros SA,0.0,4.5542652705843985,4.588424534508743,10.095660595165832,True
2026-07-30,Mineros SA,0.015075662405447396,3.6267045987106346,4.588424534508743,9.489920959455882,True
2026-07-31,Mineros SA,-0.006253929076299456,3.6944091126750513,4.588424534508743,9.05689106006634,True
2026-08-03,Mineros SA,0.0,3.1542838335535945,4.588424534508743,8.53694457379719,True
2026-08-04,Mineros SA,0.013707379730880286,2.661231956511303,4.588424534508743,8.024727899369358,True
2026-08-05,Mineros SA,0.0506742909632668,2.9061740570605994,4.588424534508743,7.6559795808591256,True
2026-08-06,Mineros SA,-0.0094563352420354,10.466696752420479,4.588424534508743,8.737351064785473,True
2026-08-07,Mineros SA,0.0,7.980398249599332,4.588424534508743,8.266763366624202,True
2026-08-10,Mineros SA,0.012979533249352325,5.989477112888644,4.588424534508743,7.7707575646267495,True
2026-08-11,Mineros SA,-0.004700361180331852,5.141058121592492,4.588424534508743,7.405593080771769,True
2026-08-12,Mineros SA,0.0,4.099326027811336,4.588424534508743,6.974513533060805,True
2026-08-13,Mineros SA,-0.01662746146049184,3.312963729623234,4.588424534508743,6.556042721077157,True
2026-08-14,Mineros SA,0.015448910941047557,3.626547880693619,4.588424534508743,6.328563642584612,True
2026-08-18,Mineros SA,-0.00236127618567982,3.7297112802350925,4.588424534508743,6.092051133588186,True
2026-08-19,Mineros SA,0.02221014732565602,3.0750585199656344,4.588424534508743,5.72987344070793,True
2026-08-20,Mineros SA,0.016055390753297778,4.140542557089766,4.588424534508743,5.682055420801862,True
2026-08-21,Mineros SA,0.01803882058967835,4.143559846689632,4.588424534508743,5.495797438898398,True
2026-08-24,Mineros SA,0.0329700192375699,4.355783903926389,4.588424534508743,5.361289021524456,True
2026-08-25,Mineros SA,0.005390848634876373,6.867943151295094,4.588424534508743,5.691824981348427,True
2026-08-26,Mineros SA,-0.0032310205814464203,5.313200526821865,4.588424534508743,5.367752231870011,True
2026-08-27,Mineros SA,0.0,4.182065122028691,4.588424534508743,5.051950794356448,True
2026-08-28,Mineros SA,-0.009756174945364685,3.370023294696204,4.588424534508743,4.748833746695061,True
2026-08-31,Mineros SA,0.03321140798943736,3.1041415415552436,4.588424534508743,4.521013491632094,True
2026-09-01,Mineros SA,-0.027779564107075706,6.05438444384322,4.588424534508743,4.911551254518686,True
2026-09-02,Mineros SA,0.017186244705410643,7.052686393977285,4.588424534508743,5.0798806884350425,True
2026-09-03,Mineros SA,0.01479942444593925,6.268689708360314,4.588424534508743,4.9523080513734925,True
2026-09-04,Mineros SA,0.017681167843226445,5.49075783068658,4.588424534508743,4.786583346649721,True
2026-09-08,Mineros SA,0.009235571033081844,5.245157588912095,4.588424534508743,4.686962563630944,True
2026-09-09,Mineros SA,0.013191464754362503,4.369116340303928,4.588424534508743,4.456922273197347,True
2026-09-10,Mineros SA,0.009031672030347757,4.040847130586065,4.588424534508743,4.293915782224858,True
2026-09-11,Mineros SA,0.018803126963096092,3.5269976561966816,4.588424534508743,4.085223495089626,True
2026-09-14,Mineros SA,0.0019588644853329716,4.0180784859838585,4.588424534508743,4.052244635538435,True
2025-01-02,Grupo Bolivar,0.001654187232805985,4.562920754522503,4.5390032205274835,2.2823422269402815,True
2025-01-03,Grupo Bolivar,0.0231998462656827,4.156140183722532,4.5390032205274835,2.1470434945645716,True
2025-01-07,Grupo Bolivar,0.014430360786607461,4.673615820650682,4.5390032205274835,2.3411606049414844,True
2025-01-08,Grupo Bolivar,0.02639181591486027,4.580234191825458,4.5390032205274835,2.3256321561039903,True
2025-01-09,Grupo Bolivar,0.004763434489701303,5.283290479138891,4.5390032205274835,2.6040109951080743,True
2025-01-10,Grupo Bolivar,0.005557355639184323,4.794347704785328,4.5390032205274835,2.4613845202841955,True
2025-01-13,Grupo Bolivar,-0.02273169051752973,4.396614857421633,4.5390032205274835,2.332231970087368,True
2025-01-14,Grupo Bolivar,-0.011084972477229461,4.828887807902787,4.5390032205274835,2.5023359041529765,True
2025-01-15,Grupo Bolivar,-0.017670967057321116,4.567707561331272,4.5390032205274835,2.4259217187963587,True
2025-01-16,Grupo Bolivar,0.004850381404718652,4.6482062720908806,4.5390032205274835,2.467724261713134,True
2025-01-17,Grupo Bolivar,0.0,4.261845174443129,4.5390032205274835,2.3337765258730903,True
2025-01-20,Grupo Bolivar,0.0,3.8982376330964814,4.5390032205274835,2.1937499343207048,True
2025-01-21,Grupo Bolivar,0.0,3.5925851852558313,4.5390032205274835,2.062124938261462,True
2025-01-22,Grupo Bolivar,0.0,3.335650418377838,4.5390032205274835,1.9383974419657743,True
2025-01-23,Grupo Bolivar,0.006110336631054024,3.119668263165178,4.5390032205274835,1.8220935954478277,True
2025-01-24,Grupo Bolivar,-0.012582932967889664,2.9992964693040483,4.5390032205274835,1.7351697079678383,True
2025-01-27,Grupo Bolivar,-0.011428570088314032,3.0858304987372995,4.5390032205274835,1.7260576467344109,True
2025-01-28,Grupo Bolivar,0.014346423994455773,3.114709898106838,4.5390032205274835,1.7008615164884497,True
2025-01-29,Grupo Bolivar,0.0054883134614693435,3.265928047169981,4.5390032205274835,1.7223017543563606,True
2025-01-30,Grupo Bolivar,-0.0019335710307755544,3.1105742462870603,4.5390032205274835,1.637036599885786,True
2025-01-31,Grupo Bolivar,0.0,2.9358953221673567,4.5390032205274835,1.5410576220512715,True
2025-02-03,Grupo Bolivar,-0.00032270345076910426,2.7836297881627545,4.5390032205274835,1.448594164728195,True
2025-02-04,Grupo Bolivar,-0.007774474798437103,2.6557111793773487,4.5390032205274835,1.3617409973547863,True
2025-02-05,Grupo Bolivar,0.0048661837776351104,2.6423082625269987,4.5390032205274835,1.3163020125484193,True
2025-02-06,Grupo Bolivar,0.0012937443062359143,2.5759145893820268,4.5390032205274835,1.2515317385301454,True
2025-02-07,Grupo Bolivar,0.03960584316305304,2.4840487630106964,4.5390032205274835,1.1774440988162873,True
2025-02-10,Grupo Bolivar,0.00495804651673393,4.914840649126271,4.5390032205274835,2.0479711404811236,True
2025-02-11,Grupo Bolivar,-0.01740811560385453,4.487693625387157,4.5390032205274835,1.9398422072095145,True
2025-02-12,Grupo Bolivar,0.0006308541158613785,4.566321426838283,4.5390032205274835,2.005277168103242,True
2025-02-13,Grupo Bolivar,-0.008233030511187522,4.154991063414922,4.5390032205274835,1.885199324166347,True
2025-02-14,Grupo Bolivar,0.007602176395326128,3.9141929157825643,4.5390032205274835,1.8127570395552528,True
2025-02-17,Grupo Bolivar,0.024315383698002995,3.700197272150009,4.5390032205274835,1.73866746874933,True
2025-02-18,Grupo Bolivar,0.019216607028722497,4.375134121950753,4.5390032205274835,1.9890901512530361,True
2025-02-19,Grupo Bolivar,-0.062325439780065335,4.587320520020299,4.5390032205274835,2.091311533595662,True
2025-02-20,Grupo Bolivar,0.10201080424244756,10.346042709779029,4.5390032205274835,4.296509107847054,True
2025-02-21,Grupo Bolivar,0.007521058943027478,25.626748210548055,4.5390032205274835,10.282441070690812,True
2025-02-24,Grupo Bolivar,0.008608491933460163,21.950029499508126,4.5390032205274835,9.699434403024059,True
2025-02-25,Grupo Bolivar,0.014466236792906722,18.887594223356135,4.5390032205274835,9.161932018863684,True
2025-02-26,Grupo Bolivar,0.026949913269508737,16.530320986343884,4.5390032205274835,8.73777930190093,True
2025-02-27,Grupo Bolivar,0.027576784217147664,15.376265477198016,4.5390032205274835,8.649291238927301,True
2025-02-28,Grupo Bolivar,-0.05283827330485941,14.460806072873053,4.5390032205274835,8.58662118124714,True
2025-03-03,Grupo Bolivar,0.03317992391213837,16.90698395866055,4.5390032205274835,9.746553785875722,True
2025-03-04,Grupo Bolivar,-0.01093844616450557,16.29167851944453,4.5390032205274835,9.822304969212354,True
2025-03-05,Grupo Bolivar,-0.010225418737186406,14.19835069208751,4.5390032205274835,9.304756433755884,True
2025-03-06,Grupo Bolivar,0.03252105073644484,12.414820111788636,4.5390032205274835,8.809206560741012,True
2025-03-07,Grupo Bolivar,-0.005122113672348397,12.44633986254219,4.5390032205274835,8.915225411698003,True
2025-03-10,Grupo Bolivar,0.025615235725115523,10.818624292972787,4.5390032205274835,8.396053516079597,True
2025-03-11,Grupo Bolivar,-0.00017164091525118485,10.462763452220685,4.5390032205274835,8.285974485866761,True
2025-03-12,Grupo Bolivar,-0.009290057909267783,9.110796745367043,4.5390032205274835,7.788833693077028,True
2025-03-13,Grupo Bolivar,0.0,8.109329188591898,4.5390032205274835,7.3732867770669355,True
2025-03-14,Grupo Bolivar,-0.0021358374553761368,7.132474477021563,4.5390032205274835,6.930889570442919,True
2025-03-17,Grupo Bolivar,-0.008588597635923557,6.3180047609324825,4.5390032205274835,6.517773277197817,True
2025-03-18,Grupo Bolivar,-0.0010784749121815914,5.74188142800457,4.5390032205274835,6.170965286177022,True
2025-03-19,Grupo Bolivar,0.00752732386750177,5.14393015515656,4.5390032205274835,5.801405233888124,True
2025-03-20,Grupo Bolivar,-0.006448848955320175,4.73210219307611,4.5390032205274835,5.487317282618593,True
2025-03-21,Grupo Bolivar,0.0,4.35805674954781,4.5390032205274835,5.183030837370598,True
2025-03-24,Grupo Bolivar,0.0,3.9791141279360493,4.5390032205274835,4.872048987128362,True
2025-03-25,Grupo Bolivar,0.004035249830160542,3.6605708450937238,4.5390032205274835,4.579726047900659,True
2025-03-26,Grupo Bolivar,0.006155680825424276,3.4198601939988835,4.5390032205274835,4.314712429741705,True
2025-03-27,Grupo Bolivar,0.007177915068832033,3.252540001698911,4.5390032205274835,4.078565127811901,True
2025-03-28,Grupo Bolivar,-0.011992196471619901,3.133893735381071,4.5390032205274835,3.864764698984406,True
2025-03-31,Grupo Bolivar,0.0037465276534906114,3.1759976665785086,4.5390032205274835,3.719166482773701,True
2025-04-01,Grupo Bolivar,0.008775467329694428,3.008862461157752,4.5390032205274835,3.5044383754823007,True
2025-04-02,Grupo Bolivar,0.01810366437333287,2.9701158280360715,4.5390032205274835,3.340377369066083,True
2025-04-03,Grupo Bolivar,-0.004430160581154451,3.339739876912828,4.5390032205274835,3.3366003251674874,True
2025-04-04,Grupo Bolivar,-0.01685585844983951,3.1531722689925687,4.5390032205274835,3.148180099322327,True
2025-04-07,Grupo Bolivar,0.0,3.414499838253544,4.5390032205274835,3.129761271811603,True
2025-04-08,Grupo Bolivar,-0.018226177665888656,3.1859499417754913,4.5390032205274835,2.9419755955029063,True
2025-04-09,Grupo Bolivar,-0.003152416974285004,3.5182999832146615,4.5390032205274835,2.964773191157855,True
2025-04-10,Grupo Bolivar,-0.011222156728041898,3.28818005883719,4.5390032205274835,2.7928494393562397,True
2025-04-11,Grupo Bolivar,-0.002204559999667844,3.2774117860817915,4.5390032205274835,2.7008405539721068,True
2025-04-14,Grupo Bolivar,0.0,3.0778537691080228,4.5390032205274835,2.5417061716090616,True
2025-04-15,Grupo Bolivar,0.0,2.9029616002543674,4.5390032205274835,2.389203801312518,True
2025-04-16,Grupo Bolivar,-0.015288439572788182,2.755945343879979,4.5390032205274835,2.2458515732337667,True
2025-04-17,Grupo Bolivar,0.0,3.0007119512820672,4.5390032205274835,2.2513423095822183,True
2025-04-18,Grupo Bolivar,0.0,2.8381153504707255,4.5390032205274835,2.116261771007285,True
2025-04-21,Grupo Bolivar,-0.026683606151141005,2.7014348821160397,4.5390032205274835,1.9892860647468475,True
2025-04-22,Grupo Bolivar,0.02078386093656153,3.7140749969367275,4.5390032205274835,2.297137803199563,True
2025-04-23,Grupo Bolivar,0.023943351646576405,4.13197779706085,4.5390032205274835,2.4184908602657864,True
2025-04-24,Grupo Bolivar,-0.00828769665543863,4.709375534280932,4.5390032205274835,2.617351861492807,True
2025-04-25,Grupo Bolivar,-0.0013880990551575633,4.381638983855085,4.5390032205274835,2.5015222993147797,True
2025-04-28,Grupo Bolivar,-0.006968284937175672,4.001627896564226,4.5390032205274835,2.3525870527480506,True
2025-04-29,Grupo Bolivar,0.0,3.7549778138274146,4.5390032205274835,2.240566026562569,True
2025-04-30,Grupo Bolivar,-0.00701764448379223,3.4721594254527526,4.5390032205274835,2.1061320649688144,True
2025-05-01,Grupo Bolivar,0.0,3.3109876335463735,4.5390032205274835,2.009312541531225,True
2025-05-02,Grupo Bolivar,0.013985929420967939,3.0989364584111128,4.5390032205274835,1.8887537890393515,True
2025-05-05,Grupo Bolivar,0.0013880990551575865,3.2362906334887103,4.5390032205274835,1.8927922947579683,True
2025-05-06,Grupo Bolivar,-0.015374028476125363,3.0395972407122644,4.5390032205274835,1.7803808484646477,True
2025-05-07,Grupo Bolivar,0.041385078925118716,3.2433122224560718,4.5390032205274835,1.8153744485075969,True
2025-05-08,Grupo Bolivar,0.026405209320912882,5.783252887516548,4.5390032205274835,2.7340868361801247,True
2025-05-09,Grupo Bolivar,0.0030051984439343083,6.295691805978767,4.5390032205274835,2.988382673578052,True
2025-05-12,Grupo Bolivar,-0.012981835159352332,5.6231301663554785,4.5390032205274835,2.814498443775824,True
2025-05-13,Grupo Bolivar,0.012981835159352207,5.30759814743576,4.5390032205274835,2.7467453636120323,True
2025-05-14,Grupo Bolivar,-0.04083299713692479,5.0494812215593985,4.5390032205274835,2.683057468258066,True
2025-05-15,Grupo Bolivar,-0.00027420853820622163,7.206635671652965,4.5390032205274835,3.522474213273047,True
2025-05-16,Grupo Bolivar,-0.026683168198627347,6.37370512241641,4.5390032205274835,3.311170874670119,True
2025-05-19,Grupo Bolivar,-0.012756750792932264,6.800988107992356,4.5390032205274835,3.539695501259655,True
2025-05-20,Grupo Bolivar,-0.015816371524701212,6.288546250178316,4.5390032205274835,3.4249545856598624,True
2025-05-21,Grupo Bolivar,0.0,5.9962830167308105,4.5390032205274835,3.3695518754446985,True
2025-05-22,Grupo Bolivar,-0.006689159781162028,5.356224918396697,4.5390032205274835,3.1673787629180166,True
2025-05-23,Grupo Bolivar,0.006689159781162067,4.887667323905664,4.5390032205274835,3.004182952289685,True
2025-05-26,Grupo Bolivar,0.03363103802650924,4.497462848683625,4.5390032205274835,2.8507788902990536,True
2025-05-27,Grupo Bolivar,0.006146723686519128,5.90826214853865,4.5390032205274835,3.3583601881254173,True
2025-05-28,Grupo Bolivar,0.0005571205045123439,5.344139615266147,4.5390032205274835,3.179527904084941,True
2025-05-29,Grupo Bolivar,-0.026231881806682494,4.808673639214305,4.5390032205274835,2.9889424597937735,True
2025-05-30,Grupo Bolivar,-0.0011439584096374444,5.447468210270314,4.5390032205274835,3.2224728860780036,True
2025-06-04,Grupo Bolivar,0.005413937135016254,4.896657202278173,4.5390032205274835,3.0299096974191113,True
2025-06-05,Grupo Bolivar,-0.003986292914429567,4.48007006282167,4.5390032205274835,2.8657015447551095,True
2025-06-06,Grupo Bolivar,-0.0014276442205866113,4.1059136277429715,4.5390032205274835,2.703293770789582,True
2025-06-09,Grupo Bolivar,-0.0002857268932562782,3.7700167947153105,4.5390032205274835,2.542319045354551,True
2025-06-10,Grupo Bolivar,0.002405584463875216,3.4848530944196874,4.5390032205274835,2.389828886547796,True
2025-06-11,Grupo Bolivar,0.0,3.2549730218002475,4.5390032205274835,2.249911255322631,True
2025-06-12,Grupo Bolivar,0.006841316375499106,3.0518499674884048,4.5390032205274835,2.114916580003273,True
2025-06-13,Grupo Bolivar,-0.008559100286081485,2.957577955715755,4.5390032205274835,2.0161037510528796,True
2025-06-16,Grupo Bolivar,0.005429402341287846,2.9162720598147858,4.5390032205274835,1.939092444614027,True
2025-06-17,Grupo Bolivar,-0.0054294023412878555,2.8156083311069326,4.5390032205274835,1.8404339438073345,True
2025-06-18,Grupo Bolivar,0.0,2.7280103690277087,4.5390032205274835,1.7476949530490435,True
2025-06-19,Grupo Bolivar,0.00286106463123931,2.608879439033457,4.5390032205274835,1.6428332558661007,True
2025-06-20,Grupo Bolivar,0.007117572540827943,2.5225684575386023,4.5390032205274835,1.5491746750086117,True
2025-06-24,Grupo Bolivar,0.013804985643531317,2.5188802652176534,4.5390032205274835,1.4866200978324637,True
2025-06-25,Grupo Bolivar,-0.008147248077106968,2.740624561520325,4.5390032205274835,1.5117694691333794,True
2025-06-26,Grupo Bolivar,0.012056955295708448,2.7230450045350056,4.5390032205274835,1.4608898917233306,True
2025-06-27,Grupo Bolivar,0.00278314106245514,2.839713536974373,4.5390032205274835,1.460458600821558,True
2025-06-30,Grupo Bolivar,0.0,2.7158877216260566,4.5390032205274835,1.3774786092763789,True
2025-07-01,Grupo Bolivar,-0.012304205405647844,2.5986890099821203,4.5390032205274835,1.294829892719796,True
2025-07-02,Grupo Bolivar,-0.008193628518940229,2.7380957701297834,4.5390032205274835,1.3079761815552327,True
2025-07-03,Grupo Bolivar,-0.00654613132825161,2.7221145368094333,4.5390032205274835,1.269778939645753,True
2025-07-04,Grupo Bolivar,0.0022815770655262306,2.670427546512043,4.5390032205274835,1.2193033044870383,True
2025-07-07,Grupo Bolivar,-0.005141354658831852,2.569397620245509,4.5390032205274835,1.149268462561377,True
2025-07-08,Grupo Bolivar,-0.0011459014284422313,2.516268862542328,4.5390032205274835,1.0961724714444294,True
2025-07-09,Grupo Bolivar,-0.0004603399907465929,2.432665757763315,4.5390032205274835,1.031189977207987,True
2025-07-10,Grupo Bolivar,0.01087585500934327,2.360821025173057,4.5390032205274835,0.9694457263197562,True
2025-07-11,Grupo Bolivar,-0.0031362226733947975,2.491728768818314,4.5390032205274835,0.9822495160511252,True
2025-07-14,Grupo Bolivar,0.000570870161543533,2.425075271252566,4.5390032205274835,0.9292160806823271,True
2025-07-15,Grupo Bolivar,0.012760882673821309,2.354904944169128,4.5390032205274835,0.8736586514861918,True
2025-07-16,Grupo Bolivar,-0.01819793457310725,2.5582888637132974,4.5390032205274835,0.9189432083660402,True
2025-07-17,Grupo Bolivar,0.005151889239392017,2.989049357051921,4.5390032205274835,1.0625055095003333,True
2025-07-18,Grupo Bolivar,0.01050674813728914,2.8720292865022587,4.5390032205274835,1.0146803565712912,True
2025-07-21,Grupo Bolivar,-0.0014132567418536485,2.9087752024681146,4.5390032205274835,1.020034589029271,True
2025-07-22,Grupo Bolivar,-0.007097208562102937,2.7636280344368913,4.5390032205274835,0.9600308904585515,True
2025-07-23,Grupo Bolivar,0.001423199990450699,2.717156591301066,4.5390032205274835,0.9326512586554307,True
2025-07-24,Grupo Bolivar,0.0014216385013115006,2.6033744380563255,4.5390032205274835,0.8779074820637962,True
2025-07-25,Grupo Bolivar,-0.0017060241220449514,2.507720415814059,4.5390032205274835,0.8264456667570151,True
2025-07-28,Grupo Bolivar,0.01496993862644784,2.4278722646386397,4.5390032205274835,0.7786052377345938,True
2025-07-29,Grupo Bolivar,0.020258688855253032,2.7178704691076967,4.5390032205274835,0.8663483609582873,True
2025-07-30,Grupo Bolivar,-0.01104995757827865,3.260058577677464,4.5390032205274835,1.0606161437811623,True
2025-07-31,Grupo Bolivar,0.006644638270126053,3.2477069508493175,4.5390032205274835,1.0702401126433472,True
2025-08-01,Grupo Bolivar,-0.005533827717172773,3.1179359529714605,4.5390032205274835,1.0325164365292407,True
2025-08-04,Grupo Bolivar,0.0,2.983946322966725,4.5390032205274835,0.988939399859496,True
2025-08-05,Grupo Bolivar,0.006912736608276753,2.8240219812430354,4.5390032205274835,0.9296030358679261,True
2025-08-06,Grupo Bolivar,0.0008263442073492265,2.7676485509759208,4.5390032205274835,0.9024984101650964,True
2025-08-07,Grupo Bolivar,0.0,2.643514781724534,4.5390032205274835,0.8487582124046023,True
2025-08-08,Grupo Bolivar,0.016655652501452407,2.537851530769236,4.5390032205274835,0.7978327196603261,True
2025-08-11,Grupo Bolivar,0.00498565328456369,2.895754324037767,4.5390032205274835,0.9164092126301894,True
2025-08-12,Grupo Bolivar,0.0005401913055628053,2.790872845063441,4.5390032205274835,0.8763387030767064,True
2025-08-13,Grupo Bolivar,0.0008099585911148391,2.662335612202483,4.5390032205274835,0.8239334648800674,True
2025-08-14,Grupo Bolivar,0.008332499897845914,2.5549403521856937,4.5390032205274835,0.7748910767388557,True
2025-08-15,Grupo Bolivar,0.005072585744109944,2.5763437110560305,4.5390032205274835,0.7700559448630857,True
2025-08-19,Grupo Bolivar,0.010859798484159336,2.523790319115652,4.5390032205274835,0.739291263850109,True
2025-08-20,Grupo Bolivar,0.01100330119741634,2.6281618648711738,4.5390032205274835,0.7656949218890321,True
2025-08-21,Grupo Bolivar,-0.023195583125123858,2.720937701398682,4.5390032205274835,0.7923968089203286,True
2025-08-22,Grupo Bolivar,0.0002665309183283437,3.4541259370497817,4.5390032205274835,1.0676740462938277,True
2025-08-25,Grupo Bolivar,0.012715553964034525,3.2194464153516735,4.5390032205274835,1.0036562267544529,True
2025-08-26,Grupo Bolivar,0.006820682020579907,3.2831787602036906,4.5390032205274835,1.0404480407165502,True
2025-08-27,Grupo Bolivar,-0.0023556750292116173,3.1515804693779312,4.5390032205274835,1.0059341802090742,True
2025-08-28,Grupo Bolivar,-0.009214278669211706,2.9731355060700713,4.5390032205274835,0.9489076523024804,True
2025-08-29,Grupo Bolivar,0.00685282880407312,2.9477302996000607,4.5390032205274835,0.9429149520006654,True
2025-09-01,Grupo Bolivar,-0.013486874805379597,2.8703082678190373,4.5390032205274835,0.914516812451386,True
2025-09-02,Grupo Bolivar,0.0,3.014713999306884,4.5390032205274835,0.9687832789138928,True
2025-09-03,Grupo Bolivar,0.04248191076572434,2.849885624095186,4.5390032205274835,0.9106562821790593,True
2025-09-04,Grupo Bolivar,0.0390340354877807,5.599451529799575,4.5390032205274835,1.938844550632496,True
2025-09-05,Grupo Bolivar,-0.022082358008979962,7.46185404109,4.5390032205274835,2.7367074334713406,True
2025-09-08,Grupo Bolivar,0.007747053116480276,7.359359064993432,4.5390032205274835,2.8650833086051173,True
2025-09-09,Grupo Bolivar,0.00978835001441169,6.59982544509779,4.5390032205274835,2.7291884092825502,True
2025-09-10,Grupo Bolivar,0.018614175137000272,6.0189655679152265,4.5390032205274835,2.6229241823283775,True
2025-09-11,Grupo Bolivar,0.017320768394462935,5.932652888686355,4.5390032205274835,2.673441241007226,True
2025-09-12,Grupo Bolivar,0.007602614757844894,5.785662243364541,4.5390032205274835,2.6930401772115684,True
2025-09-15,Grupo Bolivar,-0.00023662234039178924,5.273385455780214,4.5390032205274835,2.5661376172725947,True
2025-09-16,Grupo Bolivar,-0.019121125148027208,4.748573705544647,4.5390032205274835,2.4122029543154224,True
2025-09-17,Grupo Bolivar,-0.0033841471513060143,4.884886112634786,4.5390032205274835,2.486841233212408,True
2025-09-18,Grupo Bolivar,-0.013897385812064919,4.439297885801244,4.5390032205274835,2.344502230384679,True
2025-09-19,Grupo Bolivar,-0.030917488696865832,4.351428589533383,4.5390032205274835,2.3197144960072285,True
2025-09-22,Grupo Bolivar,0.006562358529146112,5.488621941639076,4.5390032205274835,2.754066290639291,True
2025-09-23,Grupo Bolivar,0.0,4.999918854885685,4.5390032205274835,2.6146610428799675,True
2025-09-24,Grupo Bolivar,0.006269501382468721,4.51867038396441,4.5390032205274835,2.457781380307169,True
2025-09-25,Grupo Bolivar,-0.0025030655132671207,4.1784971139895255,4.5390032205274835,2.333898486039605,True
2025-09-26,Grupo Bolivar,-0.010075492018300167,3.8374737729010784,4.5390032205274835,2.197623779055453,True
2025-09-29,Grupo Bolivar,0.013578072372338492,3.700544424838653,4.5390032205274835,2.126675675958624,True
2025-09-30,Grupo Bolivar,-0.06393929141625031,3.7239784307630295,4.5390032205274835,2.1096935650101836,True
2025-10-01,Grupo Bolivar,0.047826224768277296,9.944651132906165,4.5390032205274835,4.436051743196883,True
2025-10-02,Grupo Bolivar,0.007837341536806786,12.334109601867533,4.5390032205274835,5.542297303956539,True
2025-10-03,Grupo Bolivar,0.0012582532003455763,10.783922250603162,4.5390032205274835,5.24661381913788,True
2025-10-06,Grupo Bolivar,0.0,9.383635039758177,4.5390032205274835,4.932766910659315,True
2025-10-07,Grupo Bolivar,0.0,8.203669813796244,4.5390032205274835,4.636800896019756,True
2025-10-08,Grupo Bolivar,0.008889326310854807,7.211778231057388,4.5390032205274835,4.35859284225857,True
2025-10-09,Grupo Bolivar,-0.005766582580422507,6.506369434071555,4.5390032205274835,4.1444893450795695,True
2025-10-10,Grupo Bolivar,0.0,5.836428675098811,4.5390032205274835,3.915772069168894,True
2025-10-14,Grupo Bolivar,0.0,5.221849622887643,4.5390032205274835,3.6808257450187605,True
2025-10-15,Grupo Bolivar,-0.0005028982512997717,4.7052277975970505,4.5390032205274835,3.4599762003176346,True
2025-10-16,Grupo Bolivar,0.030962267561565712,4.271215017985996,4.5390032205274835,3.2525293722892727,True
2025-10-17,Grupo Bolivar,-0.004890098309311002,5.442585707538014,4.5390032205274835,3.6325748174843073,True
2025-10-20,Grupo Bolivar,-0.010099972488135996,4.927553615599959,4.5390032205274835,3.4289681653200845,True
2025-10-21,Grupo Bolivar,0.0,4.617657880054023,4.5390032205274835,3.284435741957542,True
2025-10-22,Grupo Bolivar,0.022280330651110253,4.197337657369883,4.5390032205274835,3.087369597440089,True
2025-10-23,Grupo Bolivar,-0.009488007568976269,4.641339607996146,4.5390032205274835,3.1999753019473656,True
2025-10-24,Grupo Bolivar,0.008761280875511205,4.358125252304636,4.5390032205274835,3.061990156407894,True
2025-10-27,Grupo Bolivar,0.005557765907683675,4.103920362215017,4.5390032205274835,2.9243267725711792,True
2025-10-28,Grupo Bolivar,0.035506606183586364,3.816241516450941,4.5390032205274835,2.767400423347675,True
2025-10-29,Grupo Bolivar,0.002322981905016108,5.542814853408112,4.5390032205274835,3.357787847552591,True
2025-10-30,Grupo Bolivar,-0.02062884544745736,4.984272813741207,4.5390032205274835,3.1595583236580547,True
2025-10-31,Grupo Bolivar,0.02387181356835115,5.178126972811898,4.5390032205274835,3.225314382935621,True
2025-11-04,Grupo Bolivar,-0.01726193146188846,5.583308284608291,4.5390032205274835,3.3737136097847524,True
2025-11-05,Grupo Bolivar,-0.009456459560848226,5.4792690669633615,4.5390032205274835,3.3500753598746282,True
2025-11-06,Grupo Bolivar,0.009456459560848113,5.0615539200823605,4.5390032205274835,3.202725614737725,True
2025-11-07,Grupo Bolivar,-0.008269464346157858,4.715606486896024,4.5390032205274835,3.064216854309035,True
2025-11-10,Grupo Bolivar,0.008269464346157862,4.386400643632064,4.5390032205274835,2.921394267393919,True
2025-11-11,Grupo Bolivar,0.016704652883694653,4.114203826103944,4.5390032205274835,2.7871410356937094,True
2025-11-12,Grupo Bolivar,0.004629770527069142,4.223472063719615,4.5390032205274835,2.7873398303309234,True
2025-11-13,Grupo Bolivar,0.010339065465104151,3.9014150172393878,4.5390032205274835,2.632960305591059,True
2025-11-14,Grupo Bolivar,0.0056980690452877935,3.7684706998115587,4.5390032205274835,2.539120452070621,True
2025-11-18,Grupo Bolivar,0.004535102359638564,3.5368144548653677,4.5390032205274835,2.4062540194533035,True
2025-11-19,Grupo Bolivar,0.012590038638851277,3.3227943320481343,4.5390032205274835,2.2742190703335448,True
2025-11-20,Grupo Bolivar,0.01881226562086593,3.3649572113919413,4.5390032205274835,2.232871369870193,True
2025-11-21,Grupo Bolivar,-0.007924315990454381,3.7135356158949575,4.5390032205274835,2.31123989035199,True
2025-11-24,Grupo Bolivar,-0.0337111596741893,3.5352351537139493,4.5390032205274835,2.210242367280813,True
2025-11-25,Grupo Bolivar,0.0009137657837647576,5.089528654964088,4.5390032205274835,2.7594931971911767,True
2025-11-26,Grupo Bolivar,0.0077343900686410606,4.59557885798043,4.5390032205274835,2.5944245861042536,True
2025-11-27,Grupo Bolivar,0.0029414093878138985,4.276245851134971,4.5390032205274835,2.4746515847783344,True
2025-11-28,Grupo Bolivar,0.0065308572169488705,3.9249398687388384,4.5390032205274835,2.331363623203666,True
2025-12-01,Grupo Bolivar,-0.0035978032361140386,3.6848046866729716,4.5390032205274835,2.21707306340435,True
2025-12-02,Grupo Bolivar,0.004719607881411674,3.4328154196419844,4.5390032205274835,2.0918151924755644,True
2025-12-03,Grupo Bolivar,-0.04822982330675676,3.238143825965894,4.5390032205274835,1.9796711000596003,True
2025-12-04,Grupo Bolivar,0.0535965003811029,6.731986378164026,4.5390032205274835,3.256560347776612,True
2025-12-05,Grupo Bolivar,-0.0020091526834122783,10.567880508405906,4.5390032205274835,4.784717638770954,True
2025-12-09,Grupo Bolivar,0.00534882572890668,9.205042181733292,4.5390032205274835,4.500056597147854,True
2025-12-10,Grupo Bolivar,0.022201270249889316,8.100610454641226,4.5390032205274835,4.24721916332591,True
2025-12-11,Grupo Bolivar,0.010810833584426504,7.916846222454784,4.5390032205274835,4.288123853951528,True
2025-12-12,Grupo Bolivar,-0.00539089433502796,7.159918539696565,4.5390032205274835,4.100960896388535,True
2025-12-15,Grupo Bolivar,-0.007814144883248707,6.379231158759895,4.5390032205274835,3.8723402876440844,True
2025-12-16,Grupo Bolivar,-0.019584797983163062,5.773314358787278,4.5390032205274835,3.6766363865392804,True
2025-12-17,Grupo Bolivar,0.016966367135089866,5.774771941989488,4.5390032205274835,3.686176790571708,True
2025-12-18,Grupo Bolivar,-0.01430319162820381,5.633480885085138,4.5390032205274835,3.6377207513950003,True
2025-12-19,Grupo Bolivar,0.008386665577851934,5.373400583530186,4.5390032205274835,3.542206280763172,True
2025-12-22,Grupo Bolivar,-0.002640815946960273,4.947030259910411,4.5390032205274835,3.3718755996262173,True
2025-12-23,Grupo Bolivar,0.013569978479235578,4.484602659451698,4.5390032205274835,3.173747408968076,True
2025-12-24,Grupo Bolivar,-0.027550095978796076,4.3827138514287425,4.5390032205274835,3.093809153986141,True
2025-12-29,Grupo Bolivar,-0.013245250209594871,5.202039061753784,4.5390032205274835,3.363585277811498,True
2025-12-30,Grupo Bolivar,-0.033901659266149645,4.9645635174364475,4.5390032205274835,3.2670321530116717,True
2025-12-31,Grupo Bolivar,0.0,6.311514659734327,4.5390032205274835,3.760603724429838,True
2026-01-02,Grupo Bolivar,0.000919291435168401,5.621212060753564,4.5390032205274835,3.5349675009640475,True
2026-01-05,Grupo Bolivar,0.03142564151951318,5.042535362554309,4.5390032205274835,3.323376508951869,True
2026-01-06,Grupo Bolivar,0.0008896889446832441,6.137170015551974,4.5390032205274835,3.716516485362528,True
2026-01-07,Grupo Bolivar,0.0006670373667849917,5.476161749439736,4.5390032205274835,3.494000424091751,True
2026-01-08,Grupo Bolivar,-0.011336937665020105,4.919897496243964,4.5390032205274835,3.284627361955458,True
2026-01-09,Grupo Bolivar,0.014539913551318753,4.653146775547602,4.5390032205274835,3.1646654136104617,True
2026-01-13,Grupo Bolivar,-0.00556725628853224,4.568116310518505,4.5390032205274835,3.1016309404417273,True
2026-01-14,Grupo Bolivar,0.0073422840918072945,4.203565981808746,4.5390032205274835,2.9341296895645446,True
2026-01-15,Grupo Bolivar,0.0030987594607280364,3.9371856248251573,4.5390032205274835,2.7904273896015557,True
2026-01-16,Grupo Bolivar,-0.0017696196564642983,3.6414801695883137,4.5390032205274835,2.628763132342733,True
2026-01-19,Grupo Bolivar,-0.0046598278515050705,3.3812578798681763,4.5390032205274835,2.472916276639296,True
2026-01-20,Grupo Bolivar,0.0008890671839314683,3.19133721595164,4.5390032205274835,2.337569697404336,True
2026-01-21,Grupo Bolivar,0.011050057999386903,2.999860774595042,4.5390032205274835,2.197789779834602,True
2026-01-22,Grupo Bolivar,-0.005288628936119987,3.0350481733905426,4.5390032205274835,2.1391846621184145,True
2026-01-23,Grupo Bolivar,-0.0035415033561872235,2.9101076571613613,4.5390032205274835,2.027615340005689,True
2026-01-26,Grupo Bolivar,0.006849974415837696,2.7809714874140563,4.5390032205274835,1.9134837672184786,True
2026-01-27,Grupo Bolivar,0.039720293686700825,2.7300658753003675,4.5390032205274835,1.8268280308839484,True
2026-01-28,Grupo Bolivar,0.020943425710003852,5.136147271082887,4.5390032205274835,2.6638393873655715,True
2026-01-29,Grupo Bolivar,0.025576778544236345,5.338043246644081,4.5390032205274835,2.7671852724059076,True
2026-01-30,Grupo Bolivar,-0.008113683342139084,5.8525791157657405,4.5390032205274835,2.993657116482099,True
2026-02-02,Grupo Bolivar,-0.022658015743043217,5.33812708331549,4.5390032205274835,2.853536803919076,True
2026-02-03,Grupo Bolivar,0.0,5.615023415026963,4.5390032205274835,2.990356002131128,True
2026-02-04,Grupo Bolivar,-0.015113559948153011,5.035733956927791,4.5390032205274835,2.81093464200326,True
2026-02-05,Grupo Bolivar,-0.048314515757411684,4.908700906404653,4.5390032205274835,2.7793303800669134,True
2026-02-06,Grupo Bolivar,0.014325388965389351,8.149283925453876,4.5390032205274835,4.013146016986808,True
2026-02-09,Grupo Bolivar,0.006543072321379401,7.497078597050751,4.5390032205274835,3.8954873173734192,True
2026-02-10,Grupo Bolivar,0.01221640714001079,6.687841183520744,4.5390032205274835,3.6874451555726946,True
2026-02-11,Grupo Bolivar,0.032407727085350745,6.178776949816568,4.5390032205274835,3.555742808284637,True
2026-02-12,Grupo Bolivar,-0.03133193075626127,7.192495568339772,4.5390032205274835,3.9725547046907046,True
2026-02-13,Grupo Bolivar,0.006430927747239285,7.917859765676398,4.5390032205274835,4.3232153533583535,True
2026-02-16,Grupo Bolivar,-0.0064309277472394035,7.039204622750817,4.5390032205274835,4.088636531170979,True
2026-02-17,Grupo Bolivar,0.004291905570009346,6.297069124503978,4.5390032205274835,3.8681324383148485,True
2026-02-18,Grupo Bolivar,0.023281468743012908,5.6396061154626205,4.5390032205274835,3.647096764069084,True
2026-02-19,Grupo Bolivar,-0.0020943095269910592,5.926702780185549,4.5390032205274835,3.7534870303240715,True
2026-02-20,Grupo Bolivar,-0.014783855115913574,5.304151378024372,4.5390032205274835,3.530909487941534,True
2026-02-23,Grupo Bolivar,-0.0029831295203615643,5.118714715305991,4.5390032205274835,3.4501923419180365,True
2026-02-24,Grupo Bolivar,-0.01137474345049655,4.631897002314193,4.5390032205274835,3.2485202384441054,True
2026-02-25,Grupo Bolivar,0.01350655507176792,4.412408606273921,4.5390032205274835,3.1312398972762274,True
2026-02-26,Grupo Bolivar,-0.04041381453713456,4.319272225326488,4.5390032205274835,3.0528217213836735,True
2026-02-27,Grupo Bolivar,-0.018801110128775184,6.538646402610218,4.5390032205274835,3.8496182613657988,True
2026-03-02,Grupo Bolivar,-0.031442483062343436,6.370385810528344,4.5390032205274835,3.8307302109284502,True
2026-03-03,Grupo Bolivar,-0.04653129414856817,7.237816240191334,4.5390032205274835,4.194064242948196,True
2026-03-04,Grupo Bolivar,0.0,9.838080655029835,4.5390032205274835,5.241517189455649,True
2026-03-05,Grupo Bolivar,0.029838642525607112,8.585681733031464,4.5390032205274835,4.92702615808831,True
2026-03-06,Grupo Bolivar,-0.015048646643354275,8.96017629077179,4.5390032205274835,5.165611341265594,True
2026-03-09,Grupo Bolivar,0.02847165183463861,8.204526884089896,4.5390032205274835,4.991551720267581,True
2026-03-10,Grupo Bolivar,0.0349078641016501,8.51235199715778,4.5390032205274835,5.178439591967254,True
2026-03-11,Grupo Bolivar,0.03885842058875618,9.42305455374455,4.5390032205274835,5.598868602132782,True
2026-03-12,Grupo Bolivar,-0.04546250114491984,10.65416549012311,4.5390032205274835,6.168922596396418,True
2026-03-13,Grupo Bolivar,0.013362216969097973,12.553481643322808,4.5390032205274835,7.038890646823736,True
2026-03-16,Grupo Bolivar,-0.010402554488506717,11.15652572430881,4.5390032205274835,6.723686513411862,True
2026-03-17,Grupo Bolivar,-0.025790151282700756,9.86360432182827,4.5390032205274835,6.38519320653896,True
2026-03-18,Grupo Bolivar,0.01412868523892686,9.66019244981657,4.5390032205274835,6.4011607560573776,True
2026-03-19,Grupo Bolivar,-0.012962963340602098,8.758189850491526,4.5390032205274835,6.136862958642337,True
2026-03-20,Grupo Bolivar,0.047324427399019944,7.942188143254816,4.5390032205274835,5.869474232265673,True
2026-03-24,Grupo Bolivar,-0.010050267048436562,10.574578583092709,4.5390032205274835,6.861066635516799,True
2026-03-25,Grupo Bolivar,-0.006982748489427851,9.363025649706653,4.5390032205274835,6.510007358032725,True
2026-03-26,Grupo Bolivar,-0.007942798260993908,8.262144631647102,4.5390032205274835,6.1486621824307255,True
2026-03-27,Grupo Bolivar,-0.007547244114567033,7.359307634798146,4.5390032205274835,5.81759527801379,True
2026-03-30,Grupo Bolivar,-0.02463532990780074,6.590715715064608,4.5390032205274835,5.502716097567882,True
2026-03-31,Grupo Bolivar,-0.007320610841266417,6.816468939045434,4.5390032205274835,5.536692819513519,True
2026-04-01,Grupo Bolivar,0.022267166709262296,6.129091177364732,4.5390032205274835,5.2366460561962676,True
2026-04-02,Grupo Bolivar,0.0,6.26425430812163,4.5390032205274835,5.219943320779339,True
2026-04-03,Grupo Bolivar,0.0,5.581484495965629,4.5390032205274835,4.906746721532579,True
2026-04-06,Grupo Bolivar,-0.02916470695543206,5.0075407773499965,4.5390032205274835,4.612341918240624,True
2026-04-07,Grupo Bolivar,-0.01757596486138769,5.872786357396088,4.5390032205274835,4.845949482223923,True
2026-04-08,Grupo Bolivar,0.015664845201376232,5.739958629140842,4.5390032205274835,4.740541237775728,True
2026-04-09,Grupo Bolivar,-0.0015481375312646978,5.536167564321007,4.5390032205274835,4.603341188619033,True
2026-04-10,Grupo Bolivar,0.0,4.972842229237506,4.5390032205274835,4.328578755191317,True
2026-04-13,Grupo Bolivar,0.0,4.495909478406786,4.5390032205274835,4.068864029879838,True
2026-04-14,Grupo Bolivar,0.0,4.094994628822278,4.5390032205274835,3.8247321880870473,True
2026-04-15,Grupo Bolivar,0.0009603542556337262,3.7579812525393415,4.5390032205274835,3.5952482568018245,True
2026-04-16,Grupo Bolivar,0.005265620448766998,3.476417596550758,4.5390032205274835,3.380086729571503,True
2026-04-17,Grupo Bolivar,-0.008149454493019124,3.2836359261706063,4.5390032205274835,3.1939175810234968,True
2026-04-20,Grupo Bolivar,-0.0012041998289500776,3.179562960262729,4.5390032205274835,3.0421306912823605,True
2026-04-21,Grupo Bolivar,0.011499908843784587,2.990440356970202,4.5390032205274835,2.8604729081422446,True
2026-04-22,Grupo Bolivar,-0.007171882832030143,3.0434210362440206,4.5390032205274835,2.768193275702923,True
2026-04-23,Grupo Bolivar,-0.023547621924993694,2.954031458494881,4.5390032205274835,2.6329632211745686,True
2026-04-24,Grupo Bolivar,-0.011363894582648389,3.6761982227080185,4.5390032205274835,2.8076797268975606,True
2026-04-27,Grupo Bolivar,-0.021851898452434786,3.6086476218738333,4.5390032205274835,2.716701803335034,True
2026-04-28,Grupo Bolivar,-0.012263744393913473,4.104237136136959,4.5390032205274835,2.840202974720245,True
2026-04-29,Grupo Bolivar,0.0,4.002102602301257,4.5390032205274835,2.760030452172577,True
2026-04-30,Grupo Bolivar,-0.010595811665641957,3.6798952062877315,4.5390032205274835,2.594428625042222,True
2026-05-04,Grupo Bolivar,0.0012981037320353745,3.5850825381190665,4.5390032205274835,2.5061256424519414,True
2026-05-05,Grupo Bolivar,0.0,3.332385504714885,4.5390032205274835,2.356769147884299,True
2026-05-06,Grupo Bolivar,0.0015556679635290744,3.1169237412848725,4.5390032205274835,2.2153629990112407,True
2026-05-07,Grupo Bolivar,0.01465887380571618,2.940088332451431,4.5390032205274835,2.0838932807582164,True
2026-05-08,Grupo Bolivar,-0.0048624544561343104,3.1336696970316322,4.5390032205274835,2.0877892326638707,True
2026-05-11,Grupo Bolivar,-0.008646300465231424,2.9862316242215265,4.5390032205274835,1.9767079567068266,True
2026-05-12,Grupo Bolivar,-0.023907590662845552,2.942726020544394,4.5390032205274835,1.9029605863454537,True
2026-05-13,Grupo Bolivar,-0.0013303619427184634,3.693823022824223,4.5390032205274835,2.1317266859460346,True
2026-05-14,Grupo Bolivar,0.03736560030567253,3.4232080028632965,4.5390032205274835,2.004885002528453,True
2026-05-15,Grupo Bolivar,-0.030467153205286254,5.428855881450158,4.5390032205274835,2.722304754098711,True
2026-05-19,Grupo Bolivar,0.002640700940662403,6.350382271432735,4.5390032205274835,3.115914923513419,True
2026-05-20,Grupo Bolivar,-0.04669594396676808,5.6657235311571865,4.5390032205274835,2.9331440089774232,True
2026-05-21,Grupo Bolivar,-0.02745278938381212,8.540982865513708,4.5390032205274835,4.065462078207306,True
2026-05-22,Grupo Bolivar,0.00368541037884127,8.68902125272457,4.5390032205274835,4.273727740486036,True
2026-05-25,Grupo Bolivar,0.033118450435454014,7.642429224667624,4.5390032205274835,4.025453425853157,True
2026-05-26,Grupo Bolivar,0.020591301630337493,8.497280395516617,4.5390032205274835,4.442025275849343,True
2026-05-27,Grupo Bolivar,-0.01241246658551358,8.140040776291778,4.5390032205274835,4.429904780997306,True
2026-05-28,Grupo Bolivar,-0.027527234395896313,7.4004514942379265,4.5390032205274835,4.256552090179362,True
2026-06-01,Grupo Bolivar,-0.0011170212546466288,7.7367814442160014,4.5390032205274835,4.455808144860571,True
2026-06-02,Grupo Bolivar,0.0,6.820989083915734,4.5390032205274835,4.189208298058936,True
2026-06-03,Grupo Bolivar,0.004738774644940325,6.049481794341938,4.5390032205274835,3.937855800175399,True
2026-06-04,Grupo Bolivar,0.007480365569834552,5.4380362005474625,4.5390032205274835,3.7150580432461924,True
2026-06-05,Grupo Bolivar,0.06646880304635512,4.978194793196683,4.5390032205274835,3.5257280820864403,True
2026-06-08,Grupo Bolivar,0.0,11.560500663405271,4.5390032205274835,5.965045464210345,True
2026-06-09,Grupo Bolivar,-0.06322246603027575,10.033566696637758,4.5390032205274835,5.607142736357724,True
2026-06-10,Grupo Bolivar,-0.006368508009197941,15.103470992378238,4.5390032205274835,7.668962298745884,True
2026-06-11,Grupo Bolivar,0.040021711270939786,13.074722734032292,4.5390032205274835,7.233159297379061,True
2026-06-17,Grupo Bolivar,0.014370231371945302,13.87037041872184,4.5390032205274835,7.760212163368998,True
2026-06-18,Grupo Bolivar,0.0,12.308349287525198,4.5390032205274835,7.418501563376802,True
2026-06-19,Grupo Bolivar,0.0,10.662216371311578,4.5390032205274835,6.973391469574193,True
2026-06-22,Grupo Bolivar,0.043620636565727726,9.278459165813786,4.5390032205274835,6.554987981399742,True
2026-06-23,Grupo Bolivar,-0.0002439383121349723,11.15996662377514,4.5390032205274835,7.303344663155339,True
2026-06-24,Grupo Bolivar,-0.016976606219200795,9.696901357144196,4.5390032205274835,6.865179686906094,True
2026-06-25,Grupo Bolivar,-0.008472530941750126,8.9217076940935,4.5390032205274835,6.626192000924813,True
2026-06-26,Grupo Bolivar,0.0,7.927458012420958,4.5390032205274835,6.271690749204671,True
2026-06-29,Grupo Bolivar,0.0,6.979591591307954,4.5390032205274835,5.89538930425239,True
2026-06-30,Grupo Bolivar,-0.005017598896116703,6.182804784394778,4.5390032205274835,5.541665945997247,True
2026-07-01,Grupo Bolivar,0.023366708856939967,5.551768261632538,4.5390032205274835,5.2242717684467985,True
2026-07-02,Grupo Bolivar,-0.011366559530160403,5.859226389010551,4.5390032205274835,5.238417312022989,True
2026-07-03,Grupo Bolivar,-0.009990146991985227,5.443820623015555,4.5390032205274835,5.001631478633217,True
2026-07-06,Grupo Bolivar,-0.008570677717218938,5.048150946636909,4.5390032205274835,4.761415412068106,True
2026-07-07,Grupo Bolivar,0.002528410051250076,4.673943335816519,4.5390032205274835,4.51980439726348,True
2026-07-08,Grupo Bolivar,-0.009788138267141287,4.2555348020413915,4.5390032205274835,4.252451847860028,True
2026-07-09,Grupo Bolivar,0.03222017044365065,4.042952293632298,4.5390032205274835,4.054789327430432,True
2026-07-10,Grupo Bolivar,0.027606505628175855,5.377726855601785,4.5390032205274835,4.4343855978353455,True
2026-07-14,Grupo Bolivar,-0.019219673912092828,6.058548220298299,4.5390032205274835,4.625593953764327,True
2026-07-15,Grupo Bolivar,-0.015346745276938323,5.992060200172257,4.5390032205274835,4.569695835710776,True
2026-07-16,Grupo Bolivar,0.009433938786767819,5.723856217727073,4.5390032205274835,4.436827639925267,True
2026-07-17,Grupo Bolivar,-0.006445241118805117,5.27166074016126,4.5390032205274835,4.22401750214924,True
2026-07-21,Grupo Bolivar,-0.00899332008859402,4.81154236707415,4.5390032205274835,3.995501131868007,True
2026-07-22,Grupo Bolivar,0.005006270741075181,4.486763369722638,4.5390032205274835,3.8042989476854716,True
2026-07-23,Grupo Bolivar,-0.006513052282169403,4.12862633145019,4.5390032205274835,3.5910786588641104,True
2026-07-24,Grupo Bolivar,0.0,3.852077183520361,4.5390032205274835,3.401065849350427,True
2026-07-27,Grupo Bolivar,-0.013154662292320145,3.5537822100641945,4.5390032205274835,3.1970018983894013,True
2026-07-28,Grupo Bolivar,0.0007635505700883374,3.575234011408039,4.5390032205274835,3.109008868501031,True
2026-07-29,Grupo Bolivar,0.0005087766581267186,3.3222035393505625,4.5390032205274835,2.922818142074818,True
2026-07-30,Grupo Bolivar,-0.0020366616008654355,3.1089168231229345,4.5390032205274835,2.7476043657630416,True
2026-07-31,Grupo Bolivar,0.01918292720376777,2.9351261516094875,4.5390032205274835,2.5852368981031226,True
2026-08-03,Grupo Bolivar,-0.008536433505070391,3.374763614095288,4.5390032205274835,2.6509135018799674,True
2026-08-04,Grupo Bolivar,0.002518259943113625,3.2663514491534915,4.5390032205274835,2.5355811099590624,True
2026-08-05,Grupo Bolivar,-0.007320495745548667,3.0722133473683004,4.5390032205274835,2.387251223246173,True
2026-08-06,Grupo Bolivar,0.011587037136841338,2.9816266120824224,4.5390032205274835,2.2761699446277603,True
2026-08-07,Grupo Bolivar,0.0,3.039242109716535,4.5390032205274835,2.2201554057164192,True
2026-08-10,Grupo Bolivar,-0.00804631341778597,2.8705042200677826,4.5390032205274835,2.086946081373434,True
2026-08-11,Grupo Bolivar,-0.0036663146677084727,2.829645787012299,4.5390032205274835,2.0005752122613734,True
2026-08-12,Grupo Bolivar,0.011625108639065483,2.7147339938795394,4.5390032205274835,1.8886058174712834,True
2026-08-13,Grupo Bolivar,-0.0005027206351468243,2.816308253097878,4.5390032205274835,1.8563753589450513,True
2026-08-14,Grupo Bolivar,-0.013158044133439788,2.6833685002569254,4.5390032205274835,1.7451444742305495,True
2026-08-18,Grupo Bolivar,0.0,2.843695697649046,4.5390032205274835,1.7443162810272461,True
2026-08-19,Grupo Bolivar,0.003051882588569227,2.70612578255374,4.5390032205274835,1.6396573041656113,True
2026-08-20,Grupo Bolivar,-0.004326212751567228,2.6061654899300226,4.5390032205274835,1.5468662583163217,True
2026-08-21,Grupo Bolivar,0.0,2.5350994441321455,4.5390032205274835,1.4652839528804362,True
2026-08-24,Grupo Bolivar,0.01468371696695115,2.446716420656126,4.5390032205274835,1.37736691570761,True
2026-08-25,Grupo Bolivar,0.004513594898564428,2.72010459358558,4.5390032205274835,1.424091827144471,True
2026-08-26,Grupo Bolivar,-0.007029868928281092,2.635943064178298,4.5390032205274835,1.3508698408608106,True
2026-08-27,Grupo Bolivar,0.009778159536735725,2.6083254291433153,4.5390032205274835,1.2994690846984491,True
2026-08-28,Grupo Bolivar,0.002491917403675102,2.663346709316162,4.5390032205274835,1.2788683819720557,True
2026-08-31,Grupo Bolivar,0.002237438458135801,2.565103428549093,4.5390032205274835,1.2058620704617755,True
2026-09-01,Grupo Bolivar,0.0002482847254800658,2.480530997057465,4.5390032205274835,1.136514024746436,True
2026-09-02,Grupo Bolivar,0.005446822290646051,2.4010119586699763,4.5390032205274835,1.0683601704445937,True
2026-09-03,Grupo Bolivar,-0.0017298330034286264,2.382781852382314,4.5390032205274835,1.0220592840574454,True
2026-09-04,Grupo Bolivar,0.003703224425908958,2.3229714042515384,4.5390032205274835,0.9625311203458491,True
2026-09-08,Grupo Bolivar,0.0002463882697664717,2.29127326398374,4.5390032205274835,0.9130075758142874,True
2026-09-09,Grupo Bolivar,0.008747110867719808,2.2419178375025117,4.5390032205274835,0.8582635455731172,True
2026-09-10,Grupo Bolivar,-0.007376478001216145,2.324614112749716,4.5390032205274835,0.8526749019580394,True
2026-09-11,Grupo Bolivar,-0.014417351392813455,2.354482602867813,4.5390032205274835,0.8341618644620126,True
2026-09-14,Grupo Bolivar,0.0007508447355630195,2.6222335545978686,4.5390032205274835,0.908828165304608,True
