Date,Celsia,Banco de Bogota,Ecopetrol,ETB,Nutresa,Banco Davivienda PF,Promigas,Mineros SA,Grupo Bolivar
2020-01-01,,,,,,,,,
2020-01-02,0.0,0.0,0.0,0.0,0.0,0.0,0.0,0.0,0.0
2020-01-03,0.018140633168961307,0.04275349882481594,0.019607703495308604,0.0038610038610038533,-0.004724488747831712,-0.014789043935742208,0.029999917828705813,0.024481735437534846,0.025973730402163442
2020-01-06,0.0,0.0,0.0,0.0,0.0,0.0,0.0,0.0,0.0
2020-01-07,-0.0022273055105703765,-0.031313363857613075,-0.005916914633178005,0.0,-0.008702534677904605,0.0044150126202477935,0.0,-0.0015220257644500412,0.0
2020-01-08,-0.0011160957211455713,0.0,-0.010416777715428926,0.0,-0.0015960994546273533,-0.0004395096092504325,0.0,-0.007621966014773052,0.0
2020-01-09,0.0011173427826443039,0.01302352770116122,0.006015114052366766,0.05384615384615388,0.0022055033407857305,-0.01759025691909688,-0.02912613613790105,-0.007680506574862855,0.001292907200344695
2020-01-10,0.007812756080218142,0.020431088536514208,0.016442233268008755,0.0,0.00479612206476987,-0.008504979359069353,-0.0037500924427060767,-0.006192251136256988,0.0
2020-01-13,-0.01218162278849555,-0.03217053029285033,0.0058825881536224145,-0.014598540145985384,-0.008750583469977036,-0.006771959852752807,0.0,0.012461264906555636,0.0
2020-01-14,-0.010089557537388494,0.013482095003214623,-0.004386000409107194,-0.029629629629629672,0.0008020276002633775,0.004545456462741626,-0.03387684614789799,-0.01076923714014677,0.0
2020-01-15,-0.007927602075406215,0.009173835773140793,-0.002936934566178495,0.022900763358778553,0.004811507378865709,0.0013575191201613546,0.0024734624098383673,0.0,0.0
2020-01-16,0.0011414010290649035,0.005681778428169082,0.002945585558222108,-0.011194029850746245,-0.0023941855906157716,0.011748761653705753,-0.09090864574346957,-0.004665655651170386,0.0
2020-01-17,0.010601494672400458,0.0,0.0,0.0,0.0,0.0,0.0,0.0,0.0
2020-01-20,-0.007981603955368732,-0.02711825457641792,-0.005873789436965593,-0.049056603773584895,0.012000140768650969,0.00937913873147056,0.0,0.003124828633863874,0.0
2020-01-21,0.016091557374728005,0.016259836546459017,-0.007385397906089053,0.051587301587301626,-0.001581205220203219,0.006194795460270575,0.055713871857005826,-0.0031150944973813433,-0.00025262230493128257
2020-01-22,0.013574750432677751,0.012571253060024157,-0.008928805063629697,0.0,0.0023751334948076686,0.0,-0.01082539205415467,0.01093758770508746,-0.025069689411224005
2020-01-23,0.012277064476041266,-0.0124151787067166,-0.004504378965320299,-0.02264150943396226,0.002370173821974797,-0.0017591175092128708,0.017783694363020963,0.0,0.0
2020-01-24,-0.015435457982584833,0.017142881600043847,-0.007541512577196152,-0.007722007722007707,-0.00630450251951542,0.0035241283165750037,-0.012096859932840931,-0.001545550166815901,0.0
2020-01-27,0.0055989111211616205,-0.015056124818909944,-0.0258359686733467,-0.027237354085603127,-0.01189479014842687,-0.010974391897438096,0.0,-0.009288056186197324,0.0
2020-01-28,0.0022272989969254198,0.007556644603312179,-0.004680056836337432,0.0,0.003209759266600054,0.003994520752756969,0.04489813261150455,-0.01718740673435959,0.0
2020-01-29,0.006666708477318872,0.004317914097211162,0.0015672691857133714,0.0040000000000000036,0.0032001664473280123,0.014589020738341008,0.0,0.0015898612296962877,0.01948055456108788
2020-01-30,0.0,-0.00927800017617586,0.001564986563928672,-0.003984063745019917,-0.004784840702554027,0.0021785994654182073,-0.04427090643217124,-0.015873293667559185,0.0
2020-01-31,0.0011037315724815588,0.016446209444064053,-0.006249995229949956,0.03200000000000003,-0.008012559333058555,-0.00043473235112734265,0.008174295938816245,-0.012903021121677627,0.0
2020-02-03,-0.0022051134816438722,0.0,-0.012578436023264472,0.007751937984496138,0.012115967325008414,-0.01043932513111212,0.0,0.009803975468408499,0.0063688994682857825
2020-02-04,-0.0055248404584427036,0.00044909609462617794,0.014330980514163372,0.0,-0.0023941855906157716,0.003956096355190564,0.054054269603193594,0.0016179921870334013,0.003797875185702182
2020-02-05,0.004444274565128303,-0.0004488944978603415,0.0015699853762256577,0.0,0.0,0.02276698067145344,-0.012820613866532327,0.017770752558832426,0.0
2020-02-06,0.0033187741975495566,0.007865363833211347,0.0015672691857133714,-0.03076923076923077,0.0032001664473280123,-0.010702208013169456,0.0116887137198729,0.0031746751664285533,0.00882739144914746
2020-02-07,-0.018743170253665786,0.0,0.006260031189317505,0.0,0.011163985816926125,0.009519894474359525,-0.03722759150431676,0.0,0.01124967707234581
2020-02-10,-0.005618127268627537,-0.027870611268850265,0.0,0.0,-0.02129343710485354,-0.001285948152583094,0.03733360933051166,0.00632884747502982,0.00741660396492394
2020-02-11,-0.002259757967415843,0.002981121617998239,0.023328000048617348,0.0,0.005454126353781064,-0.005579451147368464,0.0025705242687390495,0.0015722816143730611,0.007395553132137689
2020-02-12,0.0056626652042599535,0.0,0.025836051154450868,0.0,0.0072286524046210054,-0.003021199460441437,0.0,0.0,0.0
2020-02-13,0.004504331937456252,0.005488458011643882,-0.004444480179461308,0.0,0.0,0.015151572974465788,0.0,0.0,-0.010975219283801185
2020-02-14,0.006726414643387857,0.020013874042222213,-0.010416777715428926,0.0,0.008771676773038362,-0.018763433509581096,0.024358945661904885,0.01726843525161592,0.004931887067951557
2020-02-17,-0.003340778615211537,0.0,0.009022467046351457,0.0,-0.003951918860694348,0.0008693894361571086,0.003637905081259163,-0.006172741379207092,0.006134867874020289
2020-02-18,0.014525204511835366,0.0,0.002980785407391995,0.01984126984126977,-0.003968938310915826,0.0052104959787764304,0.0,0.02329181413425374,0.0365858767379057
2020-02-19,-0.0011012165801265184,0.00044530933664077565,0.0282316507737308,0.035019455252918386,0.0007972966091354117,0.007775481688535146,-0.0012496033978581789,0.0106221627659695,0.04117595235305038
2020-02-20,0.008820285732114241,0.0,-0.007225467073491365,-0.048872180451127845,-0.0007966614336756273,-0.015859463726208833,-0.016270388774643485,0.015014892945128366,-0.001129890586790805
2020-02-21,0.02732229732208058,-0.0011142577564101641,-0.0029111269671634465,0.015810276679841806,0.006374433470699881,-0.02003495234469288,0.017811353277285447,0.005917219572225019,-0.010180862042699412
2020-02-24,0.01063825729989576,0.00022336824067670236,-0.027737322047386215,-0.011673151750972721,0.0015836337037198334,0.0,0.0,0.022059178397362267,-0.028571127467977075
2020-02-25,0.011578967905946147,-0.012984347259342055,-0.009009002401683563,0.007874015748031482,-0.009485825405601167,-0.017777683835432212,0.0,0.0071941840557272485,0.0
2020-02-26,-0.021852217843550403,-0.002041164897566561,-0.00454541006586795,-0.0234375,-0.003192350983843073,-0.004977430142404038,-0.018749672905450043,-0.009999857280115432,-0.022117565908382986
2020-02-27,-0.025531833748727584,-0.009545682787723164,-0.050228147174980586,-0.020000000000000018,-0.05124100253371433,-0.03137786119212538,0.04203830255069074,0.0028859185980631974,-0.013234592319659844
2020-02-28,-0.017467247453782586,-0.012849132767768445,-0.004807644220411689,0.004081632653061273,-0.011814392877865343,-0.014084513178383884,-0.0036676160935250612,-0.008633214515192833,-0.00024369567926019187
2020-03-02,0.020000040680634434,0.011156993014931782,-0.01449295754583868,0.0,0.046114205405298536,0.0,-0.042944793278309246,-0.013062631512834044,0.024390831645378253
2020-03-03,-0.0043574641109325185,-0.005747174309586156,-0.0065361198572418955,-0.020325203252032575,-0.04489775548136099,-0.04285716179524501,0.037179527367374954,0.017647388391745844,-0.009524081812767538
2020-03-04,0.017505304283617962,0.0006938455881757566,0.03947392733776667,-0.004149377593360981,0.01709387967622855,0.020895647453786692,0.0,-0.030346910205337974,0.0
2020-03-05,-0.010752485333232698,0.01617372435383113,0.0047467884295699925,0.004166666666666652,0.007562955300072671,-0.005848068256216976,0.0012359035281623854,0.0014903468815345988,0.0
2020-03-06,-0.007608633470492343,-0.0006820421315765213,-0.06614167857956643,-0.03319502074688796,-0.014178441387210361,-0.051470554787809375,0.0,0.008928466201045149,-0.03846155251473016
2020-03-09,-0.033953933023488814,-0.05574567471542946,-0.20067449906102974,-0.01716738197424894,-0.03553293951359304,-0.09560727526114354,-0.034567933390635464,-0.05604717917254898,-0.012500297665341109
2020-03-10,0.022675647538985988,-0.03469799916331273,-0.016877621671010923,0.026200873362445476,0.002420567589463074,0.005714288365620046,0.0025575696291482153,0.015625032857813803,-0.03673055129593894
2020-03-11,-0.029933416464799745,0.023464165399623482,-0.042918531412457384,-0.06382978723404253,-0.03508744716739132,-0.04261359011657129,0.0012757311829649787,-0.03230763178399032,-0.02631592438636776
2020-03-12,-0.06285715780104906,-0.01219491764180769,-0.13004485396299248,-0.050000000000000044,-0.06818191262666573,-0.08071219950959563,-0.09936337421458274,-0.06200327123473681,-0.08108102933423411
2020-03-13,0.0,0.0,0.0,0.0,0.0,0.0,0.0,0.0,0.0
2020-03-16,-0.14146330845551325,-0.13580234427307725,-0.11082464925654978,0.0,-0.07317113387640017,-0.07940595434015907,-0.009900393461902635,-0.05084756469365104,0.0
2020-03-17,0.028408868059328185,0.05571408894614449,-0.08695667563107778,-0.0574162679425837,0.0,-0.004908918845358046,0.0027215418854256157,-0.049999852103713716,0.0
2020-03-18,-0.04696106258219579,-0.12043289020005721,-0.12380951396415973,-0.13197969543147203,-0.09999967710832913,-0.14517271613611293,0.0,-0.09398496167443482,-0.08823545607593253
2020-03-19,0.07246369281705056,-0.0461537372719697,0.028985582767437013,-0.005847953216374324,0.0,-0.035172379631085327,0.0,-0.045643333555995924,-0.08870948193930894
2020-03-20,-0.012162133885930237,0.0,0.045774512973006276,0.0,-0.0058479951775900485,0.06445983586239157,0.0,0.0,-0.017699161805311836
2020-03-23,0.0,0.0,0.0,0.0,0.0,0.0,0.0,0.0,0.0
2020-03-24,0.06839917588337152,-0.06451603722774135,0.08754220628967935,0.0,0.0176470446714192,-0.001636618693822367,0.0,0.052174210513523,0.0
2020-03-25,0.049936102813673555,0.06862022998901218,0.1207429326155689,0.10000000000000009,0.0682080433699852,0.1311474859425481,-0.0014284352872563355,0.1859501374518404,-0.009008714134132623
2020-03-26,0.0,0.0,0.0,0.0,0.0,0.0,0.0,0.0,0.0
2020-03-27,0.024390055594179394,0.20303719218333782,0.027624363646612915,0.0,0.05627724451305016,0.10507257937847769,0.0014304786334140562,-0.05923318302020808,0.08181768751744012
2020-03-30,-0.04761896113809183,-0.00215747469311256,-0.01612909226285464,-0.09090909090909094,-0.021516348991462153,0.0006556832998925177,-0.05714288710060378,0.029629341343539783,-0.001680294360221879
2020-03-31,0.07249985698213224,-0.040540961735348935,0.03825141190241976,0.04117647058823537,0.0,-0.0006552536610098247,0.0606060943050879,-0.028776706484371584,-0.006734364117375269
2020-04-01,-0.03962691156129483,-0.014366229161230315,-0.03157899397367392,0.0,-0.024083649805525353,-0.09508206188373003,0.0,-0.02037073534340028,-0.016948943218956125
2020-04-02,-0.029126213592232997,0.07487859168051081,0.13043498138583542,0.05649717514124286,0.043991127494924065,-0.03405786974340075,0.0,-0.009451915335325078,0.008620406867081654
2020-04-03,0.030000000000000027,0.0037228766604628927,0.09134593996228313,0.010695187165775444,0.012332869469924734,0.012753069128980554,0.0,0.00515256365701533,0.0
2020-04-06,0.010922029250440168,0.013245142515219799,-0.004405163640771481,0.005291005291005346,0.00101546790263507,0.05555550404925236,0.0,0.04255317476096754,0.0
2020-04-07,-0.014405491887753974,-0.0065362058152315106,-0.013274325126048647,0.0,0.018228037681452758,-0.01894731664651461,-0.002857453086252071,-0.009276528617901292,0.03939337925715791
2020-04-08,0.018270518506268596,-0.026315680963251764,0.058296036155750075,0.026315789473684292,0.033966236194471255,0.015736846568818352,0.0028656415224646015,0.009363388357964464,-0.010227806748694723
2020-04-09,0.0,0.0,0.0,0.0,0.0,0.0,0.0,0.0,0.0
2020-04-10,0.0,0.0,0.0,0.0,0.0,0.0,0.0,0.0,0.0
2020-04-13,0.0,0.0,-0.04661024160028626,0.06153846153846154,0.02898574572585,0.0,0.0,0.035250450529941135,-0.016667094069014676
2020-04-14,0.02631555897399407,-0.0005411277410419801,-0.011111162033518251,0.048309178743961345,0.06948342542743058,0.010563225385907593,-0.0014284352872563355,0.017921231484022693,0.01694959455590972
2020-04-15,0.0,0.0,-0.05842698095484111,-0.009216589861751112,0.008779913226489633,0.027874715029324815,0.013631139516642632,-0.0017605625928263091,-0.016667094069014676
2020-04-16,0.0,-0.012979691002916405,-0.0023865682256386522,0.0,-0.0008701409605391675,-0.006101728909331139,0.001430348409023674,-0.005291182145708118,0.01694959455590972
2020-04-17,0.014031532654795065,-0.00027405566060167974,0.020942458680952125,0.0,-0.0026136365654619853,0.010914000910877686,0.0,0.026595827582252207,0.031666730426689105
2020-04-20,0.034883663842878665,0.00027413078769567,-0.023077104546307514,-0.0046511627906976605,-0.012227151904992573,0.0013495694207130704,0.0,-0.00518134533149317,-0.014539715578860468
2020-04-21,-0.06292150860625167,-0.04109589981994921,-0.034120626254401265,-0.02336448598130836,0.007957709325846496,-0.04312663710325493,-0.027142860426733084,-0.017361104985242015,-0.02458992803375515
2020-04-22,0.007194180216569368,-0.004285849613926973,0.04347843373724558,-0.019138755980861233,-0.013157999944450438,-0.024647926541637277,-0.001468273513316909,0.0035336574067839077,-0.00840395698177887
2020-04-23,0.014286215644171207,0.004304297184352768,0.031249876892075923,0.024390243902439046,0.06488894555823288,0.0873646085415114,0.029411608111042042,0.06338016388680989,-0.0003385113571885423
2020-04-24,0.00938946529320761,-0.04285742169977402,-0.03535355686083885,0.05238095238095242,-0.03589320389515893,-0.023240334471028468,0.0,0.01986762710678125,-0.01661585281102762
2020-04-27,-0.03023277751808018,0.0020405135437413513,0.020942458680952125,0.02714932126696823,0.004329039392295897,-0.027192451861122402,0.0,0.0,-0.022413820246717786
2020-04-28,0.033573323159982627,-0.012574953772808262,0.06410252415647322,-0.026431718061673992,-0.004310379589258173,-0.016072616996390954,0.0,-0.01136387913029413,0.02821892147531946
2020-04-29,-0.004640358038701109,-0.01334140866434741,-0.0024095247997839575,0.0,-0.01645012123989409,0.03835224448928565,0.0,0.0,0.023670338949098424
2020-04-30,-0.020979268624568892,-0.01659522136735725,0.00966173793876135,-0.013574660633484115,-0.02904895812932573,-0.017783862413623508,-0.0014283054346176938,0.008210346119064349,-0.026474116367871448
2020-05-01,0.0,0.0,0.0,0.0,0.0,0.0,0.0,0.0,0.0
2020-05-04,-0.005952163504712615,-0.031249850795628364,-0.06220092656403364,-0.03669724770642202,-0.0027199410037902494,-0.03830090992403379,0.0,0.004886074621127223,-0.024096701473109716
2020-05-05,0.0,0.023871212190553326,0.012755005370731709,-0.023809523809523836,-0.009090979466955806,-0.004344482799333305,0.0,0.0032414074004656346,0.0
2020-05-06,0.005987803892514965,-0.052300197222072686,-0.017632159836197925,0.0,0.009174383599884317,0.0014543419783172862,0.001430348409023674,0.022617199052775705,-0.0070542855055812925
2020-05-07,0.034524235763981004,0.030585143325326802,0.012820479396232765,0.0,0.01909086062064591,-0.010166849032042236,0.0,0.011058126301665583,0.0
2020-05-08,-0.018412085791188915,0.012903262794960346,0.03291147092323676,-0.009756097560975618,0.013380693152515999,-0.0014675635889960237,-0.0014283054346176938,0.0,0.02309006809333547
2020-05-11,-0.022274548695219054,0.003184796864933226,0.012254869483959263,0.0,0.00787242792053977,0.0014697204972837774,0.0,-0.0078121818146164035,-0.018874633675404207
2020-05-12,-0.010791315526353373,-0.015873133713757204,-0.033898384468192266,0.0,-0.0017512672541935004,-0.011739006087133186,-0.0014312692094801127,0.0015748025195561066,0.0
2020-05-13,-0.006060658124761087,-0.01709686092186735,-0.03759382747609474,-0.014778325123152691,-0.03508752599293652,-0.031180353858151322,-0.011461378491406604,-0.0031445729413337453,-0.042552942680362915
2020-05-14,-0.014633831480887927,-0.027239540892057712,0.005208086781124832,0.0,-0.0027272000604666724,-0.022988432588242125,-0.0014488895636225463,0.0031544924730080304,-0.01851828888474716
2020-05-15,0.0,-0.011471198816229156,0.0,-0.025000000000000022,0.016408166220795772,-0.023529513604278685,0.007278196809195725,0.0031444131601827685,0.0
2020-05-18,0.014851160866300894,0.00682579800677896,0.06217632159280173,0.02564102564102555,-0.00986606773089771,0.024096492348815612,-0.01734150417000635,0.0,0.0
2020-05-19,-0.014633831480887927,-0.001694537073336222,-0.031707391869048696,0.010000000000000009,0.0,0.010980284997834655,0.01617653720812373,0.0031347160987793554,0.037735847264266154
2020-05-20,0.0,0.018675253116503754,0.022670080417455996,0.034653465346534684,0.0009064237978235745,-0.00775792745309023,-0.004341361630721963,0.001562658658520677,0.0
2020-05-21,-0.00990096053481948,-0.01333285384394245,-0.014778421409638254,-0.0430622009569378,0.0009053864158476976,-0.007036698422165033,0.0,0.026521292337916336,0.0
2020-05-22,0.032499760617463735,0.009459220024384152,-0.014999789206897152,-0.020000000000000018,-0.0009045674327817776,-0.016535406616474124,0.0,0.007598703454427813,0.0
2020-05-25,0.0,0.0,0.0,0.0,0.0,0.0,0.0,0.0,0.0
2020-05-26,-0.007264039213270124,0.0036348218689967737,0.010152118441906444,0.015306122448979664,0.025339452242842286,-0.038430747148478495,-0.0014534304105914275,0.03167427264481115,0.0021815709251300497
2020-05-27,-0.009755887653925321,-0.01073105354245485,0.0075377690688460675,-0.035175879396984966,-0.007943829367947353,0.03247290001206027,0.0,-0.005848099178342281,0.0515242412589616
2020-05-28,0.014778282584897218,-0.0033896730322927615,-0.007481376182862376,-0.01041666666666663,0.0008897627579580458,0.013709734325207501,0.004366404294730453,-0.00882352677454612,0.0
2020-05-29,-0.009708618825103876,-0.013605546202393626,0.0,0.0,-0.015111137955128862,-0.02545740946855346,0.0,-0.0029673581556514117,-0.016563701636903794
2020-06-01,-0.019607785162569114,0.03103453621611796,0.0075377690688460675,0.05263157894736836,-0.006317415128628601,0.05224474426568415,0.0,0.011904758304250862,0.0
2020-06-02,0.012499820934323225,-0.013378029424592652,0.014962628679014767,-0.030000000000000027,0.021798110806492854,0.04189309071585634,0.0,0.013235514325397713,0.05298301626192403
2020-06-03,0.0,0.0,0.0,0.0,0.0,0.0,0.0,0.0,0.0
2020-06-04,0.04938266893401,0.02542396663109625,0.06142495992220254,0.10824742268041243,0.007111348926422956,0.057334315095749266,0.0,-0.0043543554173473,0.03332222438734367
2020-06-05,-0.011764894763909961,0.033388398138941344,0.08564812502647823,0.018604651162790642,0.006178123342637898,0.059859158597419304,-0.001448869284366494,0.0,0.03160278045305276
2020-06-08,0.0047620718813903284,0.04670479947050876,0.036247422920265615,-0.03196347031963476,0.005263438463585457,0.02657806128462492,-0.0029027581266981572,-0.01895050577098134,0.012816625667135817
2020-06-09,0.008294106223089903,-0.012835950136344865,-0.012345605936455506,-0.02358490566037741,-0.010568318115342201,-0.040129509803156216,0.002911208661298348,-0.010401261849849464,-0.01677424788518389
2020-06-10,0.011750889957172106,-0.009288356322244007,-0.04791698225349772,-0.019323671497584516,-0.007073007562751199,0.00606873697413568,0.0,0.013513664035409212,-0.03270415660596049
2020-06-11,-0.027874654773994312,-0.026562289714641252,-0.09846803943125737,-0.039408866995073843,-0.051647535942626055,-0.04490618390513923,-0.013062702649332958,-0.0903703431599665,-0.0084525925951342
2020-06-12,0.0023894341717911605,0.04269670705258766,0.03155341193752115,0.02564102564102555,0.0,0.042105290053758626,0.0,0.04234501459682116,0.1826228773446943
2020-06-15,0.0,0.0,0.0,0.0,0.0,0.0,0.0,0.0,0.0
2020-06-16,-0.00119177932869452,0.009544645219773384,0.05882355000624351,0.0,-0.03192470673017289,0.020202032585203922,0.016224552104774803,0.01562531632465025,0.02578344008682687
2020-06-17,-0.02148005373454842,0.02104202523583054,-0.04666677468089231,0.004999999999999893,-0.018429176974378958,0.003300357050506353,0.0,0.006153765578763792,-0.0005412180428200353
2020-06-18,0.013414805256469098,0.014039004901774677,-0.013986047942551871,0.0,0.008893497808077688,-0.02697361984365887,0.0,0.006116361433872841,-0.04678149139595977
2020-06-19,-0.020457199700375406,0.00883629497544458,0.011820477328676082,0.0,0.008815568206267832,0.01419868246640199,-0.01306247550517381,0.0030393578306397995,-0.028084845077756104
2020-06-22,0.0,0.0,0.0,0.0,0.0,0.0,0.0,0.0,0.0
2020-06-23,-0.002457041600390175,-0.04934295811878531,0.007009246155778692,0.004975124378109541,0.0291259335324221,-0.003999896230717392,0.0,0.0,-0.0367778312314877
2020-06-24,-0.002463093523643489,-0.019819902348388485,-0.030162370806880334,0.02970297029702973,-0.0018868873933926,-0.0066934945657625144,0.0,-0.03181832599097234,-0.031212066593519272
2020-06-25,0.0024691753334158406,-0.02362211762104527,0.002392350174946989,0.033653846153846256,-0.007561705090230797,0.009433947074301008,0.0,0.0078248839212538,0.0
2020-06-26,0.0,-0.008386758855210563,-0.011933084102502711,0.0,-0.017142930522782596,-0.04138850626048429,-0.042647199455440044,0.004658383623015849,0.0
2020-06-29,0.0,0.0,0.0,0.0,0.0,0.0,0.0,0.0,0.0
2020-06-30,0.013546782249236111,-0.015615241665529411,0.0024153446325760886,-0.009302325581395321,0.012597654251427892,-0.025069620226084055,-0.001536004037854366,0.018547056290631136,0.0
2020-07-01,-0.009720690023512946,0.019828503353798155,-0.007228873184729423,0.032863849765258246,-0.0038281710041224715,-0.009285675971333451,0.03692308392772281,0.001517527434154342,0.0
2020-07-02,0.0012272449488777148,0.0012960852667580625,0.009708820847495359,-0.004545454545454519,-0.009606173920508998,0.005046855336031664,-0.005934531288030898,0.0030303020971458317,-0.06162075063863237
2020-07-03,0.00857833671075725,0.01197429352616508,0.00961540639721159,0.0,-0.0009695181054063529,0.0064562769844773715,0.0,0.004531720663089711,0.0
2020-07-06,-0.0036453961757419995,0.0,0.004761797355013586,0.0,0.013591407226924757,0.03207406103213084,0.0,0.01625069749704866,0.025000146584210903
2020-07-07,0.002439155806410076,-0.006716043585973663,-0.023696679400832865,0.004566210045662045,0.0,0.0006906290617871846,0.0,0.01501501140253092,0.04878052168853553
2020-07-08,0.008515814192479487,0.02157100891993502,0.01456308079074975,0.0,0.01915737670554707,0.0006900738978998788,0.010447713886963639,0.03550323164050728,0.0062017674721726035
2020-07-09,0.004825258872796612,-0.007248032938552029,-0.026315733268024832,-0.027272727272727226,-0.00384459544554161,0.0068966080063679325,0.0014767184973316638,0.005714053947450504,0.0033185387557144175
2020-07-10,0.008402997016740965,0.018729891761174233,0.022113073313579257,0.02336448598130847,-0.004730457157440915,-0.0034246852911855585,0.0,0.005682086927031982,0.008615839823642002
2020-07-13,0.005952522533786642,0.01277684657460676,0.00961540639721159,-0.004566210045662156,-0.004753053854068323,-0.004810988770371338,-0.0014745410153392813,0.0028247440791766554,0.014337849275929626
2020-07-14,-0.010650836044544199,0.010769017589449259,0.026190298772286846,0.004587155963302836,-0.006685599955993049,-0.015193289307727897,0.0029626524553236777,-0.009859320018782314,0.007518992685679127
2020-07-15,0.020335029204261,0.004566053549625915,-0.0023200761444364115,0.004566210045662045,-0.000961922646178559,0.0,0.0,0.009957494140094614,-0.0017913096882651303
2020-07-16,0.015953033454912724,0.012121390565521972,0.013953405216364123,-0.027272727272727226,0.010587214095914455,-0.005610111381975202,0.0,-0.0014082526369121329,-0.0014951493161484697
2020-07-17,0.012986869491236064,0.0,0.01834855392873136,0.028037383177569986,-0.002857038593933603,-0.021156728975067263,0.001477303930339957,-0.002820971592816801,0.0
2020-07-20,0.0,0.0,0.0,0.0,0.0,0.0,0.0,0.0,0.0
2020-07-21,0.002331117446252362,0.0029939400857352805,0.011261177228625963,0.0,0.011461353222530946,0.0014410488153133727,0.0029501318214080197,0.0014144405806408855,0.0011983161820838806
2020-07-22,-0.006976659496156334,0.014925292052713424,-0.006681310523969919,-0.022727272727272707,-0.007554281969594512,-0.011510819163164543,0.014705746103285788,0.016949100997260658,-0.002094524634675632
2020-07-23,0.02693185575642687,0.008823500327459932,-0.0022421577025768524,0.023255813953488413,0.015223680279050855,0.015283900834675457,0.014492621294162733,0.06944434109143871,-0.005095789488326896
2020-07-24,-0.01710368359302894,-0.007579868384679056,-0.002247307728016845,0.0,-0.008434777352524625,0.0035841767686000114,-0.04285709891371359,-0.0012986487679874648,0.0063273512454611325
2020-07-27,0.003480279116487406,-0.0002939552329015438,0.011261177228625963,0.0,-0.004726211313079376,0.0007141452282224403,0.09999988097136892,0.02340698569667876,0.0
2020-07-28,-0.010404626345676293,0.004075069454201108,-0.0089084876746921,-0.009090909090909038,-0.00854680957795051,-0.0007136355887721324,0.0,-0.008894430791168806,-0.01946126841086837
2020-07-29,0.0,-0.01470569649506459,0.011235981355025348,0.00917431192660545,-0.004789590172660452,0.0064285261479395395,-0.018995564884515703,0.0,0.0
2020-07-30,0.0,-0.00746245341177576,-0.024444501023324516,0.00454545454545463,-0.013474042651443141,-0.01348467349380833,-0.0013837527462721155,-0.0012821276591373776,-0.032060958782662574
2020-07-31,-0.0175234540925292,-0.06646636619133761,-0.0523916978878437,-0.09502262443438914,-0.014634303775807322,-0.007194302905790151,-0.09695245345357717,-0.0243902846645232,0.032807261847053626
2020-08-03,-0.015457763654654344,0.018041092357735877,0.02884609996479237,0.04499999999999993,0.007920540812222043,-0.005072373251476137,0.0,0.014473823437288091,-0.029627232389465963
2020-08-04,0.01570045761777994,-0.01107544927023274,0.02570087826196188,0.0,-0.007858298835580313,-0.029861708761759975,0.0,0.0155640901328431,-0.0003149537912493505
2020-08-05,0.01070163652656575,0.01215956828140441,0.002277909732544936,0.004784688995215225,0.003960800586450208,-0.0015013770880767385,0.012269874866577712,0.015325625659367681,0.015113620091868452
2020-08-06,0.010588064047336587,0.01106552592761223,-0.013636508639867206,-0.023809523809523836,0.020709408521896178,0.012029932389483688,0.012121149874379844,0.020125728169771318,0.00030989549293836127
2020-08-07,0.0,0.0,0.0,0.0,0.0,0.0,0.0,0.0,0.0
2020-08-10,-0.017462086013860234,0.0059413882837608956,0.009216613034134014,0.0,0.0038646700929101385,0.0029717756128933015,-0.011975987139369981,-0.013563509843344645,0.0
2020-08-11,0.013033382873389732,0.0018651513421141797,-0.01141544031469377,0.0,-0.0029719239144414544,-0.024444357726559396,-0.013636686312956892,-0.029999915501658814,0.0017863055559423913
2020-08-12,0.009356496119760305,-0.001551891219815471,0.02771369253017575,-0.009756097560975618,0.0009679014206303016,-0.003037299447176234,0.026113943847986043,0.0051547532619615755,0.0
2020-08-13,-0.006952408097756768,0.009322863214439758,-0.020224766439045472,0.0,-0.0038685505318081237,0.019801986204027955,0.013472776608036918,0.0,0.0
2020-08-14,0.009334919950716225,0.0006160353461974744,0.009174333843233518,-0.019704433497536922,-0.01456346136033626,0.012696009647091167,0.007407723280394629,0.0,-0.023255644225018468
2020-08-17,0.0,0.0,0.0,0.0,0.0,0.0,0.0,0.0,0.0
2020-08-18,0.012716708739637372,0.007384284233462379,0.009090817887291935,0.03015075376884413,0.006897104013626754,-0.0007373181405687657,-0.008824019837235686,0.007692252384762677,0.0
2020-08-19,-0.00114152475910001,0.005803376315542286,-0.018017950590634046,0.019512195121951237,0.006849279282030274,0.0,0.01335345161672774,-0.003816830366152768,0.0015872632300553136
2020-08-20,0.010285800813017332,0.015790958129699106,-0.006880750382425083,0.0,0.005830675845005073,0.014022068519828457,0.0,-0.00510854188645582,0.0
2020-08-21,0.00452494307976381,0.013453211057663061,0.006928423132543937,-0.019138755980861233,-0.0038650426883600764,0.00946147030821276,0.02342612558305124,0.0012837736208046735,0.022186866275474282
2020-08-24,0.0,0.0,0.0,0.0,0.0,0.0,0.0,0.0,0.0
2020-08-25,0.033783786587311404,0.01179918354575249,0.029816357475037858,0.014634146341463428,0.06692595745307739,0.031001970719034766,0.008583486426381626,-0.012820634628796679,0.015504047503084095
2020-08-26,0.013071735929132133,0.00990268409771966,-0.02227155057902519,0.009615384615384581,-0.01727302176910772,-0.003496452862376098,-0.014184437957788343,0.0,0.007633556269895925
2020-08-27,0.0010751634238104213,0.013925355508188408,-0.015945368127815107,0.004761904761904745,0.0,-0.0014033925593844865,0.008633347527561508,-0.005194725131916544,0.0027274042016820488
2020-08-28,-0.00537036005134095,-0.0057222007388813,0.006944461187722517,0.004739336492890933,0.012025983483317848,0.00843274874281974,0.012838779220251784,0.03263699498746209,0.0003020776998023944
2020-08-31,0.00215969486859402,-0.0071944652848042745,0.006896454218022319,0.0,0.005484680997238867,0.009756241444536462,-0.012676034413034554,-0.026548674807204353,-0.016616215811397606
2020-09-01,0.006465677767784728,0.007246600701987571,0.009132556080704513,0.0,0.03636307541814987,0.003450683587768566,0.008559110527633251,0.0,0.006144321278007681
2020-09-02,-0.0032122284647593258,0.035971095924797414,-0.015837141392275655,0.004716981132075526,0.007017689219207757,0.01444289187445591,0.018387435007193975,0.0077922177578415575,0.007633556269895925
2020-09-03,-0.0032222635217923346,-0.03416690443350956,-0.004597712158180278,-0.028169014084507005,0.018293007514234905,-0.013559354720510619,0.012500643287163271,0.0012886076565234994,0.0
2020-09-04,-0.008620638998652175,0.0,-0.009237897510058546,0.0,-0.017964384886517304,0.01924395508148513,-0.013717997157144945,-0.006434810863243934,-0.007272673193012169
2020-09-07,-0.010869701035763457,0.0,-0.002330892376498639,0.004830917874396157,-0.0008709430113231775,-0.0020229123247118563,0.0,0.0,0.0
2020-09-08,-0.010988906874152327,-0.008053292152873648,-0.02803733227523475,-0.004807692307692291,0.0008717022142745723,-0.01351346987903268,0.013908798008687384,-0.009067378517325753,-0.007936499443949807
2020-09-09,-0.004444500121466022,0.014787341637413132,0.0,0.024154589371980784,-0.006182599724576909,0.0034246073582415715,-0.00685943486694518,0.013071757669854023,0.009478320991063383
2020-09-10,0.0022322531882721375,-0.014285633253907637,-0.03125001117751647,0.0,-0.0017572987024009334,-0.004778071695462849,0.008287537042745985,-0.015483826198962936,0.0
2020-09-11,0.005567875089743213,-0.0002903775004888809,0.004962544310079586,0.0,-0.00792311953673841,-0.015775208411259345,0.009589121668870604,0.006553077109203942,-0.015267194798442851
2020-09-14,-0.0011075559931085222,-0.009277687810370194,-0.007407242306265771,-0.004716981132075526,0.009760848140732747,-0.006968619289327238,-0.006784332392260728,-0.005208318052240424,-0.007751986650028075
2020-09-15,-0.006651805540260125,-0.019315055587465935,0.017412976142813674,-0.004739336492891044,-0.015817248423439123,0.0021054082274607477,0.0,0.002617826096702247,0.0
2020-09-16,0.011161019210848888,0.006863324584913455,0.002444932774807951,0.0,-0.004464381013493224,0.011904730602164681,0.013698389078482087,-0.002610990976385952,0.007499953719900754
2020-09-17,-0.0022076953020979673,0.00029646578386555156,0.007317090431318896,-0.01904761904761909,-0.008968696024906686,-0.004817746668763334,-0.013513278926027161,-0.018324586054855763,0.015198747575008165
2020-09-18,0.005530838643875935,0.007111169592331601,0.024212951623635126,0.03398058252427183,-0.009049540142914259,0.002826990387884587,-0.0013698714953866986,0.0,-0.021998408802204383
2020-09-21,0.0297030609960951,0.0047072154239593544,-0.044917192403592376,-0.0046948356807511304,0.00730576737201849,0.0,0.01097400493965095,-0.017333365291087866,0.015307798497932179
2020-09-22,-0.0341879897769054,0.0026353529567226808,-0.004950445516770596,0.0,0.008159632631963287,0.02114159266759441,-0.009498022971191844,-0.009497987768578908,0.0
2020-09-23,-0.009955835621682119,0.014895395936902478,-0.012437901791525263,0.0,-0.015287671098734856,-0.02829539494485178,0.0,-0.006849380842860353,-0.015384635499062549
2020-09-24,0.005586621157149807,0.005755132763834769,-0.017632159836197925,0.0,0.03196350240145929,-0.006392012981544903,0.0,-0.0013794618144346016,0.007812549428903637
2020-09-25,-0.015555586669185217,-0.022482964438880648,-0.015384524405355315,-0.04245283018867929,-0.0168145168090178,-0.024303233908902988,0.0,-0.005524570329255463,-0.0003101724712398779
2020-09-28,0.02934549149186183,-0.013823717651004985,0.02604166094853899,0.009852216748768461,0.0018005385528958584,0.00366315869250311,-0.002739851615901956,0.0,-0.00744412314085896
2020-09-29,-0.007675412903310308,0.014017491495615708,-0.025380705228347566,0.0,0.0017967707257386945,-0.0036497889364347502,0.012362824387985638,0.0,-0.003749820640205681
2020-09-30,0.020994532271000788,0.014705915220527555,-0.013020927346078626,0.029268292682926855,0.01614363161438548,0.00366315869250311,0.0013565376442423727,0.0,-0.011920132797343497
2020-10-01,-0.02164512970625143,0.0,-0.010554180004135327,-0.023696682464455,-0.03089178358911604,0.0,-0.04742535020949068,-0.00833341273162369,0.0015876294402423774
2020-10-02,0.027654845344790457,-0.014492785544993558,0.018666712341259606,0.0,0.0018217486825469198,-0.008759215592438307,0.0,-0.0014007840715969389,0.0
2020-10-05,-0.016146476709423596,0.05735267600078431,0.0,0.022330126716095355,0.001363611762418504,0.008468421601536491,0.0,0.0014027490200807513,0.0
2020-10-06,0.015317318054795415,-0.009735497727997755,-0.0015706584333367024,-0.021842383524217968,-0.00590090189798953,-0.013508601771138551,0.0,0.016540178356967417,0.006339263114238269
2020-10-07,-0.0021550406383856746,0.00028090633532573683,0.0020975273833014896,-0.014563106796116498,0.006392505916364755,0.0007402071104798402,0.0,-0.002793582838116815,0.0
2020-10-08,0.0,0.0,0.0,0.0,0.0026567573855085236,0.0,0.0,0.0,0.0028029211974811563
2020-10-09,0.00215969486859402,-0.03819167950093638,0.014128852990267893,0.0,0.007259943779194256,-0.0014794020284328857,0.022759632674023145,0.03641478616401672,0.007873958260225633
2020-10-12,0.0,0.0,0.0,0.0,0.0,0.0,0.0,0.0,0.0
2020-10-13,-0.008620638998652175,-0.01897798791954064,-0.01960798991806989,-0.014778325123152691,0.0,-0.018888850186930428,-0.005563096735372475,-0.02432428661858177,-0.015624886813858319
2020-10-14,0.008695600632582012,-0.03125001696202301,-0.0052630400814248635,-0.0050000000000000044,-0.0022526594398363242,-0.018875084011689025,0.0,-0.011080580867941281,0.0
2020-10-15,-0.02133624430707648,0.04439339544191556,-0.00582026351822873,-0.015075376884422065,-0.012189501388094492,-0.018853349597218183,0.040249156852589785,0.0,0.0
2020-10-16,0.02415678011725042,0.0,0.0005321464917991126,0.0,0.014625524611912688,0.016862816311169038,0.005449837623240583,0.0,0.0
2020-10-19,0.0,0.0001469949326984299,-0.004255171521349799,0.0,-0.009009148889920215,0.00462793571286757,0.013550214524739923,0.00840353459158405,0.0
2020-10-20,0.006521872607160528,0.0705881427389945,0.011217922180632556,0.020408163265306145,-0.003636678165786944,0.02610364491918782,0.0026740214112117577,0.02777781970367421,0.0
2020-10-21,-0.0032398460528046957,-0.010988969695157835,-0.02694137475002667,0.0,-0.011861051088770891,0.012719622047814072,0.0,0.001351189793971308,0.0
2020-10-22,-0.0010833536345333794,0.0,0.0206296381513269,-0.034499969482421844,-0.003693436789529825,-0.0007386744986567217,0.0,-0.0024288864432925328,-0.015872978193062104
2020-10-23,-0.00021692152310526236,0.0,-0.010638324535117483,0.05126873942809329,-0.006024289488853807,0.005545230198078066,0.0,-0.0005412078055543335,0.0
2020-10-26,-0.012801146707454247,-0.0338889458812861,-0.0059139401446219875,0.0,0.0009327019342613152,-0.018382386838864284,-0.04000032553587951,-0.006497074397632918,0.0
2020-10-27,-0.010769400571689625,0.004998289244789955,-0.010275769931660683,0.0,-0.008849772583970017,-0.006367083350665381,-0.02986123202416824,0.0,0.0
2020-10-28,-0.011330668801832866,0.020554968139068874,-0.06284148006971957,0.0,0.0,-0.029023815960465438,0.0,-0.005449612918526192,0.0
2020-10-29,0.006741629348297806,-0.007042420938389027,0.018658748664874825,-0.026108389417526134,0.03383474454278046,0.02445666086616982,0.06800276672464656,-0.0027395339666078655,-0.032258067109811495
2020-10-30,-0.06116057098427741,-0.03489341581690231,0.025186153620121,0.011127956409721973,-0.03000023394589235,-0.04774536866826906,-0.09986566770263872,-0.010989188448317755,0.01666654342496221
2020-11-02,0.0,0.0,0.0,0.0,0.0,0.0,0.0,0.0,0.0
2020-11-03,0.026153154316243432,-0.0001470665513489955,0.01730875236828089,0.0005002806731819742,0.008434931916042387,0.034620037216974486,0.04244213032695643,0.008333435098918152,0.0
2020-11-04,0.00903596451171862,0.001029261566631412,0.026344712784716062,0.0,-0.001393953449897678,-0.00769237327788419,0.0,0.011019190403777523,0.0
2020-11-05,-0.004592544230675455,0.02789980819131732,-0.010695080080153074,0.0,0.009306581050925633,0.021317817347118462,0.0,0.0572208010496249,0.0
2020-11-06,0.0,0.0,0.0,0.0,0.0,0.0,0.0,0.0,0.0
2020-11-09,0.021914664308280596,0.002857332006750868,0.04756758213187995,0.02499999999999991,0.02581840948949221,0.03984822153089351,0.042856949618048645,-0.012886584321212036,0.016393568555625126
2020-11-10,-0.029345207373127846,-0.009686783764929041,0.022703793014602347,0.0,-0.00818311502497171,-0.02189775295388474,0.0,-0.005222081291516578,-0.0029895873401404316
2020-11-11,0.01883744891454886,0.012082940026592492,0.016649861737042748,0.0,0.004543624140969316,0.011940283293579546,0.0,0.0013123088201556499,0.004862586135177871
2020-11-12,-0.015065423502549802,-0.004121893801174892,-0.02034751471259255,-0.014634146341463428,-0.02758946727849032,-0.005899738869160731,0.01232894965200071,0.00655320357225464,-0.008064986009144848
2020-11-13,0.008111392139075413,-0.008134411624505344,0.0131711444755509,-0.00990099009900991,0.00046514027204636044,0.012611109976015111,0.0,-0.0039062331667386596,0.0
2020-11-16,0.0,0.0,0.0,0.0,0.0,0.0,0.0,0.0,0.0
2020-11-17,0.006896440790455927,0.02532368947989716,0.06750004339857996,0.020000000000000018,-0.0009297385631646948,0.0007326973556376348,0.0027137884022290226,0.0,0.008130558852537106
2020-11-18,0.009132496076920571,0.010384539890800903,-0.005152307085261487,0.0,-0.0032573871674417276,0.01683765174122831,0.0,-0.0033987900289417228,0.0
2020-11-19,0.004525006637325024,-0.018472211228908963,0.009887100638473978,0.02941176470588225,0.004201677439000573,-0.017278876932243503,-0.012178785380430712,-0.00445953488793982,0.0
2020-11-20,-0.00878385515996083,0.011744464437406288,0.0037297052758218374,-0.01857139950706843,0.009297714045128025,0.010989147991824488,0.0,-0.009222730250173838,0.0
2020-11-23,-0.00022722294885535455,0.0,0.021829963289604404,-0.004366856519263718,0.012897734094784896,0.014492715997739936,0.0,-0.0026594537514705863,0.0
2020-11-24,0.008409077035733015,0.0069932590567147734,0.01909086410395644,0.025828475295224473,0.0413820036315653,0.026428695726164353,0.09315091016833676,-0.007999899363222096,0.024193352927325495
2020-11-25,0.008789794980348375,-0.006474739382854144,0.004460314055929171,0.00285038528986048,0.004367038535027623,-0.004871277677475083,-0.09774444766957424,0.00537616525352691,-0.015748246829702994
2020-11-26,0.000893499485916216,-0.0028090892537683265,-0.018650045485364197,-0.0075793749751529305,0.0,0.0027971013993493,0.04791663460077267,0.00668455148332292,0.0
2020-11-27,0.004464160062240152,-0.007042039701458003,-0.01719458821176889,0.0,0.011739121888333592,-0.023361222163804984,-0.005963882607769699,0.0013279936321379804,0.008000230559242372
2020-11-30,0.0,0.0001417849702807228,-0.041896808897381566,0.0023866348448686736,-0.00042965884622125916,0.0032131219253181964,0.0,-0.018567646729527487,-0.007619072742569233
2020-12-01,0.026444424216077067,0.022549666809854818,0.023065744055971615,0.01857139950706843,0.006018720566575375,0.03202846776582202,0.0399999791887895,0.02972964656060384,0.0
2020-12-02,-0.004113321396963965,-0.001386469672886359,0.007515236822913218,0.00046753672916888256,0.008547249369205367,-0.002068929360134475,-0.012820906622397432,0.02099739489455854,0.029910261098777147
2020-12-03,0.004348020704634248,0.0041664384177435565,-0.011655039952126578,-0.0004673182407272103,0.004237406514445041,0.005874338883477881,0.012987417084098896,0.009254637318558911,0.0
2020-12-04,0.0,0.0,0.0,0.0,0.0,0.0,0.0,0.0,0.0
2020-12-07,0.025541254176698835,0.05103727531573177,0.0424529344750475,0.019167864518499167,0.021518801081742422,0.06733067851667696,0.012820506406801435,0.01120715252718929,0.01786022148430355
2020-12-08,0.0,0.0,0.0,0.0,0.0,0.0,0.0,0.0,0.0
2020-12-09,-0.005487745220202012,-0.008816928794896373,0.011312243851625547,0.0,0.002004093388709327,0.07177339596515808,0.02151895695526984,-0.003778321704250631,0.0026748209023224057
2020-12-10,-0.02164688186553332,-0.01221466893918055,0.0313198725355186,-0.00917431192660545,-0.00867777732263697,0.006006192387646658,-0.04956675544311828,-0.010113570970694097,0.015243937758552262
2020-12-11,-0.0019522146549145747,0.00860229778780952,0.002169094942687577,-0.017129615501121243,-0.0050019275090150694,0.0005968929748838558,0.016949681986147658,-0.0038314637908881677,-0.009008984820649268
2020-12-14,0.0004345332423079107,-0.0031984087078117396,-0.009956498358905663,0.0004709884281168808,0.0020944577516488483,0.011336539268294477,-0.03846151922040408,0.0,0.0
2020-12-15,0.019552549153333043,0.00828902740339621,0.003497910123943848,-0.0018832104895413204,0.008361302710249596,0.01740407720469994,0.004678984475357195,0.0038462003683319423,0.028787612645462035
2020-12-16,-0.004900801289941192,0.020684107615771108,0.02788681975670637,0.023113178757001807,-0.004974968360455634,0.0118875442456432,0.01796394905900689,0.028097043645970876,0.004271104296188488
2020-12-17,0.007494473394568768,-0.01273052551561138,0.004662961331565851,-0.0009220698656987603,0.011249865664042513,0.038681814588857444,0.0065360168715513645,0.01863345842977382,0.011878525860321343
2020-12-18,0.015728156798701987,-0.010263167277409169,-0.018565380799320574,0.004153249505990608,-0.023073868299234745,0.0013794613207249729,0.025973894697345346,0.0048781281202137095,-0.028985362229744016
2020-12-21,-0.006068569188780737,0.010369592136100447,-0.0477213697636113,-0.01654414523225267,-0.001686734931958478,-0.03856751418458526,0.01265816549114418,-0.007281641281513207,-0.021641788887100555
2020-12-22,-0.0168417870643377,-0.000263206893136525,0.0112864830683721,0.0,-0.010562162827347787,0.021203408282493008,0.0,0.0070905467267505795,0.007016956799439589
2020-12-23,0.004282768041143692,0.006580478189446071,0.025446512691759127,0.009345794392523255,0.007685849092844421,0.010101084352102552,-0.013124654003730196,-0.0009711971712540457,0.01469491946681778
2020-12-24,0.0,-0.015549611997833224,-0.004353406854227138,0.0,0.0,-0.006666673715950644,0.0,0.0,-0.0049264433625497706
2020-12-25,0.0,0.0,0.0,0.0,0.0,0.0,0.0,0.0,0.0
2020-12-28,0.029850363544686287,0.013874633951468596,-0.003935447086871324,-0.01388888888888884,0.005084884606682882,0.029082658901155245,-0.02406601500425254,0.0024302032307719212,0.005251317468537575
2020-12-29,0.008281718311115238,0.010262724160850833,0.004828765315103789,0.014084507042253502,0.021079104451745323,-0.016304427853655157,0.0512655465852061,0.0,0.0
2020-12-30,-0.027104496912035092,-0.015368415167713145,-0.01922245824847091,0.004629629629629539,-0.009083294667533659,0.005525157488297738,0.037036940945761154,0.010181989226452304,0.0
2020-12-31,0.0,0.0,0.0,0.0,0.0,0.0,0.0,0.0,0.0
2021-01-01,0.0,0.0,0.0,0.0,0.0,0.0,0.0,0.0,0.0
2021-01-04,0.017306634398300158,0.0156082898461265,-0.0013361737335153556,-0.018433179723502335,0.0,-0.017033055217234416,-0.03571419636409867,0.01751832535705944,-0.00582089852100387
2021-01-05,0.0,0.008074773839338079,0.022301570279645633,0.009389671361502261,0.016666174019924984,-0.02571275746160606,0.01234532667766719,0.03489000113471752,-0.0016515670722804243
2021-01-06,-0.0002076218071247471,0.0,0.006980884177524516,0.013953488372093092,-0.0004096388256352723,0.01807232552988891,-0.0256097460268373,-0.019133148871055106,0.007518964911198411
2021-01-07,0.0002076649228912597,-0.017441671326970498,0.028162760866888403,-0.022935779816513735,-0.0446902150295716,-0.008171287952487671,0.0,-0.012926201817826,-0.005970133320127302
2021-01-08,-0.008298823579758308,0.012491486195022938,0.010956579789738852,0.010328624170151013,0.008536204718897045,-0.0005682566359690444,0.013767551363107478,-0.017856928999815946,0.003233598699192042
2021-01-11,0.0,0.0,0.0,0.0,0.0,0.0,0.0,0.0,0.0
2021-01-12,-0.0014642948333173367,0.0038963734700909747,0.025010585397279073,-0.0041821278310744114,0.015358773913145995,-0.007959034253348762,0.009876261342133708,0.04242408027135958,0.004497816548438172
2021-01-13,0.005656865825431012,0.002587138513742593,-0.008540237759525393,0.00046659282922378864,-0.009664140094736373,-0.002865450295495342,-0.022004934177974445,-0.001628109972832248,0.0
2021-01-14,-0.004166852363733264,0.0,0.01886793028600331,0.002798536010244934,0.009758447094565303,0.017528955457018602,0.024375066280480473,0.00046593286790108657,-0.007462769963694105
2021-01-15,-0.0028823110576674527,0.01922652651707968,-0.02576469903479839,-0.0032557997592660426,-0.004201731552889165,-0.011578814572972496,0.009174338938517712,-0.001164175988753735,0.007368560683477243
2021-01-18,0.005995684795226497,-0.02493988167900807,0.008264378965947783,0.0,0.0004218669654834084,-0.001428471807706555,0.0,-0.02097890873840036,0.0
2021-01-19,-0.002767234027675425,0.01843640159899329,0.004098166964172201,-0.005599612371225082,-0.0004216890687954722,-0.01258946967016783,0.0,0.0450002656813937,0.0
2021-01-20,0.014514483234215447,0.04538465406974557,-0.005305913189676881,0.0,0.019831504336865535,-0.0234714029668448,0.0,0.0025061326481190527,-0.00014936945439070204
2021-01-21,0.01283404333067284,-0.013414269659011158,-0.0118999452118137,0.004223340547663712,0.013652734085301654,-0.016617272828932994,-0.030303275569650512,-0.010909118756698755,0.00014939176895767403
2021-01-22,-0.002908168714878312,0.007416702984547996,-0.022425240957874792,0.0004673182407273213,0.020000038255620245,-0.025347041502818524,0.012500298444188651,0.004136320613659317,0.0
2021-01-25,-0.0010414006410873755,0.004416980755393096,-0.012744190074278516,0.0,0.00040027754076388256,-0.004334381937226017,0.0,0.018306678093347628,-0.012091301893949913
2021-01-26,0.0010424862869748974,0.004121455355050374,0.01721153021210764,0.0,-0.00119997724326526,-0.004664132405436394,-0.007407524565696932,-0.011461001724340947,-0.0012089816487435012
2021-01-27,-0.002083396410764604,-0.0056192707055435775,-0.05668345472417202,0.0,-0.017220556790996322,0.015307809521437843,-0.0024876018268745748,-0.02477856143669166,-0.01437208462853301
2021-01-28,-0.010020823041273275,-0.021744535865424575,-0.038116680943805825,0.0,-0.008965197735063768,0.00923067552951884,-0.002493902234772638,-0.008158160955548,-0.00061427599951136
2021-01-29,0.012231135094969092,0.04734390903620889,-0.05361301035889221,-0.019149957901137604,0.003289572249626005,0.027439089744193623,-0.049999543841402816,0.010340571239694452,-0.001689212087389702
2021-02-01,0.0,0.0,0.0,0.0,0.0,0.0,0.0,0.0,0.0
2021-02-02,-0.020416704575118017,-0.009592365281324677,0.030049344883075868,0.01904761904761898,0.005327991961052936,-0.008902252825441992,0.025657759437906602,-0.03698518752270463,0.0
2021-02-03,0.0,-0.022760080745278355,-0.00047831233665118766,0.0,0.004891875715101968,-0.016466857417497316,0.0,-0.007246453740086922,-0.001538433019729557
2021-02-04,0.0012759699216784437,-0.00520313260462113,0.021531032918130855,-0.008878476151796155,-0.0024340308809944755,-0.007610499995194475,0.0006415714386460714,-0.017031614270093143,0.0
2021-02-05,0.021028191199215174,-0.006351363760228601,0.009367704349080519,0.0,0.0024399698429409256,-0.009202430600559586,0.02820477265594068,0.011138249286313462,0.0
2021-02-08,0.002496048715216803,0.009023589018026357,0.020881720996833053,0.0066006310994688455,0.0036510463214916022,0.026315825960315564,-0.002493902234772638,0.020807983517581397,-0.00030843573649363965
2021-02-09,-0.010167772959033816,0.006086589080670279,0.0013637297704869322,0.007025761124121788,-0.007357549296972521,0.018099500442331884,-0.01249971611406453,-0.009592235429191853,-0.002547347876192374
2021-02-10,-0.0033542793636810453,-0.009876727758437398,-0.003631510024870055,0.06976744186046502,-0.0040813978195969325,-0.018962941063799144,0.0012656953894405465,-0.009685314912704412,0.0003093188411416037
2021-02-11,-0.0029452479222452643,0.0037404398016920304,-0.025056894077649328,0.04347826086956519,-0.0008198930306888563,0.005738426050068357,0.034134306654748814,0.014670265434285179,0.0
2021-02-12,-0.004008229952936593,-0.0026083430635674976,0.004672908026545741,0.022916666666666696,-0.015586531483292032,-0.008107999974447777,-0.03300761461552082,-0.011325652124899777,0.0
2021-02-15,0.003601177530291988,0.03674161592138914,0.018604463391790116,-0.04236250059667768,-0.004583595463877765,0.00575232424690908,0.0,-0.003168392368626316,0.005880755662740711
2021-02-16,0.0025323232779226323,-0.00048035362978637863,0.009132556080704513,-0.004678885899438434,-0.019673335178123308,0.0024081005899327934,-0.011406699293508238,0.0024448750903627303,0.0
2021-02-17,-0.0031576152472433394,0.001201497081294356,-0.004524897540650219,0.0,0.01409062938710215,-0.018017971977916103,-0.01217963968164637,-0.012194859042389372,0.0
2021-02-18,-0.001056299790957116,-0.015846133181688038,-0.020000092433328787,0.020085457043770072,-0.004210776007799288,-0.009174288054032975,0.0006490327181041255,0.0074073663214671015,-0.006153789920400943
2021-02-19,-0.006342235679597685,-0.016833645588104074,0.0041744533165060105,-0.0029325385722311914,0.012685151798380145,-0.0030864807581491016,-0.000648611747858463,0.0061273773465260195,0.0
2021-02-22,-0.002978935258186932,0.005086877898041076,0.0314089431709168,0.0,-0.006262785564818518,-0.00402463962646793,-0.004542525413747001,-0.012180122486450395,0.0
2021-02-23,0.0029878358276795858,0.027964579516073673,0.025973950974025994,-0.012605042016806678,-0.0042017326708361225,0.009636218516821948,-0.009126508223036067,0.008631130695643696,-0.00913321918852572
2021-02-24,0.02127663292338089,-0.02339303882873056,0.007856827628997642,0.0,-0.004219363087053285,0.004002473306101484,0.026316012055344506,0.0,0.015466370472511093
2021-02-25,-0.004166792821529208,-0.009631053472318962,-0.012559729088509108,-0.017021276595744705,-0.0046610845646555266,-0.02790555297144104,0.009615327331601975,0.001222646493556745,-0.015384703249373466
2021-02-26,-0.016527071643506086,-0.014960338080705626,-0.013157710116840082,-0.02164502164502169,0.00851416835395602,-0.006624595428108004,-0.022222320568480725,-0.006104992126601205,-0.003124817044220407
2021-03-01,0.008295796303321001,0.00075892969014979,-0.0017778259800445007,0.017699115044247815,-0.004643278840064435,0.01587794375601037,0.005194627544521158,0.011056689561153243,0.0
2021-03-02,-0.006328780171333759,-0.0008852102216364566,-0.00044541369093920036,0.0,-0.007633366054793256,-0.0006250678090078399,0.0,0.0,0.0
2021-03-03,-0.011465057196404671,0.00037992697093147676,0.004454464765542676,-0.013043478260869601,0.002991359880953004,-0.007819845463357789,0.0,0.001215218090704795,0.009404069146111471
2021-03-04,0.007302596371341341,0.0,0.01064297528659286,-0.03524229074889873,-0.008095630853336533,-0.0018915178677316735,-0.011627561415075593,-0.012136245984957883,-0.00621104788865412
2021-03-05,-0.014499386268961412,-0.008731089485767618,0.05309365790417808,0.091324200913242,-0.0047248541143303235,0.028427032401054264,0.013071952330299341,0.012285343941036198,0.0
2021-03-08,0.016443400664262642,0.02055167975130079,-0.0220833628684719,-0.03765690376569042,0.007768439387023873,-0.02334157141364812,0.0064515406939531506,0.004611394179556472,0.0
2021-03-09,0.004469925103482542,-0.005628435083393946,-0.0034086991142560086,0.008695652173912993,0.004654226230634384,-0.00943393768546763,0.0,0.007489485130048434,0.0018001495278010538
2021-03-10,0.0,-0.016603792381059135,0.014536097765836198,-0.03879310344827591,0.004273730399239284,-0.012698450384862503,0.0,-0.002397912471744701,0.010937510735670397
2021-03-11,0.016952729457468063,0.0,-0.0021070426138447562,-0.02197306680037836,0.004255146455961256,0.0032154257492538196,0.0,-0.0024036762770675013,0.0
2021-03-12,0.004375925571392436,0.008953632004735868,0.004223087959617455,0.0,-0.010593286278189229,0.0,0.0,0.00240946785779772,0.0
2021-03-15,0.0020746036480250307,0.0015211150059426526,0.0428930991419878,0.013755157799381745,0.0034263654482236117,-0.002243562416263778,0.0,0.00048071177742681215,-0.015455834635994425
2021-03-16,-0.002070308578295932,0.0027851025275982266,-0.008064535483236157,0.022161889467295026,-0.00469470485500334,-0.006103485999486513,-0.023136400446575167,-0.006487253530653936,-0.004709602317485184
2021-03-17,-0.001867098833780001,0.0,-0.0012194949837091018,-0.011061946902654829,0.003430172075549631,-0.005171184719700239,0.0,0.01571942068803933,0.0
2021-03-18,-0.0031180234596196454,-0.002777367274980569,-0.04354906741634157,-0.02460850111856827,-0.012820493657314969,-0.025341266457331812,-0.013157758320490709,-0.0071429343806489465,0.001419433805358361
2021-03-19,-0.0033360957925866463,-0.007595152589449206,0.00851076448296273,-0.013761467889908285,0.0748915571875084,-0.01333329949676565,-0.026666798505116773,0.0035971029245023267,-0.0061428358756370205
2021-03-22,0.0,0.0,0.0,0.0,0.0,0.0,0.0,0.0,0.0
2021-03-23,0.0004183331203071461,0.0,-0.03755276628097837,-0.01813950649527618,-0.05235579575575022,0.007094659559979011,0.03972614452481649,-0.00716807023726318,0.0
2021-03-24,-0.012337757422102524,0.0,0.022797093635568144,0.03221216293870821,0.0033996586863975775,0.015766532313098436,0.0013174074674937586,0.010830027475262405,0.00633928567932962
2021-03-25,0.0014818362037232191,0.0,-0.007715596634539357,0.0,-0.008894337057430035,0.008256215936647937,0.0,0.004762266312285268,0.0
2021-03-26,0.00042298179441968564,0.010215193576083026,0.01555096565253522,0.0,-0.008119669234312843,-0.002947831768226772,0.0,0.014217926664225056,0.0
2021-03-29,-0.00676235712006823,0.0006333074209801115,0.015737618525274444,-0.004130307121127941,0.0,-0.0013142334736575556,0.0,-0.0011682556228648222,0.0
2021-03-30,0.006382716371099217,-0.0005063402821265939,-0.006281215775193916,0.02073732718894017,0.00043099213183173113,-0.007894672876475828,-0.013157758320490709,0.0067833280596198975,0.023622259838166793
2021-03-31,-0.016701779263896932,-0.01178286040957699,-0.0029497760548746754,-0.0022573363431150906,-0.0021533293405909815,-0.01027842136597834,0.0,0.02927522938694449,0.0
2021-04-01,0.0,0.0,0.0,0.0,0.0,0.0,0.0,0.0,0.0
2021-04-02,0.0,0.0,0.0,0.0,0.0,0.0,0.0,0.0,0.0
2021-04-05,0.01677057554766548,0.010256996102924854,-0.017328718965905376,0.0,-0.012947857044016464,0.009045179538700987,0.019333387716693906,0.0,0.0
2021-04-06,-0.0031718635534627726,0.0019034165710922757,-0.015484076311511386,0.0,0.018364560158083743,0.009960133298382523,0.0,-0.018504859555339648,-0.0016922688557083898
2021-04-07,0.0,-0.00025349683804343215,0.020969885508791197,0.0,0.0008588232019628439,0.008546956957824259,0.0032699250860677154,-0.016789309363516636,0.010941224269513938
2021-04-08,-0.00869748857470376,-0.02153805758674676,-0.023962254300223584,0.0,-0.01673098145541352,0.005215227389636201,-0.03520212373593978,-0.010526314587037233,0.08231732667808678
2021-04-09,-0.0044939918877073826,-0.002977914503980994,-0.009206466314042094,-0.004524886877828038,0.010638074920061413,-0.002918418177414228,0.027027060883464626,0.016075489202444615,0.013272853051718547
2021-04-12,0.009673323460234862,0.0,0.011946952130880817,0.009090909090909038,0.0060609165957317135,-0.013983653733354418,0.011184145394194989,-0.027454727184867855,-0.010590684656044291
2021-04-13,-0.014264234699998157,-0.00012988133170532823,-0.003061023773600735,0.0,-0.006454853497308677,-0.003957714271197177,0.0019518844108084021,-0.00717672297720795,0.0
2021-04-14,0.0,0.0,0.0,0.0,0.0,0.0,0.0,0.0,0.0
2021-04-15,-0.003671724719594205,0.018053926377115337,0.017105566993758536,-0.0094594869527731,-0.03854476994914435,0.019205306066098604,-0.0011881313672198468,0.012288856434907736,0.0
2021-04-16,0.008440117822298587,-0.01811692414121946,-0.0004344936405978883,0.0,0.02252261641613429,0.023992590758803445,-0.015201724402892358,0.009283683342981464,0.0
2021-04-19,-0.012608639684957068,-0.0038976969637994907,-0.00043468250738309955,-0.021828048777610687,0.004405468205715746,-0.007051352593844706,-0.002013348274675808,0.016509445914325793,0.011267608762258075
2021-04-20,-0.0037429014541087158,0.00013038009158594654,-0.008260739684056162,0.0,-0.004386145182568191,-0.0006455777921239303,0.03227978676773202,0.00672854793097577,-0.00013940621873909098
2021-04-21,-0.0004419681534790776,-0.0014349213443796138,-0.008329763758350706,0.002324500166491772,-0.008810526657610396,-0.004521963824289377,-0.009772020186769703,-0.0020743455530379817,0.009890022608100013
2021-04-22,-0.005085115317337796,-0.006792104446530445,-0.0053050363237076015,0.0,-0.013777767167278965,-0.014276443867618394,-0.023683931897023114,-0.02193986746712251,-0.011034282579598709
2021-04-23,-0.020889003970309017,-0.006443833432246859,-0.00977791723984156,0.0,-0.009463840082794661,-0.011191500442472524,-0.0020219998085013735,0.00023615568978962997,-0.00251081801776043
2021-04-26,0.010894284497552587,0.01522168978064009,0.01885119869461538,0.0,-0.015468676076412113,0.03195731400156743,-0.0006750918900726433,0.0007081845171703627,0.009228564600779032
2021-04-27,-0.005612826881446931,0.027190817498840003,0.007488890997573439,-0.012059397170273267,-0.0036969248063074556,0.01419361988895762,0.03648636618148848,0.009672210013414118,0.001523756384147923
2021-04-28,-0.006321830420952801,-0.010572687357180865,0.01967636583183907,0.0,0.028757373640609263,-0.009223953175363175,0.0,-0.004672997965062042,0.0015217789529149428
2021-04-29,-0.007044082417986597,0.016093326457532475,-0.00943388657716715,0.009389671361502261,0.018033957484631324,-0.021508791906369784,-0.004562767551279712,-0.014084582926527034,-0.0022099043604582036
2021-04-30,-0.013730058655078148,-0.005322014011669873,-0.04329015770155009,0.013953488372093092,-0.04782956912071068,-0.03838586034102265,-0.028159831433724913,-0.016666680231654296,-0.0006923762073092199
2021-05-03,-0.037122947598462575,-0.007643341415592864,0.004072451768570184,-0.03669724770642202,-0.04186045052780629,-0.02763565600992257,-0.002695726662901521,0.004842838612642675,-0.012328179547512974
2021-05-04,0.011325449965252421,-0.011424796318397212,0.002703808196026669,0.0,0.024271371764783112,-0.01087715409547918,0.010811026166470228,-0.0014458378004625905,0.009817257086115028
2021-05-05,0.0035738130364084686,-0.01168645454409567,0.028314870288466132,0.0,0.009478735140055594,0.020929446083121084,0.0,-0.0009652482353079694,0.03750008384946968
2021-05-06,0.04321011147340448,-0.0014455917517969263,0.0,0.0,0.02065743301318057,0.04899231352073907,0.0,0.02632833941339574,0.028915698578882987
2021-05-07,-0.007737941458785258,-0.013157788446362173,0.0,0.00952380952380949,0.03495858807658769,0.019542930991050866,0.008021396078259357,0.004707092232734578,-0.002992178976994775
2021-05-10,0.011467917212533374,0.0,0.030157267229050655,0.028301886792452935,0.01466667204081551,0.0324886266402562,0.0,0.012883400563426406,-0.008221304106317384
2021-05-11,0.017913789497720822,-0.006666375966414395,-0.01781914585285782,-0.027981679373924928,-0.003814984214999928,-0.019823822037073557,0.007957363743460899,-0.017344977589910826,0.0016732204321854294
2021-05-12,-0.030964539433289806,0.006442736749121991,0.023758063523063644,0.0,-0.012345494718524086,-0.010272943986272876,-0.013157906576613754,0.012002878318631671,0.0
2021-05-13,0.012413776869392157,-0.004401346699978048,-0.029113954817435617,0.014629571462045465,-0.006250009058284212,-0.0009729703613945428,0.0,-0.005813852466267977,-0.00013161163136077292
2021-05-14,-0.0009080621179911041,-0.0020089891688557238,0.03737509965708985,-0.00046514466751457206,0.01976666406578076,0.012987012052387614,-0.01724809394099469,0.00935647022968289,-0.00802599947037641
2021-05-17,0.0,0.0,0.0,0.0,0.0,0.0,0.0,0.0,0.0
2021-05-18,-0.006818421285139209,-0.002684968880984795,-0.01340611086651855,0.0,-0.013216108343219402,-0.03525647879518168,0.0,-0.008110964338873039,0.03263031209057332
2021-05-19,0.01830674487343753,-0.00861344249054119,-0.0033969908036537433,0.0,-0.006250009058284212,-0.003986637323664888,-0.006802904829743883,0.0,0.013230728952979165
2021-05-20,-0.020224797377512038,-0.015748165906272704,-0.014060441722185124,-0.023266636305296795,0.006289317348683987,0.0003335187118709282,-0.013698691278051789,0.0,-0.0012683544747579267
2021-05-21,0.0006882029876495999,-0.028965621014316212,-0.012532420695627433,0.0,-0.02767818266180222,0.003334444691714067,0.0,-0.01869176366423464,0.015486680199554126
2021-05-24,-0.03048395436317064,-0.026988484381147426,0.003938782104009997,-0.03763694200191536,-0.017447582616576307,-0.0106346883235664,-0.0027776851087600862,0.0,0.024749802049191416
2021-05-25,-0.011820111334624017,-0.0002919718345423261,-0.02571937445223904,-0.00990099009900991,-0.023363993294201357,-0.004702794790784726,-0.02506953793588973,0.0,-0.03635039304738452
2021-05-26,-0.026315733900350913,-0.017623853376298237,-0.006711240112841299,0.0,-0.0009570813479202744,-0.034762101577885285,-0.014286100878849961,-0.012856934067067338,-0.006329027194698078
2021-05-27,-0.0749386016896475,0.007462338187013584,0.0,0.040000000000000036,-0.018199412007207316,-0.0174825174825175,-0.09999997803701899,-0.07477094217712232,0.00636933891389635
2021-05-28,0.10916336537002502,0.033481382871469956,-0.004054217240885616,0.0,0.025365707874182464,0.0284698297707362,0.046699153168483276,0.03388950058630025,-0.05063240441991701
2021-05-31,0.0,0.0034405719655918876,-0.009497903235288319,0.0,0.02759294933390044,0.0034601306495756212,0.015384450389393622,0.030256792563892576,0.0198661345044
2021-06-01,0.016523055868234993,0.019142734014692797,0.03926945484625888,0.013942278348482606,0.016666595095054193,0.024138007467506384,0.03030316946239564,-0.0004895348188213022,-0.006406184150791194
2021-06-02,-0.012956390513147675,0.007288895232751891,0.028119415525264202,0.009957354975298705,-0.016393373378709275,-0.011111222229221007,0.004411840084864949,-0.02056754303553343,-0.007104855768203522
2021-06-03,0.001670565551832759,-0.006401145021086685,0.00854707328701898,0.0,0.009259255283058598,0.021110052432874005,0.0,0.0,-0.006095716024757669
2021-06-04,0.012628061633804588,-0.002941268984647971,-0.002118764290601982,0.0,-0.0050457789960500765,0.013337704856966281,-0.021961862479896177,0.004999802222530381,0.0
2021-06-07,0.0,0.0,0.0,0.0,0.0,0.0,0.0,0.0,0.0
2021-06-08,0.01152945021616203,0.009692536720298017,0.017409773867056444,0.0,0.03574932228519567,0.0,-0.011976326388753455,0.0012438080643442095,-0.025146641943292858
2021-06-09,0.00023243700259101274,0.0016695482159341246,-0.010851275722270182,-0.000938952808648752,-0.025892680467632045,0.01349138992394705,0.03712118168010092,0.028323024516524242,0.0
2021-06-10,0.0006978058775981566,0.01250000612421176,0.006328953515934099,-0.046052645259475056,0.016498626474351852,0.01525970317847869,-0.006573978372190092,0.003624142117057305,-0.013698612620073991
2021-06-11,-0.00023238505678746524,-0.03264738129715139,0.0025158250598429355,0.014778325123152802,0.009918661285645003,-0.015030344581494881,0.0,-0.0129998925512127,0.02777815118343696
2021-06-14,0.0,0.0,0.0,0.0,0.0,0.0,0.0,0.0,0.0
2021-06-15,0.01139000699122894,0.020986862410212748,0.020075268873665397,-0.004854368932038833,0.004018425922800661,-0.03798704623631055,0.006048298132659502,0.0024393160577032003,-0.027027380521226108
2021-06-16,-0.00022982140474758772,-0.0001389787787080543,-0.012300013999310244,-0.009268262909679859,-0.013339634821431079,0.00911234835039254,-0.0014669040029621216,-0.006083094233126363,0.006944776623844406
2021-06-17,-0.00919553758265168,-0.022503236483292666,-0.00705718826127788,0.0,0.018477030079344203,-0.014381233836827989,-0.0014681715906135206,-0.027661723218633028,-0.006896879337444206
2021-06-18,-0.014849228193552388,-0.0024157787993792645,0.0020905230547756393,-0.01526344662902479,-0.0044249372031524015,-0.019341665092812987,-0.013234972132486589,0.0020140313989234215,0.0
2021-06-21,-0.02190293812113131,0.011111269305403404,0.02628278467128542,0.004999999999999893,-0.0017778006140091174,-0.01557097141054975,0.013412486011070479,0.0,-0.020833169849891142
2021-06-22,-0.017577424908058692,-0.01380677946840303,0.008536730346316634,0.0,-0.01602859841514548,-0.0017575081311435037,0.0,0.0025125557234615403,-0.005673471808360198
2021-06-23,0.010293891747413797,-0.00714311330991102,0.016525400310351657,0.0,0.0180996776983271,0.01232406073368053,0.0,0.0057643030076754975,-0.0014268113681500383
2021-06-24,0.02134897120554191,0.007194504470552809,0.09040439091479668,0.0,-0.002666598157972433,0.02956509832571652,-0.007352762295825932,0.00922004034490187,0.0
2021-06-25,0.0,0.011015267304441467,0.007272962297613761,0.04079600471762279,-0.0017828630825448277,-0.00439185445003909,0.0,0.00740738731113022,0.0
2021-06-28,-0.0023751851524760337,-0.006951392671068701,-0.018772667769264895,-0.005258082508474926,-0.0022319656750248162,-0.012555102741995339,0.014814899367929346,-0.006372472012488584,0.0
2021-06-29,-0.011904957065433042,-0.0008572193183956633,-0.0003679928296194124,0.0,-0.02863519979309448,-0.03230247920815732,0.0,-0.006166822148714335,0.0
2021-06-30,0.024096530079248835,-0.0020017549265207712,0.0018405508859224984,0.0038442468500976545,0.007830379931529574,-0.022017045454545414,-0.013868933740600276,0.0,0.0
2021-07-01,-0.01976468871896775,0.010028682141667078,0.03563542649526874,0.0,-0.003656037243244148,0.017066125936050947,0.03478965468886397,-0.0012409690818889763,0.0
2021-07-02,0.0009600236230056236,-0.0018438178775079805,0.011351505895947245,-0.009095231938713533,0.038532172172507595,0.025348049397659667,-0.024320609769698076,0.0,0.0
2021-07-05,0.0,0.0,0.0,0.0,0.0,0.0,0.0,0.0,0.0
2021-07-06,0.004796361048416964,-0.019468747149859578,-0.021746798379621568,0.0,-0.014576154830270638,-0.017409470752089096,-0.010264119144858364,0.006465037699168397,0.0
2021-07-07,-0.015035932665017238,0.028985325210555413,0.003944166455563725,0.0,-0.004930690918557801,0.014883140204028589,0.014814899367929346,-0.005432123684721235,0.0
2021-07-08,0.012599786417325953,-0.00028157790185867615,-0.016785716640693837,-0.019323671497584516,-0.004054002259676115,0.02479038478401363,-0.01824805726086376,-0.005709901828726438,-0.007142565870247863
2021-07-09,-0.004785609509979416,-0.00028165721030493085,0.0029058888848252362,-0.014778325123152691,0.0037718359266012413,0.006814385829980507,0.030482967389381388,0.0024968014189956644,0.008892443865091693
2021-07-12,0.0,0.0,-0.003984254144877908,0.0,0.0,0.0,-0.02885986921088557,0.0,0.0
2021-07-13,0.010338791339692621,0.007469319886780568,-0.010908816821896483,0.0024999999999999467,-0.012200735113329975,0.011844293691857022,0.0,-0.0042339423262873765,0.0
2021-07-14,-0.0004756894219478669,-0.0027978703518795056,-0.025735394604919026,0.0,0.0027448446228097723,0.0,0.003130179575645542,0.005502592262731865,0.0
2021-07-15,0.007159165969522707,0.0,-0.030188813506009327,-0.0024937655860348684,0.0018246770212284602,-0.00468227424749168,0.0,0.0012438033048798314,0.0
2021-07-16,-0.0002409825812247357,-0.00042081288103057446,-0.0038909846132684223,-0.01949996948242183,0.0,-0.007392473118279619,0.02228809858389824,-0.0014907340812846392,0.0
2021-07-19,-0.023861189296491836,-0.017822185575170346,-0.04374990924741662,0.0,-0.012750420376987037,-0.018280297901150933,-0.02180216967679882,-0.029609374819637657,-0.007143013294424128
2021-07-20,0.0,0.0,0.0,0.0,0.0,0.0,0.0,0.0,0.0
2021-07-21,0.0064199956190174046,-0.0028575834268528277,0.03553924094981675,0.0,-0.012915199590273208,0.0037932180978113017,-0.0037147763396944145,0.025384794441765557,0.0
2021-07-22,0.000490375217779393,0.009886890336328502,0.005917204008700994,0.019377805582335705,-0.02289737664504432,0.013397342171745041,0.0,-0.03175800191647171,0.0
2021-07-23,0.0002454072154307596,-0.00014182766086390242,0.000392140470083957,0.0,-0.005260347971555168,-0.015932240958604793,0.0,-0.006198432186494518,0.0
2021-07-26,0.004412934041909677,-0.006811518704420427,0.018031969791350466,-0.01950972494028158,0.008653956358778636,-0.007578291141618121,0.014168334722022502,0.0,0.0
2021-07-27,-0.005369860901071277,-0.024558199479804976,0.001155225773317392,0.0,-0.005719622138114722,0.00798337727979992,0.0,-0.012993741523810276,0.007050506481907082
2021-07-28,-0.00613510544210405,0.009559004664050352,0.004230877022886492,-0.007653061224489832,0.0038347952182216094,-0.008264462179109588,-0.01029386050443637,-0.017904042678499876,-0.07058146328377624
2021-07-29,0.008641877421269095,0.017771228158416585,0.013404737267620925,0.0020565238893797133,-0.017669385191716347,-0.00034726067739998534,-0.002971709180901838,-0.00670259722942379,0.0
2021-07-30,-0.010526202425495512,-0.02261329625556807,-0.004913057635949181,-0.004617721522158558,0.006319845019489234,-0.003126200811803592,-0.0007452819199162963,-0.0026989719074681506,0.04534954430212723
2021-08-02,0.016823376953050806,-0.004246831232551318,-0.01329292204749355,0.0,-0.012077367594086175,-0.006968564421203416,-0.0007457254712754935,0.0024356748958498375,0.0
2021-08-03,-0.006812591490282682,0.02617652851095542,0.008468079118663319,0.0,-0.004889937785849119,-0.007017543859649145,0.0,0.0013499161592505082,0.0
2021-08-04,0.0012248151469400614,-0.016910047012149043,-0.02137390780298909,0.015463917525773141,0.010319296244457377,0.020141381917980317,0.00970144112222826,0.017794503061129285,-0.02176466247775999
2021-08-05,-0.001712626582310639,0.008746316023870992,-0.014430646610601672,0.0,-0.0004865682383639047,-0.016626254990421696,-0.031781351213896136,-0.0052979788058856725,0.0
2021-08-06,0.0,0.0023118979511438376,0.00791468024380082,0.0,0.007299608289621062,0.001056749105588839,0.018321171298617323,-0.003994680175564924,0.0
2021-08-09,-0.0049021713788518495,-0.01787758477399415,0.016882287052618627,0.0,-0.007246710144180213,0.008444756554599309,0.0,0.0,0.0
2021-08-10,-0.009605890903208292,0.0010274753765526778,0.0030888648882516634,0.0,0.024560041053635073,0.004884856565681606,0.011993648395926426,0.0,0.0017620863432630252
2021-08-11,0.015916384641812664,-0.009092120578436003,0.015781377105163585,-0.01573607159144985,0.00762308715154747,0.009027700119162985,0.007407204947879498,-0.002673648763781067,0.022248924094469213
2021-08-12,0.01321919050594711,0.009323843324213543,-0.0064418458695768566,0.0,0.00472801780358556,0.032346792272619274,-0.0029408973430044005,0.002412688869967816,-0.02647044401958487
2021-08-13,-0.009422461518581171,0.02624599861624599,-0.013730063270073867,0.03145954768194681,0.0070586532670622315,0.033333409681437054,0.017698874238089246,0.0,0.05740183659724951
2021-08-16,0.0,0.0,0.0,0.0,0.0,0.0,0.0,0.0,0.0
2021-08-17,0.023902436180595066,0.014144830046034507,-0.0023200893156326563,0.0,0.02570085603286687,0.01612910375992538,0.003052809467605444,-0.006418656249840837,0.0
2021-08-18,0.0007145989849559609,0.03254435244177767,-0.004651064711676978,-0.01749999999999996,0.04692519577645382,0.03777766956911388,0.027536370330653703,0.012113007236860929,0.0
2021-08-19,-0.007379191405868291,-0.017600889928702457,-0.018691767966547146,0.0,-0.004787095237099748,-0.011930220402054714,0.05782809258060184,0.02127658469131677,0.0
2021-08-20,0.023981099622814916,0.006666619681559238,0.006349235810686471,0.0,0.0013119518877273695,0.005572824042033631,-0.013333428092589306,0.0013019793443354022,0.0
2021-08-23,0.011709291239647479,0.004552802400521694,0.042587019956007,0.012722646310432628,-0.003930498035052077,0.01724137813372817,-0.01351361085114422,0.001300413404202727,0.0
2021-08-24,-0.005324006639151335,-0.0001374646645317945,0.010211652719452902,0.0030151060478171843,-0.007014038960680424,-0.010895950133359089,0.015068253518858432,-0.022077872988825686,0.0
2021-08-25,0.016988545102590402,0.006181071942360727,0.0018718800846522221,0.02104206823552901,-0.00044163250999784687,-0.014687814670817478,-0.017543667686489517,-0.019920349730172426,0.0
2021-08-26,-0.018306710708739682,0.004083881369011166,-0.01644231968681087,-0.0014720463555715213,-0.015017571074909197,-0.027018734936271604,-0.032279899929670286,0.001626071778754623,-0.01385724568592972
2021-08-27,-0.009323846134777325,-0.003821353791920612,0.010638228221515389,0.0,-0.0031392263425792377,0.03862116664800075,0.01206501682197092,0.007846433668660335,-0.0004345735264077444
2021-08-30,0.011764559168714106,-0.013563405457618805,-0.004135351218884642,0.0,-0.015744836824046482,-0.0018438163319702827,0.016830122341160436,0.0037581673641045032,-0.02173911655160632
2021-08-31,0.0023256010669343574,-0.020833464473074104,-0.0022650042943358484,-0.0073710073710073765,-0.00914034244191586,0.0036945127848895254,-0.03103419639072036,0.0016048273205802044,-0.005925772151068709
2021-09-01,-0.013920990052807447,0.014184543295107321,-0.02005306663470041,0.0,0.007379833205528152,-0.0003067144699741009,-0.003558744341712994,-0.004005281348651635,0.04292084157442688
2021-09-02,0.020705777371181844,-0.006293867745398751,0.030888268691135146,0.0004950797203744361,-0.0018315214920412437,-0.0015342469032976203,0.01428538794641443,0.0,0.007430676648024992
2021-09-03,-0.0009219159913734787,-0.013229948683592507,-0.013108712129908273,0.0,-0.00091686116754508,0.0015366044338918083,0.010563353847399926,0.009383282632849266,0.0
2021-09-06,-0.020073792562364523,0.0,-0.00037958425294304377,0.0,0.0,-0.010739456269372338,0.0,0.0026559601609867922,-0.001418559207484682
2021-09-07,0.0007062725797806202,0.004136302989311558,-0.010630058469573989,-0.01039092548290177,-0.012855750895672813,0.008064515574582432,-0.005574578215743697,-0.0052979788058856725,0.0
2021-09-08,-0.00564717097795564,0.0015627272305591688,-0.004988563211799968,-0.0005000305175780762,0.004185474092523567,-0.0009231109610066124,-0.018920801760346717,0.003994550125586027,-0.031249923932574974
2021-09-09,0.0035495676303169965,0.009502072199498057,-0.00887013971530981,0.0,0.007114638307902155,0.007083495547531626,-0.010714469950439787,-0.0013260895274613826,0.0017184568018138169
2021-09-10,-0.008960111059407305,0.003933392646461753,-0.00661460679129644,0.0005002806731819742,0.00276765386208333,-0.011315017834815033,0.03610091552657213,-0.010624035200778481,0.0
2021-09-13,0.0,0.000280279814714568,0.00744210695516867,0.0,-0.018399397860888178,-0.010207271789865136,-0.024389904486772696,-0.014765296437298736,-0.046920816910987706
2021-09-14,-0.012610194245173512,0.01063204125616335,-0.008553490036609324,-0.025000000000000022,0.01452644217345167,-0.00281246536628621,0.0,0.005449622280120581,0.007692466760586436
2021-09-15,0.005301199428820347,-0.0033221356804836732,0.027450798293542134,0.0,-0.004618549673146899,0.000313346642866863,0.02593473572514915,-0.0027099431768178306,0.021068594378852668
2021-09-16,0.0007191354631677083,0.03222212376653988,-0.0019083175113360218,0.025128173828125044,0.0,0.01942355889724312,0.015363420201099043,-0.022554364053043008,0.0017943860047100468
2021-09-17,0.020359286107394237,-0.013724256757168818,-0.01873811552059934,0.0,-0.0018562683592969753,-0.02827289489858631,0.0,0.009174285147768302,-0.002984873194319837
2021-09-20,-0.025821649882315056,-0.005729722548286631,-0.017926851240165798,0.0,-0.015341442233224423,-0.0025300442757748565,-0.002751363867871559,-0.0022039094858780084,0.03892200913025512
2021-09-21,0.001204996377748735,0.0,0.003571573359096858,-0.02951472774701336,0.012747695883075894,-0.02663284717818648,0.0,-0.011595727598183614,-0.011527373665301988
2021-09-22,0.006016813462441872,0.005762741457958187,0.01621185010433912,0.028866010842864,0.004662038781623856,0.009446217971373239,0.0,0.005586623422868975,0.0014573424867418971
2021-09-23,0.026315593196629017,0.0,0.007782065014050987,-0.004008031198871387,-0.0046404050333958,0.022910652909655882,0.006896560980033994,0.0069443643736548655,0.0014560754831351996
2021-09-24,-0.023309817205975913,0.0,-0.015443754154184863,-0.004527208961053741,0.0009325145980523253,-0.0012617597300415007,0.0,0.01434486809326363,-0.011628186190790979
2021-09-27,0.016467652017363,0.003806946851613313,0.04745083111672277,-0.0005052594634179508,0.0032603334177663257,0.033480660430527553,-0.021917591357559996,0.006255091138982705,0.0014706329479139413
2021-09-28,-0.004461324962516611,0.001091595034115267,0.010482804970371573,0.0,0.0018567044628894358,-0.003973071262871497,0.002100779772971073,0.016216241186000513,-0.01615263280550827
2021-09-29,-0.0033017353779969394,-0.00517853514222355,0.002593719162702124,0.0,0.0027805855382365685,0.006750536744968505,0.02026538401387956,0.010638292345658273,0.022387862079832788
2021-09-30,0.0007101102552118377,-0.010685023965816054,0.010347490909487833,0.011122330203738873,0.0009240093640008329,0.01798222051917575,0.0,-0.007894941612489603,0.006569543220880103
2021-10-01,0.00047279786326814843,0.010384927108019637,0.01280158098723816,0.0,-0.0018465243295345823,0.0,0.0,0.018302561363780834,0.0
2021-10-04,0.006145105076171609,-0.0037001099149365224,0.020224044033567923,-0.025000000000000022,0.00462527472970109,-0.005987891621471064,0.0130136339508784,0.026309047641096317,-0.013778233572412812
2021-10-05,0.008926271899148963,-0.008253215820924864,-0.005309774305181869,0.0,-0.0004603558002720387,0.0009035810156119428,-0.039891591115062575,-0.007610505901634146,0.0
2021-10-06,-0.005820287610797892,0.019278871582197876,0.0,0.019999968699919934,0.0041454271146401656,0.0015046977613968338,0.02816883590998942,-0.0025575180852841495,-0.003970708959367575
2021-10-07,0.01288034205230093,0.011021707244186496,0.017793553152883,0.0,0.004128733997528888,0.008713975028960874,0.02054817765753758,-0.012820503991299637,0.00398653834288254
2021-10-08,0.0030056932525321933,-0.006729419423386451,0.016783292264183514,0.0,0.008679772348874737,0.000297851972917762,0.006711316345718865,0.005194941095292727,0.0
2021-10-11,0.01659752230186262,-0.001354955202553465,0.012379548978653565,-0.004524856330326288,0.0024141269239763563,0.005658162469839079,0.0,-0.010336060126615254,0.0019017598502397703
2021-10-12,-0.006802542613391971,-0.005020411202316222,-0.013586808825400976,-0.0005050813308870028,-0.011780532166856261,-0.021913003959150967,0.0,-0.0036553142628658053,0.0
2021-10-13,-0.0022832819786018366,0.0,0.0017216911296284998,-0.019706892454601777,0.005043260578556863,0.014229588527586268,-0.01466654451448901,-0.0028826653098372734,0.0
2021-10-14,0.020860136295788978,-0.004499971306338391,0.003093632982255512,0.030927835051546282,0.01687972788602199,0.03134304785375375,0.004955878592064922,0.0015769844335753458,0.0
2021-10-15,-0.018265051503044027,0.013561334219734489,0.014393497633760743,-0.0009999847412109908,0.0004485307158961227,-0.001447017754468427,0.0006847233129239072,0.0023614638923405984,0.0007360729931877863
2021-10-18,0.0,0.0,0.0,0.0,0.0,0.0,0.0,0.0,0.0
2021-10-19,0.0,0.0037840542586864423,-0.002364683358810127,-0.023023053219493717,-0.000896761727918749,-0.008405764437370844,-0.0006842547877188299,0.00785344915584063,0.0
2021-10-20,0.006976984595837399,-0.006462941083999252,-0.005418242558700936,0.014344278153345602,-0.013465037979653482,-0.005261683690834462,-0.015753675373826326,0.009090972511136552,-0.0044113972985344585
2021-10-21,-0.00023092598492291394,0.0,-0.009193089496313367,0.008585843172940422,0.007734123318043906,0.012636006783200315,0.0020877654018904845,0.0,0.0
2021-10-22,-0.003927119895239084,-0.004065104108037065,-0.006872819383748063,-0.00400602435645081,-0.01128662046606943,-0.01683123501162409,0.0,0.01776039936686047,0.0
2021-10-25,-0.008812687000736563,0.0028574475663334375,0.0,-0.005027652240755964,0.002282904666973895,0.0023613405123283915,0.0,0.002529367150609918,-0.000739006708161849
2021-10-26,0.003743625511719584,0.008008341669138108,0.013840678656214411,0.0,0.00683394752658506,0.011484065555537715,0.0,0.011604378611931754,0.0
2021-10-27,0.002098029608981866,0.0,-0.02150156841345119,0.019706969558136667,-0.004977290176482629,0.001455636293030249,0.0,-0.0037405785304723826,0.0
2021-10-28,-0.002326149166579916,0.02675330920818686,0.008022331670994198,0.0,0.009549933023582646,0.004360303748282668,0.02361109110021098,0.00876070549165564,-0.0007389767618291021
2021-10-29,-0.0011658260248496033,-0.0011845909082458528,-0.014879038337534234,-0.003964336172743388,-0.008558587631284476,-0.018523687754419038,0.0,-0.0012405304659741656,-0.001035476780123723
2021-11-01,0.0,0.0,0.0,0.0,0.0,0.0,0.0,0.0,0.0
2021-11-02,-0.012605093053015826,-0.011857678981092024,0.0024586262250869684,0.0,-0.0004542366679980425,-0.0032439785918852992,-0.029850662831739094,-0.005962670161492323,-0.030060602700574313
2021-11-03,0.011820549179228479,-0.009333404583239946,0.012614128227291577,0.0,0.011363154771995232,0.005029553009501697,0.02657378966623325,-0.00024990435589700155,0.029007544731745716
2021-11-04,0.0,-0.010632097106626603,-0.0065744607812655564,0.0,-0.0031458739598356766,0.0002944752770941417,0.0054491362661950316,0.0,0.0014835799408883243
2021-11-05,-0.003504991123888912,-0.006937994916174417,0.002089948559861332,0.0,-0.0036068660272021713,-0.011183113354022112,-0.010839906047169223,-0.001250017244353474,0.0
2021-11-08,0.008206307506910537,0.0010958172595167959,0.015988894195892778,0.0,0.0036199226030602105,0.011607175841632289,0.013013774286815494,0.01627007371362965,0.011703872624241995
2021-11-09,0.0,0.018883339960326317,0.004789568089938356,0.0,-0.009804621564974747,-0.012944983396685705,-0.0006762254185543881,-0.029063859048483742,0.0033293153213322935
2021-11-10,-0.010464962781005172,-0.0008059029954871066,-0.019407754451748915,0.0,-0.007305554081514787,-0.007749627165760109,-0.0013533660176104911,-0.003551583185766205,-0.046929451502910835
2021-11-11,-0.0023501236648468815,-0.01881696052447801,-0.005555495721616954,-0.00995024875621886,0.0,-0.008711357723767743,-0.020325309832298744,-0.002036700769775246,0.05691031419894599
2021-11-12,0.0011779099973248108,0.0010958172595167959,-0.008379883466224869,-0.005527668861887602,0.0,-0.028787778035256673,-0.0020746693737363486,-0.04566319518476003,0.0007260221627818364
2021-11-15,0.0,0.0,0.0,0.0,0.0,0.0,0.0,0.0,0.0
2021-11-16,-0.0023530483155146387,0.005747137774199995,-0.028169055593695203,0.0,0.0,-0.02028091286757594,0.014734896071265435,0.02111729025744724,0.0
2021-11-17,-0.002830093255431043,-0.013605319420198936,0.0036233945848518356,0.0,0.0,-0.01592349628797174,0.006849109270108622,-0.010471095092334126,-0.005076068327144689
2021-11-18,0.007331971464298759,0.004137813644874422,-0.003971219875917753,0.0,0.0,-0.0012944982890183976,0.006802617887058382,0.0,0.017492496273852742
2021-11-19,-0.032636853456536774,-0.01085155828072737,-0.04131929217200048,0.0,0.0,-0.037589109419363886,-0.027027016310028573,-0.05291001258110428,-0.01289417558919359
2021-11-22,-0.004854260735647875,-0.00013886032669174764,-0.009451867096259448,0.0,0.23183067489343911,0.020201944062745447,0.0006946581218352232,-0.002793266560019436,0.015965565684911143
2021-11-23,-0.0002437974332833992,-0.012500126144975865,0.015267197807210753,-0.019201555887649047,0.008214951356120048,0.02277224065086325,0.0,0.02549009683956527,0.0
2021-11-24,0.0026834214075146523,-0.0014065382046823949,0.009022550824266062,0.009788736922919483,0.034814717353016,-0.01581137386670528,0.02637053924781796,0.0161158794948546,0.0
2021-11-25,0.026764054293717976,0.017929422963527397,-0.005215969898545891,-0.019897928043287605,0.010737180127608381,0.009835991470105832,0.0,0.021236498814177773,0.0
2021-11-26,-0.016587628452209846,-0.013612733963878187,-0.050187474766026474,0.0020822169899819,0.0003542303413861525,-0.016233837031637943,-0.002704369786211691,-0.026322632709315896,0.0
2021-11-29,-0.0012047922227182983,0.0,0.023265182504567328,0.01298701298701288,0.04070802913113791,0.0,0.002033827160002666,0.021897743246191315,0.0
2021-11-30,-0.02267817023856522,-0.00718228384007169,0.0019267018488180465,-0.0010256253756009137,-0.011904854174488388,0.02310231023102305,-0.0121785916824525,-0.023809596094037655,0.0514287045128583
2021-12-01,0.06887213222382815,-0.007092148309216895,0.0,-0.014373732073371004,-0.012048208837188601,0.04516129032258065,0.03972597935469424,-0.005420063704656641,0.0012225133682024492
2021-12-02,0.0073901027950527,0.013999886924305871,0.022692309148957923,0.0,-0.004181045129483363,0.014197530864197505,0.0,-0.005177157436122792,0.012348561145140158
2021-12-03,0.0004586198147775722,0.0005634800358691461,0.0007521311307852052,-0.009895801544189453,-0.002799172749892276,0.004260499087035852,-0.02503319224595113,0.0008217844573326083,0.0
2021-12-06,-0.011228229052038241,-0.0073217621986234604,0.01014660159756775,0.004734318083053024,0.010877201707276907,-0.0030302358618883307,0.006756853209743285,-0.00109474608746718,0.0
2021-12-07,-0.009269859726069862,-0.006808530816576397,0.011904906910461754,0.005235602094240788,-0.009025000925397708,0.005774974539906053,-0.010738111893069613,0.004109646497752806,0.0
2021-12-08,0.0,0.0,0.0,0.0,0.0,0.0,0.0,0.0,0.0
2021-12-09,0.0058476624386478715,-0.009854464410523733,-0.003676407367766199,-0.00520833333333337,-0.015334851877312539,-0.010577180521112783,0.025780153629426206,-0.0024556692081666442,0.0027797864668392958
2021-12-10,-0.00581366608186995,-0.00014432618313919843,-0.001107328068241209,-0.025654418306200966,-0.018538093819595147,-0.028405518483917924,-0.032407281173127744,0.0010940804318084751,0.0
2021-12-13,0.00327479598060032,0.011685230698351257,-0.02807528465734488,0.0021493491852002666,-0.0061751178182252175,-0.025463792523532924,-0.008885974855362688,0.0,-0.01459343174571015
2021-12-14,-0.009092998930044227,-0.008983419742506382,-0.00684140740357464,0.0,0.03801154792773942,0.006774157797456715,0.0,-0.0027322785325670784,0.0
2021-12-15,0.0002351927968744505,0.007194359360432001,-0.004975199372101224,-0.008042895442359255,-0.003520879538589372,0.006087828100796333,0.025037789405529365,0.0,0.019021464835264457
2021-12-16,0.018113347633063936,0.028428443969311434,0.016538435318757205,0.027027027027026973,0.006713540860745271,0.030254741774559113,-0.002698777978721867,0.007945356699508466,0.0
2021-12-17,-0.03881695528730966,-0.00027774739126107395,0.0007567774896279911,0.0,-0.003510076256352801,-0.03863977489913806,-0.03924213496930817,-0.010600826785909567,0.026666974179961445
2021-12-20,0.02091353264266882,-0.006669385585526655,-0.024196612237885273,0.0,-0.003169819855245448,0.05080378362806415,-0.021127054392630407,-0.010988895996290826,-0.0259743177199806
2021-12-21,-0.02048511649026097,-0.02070243708664188,0.006199079990679479,0.0,-0.007420863644010622,-0.0367197062423501,0.00719434682081288,-0.013888877584821824,0.006666581582229769
2021-12-22,0.007211540426828922,0.02128276666121054,0.020793210794910477,0.0,0.01068001816656139,0.02255410815872083,-0.014285811315273733,0.007042213318922519,0.017218852466929002
2021-12-23,0.014081089869456331,0.005594462897258179,-0.0003771075912751831,0.0,0.0003523000895204742,0.0034171066729464794,0.01449285348558882,0.006993035649804469,-0.016927382367295296
2021-12-24,0.0,0.0,-0.0011322140441918371,0.0,0.0,0.005263192206775402,0.0,0.0,0.0
2021-12-27,-0.002118114118020653,-0.012517313034605015,0.019267130872356875,0.0,-0.002816927793829027,-0.014474933545937207,0.020714348037118135,0.005555428950005048,0.0
2021-12-28,-0.009433991776670814,0.0035064584138984056,-0.001111888502383085,0.0,0.006356112332905228,0.0,-0.014695715831982148,0.0,0.0
2021-12-29,0.013571659704225025,-0.009017683220893469,0.0018552102909639157,0.0,-0.010526532447773573,0.0,0.008522993515621913,0.0027624695085244344,0.016556306733897408
2021-12-30,-0.017148510383795612,-0.0018485032712455274,-0.003703640893899407,0.0,0.015603064690749235,-0.006249930732572295,0.0,0.001377362382986913,0.0
2021-12-31,0.0,0.0,0.0,0.0,0.0,0.0,0.0,0.0,0.0
2022-01-03,0.008126274023292579,0.0,0.01115259258174639,0.025263173956620033,-0.009078097422833942,0.006918168808421221,0.0,0.006877608011876868,0.0
2022-01-04,0.009246300669381702,0.004273645337561804,0.007352814735532398,0.0056467701616733645,-0.0010575126661176437,0.008744534665833914,0.005633736941109024,0.010655859591998107,0.0
2022-01-05,0.003053676867586841,0.0,-0.02919712095151772,0.0,-0.0017632641800573445,-0.018575851393188847,-0.007002898973567873,-0.009191774071804049,0.0006517550760767321
2022-01-06,-0.023419314921238943,-0.0026952187258051374,-0.016917236522210666,-0.030117376622288194,0.007067041570237187,-0.02208201892744477,-0.012693969314851894,-0.02728517641211803,0.0
2022-01-07,-0.004796055887541173,0.02972557514641605,0.013766626974462737,0.0,0.05333326632041735,0.001935483870967758,0.0,0.0014026811208571743,0.0
2022-01-10,0.0,0.0,0.0,0.0,0.0,0.0,0.0,0.0,0.0
2022-01-11,0.0,0.02209943878154208,0.04149390694050692,0.0,0.004778760418509664,0.014166201434568038,0.0,0.008403340653808877,0.004003073242707655
2022-01-12,0.016867418930374578,-0.03513500557465321,0.01050335914547973,-0.010526315789473717,-0.0033221221541143153,0.019999963409208954,0.0,0.0,0.00013050290121618957
2022-01-13,0.011848398144346906,0.00013991371186428125,0.0028675287988160214,0.0,-0.032666873234583615,0.005602240703117101,0.013571599119538869,0.0013887724569987547,0.012856670310526175
2022-01-14,-0.015527040520158741,-0.00882246472320114,0.0010720616339099376,0.0,-0.06960714861196715,-0.012689466453110643,0.03171229702681422,4.267011423086942e-06,0.00012814528241222867
2022-01-17,0.0,0.0,0.0,0.0,0.0,0.0,0.002877050843020257,0.0,0.0
2022-01-18,0.0,0.0,0.0,0.0,0.0,0.0,0.0,0.0,0.0
2022-01-19,0.0,0.0,0.0,0.0,0.0,0.0,0.0,0.0,0.0
2022-01-20,0.1305082243156248,0.06668550680095975,0.03748645648109683,0.010638297872340496,0.0,0.018808705331070597,0.05191255469416811,0.06796121370896868,0.05102551605454653
2022-01-21,-0.0411075557021231,0.006622609903950583,-0.01892616662806612,0.010526315789473717,0.0,-0.0024616746971978243,0.005194714163794245,-0.015584502395625366,0.01000240857903889
2022-01-24,-0.007330052064095538,0.0013159584657007617,-0.009470570737429407,-0.02604166666666663,0.0,-0.003701350760227373,-0.02454770548972718,-0.0013191451995799852,-0.0024150770934466825
2022-01-25,-0.006713074070197833,0.008935253471015647,0.025141820243516966,0.0,0.0,0.005263192206775402,-0.006622545345366104,0.0013208876421724192,0.06295376903618588
2022-01-26,-0.01644493900884081,-0.01924122193674871,-0.001381720036938816,0.0,0.0,-0.002155870215261424,0.013333586176481615,-0.003957757718587418,-0.007972674336427343
2022-01-27,-0.010078021105255353,0.006264240709746183,0.004842498521125949,0.015507988751253254,0.0,-0.002777743571640623,-0.013158140969936616,0.003973483804785571,0.0
2022-01-28,0.0087923727084116,0.0,-0.006540345406165771,0.0005266251012632228,0.0,0.011760995679599207,-0.013333391681752182,-0.007915386589235962,0.0
2022-01-31,0.006192633312584794,0.01721888448183151,0.006583403136627419,-0.0005263479132401327,0.0,0.018660175251132394,-0.005405015421428905,-0.0026595998560714484,0.020551119349778935
2022-02-01,-0.018691572321629657,0.010416281600136745,-0.007917394030812042,-0.015271163716125136,0.5066666106451991,-0.022822822822822775,-0.006114392988361583,-0.006666600253295352,0.0012374032869344465
2022-02-02,-0.012311301558946108,-0.03311858935295653,0.002429024264617219,-0.005347593582887722,-0.006882906812264,-0.01659496004917027,0.0013670798283487162,-0.013422946368846556,0.0022475986802226178
2022-02-03,0.008936803165511487,0.008929800690088419,-0.017653198509459345,0.0,0.008415932719263441,-0.005624930732572309,0.01023875254676887,0.014149782890848783,0.0
2022-02-04,-0.006992864588526326,0.016909060416053112,0.022198761393132704,-0.015591365034862248,0.0029450745435446457,-0.0021999786285401557,-0.013513179203478942,-0.00724448832939073,0.008968492795444316
2022-02-07,0.014084375955854433,-0.012340936676819791,0.011375338128448709,0.0,-0.004160261523094788,0.00755905538196977,0.013698286605155152,0.0024323633202065764,0.002555328434416637
2022-02-08,-0.0013888916975589582,0.005918288034898245,-0.006475783166940863,0.026761298378734866,0.0024575608777988034,-0.015317183249114796,0.0,-0.00781873644953135,0.01961637220834178
2022-02-09,-0.008576809209514313,-0.002876138500995551,-0.005488875600096366,-0.0031915218272107193,0.0005683576632835585,0.0009523457019120496,-0.026351310528233585,-0.01902192087084742,-0.021146344002339723
2022-02-10,-0.006312574445924368,-0.0034095159950996434,-0.0169023561704138,0.0,-0.003435448774744776,-0.0041230924106979705,-0.01596088428832132,-0.019390432393108337,-0.0015563825854526536
2022-02-11,0.005176190252188295,0.0,0.0428070492456627,0.0,0.0,0.01050958943563196,0.015514585712438356,0.00847465751983778,-0.05790664025522807
2022-02-14,-0.012172022101032742,-0.012763211083517856,-0.008748284465359135,0.00320174025110731,0.0022164906817467855,0.0009453726478327873,0.0,-0.019608097938650926,-0.02919603683307237
2022-02-15,-0.0033175151679220027,-0.0007993944630630967,-0.00950460138758169,-0.03936166966215093,-0.004422954792508427,0.004093303964407324,0.0029253222306560023,0.0,0.0
2022-02-16,-0.0014266160313041176,-0.006269252315334595,0.03392745782478768,0.021594649859806747,0.002467964375528986,-0.011288804875787317,-0.020833461692414734,0.005714620571685369,-0.029587248922002485
2022-02-17,0.008571365027941091,0.017449625603925822,-0.0006628825894915424,-0.0027100271002710175,-0.001230944261179645,-0.019029495049477152,0.0078015569279705765,-0.005682149244719992,-0.012296389045974743
2022-02-18,-0.005901633986850285,-0.0031660730420729477,-0.005970145597773868,-0.010869565217391353,-0.0009858797407632514,0.01810539863996663,-0.0007036863337870347,0.014285923571589088,0.007368357946434756
2022-02-21,-0.005224448369314794,-0.007808401648234153,0.0040039193972296605,0.0,0.001973817104276021,-0.003175611193411809,0.0,0.00873243658317513,0.011475013080197494
2022-02-22,-0.0021484480120098626,-0.02534361122164608,0.005317323820390074,0.0,0.0046788738214678105,-0.02325584843914874,0.0,-0.005585153458931846,0.0
2022-02-23,-0.004784831685657798,0.02277730944758316,0.009586867251624831,0.0,0.0,0.036855874373086905,-0.005633762134845899,0.015164261327478945,-0.0026176522414594894
2022-02-24,-0.004807755603441377,-0.012760051965959307,0.000655012822968315,0.0,-0.0002449694099169175,0.005976687168836703,0.005665681235257125,0.001383139223519736,0.0
2022-02-25,0.014492864189304733,0.0027209701690029675,0.0026176918138325345,0.0,-0.014464733977562982,-0.0025014248556793905,0.0,0.008287237852009133,0.0
2022-02-28,-0.004761807237127824,-0.02048879234416434,0.06494788970959364,-0.01098901098901095,0.10000006762259472,0.0031346568334900127,0.015492922690665045,-0.008219124016350499,0.00012434274894013164
2022-03-01,-0.0033492616046134627,-0.0040171024421304935,-0.007355189519556604,0.012777794731987813,0.0,0.0,-0.008321866802926903,-0.011049627986212562,-0.00012432728974320906
2022-03-02,-0.0033606781620765247,-0.00013917479928260423,-0.019450472119535767,0.0,0.0,0.00281246536628621,-0.012587247006058622,-0.01675966375367033,0.00012434274894013164
2022-03-03,-0.0004816695287375161,0.014744865457220424,0.008816063310713051,0.053208978529134754,0.0,0.003427962874280599,0.004249441188286074,0.0,-0.00012432728974320906
2022-03-04,0.002409589195039752,-0.006990924643203944,0.04244709451033746,0.0,0.0,-0.006211248533853908,-0.005642117416189807,-0.00028412133534805317,-0.00012585690808464278
2022-03-07,0.01562504417111321,0.007040141743611006,0.0179640581745677,0.0,0.0,0.0,0.0,-0.005399562040149131,-0.012376053502824225
2022-03-08,0.0075740320718165055,-0.013022426621565608,-0.0029414156169945693,0.0,0.0,0.0006250000000000977,-0.007091968133593696,0.0048574553907156925,-0.049367340383649316
2022-03-09,0.012449881676635188,0.01236083218192463,-0.035103239096891725,-0.00520833333333337,0.001430012872882136,-0.01280446257717538,0.0035714155852184515,-0.006255584785681334,0.0015606292763832297
2022-03-10,-0.002320216364346761,-0.021813435012180693,0.039437724019394604,-0.04712041884816753,0.0,-0.010439698834263211,-0.0028471097017672697,-0.018598038016392815,0.3382152431899961
2022-03-11,0.0,0.0,0.0,0.0,0.0,0.0,0.0,0.0,0.0
2022-03-14,-0.00930213659084711,0.008414942271378845,-0.0567647961532004,0.030219780219780112,0.0,-0.018542269036370795,-0.0007136280428206021,-0.005247594084499263,0.012935458932919142
2022-03-15,0.03004674232157467,-0.0057021384421174215,-0.0021827878321168948,0.0,0.0,0.003908794788273662,0.017337629517967468,-0.013775100625774028,0.04125756755927035
2022-03-16,-0.014357176811906736,-0.018883954882319087,-0.00625004760003145,-0.03466666666666662,0.0,0.013303085927282465,0.0,0.0,-0.019811641262937107
2022-03-17,-0.003468331316536455,-0.02252625474750558,0.0487422796803485,0.0,0.0,0.011847546544693222,0.007042546933973881,0.005052185674190746,0.0
2022-03-18,0.011601159780754378,-0.0052509794384200115,-0.01949032780247928,0.006629817393603243,0.0,0.03797468354430378,0.011188523709103837,-0.0020697143140151475,-0.019248713406203044
2022-03-21,0.0,0.0,0.0,0.0,0.0,0.0,0.0,0.0,0.0
2022-03-22,-0.007798282113765986,0.0,0.02721712153755851,0.0,0.0,-0.012195121951219523,-0.004149109201076362,-0.0005926560853343199,-0.03827291069245886
2022-03-23,0.015949906142756154,0.0,0.05090816108611418,0.0,0.0,0.00925932767153359,0.0,0.005039984937377007,-0.020408640795304356
2022-03-24,-0.0038680527284508104,0.0,0.0014163714265649219,0.0,0.0,0.011620658750054025,0.021527420080047044,0.0,0.0
2022-03-25,0.0038830726582412822,0.0,0.01555860682717114,-0.0010976781097257193,0.0,-0.0027205768196428837,0.0027190958047771385,0.0029498087396016004,-0.09374951811334453
2022-03-28,0.0011379773665973758,0.0,-0.02506962298433124,0.0,0.0,0.0063655987033641726,-0.023728332666782315,-0.0029411329598921787,-0.022988486572487088
2022-03-29,0.0,0.0,-0.006000031510258519,0.0,0.0,0.0015059906139469614,0.0006941308033256988,0.005899689504810235,0.0
2022-03-30,0.0,0.0,0.0,0.0,0.0,0.0,0.0,0.0,0.0
2022-03-31,-0.00909095074420907,-0.27199428953671023,0.0169588982277884,-0.005494505494505475,0.03573078355053694,0.0072140450689826,-0.000693649319966072,0.00938409673531071,0.0
2022-04-01,0.0098622363347034,0.011077839414108004,-0.0022610008353770583,0.02154692760488608,0.015283740129891088,0.013050142319580793,0.0,0.0,0.017647015300416458
2022-04-04,0.0,0.0,0.0,0.0,0.0,0.0,0.0,0.0,0.0
2022-04-05,-0.0006811641848358807,0.017928360545184985,0.021812956820755902,0.0,0.014623617539779143,0.015578139683661396,-0.015278128132739766,-0.005520071442561281,0.038843925980569516
2022-04-06,-0.00431840587822474,0.037181886905520045,-0.01774342430119069,-0.0016224326818350399,-0.008054168939336415,0.00029502265389291793,-0.005641759471389118,-0.021034156036944696,0.008234316064006597
2022-04-07,-0.003423690959737935,0.0,0.01891064533001896,0.0,-0.020085606789379984,0.0026540992098926797,-0.012765955696281917,0.017606752673721582,0.00441571545312458
2022-04-08,0.003206576614293466,0.0,-0.011080416280727201,0.0,0.0005525574798881383,0.023529251032556875,-0.07183885056005657,-0.00439886918544663,0.034991158060200034
2022-04-11,0.0,0.011320480160576407,-0.012044730833654538,0.0,0.009388585385102122,-0.005746978412013881,0.0789474127248273,-0.007356073906815919,-0.010638286943638553
2022-04-12,0.0,0.02238826449389575,0.015026867293848278,-0.009209166580839478,-0.009301259714087351,-0.003468332548719255,-0.0007175562974303107,-0.0074184116006308365,-0.010752573172633673
2022-04-13,0.014467550595730794,-0.0492700733709277,0.013939356640317646,0.0,0.008515196503131595,0.0,0.0246262733200191,-0.0014948441417497182,0.010869447704421553
2022-04-14,0.0,0.0,0.0,0.0,0.0,0.0,0.0,0.0,0.0
2022-04-15,0.0,0.0,0.0,0.0,0.0,0.0,0.0,0.0,0.0
2022-04-18,-0.02153502308158417,0.005566442113024372,-0.003885243541339567,-0.015855625988296485,-0.002164840960984904,-0.01247093549472944,-0.001430682895567248,0.008682695730191092,0.0
2022-04-19,0.006789961447968729,-0.0017180545538960645,0.004800724946027346,0.0,-0.0006509690758336184,-0.019089625224567475,0.0028652618791566997,-0.0056397099590159705,-0.010430063469826445
2022-04-20,-0.006976604586047097,0.0038243610681585327,0.01492963073558351,0.0,0.0,-0.005987934807924367,-0.011428403888755656,0.001492467365532324,0.013474121244636539
2022-04-21,-0.002107855929886937,-0.0076193657545444715,-0.02500734035381369,0.0,0.018237340433688187,-0.0030121016133514145,0.0014449498233990443,-0.004470875231338156,-0.0005363051124682716
2022-04-22,0.0021123083716139135,-0.004222630215296563,0.01237173178430595,0.0,0.009381367232788485,0.006042337674231346,0.00577197220476422,0.007185686787393841,-0.0023600764116562534
2022-04-25,0.004683617534689821,-0.026600066884396756,-0.022354705372175654,0.0,0.017110165146366096,-0.02402399196722549,0.0014347883498690983,-0.011593479605840562,0.02139788539130727
2022-04-26,0.00233108411453542,0.01980259259579964,-0.010365820079493937,-0.01666666666666672,-0.0010383125222216405,0.02153844047865161,-0.010028721803440277,-0.022556217057005057,0.00010511553814018804
2022-04-27,-0.0023256627989290957,-0.026990743645664228,0.010474395781607582,0.0,0.007900165818235383,0.0,0.0,-0.004615468411631962,-0.022104877000809875
2022-04-28,0.014452229087162483,0.007184338909579813,0.012195155699000981,0.0,0.00041255378149451793,0.014457824993973079,-0.000723520585393933,-0.006182392348542232,0.0010761545949660167
2022-04-29,0.0,0.0,0.0,0.0,0.0,0.0,0.0,0.0,0.0
2022-05-02,-0.034926527471954016,-0.0013868745294332019,-0.020481929028422607,-0.011299435028248594,0.02989693015800099,0.009501226714599964,-0.008689150440803206,-0.02954897151494973,-0.010752573172633673
2022-05-03,-0.009285702553375685,-0.023611413473383025,0.018757679573362385,0.0,-0.0150151540191511,-0.010882449380465897,-0.006574244548575914,-0.03846153545161557,-0.010869447704421553
2022-05-04,0.004806626358792254,-0.004470501693994322,0.033806159979407946,0.0,0.0020326740466827253,-0.01754381527968596,0.0,0.03400005013520224,-0.010989315345035555
2022-05-05,0.0021525678446501217,-0.005511410124820815,-0.032116712588446616,0.0,0.01419875546319127,-0.03026635317513149,0.008823424669308189,-0.008704298869214089,0.00011105091829444191
2022-05-06,-0.002386482178427962,0.0,-0.011161318745829485,0.0,-0.018600067701309286,-0.022471900934957656,-0.001457691540834083,-0.013007840356272893,-0.00011103858735739269
2022-05-09,0.009330208602475132,-0.01477815572747665,-0.05582683355282325,-0.02857142857142858,0.018952587104569263,-0.010217155817161871,-0.007299201209905348,0.0,-0.05555539461219572
2022-05-10,-0.004503726727074664,0.020624907935610226,-0.005169525432022426,-0.05882352941176472,0.019739592007488316,0.010967726095560737,0.0036765400837801554,-0.018121864119928666,0.04807725734384416
2022-05-11,-0.01166658139670318,-0.0008166898245663967,0.00032471899388708536,0.03125,0.0,0.021059376296257204,0.0036628645448717467,-0.020134428350135125,0.0
2022-05-12,0.004095550167448003,-0.0194072772765026,-0.00974017577906705,0.030303030303030276,-0.017682037042088705,-0.009374962304080858,0.014598506092810437,0.0,0.0
2022-05-13,-0.003118944443524896,0.010416630925471182,0.01704906167813558,0.00588235294117645,-0.008199651593924884,-0.0063091226564634395,0.0014389171397490852,-0.02260273491512088,0.0
2022-05-16,0.012996222979647643,0.06989749187529837,-0.000644769049564009,0.023391812865497075,0.0,0.03174604053746899,0.0071837379885002495,0.009110159033175247,-0.0011247136863326013
2022-05-17,-0.004514192419265428,0.007900792946778257,-0.004838741436786198,0.02857142857142847,-0.11272449491088199,-0.006769283583930363,-0.015314132399582459,-0.027777829587464664,-0.031531349202172154
2022-05-18,-0.004773279466406044,0.013384340740483447,-0.06256058251601648,-0.061111111111111116,-0.004545420548222934,-0.030359354591702803,-0.010174337106335085,-0.019642982028239775,-0.035000429715035586
2022-05-19,-0.0023980864701095284,-0.03773582681713061,-0.031811805130919635,0.0,-0.08904114735303537,-0.003833794581518335,0.01321584117333896,-0.028415198571052347,-0.004699171183247142
2022-05-20,0.0072115533388188435,0.039215662256563366,0.013928351136694994,-0.05798818373821191,0.027568716722910835,0.05516349339485349,-0.01884058877917072,0.004874418471796593,-0.019370865968391104
2022-05-23,0.008353160288823158,-0.01867916194564767,0.0179641728451565,0.0006281790542252974,-0.029512068915848233,0.009118570449330399,0.01846369934976866,0.005596934527445585,0.024691499023394403
2022-05-24,-0.0016567144787830168,-0.008460091480103293,-0.004498277802437167,0.0357815244133437,0.030409516667435188,-0.006024137539174412,-0.010151998175143118,0.007421255669247451,0.009397907442930009
2022-05-25,-0.01612143274183142,-0.00038742022948101695,0.013208056426980086,0.0,-0.029755947594012566,0.0,0.010988838896565323,-0.009208120520888818,-0.015517233446896372
2022-05-26,0.0048192870744767635,0.035693381370908384,0.01200691393975939,-0.023636326645359862,-0.053293125107305994,0.012121163257892364,-0.018115934967039227,0.007434867642182708,-0.0001208052452376096
2022-05-27,0.007194180255110982,0.0020601949654144303,0.016610318694245008,0.005586554080613038,0.0778012122143652,0.017964196188947623,0.005904190426857525,-0.010701182280940302,-0.002061766047217639
2022-05-30,0.0,0.0,0.0,0.0,0.0,0.0,0.0,0.0,0.0
2022-05-31,0.04761930584276852,0.06392496300589579,0.04034651953914725,-0.058641975308642014,-0.08844514484482502,0.07499982040257525,0.024945006859666607,0.08280507575352569,0.06998798204144174
2022-06-01,-0.022727390368422418,0.03654303964432448,0.057051422058073564,0.05573770491803276,0.025405359698477126,0.006840037678472077,-0.00859012645682744,0.012056516403039286,-0.03474863125346894
2022-06-02,0.011162751566830664,0.008135239256370053,-0.013947878015257209,0.017391323302843542,0.00896147465385222,0.0046195584538417656,0.031047013105129695,0.07181756607952394,0.011646748658985073
2022-06-03,-0.01977905169443961,0.02555456479098983,0.014760132152334737,0.007325988558516849,0.01933112268709758,0.0008114536960548424,-0.002801083792902448,-0.0031756173131467502,-0.0011631115132463288
2022-06-06,-0.002815646774339542,0.03278724696574886,-0.009393872401464276,0.0,0.004612915748173352,-0.022972939838434958,-0.0035111153174418597,-0.010831542220076096,-0.03364766844842626
2022-06-07,0.0,0.0003174015084008719,0.006423871685276694,0.0,0.007653120779740341,0.013554542488644072,-0.03382668930924382,-0.019323866758125585,0.0
2022-06-08,-0.0070589149002681095,-0.003649905386507668,-0.012157881755459288,0.0,0.0,-0.04339516785100295,-0.0007294107953004225,-0.0016419594942697069,0.0
2022-06-09,0.0,-0.009396155504808879,-0.02307707077636334,0.0,-0.018133055708806523,-0.0014265278429277384,-0.007299328904831981,-0.031249984940482367,-0.031416162227392075
2022-06-10,-0.0004739189696333357,-0.006591651937695842,-0.00787387674558726,0.0,0.0023256806027334154,-0.008571394390317066,0.0029410338024233873,-0.0050931404399628954,0.04687045723932237
2022-06-13,-0.03745852416657647,-0.004693228324919252,-0.047619280885313864,-0.054545454545454564,-0.005413842221823062,-0.020172829521873714,-0.019061388177368577,-0.01535855659701102,-0.0947842716343803
2022-06-14,0.009852318073168442,-0.03983745250404902,-0.009999764003088552,0.02564102564102555,-0.020217814077403418,0.029411643968117795,-0.010049493081570104,-0.012131486515238654,0.05893196043619553
2022-06-15,-0.01414638489772757,-0.09381883147371939,0.0,-0.025000000000000022,-0.03174603930191133,0.0028571937727568386,-0.020454574603161024,-0.02105258378304653,-0.04347859584837854
2022-06-16,-0.004700701532523555,0.0,-0.05218863245140126,0.0,0.005191403546528139,0.0017093699531507411,0.02784215877302687,0.008960414131669037,0.0064937282760593185
2022-06-17,0.0017399821595831533,0.03046142187901313,-0.0195382615858819,-0.0064102564102563875,0.016580103081533126,0.009670127725327049,-0.006771913178792888,-0.0035523179102049385,0.012774254808770591
2022-06-20,0.0,0.0,0.0,0.0,0.0,0.0,0.0,0.0,0.0
2022-06-21,-0.049627647467336944,0.09852610819457386,-0.11920284945858184,0.0,0.06149744213955177,-0.04225347267357471,-0.054545532275096065,-0.07308399960759526,-0.03159677819187767
2022-06-22,0.018276710872880964,0.0,-0.045248946072457774,0.022580645161290214,-0.05340018528397439,-0.002941228538749119,0.00961554983400581,-0.042307591896652896,0.013024732285029428
2022-06-23,-0.04615376672698057,-0.05051237590947211,-0.06874134139986532,-0.003154574132492094,0.03725364403603004,0.002949904883178256,-0.009523971610368553,-0.04417679346508696,-0.025973726750033288
2022-06-24,0.011021295214031612,0.0,0.06683317296865732,-0.0006329500222508333,-0.0017960106705861012,0.014117512134371735,0.005609259143702916,0.012605375650884376,-0.026400124311899753
2022-06-27,0.0,0.0,0.0,0.0,0.0,0.0,0.0,0.0,0.0
2022-06-28,0.0,0.0,0.0,0.0,0.0,0.0,0.0,0.0,0.0
2022-06-29,0.0,0.0,0.0,0.0,0.0,0.0,0.0,0.0,0.0
2022-06-30,0.010369481166990324,-0.08000012244438093,0.0532958752625774,0.07663082059045623,0.01773368557460553,-0.022621707240279565,-0.003984280958862385,-0.020747025012919917,-0.04163239538667085
2022-07-01,0.044737026116497214,0.013043526793620419,0.04305365557785601,0.0,0.010101162709463596,0.008902105571259478,-0.007999986456386998,-0.021186583592655128,0.002429141842454241
2022-07-04,0.0,0.0,0.0,0.0,0.0,0.0,0.0,0.0,0.0
2022-07-05,-0.017632193854610345,-0.012875583771710608,-0.0753191462680578,0.0,0.0247497010537594,-0.03235300079074177,0.0,0.0735932213888082,-0.0021382794235479397
2022-07-06,0.0,0.0,0.0,0.0,0.0,0.0,0.0,0.0,0.0
2022-07-07,0.02512810169966917,0.020000145971581507,0.04924062447176447,0.0,0.024640197152305365,-0.017933150987997082,0.0,-0.03629048891958886,-0.014285720172884986
2022-07-08,-0.01575784515529488,-0.010017129981508388,0.008772010809104058,-0.06470588235294117,-0.00785729984187078,-0.01052297504631472,-0.000806313708254569,-0.0916318433617368,-0.011593901157864184
2022-07-11,-0.022871626711242876,-0.0053825318935130095,-0.004347911637857083,0.0,0.009986498342330563,-0.001564028010617502,0.0,0.09166308741724838,0.0026166149728297228
2022-07-12,0.009362861667423061,-0.005411019123180427,0.0026201574999147326,0.0,0.03809523809523818,-0.022556381730909014,-0.015335169755152922,-0.012658354344909584,0.0
2022-07-13,-0.007295548380210515,-0.010881129983665638,-0.012630525700285555,0.0,-0.0022935007594035994,-0.016025645954365064,-0.00655729704989283,0.0,-0.0014664358731727445
2022-07-14,-0.020127098223752027,-0.04334437095445043,-0.060432301165113445,0.0,-0.02298845236797875,-0.02931591324574745,-0.04257079544397668,-0.023504111414346385,-0.04552134433113619
2022-07-15,0.005405542464687496,-0.06623724802645325,-0.015023708850454232,0.0,-0.0004707835847893582,-0.026845747111430285,-0.04844282643406095,-0.02406311999588817,0.0
2022-07-18,0.0026881528734650217,0.019704279241454792,0.01286949378151725,-0.018867924528301883,-0.011299372338111846,0.010344786355368063,0.0,-0.013453063076438676,0.0
2022-07-19,0.0,0.002415149702251984,0.03529411997779941,-0.019230769230769273,0.011904895511507974,0.0,0.047272558387819075,-0.009090862679718037,0.0
2022-07-20,0.0,0.0,0.0,0.0,0.0,0.0,0.0,0.0,0.0
2022-07-21,0.0021446874795367776,0.012048617051373611,-0.03136366132730117,-0.05032677743949143,-0.01505884266670332,0.0010239462906416197,0.0,-0.004587244331437423,0.0
2022-07-22,-0.006955663508591781,0.0,-0.03331767708720723,0.0,-0.08002880543249435,-0.04125456761497781,0.015625134390490736,-0.02073733470739847,-0.07538445830280316
2022-07-25,0.028556132199745177,-0.014285823443113244,0.0567960512769945,0.06607013518992777,0.05660875098838458,0.06685619377025231,0.0,-0.03529416901427218,0.02329442245908142
2022-07-26,-0.004714578657357249,0.0,0.01056507134253759,0.039380286274201426,0.00737301168148341,0.0,0.0,-0.01951197841072827,0.0
2022-07-27,-0.02631577603155799,0.0,0.03636358765404646,0.049689440993788914,-0.004635393576401414,0.0,0.0,0.06915418346908275,0.0
2022-07-28,-0.02729727248484104,0.01449286596750965,-0.003070088380213054,0.0,-0.01960773095074908,0.016666745418720375,0.0,0.03769202714540376,0.0
2022-07-29,-0.016393426413626955,-0.011905176143096274,0.0030795428489298615,0.0,-0.002500251955545374,0.0039343529922040155,0.0,-0.013453063076438676,0.0
2022-08-01,-0.016949124661836734,0.006987969466462518,-0.013157877730088141,0.0,-0.03308238141571174,-0.03657733945056718,-0.0068376380490376976,-0.020454330046082436,-0.05398370390666318
2022-08-02,-0.00862081467279674,0.0,0.022222286670080083,0.0,-0.027994107973400517,0.011864358539615427,-0.0017212992564904495,-0.01856161267790346,-0.019938028602715985
2022-08-03,0.008985623059367231,-0.022253713087252436,-0.0021739558189285413,0.0,0.013333243948635998,-0.005695207165325011,0.0,-0.026004477595226838,0.01718674416304644
2022-08-04,0.015512822955346062,-0.007587160359328604,-0.040087055969019514,0.0,0.02631608792380291,0.010781716711411038,0.0,-0.01941778470073774,0.017241613088744057
2022-08-05,-0.00028314881987157037,0.028359984164194607,0.021334427435935055,0.0,0.05128192732031045,0.012999977101325833,0.0,0.03960393825595787,-0.006779670108884361
2022-08-08,0.0172611333078605,0.042446472897381016,0.028888991381772477,0.0,-0.0039024169122762187,0.025008241786236507,-0.0017242066571508952,-0.00047623454737488746,0.006825947783033692
2022-08-09,0.0013906757771797729,-0.0006902186801773791,0.008639114826249239,0.0,-0.018518113438133033,-0.020866690404883093,-0.03108762509982499,-0.01667452238694156,-0.0024141526253574908
2022-08-10,-0.004999803649107237,-0.019337425678070952,-0.006423839829772127,0.0,-0.021250426981895942,0.00983609698797916,-0.01782551423751355,-0.02083336783637091,-0.043967435862151794
2022-08-11,0.013400348018527852,-0.014084098949020962,0.008620677922766218,0.0,0.0071522515889888005,0.006493409020263963,0.018149030030723212,-0.005442749705518168,0.02816418175138491
2022-08-12,-0.012947681946689382,-0.005714540974664728,0.0034188347877728287,0.0,-0.03601322515588168,0.009677450898524897,-0.0017829773140750627,-0.024875795640994625,-0.028259672228979738
2022-08-15,0.0,0.0,0.0,0.0,0.0,0.0,0.0,0.0,0.0
2022-08-16,0.0,0.0,0.0,0.0,0.0,0.0,0.004124021431936242,0.0,0.0
2022-08-17,-0.009489422138433623,0.02011478217114271,-0.03321984114440435,0.0,-0.01341798262832783,-0.009584695478653038,-0.049107047176819685,-0.07142846020260696,-0.018733052214723878
2022-08-18,-0.009298484374757887,-0.001877787141086995,0.023347978037672634,0.0,0.026666953374702818,0.009354829337344661,-0.023474046671182802,0.05769227802327892,0.018181449938557526
2022-08-19,-0.004834942312480384,-0.012229275784747418,-0.024106528789250348,-0.059171597633136064,0.0,-0.0028762649871680868,-0.0038461882684158732,-0.005194841928417571,-0.006249585411327918
2022-08-22,-0.006859017991585281,-0.02380964696146104,0.013674281348129869,0.0,-0.0005194254530805908,-0.017307719998160276,0.005791388945744602,-0.010443938466277558,0.0
2022-08-23,-0.0071943336813866665,-0.03585357876480977,0.04873811534412509,0.0,0.0,-0.003913892793692919,-0.01151641958369598,-0.007915398660593875,-0.029469649739227277
2022-08-24,-0.03188383672770512,-0.003288975935444971,0.020746771631178218,0.0,0.02598756386612866,0.024885410230944816,-0.029125972156693103,0.0026594307776546255,0.009072087016405828
2022-08-25,0.0179638462399756,0.0,0.0,0.0,-0.02482278476560018,-0.009584695478653038,-0.0020001228906856294,0.0,-0.008256730962977965
2022-08-26,0.014705875356678666,0.015228423215442932,-0.017073114591352523,0.0,0.0,0.006451657382092746,0.0,0.03978779170868285,0.030897139412562558
2022-08-29,-0.024637650853979287,-0.0024996189040854544,0.022332406621347944,-0.05031446540880502,-0.00025982908528876525,-0.0064103003207072184,-0.01803592037385393,0.005102201935080819,-0.030868340349866297
2022-08-30,-0.01961366801953235,-0.005012569629162522,-0.03559861015374566,0.0,0.0,0.0,-0.020408345437588515,-0.015228409094571016,-0.05555556539267337
2022-08-31,-0.00030311023857554353,0.007556328909706478,-0.053271749414869785,-0.019205257592611713,-0.03871091977795771,0.0,-0.010416506440105389,0.07216488617369898,0.0
2022-09-01,-0.006974041639433937,-0.07749978862291373,-0.020824176054771604,0.0,0.03756726450137271,-0.01612896758216109,0.0,-0.06346153936450893,0.0
2022-09-02,-0.011602697190732592,0.07046065166663107,0.03981898952677776,-0.05401755347942616,-0.0101591015731618,0.016393375809149013,0.0,0.011293676448653756,0.0
2022-09-05,0.004015805375254811,-0.0005059768515590646,0.0156657573611656,0.0014275299038488676,0.013158034343185188,0.0,0.010526152171994596,-0.012690413210889817,-0.0019608940469457714
2022-09-06,0.009230804452852404,-0.03748762868110045,0.0008569510435827432,0.0,-0.0005194254530805908,-0.011290277307512753,0.0,0.005141361712672543,0.0017681593250091776
2022-09-07,0.0060976169061688346,-0.02631566980291833,-0.02696913310475646,0.0,-0.01247420295618662,0.004567709772690387,0.0,-0.012787658304877825,-0.0003928558369095114
2022-09-08,-0.030303110511413878,-0.010810960479796239,-0.014518321122215294,0.0,0.005263308049114679,0.037548666629269034,0.0,-0.005181320275198464,0.0
2022-09-09,-0.004062542428724059,0.0,0.04107133694971288,0.0,-0.0003857094473835865,-0.017521427764429887,0.01041679803725959,0.0,0.002914278746494414
2022-09-12,0.022905669080265145,0.010929114706972554,0.02830201452415748,0.0,0.023621941011432,0.0019455293472678825,0.0,0.0,0.0003928969910318436
2022-09-13,0.006134926099951699,-0.03243234768011538,-0.003753183978432939,0.0,-0.02307682169072245,-0.020064743546623243,-0.006185658645377123,0.0,-0.018838467019010152
2022-09-14,-0.028963261125810824,0.0,0.004185846399253013,0.0,-0.029134235624608817,-0.04689562119527946,0.0,-0.005208496930092843,-0.002799697076644847
2022-09-15,0.0006277155298852755,-0.0139665519072526,-0.03918287218047223,0.0,0.016490929451071334,0.02564097994857728,-0.0204293200467639,-0.013089003060413607,-0.0024070101123854215
2022-09-16,-0.09005325535324715,-0.04475952857013277,-0.002169239987036109,0.0,-0.0425531889600439,-0.03513511322128293,-0.035965320280340496,0.0026526360238567914,-0.060112695860060184
2022-09-19,0.01379311806572181,0.0,-0.00869573175614613,0.0,0.027778195098033587,0.039915975213633326,0.0,-0.006878232578761412,0.02438508393658778
2022-09-20,0.015306069676398248,-0.0005929268852113978,-0.025877131839126433,0.0,-0.0005409072346206356,0.0026935121292821496,0.0,-0.014384685023307031,0.002296817046107069
2022-09-21,-0.004020159102668064,-0.03471826552541901,-0.018460251272850337,0.0,0.0,-0.004029486872380916,0.0,0.015135082628455088,0.0
2022-09-22,-0.0006724771009577468,0.0,0.013302899742858143,-0.002138296829880648,0.0,0.008766009329756796,0.035320075402753615,0.0,0.01854175475372344
2022-09-23,-0.004039211108696206,-0.039348167418084556,-0.07922149438872161,0.0,0.0,0.002673850218980922,-0.03304892675729354,-0.014909427215603954,-0.015340857544084874
2022-09-26,-0.036836959277565584,-0.08480001314499863,-0.03146497089497435,-0.0357142857142857,0.0,0.0,0.0011024873195144558,-0.0027028205930407223,-0.04341479026871209
2022-09-27,0.014035219153444078,-0.01993010131769979,0.024873136691822006,0.0,0.0,-0.0333333547619491,-0.05286333711470104,0.0,0.046688722777774805
2022-09-28,-0.022491249354524845,0.02747074427164775,0.02080241025630869,0.0,0.0,-0.006206909546485506,-0.0104651411403901,0.0,0.005601426633577322
2022-09-29,-0.0024778930099437213,-0.01909713382702638,0.009218679576481259,0.0,0.0,0.036086028237146905,0.0,-0.027100132926694553,-0.004332452158289146
2022-09-30,-0.001774467754383946,0.01026542080771331,-0.0028845913497274056,0.06666666666666665,0.0,0.0043536835584594424,-0.017626282446599806,0.0,0.014711885294896643
2022-10-03,-0.0003551334027346309,0.03959359355047476,0.05110887940838116,0.0,0.0,0.0003334689978866656,0.0,-0.01114207094321329,0.02082885407787205
2022-10-04,0.03022732010497653,0.028311442592342972,0.05366976361504561,0.0,0.0,0.033333283333229824,0.0,0.028168866840685203,0.030006395714918588
2022-10-05,0.016569218085268567,0.006227259071470703,0.012189833704349562,0.0,0.0,0.03193548244387978,0.09976063446238892,-0.0027396452047412367,0.02680115201781219
2022-10-06,0.003395341234595284,0.0,0.02021503627938248,0.0,0.0,0.00031262067831394624,0.005003406713399494,-0.0005494342959825316,0.007944235272851596
2022-10-07,0.0033839613805817237,-0.0032572339106781145,-0.013490672150896166,0.0,0.0,-0.008124994726551482,0.0,-0.010445258918366451,0.0
2022-10-10,-0.003709912794900294,0.0,-0.0350426517765734,0.0,0.0,-0.007561452498314081,0.017316007526653854,0.008333221990395323,0.0
2022-10-11,-0.017941725559246335,0.0,-0.03498682215578197,0.0,0.002311356001161391,0.01587302667100854,0.0,0.0,0.0033513498822865806
2022-10-12,0.027232032137944007,0.0,-0.0073427887682022686,0.0,0.0,-0.01093750062779153,0.0053189885282312055,-0.002754806854112224,0.0
2022-10-13,0.0049091666835838765,-0.04411760553523236,0.021729060320298865,0.0,0.0,-0.004739346440063574,0.005291141388156895,8.970637551897198e-06,0.0
2022-10-14,-0.005142077728242822,0.025641244209780867,-0.022624404220529803,0.0,0.0,-0.01587302667100865,0.03972213275740888,-0.01933694633198979,-0.06155012563786799
2022-10-17,0.0,0.0,0.0,0.0,0.0,0.0,0.0,0.0,0.0
2022-10-18,-0.000689421896556297,-0.026000334582490625,0.041666609820020906,-0.14513889948527015,0.0,-0.048387061096995865,-0.09707732250160794,-0.02816902764631679,0.018796005903339186
2022-10-19,-0.01655167287925785,-0.0075290050066357805,0.028444425900093107,0.0,0.0,0.0,0.040462578068112265,0.014492548488961754,0.0736016946388316
2022-10-20,0.0,0.0,0.0,0.0,0.0,0.0,0.0,0.0,0.0
2022-10-21,-0.022791131622207583,-0.017241555431877775,0.0168540654557654,0.004061738474392618,0.5681454034230964,-0.04271188070754817,0.0011111644025678657,-0.014285514970561186,0.023765809244884473
2022-10-24,-0.027269325976968295,-0.05263143306298723,-0.022524485362993785,-0.04530743157973094,-0.008277415897757101,-0.04390939003640659,-0.027747227515254602,-0.018550716842580584,-0.017856914227340148
2022-10-25,0.003319754035982836,-0.018518708153176133,-0.0021739558189285413,0.0,-0.001390967581646474,0.006296362698555047,0.0,-0.001771934001822073,0.030909171432811577
2022-10-26,-0.006617655321888516,0.0015095018783535252,0.0008714218484286995,0.0,-0.04231238392619541,-0.023555388318935777,-0.03995418146917429,-0.005917364505998335,-0.003527424591480477
2022-10-27,0.01776456338024235,-0.020346537503798556,0.010013130050918306,0.0,-0.0005455997409272717,-0.001130797670330641,-0.0011890374331121611,-0.011904740277685177,-0.008849778404675046
2022-10-28,0.0,0.0,0.03879314138305556,0.0,-0.026741761319201363,-0.014339625448818283,0.02619036647501849,0.004216778820177014,0.0035716032991055524
2022-10-31,0.009090838253803746,0.0,0.016597312494153416,0.0,-0.009158816276531145,-0.004594190252637853,0.009280797189186618,0.007798507219485273,0.0
2022-11-01,0.033513768004195255,0.03846155306885746,0.04285722018185223,0.0,-0.00018860973843737305,0.02730772185128738,0.002528872700776841,-0.005952370138842644,0.031317120517040165
2022-11-02,0.0031378041897234255,0.03703723344436094,-0.025831653080469086,0.0,-0.003962308968216921,-0.0007488382537451654,0.0,-0.0005987793702341149,0.0
2022-11-03,0.007994565504910511,-0.0153573871387922,-0.01566906631548648,0.0,-0.014964968541887447,-0.007118732601291922,-0.03691821897342118,-0.017375517553006148,0.0
2022-11-04,0.0,-0.009430336710629317,0.03673482152469032,-0.11016949152542377,0.02307680565217818,0.007547158521056696,0.0,0.045731503743665414,-0.002933399854423646
2022-11-07,0.0,0.0,0.0,0.0,0.0,0.0,0.0,0.0,0.0
2022-11-08,-0.017241461743883635,0.039912365663372196,0.003937168397836199,-0.033333333333333326,0.009889616426659753,0.011235898245052445,-0.011904690101451898,-0.011661715227783365,0.041449946626562095
2022-11-09,-0.005614018172638957,-0.007746736033018564,-0.05843150860598423,0.0049261083743843415,-0.030760746448119547,0.003703658730062287,0.0,0.0,-0.0010004474045605116
2022-11-10,0.04057866170775548,0.06422949104387765,0.08246573910927202,0.06764707378312651,-0.0009614651746129299,0.014760285321657296,0.0,0.00884943259571247,0.0010014493019152582
2022-11-11,-0.023397704991851676,0.00033403573029899825,-0.08233950242676669,0.0,0.02021568621904324,0.0,-0.01686754597296869,0.0058480141710504085,0.018999822410921352
2022-11-14,0.0,0.0,0.0,0.0,0.0,0.0,0.0,0.0,0.0
2022-11-15,0.07638892840058165,0.0,0.05199165362950797,0.0,-0.039441337759190453,0.01672725510267936,0.022923412953732125,0.01744175730080544,0.04645088733042746
2022-11-16,-0.016128906012944588,0.013333021736588346,-0.039457874233547297,0.0,0.023378959006871813,-0.003934174296651327,0.0,0.0,0.0
2022-11-17,-0.00032803568614991896,-0.0361840459790127,0.03734425880998016,0.0,0.10405077784972816,-0.016158099324133035,0.0,0.004571741496218973,-0.03876236717254389
2022-11-18,0.00032814332887198816,0.023890925022537868,-0.012399925400561562,0.0,-0.0505998908240739,-0.01788319823528295,-0.023855597918711946,0.0,-0.0017886874963825017
2022-11-21,-0.00491826228906922,0.03333292463689852,-0.035236984647419534,0.019283732274531173,-0.2875458078573421,0.002601215976495652,0.0014809787542600095,0.023890694209544483,0.0
2022-11-22,0.0,0.0,0.0,0.0,0.0,0.0,0.0,0.0,0.0
2022-11-23,0.004942571150369002,0.01612896033107125,0.032745585039194225,0.03693692319028008,0.007712069904454166,0.0007413444226300747,0.04707934057762908,0.0,0.009936718948129197
2022-11-24,0.0,0.0,0.0,0.0,0.0,0.0,0.0,0.0,0.0
2022-11-25,0.0,0.07873056555462532,-0.0012194165060785966,-0.04170282785401169,0.0,0.0,0.0,0.0,-0.016129226823541454
2022-11-28,0.008852314201362343,-0.002354576392745389,-0.009768013429187206,0.015412483238504304,-0.004847158229117632,-0.01814813412695404,0.016949006477219086,0.0,0.0
2022-11-29,-0.005849861308893756,-0.02342620020544306,0.018495529122412258,-0.011339255741664389,0.05870293042709496,-0.004149359481581016,0.04166685779000723,0.04833316366404006,-0.004945377283965158
2022-11-30,-0.04380510753463551,-0.03340333031109244,-0.07586757636539965,0.0837171169695079,0.06295423034493441,-0.0075757465072572305,0.04444440795608995,-0.09379970034309992,0.02473989598724957
2022-12-01,-0.0051282294373362625,0.06249978302999071,0.0043668985267830696,0.0,0.013667403789631605,-0.00496178795140878,0.0,0.00760240414394131,0.0
2022-12-02,0.02061865494257975,-0.0029411632304933155,0.0030435747543271496,0.04166666666666674,0.009438087085215763,-0.0025121702124162315,0.003766048241175657,0.06674417563270008,-0.019292642430754126
2022-12-05,-0.0168349893272689,-0.0017950413747934713,-0.029475685000594387,-0.040000000000000036,0.0017813377219870752,0.00867123423580507,-0.04614542040215763,-0.020674645559713545,-0.007376899068643472
2022-12-06,-0.02294511770358887,0.0017982693426665808,0.0049129294241865296,-0.024416669209798125,0.013333011444818688,-0.00800611667313833,0.01571542646108437,0.0,0.0
2022-12-07,-0.01822664380595318,0.002949839189052117,-0.004444438623347646,0.018621340316550494,0.018859814938346542,0.0,0.03532493882381549,0.0211111102821695,0.025598449347329133
2022-12-08,0.0,0.0,0.0,0.0,0.0,0.0,0.0,0.0,0.0
2022-12-09,0.0032129734872028415,0.0,-0.020089400241430244,-8.387535623033404e-05,0.013483171048326748,0.0338201549399344,-0.0378198600930475,-0.020674645559713545,-0.011659765713135761
2022-12-12,-0.002846742422798143,-0.014705888759438679,0.00865618909608834,0.0051157381858433215,-0.004468008052475381,-0.0037174268103217223,0.014343819565492799,0.012955386561473103,-0.0028473709231439104
2022-12-13,0.00214118024140153,0.008955257316358711,0.01174341589859118,-0.06549852794379574,-0.027569963768398154,0.0,0.015476850063815384,0.014632763474239807,0.0013051202340275125
2022-12-14,-0.02421650695151445,-0.05591696498464849,-0.01919648789061623,0.05366073335920052,-0.030769250304084395,-0.011194052823615852,-0.019189850048749624,-0.027026975305554313,-0.00294292786987993
2022-12-15,-0.017883114048253046,0.0012534267706953983,-0.006372337063001221,-0.033302264503300316,0.040589566236007846,0.03056602031222555,0.005243631205483101,-0.03333347123908792,-0.0020609935719746453
2022-12-16,-0.03381659681349636,0.017840401051863353,-0.01694914110215895,-0.01823283483230509,-0.06275880395891253,0.006957199261807379,0.0012454194682007813,0.034482906201185326,0.0
2022-12-19,-0.02307697575247103,0.04520307535042756,0.015843429362291328,-0.05928570883614681,0.046035644158549216,0.007272638299699263,-0.0014609872516168076,-0.0555555819309731,0.0032898983631168832
2022-12-20,0.003937089443248221,0.026772539379979365,0.022935847583830826,0.06719819466628851,-0.009557605030428684,-0.002166069617941635,0.0,0.029999848476546465,-0.028730943720365776
2022-12-21,0.03843147363972932,0.06017184680674803,0.02242149503378066,-0.03148346530294743,-0.03500888686360881,-0.026411003517502918,-0.032608795937598245,0.022273177033076408,0.029580828849234964
2022-12-22,-0.004531767534522557,-0.002702823519835529,-0.009648981084067865,-0.008264476705861501,0.029251072054927496,0.015607614381715873,0.00696189760484911,0.005586581129382484,0.0
2022-12-23,0.012898321371249466,0.0,0.0,0.0,-0.0037913971424491377,0.01061104645587685,0.016683840579650777,-0.022222110691885177,0.003278414024174392
2022-12-26,0.0,-0.007246218770739277,0.027900654566715977,0.002222202442310417,0.0,0.009775545712080946,-0.02299074682296831,0.03409069942271192,-0.0016335035118011376
2022-12-27,0.037078524247259326,0.03732699462983424,0.034037163027714756,-0.049981486876264025,0.0031753356393877663,-0.012907879384472354,0.006515335653644483,0.0,-0.0016368714704017018
2022-12-28,-0.014084281038763469,0.05263133960583666,-0.00875001403300002,0.03082756114459162,0.006104291220670355,0.0025427120674170745,0.0002233333358196976,0.0,0.020114941416987664
2022-12-29,0.018315104992404185,-0.07499967599132773,0.017234046111235246,0.12924525422869992,0.0,-0.0014493042803739309,0.017629997365941064,0.016483552602011953,-0.019718308790818262
2022-12-30,0.0,0.0,0.0,0.0,0.0,0.0,0.0,0.0,0.0
2023-01-02,0.0,0.0406485041729967,0.024380194366927066,0.0,-0.044943546425955216,-0.01741650498013192,0.00021934189516681357,0.021080994545706666,0.016393230785753943
2023-01-03,0.006834382772816783,0.036256150194479586,-0.0399355489568185,-0.0977443378992,0.0,0.002584886162851019,-0.007899558899287284,0.005823286087073054,0.009516205984597237
2023-01-04,-0.00321538195495219,-0.015623561508771311,0.014705996808966004,0.01768521909360543,0.053176327980833715,0.002209949460823646,0.01658116909804419,0.025789378995727086,-0.025289568927596706
2023-01-05,-0.0032259798792465544,0.018162758996591366,0.03933737739428267,-0.016377062976828505,-0.03239495214265853,0.019845687181725857,-0.02130415859459811,-0.025141008011776877,-0.0081486963192261
2023-01-06,0.024451846998736038,-0.0022503549861838668,0.054183433588230745,-0.011469779453972206,0.050103788162762175,0.034234202650461176,0.005053294265074726,0.052631606001220854,-0.005092352368349817
2023-01-09,0.0,0.0,0.0,0.0,0.0,0.0,0.0,0.0,0.0
2023-01-10,0.01790094739792414,-0.0075188853790389976,0.01473918428813148,-0.00814075722113572,-0.008694977500117496,0.010452983785555592,0.038510377083760705,0.002284919785782824,0.02909099975389129
2023-01-11,0.02172411140242292,0.010100714146697554,-0.007448936145692975,0.12264150943396235,-0.02111137047114986,-0.0024138227875599716,-0.01601415629227687,0.04760620618736899,0.010198946773439355
2023-01-12,0.008437328740061867,-0.022499841081460747,0.010881922077975448,-0.07478992878889834,-0.0011347912246973957,-0.004493565415204848,0.01649102866849539,0.09523815060340901,-0.02259635740217647
2023-01-13,-0.0023190076684708183,0.0,0.007423973131647665,0.07711169828730835,0.022045142386597716,-0.01562510695706809,-0.0012105116350965561,-0.04347159605830697,-0.005040115131202061
2023-01-16,-0.00757583125054706,-0.014555235881431927,-0.005158601078472769,-0.009865909478668944,-0.010451513346699692,-0.010581882605789517,-0.04032760515277123,0.011713987332570452,0.005230600572150745
2023-01-17,0.002775974136638215,0.035533009233693846,0.005926058864078376,-0.04513707634995512,-0.0056176762421816795,-0.004278083690470558,0.015530922795804925,-0.011578358586753379,0.0
2023-01-18,0.0034603086862596832,0.0025058826557431413,0.03203228664769586,0.007491940040255107,-0.004745703244432686,-0.0207661930863291,0.058965817180115954,0.009545741583994793,0.0
2023-01-19,0.0,-0.03268105758899287,-0.013200133461207408,0.045148712070254726,-0.0009082202036641007,-0.0062157871780409435,-0.029879627406370624,0.013056858434465468,0.01606556112313351
2023-01-20,0.0006898446129508518,0.020690607787680504,-0.006145906842024429,-0.07995930041694777,0.02272725439733403,0.004415020435631689,0.03079991746435251,0.026222277878491962,-0.0017746895242445326
2023-01-23,-0.01895273024841826,0.01282914289003978,-0.00436526341009702,0.03691764320970914,-0.0044445197990502505,-0.010256379664226878,-0.0016451222332717341,0.0112601962156893,-0.02198151674420379
2023-01-24,-0.02774853060591187,-0.06174957277142201,-0.024479407482332127,-0.011009481434857249,-0.0011159914213915156,-0.018134700027527262,-0.002489713479475242,-0.057815780891096846,-0.000165502253062777
2023-01-25,-0.024566349304927848,-0.032773729709640875,-0.0022472510691491365,0.004219420264641949,-0.005810213823600474,-0.03128537528872699,-0.0006437394571560118,0.0,-0.0006614185159691255
2023-01-26,-0.03148154506593914,-0.012121412019130196,0.010885848247150776,0.06195244294084579,-0.008766005287919154,-0.007782089812085169,-0.043818837301112024,0.04318190646256426,-0.002480774020798271
2023-01-27,0.013384300798355397,0.031790341283179036,-0.03193443372810467,-0.07096557151447813,0.01020395436047683,-0.008235227384931432,-0.029622000470281407,-0.019607959954895948,0.01144106405695866
2023-01-30,-0.014339624215174651,-0.04513535134370561,-0.006521065283886074,0.0373323914805741,0.009427592597921475,0.0,0.003790150553534488,-0.021777818483056488,0.0
2023-01-31,-0.00459426781295369,0.002547664332419819,0.030501866456919435,-0.05660380124841358,0.018457146092539123,0.008303609497257058,0.018398399591727177,0.040436269808826975,0.0
2023-02-01,-0.02499978747952125,0.0,-0.03596846722862823,0.017499994348596726,-0.030567910168912693,0.0039215208435312565,-0.03252765191289053,0.004366826660320733,0.0
2023-02-02,-0.006706321405124505,0.01637475492230589,-0.018655192874551307,-0.018291037832327217,0.03153177049692957,0.003906286294197647,-0.00022696102063424206,-0.06869570839055594,-0.008196837667171941
2023-02-03,-0.006354167193681426,0.013888826030076462,0.00475235200033608,0.10029662560527552,-0.017467349567233947,-0.003891086595958382,0.011672297534651266,0.0037349993616748733,0.008264581096809609
2023-02-06,-0.012789908383230464,-0.0005478345453101552,0.015766799714682644,-0.02274639442003934,0.021999919563339354,0.015625061471253643,-0.016094865596219532,-0.00465129114268481,-0.010655726954663436
2023-02-07,0.009716660475402206,-0.01315794281884497,0.01280556183827719,-0.03922416423929154,0.052402778639151215,-0.011538485629805195,0.004033583470102187,-0.07289707235866683,0.010770494402179809
2023-02-08,-0.020048148395229948,-0.03722190289945526,-0.010727986899952136,-0.009331478821087758,0.05371891093400105,-0.025680904717864328,-0.010999547065023707,0.0030241785375375585,0.0
2023-02-09,-0.026186429826069224,-0.02769794121013458,-0.03175841433831361,0.0,0.021119496115764802,0.00239617112392998,-0.004468900214892435,-0.03192474691785707,-0.005294187988689969
2023-02-10,-0.012604958016793288,-0.020771345761687265,0.05159999376934721,0.0,-0.01904223658141435,0.007968115585442082,-0.0072877478467651136,-0.013221055897448708,0.00826443011954936
2023-02-13,-0.03106413175844802,0.0,-0.006466336888449442,-0.003894577401625021,-0.0011763987731344683,-0.02845847278167657,-0.00209344503219977,0.02051561155421977,-0.00016384762847476697
2023-02-14,-0.06016671239146543,0.0,-0.01225110090835213,0.0001818207170034558,-0.0007852764789568756,0.017087010728169316,0.027685260474613838,0.025773215662818538,-0.03672727124449893
2023-02-15,-0.0233645225130642,-0.015151443744673254,0.005814068279689444,0.0,-0.009037385150168942,0.01840006747442846,-0.04235745452875428,0.0,0.01872323214445304
2023-02-16,0.02631575082170623,-0.022677197388289105,0.009633776019047247,0.0,0.0,-0.018067622010335738,0.0,0.005025080311841679,-0.0008352931832815713
2023-02-17,0.010722695555331008,-0.007181221104480162,-0.03206112389881777,-0.02636365023526277,0.009119804334433379,-0.00039994370273810365,0.0010189906307198626,-0.0004999772016255344,-0.041248968448187484
2023-02-20,0.030904125494027435,0.014748850340404518,0.005915109742118618,0.0,0.001964603553077815,0.006802706505312672,-0.02004612886266688,-0.064532314647188,0.013905346219402759
2023-02-21,-0.0519016763045278,-0.02500026807850053,0.014503937353526064,0.0,-0.049309673257585174,-0.006359342046104111,0.007281472147415702,0.042780692456678704,-0.008236435985756962
2023-02-22,0.025483768368914195,-0.012484895421564168,-0.020092839037683108,0.0,0.02640796636802345,0.01400008674304054,0.0008458148066445847,-0.05128197101929066,0.023386068356284095
2023-02-23,0.027611837668817252,-0.04253306348867669,0.02996848384641493,0.0,0.024603392900666377,-0.007889618710976265,0.00059466756466664,0.0246268305595847,-0.05084787954757175
2023-02-24,0.0017910478128038143,-0.036610215502770105,0.003062815520930018,0.0,-0.00019610489475385684,-0.0059642272466008395,0.04524093080036251,0.02344448017377454,-0.0030090536391819134
2023-02-27,0.07957110640457277,-0.019704272609068485,0.0248092489264351,0.0,0.0003921998528837456,0.0,-0.049967904478001035,0.0,0.03848229754472987
2023-02-28,0.00289832966140402,-0.09978483167418117,0.004841698739389777,0.0,-0.003921589739524278,0.0,0.015096080354924046,-0.04536083187839357,0.0
2023-03-01,0.0528488315279283,-0.005183349930355519,0.006300806887134636,0.0,0.0015748814000804412,0.0,-0.003461229313132974,0.0,-0.025525959099030104
2023-03-02,-0.015686312040652517,0.022044084607253822,-0.011049555417413592,-0.00018671002195425057,-0.04284607924900552,0.011200052251538972,-0.04185655293402213,0.07613393007341118,0.0
2023-03-03,0.047410548716074974,0.007843488046183511,0.014897401911482921,0.0001867448890966461,-0.008829394578403593,-0.02254751486122808,0.0,0.0,0.01946876299220035
2023-03-06,0.022442027574179235,0.0,0.005504773679977815,0.0,0.09384697219237514,0.010522049144637391,0.05500004754370602,0.0,0.006770995965149185
2023-03-07,-0.0029763226917596253,0.0,-0.02007300335501383,0.037348273174499846,0.07386366162046754,-0.019223022555743152,-0.028436092131292612,0.0,0.00017210944931034255
2023-03-08,-0.02985081636185183,0.04630305934101053,-0.0011173874598442435,0.08010802563558994,0.012345550769503832,-0.009799938627884308,0.03902452049322358,0.0,-0.017241072438409222
2023-03-09,-0.03846166106950699,0.02082578428336679,-0.018642779589109315,-0.0008333206176758257,-0.0054909425909808185,-0.03670098986068571,0.0,0.15403902922364932,-0.00681082167730418
2023-03-10,-0.01999997421417865,-0.012750754328050173,-0.031154861871043216,-0.040867401697416206,0.0,-0.019691760009415415,-0.012387410031866608,0.0,-0.021297671827535836
2023-03-13,-0.012244756554224967,-0.00516655694439927,-0.034509950758207064,0.0025217470915421814,-0.0036840978773808875,-0.043668148422634,0.013115471143023472,0.0,0.035611614034139816
2023-03-14,0.055785359711703286,0.031157952568446223,0.0081233805157368,-0.06167057467161474,-0.0315196230302669,0.0,0.003215120961797213,-0.004347840394969049,0.004201258038563527
2023-03-15,0.05675137225162197,0.007194388983983613,-0.034246490533829665,0.07228692616716592,-0.09090909090909094,-0.0027397316569828245,-0.01247113556952506,-0.03052812406107952,0.02645669050237398
2023-03-16,0.06296309013187829,0.06285677306548387,-0.011263986129282921,0.01724137931034475,0.0,0.001373629203906379,-0.01485948644301538,0.013472095213847846,0.034599643587437834
2023-03-17,-0.00766568463530215,0.0,0.01265820985995858,-0.10483053175069523,-0.06000005306217382,0.05166892857608274,0.002999281126575326,0.017777837581741895,0.0
2023-03-20,0.0,0.0,0.0,0.0,0.0,0.0,0.0,0.0,0.0
2023-03-21,-0.016853928345501812,-0.025537455349269877,0.023333283048416753,0.041370849760583805,-0.010638119717302774,-0.021739237780401544,-0.02120470310934619,0.0,-0.011333063151594547
2023-03-22,-0.024999961628251466,0.017241470306470275,-0.019543981758241902,-0.016363664106889164,0.036343971029958455,0.00222238582046419,-0.015263488050834217,0.004366826660320733,-0.005118277117914127
2023-03-23,0.021978099824338848,-0.004642877824413194,-0.04817284997221516,0.0,-0.025523943998247756,-0.04168526030588093,0.012899937326009026,-0.042174062446822314,0.033000135809123865
2023-03-24,-0.014337003927616165,-0.019515766786380895,0.002181544067392238,-0.0317005582432367,0.0008516953162407415,0.018047239144263427,-0.011861868798465514,0.012297185927732324,-0.015811789680586164
2023-03-27,0.018181789767697687,0.02500903552085121,0.018284750556524232,0.0020044547160065207,0.04893631033470558,0.03818189876050071,0.0490714810577797,-0.10317530004923492,0.0
2023-03-28,0.0046429815769559735,0.016604611958138005,0.02094897885168523,0.07963414663393498,0.014198704730551626,0.028021010175308447,-4.777667708666389e-05,0.025674876136462244,0.0
2023-03-29,0.013152955309045256,0.057333005608165344,-0.0025124540699014153,-0.0756131989741311,-0.0239998443509567,0.017887509079554276,-0.00024030466997815303,-0.025032178065212185,-0.00032782221377003484
2023-03-30,0.003157954941167107,0.030547592238455934,0.016372836704110938,0.08809777276579145,0.024590000536420797,0.008368188457059,0.00028815287426620095,0.0009999544032510688,0.0003279297164155981
2023-03-31,0.014340807937559763,-0.023969113350030047,0.011978392308454655,-0.0747368126584772,0.0,0.0,-0.021609547691148978,0.08714285984334902,0.0
2023-04-03,0.017241140228356988,-0.01989892540541416,0.041632826366763576,0.13111484415544483,0.10000000000000009,-0.00414932704808002,-0.026583933131980375,-0.03513053143458822,-0.038196540727980066
2023-04-04,-0.010169269650475155,0.0030896486782805432,-0.014106547260789415,-0.10317658042485711,-0.009090836733399277,-0.020217095088677417,0.027249986821274108,0.000476226961677817,0.0009257325832754404
2023-04-05,0.0445204777398136,0.04696121356750327,0.009538870378082764,0.015607459522853473,0.027522876975683452,0.008253667501826767,0.03163788110928878,0.04712042493251345,0.02172324441955653
2023-04-06,0.0,0.0,0.0,0.0,0.0,0.0,0.0,0.0,0.0
2023-04-07,0.0,0.0,0.0,0.0,0.0,0.0,0.0,0.0,0.0
2023-04-10,0.014754076086272772,-0.016272525506512592,-0.008267647562393177,0.04536671011543847,0.017857000444316817,-0.05213266886705292,-0.013918431474557402,-0.002272679348893636,0.0
2023-04-11,0.0071082086832083835,0.060861336360167106,0.02421586642633966,-0.01408449379940424,0.05104279208849105,-0.01818186845900327,0.025119743648685855,0.002277856185606497,-0.02201729406791675
2023-04-12,-0.008662142846028287,-0.04383624419108201,0.0,-0.029375008174351236,0.0031773244961474933,-0.004629666948538613,0.0006814762816775843,-0.0004545802623824313,0.0263584253517144
2023-04-13,-0.0006473277019002355,0.03784634273507326,-0.006589065256883075,0.030264013827935532,-0.0015003435221608852,0.014883743893409074,0.000485001583044653,-0.008640175768069303,-0.00029770723487609896
2023-04-14,0.019802806963340025,0.013933958704701155,-0.0011707398640660172,0.034196444920131075,0.018030217309320973,0.017415259899764557,0.0,-0.0018348907448728635,-0.014521376042324508
2023-04-17,-0.034449138676491686,0.0818715275587869,-0.001562350197002016,-0.03850469665862433,-0.016234900588476098,0.0022522703423668577,-0.029137516715126655,0.008731612593683158,0.011031648198201127
2023-04-18,-0.0003366889153932906,-0.008108384774047184,-0.001564877308002588,-0.058992543169582135,0.004500736266066507,-0.0071909745825433635,-0.014405822322583695,-0.042369148407925605,0.005837922879406765
2023-04-19,0.02491609986759169,-0.03814702808114612,-0.0027428687186685785,0.0020038079995945424,-0.0077996877693143896,-0.013128216991498465,0.02070648296946964,-0.0009514315728925693,0.0144684288540613
2023-04-20,-0.00851510675931988,0.008215132917640755,-0.009823375266085899,0.026283158277202734,-0.013547228865517624,-0.013761482897958977,-0.01352033003444908,-0.029587053323584023,-0.014967579236956241
2023-04-21,-0.009303980858360483,-0.04439447205621827,-0.0010076196695578687,-0.01642383500232092,-0.007460155020776127,0.0027907202745407478,0.011586276426718944,-0.012194265008854899,-0.00044880141704872756
2023-04-24,-0.010033471991595988,-0.012055172173500939,0.028017304089829498,0.018207550048828125,-0.02545276771828353,0.0,0.004486689843452352,-0.0064579176488902545,0.01565083731479011
2023-04-25,-0.003378286290079413,0.019526696679526,-0.0628931185920546,-0.022421923117786347,-0.03295349889396548,-0.004638159082172022,0.0,-0.008955016711343355,-0.016065414668628097
2023-04-26,0.0067793739147481435,-0.026184258026447305,-0.017002158652964394,-0.004833685204289617,0.014319353299811599,0.0,0.0,0.00903593364816535,0.01632772636324953
2023-04-27,-0.05050489544939174,0.030211467058682828,-0.004096543367150929,-0.006285749162946441,0.03609716668420293,-0.02143520464520665,-0.009523771481490528,0.0,0.03016418623311612
2023-04-28,0.035461090972057185,0.0029325500661470105,0.04570383669126943,0.006325509730439771,0.03984147574329189,0.004761942816728704,0.026442220823288398,0.0,0.0009547144161357046
2023-05-01,0.0,0.0,0.0,0.0,0.0,0.0,0.0,0.0,0.0
2023-05-02,-0.0068493333609991325,0.06725136229378781,-0.09396837831731142,0.0,0.00265382600447861,-0.03317542047405675,-0.016159123228471906,0.0149998010118364,-0.02861678215943697
2023-05-03,-0.0003447250856227768,0.01342461313296317,-0.013507047869441013,-0.011428542364211314,0.008933047522542426,0.0009804000204840513,0.002142391179487335,-0.022659842449982648,0.0
2023-05-04,-0.010003475340139012,0.0,-0.02689497963352394,0.05973021932524114,0.03279223460154013,-0.010773734823511849,0.003973859632851351,0.007560444607380035,0.047462979330833655
2023-05-05,-0.02264814279690086,0.0,0.045728587373459195,-0.018909107555042604,-0.017304375525444615,-0.024257412015852076,-0.02335848056598977,0.04552262445469979,0.00015630790530507532
2023-05-08,0.001069414644917721,0.00027057968676857946,-0.010091204427732037,-0.0013899326206815443,0.017286007542199444,0.009132386557995531,0.0004843467080919428,0.028708223404146027,0.0
2023-05-09,-0.03846143164499827,-0.03351339085929672,0.013106856090982166,0.018650850875383984,-0.005820050375997532,-0.0045249231476033325,0.015416481480596378,0.00046514797065566604,0.028259198695433474
2023-05-10,0.01607393918711142,0.010066944487922003,-0.0038332157064061567,-0.040080174665739654,-0.005120109150783314,0.0035353820022154814,-0.010413309243688662,0.0005021625680938779,-0.024327281324024397
2023-05-11,-0.028213179510783948,0.013012323280095828,0.005290952960297801,-0.0036059713733351817,-0.03522031654602842,-0.02466027861413589,0.003855422183353774,-0.030301032864701982,0.0
2023-05-12,0.012753336673259952,-0.0027331846271626548,0.0167463395400953,-0.014285714285714235,-0.0010000687524313046,0.005676000057152963,0.008161316726332801,0.020307849191498972,0.0
2023-05-15,0.020295994923668292,-0.0054807516269160805,-0.01694128485491142,-0.012367137964221064,0.017186711997523085,0.0005129800860184108,0.010769176305023942,-0.052751045114715844,0.0579983651288265
2023-05-16,-0.02862994034716837,-2.4701399243931554e-05,-0.011967425825054168,0.0,0.008858339147428618,-0.02564101736578961,-0.010654436796729172,0.0649850177604272,-0.032817301138010735
2023-05-17,0.0071265843003298635,-0.03574179933453192,0.01937993931028159,0.006358848739157041,-0.007967546012164428,-0.0010526400630126442,0.00580948728889763,-0.06431560715139839,0.0
2023-05-18,0.0018554040269980199,0.028518669941002495,0.004277616933300088,0.008846077655471518,-0.0003278311294833136,0.001053749281723082,-0.0020546787822061097,0.05331243790456375,0.0
2023-05-19,0.0,-0.02750779112692403,0.010411818201347733,-0.02784736388169018,-0.026725662386919313,0.0,-0.0029816962615027975,-0.024383779699793773,0.0
2023-05-22,0.0,0.0,0.0,0.0,0.0,0.0,0.0,0.0,0.0
2023-05-23,0.010370398019235338,0.027428813684963638,-0.006557493825659622,-0.055010437955530955,0.010444882947145961,-0.005263200315063332,-0.0007494534061623925,-0.01595330679502527,0.0
2023-05-24,-0.051686243448140545,-0.05978869091892214,-0.0028288266305172005,-0.026851244566036714,-0.03634552907705502,0.0,-0.002614324105698951,-0.0007036656867803748,0.0
2023-05-25,0.005025139028421277,0.006016358476758299,-0.013711724515937496,-0.0023712138779659053,0.0,-0.02116397065915676,0.0017354625757703968,-0.015263257104003558,0.020000165996497232
2023-05-26,-0.0003847317669731787,0.003829719094414763,-0.010067016731585499,-0.0006482018169433612,0.0,-0.009132339835936087,-0.010792730301211417,0.0,0.017811237643893252
2023-05-29,0.0032668047079287277,0.02710383966200003,-0.0024212838506519896,0.09070269610430737,0.0,-0.0071490678666502605,0.004509786207541389,0.02411968491017813,0.0
2023-05-30,-0.00248902925673411,-0.0071840586329132705,-0.021359296623426283,-0.008821482753817445,0.0,-0.01648353231623656,0.007261775455501995,-0.023551627085747984,0.014706055189303235
2023-05-31,0.03806226937221502,-0.02170777949954872,0.009920634729717381,-0.04129997253417972,0.0,-0.010614609728834212,-0.047619014052295516,-0.025000115974696535,0.015942153028372763
2023-06-01,-0.003703713578298351,-0.03846102823873632,0.013752417422707719,0.04360071122794262,0.0,0.0559005975748994,0.0,-0.01999998747911358,-0.001426689067885678
2023-06-02,0.055762008002287144,0.01384596567169516,0.025193836517082735,-0.000499780612020051,0.0,0.030481417438972258,0.042999900738082575,0.020408150228148347,0.021428521644815568
2023-06-05,-0.014084334491485162,0.01820926164960146,-0.012287215190639356,-0.00010002136230469194,0.0,0.011416691777517363,-0.01725787351301389,0.0,0.0
2023-06-06,0.014285536769740537,0.025037361716382156,0.025358694998429465,-0.00019998643357954649,0.0,0.038481256045625356,0.02780481174915206,-0.012307593103746184,0.0629371797297098
2023-06-07,-0.02112671296316837,-0.006397269436624997,0.01259930958520794,-0.049714926077983,0.0,0.017786599568360595,0.028713938961900443,0.012460957498318548,-0.013158107915193118
2023-06-08,-0.0017986738947369796,-0.01855196143613269,0.0004606461740352952,0.0518947400544818,0.0027097514917584498,-0.007767051984624795,0.005767131720074259,0.0,-0.008355494483538561
2023-06-09,,,,,0.0,,,,
2023-06-12,,,,,0.0,,,,
2023-06-13,,,,,0.0,,,,
2023-06-14,-0.028114903282858705,-0.01808764826501219,0.004217391031642315,-0.00031577662417758834,0.0,-0.014423090984511666,0.01703740331735104,0.011578901445211898,0.0
2023-06-15,0.02142851939802748,-0.009091054527699316,0.004666400899697276,0.0003158763705515266,0.0,0.0,0.01093537770050168,-0.008844857866037392,-0.001067261844876155
2023-06-16,-0.041957942217349053,-0.009174238882300734,0.02183015262068788,-0.04368422658819904,-0.00034601486822316563,-0.0043902789443437396,0.06329116870797002,0.0,-0.06261659162281186
2023-06-19,0.0,0.0,0.0,0.0,0.0,0.0,0.0,0.0,0.0
2023-06-20,0.0025543130880247844,1.3392582116633633e-06,-0.03000014460663114,0.015189927418717497,-0.014191900358250464,-0.0004899598319274556,0.023376710986658056,-0.004530366722276025,-0.00014235583798516416
2023-06-21,-0.004367978017291274,-0.012346976933689136,0.023898730982993444,0.02894934480932765,-0.03493678609064854,-0.014705897475289942,-0.0061337876780717115,0.0019143167356356905,0.033628087736420564
2023-06-22,0.0018281581761496746,0.03731256987631859,-0.016933474576572127,-0.006111715718956301,-0.017645970163810865,0.009452707916105307,-0.006171643227252499,0.0,0.005227248925251615
2023-06-23,-0.020073262174393203,-0.06007111148165234,-0.003724448433308658,0.005089094131538019,-0.006216517897106644,-0.014292663534999694,-0.004387480998265247,0.0,-0.00013690070525140818
2023-06-26,0.002901215570337179,0.04999981070101733,0.0210279221683336,-0.02742622383773663,-0.001198376614868546,-0.014000006712870827,-0.05886643089592447,-0.007894825273027206,-0.024439581703774804
2023-06-27,-0.004749749825568528,0.0077233262968308125,-0.02059485515702364,-0.00477217816242137,-0.011567050802967271,0.02332654535969514,0.04849160535791586,0.002122031238403377,0.02603597819586967
2023-06-28,0.007462932119124854,-0.0534349823959398,0.004672851449191384,-0.019180493627468542,-0.030980928356167725,-0.00891968994136949,-0.07057332160285057,-0.0206457669408191,0.0
2023-06-29,-0.00740764933497573,0.0500000810010246,0.0013953352404569852,0.0,0.021258220981066778,0.0,0.031844273529438416,-0.008108132898363873,-0.01755712030727885
2023-06-30,0.0,-0.011168295503469983,-0.006038027635903331,-0.0522221883138021,0.0,-0.019500050556308213,-0.026779506673863973,0.008174412118184149,-0.02382034737478944
2023-07-03,0.0,0.0,0.0,0.0,0.0,0.0,0.0,0.0,0.0
2023-07-04,-0.007462372527921923,-0.015425150099238949,-0.0014018554347573486,0.055099610552069356,0.010871747211740113,-0.0005099479974993715,-0.004747645074150264,-0.012973065428142583,0.0056908435021014725
2023-07-05,0.010150176745184591,-0.053328939306663936,0.0,0.0,-0.00018880039693691675,-0.04081633308342014,0.03241793573106344,0.013143577924517258,-0.005658641061386582
2023-07-06,0.0011166015306471877,0.0,-0.003275497140929562,0.0,-0.02189088328248634,0.0,0.0,-0.00918928767249294,-0.01014156587910997
2023-07-07,-0.0037177050714305437,-0.000333369364646785,0.01408436722667461,-0.010000016954210045,0.01871500850805541,0.0101064641736206,0.04068175551909681,0.0005455909795268887,0.03881683461623764
2023-07-10,0.007462932119124854,-0.016338712242021103,-0.0013888752930086845,-0.020201969171594114,-0.014962241707008439,0.01843067868505588,-0.037999458389193164,0.003271694269818992,-0.04153346530370938
2023-07-11,0.010370398019235338,0.0033895482874843896,0.026425601855632364,0.030927799013265034,0.02107920735610036,0.0134436395632469,0.0,-0.00271750993580655,0.03717000789333835
2023-07-12,0.010996986518496454,0.0,0.009936756140784153,-0.008222198486328103,-0.009622783605743201,0.012244889222106536,0.07377951729273247,0.014168972134470215,-0.01892131703777733
2023-07-13,0.01962992000019148,0.03310838263900617,0.0,0.008290363500553566,0.009716281277933225,0.00806458093404161,0.0,0.00698550859066871,0.0
2023-07-14,-0.007299656226391615,0.003270073590927902,-0.03085872071026785,-0.0007777743869357145,-0.018867894863101586,-0.008000063772272581,-0.006342233907648986,0.01618460373498065,-0.00014281653612213674
2023-07-17,-0.014705913954002114,-0.0061930834923936695,-0.00046146296381499585,0.0007783797908003098,0.0,0.0,0.0021275491078147635,0.005077821899675872,0.0001428369355984671
2023-07-18,-0.01044748955245589,0.000984114091036048,0.009233609762777428,-0.05555555555555558,-0.013733603035422037,0.0045362210409094494,-0.0010614825711031672,0.0005224379143355939,-0.00014281653612213674
2023-07-19,0.010557791973799135,0.019003869665497497,-0.002287349120680404,0.0,0.004175323032749478,0.013547525754813883,-0.0012753072883915362,-0.0015573792908333273,-0.0014286993858737551
2023-07-20,0.0,0.0,0.0,0.0,0.0,0.0,0.0,0.0,0.0
2023-07-21,0.007462975460988952,-0.009646268624351362,0.005043686990601648,-0.009764727424172781,0.009708980116807764,0.009900965421756558,-0.009651046003657848,-0.01459209475258838,-0.04135050287212916
2023-07-24,-0.007407692037093683,-0.012987019037254632,0.012317397251703222,0.009861017572897035,0.0,-0.014215697465047916,0.009960072226451455,0.009500548639383988,0.044626577793572375
2023-07-25,-0.01119391795525071,0.012170952176644434,0.010815665208737446,0.0,-0.01538484375583804,-0.005469855085767694,0.0,0.0,0.0
2023-07-26,-0.011320640273675187,-0.005211468868829727,-0.008470629503621874,0.0,0.010351608274296709,0.0,0.0,-0.011566685363398554,-0.042720124819943917
2023-07-27,0.011450264600253002,-0.004942588687368188,-0.011241070846823464,0.0,-0.017397834026594672,-0.0070000558007384805,0.0,0.010638276457655804,0.0001490733560198798
2023-07-28,0.0,-0.000661965931249342,0.0031832339504493934,-0.0011764526367187278,0.0033444158109476874,-0.0030211722892102832,0.0,-0.0010526937336516884,-0.00014905113646668244
2023-07-31,0.0,0.0,0.0,0.0,0.0,0.0,0.0,0.0,0.0
2023-08-01,-0.0037733997155834365,0.01259094802478411,0.038078037179078095,0.0,0.009803734402153097,0.01515153120425694,-0.0370215065724353,-0.006849334011770458,0.0074622867508056245
2023-08-02,-0.018094709795317798,-0.0006749621550993234,-0.012624410570851508,-0.0001178107897609193,-0.007032810899115338,-0.006798556356964913,0.03638776621492079,0.003957578673463358,-0.013439665811429524
2023-08-03,0.0029974032726678423,-0.00783815682540634,0.030476318102709676,-0.02226409946091845,0.0016073828116558442,-0.003173241455954434,0.0019848019187362897,0.003984294789175946,0.013622751032741798
2023-08-04,0.0,0.0,0.0,0.0,0.0,0.0,0.0,0.0,0.0
2023-08-07,0.0,0.0,0.0,0.0,0.0,0.0,0.0,0.0,0.0
2023-08-08,-0.015384644782196477,0.006600706813329804,0.015021479415951777,0.0,-0.012905642670539286,-0.009547709770368784,-0.013363846474280905,0.013684247521553283,-0.022266553657096955
2023-08-09,0.009765486983783767,-0.03278672721012266,-0.03424938322763027,0.024096385542168752,0.017939760247446923,0.014713354496246334,0.01958302477786722,-0.0005192414384584954,0.02599173221655171
2023-08-10,-0.029013359682632633,0.009491204835071931,-0.0061297066723197124,0.0011764526367188388,0.0027258291550125158,-0.01000007971534067,-0.026861427863245968,0.0,0.003703727709220006
2023-08-11,0.029880287202664002,-0.009066357686784876,0.013215901194021829,-0.0011750702222574905,-0.0003882120531853994,-0.020201970973612093,0.021299782763375408,0.01142854859848974,-0.011069842314921363
2023-08-14,-0.013539665832699277,-0.017282170185849877,-0.01086954321536604,0.0,-0.028749220915106233,0.0,0.0,-0.013867429704477074,0.0
2023-08-15,-0.00039218346943237226,0.02137907463719002,-0.0043956465610595075,0.0,0.030000062149625917,-0.059793752228882946,0.0017026034542986235,0.0,0.007313164644908499
2023-08-16,0.020008057705461768,-0.0006752483108585228,0.018543122246479582,0.0,0.009708870704904893,0.038377037492729915,-0.0004249441689977429,-0.0015625921939567133,-0.014668828029074654
2023-08-17,-0.019230946480890743,-0.03581066044735404,-0.004334675164651358,0.0,-0.00019240793309860393,0.0,0.0,0.0,0.0171431642267168
2023-08-18,-0.01568607810571032,0.031885144786175657,0.014366508796315403,-0.042941194422104756,-0.0036545180242889552,-0.023231222916003214,-0.0010626776951893069,-0.002086653264672722,-0.000591726450941743
2023-08-21,0.0,0.0,0.0,0.0,0.0,0.0,0.0,0.0,0.0
2023-08-22,0.02788846987281679,0.0,-0.0025749989572291243,0.044867874546304254,0.003861073347466215,-0.03891889207233712,0.0,-0.01202294598168041,-0.016272131603868645
2023-08-23,-0.029845053835095725,-0.014261583868417471,-0.006024120521474385,0.0,-0.0038462227991280518,0.005624342086478773,-0.010638552575245708,-0.01824858795379014,-0.02255612073781532
2023-08-24,-0.0011986428924539716,-0.028590985127682322,-0.0025974610534098552,0.0,-0.0011583135549469992,0.03299767414793853,0.0,0.018587788853550613,0.007692071706420833
2023-08-25,0.01999995324054704,-0.006737581019308769,0.0026042254275320253,0.013764684340533018,0.005025207668572174,-0.020032419498129284,-0.010752540524850862,-0.004761798647652249,-0.012977083832969805
2023-08-28,-0.011764587230909673,0.009165124190332108,0.015151366285004242,-0.06928166818569859,-0.03203440583782169,-0.016574602283836448,0.0,-0.033503560399456345,-0.033167121019897716
2023-08-29,-0.01388878580368269,-0.03154388313712464,0.019189827897243994,0.02281797881159142,0.03309457074819799,0.0,-0.023269456286718726,0.0341148664129467,0.03990462887122881
2023-08-30,-0.00120756030598268,-0.022123793389765556,0.020920541825581118,0.025234666897820945,-0.01865405853224389,0.032584177234881606,0.023823823711147885,-0.0005319462903077277,-0.05307726441170579
2023-08-31,-0.012892644581127155,-0.032805180163422265,-0.034016458314832576,-0.008085616141658147,-0.023907364526649655,0.0,-0.04130420053688433,-0.0042575104150837095,-0.03996737479317447
2023-09-01,0.0,0.03313822392959609,0.011879557083180448,0.0063533779780660105,0.032925233596408976,-0.008160996613090554,0.02018125311788621,-0.030737695291396583,0.0
2023-09-04,-0.04816324821681883,0.011698326790630098,-0.006289246791020053,0.0,-0.03594118861525353,-0.004957785065449194,0.0,-0.023374727503414294,0.020022278930558413
2023-09-05,0.016294876279886683,-0.041029585251324274,0.01940917391243846,-0.04705178191581694,0.03687777523060842,-0.01872249001311077,-0.04423211331379795,0.04341923194762609,-0.0528116051345896
2023-09-06,-0.022784692122825745,-0.01789174207749966,0.002069596609317381,0.0625,-0.020027279909779594,-0.0016854067651032034,-0.004883504950177753,0.0,-0.09966716064336945
2023-09-07,-0.03281534016882415,-0.010297245465440419,-0.014869903369104986,-0.00588235294117645,-0.0021824618711788757,-0.01534897568626492,0.004907470607180775,-0.004869955392157177,0.051945457135612605
2023-09-08,-0.004464197474167375,0.02440983962527521,0.01844870125935416,0.00591715976331364,0.00238618577889671,0.0,0.0,-0.002175223377278601,-0.04198255670348949
2023-09-11,0.008968628377340249,0.01171869372475598,-0.01358586406325446,-0.030705889533547803,-0.028640472482318935,-0.005882358935753951,0.01971874822199804,-0.028931840958333233,-0.030876369256116698
2023-09-12,0.03555569323616714,0.0038608343712212,0.02378965924870191,0.0,-0.006443150957793575,-0.01775149748712812,0.0011880043566887544,0.06571034446850255,0.0
2023-09-13,-0.017167414811543935,-0.05538416308251304,-0.017937281080404377,0.0,-0.006185269856394893,-0.03614455464472199,-0.02050108712377008,-0.04314382988757359,-0.020000018347462456
2023-09-14,-0.03930129081728795,0.0016286690126208203,0.019510221672219163,0.031678609414815595,-0.03361018049227804,0.0,0.011627966809749646,0.04508914843753842,-0.04489811354383488
2023-09-15,0.004545430090939773,0.015447101757406934,-0.018322454087433937,-0.16929411046645215,-0.008157952467459317,-0.011874999363076122,-0.005129219445691446,-0.04845712716421624,0.025641073389470748
2023-09-18,0.04389139906491679,0.021617166743966187,0.012857770085624276,0.06911198429734267,0.06060616363256188,0.040480672289924025,-0.006151767356761706,0.05092479650423365,0.011041638138110654
2023-09-19,0.02730801463056931,-0.03017259471611855,0.019246409102051887,0.12597698245259425,-0.01836743998100865,0.015197584394387897,0.0,0.0,0.01092114635175423
2023-09-20,-0.006328865351322599,0.010101326475350003,0.009642410676709012,-0.05882352941176472,0.0020791740705286,-0.017964090491945695,-0.009924874646545456,-0.03633500258329925,0.020920727810170625
2023-09-21,-0.023354779223567323,0.0,-0.017906941612662264,0.0625,0.0,-0.009146288986343398,0.0,0.0,-0.020492019840800735
2023-09-22,0.010626086236125598,0.0,0.0262781463283277,-0.2823529411764706,-0.022715377283083815,-0.0030769261643077694,0.002444909191791078,-0.012568249180662905,0.02731363729688674
2023-09-25,-0.010514359742781143,0.015199948884046632,0.01459218283906294,0.3114754098360655,0.034488836820573576,0.012962925685298554,0.0,-0.004980587511110746,0.018771928674971017
2023-09-26,0.07826109717504282,-0.004737586696327845,-0.024111529998706915,0.0,-0.010083165770045976,-0.0018281306317887713,0.0,-0.0005561384828954852,-0.026216348524587874
2023-09-27,0.02379016416006352,0.0,0.018638852119293947,0.0625,0.03610456552956265,0.03174602680835048,0.01585366855996373,0.0,0.04799998899152258
2023-09-28,0.024025339240267174,0.02600006751573436,-0.007233997121132596,0.0,0.00040008838085903164,0.023076934673169847,0.03961588781552039,-0.009460294405867375,0.0190838996376288
2023-09-29,-0.008077020002477342,-0.01754395983042667,0.013716131411801058,-0.05882352941176472,-0.009599938985398349,0.012145714148635856,-0.033025437416372205,0.010674239679888009,-0.007490420837221623
2023-10-02,-0.03063206394749307,0.010965144343985767,-0.018181825041263866,0.0,0.026252074863644337,-0.011999965991904893,0.003482196351209277,-0.001372981903890902,0.00018892690986449523
2023-10-03,-0.007599930796009513,-0.018696605424840973,0.022825189885859798,0.0625,-0.03541921907638468,-0.02834009791401948,-0.0022799056158238074,-0.02033356878645831,-0.008677834121144423
2023-10-04,-0.03224477280921978,0.00319992961996185,-0.026526309240760715,-0.08082356172449445,0.03590369156235296,-0.038095204588132536,0.008573329118402251,0.014204550577891384,0.030118376028127614
2023-10-05,-0.00041664293153031995,0.0003988891544235429,0.0038927546292597537,-0.057980275675725834,0.020086746189592164,0.002475237378676276,0.01171965318334145,-0.007843189285520302,-0.04678697494136852
2023-10-06,-0.0016665966492719342,-0.0035779146702749065,0.016372204909585575,-0.07255429957336545,-0.015443943896347845,-0.01172839428511041,-0.009884277457869906,-0.0033880474049532427,0.007751621691846955
2023-10-09,0.0016693788304371626,0.003590762110708301,0.051292930701928086,0.17198941541694257,0.0,0.0,-0.010202443904228309,0.0,0.0
2023-10-10,-0.00041681659521852765,0.006883306626230823,0.0012097079712285463,-0.03749999999999998,-0.060935968746003044,0.011867581965613994,0.0020014404635555483,0.006798853923686066,-0.0012137550555852972
2023-10-11,0.0004169904037387706,-0.006044702193364948,0.009665755163668521,0.0,0.06706858665072946,0.0,0.02585703887142321,-0.0039391129202065445,-0.004448748776711087
2023-10-12,0.004615120469493972,0.015133381640356047,0.013163190160293325,0.037922054142147,-0.01999990266939433,0.014814817144668924,-0.0020887112575449507,0.005649637243547501,0.005320695712589751
2023-10-13,0.025640941726421618,0.0,0.017716559496893325,-0.036536514462533365,0.00040005558263533914,0.003649589111286433,0.0,0.0,-0.005292535740367366
2023-10-16,0.0,0.0,0.0,0.0,0.0,0.0,0.0,0.0,0.0
2023-10-17,0.012499871479528801,0.0007845814155080788,0.008123719105982197,0.0,-0.0001999478010836775,0.0,-0.014186028532607309,0.002809154827089433,-0.013203802570235457
2023-10-18,0.028806680908932458,0.015288072538302888,0.014965430574371164,-0.008181782511921698,-0.002000487600887779,-0.0024242326171354245,0.00023583981713781732,0.05770292667320387,0.005706261695139547
2023-10-19,0.004399917088870886,0.0,-0.009829845840760854,0.008249276296460106,-0.017438352120934253,0.002430123802521278,-0.00047164002130861693,0.007944932172613939,0.0029348667497377523
2023-10-20,0.023496790198258566,-0.015443678217461398,-0.016800252049091302,0.0,-0.0026519084769580648,-0.011515151253129519,-0.008966463372482858,-0.035724194604276005,-0.0031214647560042774
2023-10-23,-0.023346393251913122,-0.009412194186200873,-0.01941747909225111,-0.006883101029829586,0.015545051132985765,-0.009809892868702041,0.011904668108241756,-0.004359757497054528,-0.0075809363050434175
2023-10-24,0.0047809405126655324,0.008709899917882291,-0.0019803185131830325,0.006930806470987649,0.0,0.013622266914425696,0.0,-0.010946853261611822,0.007638845909326175
2023-10-25,-0.01665339042398839,-0.020800656233718517,0.008730166991662403,0.0,-0.008056396882960892,0.0027806453833922884,-0.006355123283291353,-0.00473713206917481,-0.008276240653802502
2023-10-26,-0.032258149369423395,0.010570984886146384,-0.02635716315498038,0.0,-0.02131962578615465,-0.016174863442255938,0.006395769184953215,-0.028046539237317702,0.002425791934340893
2023-10-27,0.001666688923851689,0.002004151595188519,-0.0020201808998849824,0.022077882444703656,0.018672110519511564,0.00928793507380532,-0.0030586968489900723,0.019450864280715408,-0.0019031657194905627
2023-10-30,-0.0033278313879886445,0.0,-0.030364415612694873,0.0,0.01405283149514247,-0.018404926386296427,0.0,-0.0016835171375536584,0.001906794665732514
2023-10-31,0.013526944508631011,-0.003999641842347468,0.011690945718059842,-0.08195676236790828,-0.025746915022674677,0.0,0.002832130051847681,-0.01742556581794863,-0.00531496034666723
2023-11-01,-0.019935168247438018,0.004015703216960542,0.02352463679140926,0.08927331416252171,0.030138079943211826,-0.012500012738477007,-0.03506714797275701,-0.018878753334491294,0.007717895468907665
2023-11-02,0.018067559573323067,-0.003999641842347468,0.0,0.0,-0.004002402556894991,0.012658240911112673,0.0,0.020408186508271475,-0.0007854198654163591
2023-11-03,-0.028064517639456943,-0.005622797567461202,-0.008064503943099655,0.0,-0.028129315605404104,-0.018750019107715565,0.0,0.017142876276465824,0.0
2023-11-06,0.0,0.0,0.0,0.0,0.0,0.0,0.0,0.0,0.0
2023-11-07,0.01358804995428775,-0.007269751931794466,-0.04878048603560903,0.0,0.00640878839304726,-0.01910830009970088,0.0,-0.003932437703997871,0.0
2023-11-08,-0.0029326795513182624,0.0,-0.0021368060727997573,-0.0025412573824331597,0.0021435002005840698,0.01298702673743568,0.0,-0.00169213160867554,0.004084987200630774
2023-11-09,0.0126052713494611,0.0008138213540920258,0.006424068947908257,0.0,0.0,0.017948710578658655,0.0,-0.011299515687748451,0.0
2023-11-10,0.01659737705728359,0.007317127001967183,0.0,0.0,-0.007806005975289243,-0.0012594086651166458,0.0,0.005714431608051962,-0.027122602174440513
2023-11-13,0.0,0.0,0.0,0.0,0.0,0.0,0.0,0.0,0.0
2023-11-14,0.0,0.0,0.008510700985066011,0.0,-0.006211120338758591,-0.006305176640749588,0.0,-0.014204767332801516,0.010100857830205534
2023-11-15,-0.028571521185759785,-0.015334554069180828,0.010548412012035602,0.0,0.0,-0.013959366327368383,-0.008536533804151092,-0.005763484571827293,0.0
2023-11-16,0.027311083600717545,-0.004098933719054676,0.0,0.0,0.014166529453739196,0.0,0.0,0.0,-0.01599996141583504
2023-11-17,0.008180183992657408,-0.013991726924116876,0.035490607761234694,0.0,-0.014379663202041426,0.016730980945993013,0.0,-0.01449276798210053,0.0
2023-11-20,-0.002028567943793802,0.0016696642015219254,0.008064503943099766,0.0,0.0,-0.01772151147611023,0.008610033647437287,-0.005882287045267165,-0.004065053808139596
2023-11-21,-0.004065152198200694,0.0,0.01800009793252455,0.0,0.00041701750169487184,0.015463920233494965,0.0,0.0,-0.031836856735212526
2023-11-22,0.0,0.0,-0.011787835508523026,0.0,0.009583331032621878,-0.008883244874201668,0.0,0.0,0.024452136936417013
2023-11-23,0.006122733437894823,0.0,-0.0059642939879896995,0.0,0.00701611747038533,0.0,0.0,0.0,-0.0004114677706048564
2023-11-24,0.014198479782207896,0.013333035533352966,0.030000115634613467,0.0,0.0,-0.0012804371310326523,0.007317208802390729,-0.00591730978891547,0.0
2023-11-27,-0.00199994168538542,-0.002451956736207239,-0.021359344812108327,0.0,-0.006967234534447919,0.0,-0.006053367903984697,0.0,-0.01029252087618493
2023-11-28,-0.02004006307416173,0.0,0.00793663776013731,0.0,0.011143192652640632,-0.016666631826386724,0.0,0.0,0.002495791846814921
2023-11-29,0.006135021989841727,0.02083302316146951,-0.001968483192333337,0.0,0.0,0.043024762137592765,0.0036541110172605418,-0.0029761210556150663,0.012448363880770641
2023-11-30,-0.02439033670270474,-0.0008161697097924803,-0.00591730846515115,0.0,0.020000072711414907,-0.03750003821543113,0.0,0.0,0.004098280409837285
2023-12-01,0.016666771058773566,-0.0008169293571331782,0.00992074409050514,0.0,0.0,0.010389634624730304,0.012135900867827898,0.014925388363284275,0.020408136734581195
2023-12-04,0.006147360903230981,-0.014718053621615379,0.0,0.0,0.0,0.019280225606618462,0.010791457256249748,0.014705897137279766,-0.019600027809718923
2023-12-05,0.008146748925551117,0.0,-0.011787835508523026,0.0,0.0,-0.005044179865367315,0.0,-0.008695731558184483,-0.0016318623892893624
2023-12-06,-0.012121201703163442,-0.004149146792971847,-0.02385689213730524,0.0,0.03041195568915933,-0.006337077746109032,-0.017793741690863896,-0.005847888088919562,-0.00653867669567465
2023-12-07,0.0,0.0,0.004073422495541212,0.0,-0.029514366095276134,0.008928567366557116,0.0,0.01176457409053433,0.022212928362276507
2023-12-08,0.0,0.0,0.0,0.0,0.0,0.0,0.0,0.0,0.0
2023-12-11,0.010224881976867772,0.0,0.018255385143518543,0.0,-0.016534282464701233,-0.017699107063371078,0.0,-0.011627778232015551,0.034085966447585214
2023-12-12,0.016194318966580523,0.02083302316146951,-0.019920254144768168,0.0,0.0,0.021878964994338057,0.0012077640971992487,-0.008823538282367926,0.029699032814473947
2023-12-13,0.08764944605997571,0.0,0.016260137831859645,0.0,0.0,0.007556708685459768,0.009650164330969435,0.017804027463349525,0.020872919276831325
2023-12-14,-0.007326001236965252,-0.01959169591445098,0.02200005624696022,0.0,0.0,0.011249985987675348,0.032258118338091446,0.002915455215467322,0.056133612934463395
2023-12-15,0.009225136857374805,0.020816059101678386,0.00324936849846047,0.0,0.0,0.037082793614499066,0.04628750077391097,0.0029071219946490423,0.05455830931967931
2023-12-18,-0.005484715121067518,0.0,-0.010570729003814505,0.0,0.03505078090643221,0.011918963727435727,0.0,0.002898624365344382,-0.015353607091938781
2023-12-19,0.03492670942688725,0.04649253534623354,0.012820578670626137,0.0,-0.0229884046391009,0.029446378272340867,-0.020737451462820355,0.011560492553516877,0.029830321504584756
2023-12-20,0.017761873373653758,0.07170681367551235,-0.014768018960240603,0.10828025477707004,-0.004357369508588116,0.027459960370216807,0.0,0.008571438138232912,-0.012508313980963415
2023-12-21,-0.026177743537411313,-0.03636335497821708,0.008565331177763147,0.011494252873563315,0.0,-0.02672606371962416,0.004705964498435966,-0.031161438407299236,-0.03399985606304956
2023-12-22,0.05017916045736004,0.0,-0.0021232347246824546,0.0,-0.015317405759808111,0.013730038484777607,0.0,0.0,0.0
2023-12-25,0.0,0.0,0.0,0.0,0.0,0.0,0.0,0.0,0.0
2023-12-26,0.010238801135803222,0.048057961007206496,0.00425543482411217,0.0,0.0,0.04288938792279673,0.0,0.01754380704617864,0.0
2023-12-27,0.0016890440003292095,0.002909222140768497,-0.01694926250954376,0.0,-0.02888878585999799,0.025974030271032955,0.06791560788995565,0.045977063105365756,0.017598149297911148
2023-12-28,-0.0016861959411913485,-0.004351092969845594,0.008620782034572949,0.07954545454545459,0.029748174502939317,0.011603408751924782,0.008771891132379306,0.00824176708680624,0.0
2023-12-29,0.0,0.0,0.0,0.0,0.0,0.0,0.0,0.0,0.0
2024-01-01,0.0,0.0,0.0,0.0,0.0,0.0,0.0,0.0,0.0
2024-01-02,0.028716239362266416,0.03058993335692417,0.006410254155115647,0.0,0.017333432003309612,0.016683977180301124,0.0,0.016348791244028327,0.020684967329902104
2024-01-03,0.01806242796275548,0.0,0.027600862912794177,0.0,0.015727439427483114,-0.010256420976496372,0.004347965501696027,0.00804290386571771,0.0
2024-01-04,0.017741964998060356,0.02120165315816691,-0.006198344858365901,0.0,-0.012903177933032417,0.018652827197496835,0.029220576412217758,0.021276617849959267,0.004983573745932501
2024-01-05,-0.004754398623322609,0.018684906930644285,0.0166319877398573,-0.04210526315789476,-0.020043689952211285,0.01627674225054765,0.017876003886468927,0.005208275050331057,0.008264443622278073
2024-01-08,0.0,0.0,0.0,0.0,0.0,0.0,0.0,0.0,0.0
2024-01-09,0.003184620170634034,-0.024456323095568333,-0.020449980650200428,0.0,0.022200713308600184,0.0020020448890167852,0.0,0.010362705443361486,-0.013044202650466907
2024-01-10,0.0,0.00974911347086449,-0.020876775630310762,0.0,0.00828255777070086,0.018981017557158752,0.027892431821297192,0.007692315878890854,0.0
2024-01-11,-0.004761765840407883,0.01379302574152641,0.004264437833591428,-0.03296703296703296,-0.01253788406254408,-0.0039215525635509785,0.007035109218040292,0.02798978931849505,0.0033332580717995164
2024-01-12,0.024720530386100448,0.0,0.008492589337530498,0.0,-0.010507818285875548,-0.003937091986344732,0.0,0.0074257506520511996,0.004983464089631573
2024-01-15,0.00636932496509468,0.0,0.0,0.0,0.0,0.007905207197632658,0.0019963050610143362,-0.009828020440209362,0.008264313530842005
2024-01-16,0.026898811497238384,0.007483216054456676,-0.016842145251873775,0.20454545454545459,-0.02743364023306505,0.004901965681844311,0.027888407811318405,0.0024901163548700644,0.0022952303625110027
2024-01-17,0.004622443755967431,0.0027007708825872445,-0.008565260666701824,0.018867924528301883,0.0090992174532738,-0.01951221452141605,0.027131746597572004,-0.0024752286767311116,0.005887904038663905
2024-01-18,0.012269998647863822,0.007407323663586096,-0.006479550303974957,0.0,-0.007664561448349816,0.0049751294229258836,0.009433934244943654,0.0024813706364881227,0.008130229943494438
2024-01-19,-0.021212160670998514,-0.002005325088993093,-0.008695673337895116,0.0,0.010904068534870248,0.0,-0.056074710340834666,-0.024752407633987672,0.0
2024-01-22,0.0,0.0,0.0,0.0,0.0,0.0,0.0,0.0,0.0
2024-01-23,0.02786380552258505,0.014065783360718509,0.006578945468105557,-0.03583335876464844,-0.007640358742296738,0.004950500044496486,0.043564248761369884,0.012690319785325865,-0.04451620510828225
2024-01-24,0.0,0.0,0.0,0.0,0.0,0.0,0.0,0.0,0.0
2024-01-25,0.0,0.0,0.0,0.0,0.0,0.0,0.0,0.0,0.0
2024-01-26,0.0,0.008694414181601218,0.0,0.0,0.0,0.0,0.0,0.0,0.0
2024-01-29,-0.009036292720939088,0.016512503680721435,0.043572948332410544,0.037165109465658874,-0.02626813770389491,0.048275790056648615,-0.009487527907178217,-0.040100311050412674,0.0
2024-01-30,0.012158368206231174,0.03508784408822052,-0.0020876363162650735,0.0,-0.00046516001746677027,0.011278245898210137,0.005747086640204291,0.0,0.0
2024-01-31,-0.004504619257771791,-0.0018833936764000025,-0.023012522468820573,-0.01851851851851849,0.04606789466693062,0.015799215840187397,-0.04000005774545956,0.002611073744792858,0.046590225126033946
2024-02-01,-0.03770743567961432,-0.003773333052317973,0.004282630333350967,0.0,0.009786507527949073,-0.08966144692882183,0.03174600787637938,0.013020733160295839,0.011290250569213844
2024-02-02,0.006269492493616635,0.0,-0.01066102437360228,0.0,0.006167363897927158,-0.02512565387435084,-0.038461426344789995,-0.02313619660796229,0.0
2024-02-05,-0.0015575861223783294,-0.0006314353836530673,0.0,0.0,0.007005212190583698,0.010309289181402947,0.019999939367269404,0.0,0.0
2024-02-06,0.0,-0.02084644068533348,0.015086297593545961,0.0,0.006521831084104868,0.013265278321690444,-0.01568620502414908,0.0,-0.026156159566862236
2024-02-07,0.014040662830765882,0.02451612177908169,0.004246189800405364,0.0,0.01252696579196666,0.01107757514803831,0.0,0.0026316230770966342,0.0
2024-02-08,0.0,0.03148605555437545,-0.010570729003814505,0.0,0.0,-0.015936291779540923,0.01992025811184006,0.0,0.030789461442712662
2024-02-09,-0.0030770018169256064,-0.05067175583971695,-0.010683733471727574,0.0,-0.01674842064432691,-0.018218601766924802,0.00976559586566017,0.002624587651307797,0.003299597418981559
2024-02-12,-0.024691392884486962,0.01350507288785563,-0.0021598501013250226,0.0,0.0,0.024742273023445227,-0.009671151310407078,0.0,-0.04194470358881619
2024-02-13,-0.02215194176686519,-0.0006343572118618912,-0.015151533510012527,0.0,0.016086985901478723,-0.029175060306566247,-0.01367185698563722,0.0,0.0
2024-02-14,-0.001617895486983989,0.0,0.0,0.0,-0.0008558272931632471,-0.015544057865900296,0.0,-0.015706750734609143,0.0
2024-02-15,0.016207419746065987,0.0,0.00879115757502591,0.0,0.0,0.0,0.0,0.053191471401319745,0.0
2024-02-16,0.020733651607410142,0.0,0.004357273311236476,0.0,0.0,0.0,0.005940437691670741,0.025252455502305482,0.0
2024-02-19,0.0,-0.047619189464830014,-0.01518440161146184,0.0,0.0,0.03157898124359715,0.003937134386816421,-0.007389106573222337,0.0
2024-02-20,0.04999989170686869,0.050666654354450946,0.004405333631964048,0.0,0.0,0.015306138365444255,-0.01960778485896375,0.007444111909464368,0.003316664299308991
2024-02-21,0.026785824052232954,0.062182883412232215,0.021929842297681468,0.0,0.0,-0.010050261549740314,0.019999939367269404,0.027093511039760765,-0.008264511381250839
2024-02-22,0.005797008515072033,-0.014337158168098996,0.004291891287633076,0.0,0.0,-0.01522844215122543,-0.01960778485896375,-0.016786562038228703,-0.008333307703542459
2024-02-23,0.03890485826773471,-0.0066666052861115155,-0.004273549677007105,0.0,0.0,0.03092786754420862,0.0,0.03414656164930596,0.008403335282185065
2024-02-26,0.06241330300127146,-0.015959912659934128,0.006437766269075329,-0.10377358490566035,0.0,0.0,0.0,0.06132062705721397,0.0
2024-02-27,-0.03916441148498462,-0.0031249597432878584,0.006396656750387253,0.0,0.0,0.0,0.0,0.04444454089903882,-0.008333307703542459
2024-02-28,-0.016304388768672018,0.0,-0.02542378911813692,0.0,0.0,0.030000030572344905,0.03999987873453903,0.07021274562076818,-0.005042076813700946
2024-02-29,0.03591152795405694,0.018181652702691675,-0.004347872460976121,0.0,0.0,-0.02912624240959938,-0.023076990346972193,-0.08548710146649607,0.016892144632716155
2024-03-01,-0.005333248759559983,0.0,-0.021833935551694994,0.0,0.0,-0.001000021400641371,0.003937134386816421,0.09999987261703636,0.0033220986775603922
2024-03-04,0.02412863611319649,-0.0036942611965489203,-0.05357155457396778,0.0,0.0,-0.009008997980919475,0.0,0.0,-0.01986763652340129
2024-03-05,0.007853459756225867,0.008652475925830627,-0.011792346228168604,0.0,0.0,0.010101020498705982,0.0,0.0,0.0
2024-03-06,0.003895987748286922,-0.002451016672508355,-0.004773398920317029,0.0,0.0,0.001000021400641371,0.03725495127318457,0.005929098634184227,-0.003378140021178311
2024-03-07,0.009055717155774579,-0.005528252476080797,0.0023981072885514987,0.0,0.0,0.019980039914063497,-0.032136141068745516,0.04911572376229523,-0.016949173229947267
2024-03-08,0.006410207653422706,-0.011735625163072694,-0.016746433344734912,0.0,0.0,0.03525950410121559,0.005859334745683009,0.011236052663030183,0.0
2024-03-11,-0.006369378613884424,0.0,0.0024331161456632167,0.0,0.00310798289959191,-0.01608321308307392,0.0,0.0,-0.04867364110701433
2024-03-12,0.0,-0.02187492597959384,0.007281631382107356,0.0,-0.009850116051786317,-0.01923078807466938,0.0,-0.055555490247763184,0.0
2024-03-13,-0.005128194556629939,-0.014057538255847324,0.00240966417442956,0.0,-0.009515527269776669,0.0009804131182931108,0.011650405863488977,0.0,-0.019643697616085865
2024-03-14,-0.011597949838009547,-0.031108331300902292,0.019230656586484818,0.0,0.007423530582201465,-0.001958905699740887,0.001919559340613386,0.05686259134226468,-0.03525043572652109
2024-03-15,-0.0873532531059027,-0.08026749283395451,0.04245289686073295,0.0,-0.0034676989338796593,-0.06280671727521503,-0.011494284967577206,-0.02411882664531062,-0.019230812353630222
2024-03-18,0.06285708763736864,0.0,-0.049773764420725564,0.0,0.004784667028407741,0.07329850753595002,0.029069680074887083,-0.01520882544477431,0.06705877107768599
2024-03-19,0.026881664336539934,0.0,0.009523754269358475,0.0,-0.0008657342106314081,0.0048780536303540956,0.0,-0.0038610679186534824,0.04446910348942423
2024-03-20,-0.0026177957276029007,-0.024727115059767102,0.0023585935047580886,0.0,-0.00866553384608526,-0.028155347874687875,-0.028248505069910945,0.005813813741063711,-0.002111253879501951
2024-03-21,0.018372738743624994,0.006711073862716965,0.0,0.0,0.008741281718676497,0.002996965264706386,0.0,0.013487373128671987,0.06664314635927693
2024-03-22,0.009020635590801351,0.004501682939252127,-0.004705932304244098,0.0,-0.00433276692304263,0.010956206942297486,0.015503919761961305,0.09315612138282137,0.06413209767949457
2024-03-25,0.0,0.0,0.0,,,0.0,,0.0,0.0
2024-03-26,-0.014048537349206858,-0.0037034836738564225,0.018376842506782287,,,-0.019704453281140455,,0.04173906264489813,0.023610148917902807
2024-03-27,0.019430119076219388,0.003717250450210541,0.040100158859283086,0.0,0.0,0.020100523099480627,0.0,0.035058488148909994,-0.0003037262301729404
2024-03-28,0.0,0.0,0.0,0.0,0.0,0.0,0.0,0.0,0.0
2024-03-29,0.0,0.0,0.0,0.0,0.0,0.0,0.0,0.0,0.0
2024-04-01,0.0038118302216949562,-0.014814506712497733,0.055421670454409266,0.0,0.019607807406454736,0.05418714612134834,0.033138440770855926,0.022580549635120795,0.02610803726232236
2024-04-02,0.012658272268939674,0.015037276546838507,0.025114078621460978,0.0,-0.0051282356790973704,-0.024299014684726283,0.00754719139648774,0.041009382086964585,0.014792734925075601
2024-04-03,0.012499974009646309,0.017037283337298037,0.020044607273536963,0.0,0.0,-0.008620678715801411,0.0,-0.0030302801621929776,0.018367718379956655
2024-04-04,0.02469130731953406,0.030589859832431454,0.013100433191599814,0.0,0.0,0.04347820521732548,0.02996252269114752,-0.015197453352374657,-0.020899215131917614
2024-04-05,0.013253085691935507,-0.00706718464204914,-0.012931031082801137,0.0,-0.0936425878724233,0.02777780660972229,-0.0018181340212393149,-0.0015432733702301915,-0.009064169702962088
2024-04-08,0.005945323827900362,0.0035588996478397306,0.004366877657502322,0.0,0.0,0.022522545267956495,0.0018214456535499135,0.0170014914701222,0.029212126208708167
2024-04-09,0.014184367414872057,0.010638210477271981,-0.008695715595220088,0.0,0.0,-0.0061674428869558096,0.012727362153810429,0.010638365766539648,-0.01949553965196682
2024-04-10,-0.009324119287671517,0.047719271625434434,-0.015350939971677913,0.05263157894736836,-0.05213274481115182,-0.01241134223165652,0.00538585434496186,-0.00751888643204357,-0.0014620115017516255
2024-04-11,0.011764748090452803,-0.00870725480925072,0.006681581043498364,0.0,0.018500069652077178,0.02333935998231884,0.03571428571428581,0.00606063430944781,0.017569890970637436
2024-04-12,-0.004651089022505328,-0.020270105075978928,-0.00884955513353547,0.0,0.030436918570688976,-0.013157907675276248,0.0,-0.01806487186978767,0.007194227427488764
2024-04-15,-0.009345839794486777,-0.01724156557776413,0.0,0.0,0.0,-0.00888889774606183,0.005172479130105101,-0.006134876513853915,0.02628540595272133
2024-04-16,-0.018867886284513635,0.013333173340620785,0.0,0.0,-0.050976713136786755,-0.0403587849700322,-0.00514586226493341,0.0,0.016047378336810247
2024-04-17,-0.02644231970707933,-0.013157738926739881,-0.004464284498569615,0.0,-0.046184682745549654,-0.004672902091824693,0.0,0.029320842759563037,-0.028058725143751184
2024-04-18,-0.01358025325172485,-0.021052692696706843,-0.0022422202384380086,0.0,-0.06842112710527126,-0.01690138796536589,0.034482658102225505,-0.017990879594052545,-0.030654760907619316
2024-04-19,0.0414805452231215,0.03154125418178699,0.006741640186596287,0.0,0.041243026719385734,-0.006685717361442078,0.04833343033924509,0.0,-0.017500818275210883
2024-04-22,-0.01593134927734241,-0.02015277180341457,0.00892856899713923,0.0,0.0,0.014422993067721102,0.0015898761049675247,-0.007633620792803053,0.009374989213926987
2024-04-23,0.033623771882339115,-0.005673920892930617,0.006637031394908233,0.0,0.0,-0.004739341528653962,0.023809545843048507,0.0,0.0034056105212314502
2024-04-24,-0.01927695642684002,-0.006419349165713628,0.010989210613934652,0.0,-0.02333156408789061,0.0,0.013953392518039953,-0.023076948503074624,-0.004936903760293876
2024-04-25,0.017198970754896736,-0.005010856340642245,0.002173912322781524,0.0,0.0,0.033333368920191564,0.00305829126143653,0.022047294592383748,0.009922663683940014
2024-04-26,0.012077337669488264,0.02391293793094662,-0.002169196679389751,0.0,0.0,0.01382489907603901,-0.003048966633425243,0.007704118395858606,0.0
2024-04-29,-0.009546689736703473,0.008492539459824977,0.00434782464556327,0.0,0.0,-0.013636377532884048,0.007645416146729422,-0.021406702027682245,0.027018635545405623
2024-04-30,-0.0060239874709445695,-0.007017558193750495,-0.01298707471725391,0.0,0.0,-0.03225809784409084,0.0,-0.046875127558231644,0.004484395197502433
2024-05-02,0.008484825957796982,0.00565384607622188,-0.01096497623283077,0.0,0.013888925768180904,0.02380954922870826,0.0015172337405182645,0.04426234941017637,-0.004464375174908164
2024-05-03,-0.08173085280225578,0.1370345047012851,-0.05986688253282968,-0.050000000000000044,0.27945202280524795,-0.07906975509607816,-0.22727261484710726,-0.20565152867081837,-0.11509710612304536
2024-05-06,0.09685880939174663,-0.12299152859362705,0.06132073707286856,0.05263157894736836,-0.21841539801745646,0.1010101020498706,0.3039215798348147,0.2667985520910434,0.12466228155623704
2024-05-07,-0.002386591332632637,-0.0028188768845825996,0.008888954256543569,0.0,-0.03287668930844956,-0.010091772196574422,0.006015054732526837,0.007800269942542348,0.004505819953636303
2024-05-08,0.002392300776931977,0.0,0.004405217683509655,0.0,-0.002266339965888653,0.014828579523989527,0.016442367270036895,0.006192008032875229,0.003104610274482722
2024-05-09,0.0035798869989489557,-0.008480691489997527,0.0,0.0,0.0,-0.00821916788312338,0.02941185044221939,-0.004615389700614925,-0.01913869447773542
2024-05-10,0.0,0.008553228784562883,-0.006579012493983627,0.0,0.0,-0.0036832262175215957,0.02857142619180797,0.0015456470789609877,0.009146297376063206
2024-05-14,0.020214051594286575,0.0,0.024282623130333247,0.0,0.0,0.012014761751868885,0.0,0.0030863727727636903,-0.018126865605283426
2024-05-15,0.004661983243627432,-0.0007066143230249899,-0.015086071464912143,0.0,-0.06019307308138655,0.0,-0.01388884727766071,0.001538363069911064,-0.006153642878401144
2024-05-16,0.013921050028913529,0.0007071139798910941,0.006564482054290499,0.0,0.03262841296954,-0.0009132615573468339,-0.015493042057551643,-0.006144300605384179,0.013312480472568167
2024-05-17,-0.0045764517711743835,0.0,0.008695582987032546,0.0,0.052077188852829526,0.021937847036177738,0.0014306609840575302,0.01236479927644396,0.01619291603753914
2024-05-20,0.006896362946761991,-0.007067307595277295,0.008620753121045377,0.0,-0.07397103357574109,0.016994632702984624,0.0057143018957057645,-0.012213778358632466,-0.00811762444699371
2024-05-21,-0.0011415938892544997,0.006405966205874192,0.0,0.0,0.002402396763202308,0.015831115172684873,0.008522751269820716,0.013910446355404948,-0.0012123843303898374
2024-05-22,0.0034285715706003916,-0.004243227633918045,-0.02991452016677698,0.0,0.0,-0.041558450267042635,0.001408331465931667,-0.03506111052431038,-0.019423495198363838
2024-05-23,0.0,0.0,0.0,0.0,0.0,0.0,0.0,0.0,0.0
2024-05-24,-0.0034168566330874395,-0.0021310057158102635,0.0154184970235407,0.0,0.03355300685402618,-0.014453419656407673,0.009845275986208657,-0.0126381938446255,0.00278552152704048
2024-05-27,-0.0011428364776353561,-0.01423467263020406,-0.002169196679389751,0.0,0.01449279210592791,-0.031164082417735384,0.0,0.00800003500117863,0.0
2024-05-28,0.0,0.004387430676882298,0.03478253086041172,0.0,0.1514285125782553,0.014191121409231844,0.0,0.001587277473836135,-0.010493741555514524
2024-05-29,0.0,-0.004332101857809634,-0.0021008397976858273,-0.09999999999999998,0.09975189002988105,-0.011194079155944725,-0.011141931453793164,-0.025356656576986825,-0.025265181839022488
2024-05-30,0.0022883503031652097,0.014503221598796134,-0.01052624887559761,0.06666666666666665,0.08303247669961866,0.0,0.011267472864102457,0.009756188578200042,0.0006399110575125988
2024-05-31,-0.018264819493728934,-0.01572552062993071,0.004255252874857396,-0.0625,0.23125003319136272,-0.009433972240886601,-0.0389972472808362,0.017713332618316757,-0.03901516446823805
2024-06-04,0.0011627695993408071,0.003631151214392947,0.004237287040366189,0.0,-0.05245347177602022,0.0038096055206475743,0.028985677458494452,0.015822776986096798,0.03161410016461175
2024-06-05,-0.009291416239875283,-0.014471896377404647,-0.008438752047642661,0.05555555555555558,-0.06749999270975438,-0.0037951475057579342,0.0,0.006230511350373558,0.0
2024-06-06,-0.0199296154127101,0.01468440760259293,0.006382976652339334,0.0,-0.004213002049220149,-0.004761909845741652,0.01267596855736386,0.017027908708585615,0.0009678124658261122
2024-06-07,-0.007177227513045836,-0.004341426477969534,-0.0021142287050200936,0.0,0.09615387414064691,0.00478469412781779,-0.0013908651305984954,0.0,0.0070899515381113165
2024-06-11,0.0,0.010174244982518177,0.0,0.0,0.052280728773319796,-0.02857136201938204,-0.011141931453793164,-0.03196350595362718,0.0019200719649232756
2024-06-12,-0.01927695642684002,0.0,0.010593217600915139,0.0,-0.0013338079952645021,-0.025490241527514224,0.0028167450455283127,0.006289366603400293,0.0
2024-06-13,-0.004914048896422996,-0.01079141501725267,0.008385869972146631,0.0,-0.07612686782871236,0.014084501266312222,0.0,-0.004687581422684328,-0.01596935016600798
2024-06-14,0.016049426388113464,-0.018181926636661294,-0.0020791281066682155,0.0,0.0036140319790081143,-0.012896798517322061,0.007022615435408053,0.00156983500596386,0.00584213400153466
2024-06-17,-0.023086311245399616,0.017037185908806318,0.012500060364356802,0.0,-0.004321235685373459,-0.002010093277914571,-0.00278948941594237,0.003134902044643395,-0.026137590959413703
2024-06-18,0.007462686062500223,-0.0021851017067114897,0.006172900326191888,0.0,0.048824579192335626,0.002014141890990473,-0.001398564677337788,-0.007812533975790625,0.0029822547911755315
2024-06-19,0.009876430673513958,-0.014598580349226009,-0.006135029401200032,0.0,-0.04793098430499443,-0.015075392324610526,0.0,0.007874050260981758,0.0009910824960057685
2024-06-20,-0.01100237900772938,0.0,0.024626145793083865,0.0,-0.013763151010213526,0.009183662221752709,0.0,0.043749946115588134,0.0016503550611448592
2024-06-21,0.01359705547227108,-0.03703677601640154,-0.015021352502362362,0.0,-0.0818949515681584,-0.001011144016769383,-0.06862744297513235,-0.013473142420139417,-0.009885047816045267
2024-06-24,0.004878092768501041,0.019230544366159563,0.04575155270233644,0.0,0.03800002023345428,0.016194369984804613,0.0631577240105976,-0.01213957105673269,0.014975148290405249
2024-06-25,0.006067850658555862,0.008378027315394831,-0.04166660720444304,0.0,0.0,-0.013944217243919255,0.004243500398003475,-0.0015360001440141158,0.0
2024-06-26,-0.02050659122396148,0.0,0.006521692190126549,0.0,-0.0019267873010849756,0.011111143136014467,-0.005633900659380964,0.004615314577894436,0.0
2024-06-27,0.0,0.0,0.004319746829325233,0.0,0.0,-0.008990997600127004,0.00566582133393001,-0.0015313704363325575,0.013442700342263691
2024-06-28,0.009852238848443884,0.0,-0.0021506448190256044,0.0,0.0,0.008064482990435495,0.0,-0.013803621940743693,0.0
2024-07-02,-0.01585363573397558,0.0,-0.010775785178159025,0.0,-0.0003861475301936146,0.0219999612750299,0.0,0.02799373369034508,-0.003558840997881174
2024-07-03,0.01610902230563971,-0.011278477037279022,-0.0021787578878771363,0.0,0.0,-0.016634008633845898,0.007042150011647763,0.009077092233747086,-0.0016234262874473826
2024-07-04,0.0,0.0,-0.0043667812038959974,0.0,0.028968713967371773,0.0,0.015384700687426589,0.002998528737712336,-0.024390164965072403
2024-07-05,0.004878092768501041,-0.007604258046752577,0.006579025608189015,0.0,-0.006005992087597667,0.00895521268110433,-0.001377534795722668,0.013453003498080207,0.01666668195938059
2024-07-08,0.010922329136161313,-0.004597782457105071,-0.015250621205299963,0.0,0.0,-0.0187376716918074,-0.006896451344317933,0.0,0.0
2024-07-09,0.0024010472027760077,-0.017706018728994355,-0.008849557522123908,0.0,-0.01812692116319381,-0.010050261549740314,0.016666794874234503,0.0014749038402883663,0.00011538381433062739
2024-07-10,-0.001197647992026929,-0.009404471353281596,-0.01339282528809449,0.0,-0.019230744189947524,0.010152294767483694,-0.016393566661431325,0.0014728036168834002,0.0
2024-07-11,0.023980833951791958,-0.007911333399992393,0.013574627908017334,0.0,0.0,0.0,0.0,-0.004411697543834081,0.0
2024-07-12,0.011709578912151297,0.004784600939488737,-0.022321396716665887,0.0,-0.009803947601068841,0.0,0.0,-0.011809734144662354,-0.010526274139472824
2024-07-15,-0.012731500855390987,0.008730430809882117,0.01369859710861765,0.0,-0.00079201823550612,-0.010050261549740314,-0.0069445046120311105,0.01943206212152182,-0.002659932147351385
2024-07-16,-0.007034060648384188,-0.004720861576294477,-0.018018018018018056,0.0,-0.009116139692298297,-0.010152294767483583,0.0069930680050442895,0.024926696820138705,-0.00033321121919427377
2024-07-17,-0.022432090983956043,0.01027666269896721,0.002293496152903307,0.0,0.0,-0.020512841952992744,0.00694434266562971,-0.0014306527409014835,-0.0026674226756681074
2024-07-18,0.01932371400525046,-0.005477122339122453,-0.0022882480647697934,0.0,0.0,-0.019895287846377174,0.0,-0.021489976959234602,-0.0016718449693983173
2024-07-19,0.01025939934411424,0.00708116389163993,0.0,-0.11578947368421055,-0.020000052575117278,0.004273595933965035,-0.006896451344317933,0.0,-0.003683780207969445
2024-07-22,0.0023894956310546167,-0.0039062619596370585,-0.0068808157737022535,0.0,-0.03265298624324997,-0.004255410030959417,0.0,0.0,0.008067178417650256
2024-07-23,-0.027413535818571422,0.007842990602499045,-0.020785138716453044,0.0,0.0970463301824509,0.0010683989834912033,0.0,0.005856526468828616,-0.010003186862218572
2024-07-24,0.0049019142941704175,-0.010116797971303382,0.007075488527044538,-0.04761904761904767,0.01923082078540217,0.001067258725353959,0.00694434266562971,-0.020378424366656933,0.0
2024-07-25,-0.0012195495015253632,-0.0007860634081450213,0.002341903624877295,0.0,0.0,0.0,0.020689756106818447,-0.0044576968278589035,-0.004041846825334927
2024-07-26,-0.01831492760603637,0.003991992547207168,0.0023364319264793654,0.0,-0.00037740457326862487,-0.008528749900726829,0.013513394271750911,0.004477656864660728,-0.002367181459053014
2024-07-29,-0.004975143533415327,0.0023626046643676624,-0.006993023742110305,0.0,0.019252569586652113,-0.02150539755278802,0.0,0.0014859231275663465,-0.01627130162329593
2024-07-30,-0.009999971979717026,-0.01728223503005588,0.0,0.018750000000000044,0.0,-0.009890097460826808,-0.03999988495326268,0.004451082860893241,-0.023087499583691273
2024-07-31,0.0,0.0,0.02112674452120067,0.0,0.018518493932323743,0.009988888542032948,0.002777704676971693,0.016248002015493146,0.014109609873042217
2024-08-01,0.01010098151180272,-0.000799437977175077,-0.02528730835611437,0.0,-0.027272727931068386,0.005494511032304805,0.037396270967159584,-0.026162769859677137,-0.012174292301043388
2024-08-02,-0.00500001934733818,0.0,-0.028301886792452824,0.0,-0.009345744992502736,0.0,-0.03738328086918952,-0.04477605848859567,-0.015845060611111128
2024-08-05,-0.02763823138706234,-0.008799813410569346,-0.009708737864077666,0.0,0.0,-0.006557405897043234,0.037448055970618954,-0.03437498664820915,-0.012164425983150484
2024-08-06,0.012919947422402656,-0.007264188444629172,0.009803921568627416,0.0,0.0698112789258023,-0.020902089345689046,0.0026736484096612223,0.0,-0.00398428481709201
2024-08-07,0.03316325783854834,0.014634333677323808,0.012135905011002812,0.0,-0.04232801482421111,-0.005617983317575792,0.0,0.02103559742699046,-0.0047272291406592615
2024-08-08,0.0,0.0,0.0,0.0,0.0,0.0,0.0,0.0,0.0
2024-08-09,0.022222308613062847,0.001602458926735384,0.023980849980931085,0.0,0.020257807030187314,0.002259935407715963,0.0,0.025356545589601875,0.021400053246276585
2024-08-12,-0.0024154036644752352,-0.002399886077133151,0.009367614499508958,0.0,0.0072202358130109,-0.012401388106197841,0.004000050682751777,0.010819147648354566,-0.008258402089816652
2024-08-13,0.007263820510999608,0.0016037439632623496,-0.020881655015160594,0.0,0.012544764619349724,0.021689496654492046,-0.003984114024727092,0.0,0.013757723258544408
2024-08-14,0.012019212881529295,0.0008006314145387883,-0.03317532275476098,0.0,-0.024424731398449584,0.026815647165306045,0.03200017225916896,0.0,0.015357435809840503
2024-08-15,-0.002375242709338532,0.020000292954420296,0.02205880604052246,0.0,0.0,-0.003264376819841819,0.00951363505779379,-0.03516814936841328,0.0024621085516567387
2024-08-16,0.0,-0.0007844745418382759,0.0,0.0,0.015602276532411308,0.009825314879564173,0.0013088797214746428,0.030110873705101904,0.0
2024-08-20,-0.0035715374938050104,0.0,-0.023980781535204776,0.0,0.012147256383396421,0.0,0.0,-0.013846142288897356,0.0
2024-08-21,-0.0011946521668350085,0.049450662058625916,0.00245698488206747,0.0,0.023649776469712336,-0.016216232295169997,-0.026143748477534312,0.04524177984335731,-0.017894594127286778
2024-08-22,-0.011961640623573522,0.01271496735221378,-0.0024509629032675173,0.0,-0.0124137302095636,-0.003296773811348963,0.0067113025803509085,-0.023880569385898776,-0.01000362548710676
2024-08-23,-0.03147711554402799,0.015509502491845684,0.009828009655706627,0.0,0.010474818186900547,0.008820363587335178,-0.03999989967095108,0.0397554258880084,-0.0036088626529146017
2024-08-26,0.024999963306772344,0.029090891899590243,0.009732359928357859,0.0,-0.0013821323897719173,-0.019672106316469096,0.012500038597227148,-0.038235362757597535,0.028612651976088976
2024-08-27,-0.007317036658081588,-0.006352235452600552,-0.007228932732253113,0.0,0.0034601477638072087,-0.014492835948986094,-0.004115238887478778,0.0428134609089974,0.06831005333814
2024-08-28,0.0,0.007857055619147957,-0.0024271671469251466,0.0,0.01689655577340532,0.0011312459752750303,0.019283753261993164,0.004398799369341733,0.04614360601949774
2024-08-29,-0.012284994241859692,0.0,-0.004866214686644721,0.0,0.01998444226590257,0.0,0.013513375060577593,-0.016058317569512925,-0.01228725270803599
2024-08-30,0.00746264891708015,0.027640063332207143,0.0048900105276923345,0.0,0.0,-0.016949170107638856,0.026666777129962904,0.0029673644248657816,0.01244010745201396
2024-09-02,-0.01111105546955271,0.0,0.0,0.0,-0.003728813559322086,0.01954029733890561,0.0,-0.01775158357878659,-0.008191369336094545
2024-09-03,0.004993710303767829,-0.01931051589294408,-0.029197010340141993,0.0,0.0,0.0033821445333122035,-0.001298680627249027,0.0015060637450303727,0.0
2024-09-04,-0.016149031507627476,-0.008438602178329813,-0.03759407101773926,0.0,0.0,-0.005617983317575792,-0.024707537346331687,0.003007451000606398,-0.0025414430315670034
2024-09-05,0.01010098151180272,0.003546045842902412,0.002604148084721869,-0.006134969325153339,0.0,0.005649723369212989,0.0,-0.016491603098142016,-0.00477694532861761
2024-09-06,0.0,-0.0014133148469495094,0.0025973841118616114,0.0,0.02075535896563463,0.0,0.0,-0.0060976463036140904,-0.0006401043003371187
2024-09-09,-0.021249982153748403,-0.015569764355145566,-0.007771965555732341,0.05555555555555558,0.008333333333333304,-0.02022469414200656,0.0,-0.007668688568653548,-0.007364601740125543
2024-09-10,0.001277110045019958,0.02300498022057651,-0.0156658333137093,0.0,0.0,0.002293510166765378,0.0,0.015455903648937896,-0.01768823452460888
2024-09-11,0.0,-0.018974153198291654,0.010610079776413484,-0.06432748538011701,0.008264462809917328,0.008009208549343283,0.0,-0.010654473138101861,-0.0016474262132483153
2024-09-12,0.008928572036397187,0.010028859660876854,0.013123341097570407,0.0,0.016393442622950838,0.032917149986558814,0.025333464875864076,0.016923071144448576,0.02310250992382623
2024-09-13,-0.008849558119239265,-0.0007094692996727492,-0.010362694683640705,0.0,0.03677419354838718,0.007692248253260869,0.001300369391786349,-0.006051448615652988,-0.02096795287945552
2024-09-16,-0.0076530909211218745,-0.01064561375569828,0.026178048807641074,0.0,0.0,0.018538777426206243,0.002597361254498054,0.012176583198848068,0.07479417182676795
2024-09-17,-0.0012853177690241857,0.007890873383002095,-0.002551002205441688,0.0,0.026757934038581288,0.006424011139593455,-0.002590632446157648,-0.006015048856576777,-0.006744424961977469
2024-09-18,-0.009008940938044274,-0.0035586655787250843,-0.025575483602150006,0.0,0.0,0.0,0.0,0.028744417860364635,0.02098766805312202
2024-09-19,-0.001298740906838236,0.005714292319054959,0.0,0.0,-0.00030303030303024947,-0.01063830825226697,0.0,0.027941118918629826,-0.015114877132598847
2024-09-20,0.035110494892774735,-0.009232907693218828,-0.007874034623757908,0.0,0.015459230069718055,-0.010752698776393954,0.012987028370419429,0.030042939141932568,-0.03314916238791632
2024-09-23,-0.007537784805832004,-0.007168428014937778,0.015873054226076766,0.0,0.0,0.0,-0.006410227364247789,-0.030555611505917235,-0.0063493277681236915
2024-09-24,0.0,-0.0021662036095864146,0.01041666666666674,0.0,-0.0014925373134327957,0.021739152107049353,-0.00645165703623185,0.0,0.005431498110241906
2024-09-25,-0.001265658931739022,-0.010138415470284823,-0.05154639175257736,-0.0625,0.0,0.005319045713567672,0.012987028370419429,-0.0028654048811500576,0.002542152039360923
2024-09-26,0.0012672628542893527,0.0,0.032608695652173836,0.0,0.046337817638266054,0.0,0.0,0.0,0.0
2024-09-27,-0.01265814318497993,0.021292340652846464,-0.007894755619649585,0.0,-0.00371428571428567,-0.012698361688870397,-0.012820527812001159,0.0,-0.0015848991946998403
2024-09-30,0.0038462030599517583,-0.003594498113799638,-0.0026525010171352115,0.06666666666666665,0.0,0.01714902123166895,0.0,0.011494415767298038,-0.006984227286710887
2024-10-01,0.011494263058903442,-0.0007216170172666958,0.00797874238156071,0.0,0.0,0.004214945806305659,0.0,0.008522673282311155,0.007033349800303013
2024-10-02,-0.002525397002854146,-0.017328523215127678,-0.010554164819415512,0.0,0.0,-0.015739784971302684,0.0,-0.011267626556540566,-0.01587282054693151
2024-10-03,0.0,0.016164509136502803,0.01600003896916502,0.0,-0.0008603383997706215,-0.00213224179704552,0.0,0.01566957987649631,0.014515879933046039
2024-10-04,-0.0025315205418593445,0.0043384736345153385,-0.007874034623757908,0.0,0.0,0.008547082992052868,0.0,0.023842720826535935,-0.01399026289854155
2024-10-07,-0.005076161729251738,-0.02231810286846514,0.010582010981521561,0.0,0.0,0.0042372707532996046,0.0,0.013698791405086563,0.0
2024-10-08,0.0102041212281625,0.010309120983816644,-0.04450260078436341,0.0,0.03329506314580932,-0.023206817503849786,0.0,-0.02702701097645488,-0.022212271783201287
2024-10-09,0.008838384093644569,-0.008746201171238144,0.008219197792094901,0.0,0.0,-0.022678122162387182,0.0,0.027777760823122666,-0.005625420013094962
2024-10-10,-0.007509415576304357,-0.009559100695854195,0.0027173719144923947,0.0,0.04166666666666674,0.022099469910450642,0.0,0.005412211918044196,0.02495825535022278
2024-10-11,0.005044155712345066,0.017075027435486945,0.0,0.0,0.0,0.027026943654674174,0.016883144284809415,0.002688158811059216,0.005844187279230972
2024-10-15,-0.008783070278290284,-0.013138455056732501,-0.03523033364747441,0.0,0.0,0.0,-0.016602836205613092,-0.00670247814767877,-0.013557206133246513
2024-10-16,0.0075950345418009935,0.019970217182596395,-0.011235955056179803,0.0,0.0,0.0010526541623980812,0.024176396098331665,-0.013495343082938982,0.004581290556854745
2024-10-17,0.005025145170413525,-0.0036258557402749636,-0.011363636363636354,0.0,0.026666666666666616,0.00946371090412601,0.0,0.0,0.0016287864693929066
2024-10-18,0.010834976411591812,0.005094733112982475,0.011494252873563315,0.0,0.0714285714285714,0.04166671089749152,0.01037615767220168,0.0,0.014634153960788154
2024-10-21,-0.01261039382838014,0.005792904819316602,-0.019886383907576244,0.0,0.0,-0.02199996127502979,-0.011553218048452107,0.0,-0.012499997490054371
2024-10-22,-0.02298849729574226,-0.0057595403502646025,0.005797060204147941,0.0,0.0,-0.003067550187253021,0.0,0.0,0.0006489850822222198
2024-10-23,-0.010457451591047717,-0.004344678614487507,-0.008645471984633835,0.0,0.0,-0.02564105244124104,0.0,0.0,-0.0025947308411263803
2024-10-24,0.0,0.008727118205177575,0.005813912003099775,0.0,-0.06012121212121213,-0.002105201053405059,0.0,0.0,-0.008130213810810027
2024-10-25,0.006605013056469433,-0.007930827351101621,0.0028901529068738885,0.0,0.0020634511220014584,-0.015822800798707903,0.0,0.0,-0.0029508352963117934
2024-10-28,0.01049862204383678,0.0036863714161068373,0.01440928448083989,0.0,0.029601029601029616,-0.003215393694582125,0.0,0.0,-0.008549635640296982
2024-10-29,-0.018181841662805898,-0.0007272249342262782,-0.014204606268183317,0.0,0.0,0.02043010575948978,0.0,0.0,0.0
2024-10-30,0.0013228470176716023,0.0,-0.008645471984633835,0.0,0.0,-0.025289782222251866,-0.06493511193436508,0.0,0.015588433548814562
2024-10-31,-0.0013210994052632596,0.022561780305715873,-0.011627906976744207,0.0,0.0,0.01945943468596023,0.06944449819808352,0.0,-0.01828843541534786
2024-11-01,-0.007936459035945864,0.005694185060101109,-0.0117647058823529,0.0,-0.019000000000000017,0.0021208280879987385,0.0,0.0,0.01962728117611401
2024-11-04,,,,,,,,0.0,
2024-11-05,,,,,,,,0.0,
2024-11-06,-0.01844541455326898,-0.014164360441635049,0.024096385542168752,0.0,0.0,-0.014830501613144587,0.0,0.0,-0.0026228049490885086
2024-11-07,0.004026856010391766,-0.00862043138108659,-0.02352941176470591,0.0,0.019367991845056,0.010752698776393954,0.0,0.0,-0.005588709147611115
2024-11-08,-0.006684415834310009,-0.012319036545648587,-0.04216863171405516,0.0,0.0,-0.02127661650453383,0.0,0.0,0.00011632211159762207
2024-11-11,,,,,,,,0.0,
2024-11-12,,,,,,,,0.0,
2024-11-13,-0.006830665364606969,0.0029412185594217544,0.006060562553261928,0.0,0.0,-0.00221232403710081,-0.020381997656851558,0.0,0.0020402291408294637
2024-11-14,-0.008253187499496106,-0.002932593161986463,0.03915660501365403,0.0,0.0,0.013303714539725231,0.0013003112354588175,0.02599190171981247,-0.012555137226743174
2024-11-15,-0.011095704946714413,0.0029412185594217544,0.011594203138348025,0.0,0.0,-0.009846814934735493,0.006493402625053157,0.025333307291158125,0.021992892691658827
2024-11-18,0.0,0.007331208515785725,0.022922636571815813,0.0,-0.012499999999999956,0.005524867477612716,-0.0025805610010893876,0.016905021153341693,0.00033624178394431326
2024-11-19,0.011220200986301165,-0.002911172353528668,-0.002801100516863664,0.0,0.0,0.0,0.0,-0.0025575324604125704,0.01075647019887982
2024-11-20,0.004160971019545601,-0.003649707107862943,-0.014045003950563295,0.0,-0.00025316455696200446,0.015384608493131724,0.0,0.0,-0.010309309744518602
2024-11-21,0.00690607055840764,0.0,0.025641088191691974,0.0,0.006583945302608196,0.015151508467282193,-0.0038809644350550343,-0.01794869403177779,0.0013441330177699218
2024-11-22,0.0,0.01758251537765032,0.01666662702518429,-0.006249999999999978,0.0,0.011727112596294997,-0.025974117152668175,0.049608433483413705,0.013422798637767741
2024-11-25,-0.039780525496770136,-0.03887702536392379,-0.008196741126890728,0.0,0.0,0.022128492329208882,0.05733335790485383,0.0024874892191897313,-0.006622610111755245
2024-11-26,0.024285675726578804,0.03088901713778114,-0.03030297311922059,0.0,0.0,-0.026804067823961275,0.0,0.042183660711316184,0.0
2024-11-27,-0.0013946550389449808,0.002919805352525895,0.0056817776393929265,0.0,0.0,0.006355852153353103,-0.0441361915885502,-0.009523879279636271,-0.0016665689691711671
2024-11-28,0.0027932787338091902,-0.0036389374519566475,0.005649758055257026,-0.0691823899371069,-0.0062893081761006275,-0.002105201053405059,0.009234784361781934,-0.0012018292594894175,0.0016693510578429382
2024-11-29,0.0,0.003652227680044584,0.011235955056179803,0.0,0.0,-0.00421939204678301,0.006536062466214965,0.015643872791027746,0.006666761473703708
2024-12-02,-0.011142065139236323,0.0,-0.01388894835111254,0.0,0.0,-0.01694919096639047,0.0,0.017772394494487198,-0.0049669403559200465
2024-12-03,-0.012676088419771081,-0.009461237375087306,0.0028169618780324868,0.0,0.0,-0.002155218564266037,0.0,-0.02211872048938679,-0.002662115005667487
2024-12-04,0.0,-0.007347781375953266,-0.014045003950563295,0.0,0.0,-0.015118784792139461,0.0,0.003571498327255229,-0.0023357678223036027
2024-12-05,0.004279760864385862,-0.002220611876550538,0.008547029397230732,0.0,0.0,-0.013157841806879289,0.0,-0.00474505082857668,-0.016387958818683823
2024-12-06,0.0,0.012611419840730997,-0.02259887096753388,0.0,0.0,-0.0011111348896015727,0.0,-0.026221739660806098,-0.0037402313910821494
2024-12-09,-0.0028410398257803227,-0.004395672267796802,0.03468208235533443,0.0,0.0,-0.013348110533822455,0.0,0.04283966035518416,-0.017064910657019094
2024-12-10,-0.009971410989136786,-0.010301643314118536,0.022346369605875882,0.0,0.0,0.0,0.012986950007950915,0.05164340236000342,0.0029098968214711363
2024-12-11,0.004316481966663233,0.0,-0.010928962174771795,0.0,0.0,0.0033821445333122035,0.0,0.002231859182187046,-0.009034070701836372
2024-12-12,0.0028653116803460943,0.0007434795364658076,0.0027624113368931447,0.0,0.0,-0.005617983317575792,-0.02948718122765237,-0.014476464652363519,-0.0007013476767149252
2024-12-13,0.001428525178971185,-0.0022287024706322267,-0.019283688722848025,0.0,0.0,0.0,0.0,0.01694904219417248,0.024210493765404628
2024-12-16,0.0,0.0,-0.028089927727341757,0.0,0.0,0.005649723369212989,0.054338994660645845,0.0044444232248919135,0.0020556069528332443
2024-12-17,-0.001426487405794652,-0.001489252556752363,0.005780388304697182,0.0,-0.09367088607594942,0.0,0.0,-0.015486490007646236,0.0
2024-12-18,0.0,-0.027591271897908887,-0.03160921590651389,0.0,0.0893854748603351,0.016853949952727376,-0.012820405393534684,-0.03370797119808877,-0.003418794451009677
2024-12-19,0.007142999736889921,-0.000766937335546225,-0.0029673379397818778,0.0,0.012820512820512775,-0.011049734955225321,-0.03246757518374843,-0.01744186046511631,-0.00514585519173516
2024-12-20,-0.0014184678320270372,0.024558707282011927,-0.017857100384125912,0.0,-0.012658227848101222,-0.004469255550303863,0.0,0.013017659021862915,-0.04137941834234349
2024-12-23,0.014204455693123341,-0.000749128355867823,0.021212055426920173,0.0,0.012820512820512775,-0.013468072773388573,0.0,-0.010513996833867445,0.03776976579303537
2024-12-24,0.014005588278542591,-0.012010919060853498,-0.014836774392879781,0.0,0.0,0.021615471995522162,0.0,0.0,0.011785167147787323
2024-12-25,0.0,0.0,0.0,0.0,0.0,0.0,,0.0,0.0
2024-12-26,0.012430970379070816,0.0,0.0,0.0,0.0,-0.006681430817583323,,0.015348358316682242,0.0061665366993968185
2024-12-27,0.00545706322930295,0.011432780070118387,0.0,0.0,0.0,-0.012331873530576742,0.0,-0.011628020532741146,0.023152803788631715
2024-12-30,-0.0013568790829494581,0.012057528934436013,0.00903608010120327,0.0,0.0,-0.0034051785364788145,0.0,0.0011764937017948451,0.004991806145294486
2024-12-31,0.0,0.0,0.0,0.0,0.0,0.0,0.0,0.0,0.0
2025-01-02,0.013586942608667885,0.0,0.0716417956226656,0.0,0.0,0.0,0.0,0.03642775837556478,0.0016555561552205056
2025-01-03,0.0,-0.013402924251428638,-0.0027854956104752526,0.0,0.03772151898734166,0.03075166876943425,0.0,0.027210864016764535,0.023471055979185973
2025-01-07,0.0026808782493159544,0.01886794867150199,0.030726278139551644,0.0,0.06123444742620143,0.06077342964841814,-0.03355709261104556,-0.017659851650131952,0.0145349810732458
2025-01-08,-0.0026737103573739596,-0.0051851132038831516,-0.0027100078153667884,0.0,0.0,0.017708394593025867,0.015277793222270741,0.011241440236012368,0.02674316398320009
2025-01-09,0.005361896814671585,0.0014889683313927815,-0.013587014691305743,0.0,0.0,-0.022517976246404503,-0.004103984801524407,0.005555524811490908,0.004774797679208742
2025-01-10,0.004000010048873737,-0.0014867546008755506,0.016528965908428006,0.0,0.0,-0.005235607681139287,-0.0013736073615179256,0.009944782978870359,0.005572826385570551
2025-01-13,0.013280199376060065,-0.009679990556953566,0.0027100078153667884,0.0,0.0,0.0,-0.011004123868127658,-0.0043764288703695975,-0.02247527225576529
2025-01-14,-0.0026212157068529196,-0.0015038411089687287,-0.005405367043799902,0.0,0.006206896551724128,-0.006315710431606392,0.0013908013038079758,0.01758255744709669,-0.011023760556082451
2025-01-15,-0.007884382382366772,0.0015061060531658121,0.0027173719144923947,0.0,0.0,-0.012711920213090977,0.0069444996033476425,-0.03887679828156354,-0.017515751135514845
2025-01-16,-0.006622510129113746,0.033834711967220876,0.013550116426069181,0.0,0.0,-0.002145859393451688,0.0,0.040449339077502255,0.004862163546195397
2025-01-17,0.0020422242512263544,-0.010909104360643851,-0.01871659733307529,0.0,0.05094813799405995,0.003225765801600833,-0.012413845949853397,0.0,0.0
2025-01-20,-0.001358708047625723,0.006617499476403221,-0.008174329069706943,-0.08108108108108103,0.0,0.009646290309702543,0.005586590903869704,-0.002159857280680577,0.0
2025-01-21,0.0,0.0,0.0,0.0,0.0,0.0,0.0,0.0,0.0
2025-01-22,0.0,0.0007305386116127632,-0.03296703296703296,0.0,0.0,0.00849253454913046,0.0,0.01731604751317639,0.0
2025-01-23,0.0,0.018248121829672614,0.00852266645908939,0.0,0.0,-0.014736836459400493,0.0,0.010638342081308094,0.0061290428188862656
2025-01-24,-0.004081600204299707,0.0035844621753329253,-0.008450644435203825,0.0,0.0,-0.0010682901076140006,-0.002777814970638226,0.029473579248889603,-0.01250409886800996
2025-01-27,-0.005464600639022432,0.007856849017751966,0.019886302822725854,0.0,0.0002173913043477249,0.005347598828506994,0.0027855527206872566,-0.0030673278360150436,-0.011363512057130154
2025-01-28,-0.004120776315167829,0.027794641888889915,0.016713132670478137,0.0,0.0,0.028723367233581376,-0.013888847913703706,0.0,0.014449827835203655
2025-01-29,0.0,0.01800552255677279,0.032876712971481314,0.0,0.0,0.008272975522733317,-0.011267602608543315,0.0,0.005503401844424216
2025-01-30,0.026206852767564515,-0.012925179735902126,0.07427055843489416,0.0,0.0508585090197784,0.005128210488248186,0.002849040868424746,0.0,-0.0019317028865671881
2025-01-31,0.0,0.01654046350819538,-0.03209874837919191,0.0,0.0,-0.007142802177998897,0.004261304293333712,0.0,0.0
2025-02-03,-0.002688265566825443,-0.015593263792448075,0.02295923828163393,0.0,-0.058945191313340195,-0.01644402480350282,-0.009901006879444063,0.0,-0.000322651387611006
2025-02-04,-0.0040430259529273815,0.0013773195852315734,0.022443800105298894,0.0,0.0,-0.00104495444496977,-0.011428568760874613,0.0,-0.0077443317353188545
2025-02-05,-0.004059507726513423,0.007565346483928703,-0.031707300773234026,0.0,0.0,-0.0020919884358077123,0.0,-0.24000011218103778,0.004878042878298627
2025-02-06,0.002717346453629199,-0.006143227951301844,0.007556765066134119,0.0,0.098901098901099,-0.003144721271450601,0.011560690911884386,0.0,0.001294581554423635
2025-02-07,-0.0027099824923143556,-0.008241866344701476,0.0,0.0,0.0,0.0042060818286571156,-0.00714291383141441,0.0,0.04040061234912984
2025-02-10,-0.006793470596506257,0.0048476182055854355,0.009999927931790165,0.0,0.0,0.0,-0.004316487225768273,0.0,0.004970357967871264
2025-02-11,0.00683993751086831,-0.009648537056302864,0.004950459725411749,0.0,0.00019999999999997797,-0.011518251530698187,-0.0028901333743031055,0.0,-0.01725746977936493
2025-02-12,-0.001358708047625723,-0.008350694666249048,-0.019704434190149445,0.0,0.0,0.0010592367234305566,0.0,0.0,0.0006310531461699576
2025-02-13,-0.0013604869105175998,0.000701634098114079,0.05276387477233735,0.0,0.08978204359128172,-0.0021163396953290947,0.0,0.0,-0.008199231933997075
2025-02-14,-0.005449710583853129,0.023141760569721725,0.014319774765842563,0.0,0.08256880733944949,-0.0010604680778359965,0.0,0.0,0.00763114630321815
2025-02-17,0.013698685923471343,0.023303760655847272,0.0494118159034751,0.0,0.05932203389830515,0.04670915638501172,0.014492710151480237,0.48448047862510735,0.02461341330574185
2025-02-18,-0.005405385561866649,0.022102961146197142,0.0,0.0,-0.06399999999999995,0.03955377192762155,-0.00714291383141441,-0.029090959453181298,0.019402434437060467
2025-02-19,0.0,-0.1022280249804084,-0.18385652835679223,0.0,-0.2136752136752137,-0.07317080445531021,0.03597127545457912,-0.13483142676954363,-0.06042293872228244
2025-02-20,0.01902170374189316,0.12773736372531697,0.22802191921318538,0.0,0.24978260869565228,0.1200000000000001,-0.029166641135974336,0.19047620557476996,0.10739543623207792
2025-02-21,-0.005333313833183251,-0.012297879434110537,-0.04026842637822903,0.0,-0.04348582362149944,-0.0037593833733940984,0.0,-0.027272752292445857,0.0075494131468107906
2025-02-24,0.016085731755236754,0.01900413293254566,0.0,0.0,0.04418985270049092,-0.021698097698258034,-0.011444918417886196,0.0,0.00864565155303576
2025-02-25,0.0,-0.005132480572962894,-0.00932400947909362,0.0,-0.016022291884360884,0.0,0.013024578984240254,0.0,0.014571379189523226
2025-02-26,-0.014511871566744938,-0.01687224591184855,-0.016470605301158292,-0.23529411764705888,0.03539823008849563,0.012536135755758515,0.0,0.0,0.027316346557884286
2025-02-27,-0.0013386317782085877,-0.00990108351309793,-0.019138756634277332,0.13461538461538458,0.012820512820512775,-0.019047542327898848,0.0,0.0,0.027960543222567136
2025-02-28,-0.008042900231663097,-0.020000050448557793,0.00487808375743537,0.0,0.01181434599156117,-0.019417494939732882,-0.042857093949367986,0.0,-0.051466596749188964
2025-03-03,-0.0027027274135245083,0.02040821579400287,-0.04854368932038833,0.0,0.0,-0.0198020001779855,0.04477606601735684,0.03551396700103604,0.03373651642808828
2025-03-04,0.009485112355336556,-0.0033333183856125714,-0.03826532432517049,0.0,-0.016680567139282787,0.001010122637308486,-0.020000034235442388,-0.010830124131823382,-0.010878838897186327
2025-03-05,0.0013422941616672013,0.0020068345984021185,0.02387266056996218,0.0,-0.04122137404580151,0.009081724206191133,0.0,-0.01642349538465382,-0.010173316881995631
2025-03-06,0.0,0.0,0.036269542306738956,-0.06779661016949157,-0.0012384996461429765,0.01000001019078156,0.020408198912373665,-0.016697639892717997,0.033055639497083344
2025-03-07,0.008042831523573657,0.030040054200758837,0.02999992650469685,-0.054545454545454564,0.03631532329495135,0.01881187998932088,0.011428568760874613,0.0,-0.005109018016798195
2025-03-10,-0.006648929191074959,-0.0019442690109784388,-0.016990308581230185,0.0,0.008547008547008517,-0.00874634471323743,-0.011299432420498134,-0.009434002245019668,0.025946125104453044
2025-03-11,-0.00937076552803251,-0.015584520703287752,-0.02222220499530614,0.0,-0.004237288135593209,-0.016666723282119045,-0.021428508070772123,0.01523821623610977,-0.0001716261857920287
2025-03-12,0.01756758965754468,0.012533035629916034,0.017676785695623254,0.0,0.004255319148936065,0.021934261226218332,0.018977997141556457,0.009380810444563847,-0.009247038641520877
2025-03-13,0.0013280333616139117,-0.006514628094612673,-0.0024813718283558384,0.0,0.0,0.0029267924093094866,0.0,0.0037175240781384122,0.0
2025-03-14,0.007957564189594812,0.00918018899185058,0.034825833910619775,0.0,0.0,0.0019455669504619966,-0.01002859281569124,-0.0055556329180654895,-0.002133558177569328
2025-03-17,0.023684156394906397,-0.015594444730890777,0.019230769230769162,0.0,0.05932203389830515,0.004854373734933137,0.0,0.0242086323150692,-0.008551820993155546
2025-03-18,-0.001285358814402393,0.0033002455482031845,-0.004717014789937912,0.0,-0.019199999999999995,-0.0193236905239913,-0.0014471579268626744,0.0,-0.0010778935671209577
2025-03-19,-0.001287013088019373,0.0,0.009478673306325902,0.0,-0.0032626427406199365,0.016748725047896595,-0.0057971787831561095,-0.05818174134706955,0.0075557253875611075
2025-03-20,-0.00773196369975182,0.0006579885836630606,-0.014084474014236847,0.0,-0.05875613747954178,-0.015503813199017724,-0.011661805265430258,-0.034749233467939344,-0.006428099755673489
2025-03-21,0.0,0.0,0.0,0.0,0.0,0.0,0.0,0.0,0.0
2025-03-24,0.0,0.0,0.0,0.0,0.0,0.0,0.0,0.0,0.0
2025-03-25,0.011688352492737364,0.028928314450482384,0.00952380952380949,-0.038461538461538436,0.06068509824378365,-0.011811075353104106,0.0029498920812336404,0.052000047656920234,0.004043402412970742
2025-03-26,-0.002567417575993325,-0.008945753500388842,0.014150909738364081,0.0,0.0,0.004980084837243437,-0.011764703055425096,0.020912562176665705,0.006174665964129966
2025-03-27,0.0038609732972161304,-0.01805293696756116,0.011627890768544313,-0.06999999999999995,0.0,0.014866219477522868,0.0014880746138117296,0.03910623821220738,0.007203738049278208
2025-03-28,0.010256438900593023,0.014712852292489087,-0.01609190560475693,0.0,0.012295081967213184,-0.013671868974414303,-0.00445759061400397,-0.014336942026995647,-0.01192057666233215
2025-03-31,0.0,-0.00845259735768511,0.020659177093951042,0.0,0.012145748987854255,0.014851500133489237,0.0,0.027272752292445857,0.003753554661105385
2025-04-01,0.01142135950141987,0.0006557055920302091,0.004819242472057006,0.09677419354838701,-0.013759999999999994,0.013658530280539871,-0.0074627454126861,0.04424779831785197,0.00881408462206168
2025-04-02,0.008782951906346037,0.03866333581780701,-0.0023980643823066083,0.0,0.0120051914341337,-0.0038498398654541743,0.0015038204870294614,-0.01694930543923079,0.018268529087624552
2025-04-03,-0.0037313773002589645,-0.006309234450164958,-0.038461523420059374,0.0,0.0,0.0328501557367995,0.006006004286907007,0.017241537524983697,-0.004420361895025149
2025-04-04,0.002496837759041526,-0.029206445217734522,-0.035000087445141714,0.0,0.0,-0.009354451608179826,-0.028358221209652146,-0.033898279835723355,-0.016714593296582647
2025-04-07,0.0037360243772877055,-0.012426293554741452,0.005181380635175481,0.0,-0.03254248156460404,0.015108530857906866,0.015361020758289934,0.014034939835205318,0.0
2025-04-08,0.0,-0.019867545081470928,-0.06701032080551561,0.0,0.010770505385252704,-0.023255838204132018,0.013615708929923143,-0.013840686631060528,-0.018061085411538613
2025-04-09,0.009925585612031274,0.01824312586725707,0.06077349762989148,0.0,-0.00016393442622952836,0.014285729537224956,0.01044769725260708,0.0350876922462775,-0.003147453325095695
2025-04-10,-0.02088452266372476,-0.05109481958338036,-0.07031249282853058,0.0,0.00016396130513207652,-0.06103283240297397,-0.010339671495134484,0.0033898776399829966,-0.011159423214958997
2025-04-11,-0.008782951906346037,0.03496507690833539,0.05042011190122864,0.0,0.004098360655737654,0.016000036686813823,-0.0074627454126861,-0.0016892125959832027,-0.0022021317420127806
2025-04-14,0.020253155194342565,0.0013512850706887125,0.02400004685433177,0.0,-0.025306122448979562,0.01279524804672505,0.0015038204870294614,0.016920460772047008,0.0
2025-04-15,-0.006203467160015408,0.0,0.0,0.0,-0.008710217755443894,0.003887253313019201,0.003002961253458336,-0.0016639166273775263,0.0
2025-04-16,0.011633757625324925,0.011471129074445807,-0.007812514894590228,0.0,0.011321392362284577,0.003872201086516869,0.016467082224115748,0.0,-0.01517216468851501
2025-04-17,0.0,0.0,0.0,0.0,0.0,0.0,0.0,0.0,0.0
2025-04-18,0.0,0.0,0.0,0.0,0.0,0.0,0.0,0.0,0.0
2025-04-21,0.0,-0.012675191875819558,0.010498684115012091,0.0,0.0,-0.0028929241677093653,-0.02650952588325317,0.014999801836435012,-0.02633074424179216
2025-04-22,-0.011250051552352036,0.010135132747503217,0.005194838670964819,0.0,0.0,0.002901317459105046,0.013615708929923143,0.011494415074104314,0.02100134951175958
2025-04-23,-0.010113734491230986,0.020066814987384385,0.006564507728130886,0.0,-0.00568086883876362,0.024108028970122763,-0.011940295110195454,-0.025973992002222057,0.02423229517414649
2025-04-24,-0.006385675076052366,-0.013114660548210977,0.0,0.0,0.00823391026718201,0.003766462982177643,0.0,0.03333339030027194,-0.008253448375937111
2025-04-25,0.0,0.004874029312007755,-0.005434781473797612,0.0,0.011666666666666714,0.0037523299702479918,0.0060422943325713074,-0.003221834602042062,-0.0013871360912787178
2025-04-28,0.0,-0.003322166765938328,-0.024590158771418014,0.0,0.0,0.013084106808918472,-0.013513570980533962,-0.021035648438768484,-0.006944062734751455
2025-04-29,0.0077120307627864815,0.01866667332842864,-0.019607838916558817,0.0,0.022734761120263514,0.010147630962829668,0.013698689189232782,-0.003305737232509043,0.0
2025-04-30,0.025510250185438732,0.01112564375051095,-0.014285711149134128,0.0,0.019652061855670144,0.0,0.006006004286907007,0.0,-0.0069930783158763665
2025-05-01,0.0,0.0,0.0,0.0,0.0,,0.0,0.0,0.0
2025-05-02,-0.004975133145831756,-0.0032363578056069375,0.005797100158013713,0.0,0.0,,0.0,-0.008291793927405533,0.0140841900863653
2025-05-05,0.006249979442313647,0.0,-0.023054749937548635,0.0,0.0,-0.0073059063257764345,0.0,-0.011705718662324949,0.0013890629105750563
2025-05-06,-0.0012422068196091818,0.0032468658251640914,0.01769911103212407,0.0,0.0,0.007359675425019807,0.0,0.020304520297786732,-0.015256451415859518
2025-05-07,0.013681584681176862,0.0032361556890423415,-0.020289850553047772,0.0,-0.0025276461295418162,0.03196350304164586,0.01343281167603183,0.05804304334862875,0.0422533780902572
2025-05-08,0.001226964991170254,0.02580660715223493,0.017751475254041527,0.0,0.0,0.04867252447207915,0.001472733612569721,-0.0015674137137985378,0.026756915663397773
2025-05-09,0.017156893600171808,0.006289066901015383,0.0,0.0,-0.018371872030408576,-0.0202531682581486,0.0,0.09733129024815201,0.003009718579612075
2025-05-12,0.003614494706016602,0.0,0.017441856568776393,0.05882352941176472,0.007421748951274676,0.0017226897800501906,0.0014706479541446438,-0.03004279733304982,-0.012897934590843096
2025-05-13,0.02160855937206918,0.015625022363096486,0.03999999121757547,0.0,0.0,0.04385208032578958,0.0014684083461258268,0.02507355978666359,0.013066465001769334
2025-05-14,0.03995312839871734,0.001846205129903522,0.0,-0.01851851851851849,-0.02146060217809098,-0.004118620362910996,0.0,0.04028782042986312,-0.04001056245389545
2025-05-15,-0.019209100539096302,-0.00552821700088324,-0.010989008669055278,0.0,0.010638297872340496,-0.025640984576180248,0.0014662552846285148,0.002766211655611972,-0.0002741709464810782
2025-05-16,-0.00460830299064563,-0.00679420557313104,0.005555554369657267,0.0,0.0,0.005093314423580297,0.0,-0.015172295629024335,-0.026330317820800753
2025-05-19,-0.0011575558633156735,0.013681624084049826,-0.002762430352811207,0.0,0.003076923076922977,0.0016892253912628163,0.0,-0.0028011480330141225,-0.012675728341220216
2025-05-20,-0.0034761056874043073,-0.010429628694924364,-0.008310247538473092,0.0,0.0,0.0,0.0,0.002809016504069284,-0.015691949552317896
2025-05-21,0.006976697660351361,0.01673894353060379,-0.008379886469377928,0.07547169811320753,0.0,-0.008431711753141835,-0.004392405327760196,0.042016810170793395,0.0
2025-05-22,-0.0046189460112842085,-0.003048759395792855,0.0028169007986811323,0.0,0.0009686793671295213,0.005102063364651244,0.0,-0.016129125410104472,-0.006666837152815019
2025-05-23,0.02320189837236253,0.009174502917513427,0.0,0.0,0.005161290322580614,-0.010152328903935803,0.002941215812000575,0.004098401389987849,0.006711582178235087
2025-05-26,-0.0034014526542529566,-0.009091096625003958,-0.011235952630784807,0.0,0.010269576379974277,-0.012820526220620465,0.0,-0.0068027884257729765,0.03420295476173729
2025-05-27,-0.0011375722021567114,0.010014162612460131,0.01136363388280559,0.0,0.004447268106734459,0.0,0.0,-0.012328689331035259,0.006165653558246831
2025-05-28,-0.020501117946238767,-0.012165382948419512,0.0,0.0,0.0,-0.00432900891247856,0.0,0.0,0.0005572757249647786
2025-05-29,0.023255737322931846,-0.01785711323168615,0.00842696447308855,0.0,-0.035420619860847546,-0.008695572805251128,0.0,0.0,-0.025890814779572224
2025-05-30,-0.040909051179039424,0.021943612771209153,-0.030640661964848492,0.0,0.03688524590163933,-0.003508846894328177,-0.017595302999737883,0.0,-0.001143304338649731
2025-06-02,,,,,,,,0.0,
2025-06-03,,,,,,,,0.0,
2025-06-04,-0.0011401663765858716,-0.007330556023462442,-0.005633801597362154,0.0,0.0,-0.00420168499009177,0.02686562335206366,0.0,0.005428618976230926
2025-06-05,0.0057076857987305996,0.0,0.00849858171930884,-0.03508771929824561,0.0,-0.012658240911112673,-0.0029070156362625,0.0,-0.003978358195702247
2025-06-06,0.009080721545561943,0.008615375903501032,0.03651684605005068,0.0,0.0,-0.005128227908388183,0.0,0.0,-0.0014266256213664175
2025-06-09,-0.005624334868098435,-0.008541785213004083,0.0027100265358934728,0.0,-0.0001540832049307106,0.0008591249567613257,-0.014577216883917221,0.0,-0.0002856860772150194
2025-06-10,0.03167426253937222,-0.015384627157431052,0.02432431927234524,0.0,-0.023424256433965174,-0.0163090125001093,0.0,0.0,0.0024084802036983266
2025-06-11,-0.0021929306202295162,0.018125166933890435,0.018469653247168205,0.0,0.0,0.004363006323353513,0.0029585388814208358,0.0,0.0
2025-06-12,-0.009890264859976128,-0.002455645800240047,-0.0025906730593693306,0.0,0.0,0.0,0.0029498920812336404,0.0,0.006864771638156686
2025-06-13,-0.003329611549063527,-0.009230559478437539,0.03116882494751505,0.0,0.0,-0.02258900576660139,0.0,0.0,-0.008522575468038474
2025-06-16,0.002227119031459557,0.003726519621318536,-0.020151129600659012,0.0,0.0,-0.02222224436515463,0.0,0.0,0.005444168257450865
2025-06-17,0.0,-0.009901025653225703,0.010282774318271404,0.0,0.020987849139971537,-0.004545459177628053,-0.005882351527712548,-0.03744802055867247,-0.005414689775252501
2025-06-18,0.006666734887731618,0.0,0.002544528764535814,0.0,0.0,0.004566214720235218,0.0,0.03890493330075273,0.0
2025-06-19,-0.006622583876753518,-0.0012499802464261967,0.012690417868526538,0.0,0.0,0.0,0.004437888892362407,0.0013869085423245942,0.0028651613827432865
2025-06-20,0.0,0.01314154308581883,0.0025062650205613934,0.0,0.0,0.0,0.0,-0.012465294997508813,0.007142962663197805
2025-06-24,0.04444441195822302,0.0006175273699740025,-0.04000005379234772,0.0,-0.026275115919629055,0.006363587262597559,0.0,0.023842809963720235,0.013900714462259156
2025-06-25,-0.020212776036920288,-0.01234567585351909,-0.010416664582079682,0.0,0.004126984126984201,0.017163504885223446,0.016200310381015326,-0.0013698097777756768,-0.008114149200739607
2025-06-26,-0.00651472491564431,-0.0006248605915812888,-0.010526313660769615,0.0,0.027347454947834304,0.016873889795289365,0.0,-0.008230467283760312,0.012129933384133151
2025-06-27,-0.01639333564063361,0.0006252512864701743,-0.031914887094311783,0.0,-0.00015386982612708433,0.003493524714738294,0.0,-0.004149283715361496,0.0027870175950199805
2025-06-30,0.0,0.0,0.0,0.0,0.0,0.0,0.0,0.0,0.0
2025-07-01,0.01666655608856704,-0.003749811207646725,-0.01373626083631907,0.036363636363636376,0.0003077870113881165,-0.005221955040649595,0.0,0.0,-0.012228818180388346
2025-07-02,-0.005464187126259623,-0.002509435166781482,0.03342617668892567,0.0,0.0,-0.004374457639560014,0.0,0.013888754195784392,-0.008160152237918994
2025-07-03,0.004395389051042642,0.006289142578946638,-0.018867920620138645,0.0,-0.021230769230769275,-0.014059786217460402,0.0,0.0,-0.006524752086446983
2025-07-04,-0.004376154151001677,0.0,0.008241756501791375,-0.03508771929824561,0.00015718327569946844,0.00623890208402389,0.0,0.0,0.0022841818431027505
2025-07-07,-0.009890264859976128,0.0,-0.019073565488469724,0.0,0.0,-0.01240034877927254,0.0,0.0,-0.005128160516574165
2025-07-08,-0.005549315139274813,0.0,0.02499999466345737,0.0,0.0,-0.006278069776417872,-0.0057971787831561095,-0.004109563110345049,-0.0011452451341071868
2025-07-09,0.004464180323878519,0.0,-0.02168021228714745,0.0,0.0,-0.004512640110604926,-0.014577216883917221,0.002751058983080812,-0.0004602340505498459
2025-07-10,0.004444564893357539,-0.009374851848196197,0.00277008251282429,0.0,0.021216407355021172,0.006346371836780884,-0.004437888892362407,-0.03292180215478169,0.010935212111679027
2025-07-11,0.0033185616550848174,0.015772945940811134,0.005524860705622414,0.0,0.0,-0.002702760517460323,0.0,0.03404254405500606,-0.0031313098642959947
2025-07-14,0.0044101508342329065,0.0,-0.01373626083631907,0.0,0.0,-0.006323348085265246,0.008915343086781213,-0.008230467283760312,0.0005710331389257028
2025-07-15,0.03183300990029503,0.0,0.0,0.0,0.0,0.0,-0.014727496554196362,0.009681842098811622,0.012842650175450832
2025-07-16,0.02127663468810126,-0.0031056046538435744,0.0,0.0,0.0,0.0,0.0,0.0,-0.0180333520280318
2025-07-17,0.019791570357418076,-0.0024923656251238935,-0.002785514724077176,0.0,0.0,0.006363587262597559,0.013452808924456772,-0.0013698097777756768,0.0051651830403516286
2025-07-18,-0.011328473739294687,0.0037477277353665794,-0.008379886469377928,-0.045454545454545414,0.0,0.008130163628794929,0.01769919182227353,0.004115200151750376,0.010562137834062568
2025-07-21,-0.039583305667823754,-0.009334207818170404,0.011267603194724307,0.0,0.0,-0.008064597134491147,-0.027536322945846514,0.021858007335097795,-0.0014122585648266295
2025-07-22,0.009761469999429506,0.01444726709107913,-0.008356544172231417,0.0,0.0,0.0,-0.004470877202665924,0.0,-0.0070720828533530344
2025-07-23,0.005370494003505533,-0.009288034557335179,0.011235952630784807,0.0,0.0,-0.006323348085265246,-0.004491037249330421,0.0026737578684721264,0.0014242132201762736
2025-07-24,0.014957378158888313,0.00875005602243073,-0.02499999466345737,0.0,-0.025854108956602007,0.0,0.007518856726228318,0.006666667534730886,0.0014226495083644597
2025-07-25,-0.013684335208890341,0.0018587707869366366,0.005698004450512384,0.0,0.018957345971563955,-0.026363644701548616,-0.008955261978522588,-0.0013245164173099067,-0.0017045696901086815
2025-07-28,0.02027752031062313,0.008883642186274576,0.01699716343861768,0.0,0.0,0.003734812071899185,0.028614471296489086,3.3674902619740266e-06,0.015082549381353116
2025-07-29,-0.020920524937249385,-0.006157561230218933,0.005571029448154352,0.0,0.007751937984496138,0.04186050876743774,-0.011713027711044988,0.01989389980545675,0.020465288882376642
2025-07-30,0.0021367223468513608,-0.0037175037196448546,-0.016620495076946296,0.0,0.0,-0.029464278808861377,0.004444382761733534,-0.016905118586131418,-0.010989131046722722
2025-07-31,0.0021322735140274496,0.0043532068213005815,-0.011267603194724418,0.0,0.0,0.023918992007033513,-0.011799327327242426,0.0,0.006666762855138453
2025-08-01,0.022340433370555912,-0.012383751426639167,-0.019943015576793233,0.0,0.0,-0.003593875825368631,-0.0074627454126861,-0.0013226954490983545,-0.005518544297504202
2025-08-04,0.0,0.0,0.0,0.0,0.0,0.0,0.0,0.0,0.0
2025-08-05,-0.019771003975927126,0.009404209083030413,0.008720928284388085,0.0,0.0,0.03336336964400455,0.013533811062454326,-0.019867550097175113,0.006936684722516739
2025-08-06,0.0,-0.006211105306100251,0.008645531226580738,0.0,0.0,0.016579406243783623,-0.005934636092624013,0.027027005626686362,0.0008266857237873015
2025-08-07,0.0,0.0,0.0,,0.0,0.0,0.0,0.0,0.0
2025-08-08,0.04033956158432517,0.009374950839018403,-0.005714284459653607,,-0.007692307692307665,0.015450625005467122,0.0,0.023684172991984775,0.016795131175022293
2025-08-11,0.008163356446693637,0.012383815301236334,-0.008620687751530576,0.0,0.0,0.01606086214189051,0.01492532824186843,-0.021850918216431148,0.0049981023341838515
2025-08-12,-0.004048627831240381,0.010397580297690334,0.0,0.0,0.0,0.0016639292010249829,-0.0014705678578560422,0.024967185165750694,0.0005403372351615587
2025-08-13,-0.01016266362126117,0.019976021505712094,0.017391300474040916,-0.05714285714285716,0.0,0.024916969251347343,0.0,0.03205130492456787,0.0008102866961523514
2025-08-14,-0.019507121573126507,0.011869045985757554,0.008547006675768465,0.0,0.007751937984496138,0.008103735879388063,0.001472733612569721,-0.0024844276687565614,0.00836731179799477
2025-08-15,0.023036642500827487,-0.001172788806957814,0.016949148863055985,0.0,0.05230769230769239,0.004823090410171593,0.022813105002309486,0.013698536843249176,0.005085473088681347
2025-08-19,-0.01637663990892846,0.027598409836340654,0.0027777771848285226,0.0,0.016081871345029253,-0.01199993119183973,-0.0029542371631053888,0.014741992044682295,0.010918980135301348
2025-08-20,0.001040568161497113,0.0,0.0,0.0,0.043165467625899234,-0.017004081923649883,-0.004444446538893199,0.007263970611185666,0.011064060161273481
2025-08-21,-0.006237023374777162,0.017142648975298602,0.0,0.010101010101010166,0.032689655172413845,0.000823740861349398,-0.005952357472481129,0.0036057929317068194,-0.022928633587091074
2025-08-22,0.004184041987419951,-0.0005618026365431517,0.0249307426154195,0.0,0.0,0.0,0.013473059951509603,0.04071859564948488,0.00026656644084943615
2025-08-25,-0.02499996601716936,-0.016301086731383974,0.0,0.0,0.001736342994523854,-0.000823062870831226,-0.013293949769275892,0.04718052544124851,0.01279674036542544
2025-08-26,0.014957378158888313,0.023698630233885742,-0.005405404282743387,0.0,0.0,0.000823740861349398,0.0,0.021978168209824567,0.006843995847451323
2025-08-27,0.008421039951995057,-0.005044802638291879,0.005434781473797612,0.0,0.0,-0.013991817179896282,0.0029940397775147787,-0.010752758176979071,-0.00235290260419474
2025-08-28,0.0,-0.01408432934319781,0.01621621284823016,0.0,-0.003466666666666618,0.021702877968703183,0.0,0.058695720016839426,-0.009171957290257882
2025-08-29,0.0,0.0034286214755634425,0.005319147849051964,0.0,0.0,-0.011437903463158983,0.005970125397242176,0.04722793307796147,0.006876363163647037
2025-09-01,0.0020875485790146087,0.0051252422950835985,-0.00264550210768022,0.0,-0.010034787262510059,-0.00413223558122322,0.004451040559632302,-0.019607970793314777,-0.013396334402124288
2025-09-02,0.0,0.0,0.0,0.0,0.0,0.0,0.0,0.0,0.0
2025-09-03,-0.01979160055263407,-0.008498591153847657,-0.04244030965151768,0.0,-0.03365319637788888,-0.014937740667358312,-0.013293949769275892,0.04200018125120364,0.0433971819468999
2025-09-04,0.004250844296466605,0.0,0.005540165025648802,0.0,0.0,0.015164260457484424,0.0,0.051823376751907846,0.03980587334799823
2025-09-05,0.0,0.0,-0.008264461060350725,0.0,0.04741258741258747,0.005809083783616442,0.011976079745187995,0.0036496587756160714,-0.021840327549319638
2025-09-08,0.009523782209512444,-0.006856890743743405,0.005555554369657267,0.0,0.0,0.02310230107353828,-0.0014793428433309552,0.018181758457774144,0.007777139175056291
2025-09-09,-0.005241016801451948,0.005753428414441597,0.005524860705622414,0.0,-0.03858993190012017,-0.024193492051477583,0.0,0.007142903853741389,0.009836412602225675
2025-09-10,0.004214798048375101,-0.0017163898244164644,0.013736260836318959,0.0,0.02013888888888893,0.012396706743669661,-0.0074073585369353045,-0.00709224463222613,0.018788498845813795
2025-09-11,0.015739866301773375,-0.005730704569481326,-0.018970185751253976,0.0,-0.023008849557522137,-0.00816327345535206,-0.002985102262600736,0.0035714519268705835,0.017471642731056836
2025-09-12,-0.020661178878586872,0.0,-0.011049721411244606,0.0,0.09392419175027866,0.0,0.0,0.003558742050716379,0.007631588011042245
2025-09-15,-0.050632944900672494,0.00806944191491521,0.01117318195917072,0.0,0.0,0.0,-0.004491019983836497,-0.00709224463222613,-0.0002365943475337584
2025-09-16,0.0,-0.0051461074926564265,0.002762430352811096,0.0,0.0,-0.004115230479411314,0.004511280233517878,-0.007142903853741389,-0.01893947605538837
2025-09-17,-0.019999944233305533,0.01436810857058779,-0.0055096407069005204,0.0,0.0,-0.03636365627049731,0.0,-0.010791262342685237,-0.0033784273793376896
2025-09-18,0.024943416725022427,-0.008498591153847657,-0.024930742615419388,0.0,0.0,-0.005145820385461519,-0.004491019983836497,-0.0272728152446301,-0.013801262946589565
2025-09-19,0.0066370745438344425,-0.07142871398870287,-0.017045450824208386,0.0,0.0,0.012931048114898536,-0.01203010719701747,0.02803747615163954,-0.03044443093084137
2025-09-22,0.03846155118935468,0.040615541198336214,0.005780345537000686,0.0,0.0,0.022127699950078128,0.016742805171527708,0.0,0.006583937982088894
2025-09-23,0.010581968430317445,0.005322250707593179,0.04310343875765277,0.0,0.037961783439490526,0.024146551752666,0.0,0.0,0.0
2025-09-24,0.0020942115609854373,0.009411680960143665,0.02754820353450249,0.0,0.0,0.0032520191831930667,0.0,0.012727177653051092,0.006289195842897666
2025-09-25,-0.0020898350043586644,0.00017564190411145653,-0.0026809645951152428,0.0,0.0,-0.0024311703138075735,-0.002993960412643326,0.032316015598803816,-0.0024999354569086307
2025-09-26,0.0,-0.0029257137685774204,-0.008064514463097971,0.0,0.06774668630338732,-0.0024370125229892237,0.0015014755647229094,0.043478290406620435,-0.010024904289901215
2025-09-29,-0.012565479585904482,0.005868477314427301,-0.02439023882304092,0.0,0.0,-0.010586296917222127,0.0,0.0,0.013670673035189207
2025-09-30,0.01802753308736138,0.02975503774560595,0.047222212142085995,0.0,-0.14954022988505744,-0.008230460958822516,0.014992483609037599,-0.1666667751743175,-0.0619380537856401
2025-10-01,-0.03645824456408031,-0.022096411452834253,-0.05305038706439713,0.0,0.17583457223949184,0.016597527217421026,-0.017725266359034486,0.2740000617191598,0.048988351291146426
2025-10-02,0.0010811744660514933,0.0,-0.014005599226113441,0.0,0.0,0.006530585488260687,0.0,-0.02197793690076877,0.007868133888816242
2025-10-03,0.008639187108168356,0.0005796047403845428,0.008522725412104304,0.0,0.0,-0.009732403131785028,0.0,0.02728726180360974,0.001259045133019443
2025-10-06,0.008565405768607093,0.001736859300655258,0.008450702396043397,0.0,0.0862068965517242,0.011466090485465097,0.0,0.045312492132135285,0.0
2025-10-07,0.010615561932138862,0.0,-0.016759772938755968,0.0,0.05820105820105814,0.003238853100588468,0.0,-0.005979112519277741,0.0
2025-10-08,0.007352944277683182,-0.0023121124799203585,0.0,0.0,0.0,0.0008070375118636175,-0.0015037335035363864,0.052631633050911564,0.00892895370523128
2025-10-09,0.006256639449611745,0.01390517998327323,-0.0028409084707013976,0.0,0.014999999999999902,0.012096787117602092,0.001505998123370711,-0.04714288723712334,-0.005749987756890396
2025-10-10,0.0010361508571570255,0.0,-0.014245011126280849,0.0,0.06354679802955654,0.003984067950672632,0.0,0.01949031007893809,0.0
2025-10-14,0.0,0.008571329370866465,-0.002890172768500343,0.0,0.0,0.005555593748521437,0.007518826963499592,0.02205875225086551,0.0
2025-10-15,0.005176015277719159,0.002266378855599882,0.008695650237020347,0.0,0.02825382121352482,0.00789266782516096,0.005970125397242176,0.020143947668269435,-0.0005027718191692454
2025-10-16,-0.005149362100814847,0.020350360796820066,-0.008620687751530576,0.0,0.08108108108108114,0.047768190924011744,0.00890215977762332,0.03243999318192392,0.031446584157524216
2025-10-17,0.016701536438270548,0.0011081338977558808,0.008695650237020347,0.0,0.09166666666666656,0.02017934709383362,0.010879295502036257,0.002732258480457439,-0.0048781612443074
2025-10-20,-0.006160165949997465,-0.002213588161650848,-0.01724137550306115,0.0,0.10229007633587783,0.004395623921475522,-0.023916228415344687,-0.00408722037814635,-0.010049139048729616
2025-10-21,0.0061983488072663295,0.0,-0.014619879755898624,0.0,0.024930747922437657,0.010940930260043391,-0.0015313893330408668,-0.015047778736460016,0.0
2025-10-22,0.004106743231298893,-0.0016639877201904962,0.02077150861658117,0.0,-0.17229729729729726,0.011543964436083964,0.009202428499086812,-0.012500013563456314,0.022530390906539743
2025-10-23,0.0010224612703986224,0.0027777458910329678,0.03197673704275661,0.0,-0.1428571428571429,0.01283885894932757,-0.004559258003755007,0.012658241757109723,-0.009443138443492094
2025-10-24,0.021450568607389364,0.0005541236193238319,-0.0028169007986811323,0.0,0.04761904761904767,0.02464784032222389,0.0015267133479694994,-0.013888911494649436,0.008799773228785002
2025-10-27,-0.020000137377255145,0.024363065441903586,0.005649716287685402,0.0,0.09090909090909083,0.020618578362805673,-0.007622008890849297,-0.08450704419077337,0.0055732389405096505
2025-10-28,0.0,0.01264450143941609,0.014044940788481064,0.0,-0.020916666666666694,0.013468027331607901,-0.00921656502522572,-0.006152008355222893,0.03614449306619849
2025-10-29,0.003061327210340359,0.028938831609416127,0.00277008251282429,0.0,0.09796578432207004,-0.016611312553031832,-0.006201533520430957,0.03405573597859046,0.0023256821179253873
2025-10-30,-0.0010172605159115555,0.007812680755734824,-0.005524860705622303,0.0,0.09883720930232553,-0.033783749820714526,0.004680254892940772,0.017964155895190403,-0.02041752639906136
2025-10-31,-0.0040733883014015815,-0.015504021279170166,-0.011111108739314424,0.0,-0.03717813051146379,-0.027272740229855597,-0.001552870795974104,0.0,0.02415902618488608
2025-11-04,-0.005112408140074187,0.006299422322082249,0.011235952630784807,0.0,0.0,0.007189079877924609,-0.010886439971956374,-0.04411770619350275,-0.01711379790479206
2025-11-05,0.0,-0.005738171757378119,0.01666666310897158,0.0,-0.047479484173505226,-0.006423974769923624,0.006289290828185079,0.02615381772361025,-0.009411887854628098
2025-11-06,-0.001027817681963139,0.007345023447796972,0.0,0.0,0.0,-0.0014368123235830588,0.018750029224740672,0.03748128856488275,0.009501313148452928
2025-11-07,-0.0020575455233227125,-0.004166522504294612,0.019125679044436295,0.0,-0.023076923076923106,0.015827310385843507,-0.030674919935959832,0.011560676919021295,-0.008235366381242004
2025-11-10,0.010309143982468738,0.006799113459379891,-0.0026809645951152428,0.0,0.04330708661417315,0.02053825083310734,-0.0031644667957947403,0.0,0.008303750811513355
2025-11-11,0.003061327210340359,0.0,0.016129028926195943,0.0,0.0,-0.009715471389079244,0.01746026884052365,0.007142890525506873,0.01684495574581346
2025-11-12,0.0030518828180698954,-0.01298695937157024,-0.005291004215360551,0.0,-0.007547169811320753,0.012613859848969344,-0.01716063946204116,0.03546094968165647,0.004640504473478968
2025-11-13,0.0030425971680503316,0.025263138025454213,-0.005319147849051964,0.0,0.0,0.017301056364474876,0.0,0.024657582809208822,0.010392698280817125
2025-11-14,0.0010110890652201832,-0.011807016048173247,0.04278073987289144,0.0,0.0,0.036054431530805786,-0.001587379066972927,-0.026738026560403694,0.005714333918826364
2025-11-18,-0.018181823666597374,-0.002077744129642456,0.015384612353206428,0.0,0.0,-0.014445148736232705,0.0015899028454684494,0.02335175798843281,0.004545401499677082
2025-11-19,0.004115193463047895,0.011972857986014107,-0.017676764246483123,0.0,0.0,-0.0339773961541715,0.0,-0.002684576074895473,0.012669626830729142
2025-11-20,0.0,-0.00720165752168811,-0.023136242216110547,0.0,0.0,-0.03448272469180791,0.0015872971673203118,-0.01749671575131584,0.018990331142375583
2025-11-21,-0.03688525844221302,-0.005181536431767442,-0.02105262732153934,0.0,0.0,-0.002142830210077107,0.0,0.006849347138156769,-0.007893001368741825
2025-11-24,-0.01382965091219479,-0.02760403411246104,-0.024193543389294025,0.0,-0.03041825095057038,-0.012168974680467626,0.0,0.017687090647344306,-0.03314927021037384
2025-11-25,0.0204961929857983,0.016830649211964754,0.01652892212070145,0.0,0.027450980392156765,-0.025362345061347713,0.0015846998780402188,0.0026737439053503564,0.0009141833949084521
2025-11-26,0.012684887312618631,0.011634051457227068,0.0,0.0,0.003740458015267123,-0.028996222364228053,0.003164630076762487,0.00400001875008793,0.007764377725731242
2025-11-27,0.0020877180330580725,0.0010456515220675922,0.010840106143573669,0.0,0.0,-0.0007657131549411167,-0.006309130807445662,-0.003984082346002005,0.002945739576986073
2025-11-28,0.030208377296374378,0.005221842449935066,0.008042893785345617,-0.06999999999999995,0.0,0.015325686056301135,0.0,0.0,0.0065522297666336105
2025-12-01,-0.009100204210800933,0.0,0.007978721773577835,0.0,0.0,-0.004528321796727797,0.01746026884052365,0.03866665260410085,-0.003591338896848484
2025-12-02,0.001020577843922288,0.0,-0.0026385218924526166,0.0,-0.000684462696783017,0.021228193929260897,-0.00936042929167924,-0.00641839004954603,0.004730762772688912
2025-12-03,-0.00815497941543275,-0.004155899697876442,-0.04761903793824451,0.07526881720430101,0.03866057838660586,0.04008911297680684,0.0015748801816986013,-0.1602067621965364,-0.04708524011148252
2025-12-04,0.01747167285973039,-0.0036514555157403095,0.05833332088140053,-0.06999999999999995,-0.0592028135990621,-0.02212708886470549,0.0031446454140926505,0.1907692929459257,0.055058800431552424
2025-12-05,0.0030303039444328217,0.00785337504371686,0.0,0.0,-0.012071651090342694,-0.024817529215930167,0.009404443728451506,-0.009043969298197174,-0.002007135687203565
2025-12-09,-0.0030211489448684903,0.009350510714669413,0.01574802831974642,0.0,0.024832479306267308,0.009730594931901315,0.001552710557526371,0.009126509166902386,0.005363156236315225
2025-12-10,-0.008080743482297481,0.01646959962375738,-0.020671830520536782,0.0,0.0,0.0,0.006201613515445681,-0.010335964912225326,0.022449552439177012
2025-12-11,0.005091583316564563,-0.007595114674906034,-0.01583113135471559,0.0,0.011538461538461497,-0.021497411813480194,0.0030815760216957866,0.010443912828769886,0.010869481800651393
2025-12-12,0.013171297162477558,-0.0025508735229849977,0.0,0.0,0.0076045627376426506,-0.0022727758754557126,0.0,-0.009043969298197174,-0.0053763895404722595
2025-12-15,-0.0070000679917864295,-0.002557604767938426,-0.01072385838046086,0.0,0.0,-0.003796511208622122,0.0030722675994774296,0.007822722143059124,-0.007783693821079907
2025-12-16,-0.0030211489448684903,-0.019999825128130033,-0.02439023882304092,0.0,0.0,-0.008384093059238595,-0.006125557332163467,0.0025873340523039356,-0.019394261725937056
2025-12-17,-0.004040371741148685,0.00261627984167645,0.00833333155448579,0.0,0.0,-0.019984662913075213,0.012999367800301309,0.0038708595370933185,0.017111113389296495
2025-12-18,-0.013184554074148314,0.002087498663863041,-0.01652892212070145,0.0,0.0037735849056603765,-0.007058814878413533,-0.007824788526971105,0.0,-0.014201386938142213
2025-12-19,0.004110963794441869,0.0,-0.011204479380890753,0.0,0.0,-0.007898902293424936,0.03312310474705482,0.0025707061879269855,0.008421932178395819
2025-12-22,0.00307052330235269,-0.0010414164701743056,0.0028328605731029466,0.0,0.02857142857142847,0.0,-0.012213745835074508,0.0,-0.0026373320599702987
2025-12-23,0.003061327210340359,0.04014580425955949,0.016949148863055985,0.0,0.008845029239766156,0.046859421734795514,-0.0030912302415812,-0.0025641146026514905,0.013662468526323357
2025-12-24,0.007121026152051346,0.0036727008788721704,0.0,0.0,0.0202159263821462,0.0007936507936507908,0.0,0.006426765469817575,-0.027174053335268233
2025-12-25,,,,0.0,,,,,
2025-12-26,,,,0.0,,,,,
2025-12-29,0.006122552840323925,0.0025000116284312757,0.02499999466345737,0.0,0.0,0.0,0.0,-0.007731931842164141,-0.013157917887737458
2025-12-30,-0.006085295298311033,-0.007979905344594918,0.013550132679467142,0.0,0.0,-0.033489096573208754,-0.01705429129130409,-0.006493536553125567,-0.03333343733744709
2025-12-31,0.0,0.0,0.0,0.0,0.0,0.0,0.0,0.0,0.0
2026-01-02,0.0,-0.02161885878251335,0.026737962420557038,0.0,0.004042553191489384,0.0,0.020504801729331223,-0.007843109971598539,0.000919714113051251
2026-01-05,0.006122552840323925,0.009763432474883427,0.052083389617182396,0.0,0.017447199265381075,0.00725221595487513,-0.010819189578505695,0.02766791934868773,0.03192464039448817
2026-01-06,0.026369108148296627,0.0,0.0,0.0,0.00041655095806714115,0.007200000000000095,0.004687521793634408,0.01153851571193143,0.0008900848352901836
2026-01-07,-0.011857613029632286,0.0,-0.027227779271305153,0.0,0.002775850104094424,0.024622716441620396,-0.004665651450777353,0.0,0.000667259885682725
2026-01-08,0.0,0.0,0.01526723776636274,0.0,6.920415224920262e-05,0.0046511627906977715,0.003124962289666522,0.0025348660113517774,-0.011272916749312745
2026-01-09,0.009999969139891984,-0.007633417304011236,0.007518795061683958,0.0,0.0,0.007716049382715973,0.004672919097671535,0.03413398042730065,0.014646132273668178
2026-01-13,0.001980132831528758,-0.004615488165344517,0.027363177105283576,0.0,0.0,0.006125574272588086,-0.00775192231361066,0.045232245670841165,-0.005551787836166722
2026-01-14,-0.014822139247446908,0.02421426631254442,0.029055682864181698,0.0,-0.017853435748391155,-0.003805175038051778,-0.0031250406488011473,0.009356768963304951,0.007369304750284078
2026-01-15,0.015045140413655567,0.0055332450951999235,0.018823464602133466,0.0,0.056859015007397984,-0.005347593582887722,0.0,-0.0011587539276269876,0.0031035655788782535
2026-01-16,0.007968129449568151,0.025012519462072946,0.04618936824600728,0.0,0.0,0.009984639016897168,0.003134837142298119,0.0011600981959680734,-0.0017680548028013998
2026-01-19,0.0039526189296503755,0.029770775304685193,0.0022075616904357886,0.0,0.0,0.015209125475285079,0.015624968166601638,0.013905047131523851,-0.004648987697988383
2026-01-20,0.001968528621332899,0.01421778462837242,0.019823840493892186,0.0,0.030000000000000027,0.01048689138576786,0.016923104698377323,0.03657126109617237,0.0008894625213120566
2026-01-21,0.0,0.023364688674153866,0.012958959698174288,0.0,0.0,0.000741289844329085,0.021180002365616124,0.02976850083271998,0.011111335388524601
2026-01-22,-0.0019646611296679772,-0.018265013485930126,-0.06183372643055196,0.0,0.0,0.0007407407407407085,-0.00888885619861779,0.006424013094781911,-0.0052746687590158325
2026-01-23,0.001968528621332899,0.009767599753594869,0.03409084293542297,0.0,0.0,0.009622501850481191,0.014947652631131625,0.010638347606969134,-0.0035352396296941535
2026-01-26,-0.0019646611296679772,0.012436478311872445,0.0329670836967344,0.0,-0.029126213592232997,-0.008797653958944274,0.008836565635034876,0.047368331781962425,0.0068734891517032715
2026-01-27,0.0039369600361762735,0.003788981489830423,0.002127713611491888,0.0,0.00019999999999997797,0.04659763313609466,-0.00437958235062208,0.030152073580748562,0.040519693558340064
2026-01-28,0.027451035449675976,-0.0018191899192294692,-0.006369479404726319,0.07526881720430101,0.014797040591881583,0.02473498233215543,0.0,0.06634150040910969,0.02116427835928536
2026-01-29,0.0019084208658413093,-0.022778975925885403,-0.008547006675768576,0.0,0.0,-0.010344827586206917,0.0014662579772817264,-0.03019214490842881,0.025906670867401838
2026-01-30,0.001904691674155412,0.0,-0.008620687751530576,0.0,0.0,-0.020905923344947785,0.007320629488521524,-0.09528297515017692,-0.008080856256307833
2026-02-02,-0.026615928888501728,-0.02284377627587275,-0.028260918955978487,0.0,0.0,-0.014946619217081847,-0.00872089823626332,-0.06152242226602567,-0.02240325068883997
2026-02-03,-0.003906298977024547,0.0019083949278333456,0.011185737708788501,0.0,-0.031198686371100126,0.0,-0.011730210885252168,0.04111103238302993,0.0
2026-02-04,-0.02549012962970132,-0.009999965446532588,-0.015486778824357228,0.0,0.08135593220338988,-0.0036127167630057855,0.0014836616412154946,0.005336197648591945,-0.014999923306030283
2026-02-05,0.014084484651732065,-0.02501209468270238,-0.024719039292190548,0.0,0.0,0.04060913705583746,-0.025185179241499545,-0.056263254781984795,-0.047165941380320375
2026-02-06,-0.015873018983427634,0.0039467152669168115,0.03225805690042982,0.0,0.0,-0.037630662020905925,0.024316121468722862,0.02587174428167982,0.01442848907802019
2026-02-09,0.0,0.01474204929916878,0.004464284693263432,0.0,0.0,0.0,0.0,0.026315772566380735,0.006564524982328512
2026-02-10,0.004032209088275396,0.0024212805632253254,-0.015555608936793308,0.0,0.0,0.03910209992758862,-0.005934720971162988,0.014957316455437297,0.012291332236015196
2026-02-11,-0.026104349773041213,-0.008212722392397565,0.006772065677206562,0.0,-0.059561128526645746,-0.04181184668989546,-0.001492519326965147,0.03263158684646039,0.03293857649336096
2026-02-12,0.004123661166822723,-0.020944670611180327,-0.020179424995052098,0.0,-6.666666666665932e-05,-0.018181818181818188,-0.005979076044932752,-0.012232457304363842,-0.0308461722825778
2026-02-13,0.03901435726806213,0.019900274003813,0.002288387733538455,0.0,-0.03326888459230615,0.01703703703703696,0.004511299175129269,0.016511924483745277,0.00645165056157504
2026-02-16,-0.029644251609539207,0.0,0.020547881916027633,0.0,0.0,0.0,-0.013473116267085805,-0.015228477729243628,-0.006410293587352456
2026-02-17,0.016293282709364032,-0.023902293794291984,-0.02684563296871212,0.0,0.051724137931034475,-0.0036416605972323657,0.009104746823931809,-0.011340144326363877,0.0043011289873449154
2026-02-18,-0.0030060003234003707,0.03448269609826138,0.018390801348818986,0.0,0.0,-0.015350877192982448,0.0,0.03128248748717821,0.023554597631642693
2026-02-19,0.003015063605573687,0.021738986492236823,0.0451468346759738,0.0,-0.0151475409836066,0.03563474387527843,-0.007518781683013787,-0.029322451881419798,-0.002092117990978859
2026-02-20,0.018036100900117757,-0.007092025552525083,-0.002159881941207198,0.0,0.0,-0.017921146953404965,0.0,0.04062493292468128,-0.014675110477750941
2026-02-23,-0.00393705724266602,0.0,0.008658006737849444,0.0,0.02070710433450973,0.051094890510948954,-0.015151560051514523,-0.016015973058904343,-0.0029786844107051458
2026-02-24,0.0,-0.013236473565253593,-0.012875533649681747,0.0,0.0,-0.000694444444444442,0.0,-0.004069189736502055,-0.01131029564674313
2026-02-25,0.0039526189296503755,0.004842652224112509,0.013043475355530632,0.0,0.0,0.0034746351633079264,-0.004615329064784013,-0.004085815695796691,0.013598180637247381
2026-02-26,-0.015748034557684698,-0.012530255023079251,-0.03433475639915129,-0.004000015258789014,0.0,0.0041551246537396835,-0.01854714891543019,-0.011281989542031745,-0.03960806723209065
2026-02-27,-0.03299996948260575,0.012689254619514534,-0.0044444434324778515,0.0,0.0,-0.026206896551724146,0.00787399957968904,0.051867190702931776,-0.018625471712557684
2026-03-02,-0.06721827560892213,-0.05542162656734673,0.01785713877305417,-0.03413656202778281,-0.00195694716242667,-0.033286118980169976,-0.025000011753870233,-0.014792949272029898,-0.030953308550990433
2026-03-03,0.08647449503924531,-0.015816487466363438,-0.028508821698135067,0.0,-0.019607843137254943,0.02124542124542117,-0.030448752723482242,-0.06406408774429417,-0.04546531124779707
2026-03-04,0.0,0.0,0.0,0.0,0.0,0.0,0.0,0.0,0.0
2026-03-05,-0.02857138538113735,0.03836178867502915,0.06997747232032792,0.14345117972490717,0.0,0.0,0.08099175677406323,-0.10053468808956245,0.030288275826297895
2026-03-06,0.023109222556903397,-0.06889671119040819,0.02320680007933218,0.0,0.014666666666666606,-0.05308464849354377,-0.021406700157665326,-0.019025034339467006,-0.01493598162051446
2026-03-09,0.02464066270585219,0.07077747631237252,-0.014433038694575684,0.0,0.0,0.007575757575757569,0.015624968166601638,0.020606131342070233,0.028880843536816414
2026-03-10,,,,,,,,,0.03552429544296931
2026-03-11,,,,,,,,,0.0396232839777213
2026-03-12,-0.009901016239274196,-0.02450014929011124,0.027999994262149386,0.0,0.0,-0.012057272042200418,-0.016272215138680268,-0.0411899576858743,-0.04444456586512535
2026-03-13,-0.029999981235259154,-0.02614027631756133,-0.005836524876595028,0.0,-0.0013140604467805073,0.0,-0.040601541749558434,-0.047732683408205356,0.013451890356869223
2026-03-16,0.0134020769706642,0.03421047317936998,0.02348336006324958,0.0,0.0,-0.009153318077803174,0.04231979048996948,-0.026315878035744422,-0.010348635047170762
2026-03-17,-0.05188198980794401,-0.0025443445907965545,0.04015290486027556,0.0,0.0,0.004618937644341736,0.007518781683013787,-0.06563704113108193,-0.025460425967830047
2026-03-18,0.008583692351513905,0.0,-0.007352939791554602,0.0,0.0,0.0,0.0,-0.06473824504256631,0.014228966838016222
2026-03-19,-0.04255319819568515,-0.04285732439350676,-0.00925921006643693,0.0,0.0,0.0,0.0,-0.07805594082442724,-0.012879306003799607
2026-03-20,-0.044444451760132675,-0.08848601482197493,0.05420554662075361,0.0,0.0,-0.06053639846743297,0.014925417821204823,-0.05750802410245459,0.04846210374194726
2026-03-24,0.17209299548072932,0.09298229684444692,-0.047872286311199885,0.0,0.0,-0.0171288743882545,-0.01470592573515983,0.12711857884184097,-0.009999931882983426
2026-03-25,0.033730189834276114,0.02300694115840307,0.022346363385369994,0.0,0.0,0.004979253112033177,-0.007462671485343408,-0.007518749514011658,-0.006958425747319086
2026-03-26,0.04798458178694198,0.01202929842801903,-0.016393485456795864,0.0,0.0,0.011560693641618602,0.012030080858143055,-0.02272727609010272,-0.00791133758924667
2026-03-27,-0.047619013165254964,-0.04989351759004712,0.02407411694210504,0.0,0.0,-0.024489795918367308,-0.0044576730083990546,-0.031007706164212223,-0.0075188351823474164
2026-03-30,0.0,0.025136607484475437,-0.0018083641660041616,0.0,0.0,-0.06945606694560669,-0.014925342970686817,-0.04000005625018899,-0.024334356757800046
2026-03-31,0.019230725401571114,-0.004264229391689467,0.014492750933059684,0.0,0.0,0.05755395683453246,-0.007575742033450128,0.10000001627609723,-0.007293880437123312
2026-04-01,-0.0037735391988834577,0.017130498825475238,-0.05714284668758962,0.0,0.0001315789473683715,0.025510204081632626,-0.006106872917537309,0.04848486552318709,0.022516930464532514
2026-04-02,0.0,0.0,0.0,0.0,0.0,0.0,0.0,0.0,0.0
2026-04-03,0.0,0.0,0.0,0.0,0.0,0.0,0.0,0.0,0.0
2026-04-06,0.03787879496397162,0.01578947479189674,0.03598489001579419,0.0,-0.010261807656887223,0.03316749585406309,0.018433110853420143,0.0028901126381162268,-0.02874352140595937
2026-04-07,0.001824750263777819,-0.012953455098988154,-0.016453425060519278,0.030000000000000027,0.02352784793300544,-0.008025682182985605,0.004524908098322955,0.008645562946952179,-0.01742240854059718
2026-04-08,0.010929009425455494,0.021522498518311783,-0.04089218552066831,0.0,0.0,0.00728155339805836,-0.0180180268369452,0.044285726144013715,0.015788182065013423
2026-04-09,0.009009033056195381,-0.006680537619814686,-0.009689870914243559,0.0,0.0,-0.017670682730923648,0.00764524457904292,-0.0205197721515622,-0.0015469397845288002
2026-04-10,0.0,0.0,0.0,0.0,0.0,0.0,0.0,0.0,0.0
2026-04-13,0.0,0.0,0.0,0.0,0.0,0.030253475061324586,0.0,-0.03072635965812287,0.0
2026-04-14,0.0,0.0,0.0,0.0,0.0,-0.0031746031746031633,0.0,0.0461095283348687,0.0
2026-04-15,0.016071365270662774,0.03259196524792496,-0.07240707698967774,0.058252427184465994,-0.00649350649350644,0.0,0.015174552673245634,-0.004132245578870486,0.0009608155434366328
2026-04-16,0.0017574913600784114,0.009518961343474741,0.042194083706170726,0.0,0.003986928104575238,0.0,-0.020926728676064266,0.013831306283809575,0.005279508193286153
2026-04-17,-0.017543820132245536,-0.01042184701248916,-0.014169985693744502,0.0,0.00253889720721312,0.014331210191082855,0.015267144011519074,0.017737126467738173,-0.00811633771104947
2026-04-20,-0.010714331693946422,0.0005015480105881043,0.0,0.0,0.0,-0.007064364207221341,0.006015040429071528,-0.014745332439240477,-0.0012034750712829334
2026-04-21,-0.018050500970994254,-0.007017550892577495,0.03901431085780671,0.0,0.0,0.002371541501976271,0.0,-0.028571409590590457,0.011566286999040054
2026-04-22,0.00919111005894302,-0.003533673398429582,0.007905136739183138,0.0,0.0,0.0007886435331230235,-0.004484325774299802,-0.018207312796491126,-0.007146226252319754
2026-04-23,-0.023679355518999134,-0.02178314774977763,0.011764703518763131,0.0,0.0,-0.014184397163120588,0.0,-0.0014265359083049933,-0.023272540080543913
2026-04-24,-0.022388063826650928,0.005178802620494638,-0.0016266775111833942,0.0,-0.01461038961038963,-0.0007993605115906854,-0.009008975768437177,-0.011428590561256557,-0.011299569424614186
2026-04-27,-0.007633589225013004,-0.006780255666410939,-0.03462321792260692,0.0,0.014892915980230681,-0.018399999999999972,-0.013636350857132995,-0.011560642658241527,-0.02161487532716455
2026-04-28,0.0,-0.020844166767438832,0.012658227848101333,0.0,-0.0006493084864619414,-0.0024449877750610804,-0.029185900082250416,-0.005847962818035679,-0.012188851150462088
2026-04-29,-0.048076955948821665,0.0010643735765896167,0.04166666666666674,-0.02752293577981646,-0.0029887596647391046,-0.04820261437908502,0.0031645187931788055,-0.04411764811479679,0.0
2026-04-30,0.008080809894615237,0.009037820579491651,0.040000000000000036,0.0,0.0,-0.012017167381974225,-0.0031545362040772407,0.046153847309543305,-0.010539873796583943
2026-05-04,-0.0020040332021721285,-0.023182332844205455,0.007692307692307665,0.0,0.0,0.011294526498696777,-0.014240493271350685,-0.002941181328065423,0.001298946633369935
2026-05-05,0.0,0.0,0.0,0.0,0.0,0.0,0.0,0.0,0.0
2026-05-06,-0.006024073089283988,0.011326890891523167,-0.05534351145038163,-0.009433962264150941,-0.022678396871945283,-0.07646048109965631,0.011235980381187227,0.010324500877431309,0.0015568786426589654
2026-05-07,-0.010101037308116512,-0.011733404549090443,-0.018181818181818188,0.0,0.015469760618790351,-0.0018604651162790198,0.0,0.10218973471457993,0.014766842015375259
2026-05-08,-0.010204008620494198,0.009174280394999457,-0.03292181069958844,0.0,-0.001904261606146207,-0.01584342963653307,0.022222192150004982,0.03973510147924242,-0.004850651862073008
2026-05-11,0.010309203825196844,-0.010160480850812004,0.025531914893617058,0.0,-6.578947368418575e-05,-0.029356060606060552,-0.009316813475668595,-0.005095549958937684,-0.008609028707657007
2026-05-12,-0.014285692690568674,-0.011885433798280998,0.022821576763485396,0.0,0.0032896901111916232,0.004878048780487809,-0.004702137806280593,-0.04609470308980024,-0.023624068158161315
2026-05-13,0.027950304208826937,-0.00328041242206345,0.028397565922920975,0.0,0.0,0.008737864077669855,-0.003149647217556284,0.009395923008735041,-0.001329477403565038
2026-05-14,0.009063508410914745,0.008776775530095593,-0.01972386587771202,0.00952380952380949,-0.020657092268345445,-0.016361886429258954,-0.004739279420372333,-0.0013297894790017528,0.03807247108310596
2026-05-15,-0.014970099424145844,-0.004350206974919502,-0.002012072434607659,0.028301886792452935,0.003816793893129722,0.001956947162426559,-0.015873062623941725,-0.03462049949890944,-0.030007707318340238
2026-05-19,-0.009118505448859393,-0.01146917305802475,0.06451612903225801,-0.01834862385321101,0.0007337735974919379,0.0068359375,0.004838732247459676,-0.024827560660628856,0.00264419066248589
2026-05-20,-0.03067482680079958,-0.016574567410585828,-0.03598484848484851,0.0,-0.00013331555792561733,0.005819592628516057,-0.02086676320981551,-0.007072147507316662,-0.045622462272966735
2026-05-21,0.014767908752440606,-0.002247143774937621,0.011787819253438192,0.0,0.009466666666666734,-0.0067502410800385215,-0.01147543557812536,0.06837604340730175,-0.0270793863490999
2026-05-22,-0.014552991501866064,0.011824243307148485,-0.011650485436893177,0.01869158878504673,-0.004953110553427509,-0.011650485436893177,0.0,0.02133336944450548,0.0036922098540577153
2026-05-25,-0.023206832815667378,0.005564824232801691,-0.003929273084479323,0.0,-0.004446804274241711,0.02946954813359537,0.0281923641660633,0.04830288837323926,0.03367297100364697
2026-05-26,0.03887695250528078,0.027195333820440037,0.07692307692307687,0.0,0.01333333333333342,0.043893129770992356,0.022580615676728977,-0.026151973197632628,0.020804765127927505
2026-05-27,0.002078925455276881,-0.012994000566779351,-0.005494505494505475,0.0,-0.0033552631578946945,-0.02468007312614262,-0.011040955814977771,-0.05370840556359335,-0.012335749665600693
2026-05-28,-0.004149327431120509,-0.009325387384557016,-0.007366482504604033,0.0,0.005940986203709864,0.004686035613870709,-0.00637958826096896,0.03513512711004663,-0.02715181274001488
2026-06-01,-0.004166616085539254,0.05149521588814654,0.06493506493506485,0.0,-0.002034254216155884,0.050373134328358216,0.06420540668466046,0.05483025059068747,-0.0011163976186314706
2026-06-02,0.0,0.0,0.0,0.0,0.0,0.0,0.0,0.0,0.0
2026-06-03,0.030334642340274165,0.011058347859594697,-0.024390243902439046,-0.00917431192660545,0.0,-0.011545293072824148,-0.004524832457526329,-0.04331678411623241,0.004750020394181487
2026-06-04,0.0071066382767439595,0.010937501450490883,0.0,0.02777777777777768,0.0,-0.018867924528301883,-0.007575742033450128,0.0012936631854409963,0.0075084133967460165
2026-06-05,0.012096726823086046,-0.03503345361998611,-0.06428571428571428,-0.05405405405405406,0.00604944765912685,0.0347985347985349,-0.03816793659344586,-0.13307496441660327,0.06872762250900011
2026-06-08,0.0,0.0,0.0,0.0,0.0,0.0,0.0,0.0,0.0
2026-06-09,0.05577690614697772,0.014415392885434253,0.08206106870229002,0.05714285714285716,0.003202614379084867,0.10176991150442483,0.03968253715546255,0.09538004390463528,-0.06126538610514565
2026-06-10,-0.02452823772150947,-0.0015789028230549507,0.01763668430335108,0.0,0.003322692032054153,-0.07228915662650603,-0.015267220576167362,-0.05986397856873571,-0.00634827204249333
2026-06-11,-0.04255324635928126,0.02793882693298655,-0.017331022530329254,-0.05405405405405406,0.0,0.017316017316017396,0.0,0.0549927867099087,0.04083337176241386
2026-06-12,0.0,,,,,,,,
2026-06-15,0.0,,,,,,,,
2026-06-16,0.03030301216495923,,,,,,,,
2026-06-17,0.0,0.010095860136512869,0.0,0.0,0.0,0.007525083612040184,0.012030080858143055,-0.028673881962452796,0.014473979512692026
2026-06-18,0.0,0.0,0.0,0.0,0.0,0.0,0.0,0.0,0.0
2026-06-19,0.0,0.0,0.0,0.0,0.0,0.0,0.0,0.0,0.0
2026-06-22,-0.0019607121693900886,-0.025487133808392737,0.023853211009174258,0.04761904761904767,0.012467532467532516,0.008298755186721962,-0.019316483680584362,0.02706031610888804,0.04458600197919327
2026-06-23,-0.0019646611296679772,-0.01487191663861942,-0.048387096774193505,0.1454545454545455,-0.017188301693175978,-0.018930041152263377,0.019696959680816084,-0.05628745883519182,-0.00024390856160405594
2026-06-24,0.001968528621332899,0.004131631594997298,-0.05649717514124297,0.007936507936507908,-0.011028452101279007,-0.005033557046979831,0.0,-0.03934010537597932,-0.016833315648213776
2026-06-25,-0.017681756135988547,0.0010417737196024568,-0.001996007984031989,0.10236220472440949,0.012603101286704055,0.007588532883642474,-0.020802424361289873,0.03434609613648254,-0.00843674020217966
2026-06-26,0.013999978074881847,0.004162245419766064,0.02400000000000002,0.17142857142857149,0.0035188322689951868,0.004184100418409997,0.016691985110593777,0.017879979019461034,0.0
2026-06-29,0.0,0.0,0.0,0.0,0.0,0.0,0.0,0.0,0.0
2026-06-30,0.00197241136956694,-0.02694301587124881,-0.048828125,0.16463414634146334,0.0,0.0,-0.011940304316756634,-0.007528243318607464,-0.005005031774486524
2026-07-01,0.001968528621332899,0.003727385191686805,0.002053388090349051,0.05759162303664911,0.0,-0.01666666666666672,0.001510555823181381,-0.01264224610243192,0.023641849260771952
2026-07-02,-0.013752530892164327,-0.006366074374396402,0.012295081967213184,-0.19801980198019797,-0.025974025974025983,-0.02627118644067794,0.015083001780811234,0.01920617838750993,-0.01130220425585593
2026-07-03,0.003984113908946707,0.007474671082162265,0.03238866396761142,0.024691358024691468,-0.005133333333333323,0.0,-0.010401212180644936,0.022613041437173687,-0.00994041123382694
2026-07-06,-0.01984132271826944,-0.01006883003153447,-0.045098039215686225,-0.06024096385542166,0.04328888293238631,0.013925152306353272,0.0,-0.008599523043194557,-0.008534054163198301
2026-07-07,0.02834013803460822,0.008565240217067283,-0.002053388090349051,-0.012820512820512775,0.0,-0.0042918454935622075,-0.009008975768437177,-0.05080541735350874,0.0025316091756082404
2026-07-08,-0.009842545900175304,-0.0138003777560054,0.04938271604938271,0.0,-0.0016057550260132336,0.004310344827586299,0.02575756850449884,-0.02610964010297523,-0.009740390356479778
2026-07-09,0.029821055602596624,-0.006458584312184046,-0.00588235294117645,-0.025974025974025983,-0.004503345342254272,0.029184549356223277,-0.02658793708794438,0.01742623652028996,0.0327448601698308
2026-07-10,0.038610047811768355,0.026002168351233923,0.0039447731755424265,0.0,-0.015380638490370968,0.033361134278565574,0.01062217926127973,0.05402020831566867,0.027991096114428293
2026-07-14,-0.022304837831936264,-0.0100316166716381,0.03339882121807469,0.0,0.012995536886321934,-0.0008071025020177647,-0.004504525534253956,-0.03125,-0.019036153593692484
2026-07-15,0.019011458246103174,0.005333250068651374,-0.01520912547528519,-0.06000000000000005,0.008746922379162969,0.007269789983844976,0.0,-0.005161290322580614,-0.015229584094963777
2026-07-16,-0.0037735849056603765,0.004774555780797218,-0.00579150579150578,0.0,0.020617894534009862,-0.004811547714514863,0.0075415387108039855,-0.03372243839169908,0.009478578653445924
2026-07-17,-0.0018939393939394478,-0.009503631369050414,0.01941747572815533,0.007092198581560183,-0.020012586532410337,-0.024174053182916988,-0.01946106784185475,-0.006711409395973145,-0.006424515104225037
2026-07-21,-0.013282732447817858,0.009594816972611664,0.00952380952380949,-0.007042253521126751,-0.0024402774210120493,0.0,0.0,0.03378378378378377,-0.008953001143075623
2026-07-22,-0.005769230769230749,-0.0015839559077631682,0.0018867924528302993,-0.07801418439716312,-0.0013518733101584024,0.0,0.0015266990882223386,0.01437908496732021,0.005018823052456378
2026-07-23,-0.013539651837524147,-0.010047635761189722,-0.01883239171374762,0.0,0.006639592599755106,-0.008257638315441795,-0.0015243718311375165,0.0038659793814432852,-0.006491888329391848
2026-07-24,0.0,0.0,0.0,0.0,0.0,0.0,0.0,0.0,0.0
2026-07-27,-0.04019607843137252,0.0026709514210114804,-0.030710172744721653,0.05384615384615388,0.02177254098360648,-0.0024979184013321776,-0.006106872917537309,0.024390243902439046,-0.013068517869620266
2026-07-28,-0.0040858018386108474,0.0031582713723121714,0.005940594059405946,0.051094890510948954,-0.01635748307846574,0.0008347245409014992,-0.006144395962837335,-0.010025062656641603,0.0007638421490319125
2026-07-29,0.0,-0.0005336025110410647,0.03149606299212593,0.0,6.37145587767396e-05,-0.016680567139282787,0.004636729095343295,0.0,0.0005089061069232237
2026-07-30,-0.006153846153846176,0.0010678795348089132,0.022900763358778553,-0.02777777777777779,-0.012487257900101967,0.004240882103477617,0.0015385201752065036,0.0151898734177216,-0.002034589012919419
2026-07-31,0.034055727554179516,0.03253333210563136,-0.001865671641791078,0.0071428571428571175,0.012903225806451646,0.01520270270270263,0.019969267620448372,-0.006234413965087282,0.019368101719673403
2026-08-03,-0.0119760479041916,0.0020660558216099023,0.0037383177570093906,0.06382978723404253,-6.369426751595686e-05,0.0033277870216306127,-0.004518093218290775,0.0,-0.008500101611675137
2026-08-04,-0.0010101010101010166,0.0,-0.020484171322160183,0.0,-0.0003184916236702584,0.014096185737976885,-0.0015128410540450332,0.013801756587201952,0.0025214334230074797
2026-08-05,-0.0030333670374115274,-0.0020617960359068377,-0.013307984790874472,0.0,0.00031859309290172,0.0016353229762877675,0.00151513320976715,0.051980198019802026,-0.007293766180893391
2026-08-06,0.013184584178498993,0.004648726935478242,0.06743737957610785,0.0,-0.0008917765462768124,0.004081632653061273,0.0,-0.009411764705882342,0.011654426882623081
2026-08-07,0.0,0.0,0.0,0.0,0.0,0.0,0.0,0.0,0.0
2026-08-10,-0.019019019019019034,0.0025707205360687713,-0.032490974729241895,0.0,0.0008925725215174207,-0.028455284552845517,0.0,0.013064133016627011,-0.008014028487563829
2026-08-11,0.0,0.002564028267996621,-0.007462686567164201,0.0,-0.0015287597936174402,0.028451882845188292,0.0030256821080900664,-0.004689331770222793,-0.00365960194224757
2026-08-12,0.011224489795918391,0.007161119057317311,-0.001879699248120259,0.0,0.00121212121212122,0.0032546786004881145,0.0015083531266388839,0.0,0.011692942819561347
2026-08-13,-0.010090817356205872,-0.008125916736305694,0.016949152542372836,0.0,0.0,0.006488240064882467,-0.0007733952049496784,-0.01648998822143699,-0.0005025942923009286
2026-08-14,0.011213047910295648,-0.018945166664004587,-0.0018518518518518823,0.0,0.0,0.00966962127316684,-0.003095975232198178,0.015568862275449069,-0.013071855509445118
2026-08-18,0.002016129032258007,0.013569851328084193,0.020408163265306145,-0.033333333333333326,-0.000446030330062408,0.01596169193934549,-0.009316770186335366,-0.002358490566037763,0.0
2026-08-19,-0.017102615694164935,0.0015448555663089003,-0.010909090909090868,0.006896551724137945,0.0,-0.0204241948153967,-0.0031347962382445305,0.022458628841607542,0.003056544323385868
2026-08-20,-0.013306038894575267,-0.00719793680663372,-0.009191176470588203,0.0,0.0,-0.001603849238171584,-0.0031446540880503138,0.016184971098266,-0.004316868173582233
2026-08-21,-0.0020746887966804906,0.009839481307363007,-0.016697588126159513,-0.020547945205479423,0.00031873525849435147,0.0008032128514057213,-0.01104100946372244,0.018202502844141044,0.0
2026-08-24,-0.0010395010395010118,0.02307685806783044,0.015094339622641506,0.04895104895104896,-0.0010833545755799534,0.043338683788122,0.0031897926634769647,0.033519553072625774,0.01479205234479819
2026-08-25,-0.002081165452653466,-0.0005012386406313407,-0.03159851301115246,0.1333333333333333,0.0,-0.01538461538461533,0.0015898251192367763,0.00540540540540535,0.004523796510892186
2026-08-26,-0.008342022940563076,0.007505919097274605,-0.01151631477927062,0.06470588235294117,0.0006379585326954373,-0.0015625000000000222,0.0,-0.003225806451612856,-0.007005217199671843
2026-08-27,0.001051524710830698,0.0,0.021359223300970953,0.0,0.0,-0.011737089201877882,0.0015873015873015817,0.0,0.009826121939240151
2026-08-28,0.007352941176470562,-0.01649999999999996,0.005703422053231932,0.03867403314917128,0.0,0.0,0.011093502377178988,-0.009708737864077666,0.002495024810446056
2026-08-31,0.007299270072992803,0.0005083884087442314,0.005671077504725952,-0.03191489361702127,0.00044628626075859934,0.002375296912114022,-0.039184952978056464,0.03376906318082784,0.002239943391425747
2026-09-01,-0.010351966873705987,-0.00101626016260159,0.03571428571428581,-0.07692307692307687,-0.009049197043079271,-0.012638230647709303,0.021207177814029254,-0.0273972602739726,0.0002483155506836088
2026-09-02,-0.006276150627615107,-0.0020345879959308144,0.003629764065335772,0.29761904761904767,0.005594855305466329,-0.0008000000000000229,0.0031948881789136685,0.01733477789815807,0.005461683196498646
2026-09-03,0.002105263157894832,-0.009683995922528,-0.027124773960216952,0.16513761467889898,0.0,0.019215372297838318,-0.0031847133757961776,0.014909478168264156,-0.0017283377046487525
2026-09-04,-0.0021008403361344463,0.0,0.0037174721189590088,-0.03937007874015752,-0.0009592632857965411,0.0204241948153967,0.0031948881789136685,0.01783840503672618,0.003710089833582453
2026-09-08,0.010526315789473717,0.01286670097786935,0.025925925925925908,0.11475409836065564,0.011394187684035328,-0.014626635873749017,0.009554140127388644,0.009278350515463885,0.0002464186258492873
2026-09-09,0.01041666666666674,-0.007113821138211351,-0.0036101083032491488,0.007352941176470562,0.0,0.0078125,-0.001577287066246047,0.013278855975485282,0.008785478629415922
2026-09-10,0.035051546391752675,-0.0030706243602866,0.010869565217391353,-0.07299270072992703,-0.003354430379746809,0.015503875968992276,-0.006319115323854652,0.009072580645161255,-0.007349338559529683
2026-09-11,-0.043824701195219085,0.0005133470225873182,-0.021505376344086002,-0.055118110236220486,0.006540928430812221,-0.03358778625954195,0.004769475357710551,0.018981018981018893,-0.014313919052319823
2026-09-14,0.027083333333333348,-0.015392508978963604,0.012820512820512775,0.050000000000000044,-0.030599369085173467,0.007109004739336511,-0.0015822784810126667,0.0019607843137254832,0.0007511266900350755
