Date,Celsia,Banco de Bogota,Ecopetrol,ETB,Nutresa,Banco Davivienda PF,Promigas,Mineros SA,Grupo Bolivar
2020-01-01,0.0,0.0,0.0,0.0,0.0,0.0,0.0,0.0,0.0
2020-01-02,0.0,0.0,0.0,0.0,0.0,0.0,0.0,0.0,0.0
2020-01-03,18024.0,1398.0,7724860.0,98534.0,16498.0,8898.0,10243.0,5183.0,189.0
2020-01-06,0.0,0.0,0.0,0.0,0.0,0.0,0.0,0.0,0.0
2020-01-07,63027.0,341.0,6097335.0,390501.0,11458.0,97445.0,0.0,47199.0,2349.0
2020-01-08,48427.0,341.0,15799402.0,773079.0,393360.0,98795.0,0.0,29428.0,3499.0
2020-01-09,87446.0,7707.0,2358976.0,982059.0,48828.0,99993.0,13142.0,66706.0,2797.0
2020-01-10,285957.0,9367.0,8254121.0,386084.0,347496.0,85412.0,25769.0,15383.0,2797.0
2020-01-13,169406.0,4356.0,3948381.0,369637.0,82499.0,29043.0,0.0,8155.0,150.0
2020-01-14,139082.0,10307.0,10348555.0,227637.0,661543.0,24025.0,11438.0,27255.0,18097.0
2020-01-15,148170.0,1535.0,10545147.0,523081.0,372125.0,167624.0,218.0,16276.0,4295.0
2020-01-16,49211.0,6931.0,4263274.0,731665.0,25625.0,65809.0,9201.0,42171.0,4295.0
2020-01-17,49211.0,6931.0,4263274.0,731665.0,25625.0,65809.0,9201.0,42171.0,0.0
2020-01-20,10562.0,1208.0,1249626.0,71084.0,10537.0,142302.0,0.0,32560.0,0.0
2020-01-21,88680.0,4891.0,4162755.0,1019438.0,158242.0,861148.0,5000.0,5067.0,3453.0
2020-01-22,39604.0,537.0,3946234.0,3825729.0,7254.0,5526.0,3640.0,25507.0,493.0
2020-01-23,391853.0,3038.0,5523224.0,317439.0,45047.0,77203.0,49994.0,38747.0,5000.0
2020-01-24,195439.0,7031.0,5848873.0,408983.0,59743.0,50271.0,1598.0,61030.0,1319.0
2020-01-27,219571.0,10487.0,17911845.0,345523.0,64001.0,109601.0,33391.0,101784.0,0.0
2020-01-28,307667.0,31883.0,9741845.0,41005.0,56592.0,119946.0,108896.0,103589.0,0.0
2020-01-29,233004.0,40131.0,6951412.0,63983.0,49153.0,77186.0,83731.0,104347.0,150.0
2020-01-30,113421.0,17727.0,9469906.0,196037.0,75263.0,159445.0,104281.0,40007.0,500.0
2020-01-31,667960.0,73980.0,19502919.0,231048.0,333386.0,225530.0,198328.0,235208.0,500.0
2020-02-03,60989.0,1296.0,7113412.0,160786.0,35954.0,144462.0,49468.0,171903.0,5473.0
2020-02-04,148308.0,30356.0,6751347.0,6541.0,122202.0,89364.0,5301.0,81888.0,3152.0
2020-02-05,97497.0,20320.0,8119290.0,38483.0,176569.0,122525.0,108110.0,37983.0,756.0
2020-02-06,130523.0,15655.0,6321212.0,1141511.0,40365.0,63027.0,48545.0,96085.0,508.0
2020-02-07,113743.0,6662.0,3225700.0,11279.0,132594.0,59968.0,7400.0,45645.0,11054.0
2020-02-10,63147.0,18507.0,2706843.0,1372989.0,165880.0,86563.0,4840.0,8915.0,806.0
2020-02-11,152463.0,7458.0,6594906.0,260787.0,196416.0,181589.0,274814.0,8542.0,345.0
2020-02-12,253356.0,65.0,11129921.0,17200.0,42342.0,167473.0,4400.0,43500.0,345.0
2020-02-13,66618.0,3469.0,5160683.0,5351.0,32247.0,58631.0,6358.0,1690.0,2447.0
2020-02-14,123323.0,16032.0,4912203.0,124283.0,34091.0,77691.0,51300.0,36678.0,571.0
2020-02-17,76499.0,43.0,881320.0,253.0,70642.0,22935.0,1000.0,10757.0,2583.0
2020-02-18,203087.0,14661.0,8252194.0,73047.0,204097.0,124846.0,8516.0,38952.0,4367.0
2020-02-19,151099.0,13230.0,9608802.0,2831522.0,44039.0,36269.0,6210.0,27053.0,33152.0
2020-02-20,1214259.0,5208.0,10651758.0,51192407.0,63705.0,40956.0,6423.0,93856.0,1459.0
2020-02-21,1459869.0,1276.0,7169948.0,1952784.0,191682.0,70440.0,13355.0,196693.0,6076.0
2020-02-24,440989.0,3187.0,7712437.0,788938.0,194342.0,235635.0,46083.0,709721.0,10250.0
2020-02-25,785390.0,12771.0,15117172.0,249330.0,166892.0,112317.0,26210.0,173678.0,6115.0
2020-02-26,289609.0,56178.0,16865710.0,1585685.0,67480.0,55147.0,2030.0,151277.0,4650.0
2020-02-27,502930.0,23025.0,29340734.0,670865.0,432076.0,167110.0,36990.0,189613.0,13943.0
2020-02-28,224707.0,14486.0,16511945.0,319963.0,247559.0,138703.0,882.0,139568.0,804.0
2020-03-02,139913.0,292.0,9566943.0,115220.0,150968.0,162116.0,1000.0,31480.0,9000.0
2020-03-03,279167.0,5070.0,9011373.0,377972.0,79849.0,147239.0,8050.0,37599.0,879.0
2020-03-04,365326.0,828.0,8163611.0,282205.0,143869.0,431289.0,8050.0,95187.0,879.0
2020-03-05,274847.0,2526.0,9583301.0,104445.0,129024.0,107733.0,12020.0,52819.0,204.0
2020-03-06,452799.0,7368.0,24604844.0,849953.0,47016.0,199430.0,3430.0,228938.0,4080.0
2020-03-09,1569232.0,8285.0,22069066.0,935157.0,79305.0,950391.0,14650.0,192051.0,1000.0
2020-03-10,933283.0,4349.0,20140007.0,756127.0,124306.0,271788.0,11620.0,84887.0,150.0
2020-03-11,370902.0,22157.0,13011176.0,329685.0,71104.0,283961.0,7400.0,135057.0,318.0
2020-03-12,512331.0,26488.0,10344282.0,82026.0,47881.0,158632.0,6660.0,100958.0,1109.0
2020-03-13,512331.0,26488.0,10344282.0,82026.0,47881.0,158632.0,6660.0,100958.0,1109.0
2020-03-16,611147.0,6080.0,10747456.0,127794.0,82374.0,137995.0,15950.0,61539.0,0.0
2020-03-17,41906.0,37722.0,13772260.0,305759.0,91495.0,531425.0,15950.0,149311.0,3165.0
2020-03-18,196685.0,7516.0,10864759.0,670636.0,103364.0,48997.0,1190.0,113077.0,285.0
2020-03-19,204795.0,6507.0,11059614.0,857279.0,74427.0,81724.0,1190.0,289471.0,4614.0
2020-03-20,756430.0,33673.0,23972474.0,120000.0,108760.0,218048.0,73671.0,41335.0,6864.0
2020-03-23,0.0,0.0,0.0,0.0,0.0,0.0,0.0,0.0,0.0
2020-03-24,13193.0,61000.0,11955457.0,414084.0,189175.0,88632.0,21070.0,175735.0,100.0
2020-03-25,195052.0,58815.0,11207523.0,798190.0,449115.0,107683.0,33490.0,358668.0,6399.0
2020-03-26,195052.0,58815.0,11207523.0,798190.0,449115.0,107683.0,33490.0,358668.0,6399.0
2020-03-27,174645.0,33530.0,10404293.0,208902.0,160787.0,235924.0,6684.0,175525.0,1608.0
2020-03-30,121350.0,8408.0,10355161.0,760810.0,145487.0,108641.0,21889.0,78660.0,2176.0
2020-03-31,172689.0,11960.0,12181603.0,2941062.0,262042.0,202491.0,6928.0,271576.0,2358.0
2020-04-01,427465.0,8279.0,7069486.0,485400.0,66242.0,84970.0,6928.0,118503.0,2309.0
2020-04-02,315196.0,7764.0,13563088.0,170261.0,156155.0,1329463.0,33210.0,180227.0,500.0
2020-04-03,32886.0,3760.0,16688585.0,166866.0,417367.0,151235.0,14512.0,238987.0,40.0
2020-04-06,15648.0,2414.0,10533034.0,290788.0,178627.0,53467.0,2200.0,321745.0,0.0
2020-04-07,431020.0,6039.0,10777565.0,328557.0,335980.0,245002.0,18984.0,84182.0,4368.0
2020-04-08,26466.0,13591.0,10307472.0,1062982.0,95798.0,67874.0,130910.0,36515.0,22116.0
2020-04-09,0.0,0.0,0.0,0.0,0.0,0.0,0.0,0.0,0.0
2020-04-10,0.0,0.0,0.0,0.0,0.0,0.0,0.0,0.0,0.0
2020-04-13,2983.0,5199.0,11564770.0,211140.0,37814.0,53480.0,80000.0,98740.0,2210.0
2020-04-14,238442.0,9051.0,8853810.0,883081.0,261669.0,122694.0,80416.0,233856.0,9120.0
2020-04-15,148860.0,4083.0,13033038.0,1702758.0,176002.0,54061.0,13500.0,30606.0,7675.0
2020-04-16,55099.0,5778.0,12347568.0,14550.0,175712.0,99290.0,12769.0,33162.0,2564.0
2020-04-17,76530.0,4342.0,16118621.0,166642.0,36683.0,52456.0,11100.0,59163.0,724.0
2020-04-20,20240.0,2360.0,16782644.0,2838834.0,67349.0,163710.0,8100.0,115429.0,276.0
2020-04-21,76808.0,17186.0,10735447.0,2519244.0,165894.0,73527.0,39990.0,45199.0,6478.0
2020-04-22,675967.0,6814.0,9170947.0,360819.0,190495.0,134683.0,31540.0,28589.0,1215.0
2020-04-23,55725.0,2171.0,11894067.0,349814.0,134915.0,92117.0,12389.0,414755.0,2376.0
2020-04-24,247782.0,838.0,6921465.0,137500.0,303126.0,22801.0,2300.0,124894.0,6218.0
2020-04-27,36617.0,12882.0,7096405.0,1348911.0,32840.0,27489.0,6210.0,27322.0,3725.0
2020-04-28,72733.0,19693.0,16011029.0,347738.0,388226.0,70322.0,14850.0,27062.0,328.0
2020-04-29,323406.0,31731.0,9963145.0,65868.0,249507.0,165859.0,1350.0,24780.0,3182.0
2020-04-30,63795.0,22051.0,12267171.0,701427.0,161266.0,13730.0,2160.0,40724.0,996.0
2020-05-01,0.0,0.0,0.0,0.0,0.0,0.0,0.0,0.0,0.0
2020-05-04,96928.0,8733.0,8665862.0,206115.0,34637.0,104154.0,1840.0,14050.0,402.0
2020-05-05,19547.0,8483.0,9909915.0,628978.0,50759.0,40768.0,3870.0,16187.0,402.0
2020-05-06,332159.0,15259.0,10692926.0,245476.0,40518.0,18628.0,17510.0,72874.0,800.0
2020-05-07,93832.0,9272.0,14827973.0,136213.0,576427.0,48780.0,44882.0,119824.0,800.0
2020-05-08,82927.0,10603.0,10319435.0,2356457.0,28689.0,37138.0,21060.0,38198.0,700.0
2020-05-11,106735.0,3320.0,6220042.0,136580.0,27784.0,66818.0,7560.0,47560.0,1907.0
2020-05-12,46795.0,3797.0,6818728.0,34559.0,26014.0,8581.0,2400.0,118158.0,223.0
2020-05-13,226252.0,12497.0,8963520.0,16544000.0,77978.0,111978.0,16180.0,158248.0,1899.0
2020-05-14,52100.0,1242.0,7392449.0,42458.0,433515.0,24984.0,14600.0,197848.0,1972.0
2020-05-15,20476.0,11482.0,3589475.0,115800.0,2771.0,82687.0,15620.0,59374.0,297.0
2020-05-18,82630.0,28641.0,10044395.0,1604823.0,150054.0,59900.0,40200.0,37200.0,0.0
2020-05-19,33896.0,20617.0,7930509.0,455604.0,71833.0,57428.0,1096.0,64455.0,574.0
2020-05-20,44826.0,129.0,3290415.0,40000.0,47000.0,58606.0,7000.0,27910.0,5125.0
2020-05-21,49636.0,10945.0,4135495.0,418404.0,80181.0,24217.0,6935.0,97428.0,5125.0
2020-05-22,2500.0,4029.0,3517980.0,373649.0,51328.0,70148.0,2720.0,46868.0,500.0
2020-05-25,0.0,0.0,0.0,0.0,0.0,0.0,0.0,0.0,0.0
2020-05-26,48195.0,4759.0,4726377.0,122000.0,51577.0,105093.0,15840.0,39768.0,2050.0
2020-05-27,39556.0,3667.0,8228583.0,73700.0,112573.0,191013.0,180.0,73431.0,332.0
2020-05-28,212922.0,22558.0,7849505.0,348319.0,205185.0,225763.0,30540.0,26056.0,67.0
2020-05-29,274838.0,12280.0,29863458.0,321382.0,240928.0,97013.0,2238.0,122406.0,190.0
2020-06-01,141387.0,8318.0,7844708.0,443264.0,48335.0,72702.0,541.0,55450.0,38.0
2020-06-02,72184.0,21358.0,11383701.0,263250.0,79901.0,55640.0,82995.0,21190.0,212.0
2020-06-03,72184.0,21358.0,11383701.0,263250.0,79901.0,55640.0,82995.0,21190.0,212.0
2020-06-04,177514.0,25821.0,11007653.0,2848093.0,83025.0,77226.0,220564.0,88620.0,470.0
2020-06-05,177422.0,56805.0,16488874.0,685446.0,190724.0,183496.0,61744.0,59065.0,1054.0
2020-06-08,99008.0,52880.0,9945161.0,1282183.0,108860.0,163823.0,10893.0,35999.0,2900.0
2020-06-09,356332.0,30278.0,8945287.0,750728.0,395845.0,91355.0,55278.0,25329.0,5264.0
2020-06-10,420881.0,8661.0,10134344.0,611874.0,136292.0,763052.0,25380.0,57515.0,2206.0
2020-06-11,127627.0,45761.0,10533204.0,1253280.0,59547.0,43661.0,14409.0,100943.0,3254.0
2020-06-12,159947.0,26262.0,7234884.0,787284.0,135066.0,50421.0,1500.0,16134.0,9850.0
2020-06-15,0.0,0.0,0.0,0.0,0.0,0.0,0.0,0.0,0.0
2020-06-16,88894.0,59144.0,10245848.0,1140800.0,231343.0,261494.0,10000.0,43209.0,10470.0
2020-06-17,1062680.0,14247.0,9196768.0,160119.0,224445.0,4892.0,2700.0,20370.0,3621.0
2020-06-18,424853.0,77153.0,6715724.0,43200.0,638537.0,19872.0,651.0,11763.0,645.0
2020-06-19,2492396.0,185313.0,28699680.0,373000.0,996068.0,219632.0,10336.0,67387.0,7292.0
2020-06-22,0.0,0.0,0.0,0.0,0.0,0.0,0.0,0.0,0.0
2020-06-23,805898.0,7427.0,7059430.0,612955.0,501141.0,55188.0,4320.0,84817.0,7220.0
2020-06-24,88081.0,10159.0,5958456.0,1297724.0,56643.0,86587.0,73570.0,70605.0,2370.0
2020-06-25,30475.0,33716.0,5052016.0,1475732.0,26760.0,20012.0,44100.0,57675.0,125.0
2020-06-26,5247.0,4750.0,4530295.0,40373.0,7634.0,12792.0,1220.0,51765.0,69.0
2020-06-29,0.0,0.0,0.0,0.0,0.0,0.0,0.0,0.0,0.0
2020-06-30,61749.0,4968.0,4237837.0,1052000.0,73834.0,34340.0,13500.0,72906.0,36.0
2020-07-01,58675.0,3572.0,3908052.0,361014.0,43707.0,95840.0,2700.0,45728.0,36.0
2020-07-02,742122.0,8974.0,4356721.0,252036.0,62818.0,32939.0,4000.0,112344.0,1040.0
2020-07-03,29123.0,5460.0,521127.0,10000.0,135289.0,4400.0,6468.0,86638.0,1040.0
2020-07-06,493196.0,3797.0,5537955.0,43041.0,166871.0,12900.0,0.0,26678.0,6950.0
2020-07-07,122895.0,4168.0,10383304.0,711443.0,229156.0,79546.0,1080.0,44683.0,484.0
2020-07-08,61837.0,10343.0,7976028.0,643809.0,72066.0,81690.0,2022085.0,307672.0,1520.0
2020-07-09,309247.0,10173.0,11185829.0,327194.0,344854.0,145485.0,58010.0,41745.0,1000.0
2020-07-10,398449.0,7561.0,8891607.0,1656382.0,216776.0,61023.0,228172.0,44240.0,1500.0
2020-07-13,254247.0,8764.0,9305887.0,225297.0,162165.0,123687.0,19980.0,26953.0,1089.0
2020-07-14,288991.0,5297.0,6960499.0,289868.0,84335.0,17007.0,7249.0,34825.0,1411.0
2020-07-15,323422.0,8821.0,7334693.0,253550.0,270757.0,187671.0,40838.0,30971.0,2151.0
2020-07-16,58966.0,5353.0,5270454.0,269495.0,85779.0,34069.0,10067.0,7420.0,1028.0
2020-07-17,328679.0,9263.0,8701282.0,952245.0,193074.0,77667.0,35100.0,32613.0,1028.0
2020-07-20,0.0,0.0,0.0,0.0,0.0,0.0,0.0,0.0,0.0
2020-07-21,276292.0,16465.0,7677988.0,43000.0,195335.0,208678.0,43779.0,101645.0,150.0
2020-07-22,245718.0,14076.0,4847476.0,348744.0,109180.0,639750.0,35100.0,116095.0,3000.0
2020-07-23,150674.0,14587.0,3316759.0,2054848.0,470372.0,239665.0,35801.0,453764.0,3530.0
2020-07-24,91343.0,6439.0,2071057.0,336410.0,46672.0,34203.0,27760.0,103951.0,4438.0
2020-07-27,91374.0,9175.0,4069203.0,2777424.0,27715.0,68687.0,7671.0,554487.0,2378.0
2020-07-28,539371.0,1053.0,6319852.0,1861454.0,90423.0,83756.0,7671.0,201154.0,795.0
2020-07-29,83036.0,11128.0,3325585.0,1936881.0,159735.0,26213.0,7400.0,41153.0,795.0
2020-07-30,33240.0,6395.0,9467433.0,1121351.0,373989.0,37034.0,8100.0,60309.0,378.0
2020-07-31,1792938.0,88218.0,24437213.0,20813053.0,975848.0,315652.0,1004562.0,544459.0,502.0
2020-08-03,73902.0,41442.0,15750884.0,724815.0,194113.0,151337.0,291058.0,99662.0,660.0
2020-08-04,327067.0,17120.0,11020072.0,173772.0,516784.0,604031.0,97947.0,83332.0,264.0
2020-08-05,56179.0,2849.0,9774071.0,155951.0,196580.0,36975.0,28340.0,395491.0,205.0
2020-08-06,32217.0,2553.0,3797025.0,527858.0,191897.0,77100.0,7240.0,585901.0,3260.0
2020-08-07,0.0,0.0,0.0,0.0,0.0,0.0,0.0,0.0,0.0
2020-08-10,10363.0,7397.0,818180.0,187402.0,70242.0,28340.0,13753.0,261803.0,0.0
2020-08-11,522068.0,5871.0,5764333.0,272040.0,112161.0,305005.0,13681.0,316311.0,170.0
2020-08-12,172762.0,11185.0,5649771.0,585977.0,23247.0,55178.0,7946.0,68903.0,170.0
2020-08-13,146354.0,7806.0,2689853.0,139387.0,117173.0,518448.0,95069.0,159946.0,1080.0
2020-08-14,42529.0,3632.0,2036156.0,194686.0,65410.0,81993.0,8640.0,24657.0,940.0
2020-08-17,0.0,0.0,0.0,0.0,0.0,0.0,0.0,0.0,0.0
2020-08-18,109183.0,6627.0,12192692.0,149001.0,297224.0,44871.0,19575.0,141051.0,0.0
2020-08-19,106924.0,12914.0,10589268.0,108726.0,280094.0,173568.0,52720.0,129531.0,795.0
2020-08-20,227897.0,17154.0,7954303.0,112598.0,162578.0,65523.0,49825.0,128402.0,795.0
2020-08-21,331890.0,9987.0,7749558.0,2000252.0,187517.0,78169.0,22662.0,63368.0,1905.0
2020-08-24,0.0,0.0,0.0,0.0,0.0,0.0,0.0,0.0,0.0
2020-08-25,239214.0,24563.0,7440790.0,522899.0,898194.0,107389.0,64367.0,200171.0,2396.0
2020-08-26,226360.0,12101.0,12395444.0,1712901.0,260224.0,113639.0,42867.0,146433.0,1402.0
2020-08-27,119901.0,18182.0,8988562.0,980627.0,188112.0,70199.0,15000.0,116493.0,300.0
2020-08-28,124245.0,5308.0,4404734.0,1150683.0,193959.0,58109.0,6480.0,277505.0,501.0
2020-08-31,267677.0,15992.0,16761532.0,702020.0,374522.0,370369.0,22808.0,227116.0,1244.0
2020-09-01,1186439.0,16232.0,23874773.0,325317.0,172692.0,121020.0,21129.0,210532.0,1464.0
2020-09-02,290264.0,6341.0,13493395.0,1609347.0,298829.0,49134.0,16988.0,288430.0,2434.0
2020-09-03,94952.0,12941.0,7216291.0,354352.0,122355.0,104845.0,22129.0,53354.0,1354.0
2020-09-04,144362.0,1029.0,2826449.0,15614.0,84543.0,19186.0,28040.0,57274.0,1742.0
2020-09-07,39794.0,0.0,1177698.0,251112.0,20066.0,8892.0,240.0,54679.0,681.0
2020-09-08,134966.0,1555.0,11068581.0,228610.0,20536.0,375617.0,2640.0,172241.0,215.0
2020-09-09,164840.0,5630.0,7373185.0,653507.0,154107.0,29089.0,2284.0,29912.0,1299.0
2020-09-10,63648.0,9171.0,12231527.0,248465.0,39277.0,26505.0,55860.0,138440.0,1103.0
2020-09-11,53598.0,14368.0,5017679.0,79549.0,14704.0,30648.0,554332.0,20732.0,1808.0
2020-09-14,163795.0,8340.0,6719901.0,155406.0,16692.0,29894.0,13664.0,40952.0,1590.0
2020-09-15,72761.0,8246.0,12386675.0,300891.0,101092.0,80935.0,703817.0,15805.0,5475.0
2020-09-16,128265.0,23605.0,7633052.0,65811.0,290745.0,31375.0,415216.0,48595.0,7523.0
2020-09-17,176609.0,6823.0,7486941.0,83797.0,92173.0,235346.0,354200.0,130232.0,1554.0
2020-09-18,279693.0,26345.0,31691332.0,716963.0,250657.0,220207.0,949126.0,13349.0,1158.0
2020-09-21,111456.0,4658.0,11736328.0,50782.0,29467.0,28854.0,37052.0,70396.0,3260.0
2020-09-22,62816.0,3672.0,26218671.0,16176.0,32677.0,64726.0,45280.0,68560.0,1882.0
2020-09-23,62042.0,9080.0,22119689.0,47307.0,16736.0,19520.0,12480.0,5110.0,2654.0
2020-09-24,131374.0,4517.0,10533574.0,50421.0,23725.0,77231.0,8993.0,46920.0,1775.0
2020-09-25,14360.0,6116.0,9715293.0,281344.0,15119.0,38026.0,8993.0,27895.0,2280.0
2020-09-28,52036.0,8315.0,5748586.0,60662.0,23716.0,11541.0,4402.0,77131.0,1648.0
2020-09-29,35835.0,2365.0,9396424.0,38200.0,141067.0,102665.0,16190.0,176660.0,1440.0
2020-09-30,68560.0,4084.0,7099240.0,329602.0,63068.0,131200.0,8804.0,93602.0,2000.0
2020-10-01,49810.0,6635.0,15904373.0,102292.0,52490.0,9308.0,10709.0,73151.0,497.0
2020-10-02,28435.0,150.0,6743466.0,9579.0,38895.0,3514.0,10709.0,28232.0,497.0
2020-10-05,6644.0,2055.0,5746505.0,151913.0,13463.0,38624.0,0.0,105250.0,88.0
2020-10-06,73552.0,1260.0,7743203.0,194119.0,49405.0,48219.0,688.0,92320.0,580.0
2020-10-07,93896.0,988.0,7623991.0,203299.0,46320.0,67819.0,4320.0,11554.0,580.0
2020-10-08,93896.0,988.0,7623991.0,203299.0,46320.0,67819.0,4320.0,11554.0,0.0
2020-10-09,150681.0,12803.0,4220206.0,2331.0,141302.0,7276.0,2160.0,214596.0,260.0
2020-10-12,0.0,0.0,0.0,0.0,0.0,0.0,0.0,0.0,0.0
2020-10-13,12685.0,4734.0,7712532.0,577000.0,9939.0,84811.0,2093.0,57630.0,4323.0
2020-10-14,712634.0,13551.0,4060661.0,81512.0,64480.0,156548.0,13188.0,18912.0,1875.0
2020-10-15,32558.0,10867.0,8739012.0,97471.0,435494.0,485485.0,10766.0,864100.0,135.0
2020-10-16,63449.0,14599.0,6809216.0,66571.0,49756.0,61589.0,84581.0,27995.0,1620.0
2020-10-19,18060.0,1873.0,8643602.0,19549.0,123267.0,77666.0,13648.0,89671.0,2900.0
2020-10-20,96636.0,24631.0,4842262.0,916296.0,98926.0,102557.0,19400.0,69314.0,3802.0
2020-10-21,144404.0,14142.0,11967396.0,6355.0,286152.0,39237.0,3880.0,63234.0,5329.0
2020-10-22,101235.0,14142.0,5366874.0,233258.0,19298.0,16046.0,3880.0,15083.0,4900.0
2020-10-23,24412.0,25.0,3768861.0,36500.0,65490.0,2255.0,144.0,5222.0,60.0
2020-10-26,61602.0,283.0,8026668.0,18977.0,37079.0,20818.0,1740.0,17961.0,0.0
2020-10-27,42095.0,5017.0,9979732.0,4775.0,33016.0,71199.0,26957.0,28964.0,98.0
2020-10-28,25370.0,1264.0,19294360.0,43671.0,49838.0,19399.0,159881.0,119972.0,98.0
2020-10-29,50631.0,9160.0,7487469.0,344074.0,73560.0,43665.0,19493.0,115685.0,2961.0
2020-10-30,1496526.0,33418.0,14066645.0,1720607.0,324206.0,70902.0,74583.0,228235.0,2368.0
2020-11-02,0.0,0.0,0.0,0.0,0.0,0.0,0.0,0.0,0.0
2020-11-03,185821.0,9209.0,6239928.0,839581.0,118378.0,353213.0,76058.0,90989.0,194.0
2020-11-04,127477.0,3459.0,8774101.0,71044.0,133675.0,68344.0,76058.0,78801.0,3971.0
2020-11-05,142822.0,2571.0,4760886.0,249.0,10004.0,35461.0,0.0,333171.0,429.0
2020-11-06,142822.0,2571.0,4760886.0,249.0,10004.0,35461.0,0.0,333171.0,429.0
2020-11-09,146160.0,19471.0,25395667.0,1069727.0,176854.0,235434.0,23868.0,112167.0,36689.0
2020-11-10,41109.0,3385.0,8743850.0,74139.0,58060.0,164736.0,7425.0,98238.0,3907.0
2020-11-11,199544.0,2997.0,7797342.0,42379.0,38186.0,71488.0,240.0,156998.0,662.0
2020-11-12,274373.0,979.0,8862495.0,80571.0,39082.0,217289.0,4397.0,245467.0,1193.0
2020-11-13,116674.0,2444.0,4624405.0,354295.0,19085.0,96232.0,4397.0,69849.0,434.0
2020-11-16,0.0,0.0,0.0,0.0,0.0,0.0,0.0,0.0,0.0
2020-11-17,108026.0,9430.0,28212249.0,11900908.0,222648.0,391291.0,6890.0,94218.0,1784.0
2020-11-18,173801.0,8208.0,14202593.0,17876867.0,514733.0,222512.0,6914.0,103194.0,4144.0
2020-11-19,47132.0,283.0,8014181.0,1787319.0,29224.0,145606.0,15363.0,231339.0,11005.0
2020-11-20,131272.0,249.0,5132119.0,185301.0,29403.0,143172.0,15363.0,125578.0,5753.0
2020-11-23,108130.0,701.0,14339461.0,119934.0,367305.0,159115.0,145.0,86160.0,2652.0
2020-11-24,537684.0,18755.0,19051745.0,949851.0,404012.0,131212.0,34985.0,225560.0,17593.0
2020-11-25,67789.0,10571.0,11882465.0,90002.0,105658.0,342138.0,42963.0,199781.0,1806.0
2020-11-26,69879.0,2604.0,3883406.0,515148.0,41885.0,150836.0,1008.0,232019.0,74.0
2020-11-27,40834.0,1352.0,14551255.0,13888.0,558603.0,16881.0,7217.0,85145.0,2690.0
2020-11-30,491199.0,13031.0,37338399.0,964326.0,149787.0,77411.0,4307.0,102768.0,240.0
2020-12-01,812080.0,12801.0,7171086.0,534038.0,152063.0,58782.0,10833.0,218022.0,60.0
2020-12-02,298318.0,14537.0,11971241.0,723482.0,124902.0,68278.0,62065.0,212164.0,3457.0
2020-12-03,1123413.0,13520.0,29317116.0,298140.0,53826.0,23397.0,11003.0,117561.0,7247.0
2020-12-04,1123413.0,13520.0,29317116.0,298140.0,53826.0,23397.0,11003.0,117561.0,7247.0
2020-12-07,424115.0,11593.0,7718216.0,961181.0,251539.0,76519.0,21001.0,151142.0,7324.0
2020-12-08,0.0,0.0,0.0,0.0,0.0,0.0,0.0,0.0,0.0
2020-12-09,254304.0,34240.0,15162004.0,888221.0,117016.0,162276.0,24125.0,156294.0,5168.0
2020-12-10,177022.0,14500.0,23136611.0,826128.0,117008.0,159612.0,3236.0,123487.0,29229.0
2020-12-11,204416.0,5367.0,11398898.0,553576.0,132439.0,137032.0,10668.0,28967.0,3535.0
2020-12-14,171345.0,7740.0,12270306.0,519944.0,486641.0,347705.0,11758.0,128999.0,101.0
2020-12-15,80406.0,3561.0,10130165.0,282458.0,154566.0,31182.0,32413.0,182133.0,14241.0
2020-12-16,667460.0,14394.0,12159557.0,2226222.0,568182.0,161723.0,32478.0,118510.0,30675.0
2020-12-17,220582.0,17487.0,10115209.0,678829.0,133817.0,295476.0,27367.0,300663.0,12947.0
2020-12-18,410487.0,8571.0,22098196.0,179413.0,220663.0,214691.0,129055.0,140006.0,18927.0
2020-12-21,147618.0,10996.0,15482687.0,1451869.0,230153.0,234141.0,6773.0,106020.0,5164.0
2020-12-22,99831.0,8859.0,6341993.0,32555.0,113657.0,141317.0,29574.0,41302.0,100.0
2020-12-23,140883.0,8689.0,3999868.0,1051898.0,79685.0,162435.0,6749.0,142245.0,1692.0
2020-12-24,140883.0,157.0,987014.0,1051898.0,79685.0,762.0,6749.0,1900.0,466.0
2020-12-25,0.0,0.0,0.0,0.0,0.0,0.0,0.0,0.0,0.0
2020-12-28,128565.0,6563.0,4514790.0,176434.0,54219.0,23416.0,30051.0,48164.0,1419.0
2020-12-29,92472.0,3198.0,4353100.0,668622.0,85570.0,131493.0,22189.0,185597.0,2845.0
2020-12-30,91600.0,4052.0,2994874.0,404196.0,92767.0,42065.0,13952.0,165119.0,3200.0
2020-12-31,0.0,0.0,0.0,0.0,0.0,0.0,0.0,0.0,0.0
2021-01-01,0.0,0.0,0.0,0.0,0.0,0.0,0.0,0.0,0.0
2021-01-04,51970.0,8321.0,4040858.0,317066.0,149191.0,190269.0,7100.0,109398.0,2335.0
2021-01-05,57969.0,3562.0,17309698.0,372131.0,57761.0,688424.0,5736.0,113248.0,2600.0
2021-01-06,156107.0,4809.0,9275133.0,712268.0,16525.0,148172.0,5534.0,103280.0,360.0
2021-01-07,38232.0,348.0,10947046.0,791081.0,77560.0,55573.0,765.0,116861.0,4345.0
2021-01-08,36097.0,4488.0,9130572.0,840290.0,39024.0,14581.0,1098.0,149731.0,1520.0
2021-01-11,0.0,0.0,0.0,0.0,0.0,0.0,0.0,0.0,0.0
2021-01-12,53679.0,5040.0,17953674.0,520995.0,135614.0,46434.0,10359.0,150805.0,2300.0
2021-01-13,59757.0,7984.0,10619672.0,1059726.0,40625.0,302208.0,1665.0,182383.0,17148.0
2021-01-14,292419.0,8261.0,17946399.0,561658.0,64848.0,133006.0,16653.0,331058.0,690.0
2021-01-15,96573.0,1289.0,25652138.0,542586.0,13443.0,9400.0,11901.0,171626.0,2990.0
2021-01-18,47580.0,1211.0,2229417.0,23914.0,29678.0,6264.0,1105.0,163787.0,0.0
2021-01-19,161271.0,2163.0,6482433.0,457395.0,85483.0,124094.0,3276.0,409571.0,9714.0
2021-01-20,74934.0,9618.0,9723064.0,15324.0,70442.0,186394.0,3782.0,230040.0,1666.0
2021-01-21,158315.0,2771.0,12308330.0,82557.0,209122.0,156962.0,17186.0,170487.0,2079.0
2021-01-22,333513.0,5214.0,6359694.0,727921.0,87488.0,230609.0,13737.0,148607.0,248.0
2021-01-25,64974.0,4145.0,9991787.0,135830.0,127968.0,39247.0,13748.0,172166.0,823.0
2021-01-26,168631.0,220.0,6229063.0,12422.0,63541.0,134708.0,4859.0,347363.0,146.0
2021-01-27,67273.0,8419.0,25125885.0,73382.0,117291.0,92205.0,20502.0,180699.0,4096.0
2021-01-28,163131.0,853.0,15718698.0,1956.0,38499.0,104775.0,2052.0,194991.0,1695.0
2021-01-29,1606658.0,59065.0,31092376.0,17693659.0,461893.0,135432.0,286458.0,303560.0,2026.0
2021-02-01,0.0,0.0,0.0,0.0,0.0,0.0,0.0,0.0,0.0
2021-02-02,207873.0,6865.0,17363428.0,3655035.0,387036.0,59622.0,21387.0,268609.0,986.0
2021-02-03,46073.0,5046.0,11235339.0,168.0,148241.0,67712.0,21387.0,32979.0,110.0
2021-02-04,69305.0,7407.0,5469669.0,106118.0,175944.0,23430.0,10935.0,171129.0,110.0
2021-02-05,246287.0,6210.0,7015243.0,38769.0,154266.0,127023.0,12109.0,145219.0,301.0
2021-02-08,305779.0,6008.0,11647576.0,457136.0,248204.0,99171.0,28907.0,139971.0,954.0
2021-02-09,330295.0,7373.0,9574735.0,711717.0,123441.0,182677.0,12508.0,93999.0,188.0
2021-02-10,46240.0,8929.0,5506776.0,4648114.0,153441.0,126892.0,11640.0,64833.0,982.0
2021-02-11,86796.0,2950.0,4313112.0,5273719.0,104982.0,31901.0,5389.0,142489.0,46.0
2021-02-12,235681.0,3395.0,5864980.0,4524216.0,79082.0,13583.0,10876.0,135344.0,1000.0
2021-02-15,36584.0,7060.0,1318624.0,341289.0,53186.0,19467.0,0.0,95041.0,298.0
2021-02-16,269930.0,2682.0,8810049.0,414767.0,165560.0,129897.0,11328.0,163338.0,848.0
2021-02-17,80200.0,1718.0,13240489.0,69274.0,98289.0,31086.0,2940.0,92715.0,1621.0
2021-02-18,547341.0,1458.0,15456250.0,348030.0,76881.0,54822.0,4761.0,97074.0,99.0
2021-02-19,153083.0,6204.0,18141689.0,373179.0,83111.0,53323.0,7313.0,22865.0,99.0
2021-02-22,40653.0,12994.0,18274283.0,194016.0,20795.0,10347.0,5099.0,175093.0,20.0
2021-02-23,163167.0,8301.0,12504238.0,677599.0,58615.0,112883.0,15320.0,59028.0,2068.0
2021-02-24,148112.0,4104.0,11899639.0,27087.0,119716.0,139903.0,1369825.0,46132.0,4355.0
2021-02-25,132695.0,11463.0,11391994.0,591686.0,328674.0,74280.0,9572.0,55048.0,2592.0
2021-02-26,40531.0,5242.0,8797301.0,911624.0,12234.0,94702.0,8196.0,236511.0,516.0
2021-03-01,43688.0,2537.0,4622065.0,105207.0,42625.0,68350.0,172449.0,62327.0,386.0
2021-03-02,355101.0,9519.0,4334480.0,29935.0,67670.0,111883.0,4185.0,330441.0,160.0
2021-03-03,1079831.0,3053.0,12689731.0,827261.0,156541.0,230620.0,301845.0,105484.0,3432.0
2021-03-04,38903.0,4152.0,17902729.0,722399.0,277212.0,175806.0,5642.0,503210.0,133.0
2021-03-05,135260.0,3396.0,29174819.0,1042603.0,79399.0,111188.0,7921.0,35794.0,2276.0
2021-03-08,60355.0,6080.0,7693085.0,114696.0,111837.0,53030.0,9951.0,109169.0,0.0
2021-03-09,63634.0,5103.0,10445352.0,178575.0,212323.0,60662.0,8908.0,47793.0,0.0
2021-03-10,48113.0,7814.0,5881588.0,229832.0,116499.0,63690.0,1100.0,14565.0,309.0
2021-03-11,230127.0,1950.0,8898569.0,525419.0,38086.0,485461.0,134.0,33940.0,309.0
2021-03-12,191217.0,347.0,5568620.0,55100.0,49161.0,203821.0,50.0,12156.0,0.0
2021-03-15,101876.0,4552.0,24149551.0,99458.0,19414.0,221075.0,20515.0,40707.0,4800.0
2021-03-16,110057.0,3824.0,8982507.0,269726.0,729663.0,356969.0,116570.0,152173.0,8895.0
2021-03-17,787074.0,7998.0,6262461.0,239581.0,196342.0,433724.0,34073.0,76603.0,10.0
2021-03-18,53657.0,9892.0,17131001.0,1063316.0,18746.0,90780.0,125740.0,56502.0,1726.0
2021-03-19,1385282.0,1836.0,25816964.0,885371.0,1587932.0,1035557.0,570790.0,79483.0,1841.0
2021-03-22,0.0,0.0,0.0,0.0,0.0,0.0,0.0,0.0,0.0
2021-03-23,1563243.0,52261.0,6630157.0,246922.0,120588.0,649903.0,4780.0,142913.0,122.0
2021-03-24,39446.0,3252.0,6774272.0,123844.0,66504.0,1489232.0,136736.0,67091.0,349.0
2021-03-25,62217.0,102.0,9231560.0,12981.0,205430.0,26632.0,1019.0,180604.0,349.0
2021-03-26,103295.0,1384.0,8817050.0,3911.0,35021.0,44268.0,2114.0,71854.0,1301.0
2021-03-29,36132.0,1214.0,6566877.0,120026.0,67776.0,10434.0,8903.0,23813.0,366.0
2021-03-30,30696.0,169.0,3213145.0,95093.0,4263.0,50147.0,27906.0,32173.0,25908.0
2021-03-31,20348.0,1054.0,4416833.0,122080.0,3879.0,49419.0,1200.0,93410.0,18052.0
2021-04-01,0.0,0.0,0.0,0.0,0.0,0.0,0.0,0.0,0.0
2021-04-02,0.0,0.0,0.0,0.0,0.0,0.0,0.0,0.0,0.0
2021-04-05,1234090.0,862.0,4522847.0,1840.0,44711.0,46200.0,5008.0,656745.0,3524.0
2021-04-06,346553.0,160.0,5471644.0,9840.0,17259.0,527149.0,1455.0,806323.0,1066.0
2021-04-07,17236.0,354.0,6996672.0,4657.0,14505.0,32368.0,7185.0,67712.0,1158.0
2021-04-08,47494.0,14693.0,11337712.0,37981.0,99746.0,23506.0,69841.0,55598.0,149205.0
2021-04-09,6244.0,7123.0,6046526.0,324963.0,203281.0,136562.0,40087.0,64854.0,41551.0
2021-04-12,45490.0,5865.0,3661122.0,156349.0,71705.0,17061.0,14219.0,95222.0,11425.0
2021-04-13,163301.0,7961.0,5259855.0,44249.0,68800.0,24729.0,9169.0,29935.0,3812.0
2021-04-14,163301.0,7961.0,5259855.0,44249.0,68800.0,24729.0,9169.0,29935.0,3812.0
2021-04-15,40712.0,3588.0,2192639.0,36532.0,22436.0,24456.0,50827.0,221719.0,10217.0
2021-04-16,99821.0,3271.0,5415036.0,48074.0,163619.0,85406.0,11324.0,389581.0,67.0
2021-04-19,66573.0,8652.0,2267381.0,78909.0,116352.0,129206.0,29571.0,308174.0,175.0
2021-04-20,97074.0,5248.0,14066953.0,46785.0,255016.0,304724.0,9274.0,309863.0,4067.0
2021-04-21,142490.0,3107.0,14922111.0,159988.0,120135.0,281865.0,32228.0,40355.0,2646.0
2021-04-22,282100.0,2966.0,3524786.0,27556.0,71341.0,86451.0,9520.0,102181.0,2241.0
2021-04-23,100230.0,3640.0,5199199.0,21109.0,72885.0,64208.0,11836.0,27127.0,3280.0
2021-04-26,69537.0,5690.0,7838254.0,12450.0,84319.0,39208.0,4559.0,202658.0,3134.0
2021-04-27,394908.0,13489.0,7795390.0,95165.0,594752.0,120068.0,12927.0,53262.0,609.0
2021-04-28,242288.0,3804.0,9592224.0,115765.0,81199.0,97810.0,12927.0,101269.0,261.0
2021-04-29,128827.0,1202.0,6363904.0,140695.0,29937.0,34783.0,3943.0,260093.0,495.0
2021-04-30,104214.0,1443.0,33073566.0,711771.0,70231.0,115505.0,10681.0,105066.0,6241.0
2021-05-03,115716.0,2441.0,9009088.0,436062.0,140397.0,79149.0,6379.0,206107.0,6818.0
2021-05-04,225263.0,1824.0,5700811.0,25436.0,247757.0,137435.0,4148.0,57644.0,13037.0
2021-05-05,62885.0,2784.0,10639359.0,32429.0,50067.0,106231.0,542.0,116171.0,16645.0
2021-05-06,216296.0,575.0,10639359.0,20136.0,51690.0,54534.0,500.0,62438.0,32379.0
2021-05-07,80862.0,5080.0,5011242.0,409365.0,137900.0,42240.0,2368.0,56194.0,3316.0
2021-05-10,101248.0,4929.0,9735462.0,655791.0,83589.0,51321.0,4776.0,10413.0,2587.0
2021-05-11,28330.0,7050.0,6642099.0,505850.0,121348.0,68570.0,7623.0,34081.0,8941.0
2021-05-12,139031.0,9051.0,11853518.0,43205.0,89923.0,71503.0,15026.0,91885.0,8941.0
2021-05-13,127563.0,2953.0,5126794.0,197968.0,14103.0,81090.0,1121.0,165825.0,400.0
2021-05-14,61636.0,10744.0,8700156.0,320482.0,82774.0,224242.0,10701.0,86307.0,6628.0
2021-05-17,0.0,0.0,0.0,0.0,0.0,0.0,0.0,0.0,0.0
2021-05-18,24239.0,3533.0,6444461.0,35075.0,22562.0,132365.0,4555.0,13207.0,41667.0
2021-05-19,113519.0,1410.0,10008144.0,29019.0,114235.0,398063.0,9027.0,6699.0,17012.0
2021-05-20,217998.0,3648.0,6535738.0,348693.0,77058.0,194843.0,2357.0,51582.0,13729.0
2021-05-21,40724.0,39537.0,7898337.0,9973.0,241614.0,220365.0,3317.0,67061.0,100472.0
2021-05-24,120173.0,9280.0,3220281.0,368743.0,50673.0,36893.0,5382.0,104357.0,184634.0
2021-05-25,166494.0,29923.0,6167530.0,184027.0,181817.0,53947.0,33892.0,68845.0,241450.0
2021-05-26,155044.0,15267.0,1703125.0,184027.0,769206.0,67138.0,22136.0,86253.0,95802.0
2021-05-27,1594011.0,1589188.0,23711641.0,3423062.0,4537656.0,1057906.0,2436378.0,1027570.0,828277.0
2021-05-28,1627126.0,17327.0,6988095.0,481703.0,200139.0,536783.0,861042.0,1129382.0,9832.0
2021-05-31,1829.0,3904.0,3704266.0,22387.0,60968.0,16698.0,117791.0,38223.0,1492.0
2021-06-01,614321.0,8580.0,4841267.0,59251.0,75193.0,38632.0,88547.0,88835.0,1586.0
2021-06-02,20472.0,16054.0,6774011.0,257936.0,200436.0,40004.0,1872.0,205474.0,4729.0
2021-06-03,73779.0,10381.0,4383687.0,18763.0,112776.0,30130.0,1872.0,53957.0,2746.0
2021-06-04,80134.0,7075.0,4948889.0,8438.0,90136.0,140714.0,19989.0,22920.0,2746.0
2021-06-07,0.0,0.0,0.0,0.0,0.0,0.0,0.0,0.0,0.0
2021-06-08,228363.0,3862.0,5233325.0,637.0,91622.0,4773.0,11516.0,29975.0,575.0
2021-06-09,256615.0,172800.0,6410795.0,111193.0,209296.0,26595.0,8890.0,104077.0,3.0
2021-06-10,35181.0,1039.0,6954690.0,137731.0,59198.0,14694.0,9681.0,26653.0,516.0
2021-06-11,148607.0,2747.0,2198754.0,130177.0,68305.0,13541.0,11303.0,99614.0,3696.0
2021-06-14,0.0,0.0,0.0,0.0,0.0,0.0,0.0,0.0,0.0
2021-06-15,6685.0,1738.0,12097174.0,173843.0,50557.0,63062.0,3667.0,21822.0,1545.0
2021-06-16,310298.0,1068.0,5183658.0,59321.0,138964.0,60148.0,15775.0,277492.0,133.0
2021-06-17,213708.0,3184.0,4533111.0,320.0,95777.0,1073.0,51319.0,1052070.0,4308.0
2021-06-18,63597.0,9166.0,13496476.0,127996.0,69443.0,251421.0,38576.0,52549.0,47.0
2021-06-21,50213.0,32150.0,12336283.0,173640.0,63965.0,117766.0,63398.0,34853.0,346.0
2021-06-22,159368.0,4027.0,7765307.0,79181.0,67398.0,128286.0,247346.0,24127.0,4493.0
2021-06-23,237627.0,4073.0,8200864.0,2000.0,74086.0,98156.0,44421.0,57255.0,5157.0
2021-06-24,135963.0,9527.0,22177460.0,284843.0,579824.0,68988.0,93758.0,62143.0,4675.0
2021-06-25,73165.0,5079.0,7662470.0,293071.0,65154.0,38028.0,2087.0,85682.0,190.0
2021-06-28,31785.0,2347.0,7146398.0,52783.0,62101.0,30961.0,52637.0,10138.0,35861.0
2021-06-29,134869.0,6108.0,3165714.0,33698.0,76082.0,84041.0,6.0,36411.0,22.0
2021-06-30,87339.0,1060.0,5484442.0,279090.0,81615.0,158367.0,19458.0,32014.0,2374.0
2021-07-01,292775.0,4252.0,7286301.0,90374.0,130283.0,60526.0,9351.0,34649.0,1955.0
2021-07-02,24570.0,2340.0,4169352.0,128239.0,62553.0,35332.0,21778.0,40355.0,828.0
2021-07-05,0.0,0.0,0.0,0.0,0.0,0.0,0.0,0.0,0.0
2021-07-06,33384.0,10342.0,8427012.0,67631.0,77315.0,405616.0,35515.0,21432.0,2604.0
2021-07-07,133326.0,12294.0,5504496.0,22938.0,96616.0,102032.0,18019.0,19567.0,815.0
2021-07-08,307025.0,4689.0,9243599.0,888478.0,109971.0,164792.0,18287.0,70967.0,2323.0
2021-07-09,36071.0,1762.0,4282806.0,260928.0,140783.0,92189.0,11560.0,36705.0,3589.0
2021-07-12,0.0,0.0,5325467.0,0.0,0.0,0.0,6250.0,17791.0,1.0
2021-07-13,3520.0,6354.0,5483532.0,24654.0,331331.0,38272.0,742.0,45640.0,1.0
2021-07-14,18409.0,6421.0,9931511.0,57817.0,74262.0,271.0,114.0,28461.0,3978.0
2021-07-15,19987.0,140.0,18393886.0,434992.0,32991.0,14687.0,645.0,217563.0,3000.0
2021-07-16,77607.0,1548.0,11464922.0,167244.0,9992.0,303809.0,1997.0,12770.0,13.0
2021-07-19,68950.0,2497.0,13624527.0,25807.0,14943.0,4229.0,16360.0,76019.0,895.0
2021-07-20,0.0,0.0,0.0,0.0,0.0,0.0,0.0,0.0,0.0
2021-07-21,191916.0,6019.0,9624067.0,17334.0,172315.0,100108.0,10452.0,17664.0,559.0
2021-07-22,98360.0,2028.0,3372672.0,38872.0,22196.0,18437.0,298.0,7762.0,412.0
2021-07-23,36883.0,796.0,4656611.0,59796.0,49664.0,28591.0,203.0,84849.0,412.0
2021-07-26,151824.0,3299.0,3486441.0,215192.0,54163.0,60062.0,6500.0,56574.0,2213.0
2021-07-27,592100.0,10556.0,3549917.0,8493.0,93552.0,261232.0,4949.0,75514.0,391.0
2021-07-28,32322.0,4603.0,3603332.0,134528.0,31295.0,272708.0,6358.0,159726.0,5460.0
2021-07-29,35702.0,247.0,4509669.0,216936.0,79550.0,18638.0,4099.0,89731.0,51.0
2021-07-30,41450.0,3669.0,4253278.0,352011.0,26089.0,40027.0,15018.0,53615.0,495.0
2021-08-02,64420.0,11388.0,7127962.0,6904.0,211304.0,176933.0,48472.0,83502.0,0.0
2021-08-03,6879.0,8035.0,6638848.0,24878.0,52893.0,11544.0,4784.0,10963.0,6020.0
2021-08-04,43459.0,5617.0,7124338.0,157631.0,54381.0,146085.0,30236.0,147172.0,6891.0
2021-08-05,148746.0,1252.0,5401185.0,22307.0,59815.0,20097.0,4766.0,49196.0,876.0
2021-08-06,912.0,1744.0,6271514.0,5043.0,48881.0,1842.0,2563.0,79882.0,876.0
2021-08-09,21800.0,467.0,2652671.0,3398.0,21055.0,16973.0,959.0,22301.0,0.0
2021-08-10,152193.0,4757.0,3192339.0,713.0,82504.0,49756.0,1735.0,3461.0,3.0
2021-08-11,45582.0,836.0,4483199.0,191055.0,46530.0,70813.0,2086.0,23234.0,339.0
2021-08-12,77746.0,1655.0,14421133.0,11136.0,296622.0,240248.0,2365.0,95097.0,1466.0
2021-08-13,64599.0,4828.0,10136567.0,507760.0,73775.0,235139.0,102861.0,5590.0,1292.0
2021-08-16,0.0,0.0,0.0,0.0,0.0,0.0,0.0,0.0,0.0
2021-08-17,484414.0,4613.0,16809775.0,137832.0,188736.0,83979.0,28859.0,49297.0,2304.0
2021-08-18,374832.0,4774.0,19940777.0,478329.0,110298.0,117831.0,56134.0,229453.0,5630.0
2021-08-19,108945.0,8414.0,26281811.0,113177.0,139665.0,53875.0,43321.0,140473.0,2898.0
2021-08-20,455399.0,8656.0,8752103.0,18213.0,72183.0,24858.0,11781.0,22169.0,468.0
2021-08-23,120955.0,4086.0,13498886.0,157420.0,64842.0,232646.0,11652.0,64141.0,1279.0
2021-08-24,34060.0,4333.0,7433555.0,489759.0,32292.0,21506.0,1449.0,91715.0,1184.0
2021-08-25,83501.0,5406.0,5720906.0,349034.0,55828.0,23472.0,13095.0,132212.0,690.0
2021-08-26,55373.0,1367.0,4769304.0,823216.0,39655.0,168472.0,71227.0,302602.0,678.0
2021-08-27,81180.0,1431.0,3745459.0,79754.0,74178.0,39892.0,32606.0,134180.0,1337.0
2021-08-30,49007.0,2358.0,6052363.0,15123.0,99601.0,23099.0,4447.0,115391.0,704.0
2021-08-31,369665.0,13843.0,13546721.0,249637.0,80654.0,346986.0,7404.0,119859.0,1617.0
2021-09-01,31477.0,1586.0,5798273.0,133869.0,143320.0,24839.0,41847.0,133074.0,1330.0
2021-09-02,58188.0,3512.0,7577854.0,56250.0,89641.0,8692.0,25014.0,32951.0,8802.0
2021-09-03,5001.0,3036.0,4592535.0,26264.0,24287.0,4482.0,5882.0,46602.0,536.0
2021-09-06,21160.0,2204.0,460789.0,67448.0,43958.0,19804.0,95.0,21807.0,138.0
2021-09-07,41845.0,1174.0,5045330.0,436962.0,55733.0,26892.0,3806.0,16718.0,17.0
2021-09-08,41784.0,1644.0,9486900.0,90485.0,129708.0,12202.0,22372.0,9730.0,3490.0
2021-09-09,112618.0,7651.0,7113355.0,101768.0,79100.0,194316.0,87309.0,11425.0,3490.0
2021-09-10,56305.0,2400.0,8577128.0,101358.0,71775.0,318341.0,6650.0,33050.0,182.0
2021-09-13,6069.0,8814.0,3619237.0,430063.0,99665.0,97429.0,9525.0,88424.0,2614.0
2021-09-14,270838.0,3260.0,10547815.0,201688.0,390412.0,380714.0,144.0,23416.0,832.0
2021-09-15,419274.0,13202.0,9324577.0,114307.0,99626.0,52625.0,6266.0,47808.0,1743.0
2021-09-16,429920.0,28850.0,8998709.0,398745.0,199860.0,86167.0,106250.0,226388.0,1062.0
2021-09-17,918011.0,39661.0,32807519.0,27380.0,240138.0,443266.0,106250.0,124131.0,755.0
2021-09-20,259497.0,42321.0,10274992.0,58692.0,53497.0,82462.0,18137.0,255699.0,186.0
2021-09-21,164168.0,10.0,6917834.0,88854.0,254308.0,52528.0,8735.0,153693.0,5105.0
2021-09-22,70367.0,3072.0,5159582.0,266966.0,61221.0,653425.0,7708.0,153446.0,949.0
2021-09-23,142342.0,45.0,3826854.0,160584.0,55554.0,252764.0,3261.0,79980.0,702.0
2021-09-24,25946.0,143.0,3225890.0,133425.0,49443.0,13927.0,12.0,83859.0,5000.0
2021-09-27,80475.0,11026.0,24689828.0,647283.0,329290.0,158011.0,11379.0,33182.0,313.0
2021-09-28,69529.0,1593.0,14934689.0,116071.0,151632.0,56878.0,29779.0,32349.0,3733.0
2021-09-29,117065.0,7275.0,6867408.0,59495.0,576897.0,105160.0,20861.0,73544.0,1971.0
2021-09-30,47741.0,4033.0,9121455.0,1932074.0,54930.0,196800.0,12924.0,102931.0,230.0
2021-10-01,16484.0,2599.0,12980976.0,27425.0,345675.0,87140.0,5465.0,56712.0,4.0
2021-10-04,86123.0,25427.0,13932200.0,920451.0,171271.0,50487.0,5981.0,158873.0,6331.0
2021-10-05,77130.0,73792.0,13280293.0,343531.0,277120.0,51622.0,171461.0,131648.0,31635.0
2021-10-06,165560.0,11772.0,7350961.0,146937.0,66675.0,45906.0,33370.0,84457.0,3832.0
2021-10-07,157306.0,2718.0,15713380.0,448426.0,422602.0,35668.0,78018.0,88130.0,6147.0
2021-10-08,86159.0,1918.0,8837314.0,4729.0,50720.0,24926.0,37625.0,22147.0,1557.0
2021-10-11,274235.0,22270.0,6445357.0,571024.0,60105.0,52945.0,107828.0,61928.0,3464.0
2021-10-12,21358.0,2931.0,5264251.0,293056.0,64068.0,33629.0,1749.0,53552.0,5600.0
2021-10-13,443175.0,1.0,8213428.0,243636.0,56550.0,61871.0,9262.0,101418.0,736.0
2021-10-14,528249.0,10887.0,8191706.0,533973.0,451510.0,252772.0,57601.0,126338.0,3626.0
2021-10-15,210537.0,5551.0,6910787.0,405916.0,66717.0,37490.0,12911.0,29102.0,307.0
2021-10-18,0.0,0.0,0.0,0.0,0.0,0.0,0.0,0.0,0.0
2021-10-19,105982.0,616.0,6660039.0,225750.0,421819.0,56917.0,27964.0,38420.0,3052.0
2021-10-20,95246.0,10529.0,3977754.0,784592.0,101660.0,23156.0,70628.0,21997.0,507.0
2021-10-21,61065.0,722.0,8166633.0,360677.0,141470.0,24098.0,1993.0,1887.0,344.0
2021-10-22,76798.0,3261.0,5456653.0,411396.0,40830.0,24230.0,8854.0,152587.0,344.0
2021-10-25,22585.0,21628.0,6206129.0,81778.0,246644.0,24282.0,2140.0,61877.0,507.0
2021-10-26,76135.0,13349.0,9554915.0,7803.0,48920.0,186252.0,12579.0,294280.0,2088.0
2021-10-27,54362.0,4000.0,11161810.0,177105.0,22022.0,157889.0,21361.0,57690.0,26.0
2021-10-28,126176.0,14801.0,6982868.0,966566.0,154645.0,22897.0,31849.0,114001.0,3947.0
2021-10-29,37217.0,2085.0,14648307.0,268472.0,130404.0,19076.0,7723.0,14804.0,3787.0
2021-11-01,0.0,0.0,0.0,0.0,0.0,0.0,0.0,0.0,0.0
2021-11-02,188136.0,17787.0,6747707.0,147696.0,249863.0,55678.0,28775.0,37564.0,2359.0
2021-11-03,36661.0,2115.0,8941835.0,21326.0,82085.0,166228.0,14855.0,64036.0,2539.0
2021-11-04,43303.0,1473.0,9498288.0,62724.0,50854.0,28421.0,5227.0,53477.0,1211.0
2021-11-05,82224.0,9874.0,4637018.0,80381.0,71498.0,32313.0,5848.0,5546.0,5698.0
2021-11-08,77964.0,2772.0,5640906.0,29230.0,50433.0,28328.0,11856.0,82683.0,9228.0
2021-11-09,93497.0,4241.0,6463581.0,313804.0,129479.0,36318.0,7808.0,246891.0,1188.0
2021-11-10,3096010.0,3586.0,12135058.0,19137.0,84756.0,17532.0,14675.0,101812.0,355.0
2021-11-11,145038.0,587.0,4441965.0,55147.0,84756.0,21308.0,19397.0,64802.0,1951.0
2021-11-12,29388.0,554.0,4057950.0,276230.0,0.0,13307.0,10896.0,478239.0,35173.0
2021-11-15,0.0,0.0,0.0,0.0,0.0,0.0,0.0,0.0,0.0
2021-11-16,80042.0,1832.0,5613888.0,77189.0,0.0,117638.0,6593.0,236565.0,203.0
2021-11-17,473980.0,9512.0,6306844.0,114704.0,0.0,188559.0,5978.0,120038.0,240.0
2021-11-18,28707.0,3810.0,8222251.0,114704.0,0.0,37913.0,29180.0,376030.0,146138.0
2021-11-19,41310.0,1592.0,9313395.0,73967.0,0.0,32387.0,12450.0,1410892.0,893.0
2021-11-22,111540.0,10473.0,4203864.0,22958.0,730800.0,37757.0,3404.0,325227.0,125020.0
2021-11-23,9203.0,4480.0,3979993.0,60648.0,206509.0,17203.0,249.0,144564.0,5.0
2021-11-24,47869.0,3860.0,1700213.0,300781.0,392828.0,18754.0,9104.0,316556.0,977.0
2021-11-25,141298.0,2865.0,624426.0,136757.0,157301.0,31596.0,708.0,141700.0,977.0
2021-11-26,106865.0,1745.0,11299503.0,131776.0,357623.0,13726.0,15536.0,507949.0,694.0
2021-11-29,415187.0,7511.0,19034738.0,395392.0,543892.0,110657.0,8794.0,313814.0,1002.0
2021-11-30,267678.0,23073.0,23596991.0,225107.0,407214.0,144796.0,85973.0,131492.0,36348.0
2021-12-01,526071.0,22393.0,9450523.0,98686.0,398407.0,214369.0,53409.0,386228.0,1216.0
2021-12-02,221248.0,10955.0,6131027.0,138623.0,129028.0,51870.0,1105.0,69622.0,182.0
2021-12-03,212245.0,4228.0,10709235.0,157831.0,157966.0,56598.0,12325.0,143967.0,5625.0
2021-12-06,54463.0,3042.0,3074555.0,146212.0,355259.0,42781.0,7470.0,82675.0,7118.0
2021-12-07,30782.0,4283.0,3416560.0,1079342.0,638317.0,116318.0,45456.0,90065.0,297.0
2021-12-08,0.0,0.0,0.0,0.0,0.0,0.0,0.0,0.0,0.0
2021-12-09,51341.0,11259.0,3482371.0,317932.0,727735.0,51727.0,6722.0,109652.0,1000.0
2021-12-10,38676.0,3447.0,3069361.0,161963.0,339645.0,14114.0,8369.0,36909.0,23.0
2021-12-13,42552.0,8239.0,2947731.0,110590.0,120914.0,38772.0,5448.0,44443.0,68038.0
2021-12-14,25566.0,211.0,2719016.0,10092.0,576064.0,145918.0,7363.0,61618.0,24.0
2021-12-15,17241.0,6823.0,1950102.0,180371.0,192689.0,97196.0,3332.0,17658.0,807.0
2021-12-16,87848.0,9267.0,8036244.0,745250.0,846598.0,124469.0,14550.0,26750.0,854.0
2021-12-17,188959.0,27341.0,14456509.0,244920.0,228089.0,356698.0,184221.0,88753.0,38128.0
2021-12-20,253324.0,4632.0,8685943.0,11768.0,161675.0,245078.0,25314.0,164012.0,523.0
2021-12-21,31152.0,10140.0,3217651.0,202808.0,64218.0,31582.0,18368.0,80753.0,750.0
2021-12-22,166678.0,12345.0,2600757.0,1945.0,50279.0,51476.0,45418.0,60510.0,1048.0
2021-12-23,9338.0,6363.0,1044193.0,6147.0,79527.0,28339.0,31298.0,20568.0,115.0
2021-12-24,2700.0,4.0,103836.0,4585.0,5196.0,634.0,480.0,1668.0,2.0
2021-12-27,29212.0,5074.0,1568017.0,15799.0,15169.0,24753.0,4831.0,15696.0,545.0
2021-12-28,47427.0,1108.0,1882670.0,226206.0,257953.0,105008.0,5677.0,16329.0,125.0
2021-12-29,13780.0,3161.0,1240317.0,26327.0,64862.0,86973.0,11806.0,9775.0,746.0
2021-12-30,19143.0,990.0,1872967.0,10219.0,40068.0,5694.0,2529.0,39188.0,17.0
2021-12-31,0.0,0.0,0.0,0.0,0.0,0.0,0.0,0.0,0.0
2022-01-03,18530.0,118.0,1485217.0,192985.0,26410.0,11094.0,5219.0,15466.0,44.0
2022-01-04,31766.0,1822.0,1835536.0,235688.0,72315.0,4202.0,6185.0,14551.0,204.0
2022-01-05,18459.0,186.0,3494795.0,75826.0,345685.0,87338.0,16619.0,38086.0,187.0
2022-01-06,18212.0,2790.0,2915271.0,405019.0,224237.0,15286.0,10957.0,79146.0,7.0
2022-01-07,137055.0,654.0,1891873.0,235911.0,959736.0,18536.0,4725.0,24619.0,16.0
2022-01-10,0.0,0.0,0.0,0.0,0.0,0.0,0.0,0.0,0.0
2022-01-11,20510.0,9494.0,5376506.0,19198.0,111238.0,8007.0,1384.0,24656.0,499.0
2022-01-12,185681.0,4959.0,6445367.0,58396.0,38688.0,38150.0,40320.0,59201.0,515.0
2022-01-13,275099.0,5476.0,12694470.0,207966.0,69482.0,88978.0,40579.0,142790.0,34545.0
2022-01-14,393979.0,28733.0,16307521.0,104614.0,119189.0,91543.0,61660.0,111014.0,4331.0
2022-01-17,0.0,0.0,0.0,0.0,0.0,0.0,0.0,0.0,0.0
2022-01-18,0.0,0.0,0.0,0.0,0.0,0.0,0.0,0.0,0.0
2022-01-19,0.0,0.0,0.0,0.0,0.0,0.0,0.0,0.0,0.0
2022-01-20,177397.0,23293.0,8401319.0,241741.0,0.0,58708.0,232014.0,290039.0,2281.0
2022-01-21,593955.0,30216.0,13863443.0,1102726.0,0.0,60724.0,33371.0,117639.0,45335.0
2022-01-24,195781.0,3569.0,13372595.0,292839.0,0.0,27219.0,6913.0,41469.0,1043.0
2022-01-25,91462.0,1630.0,11362812.0,49052.0,0.0,34178.0,10451.0,52978.0,1806.0
2022-01-26,182258.0,51122.0,11891193.0,393880.0,0.0,108244.0,123187.0,243389.0,4283.0
2022-01-27,209877.0,2116.0,4163245.0,293862.0,0.0,107069.0,200985.0,65503.0,220.0
2022-01-28,339164.0,10210.0,5774786.0,226895.0,0.0,38672.0,27890.0,146252.0,1015.0
2022-01-31,130035.0,15376.0,6130784.0,282554.0,0.0,46298.0,12164.0,23483.0,4185.0
2022-02-01,139683.0,10053.0,5063447.0,340848.0,94465.0,45098.0,56409.0,103002.0,1912.0
2022-02-02,206857.0,6533.0,6617229.0,364197.0,72554.0,58755.0,44094.0,84851.0,1739.0
2022-02-03,79576.0,2332.0,4880281.0,40223.0,197551.0,8738.0,28827.0,80461.0,1396.0
2022-02-04,325411.0,5942.0,9715789.0,433721.0,147393.0,41551.0,96006.0,61113.0,3354.0
2022-02-07,140303.0,47702.0,7396143.0,58374.0,85949.0,58174.0,30851.0,35117.0,1790.0
2022-02-08,51288.0,17352.0,8901783.0,322532.0,52543.0,61405.0,21055.0,99225.0,4748.0
2022-02-09,140291.0,3938.0,2794938.0,518273.0,92572.0,73652.0,7785.0,338837.0,2031.0
2022-02-10,230953.0,5399.0,7209811.0,79805.0,179313.0,44544.0,24912.0,232086.0,4638.0
2022-02-11,110636.0,5673.0,13695401.0,49824.0,179313.0,13889.0,17865.0,417689.0,1578.0
2022-02-14,115150.0,3798.0,11582281.0,213236.0,132219.0,89817.0,2123.0,465945.0,407.0
2022-02-15,90790.0,1745.0,15178169.0,576804.0,190180.0,33329.0,1493.0,211952.0,24.0
2022-02-16,140032.0,17049.0,36605391.0,247542.0,358762.0,36240.0,18431.0,197400.0,3128.0
2022-02-17,122598.0,2896.0,6267680.0,336936.0,47790.0,85177.0,31013.0,122269.0,1528.0
2022-02-18,146254.0,1633.0,4793160.0,224311.0,368347.0,22714.0,347265.0,500674.0,1640.0
2022-02-21,55420.0,3959.0,3813654.0,11894.0,562053.0,34366.0,3077.0,152994.0,1989.0
2022-02-22,197047.0,3301.0,13491882.0,137158.0,523472.0,45488.0,11399.0,75680.0,982.0
2022-02-23,258804.0,1339.0,5149743.0,26178.0,352062.0,89295.0,15950.0,368627.0,1699.0
2022-02-24,380868.0,10652.0,13387186.0,127601.0,354906.0,77331.0,106650.0,198934.0,2617.0
2022-02-25,152864.0,421.0,5739641.0,22994.0,4292245.0,202512.0,1542.0,71343.0,1608.0
2022-02-28,190403.0,14036.0,34517449.0,141285.0,31987.0,50468.0,9233.0,1412241.0,575.0
2022-03-01,134694.0,4292.0,16216845.0,123035.0,31987.0,70245.0,27886.0,97407.0,3759.0
2022-03-02,331223.0,13500.0,10980706.0,89235.0,0.0,31229.0,21340.0,203240.0,1854.0
2022-03-03,211564.0,1994.0,12463616.0,2489232.0,0.0,28932.0,13895.0,301170.0,8060.0
2022-03-04,266092.0,814.0,16244962.0,20226.0,15377773.0,58058.0,293263.0,237570.0,1328.0
2022-03-07,249275.0,2266.0,24658241.0,49987.0,0.0,75906.0,40431.0,498962.0,1909.0
2022-03-08,309366.0,12896.0,19963431.0,247503.0,0.0,34200.0,69995.0,227130.0,8364.0
2022-03-09,213581.0,8808.0,15815327.0,855155.0,0.0,127683.0,35216.0,206383.0,1475.0
2022-03-10,992865662.0,549256760.0,40710260840.0,17187786.0,0.0,547298900.0,662800995.0,566810275.0,3674078550.0
2022-03-11,231822.0,7731.0,11974382.0,94016.0,0.0,17507.0,93989.0,164464.0,36176.0
2022-03-14,88112.0,22633.0,19354640.0,297662.0,0.0,54662.0,19181.0,146164.0,16202.0
2022-03-15,157093.0,2290.0,19914296.0,100701.0,0.0,13720.0,11487.0,117833.0,7699.0
2022-03-16,1469035.0,14723.0,9235072.0,1229833.0,0.0,16264.0,11631.0,29996.0,9184.0
2022-03-17,58271.0,13019.0,12913446.0,4975.0,0.0,21812.0,11442.0,63594.0,6158.0
2022-03-18,247735.0,27345.0,23470109.0,1149438.0,0.0,180172.0,20848.0,33055.0,5985.0
2022-03-21,0.0,0.0,0.0,0.0,0.0,0.0,0.0,0.0,0.0
2022-03-22,43742.0,0.0,4465475.0,24952.0,0.0,167208.0,13232.0,144082.0,3702.0
2022-03-23,71427.0,0.0,23689512.0,9093.0,0.0,100265.0,13232.0,19907.0,7584.0
2022-03-24,1126436.0,0.0,13642896.0,77497.0,0.0,146772.0,29572.0,87043.0,17242.0
2022-03-25,269386.0,0.0,11197149.0,210682.0,0.0,120741.0,61377.0,56621.0,7003.0
2022-03-28,841628.0,0.0,6932464.0,43435.0,0.0,14257.0,16077.0,39821.0,2761.0
2022-03-29,252402.0,0.0,10327164.0,302036.0,0.0,31009.0,5448.0,31796.0,1459.0
2022-03-30,252402.0,0.0,10327164.0,302036.0,0.0,31009.0,5448.0,31796.0,1459.0
2022-03-31,25485.0,24658.0,8624478.0,100741.0,10364.0,18901.0,9612.0,60840.0,2549.0
2022-04-01,118029.0,77150.0,9923633.0,138644.0,359645.0,50099.0,6332.0,6414.0,7638.0
2022-04-04,0.0,0.0,0.0,0.0,0.0,0.0,0.0,0.0,0.0
2022-04-05,133040.0,70675.0,6643194.0,101080.0,73881.0,108935.0,38404.0,89049.0,39763.0
2022-04-06,204758.0,20630.0,12412293.0,399521.0,251764.0,138655.0,33769.0,144562.0,38528.0
2022-04-07,111180.0,101850.0,5507741.0,137055.0,489637.0,76409.0,40840.0,110336.0,9010.0
2022-04-08,957423.0,153854.0,12116893.0,61626.0,210669.0,241264.0,1522792.0,103450.0,104395.0
2022-04-11,26260.0,5526.0,5125297.0,6059.0,62147.0,12616.0,227922.0,138247.0,35077.0
2022-04-12,26260.0,28837.0,5706343.0,123099.0,51021.0,14796.0,168060.0,175039.0,3399.0
2022-04-13,58134.0,2778.0,8603801.0,11713.0,19836.0,110.0,103178.0,40142.0,21637.0
2022-04-14,0.0,0.0,0.0,0.0,0.0,0.0,0.0,0.0,0.0
2022-04-15,0.0,0.0,0.0,0.0,0.0,0.0,0.0,0.0,0.0
2022-04-18,72856.0,11021.0,9585332.0,465934.0,166228.0,40282.0,39276.0,89546.0,13067.0
2022-04-19,310476.0,2574.0,9382755.0,794199.0,218678.0,26194.0,104382.0,36405.0,26633.0
2022-04-20,53558.0,9573.0,13838365.0,27050.0,178172.0,96798.0,30797.0,270432.0,9566.0
2022-04-21,735428.0,4570.0,14071159.0,47051.0,124760.0,82817.0,19606.0,179724.0,9403.0
2022-04-22,189214.0,34350.0,12121244.0,251438.0,51481.0,98713.0,161997.0,288247.0,11910.0
2022-04-25,424795.0,21745.0,16781329.0,241911.0,236454.0,72714.0,18962.0,45184.0,3350.0
2022-04-26,160526.0,26751.0,10587178.0,136424.0,333306.0,69761.0,30757.0,202557.0,87108.0
2022-04-27,170846.0,17884.0,9823025.0,82636.0,27825.0,46973.0,15430.0,80131.0,17982.0
2022-04-28,209098.0,16363.0,6758303.0,38561.0,49748.0,32049.0,8604.0,90544.0,4269.0
2022-04-29,209098.0,16363.0,6758303.0,38561.0,49748.0,32049.0,8604.0,90544.0,4269.0
2022-05-02,137986.0,7462.0,6976007.0,95668.0,14157.0,19630.0,34108.0,206165.0,172.0
2022-05-03,193748.0,54660.0,9994912.0,50888.0,10105.0,49492.0,35278.0,452164.0,2717.0
2022-05-04,85136.0,16024.0,19448935.0,20693.0,6994.0,34406.0,29806.0,208696.0,958.0
2022-05-05,84828.0,6981.0,9724254.0,8115.0,7123.0,17660.0,21345.0,207880.0,605.0
2022-05-06,90264.0,86301.0,3961668.0,46274.0,25692.0,50071.0,49209.0,165014.0,975.0
2022-05-09,71322.0,33122.0,14981554.0,381139.0,9231.0,27699.0,21433.0,221434.0,7132.0
2022-05-10,127080.0,9077.0,6817853.0,350498.0,4667.0,16609.0,49917.0,61966.0,4787.0
2022-05-11,54860.0,5273.0,15293357.0,293571.0,451.0,20440.0,107584.0,89514.0,24.0
2022-05-12,213116.0,9407.0,7438751.0,299933.0,6614.0,17063.0,86632.0,43396.0,68.0
2022-05-13,132918.0,20215.0,7706578.0,84825.0,17998.0,188179.0,8518.0,62716.0,1.0
2022-05-16,15902.0,36560.0,9137923.0,71965.0,3104.0,63178.0,244978.0,163541.0,2507.0
2022-05-17,110697.0,26796.0,9933418.0,172205.0,346031.0,187773.0,34386.0,211812.0,524.0
2022-05-18,270920.0,14307.0,15353061.0,1278827.0,13906.0,86677.0,65042.0,130479.0,8359.0
2022-05-19,153505.0,25104.0,10094070.0,24301.0,16358.0,96683.0,30980.0,221764.0,4101.0
2022-05-20,48040.0,887.0,7977121.0,195844.0,22303.0,19748.0,27110.0,46156.0,5866.0
2022-05-23,80853.0,2070.0,5337946.0,528917.0,12934.0,36132.0,16696.0,53396.0,5798.0
2022-05-24,61551.0,17748.0,3297405.0,667849.0,12665.0,20476.0,10320.0,16934.0,572.0
2022-05-25,109202.0,21409.0,5706392.0,31843.0,6755.0,49472.0,144508.0,26417.0,1358.0
2022-05-26,67362.0,27346.0,5791234.0,100840.0,12173.0,61524.0,8579.0,98355.0,2039.0
2022-05-27,70222.0,6454.0,4954261.0,248028.0,6485.0,170246.0,38794.0,95504.0,496.0
2022-05-30,0.0,0.0,0.0,0.0,0.0,0.0,0.0,0.0,0.0
2022-05-31,415947.0,183588.0,46273560.0,2149654.0,183444.0,351891.0,92498.0,709162.0,11944.0
2022-06-01,61281.0,18050.0,11246594.0,932513.0,23604.0,500714.0,20179.0,104667.0,1581.0
2022-06-02,48413.0,52709.0,7132586.0,212970.0,9461.0,41975.0,48123.0,1491228.0,1990.0
2022-06-03,207695.0,9121.0,11597736.0,853537.0,24857.0,63346.0,61806.0,1089502.0,5614.0
2022-06-06,109048.0,89682.0,4598283.0,18632.0,28627.0,9334.0,33114.0,129345.0,2840.0
2022-06-07,246390.0,25478.0,7170384.0,449910.0,257341.0,38210.0,103385.0,70650.0,2800.0
2022-06-08,180454.0,11969.0,4921973.0,13648.0,33111.0,18914.0,21479.0,66308.0,2542.0
2022-06-09,461233.0,9177.0,8733067.0,84823.0,15301.0,67438.0,28345.0,179853.0,2086.0
2022-06-10,128910.0,12289.0,6344693.0,39543.0,5564.0,45654.0,57110.0,255366.0,926.0
2022-06-13,183116.0,17533.0,9141484.0,285343.0,11824.0,43185.0,33957.0,45156.0,4632.0
2022-06-14,132513.0,25044.0,6088210.0,1031329.0,6899.0,27095.0,13203.0,140580.0,2145.0
2022-06-15,134325.0,13177.0,6088210.0,242550.0,21252.0,20078.0,42849.0,83841.0,2146.0
2022-06-16,97336.0,126.0,11726058.0,42940.0,4731.0,17993.0,17675.0,58606.0,1062.0
2022-06-17,154643.0,8536.0,39523174.0,368660.0,1480240.0,35116.0,36365.0,34676.0,1040.0
2022-06-20,0.0,0.0,0.0,0.0,0.0,0.0,0.0,0.0,0.0
2022-06-21,434813.0,26739.0,25004815.0,668035.0,93307.0,49755.0,50613.0,322199.0,4530.0
2022-06-22,256469.0,12813.0,12483075.0,217121.0,30140.0,149421.0,50321.0,260732.0,4825.0
2022-06-23,172170.0,31241.0,26266483.0,811647.0,42941.0,58836.0,22377.0,178028.0,2360.0
2022-06-24,140936.0,12423.0,11747960.0,182891.0,1471.0,25772.0,226098.0,89305.0,2570.0
2022-06-27,0.0,0.0,0.0,0.0,0.0,0.0,0.0,0.0,0.0
2022-06-28,0.0,0.0,0.0,0.0,0.0,0.0,0.0,0.0,0.0
2022-06-29,0.0,0.0,0.0,0.0,0.0,0.0,0.0,0.0,0.0
2022-06-30,95224.0,26454.0,9054237.0,19775.0,17430.0,104401.0,11357.0,28740.0,24976.0
2022-07-01,180108.0,15618.0,10699220.0,44815.0,41819.0,137531.0,23058.0,171762.0,9172.0
2022-07-04,0.0,0.0,0.0,0.0,0.0,0.0,0.0,0.0,0.0
2022-07-05,172031.0,4837.0,8613559.0,6704.0,225330.0,16232.0,17788.0,12135.0,18808.0
2022-07-06,172031.0,4837.0,8613559.0,6704.0,225330.0,16232.0,17788.0,12135.0,18808.0
2022-07-07,108812.0,21421.0,4971410.0,53031.0,10566.0,92310.0,8339.0,133429.0,165.0
2022-07-08,68699.0,8550.0,5030759.0,412111.0,24662.0,108977.0,90777.0,135549.0,1971.0
2022-07-11,118609.0,11165.0,7095067.0,186737.0,39475.0,54492.0,5065.0,253189.0,748.0
2022-07-12,131178.0,14049.0,19966931.0,48307.0,53610.0,30698.0,24669.0,105778.0,2232.0
2022-07-13,104464.0,6697.0,5508819.0,2317.0,3431.0,8453.0,8287.0,26033.0,8241.0
2022-07-14,122554.0,24986.0,8270276.0,43118.0,30572.0,76618.0,13953.0,127060.0,2242.0
2022-07-15,24769.0,20277.0,5832165.0,20377.0,16791.0,107486.0,202042.0,59826.0,776.0
2022-07-18,125255.0,27607.0,4644568.0,325412.0,4009.0,213414.0,6446.0,151630.0,488.0
2022-07-19,7684.0,11749.0,5127802.0,186483.0,2056.0,52648.0,6013.0,22072.0,831.0
2022-07-20,0.0,0.0,0.0,0.0,0.0,0.0,0.0,0.0,0.0
2022-07-21,89484.0,8499.0,7409333.0,121924.0,13843.0,159907.0,9683.0,51283.0,395.0
2022-07-22,53240.0,1482.0,4512408.0,39318.0,87614.0,26312.0,8142.0,62177.0,3554.0
2022-07-25,126049.0,706.0,2817647.0,266816.0,16253.0,39409.0,507.0,203483.0,954.0
2022-07-26,33882.0,600.0,2764700.0,610560.0,7220.0,85945.0,822.0,182805.0,180.0
2022-07-27,107824.0,1630.0,4067297.0,129422.0,5411.0,32737.0,1381.0,386119.0,23.0
2022-07-28,1926749.0,4014.0,3606294.0,56964.0,8860.0,13431.0,797.0,255699.0,37.0
2022-07-29,248464.0,4418.0,7960916.0,15128.0,10265.0,32526.0,12231.0,51315.0,4416.0
2022-08-01,165877.0,48034.0,3705747.0,51622.0,9006.0,52824.0,14896.0,44179.0,9283.0
2022-08-02,153763.0,447.0,14759269.0,1684.0,69038.0,20976.0,6010.0,67923.0,4341.0
2022-08-03,95015.0,3403.0,9795816.0,20192.0,9061.0,35473.0,10512.0,94183.0,1207.0
2022-08-04,61274.0,2414.0,12296777.0,12919.0,11175.0,39299.0,1940.0,132576.0,1976.0
2022-08-05,49875.0,774.0,4967710.0,3447.0,12523.0,2641.0,9790.0,238654.0,21484.0
2022-08-08,904360.0,17844.0,5045596.0,42363.0,12276.0,18732.0,20478.0,168453.0,6496.0
2022-08-09,162677.0,4598.0,6248690.0,616.0,20138.0,49843.0,25162.0,43072.0,7783.0
2022-08-10,609487.0,3968.0,4250261.0,13300.0,16400.0,29556.0,13244.0,53741.0,3755.0
2022-08-11,124561.0,5535.0,3434744.0,37453.0,5863.0,8780.0,26926.0,45256.0,13960.0
2022-08-12,198827.0,2107.0,3481580.0,15171.0,4976.0,46813.0,16097.0,214673.0,1250.0
2022-08-15,0.0,0.0,0.0,0.0,0.0,0.0,0.0,0.0,0.0
2022-08-16,0.0,0.0,0.0,0.0,0.0,0.0,0.0,0.0,0.0
2022-08-17,611071.0,7172.0,4789225.0,37574.0,27052.0,208163.0,19124.0,364287.0,13610.0
2022-08-18,728398.0,10514.0,13500923.0,13944.0,33665.0,44944.0,31180.0,176288.0,15644.0
2022-08-19,167341.0,6636.0,2992851.0,169810.0,5836.0,99742.0,22791.0,79996.0,7247.0
2022-08-22,42505.0,4373.0,3761761.0,67667.0,871.0,4878.0,67167.0,95513.0,469.0
2022-08-23,54779.0,5559.0,13877097.0,23367.0,954.0,152054.0,8172.0,88302.0,526.0
2022-08-24,103969.0,4389.0,6358022.0,29133.0,7608.0,136969.0,17064.0,59302.0,6684.0
2022-08-25,129869.0,6841.0,4671873.0,46864.0,19320.0,204982.0,22249.0,162107.0,11637.0
2022-08-26,18003.0,2789.0,9272266.0,18482.0,3.0,54323.0,13837.0,187528.0,1820.0
2022-08-29,88774.0,1345.0,9155932.0,70329.0,5262.0,40306.0,35167.0,31197.0,2244.0
2022-08-30,128377.0,766.0,9900741.0,62992.0,3862.0,16545.0,25070.0,94618.0,3418.0
2022-08-31,272374.0,17558.0,23852106.0,120061.0,33427.0,220966.0,184579.0,146669.0,12318.0
2022-09-01,30041.0,3494.0,7260050.0,49298.0,121525.0,3905.0,4859.0,65514.0,11034.0
2022-09-02,97497.0,996.0,4997266.0,170002.0,13102.0,446455.0,4378.0,94138.0,5080.0
2022-09-05,104212.0,1903.0,1089796.0,182771.0,6506.0,341.0,22336.0,46235.0,2071.0
2022-09-06,80455.0,1061.0,2978120.0,20580.0,9000.0,45985.0,11673.0,30470.0,6882.0
2022-09-07,58864.0,9751.0,4054581.0,81542.0,6357.0,361331.0,9156.0,34315.0,2810.0
2022-09-08,137690.0,1117.0,5573422.0,15510.0,5289.0,48058.0,4268.0,32337.0,346.0
2022-09-09,35842.0,601.0,5190574.0,22773.0,4951.0,51488.0,17991.0,14866.0,1783.0
2022-09-12,43664.0,2403.0,4305164.0,70746.0,178686.0,1354.0,3217.0,1186.0,4870.0
2022-09-13,51699.0,2128.0,5586669.0,65140.0,6374.0,66838.0,14708.0,6099.0,9446.0
2022-09-14,129306.0,622.0,7384883.0,20658.0,27663.0,10854.0,6746.0,15570.0,5146.0
2022-09-15,167333.0,3764.0,5064177.0,4472.0,76322.0,165615.0,4633.0,91551.0,2229.0
2022-09-16,415306.0,50300.0,21572838.0,100000.0,314363.0,119026.0,3213.0,32676.0,23283.0
2022-09-19,195680.0,5743.0,2612146.0,6182.0,16151.0,38140.0,5503.0,55462.0,48965.0
2022-09-20,211462.0,10707.0,7905464.0,39130.0,13174.0,99627.0,2433.0,28248.0,700.0
2022-09-21,269573.0,6879.0,7001838.0,330.0,13174.0,47425.0,145933.0,25785.0,569.0
2022-09-22,367096.0,1366.0,4102971.0,167412.0,0.0,47346.0,5587.0,12567.0,1582.0
2022-09-23,57974.0,7506.0,9944859.0,33649.0,0.0,47085.0,7180.0,16364.0,833.0
2022-09-26,76110.0,4294.0,5590268.0,51923.0,0.0,1205.0,16288.0,90165.0,523.0
2022-09-27,54955.0,8150.0,4025883.0,25664.0,0.0,6243.0,22883.0,47668.0,539.0
2022-09-28,209848.0,70145.0,3738569.0,29511.0,0.0,42119.0,15169.0,54245.0,2054.0
2022-09-29,343223.0,1157.0,2743619.0,117262.0,0.0,7811.0,9400.0,197910.0,2347.0
2022-09-30,87787.0,1698.0,3932254.0,393464.0,0.0,41650.0,3969.0,5265.0,1023.0
2022-10-03,165595.0,755.0,6272451.0,13798.0,0.0,72633.0,5830.0,37463.0,34368.0
2022-10-04,208451.0,963.0,7237401.0,1236.0,0.0,137635.0,3530.0,70868.0,8401.0
2022-10-05,79180.0,2090.0,10043541.0,44171.0,0.0,110895.0,18137.0,31688.0,2492.0
2022-10-06,18047.0,533.0,10533768.0,175239.0,0.0,7196.0,16659.0,39527.0,6387.0
2022-10-07,41383.0,584.0,6702153.0,2476.0,0.0,19350.0,1388.0,44109.0,429.0
2022-10-10,24792.0,124.0,4409461.0,15812.0,0.0,24141.0,26019.0,32606.0,241.0
2022-10-11,28493.0,444.0,5892516.0,1341.0,0.0,153423.0,7952.0,15989.0,106.0
2022-10-12,107967.0,520.0,4927800.0,743.0,0.0,20240.0,36015.0,67032.0,173.0
2022-10-13,59009.0,1630.0,6309464.0,11662.0,0.0,25173.0,23748.0,12094.0,787.0
2022-10-14,61774.0,916.0,4774223.0,3322.0,0.0,13813.0,10022.0,63876.0,3230.0
2022-10-17,0.0,0.0,0.0,0.0,0.0,0.0,0.0,0.0,0.0
2022-10-18,160783.0,2033.0,6116479.0,731303.0,0.0,41322.0,12525.0,46815.0,6783.0
2022-10-19,137140.0,6074.0,12400647.0,438100.0,0.0,353705.0,11417.0,54677.0,6312.0
2022-10-20,137140.0,6074.0,12400647.0,438100.0,0.0,353705.0,11417.0,54677.0,6312.0
2022-10-21,314620.0,4739.0,18944675.0,143783.0,35727.0,40275.0,6749.0,29813.0,2345.0
2022-10-24,72055.0,3147.0,7370038.0,224932.0,118609.0,37061.0,17822.0,55814.0,3851.0
2022-10-25,75808.0,5129.0,6051687.0,96474.0,37932.0,20698.0,12853.0,115909.0,9523.0
2022-10-26,135879.0,2354.0,7506813.0,14900.0,28584.0,148864.0,7705.0,107708.0,4945.0
2022-10-27,86563.0,10997.0,9223454.0,13455.0,13750.0,89323.0,12122.0,37408.0,1296.0
2022-10-28,146481.0,7851.0,17374042.0,40728.0,10782.0,45630.0,9936.0,32432.0,1471.0
2022-10-31,234979.0,3260.0,9966124.0,27232.0,5597.0,10985.0,50332.0,116579.0,160.0
2022-11-01,303928.0,7876.0,15593405.0,56278.0,9890.0,175420.0,22383.0,231325.0,14405.0
2022-11-02,119112.0,9338.0,6792140.0,64617.0,26068.0,197498.0,5619.0,45622.0,397.0
2022-11-03,84393.0,3054.0,4026780.0,1515.0,10695.0,19711.0,7772.0,58981.0,508.0
2022-11-04,60489.0,4532.0,5616093.0,97073.0,10624.0,197966.0,16258.0,296035.0,1047.0
2022-11-07,0.0,0.0,0.0,0.0,0.0,0.0,0.0,0.0,0.0
2022-11-08,96623.0,4588.0,3792341.0,300252.0,31243.0,158685.0,17295.0,52221.0,1807.0
2022-11-09,145186.0,6884.0,8928254.0,357224.0,8639.0,92038.0,3492.0,4393.0,10600.0
2022-11-10,52208.0,18329.0,13999872.0,296488.0,32937.0,25505.0,8483.0,81482.0,4203.0
2022-11-11,50946.0,10984.0,42656376.0,25820.0,13628.0,14545.0,15872.0,116327.0,43150.0
2022-11-14,0.0,0.0,0.0,0.0,0.0,0.0,0.0,0.0,0.0
2022-11-15,164112.0,6380.0,28127413.0,38720.0,52825.0,18397.0,48399.0,114540.0,2525.0
2022-11-16,154654.0,8473.0,17874188.0,10000.0,11917.0,24857.0,8592.0,45957.0,661.0
2022-11-17,69732.0,3922.0,10933896.0,5302.0,62149.0,17408.0,19481.0,29621.0,2995.0
2022-11-18,76552.0,5303.0,7813398.0,316.0,6836.0,568213.0,48883.0,4600.0,1142.0
2022-11-21,105861.0,10071.0,13172050.0,674925.0,41128.0,25659.0,39885.0,50412.0,198.0
2022-11-22,105861.0,10071.0,13172050.0,674925.0,41128.0,25659.0,39885.0,50412.0,198.0
2022-11-23,386058539.0,1174152400.0,15320143413.0,8019944.0,516598061.0,1506885360.0,127061918.0,25642355.0,149184320.0
2022-11-24,0.0,0.0,0.0,0.0,0.0,0.0,0.0,0.0,0.0
2022-11-25,0.0,7693.0,11708659.0,1017236.0,0.0,0.0,0.0,0.0,51845.0
2022-11-28,103524.0,4461.0,18856433.0,1688.0,403.0,771.0,11852.0,51663.0,4865.0
2022-11-29,41033.0,376.0,16195668.0,6744.0,8034.0,1196.0,15279.0,153803.0,59.0
2022-11-30,120509.0,92272.0,308627836.0,251634.0,98262.0,219029.0,89095.0,544430.0,30196.0
2022-12-01,757787.0,82904.0,147003134.0,339949.0,29042.0,33638.0,189286.0,242604.0,9382.0
2022-12-02,541599.0,13882.0,11840118.0,27930.0,17401.0,699.0,3163.0,14050.0,31568.0
2022-12-05,17288.0,164.0,8478467.0,276962.0,90807.0,3497.0,29499.0,13312.0,372.0
2022-12-06,7229.0,17.0,3484172.0,1953.0,2581.0,34.0,522.0,38060.0,1071.0
2022-12-07,66550.0,1188.0,11886847.0,36925.0,9385.0,15339.0,1003.0,72625.0,381.0
2022-12-08,0.0,0.0,0.0,0.0,0.0,0.0,0.0,0.0,0.0
2022-12-09,44940.0,563.0,12477101.0,4573.0,2113.0,91514.0,650.0,56674.0,438.0
2022-12-12,56087.0,920.0,2347822.0,12594.0,18297.0,15463.0,913.0,4680.0,101.0
2022-12-13,57374.0,2538.0,5329134.0,191236.0,681.0,2864.0,7059.0,52311.0,104.0
2022-12-14,109251.0,27034.0,11606278.0,18100.0,6448.0,29371.0,6261.0,41834.0,99.0
2022-12-15,135211.0,2274.0,4272355.0,8700.0,4766.0,109679.0,5760.0,23252.0,579.0
2022-12-16,119223.0,9203.0,4650468.0,3009.0,22751.0,102855.0,1303.0,59551.0,3688.0
2022-12-19,208841.0,9455.0,16255879.0,15141.0,3390.0,21826.0,6231.0,44832.0,443.0
2022-12-20,123193.0,15944.0,12021096.0,1787.0,921.0,79992.0,5514.0,26567.0,278.0
2022-12-21,112741.0,6450.0,30554239.0,306622.0,23158.0,1746.0,3488.0,70451.0,29587.0
2022-12-22,125066.0,4990.0,2952942.0,57190.0,275.0,1815.0,980.0,15805.0,11335.0
2022-12-23,28569.0,16457.0,0.0,147271.0,1338.0,835.0,1212.0,37518.0,10106.0
2022-12-26,32582.0,552.0,1135993.0,6183.0,1252.0,8437.0,2763.0,30481.0,9433.0
2022-12-27,51275.0,2214.0,15275167.0,14006.0,1435.0,20330.0,6164.0,18365.0,66344.0
2022-12-28,34078.0,7065.0,2433228.0,3038.0,2583.0,39636.0,4789.0,7140.0,94.0
2022-12-29,100665.0,9941.0,6856768.0,55000.0,2427.0,69555.0,5477.0,40824.0,257.0
2022-12-30,0.0,0.0,0.0,0.0,0.0,0.0,0.0,0.0,0.0
2023-01-02,29951.0,424.0,1474560.0,0.0,1386.0,34003.0,8078.0,74705.0,136.0
2023-01-03,28911.0,1068.0,8883437.0,5800.0,4073.0,5334.0,3829.0,26049.0,2340.0
2023-01-04,54510.0,682.0,14320260.0,4863.0,1526.0,6130.0,6803.0,76390.0,222.0
2023-01-05,48694.0,987.0,9307020.0,56615.0,8055.0,5680.0,4447.0,49425.0,357.0
2023-01-06,49165.0,2279.0,21712400.0,8424.0,8222.0,49937.0,2400.0,43850.0,199.0
2023-01-09,0.0,0.0,0.0,0.0,0.0,0.0,0.0,0.0,0.0
2023-01-10,74236.0,1086.0,8389320.0,1298.0,1549.0,28178.0,4558.0,13750.0,669.0
2023-01-11,188824.0,638.0,10383564.0,167400.0,2649.0,40320.0,3088.0,82780.0,303.0
2023-01-12,68923.0,9650.0,16049836.0,56793.0,6659.0,13341.0,6847.0,121161.0,2775.0
2023-01-13,20742.0,738.0,8619623.0,68518.0,3735.0,3954.0,2145.0,66343.0,27.0
2023-01-16,20655.0,145.0,400070.0,30255.0,1089.0,2124.0,5203.0,11176.0,47.0
2023-01-17,12849.0,4488.0,4391571.0,7187.0,8123.0,9425.0,1903.0,34698.0,835.0
2023-01-18,75943.0,5951.0,12467371.0,6846.0,3203.0,34950.0,13960.0,17767.0,725.0
2023-01-19,200745.0,275.0,4342351.0,28342.0,638.0,59577.0,978.0,26892.0,3167.0
2023-01-20,81818.0,27.0,4671757.0,3602.0,6569.0,19697.0,121739.0,66274.0,5283.0
2023-01-23,31843.0,3640.0,6986901.0,4159.0,7184.0,4410.0,5397.0,25918.0,733.0
2023-01-24,112065.0,3472.0,9074076.0,12485.0,11793.0,29135.0,7748.0,59050.0,2132.0
2023-01-25,129197.0,8134.0,11432596.0,36045.0,9238.0,106939.0,17052.0,19598.0,3241.0
2023-01-26,111128.0,1141.0,4177451.0,124820.0,14774.0,142960.0,551.0,15066.0,998.0
2023-01-27,183604.0,5749.0,17102952.0,36716.0,13976.0,58493.0,3613.0,62963.0,16093.0
2023-01-30,173551.0,4447.0,7138778.0,99240.0,8854.0,37462.0,698.0,31895.0,1107.0
2023-01-31,51716.0,2624.0,6765146.0,83145.0,16669.0,50614.0,15647.0,58906.0,5467.0
2023-02-01,58870.0,12210.0,9267539.0,4004.0,3892.0,57922.0,18680.0,87585.0,8260.0
2023-02-02,264941.0,1046.0,7972438.0,74796.0,8247.0,10143.0,16902.0,27769.0,4028.0
2023-02-03,113719.0,736.0,4054828.0,1376.0,17890.0,20818.0,2000.0,119764.0,2538.0
2023-02-06,102046.0,1389.0,4339228.0,2000.0,13102.0,77159.0,2737.0,139068.0,415.0
2023-02-07,85978.0,5290.0,9271012.0,7751.0,13940.0,31553.0,2337.0,86956.0,3499.0
2023-02-08,89033.0,8642.0,6591305.0,4889.0,28387.0,23084.0,10531.0,47332.0,16081.0
2023-02-09,72617.0,2702.0,15347845.0,0.0,14174.0,67426.0,351.0,11769.0,5135.0
2023-02-10,58703.0,749.0,10479063.0,0.0,12175.0,129285.0,7944.0,18974.0,5818.0
2023-02-13,117376.0,1514.0,3704363.0,30659.0,5760.0,3257.0,6422.0,163988.0,3178.0
2023-02-14,615451.0,7639.0,3650026.0,277.0,2585.0,47114.0,1595.0,87520.0,1122.0
2023-02-15,300065.0,2053.0,5464723.0,320.0,1357.0,37747.0,15884.0,11720.0,1765.0
2023-02-16,947299.0,355.0,6622766.0,0.0,6290.0,60457.0,8048.0,24289.0,393.0
2023-02-17,166842.0,343.0,4895456.0,55147.0,2180.0,59184.0,3688.0,17611.0,6.0
2023-02-20,76780.0,3583.0,216139.0,0.0,9742.0,19976.0,3631.0,49403.0,179.0
2023-02-21,428165.0,2109.0,4331156.0,1930.0,153.0,10264.0,39526.0,91803.0,45.0
2023-02-22,168884.0,275.0,4313119.0,0.0,262.0,1310.0,3552.0,10913.0,3176.0
2023-02-23,403649.0,4849.0,7625165.0,727.0,6090.0,1236.0,4627.0,4287.0,3.0
2023-02-24,61301.0,5947.0,4829578.0,901.0,3563.0,28359.0,5843.0,150374.0,54.0
2023-02-27,777792.0,5912.0,7412112.0,399.0,1732.0,44606.0,1686.0,0.0,918.0
2023-02-28,244584.0,23462.0,10760292.0,10355.0,3711.0,44961.0,1568.0,20303.0,5876.0
2023-03-01,112978.0,130420.0,20111742.0,1560.0,2825.0,29417.0,707.0,0.0,492.0
2023-03-02,36034.0,15873.0,7299509.0,1888.0,5069.0,33780.0,12883.0,10791.0,323.0
2023-03-03,614219.0,11551.0,4622687.0,5777.0,2641.0,53021.0,28107.0,0.0,466.0
2023-03-06,137316.0,7296.0,4586106.0,14704.0,20770.0,21792.0,24707.0,0.0,1318.0
2023-03-07,189079.0,10295.0,3520665.0,433507.0,34097.0,19347.0,6646.0,0.0,2094.0
2023-03-08,186258.0,39246.0,2735097.0,80342.0,37853.0,54290.0,8081.0,0.0,1670.0
2023-03-09,122545.0,7545.0,3896396.0,200.0,18801.0,71970.0,6977.0,253523.0,34.0
2023-03-10,98067.0,1474.0,5144534.0,347.0,11115.0,19081.0,8047.0,50268.0,62.0
2023-03-13,111130.0,45259.0,4864747.0,2715.0,41904.0,80249.0,2525.0,0.0,21644.0
2023-03-14,82310.0,86483.0,8010652.0,12882.0,6791.0,93824.0,645.0,41884.0,381.0
2023-03-15,835907.0,138046.0,15027576.0,296424.0,21227.0,114219.0,27589.0,3955.0,17522.0
2023-03-16,2808407.0,20426.0,9236815.0,130.0,1729.0,36049.0,4105.0,16695.0,425.0
2023-03-17,678465.0,124351.0,7243872.0,7710.0,187369.0,484247.0,8330.0,136998.0,18696.0
2023-03-20,0.0,0.0,0.0,0.0,0.0,0.0,0.0,0.0,0.0
2023-03-21,69033.0,480.0,2656243.0,2527.0,122473.0,85770.0,10775.0,24762.0,53.0
2023-03-22,56824.0,831.0,4543865.0,4814.0,3329.0,8930.0,27046.0,51895.0,8354.0
2023-03-23,40386.0,628.0,8728507.0,0.0,565235.0,7268.0,3624.0,55475.0,920.0
2023-03-24,2136811.0,77561.0,2886134.0,17131.0,11312.0,244404.0,1212.0,7859.0,7939.0
2023-03-27,246634.0,10470.0,3538882.0,27729.0,226679.0,18854.0,8558.0,33825.0,36233.0
2023-03-28,442091.0,5723.0,2498340.0,34284.0,4872.0,184878.0,4765.0,8563.0,6185.0
2023-03-29,142922.0,199270.0,2167508.0,28610.0,20623.0,9781.0,496.0,43330.0,5204.0
2023-03-30,140681.0,3672.0,3071543.0,512348.0,6970.0,13805.0,11178.0,59356.0,1293.0
2023-03-31,162355.0,282.0,3719322.0,11670.0,4592.0,3824.0,2973.0,3204.0,488.0
2023-04-03,131574.0,430.0,9371127.0,49604.0,105890.0,22939.0,61010.0,5919.0,459.0
2023-04-04,48162.0,530.0,4966824.0,153984.0,68679.0,1054.0,5104.0,154180.0,44.0
2023-04-05,172385.0,3249.0,1483413.0,59491.0,12919.0,18979.0,53211.0,32348.0,930.0
2023-04-06,0.0,0.0,0.0,0.0,0.0,0.0,0.0,0.0,0.0
2023-04-07,0.0,0.0,0.0,0.0,0.0,0.0,0.0,0.0,0.0
2023-04-10,169997.0,3084.0,2932430.0,16949.0,23229.0,62966.0,52001.0,17223.0,704.0
2023-04-11,857380.0,7501.0,5116689.0,222042.0,28859.0,119693.0,72131.0,114839.0,100.0
2023-04-12,76726.0,330.0,6354579.0,101211.0,26907.0,223568.0,2358.0,48403.0,28.0
2023-04-13,124938.0,4981.0,1633921.0,237787.0,22724.0,574363.0,152814.0,43834.0,153.0
2023-04-14,0.0,0.0,0.0,0.0,0.0,0.0,0.0,0.0,0.0
2023-04-17,171116.0,13417.0,4362363.0,27162.0,21615.0,248394.0,6749.0,114970.0,249.0
2023-04-18,80796.0,5257.0,4410073.0,203337.0,6797.0,350790.0,157616.0,66510.0,633.0
2023-04-19,236076.0,1824.0,2257821.0,11745.0,12130.0,10411.0,4977.0,69814.0,729.0
2023-04-20,6339.0,2114.0,6702508.0,85490.0,850.0,26408.0,1935.0,9174.0,23.0
2023-04-21,330218.0,3085.0,4636042.0,19141.0,2511.0,45045.0,2532.0,9662.0,17162.0
2023-04-24,80564.0,3201.0,4944020.0,22833.0,3998.0,43141.0,26575.0,89457.0,814.0
2023-04-25,58330.0,4734.0,13644209.0,99088.0,5513.0,1027341.0,47860.0,2786.0,50.0
2023-04-26,94307.0,892.0,17871151.0,11739.0,29142.0,14697.0,47950.0,27384.0,787.0
2023-04-27,33622.0,34461.0,7471579.0,9174.0,62916.0,12548.0,40526.0,67210.0,1061.0
2023-04-28,144976.0,20330.0,5599669.0,866730.0,112258.0,115404.0,73654.0,83711.0,2101.0
2023-05-01,0.0,0.0,0.0,0.0,0.0,0.0,0.0,0.0,0.0
2023-05-02,121538.0,19760.0,13816971.0,8239.0,134367.0,28384.0,9194.0,6863.0,942.0
2023-05-03,130867.0,32792.0,8038527.0,16336.0,29048.0,47551.0,7767.0,79947.0,2341.0
2023-05-04,107467.0,9092.0,9881513.0,101432.0,30406.0,14801.0,2489.0,393705.0,6128.0
2023-05-05,39376.0,6527.0,5986789.0,104103.0,42629.0,54514.0,8495.0,269756.0,1056.0
2023-05-08,41297.0,11506.0,2877842.0,35000.0,4866.0,35806.0,15341.0,244763.0,435.0
2023-05-09,54521.0,802.0,3485287.0,1205.0,5371.0,17071.0,1229.0,56667.0,5.0
2023-05-10,2261.0,10453.0,1632876.0,1724.0,1969.0,4935.0,5292.0,398.0,374.0
2023-05-11,52085.0,1645.0,5735378.0,18709.0,3403.0,20814.0,6730.0,6217.0,773.0
2023-05-12,124461.0,13005.0,4617782.0,8678.0,4641.0,28143.0,4217.0,1317.0,297.0
2023-05-15,3841.0,993.0,1896365.0,52540.0,3761.0,27382.0,1154.0,3446.0,89.0
2023-05-16,4153.0,56.0,2894034.0,0.0,6265.0,28879.0,473.0,14513.0,2865.0
2023-05-17,25814.0,188.0,3505405.0,2148.0,433.0,526991.0,1947.0,4616.0,1238.0
2023-05-18,42389.0,1373.0,2979190.0,2076.0,3576.0,139718.0,1458.0,14185.0,412.0
2023-05-19,26867.0,211.0,2164202.0,46645.0,599.0,53147.0,397.0,242.0,210.0
2023-05-22,0.0,0.0,0.0,0.0,0.0,0.0,0.0,0.0,0.0
2023-05-23,14736.0,1205.0,2039006.0,95547.0,11240.0,15121.0,5267.0,5935.0,957.0
2023-05-24,27691.0,482.0,1375488.0,6016.0,6139.0,20987.0,3181.0,11675.0,1791.0
2023-05-25,11846.0,117.0,1853350.0,19136.0,0.0,3625.0,4385.0,94673.0,1233.0
2023-05-26,32704.0,137.0,992708.0,13525.0,0.0,2266.0,11028.0,14029.0,18872.0
2023-05-29,4837.0,835.0,294344.0,10217.0,0.0,10887.0,2084.0,1113.0,1290.0
2023-05-30,33679.0,983.0,5553440.0,953.0,0.0,9928.0,10562.0,17476.0,4857.0
2023-05-31,382727.0,22390.0,3241967.0,37742.0,0.0,402132.0,316523.0,357263.0,7629.0
2023-06-01,113625.0,16534.0,1730206.0,2178.0,0.0,133677.0,526603.0,407072.0,1852.0
2023-06-02,469191.0,4355.0,2059397.0,223442.0,0.0,46166.0,24143.0,242359.0,636.0
2023-06-05,69281.0,230849.0,1646721.0,57056.0,0.0,15600.0,74494.0,37007.0,1455.0
2023-06-06,419961.0,16537.0,2777808.0,131450.0,0.0,115189.0,108648.0,125225.0,5958.0
2023-06-07,414824.0,16768.0,2716894.0,668773.0,0.0,71360.0,40049.0,30327.0,2112.0
2023-06-08,47867.0,1153.0,3050800.0,5113.0,0.0,9817.0,20488.0,20992.0,256.0
2023-06-09,,,,,0.0,,,,
2023-06-12,,,,,0.0,,,,
2023-06-13,102227.0,289.0,1997559.0,33609.0,0.0,146117.0,25176.0,190124.0,421.0
2023-06-14,50415.0,1374.0,1530465.0,131461.0,0.0,78196.0,43452.0,113602.0,878.0
2023-06-15,48336.0,1335.0,2787163.0,25908.0,0.0,6435.0,9529.0,244272.0,264.0
2023-06-16,39761.0,2887.0,9259418.0,91711.0,73692.0,31777.0,149663.0,44113.0,397.0
2023-06-19,0.0,0.0,0.0,0.0,0.0,0.0,0.0,0.0,0.0
2023-06-20,151399.0,269.0,5475954.0,153289.0,10631.0,4895.0,45752.0,2747.0,13961.0
2023-06-21,28878.0,4053.0,4023686.0,10120.0,48575.0,12876.0,4760.0,59869.0,142.0
2023-06-22,33565.0,5.0,2222590.0,12707.0,1853.0,4324.0,10662.0,54849.0,251.0
2023-06-23,6942.0,2178.0,2057088.0,5904.0,969.0,13148.0,171.0,42657.0,318.0
2023-06-26,7898.0,3869.0,1250225.0,26948.0,16023.0,4217.0,1375.0,100326.0,92.0
2023-06-27,86549.0,2427.0,2534263.0,29207.0,20726.0,7369.0,8935.0,47181.0,1476.0
2023-06-28,28577.0,351.0,1729947.0,1142912.0,466.0,118513.0,1103.0,430641.0,2036.0
2023-06-29,9595.0,517.0,3885081.0,191022.0,1898.0,40802.0,4461.0,119466.0,134.0
2023-06-30,61963.0,307.0,2786231.0,34391.0,4886.0,10024.0,1131.0,132049.0,205.0
2023-07-03,0.0,0.0,0.0,0.0,0.0,0.0,0.0,0.0,0.0
2023-07-04,28642.0,3467.0,242094.0,200501.0,5475.0,7921.0,1308.0,28688.0,25.0
2023-07-05,65022.0,10242.0,1698983.0,1303.0,36465.0,17589.0,424.0,49303.0,8.0
2023-07-06,31055.0,2581.0,1362332.0,0.0,3796.0,45885.0,48909.0,222012.0,509.0
2023-07-07,71193.0,2801.0,4169861.0,43824.0,13144.0,12686.0,9340.0,105917.0,30297.0
2023-07-10,48618.0,6979.0,2674017.0,4487.0,7849.0,19280.0,12088.0,15622.0,19142.0
2023-07-11,244429.0,8945.0,8395624.0,2842.0,20448.0,7554.0,3042.0,146754.0,438.0
2023-07-12,162697.0,34644.0,2811015.0,20495.0,38833.0,10318.0,7828.0,523324.0,1229.0
2023-07-13,172335.0,13147.0,5176500.0,13344.0,3174.0,32386.0,3602.0,219193.0,476.0
2023-07-14,32893.0,2029.0,3534854.0,2850.0,66754.0,48302.0,7922.0,6374.0,247.0
2023-07-17,62755.0,5203.0,1900688.0,2718.0,5104.0,1955.0,6052.0,56419.0,94.0
2023-07-18,51881.0,1990.0,974314.0,447168.0,195.0,455327.0,5261.0,153300.0,673.0
2023-07-19,195784.0,7404.0,3890027.0,130890.0,13058.0,83862.0,9629.0,118071.0,7420.0
2023-07-20,0.0,0.0,0.0,0.0,0.0,0.0,0.0,0.0,0.0
2023-07-21,104471.0,5292.0,2083141.0,21605.0,10262.0,13230.0,9196.0,5235.0,3949.0
2023-07-24,54919.0,3851.0,4709605.0,331735.0,385.0,3141.0,4682.0,28709.0,253.0
2023-07-25,31492.0,1773.0,10164221.0,40791.0,1013.0,78966.0,115.0,49447.0,72.0
2023-07-26,107190.0,9346.0,3579686.0,69744.0,3698.0,128097.0,3528.0,16404.0,663.0
2023-07-27,80395.0,2991.0,2183614.0,1537170.0,3657.0,28861.0,481.0,26118.0,3735.0
2023-07-28,4348.0,1671.0,2395808.0,212236.0,14702.0,3925.0,1511.0,13330.0,296.0
2023-07-31,0.0,0.0,0.0,0.0,0.0,0.0,0.0,0.0,0.0
2023-08-01,26653.0,186.0,2997101.0,94308.0,21296.0,22336.0,8290.0,164085.0,1109.0
2023-08-02,128756.0,254.0,2962515.0,3564609.0,1209.0,2135.0,1433.0,15297.0,284.0
2023-08-03,112597.0,3135.0,6699148.0,681875.0,3562.0,1783.0,4068.0,16919.0,66.0
2023-08-04,0.0,0.0,0.0,0.0,0.0,0.0,0.0,0.0,0.0
2023-08-07,0.0,0.0,0.0,0.0,0.0,0.0,0.0,0.0,0.0
2023-08-08,51675.0,2015.0,2835644.0,728268.0,105.0,647.0,1242.0,88001.0,30.0
2023-08-09,249361.0,8167.0,8513993.0,130665.0,6748.0,6203.0,11583.0,1060717.0,579.0
2023-08-10,91090.0,10362.0,2157838.0,2210.0,13605.0,17945.0,6694.0,81822.0,1199.0
2023-08-11,320070719.0,116396330.0,4085.0,65934150.0,406637989.0,367391160.0,59266628.0,57012740.0,82500900.0
2023-08-14,27505.0,4377.0,1327110.0,37629.0,4828.0,3813.0,902.0,83910.0,35.0
2023-08-15,44609.0,837.0,2308542.0,7280.0,9994.0,26594.0,9159.0,1853.0,1020.0
2023-08-16,47109.0,1005.0,3670828.0,10150.0,33428.0,22568.0,4671.0,177076.0,630.0
2023-08-17,37970.0,1011.0,589643.0,29549.0,1766.0,1118.0,3105.0,3746.0,275.0
2023-08-18,60734.0,750.0,1326201.0,167719.0,3234.0,10629.0,3932.0,28064.0,610.0
2023-08-21,0.0,0.0,0.0,0.0,0.0,0.0,0.0,0.0,0.0
2023-08-22,55249.0,397.0,2365736.0,120812.0,15871.0,90304.0,5684.0,173149.0,2776.0
2023-08-23,78981.0,551.0,1838690.0,692592.0,3180.0,38994.0,3347.0,11479.0,1317.0
2023-08-24,36277.0,4812.0,4138161.0,11119.0,24377.0,4017.0,4752.0,2856.0,1597.0
2023-08-25,54457.0,3591.0,7548139.0,50556.0,21218.0,25628.0,13735.0,14590.0,2413.0
2023-08-28,21640.0,201.0,5446812.0,10074.0,115.0,9525.0,7257.0,2122.0,80.0
2023-08-29,511259.0,3373.0,5360637.0,53946.0,34530.0,31532.0,13385.0,52234.0,1753.0
2023-08-30,151276.0,7601.0,4698598.0,13968.0,4248.0,42471.0,7178.0,127858.0,1788.0
2023-08-31,460100.0,6234.0,8043923.0,32602.0,109023.0,803958.0,12748.0,286847.0,6650.0
2023-09-01,127853.0,12223.0,988501.0,7412.0,7324.0,8481.0,8109.0,4777.0,763.0
2023-09-04,127321.0,3998.0,264509.0,0.0,103.0,1067.0,4828.0,6860.0,48.0
2023-09-05,104813.0,5896.0,3513747.0,2888.0,3125.0,11482.0,11203.0,15691.0,912.0
2023-09-06,149773.0,13736.0,4406266.0,21006.0,7746.0,14990.0,53550.0,17443.0,8329.0
2023-09-07,199065.0,8090.0,3539191.0,46055.0,13365.0,27104.0,26608.0,48480.0,3173.0
2023-09-08,105333.0,3061.0,3378947.0,6947.0,3885.0,9010.0,30257.0,18666.0,3016.0
2023-09-11,92974.0,11133.0,2430673.0,60618.0,153.0,28509.0,2337.0,5703.0,1518.0
2023-09-12,104052.0,8490.0,5899237.0,0.0,26844.0,3401.0,42727.0,171290.0,2550.0
2023-09-13,45852.0,63960.0,2775262.0,0.0,4495.0,31398.0,16042.0,10161.0,389.0
2023-09-14,76742.0,254169.0,4456154.0,3789.0,68751.0,235439.0,25130.0,4206.0,26967.0
2023-09-15,783828.0,158150.0,8248170.0,14695.0,160714.0,5553745.0,9154.0,9022.0,17425.0
2023-09-18,83830.0,5732.0,2094746.0,32643.0,7798.0,73106.0,13234.0,5649.0,1696.0
2023-09-19,242941.0,31923.0,5320123.0,3389.0,4697.0,172213.0,6045.0,10370.0,8064.0
2023-09-20,117554.0,4263.0,7651789.0,186.0,565.0,180193.0,12860.0,11756.0,55.0
2023-09-21,95798.0,8460.0,6845300.0,3273.0,87.0,9127.0,4050.0,17975.0,251.0
2023-09-22,14234.0,8093.0,12185823.0,8254.0,92.0,36809.0,6147.0,58902.0,880.0
2023-09-25,99599.0,2495.0,9026013.0,500.0,39.0,9539.0,31604.0,72749.0,105.0
2023-09-26,111266.0,2681.0,15081201.0,0.0,52.0,17260.0,3897.0,15401.0,1135.0
2023-09-27,305085.0,1657.0,13683348.0,26293.0,21432.0,50015.0,24589.0,8964.0,304.0
2023-09-28,215516.0,4724.0,6752718.0,73799.0,7878.0,136063.0,11246.0,143960.0,1662.0
2023-09-29,299453.0,7231.0,5947252.0,74451.0,3408.0,184307.0,5107.0,102270.0,10546.0
2023-10-02,136753.0,585.0,7263625.0,15000.0,5969.0,26409.0,2466.0,6802.0,259.0
2023-10-03,54279.0,7727.0,3929995.0,10175.0,5234.0,7162.0,17154.0,174457.0,1818.0
2023-10-04,126324.0,2097.0,6808446.0,30000.0,66439.0,45174.0,2303.0,9372.0,33.0
2023-10-05,245162.0,2038.0,2323044.0,13082.0,141406.0,6485.0,1127.0,40779.0,1339.0
2023-10-06,125173.0,1105.0,5006039.0,6488.0,10973.0,8069.0,1146.0,170456.0,623.0
2023-10-09,171753.0,1732.0,9458486.0,483134.0,202.0,12305.0,3926.0,125807.0,25.0
2023-10-10,426180.0,274.0,1472519.0,321692.0,603.0,14206.0,335.0,35732.0,147.0
2023-10-11,226018.0,1642.0,4191759.0,84235.0,143.0,1438.0,5203.0,54269.0,343.0
2023-10-12,263919.0,1323.0,8764499.0,15407.0,714.0,7456.0,5397.0,110141.0,182.0
2023-10-13,42071.0,1183.0,6325395.0,9720.0,3890.0,4182.0,1442.0,11998.0,12.0
2023-10-16,0.0,0.0,0.0,0.0,0.0,0.0,0.0,0.0,0.0
2023-10-17,861603.0,2069.0,1474056.0,69293.0,5846.0,11444.0,12157.0,76105.0,831.0
2023-10-18,203125.0,2033.0,3205582.0,106737.0,15492.0,19651.0,5463.0,852954.0,1068.0
2023-10-19,257452.0,3526.0,5958099.0,100273.0,11527.0,17086.0,8874.0,152727.0,4399.0
2023-10-20,523266.0,2528.0,7005109.0,27190.0,27969.0,31116.0,10681.0,67731.0,1798.0
2023-10-23,113991.0,4726.0,2671569.0,16224.0,4815.0,5961.0,13973.0,47529.0,242.0
2023-10-24,29450.0,1668.0,2457161.0,144721.0,185.0,329545.0,4049.0,72521.0,103.0
2023-10-25,37828.0,2478.0,1636778.0,0.0,22599.0,699.0,1806.0,10759.0,230.0
2023-10-26,92407.0,1662.0,3692565.0,138717.0,37867.0,6944.0,3287.0,128807.0,2652.0
2023-10-27,88136.0,1123.0,1191949.0,182254.0,11395.0,8020.0,10499.0,109098.0,3.0
2023-10-30,112962.0,7298.0,2829265.0,184526.0,14903.0,67413.0,2744.0,90607.0,230.0
2023-10-31,8620.0,4348.0,5020434.0,201100.0,77.0,3318.0,10448.0,115848.0,50.0
2023-11-01,151646.0,3738.0,6001824.0,1221.0,2167.0,13522.0,65545.0,43669.0,1106.0
2023-11-02,25523.0,1278.0,1228867.0,380.0,6094.0,1839.0,52330.0,133749.0,3180.0
2023-11-03,22827.0,4812.0,2410303.0,201490.0,30223.0,9645.0,13469.0,53668.0,79.0
2023-11-06,0.0,0.0,0.0,0.0,0.0,0.0,0.0,0.0,0.0
2023-11-07,56228.0,3001.0,7028953.0,1325.0,5290.0,1803690.0,2682.0,24319.0,235.0
2023-11-08,30558.0,1320.0,3140392.0,267888.0,100.0,10725.0,3678.0,31167.0,16.0
2023-11-09,57946.0,2978.0,3248223.0,3371.0,211.0,3968.0,714.0,35405.0,23.0
2023-11-10,86449.0,2169.0,2714615.0,0.0,3332.0,48851.0,5847.0,64373.0,655.0
2023-11-13,0.0,0.0,0.0,0.0,0.0,0.0,0.0,0.0,0.0
2023-11-14,37713.0,1126.0,2136750.0,229585.0,3369.0,25783.0,1167.0,103257.0,2430.0
2023-11-15,120809.0,1183.0,5642606.0,108814.0,5737.0,71261.0,10060.0,104771.0,2636.0
2023-11-16,59807.0,1908.0,7083452.0,20000.0,2518.0,54974.0,134.0,55168.0,3710.0
2023-11-17,338030.0,11042.0,15778986.0,16653.0,114432.0,113142.0,39229.0,171731.0,1179.0
2023-11-20,83496.0,8983.0,4925112.0,125694.0,6669.0,12799.0,61896.0,133353.0,2001.0
2023-11-21,257695.0,13518.0,3394906.0,5292.0,6489.0,33485.0,650.0,90172.0,1645.0
2023-11-22,226432.0,8773.0,3351513.0,439.0,1037.0,2584.0,5129.0,53269.0,996.0
2023-11-23,77620.0,2498.0,685504.0,10696.0,893.0,2073.0,2148.0,113013.0,1335.0
2023-11-24,471498.0,1810.0,6234950.0,50000.0,192.0,6314.0,7978.0,40548.0,209.0
2023-11-27,72330.0,2049.0,3056721.0,6307.0,2394.0,9404.0,13881.0,218606.0,430.0
2023-11-28,77970.0,2798.0,1439171.0,16275.0,69249.0,14611.0,47995.0,243835.0,472.0
2023-11-29,71059.0,7069.0,2550560.0,8837.0,5431.0,102653.0,22765.0,70925.0,353.0
2023-11-30,2056271.0,2266.0,2879024.0,7483.0,106349.0,388876.0,6179.0,62335.0,556.0
2023-12-01,81621.0,1529.0,1148199.0,407.0,0.0,4312.0,6930.0,68362.0,2688.0
2023-12-04,127784.0,3721.0,2766644.0,18315.0,0.0,28941.0,14807.0,721715.0,7057.0
2023-12-05,150678.0,1691.0,4096468.0,23070.0,0.0,10851.0,6800.0,48393.0,552.0
2023-12-06,78868.0,3745.0,4633742.0,9990.0,580.0,205669.0,7420.0,47923.0,1091.0
2023-12-07,59847.0,330.0,3090924.0,215142.0,1700.0,111653.0,10419.0,334598.0,995.0
2023-12-08,0.0,0.0,0.0,0.0,0.0,0.0,0.0,0.0,0.0
2023-12-11,113570.0,6289.0,3834050.0,467989.0,2878.0,15735.0,9740.0,212420.0,1036.0
2023-12-12,349674.0,5153.0,3633423.0,334329.0,0.0,22035.0,5238.0,207848.0,2515.0
2023-12-13,965107.0,7266.0,4871093.0,135712.0,0.0,28116.0,14913.0,69680.0,3103.0
2023-12-14,822843.0,4217.0,6758435.0,287950.0,0.0,45204.0,46965.0,66427.0,8230.0
2023-12-15,219113.0,2602.0,5102460.0,22297.0,0.0,48012.0,43295.0,255724.0,4573.0
2023-12-18,270199.0,584.0,2216390.0,39047.0,25229.0,43342.0,2386.0,41269.0,2319.0
2023-12-19,591701.0,13657.0,7175601.0,403538.0,39619.0,74908.0,38797.0,37049.0,9207.0
2023-12-20,1105754.0,27950.0,5785343.0,532513.0,23622.0,163993.0,43115.0,127837.0,8207.0
2023-12-21,327634.0,9475.0,6531896.0,604469.0,502.0,27671.0,11923.0,145123.0,1079.0
2023-12-22,691341.0,2318.0,4392751.0,432.0,8505.0,28086.0,6789.0,49913.0,38.0
2023-12-25,0.0,0.0,0.0,0.0,0.0,0.0,0.0,0.0,0.0
2023-12-26,204720.0,3759.0,2872866.0,166276.0,333.0,63759.0,2549.0,85732.0,105.0
2023-12-27,387833.0,2002.0,1521621.0,9966.0,6891.0,120291.0,24331.0,239752.0,851.0
2023-12-28,384268.0,3639.0,1282756.0,174691.0,6322.0,31307.0,24672.0,66596.0,119.0
2023-12-29,0.0,0.0,0.0,0.0,0.0,0.0,0.0,0.0,0.0
2024-01-01,0.0,0.0,0.0,0.0,0.0,0.0,0.0,0.0,0.0
2024-01-02,199932.0,1943.0,740229.0,211304.0,1935.0,16712.0,5308.0,198221.0,709.0
2024-01-03,550471.0,4112.0,2824764.0,8569.0,1495.0,123509.0,38650.0,152673.0,321.0
2024-01-04,473049.0,11647.0,7680764.0,190173.0,4861.0,435599.0,63093.0,160822.0,1113.0
2024-01-05,859356.0,11216.0,2593112.0,325156.0,5072.0,78672.0,79454.0,193753.0,1738.0
2024-01-08,0.0,0.0,0.0,0.0,0.0,0.0,0.0,0.0,0.0
2024-01-09,934033.0,5559.0,6205275.0,103347.0,13790.0,43269.0,27991.0,57242.0,1674.0
2024-01-10,275877.0,5529.0,3053737.0,96095.0,6278.0,82528.0,29319.0,45041.0,1610.0
2024-01-11,822312.0,2363.0,1809844.0,301311.0,2943.0,20366.0,6366.0,171417.0,1043.0
2024-01-12,315311.0,8786.0,2884748.0,319136.0,37287.0,46647.0,3766.0,93471.0,4652.0
2024-01-15,232454.0,284.0,427263.0,147486.0,405.0,22833.0,10776.0,119994.0,947.0
2024-01-16,279868.0,13214.0,4253709.0,3058694.0,4092.0,327632.0,27342.0,67672.0,445.0
2024-01-17,1120495.0,5941.0,5092743.0,1454591.0,11142.0,16970.0,285953.0,48963.0,3261.0
2024-01-18,332514.0,6304.0,4888401.0,97275.0,2756.0,56823.0,6661.0,112214.0,1993.0
2024-01-19,328089.0,2566.0,4223169.0,64801.0,802.0,398596.0,14493.0,113101.0,153.0
2024-01-22,0.0,0.0,0.0,0.0,0.0,0.0,0.0,0.0,0.0
2024-01-23,268563.0,7490.0,4438261.0,114417.0,14693.0,742176.0,23182.0,193223.0,2733.0
2024-01-24,0.0,0.0,0.0,0.0,0.0,0.0,0.0,0.0,0.0
2024-01-25,0.0,0.0,0.0,0.0,0.0,0.0,0.0,0.0,0.0
2024-01-26,0.0,0.0,0.0,0.0,0.0,0.0,0.0,0.0,0.0
2024-01-29,385906.0,813.0,3334508.0,189857.0,14086.0,56816.0,14382.0,65639.0,421.0
2024-01-30,195598.0,9419.0,2041122.0,56919.0,20946.0,25593.0,16767.0,56327.0,225.0
2024-01-31,139997.0,1941.0,5674933.0,788055.0,19059.0,52999.0,72735.0,76001.0,1233.0
2024-02-01,416908.0,2172.0,2856567.0,106759.0,5399.0,1452348.0,13028.0,82552.0,1733.0
2024-02-02,270846.0,849.0,1329585.0,103300.0,29599.0,76213.0,21423.0,111836.0,34.0
2024-02-05,98182.0,1377.0,1307406.0,53371.0,5060.0,6415.0,7133.0,36327.0,80.0
2024-02-06,204555.0,3848.0,1728880.0,63814.0,2350.0,56034.0,7440.0,5348.0,657.0
2024-02-07,338277.0,2349.0,1985107.0,9392.0,11793.0,29427.0,374.0,110488.0,24.0
2024-02-08,91690.0,6343.0,7357052.0,80118.0,870.0,55833.0,20759.0,8547.0,1777.0
2024-02-09,104881.0,614.0,3991935.0,100814.0,11560.0,22018.0,7525.0,13950.0,101.0
2024-02-12,50189.0,1784.0,3416185.0,345.0,378.0,21376.0,7839.0,22829.0,469.0
2024-02-13,274859.0,1178.0,3168712.0,16248.0,5060.0,66261.0,19351.0,4462.0,1365.0
2024-02-14,35646.0,8648.0,2353063.0,0.0,1376.0,25351.0,2200.0,93272.0,86.0
2024-02-15,191438.0,4685.0,4545594.0,479.0,47.0,9344.0,2913.0,287386.0,35.0
2024-02-16,368191.0,1013.0,3215751.0,70775.0,350.0,1592.0,6491.0,158435.0,47.0
2024-02-19,89312.0,6351.0,355978.0,5063.0,0.0,10986.0,11620.0,72522.0,97.0
2024-02-20,914519.0,10107.0,2612608.0,140256.0,0.0,13968.0,12450.0,418187.0,495.0
2024-02-21,460876.0,24673.0,5196637.0,18469.0,0.0,24459.0,15663.0,644073.0,2764.0
2024-02-22,503339.0,9978.0,2135737.0,6840.0,0.0,9835.0,27513.0,1541779.0,755.0
2024-02-23,605710.0,4484.0,1395482.0,46794.0,0.0,156402.0,8827.0,121228.0,1110.0
2024-02-26,1125804.0,30427.0,4085477.0,806480.0,0.0,28342.0,4699.0,1124469.0,56.0
2024-02-27,595622.0,8930.0,2181966.0,200530.0,0.0,19334.0,699.0,566157.0,334.0
2024-02-28,759255.0,403.0,4521562.0,149499.0,0.0,23836.0,27085.0,998895.0,2679.0
2024-02-29,4398918.0,219036.0,3385269.0,167850.0,0.0,24648.0,4961.0,4657502.0,1793.0
2024-03-01,1395947.0,30353.0,9331162.0,147144.0,0.0,28590.0,38079.0,2020928.0,2976.0
2024-03-04,515293.0,2025.0,19324407.0,86733.0,0.0,32437.0,15031.0,135448.0,1271.0
2024-03-05,327091.0,10181.0,6639850.0,139682.0,0.0,11315.0,4291.0,187496.0,784.0
2024-03-06,401568.0,4751.0,4092863.0,359986.0,0.0,47610.0,15395.0,285270.0,502.0
2024-03-07,217631.0,6594.0,5057413.0,131123.0,0.0,30655.0,17265.0,84373.0,2612.0
2024-03-08,221878.0,1548.0,5733447.0,33665.0,0.0,23929.0,3728.0,398170.0,131.0
2024-03-11,153741.0,50.0,7513846.0,290000.0,454.0,39052.0,4806.0,78930.0,4660.0
2024-03-12,191639.0,1397.0,4786471.0,11221.0,2207.0,21044.0,1498.0,65908.0,345.0
2024-03-13,122083.0,7297.0,3251229.0,5098.0,158362.0,9105.0,6827.0,25741.0,838.0
2024-03-14,165578.0,1804.0,7189970.0,23605.0,76167.0,46657.0,9277.0,48888.0,6512.0
2024-03-15,3558941.0,37916.0,46520253.0,55455.0,139076.0,450642.0,15941.0,45884.0,384355.0
2024-03-18,563291.0,46581.0,4839131.0,57488.0,197986.0,286685.0,9966.0,127103.0,77988.0
2024-03-19,745085.0,10302.0,1504884.0,20820.0,4155.0,18886.0,3198.0,51276.0,10338.0
2024-03-20,275103.0,19863.0,1157509.0,56156.0,34990.0,15804.0,13307.0,37993.0,10052.0
2024-03-21,251036.0,21710.0,2224496.0,8954.0,85377.0,13854.0,5575.0,324600.0,25607.0
2024-03-22,236674.0,32076.0,2823812.0,56100.0,1528.0,41398.0,21334.0,245380.0,21238.0
2024-03-25,0.0,0.0,0.0,,,0.0,,0.0,0.0
2024-03-26,350392.0,4711.0,9764642.0,59229.0,1224.0,17098.0,10830.0,154527.0,28168.0
2024-03-27,348771.0,13340.0,2506698.0,6560.0,88.0,5073.0,3343.0,279770.0,25529.0
2024-03-28,0.0,0.0,0.0,0.0,0.0,0.0,0.0,0.0,0.0
2024-03-29,0.0,0.0,0.0,0.0,0.0,0.0,0.0,0.0,0.0
2024-04-01,275013.0,16470.0,5859130.0,32150.0,8594.0,44745.0,31830.0,312212.0,12107.0
2024-04-02,1668049.0,28216.0,8688457.0,284408.0,8665.0,131462.0,63215.0,831839.0,8034.0
2024-04-03,564491.0,6518.0,5243795.0,47103.0,537.0,269249.0,21949.0,135349.0,14331.0
2024-04-04,852961.0,31171.0,12176907.0,34854.0,269.0,123747.0,87787.0,159518.0,15553.0
2024-04-05,375421.0,15739.0,4071398.0,5605.0,3317.0,159835.0,79469.0,198876.0,17298.0
2024-04-08,247282.0,247503.0,7340985.0,0.0,1256.0,159589.0,12182.0,86318.0,10222.0
2024-04-09,846842.0,100391.0,12903501.0,229777.0,1065.0,36419.0,39413.0,519150.0,7146.0
2024-04-10,518003.0,25417.0,16875100.0,404348.0,3126.0,537637.0,88902.0,191972.0,20165.0
2024-04-11,2164093.0,100396.0,35746674.0,1642896.0,3692.0,240968.0,56419.0,223294.0,36417.0
2024-04-12,225625.0,22899.0,11415649.0,114285.0,2452.0,27231.0,20907.0,213032.0,17250.0
2024-04-15,540385.0,7271.0,2029360.0,84764.0,1247.0,310297.0,23040.0,22898.0,15506.0
2024-04-16,546834.0,4277.0,2888028.0,31123.0,5042.0,62291.0,31875.0,151571.0,14370.0
2024-04-17,393891.0,17613.0,1793681.0,12045.0,1147.0,130947.0,24034.0,352989.0,11624.0
2024-04-18,335689.0,7782.0,6072825.0,57083.0,6309.0,36721.0,118447.0,126311.0,5435.0
2024-04-19,329979.0,13556.0,4595170.0,0.0,1048.0,4489.0,440013.0,88950.0,8302.0
2024-04-22,200425.0,8866.0,2334478.0,87844.0,543.0,75769.0,12368.0,70071.0,2598.0
2024-04-23,172414.0,2952.0,3659440.0,11062.0,129.0,34474.0,50430.0,34277.0,2481.0
2024-04-24,70932.0,8099.0,3212078.0,10100.0,1944.0,45646.0,24653.0,32725.0,3113.0
2024-04-25,175717.0,15583.0,3233638.0,3176.0,386.0,33125.0,15944.0,66945.0,34374.0
2024-04-26,599038.0,9755.0,3367269.0,1131.0,471.0,266779.0,41553.0,72378.0,504.0
2024-04-29,276310.0,4485.0,1441847.0,97298.0,2179.0,25799.0,51392.0,374082.0,8886.0
2024-04-30,108703.0,11358.0,2532463.0,46851.0,134.0,28559.0,49316.0,308553.0,28931.0
2024-05-02,237313.0,3213.0,2631900.0,6135.0,2032.0,95596.0,15961.0,109496.0,3612.0
2024-05-03,,,,,,,,,
2024-05-06,92607.0,2882.0,1538075.0,3907.0,200.0,10061.0,43569.0,300604.0,1751.0
2024-05-07,195483.0,15146.0,1794703.0,18722.0,813.0,23419.0,56381.0,130003.0,11174.0
2024-05-08,195215.0,4286.0,4268678.0,115066.0,1524.0,10290.0,36732.0,87110.0,3381.0
2024-05-09,394389.0,4639.0,6212654.0,4070.0,361.0,13484.0,60051.0,135827.0,990.0
2024-05-10,246003.0,6240.0,1623748.0,2521.0,80.0,55894.0,230228.0,157399.0,1081.0
2024-05-14,352342.0,6843.0,2646558.0,21313.0,490.0,50899.0,51698.0,54530.0,7705.0
2024-05-15,469256.0,23053.0,5450341.0,14370.0,2428.0,58177.0,19236.0,46660.0,1922.0
2024-05-16,225460.0,21634.0,2902612.0,31299.0,1687.0,27871.0,76163.0,109385.0,7569.0
2024-05-17,294376.0,16504.0,5087485.0,256923.0,1404.0,395679.0,17127.0,75607.0,1674.0
2024-05-20,298398.0,19743.0,4943778.0,83991.0,2842.0,64555.0,18806.0,98741.0,2420.0
2024-05-21,265221.0,3365.0,4842768.0,936870.0,2861.0,63984.0,21708.0,75771.0,4074.0
2024-05-22,273564.0,23176.0,3575054.0,302887.0,1609.0,24475.0,36639.0,441570.0,5400.0
2024-05-23,0.0,0.0,0.0,0.0,0.0,0.0,0.0,0.0,0.0
2024-05-24,130525.0,4079.0,3863187.0,75560.0,388.0,43767.0,29636.0,199951.0,1304.0
2024-05-27,106058.0,5569.0,617530.0,11146.0,1449.0,28145.0,46750.0,26270.0,450.0
2024-05-28,171247.0,682.0,12831748.0,0.0,32300.0,24891.0,28208.0,77765.0,11296.0
2024-05-29,215983.0,2124.0,3468339.0,1428514.0,14725.0,32152.0,52433.0,258470.0,2557.0
2024-05-30,295091.0,6666.0,4044530.0,663194.0,10575.0,39406.0,40578.0,81894.0,5025.0
2024-05-31,856227.0,60008.0,24241779.0,370778.0,22123.0,294146.0,271791.0,1711994.0,38918.0
2024-06-04,533172.0,1424.0,2807299.0,951210.0,19592.0,9173.0,30481.0,866105.0,5212.0
2024-06-05,472715.0,20433.0,2708666.0,2365250.0,3716.0,8697.0,10193.0,54814.0,2369.0
2024-06-06,488687.0,3180.0,4076719.0,157.0,4447.0,11236.0,52194.0,379819.0,3182.0
2024-06-07,279949.0,16341.0,2497038.0,10073.0,49988.0,3402.0,28052.0,606734.0,3146.0
2024-06-11,137522.0,22439.0,11030569.0,7975.0,10234.0,34344.0,50831.0,459842.0,2340.0
2024-06-12,408089.0,13922.0,2905209.0,81874.0,5915.0,207942.0,43661.0,255068.0,3987.0
2024-06-13,157841.0,18621.0,8104328.0,23326.0,3961.0,8715.0,28271.0,21126.0,2435.0
2024-06-14,273521.0,25800.0,3673384.0,30485.0,1305.0,1376633.0,48204.0,104579.0,3638.0
2024-06-17,178166.0,3647.0,7160858.0,7497.0,1543.0,23688.0,14550.0,193499.0,905.0
2024-06-18,160301.0,5040.0,10713094.0,8002.0,7647.0,29189.0,49871.0,89697.0,1560.0
2024-06-19,76045.0,4884.0,2262115.0,60109.0,3456.0,6916.0,1313.0,30618.0,319.0
2024-06-20,136487.0,3562.0,14674196.0,11077.0,11536.0,78095.0,56935.0,695988.0,4012.0
2024-06-21,350075.0,51371.0,6947967.0,19714.0,30682.0,3169.0,157097.0,68441.0,4361.0
2024-06-24,144111.0,12735.0,10451423.0,33885.0,1139.0,1750.0,48549.0,54892.0,1374.0
2024-06-25,60224.0,12306.0,10609494.0,9516.0,4344.0,5418.0,57771.0,85547.0,1264.0
2024-06-26,200137.0,803.0,4831613.0,0.0,1504.0,1181.0,49524.0,108803.0,383.0
2024-06-27,148878.0,525.0,3107771.0,180898.0,648.0,5772.0,43150.0,44616.0,698.0
2024-06-28,52081.0,7657.0,3160569.0,46436.0,796.0,14336.0,49684.0,54281.0,184.0
2024-07-02,148569.0,352.0,5244266.0,9710.0,1128.0,19961.0,873.0,29370.0,2199.0
2024-07-03,132394.0,3273.0,657438.0,4540.0,442.0,8465.0,44223.0,20364.0,2349.0
2024-07-04,68856.0,249.0,576494.0,28498.0,2723.0,1150.0,27385.0,65565.0,939.0
2024-07-05,98414.0,3164.0,1181503.0,87585.0,912.0,20106.0,23575.0,185674.0,615.0
2024-07-08,152214.0,30164.0,1759779.0,32623.0,505.0,16165.0,21900.0,271036.0,278.0
2024-07-09,142411.0,15100.0,2124227.0,8247.0,16100.0,58746.0,8733.0,89188.0,3064.0
2024-07-10,110615.0,9097.0,1432778.0,119117.0,8833.0,9141.0,54730.0,253385.0,2274.0
2024-07-11,228470.0,10042.0,2316263.0,37500.0,34.0,16896.0,43201.0,134340.0,276.0
2024-07-12,209792.0,48357.0,1614329.0,187138.0,1836.0,11185.0,38136.0,380281.0,3463.0
2024-07-15,176510.0,3162.0,1884204.0,1106.0,1300.0,11421.0,5991.0,201168.0,898.0
2024-07-16,158293.0,8101.0,1360136.0,91800.0,2293.0,8333.0,42148.0,472495.0,1179.0
2024-07-17,161076.0,2848.0,2822705.0,6426.0,806.0,97429.0,44053.0,349871.0,1072.0
2024-07-18,151053.0,4356.0,2168709.0,953.0,6196.0,40243.0,12435.0,15286.0,1979.0
2024-07-19,111058.0,3675.0,703052.0,2441710.0,1975.0,2946.0,9026.0,13142.0,478.0
2024-07-22,99340.0,9168.0,1558937.0,179580.0,4679.0,2937.0,17111.0,6942.0,5578.0
2024-07-23,101454.0,2636.0,2484596.0,16332.0,20934.0,21352.0,1760.0,181532.0,4042.0
2024-07-24,21856.0,3482.0,5984209.0,859023.0,5093.0,6389.0,11780.0,173972.0,3356.0
2024-07-25,9235.0,3798.0,2479672.0,38739.0,2160.0,847.0,11894.0,50739.0,434.0
2024-07-26,55793.0,4939.0,1136815.0,43294.0,1932.0,20282.0,47526.0,47638.0,2568.0
2024-07-29,683862.0,3230.0,1603264.0,8192.0,894.0,3536.0,30628.0,89032.0,618.0
2024-07-30,524535.0,14593.0,3138473.0,1644868.0,1852.0,12382.0,69402.0,40433.0,11319.0
2024-07-31,430790.0,16646.0,3125676.0,106585.0,7201.0,79414.0,46334.0,58045.0,1446.0
2024-08-01,134450.0,10981.0,1339193.0,52005.0,6465.0,87036.0,42639.0,644953.0,1038.0
2024-08-02,42030.0,8858.0,2243567.0,6078.0,5866.0,4767.0,54324.0,901829.0,3598.0
2024-08-05,64816.0,11777.0,5015388.0,80164.0,3204.0,6875.0,91862.0,302299.0,3266.0
2024-08-06,125128.0,4163.0,2244090.0,2472.0,5625.0,13624.0,41789.0,89987.0,2270.0
2024-08-07,129162.0,2620.0,938096.0,35470.0,12494.0,32059.0,37406.0,90609.0,9157.0
2024-08-08,129162.0,2620.0,938096.0,35470.0,12494.0,32059.0,37406.0,90609.0,9157.0
2024-08-09,197573.0,5707.0,747871.0,88329.0,4231.0,7570.0,25472.0,65447.0,2308.0
2024-08-12,237535.0,2400.0,1442585.0,2522.0,4460.0,15560.0,38460.0,93364.0,1866.0
2024-08-13,167708.0,12584.0,2087310.0,10802.0,4407.0,47305.0,9904.0,32821.0,692.0
2024-08-14,200562.0,7862.0,2125074.0,39430.0,3634.0,40541.0,25970.0,29990.0,2608.0
2024-08-15,159425.0,7137.0,2325725.0,17795.0,752.0,29366.0,25303.0,17203.0,8611.0
2024-08-16,119381.0,1799.0,475665.0,16725.0,2119.0,17236.0,8443.0,32783.0,4396.0
2024-08-20,90713.0,1707.0,2147502.0,25557.0,10726.0,2917.0,4912.0,32255.0,207.0
2024-08-21,77070.0,71679.0,4599954.0,0.0,1499.0,64054.0,8770.0,117155.0,9773.0
2024-08-22,473955.0,28161.0,1785861.0,182361.0,3317.0,32819.0,12023.0,29369.0,3126.0
2024-08-23,129162.0,65540.0,1636368.0,27232.0,2455.0,26798.0,78387.0,192564.0,1364.0
2024-08-26,86556.0,22000.0,3993178.0,20881.0,1516.0,86216.0,49073.0,141508.0,24056.0
2024-08-27,94933.0,5411.0,538198.0,296834.0,5495.0,11599.0,64670.0,642109.0,9101.0
2024-08-28,90891.0,13443.0,4906030.0,58006.0,4719.0,9034.0,38066.0,701033.0,16954.0
2024-08-29,67276.0,1598.0,1394222.0,77923.0,1846.0,5311.0,41962.0,84728.0,4048.0
2024-08-30,212349.0,320088.0,4814784.0,40881.0,375.0,238501.0,29157.0,1978030.0,7277.0
2024-09-02,74777.0,929.0,541167.0,20849.0,902.0,208820.0,24460.0,22547.0,1048.0
2024-09-03,116775.0,3319.0,4664982.0,107708.0,27.0,21288.0,10119.0,77771.0,715.0
2024-09-04,209417.0,6462.0,4184691.0,141167.0,99.0,28768.0,3440.0,122130.0,2686.0
2024-09-05,190614.0,13827.0,3050805.0,997951.0,303.0,21915.0,2538.0,69835.0,368.0
2024-09-06,159259.0,1378.0,2036101.0,5386.0,2442.0,13514.0,118.0,112450.0,761.0
2024-09-09,105849.0,7466.0,632904.0,370994.0,4033.0,10034.0,4907.0,103839.0,1617.0
2024-09-10,103872.0,2718.0,2647945.0,11538.0,145.0,3067.0,1111.0,86415.0,1433.0
2024-09-11,84144.0,5660.0,2824013.0,516637.0,586.0,17471.0,14972.0,48817.0,1666.0
2024-09-12,143462.0,8787.0,1878299.0,1000.0,2476.0,63369.0,47647.0,158863.0,419.0
2024-09-13,289821.0,2300.0,1802042.0,20549.0,1825.0,27826.0,35080.0,232781.0,3300.0
2024-09-16,140218.0,7063.0,880390.0,42620.0,693.0,31956.0,13177.0,417963.0,18727.0
2024-09-17,126460.0,5018.0,1827731.0,0.0,4825.0,89262.0,7997.0,127348.0,1193.0
2024-09-18,119911.0,5173.0,1175718.0,39745.0,1084.0,53960.0,55949.0,100925.0,7855.0
2024-09-19,470074.0,11040.0,2961596.0,100087.0,369.0,5865.0,8792.0,1426335.0,5207.0
2024-09-20,3518634.0,41550.0,13528138.0,20587.0,3292.0,13628.0,9543.0,6167893.0,24331.0
2024-09-23,94593.0,3596.0,1265822.0,15566.0,162.0,8118.0,5518.0,315770.0,58995.0
2024-09-24,97303.0,4015.0,747060.0,183467.0,2582.0,5912.0,3116.0,951884.0,1719.0
2024-09-25,86365.0,3415.0,6687027.0,623584.0,2189.0,11209.0,2292.0,69875.0,1627.0
2024-09-26,62494.0,0.0,428813.0,953.0,2793.0,0.0,0.0,860.0,0.0
2024-09-27,144818.0,4445.0,1126465.0,91754.0,4149.0,38853.0,23986.0,9644.0,3563.0
2024-09-30,114757.0,4303.0,647242.0,456990.0,171.0,14229.0,9795.0,108559.0,2206.0
2024-10-01,95603.0,16730.0,4063372.0,25367.0,94.0,8774.0,21769.0,84996.0,531.0
2024-10-02,71968.0,3082.0,3356663.0,156177.0,216.0,6997.0,10718.0,14509.0,25436.0
2024-10-03,141102.0,9958.0,6255158.0,3624.0,1544.0,8315.0,6626.0,36895.0,9667.0
2024-10-04,93844.0,6508.0,8587882.0,6413.0,236.0,11537.0,12197.0,167389.0,13800.0
2024-10-07,88847.0,4512.0,2953727.0,25678.0,126.0,13970.0,5297.0,122948.0,514.0
2024-10-08,85793.0,7860.0,4439792.0,51025.0,10015.0,6487.0,1015.0,297785.0,1097.0
2024-10-09,59900.0,7214.0,716014.0,27223.0,35.0,256693.0,4446.0,184032.0,1168.0
2024-10-10,75984.0,2882.0,563418.0,47066.0,4725.0,6355.0,3529.0,137016.0,250.0
2024-10-11,93609.0,4212.0,661262.0,29300.0,40.0,9149.0,10138.0,42925.0,1173.0
2024-10-15,100601.0,2287.0,3092248.0,24790.0,413.0,5038.0,55935.0,51662.0,435.0
2024-10-16,216022.0,20506.0,1938916.0,11257.0,267.0,24243.0,16190.0,35074.0,1762.0
2024-10-17,174965.0,18892.0,1646150.0,10186.0,5060.0,56723.0,2204.0,0.0,2061.0
2024-10-18,145416.0,60215.0,1035365.0,45357.0,1989.0,163024.0,5363.0,0.0,1587.0
2024-10-21,47393.0,15966.0,1518111.0,113896.0,503.0,35960.0,43359.0,0.0,1782.0
2024-10-22,139705.0,5145.0,597438.0,79363.0,58.0,11926.0,32791.0,0.0,795.0
2024-10-23,119585.0,7092.0,747123.0,1068475.0,293.0,16594.0,8632.0,0.0,759.0
2024-10-24,12224.0,527.0,646270.0,430.0,880.0,23576.0,1172.0,0.0,469.0
2024-10-25,31955.0,1739.0,4161780.0,7076.0,760.0,12467.0,20269.0,0.0,522.0
2024-10-28,36200.0,25961.0,1120545.0,34512.0,1970.0,39072.0,42016.0,0.0,1512.0
2024-10-29,38554.0,3552.0,3534444.0,6330.0,1347.0,19130.0,40352.0,0.0,494.0
2024-10-30,259642.0,6031.0,8237601.0,43209.0,185.0,25983.0,52475.0,0.0,2546.0
2024-10-31,143943.0,23630.0,1906006.0,131051.0,80.0,70623.0,41062.0,0.0,1535.0
2024-11-01,51383.0,16273.0,1279462.0,1250.0,459.0,16386.0,2187.0,0.0,661.0
2024-11-04,,,,,,,,0.0,
2024-11-05,95851.0,9108.0,1430781.0,2185.0,153.0,20209.0,28813.0,0.0,1248.0
2024-11-06,170937.0,6677.0,3067020.0,45034.0,32.0,34180.0,16354.0,0.0,3020.0
2024-11-07,170044.0,4312.0,4492120.0,31593.0,3079.0,23311.0,6555.0,0.0,2767.0
2024-11-08,117613.0,9313.0,3504709.0,35818.0,91.0,25956.0,16319.0,0.0,1945.0
2024-11-11,,,,,,,,0.0,
2024-11-12,126963.0,6412.0,4035537.0,5652.0,1154.0,27948.0,13860.0,0.0,3694.0
2024-11-13,110756.0,9556.0,3101555.0,52647.0,70.0,36165.0,11815.0,0.0,1534.0
2024-11-14,129139.0,2989.0,7040349.0,59252.0,68.0,22603.0,24249.0,317290.0,2056.0
2024-11-15,165633.0,4523.0,6779903.0,120139.0,135.0,86993.0,22091.0,163196.0,4471.0
2024-11-18,315526.0,11475.0,22336343.0,62798.0,2694.0,46602.0,33161.0,91147.0,2096.0
2024-11-19,465640.0,5487.0,2001199.0,68662.0,56.0,24119.0,9124.0,46622.0,2125.0
2024-11-20,313613.0,15729.0,1979812.0,2621.0,238.0,32924.0,1462.0,6124.0,585.0
2024-11-21,235716.0,68065.0,4562757.0,20714.0,204.0,22328.0,7816.0,90394.0,869.0
2024-11-22,350704.0,19163.0,3612013.0,574157.0,59.0,26306.0,7888.0,539370.0,8271.0
2024-11-25,3120378.0,249030.0,6776122.0,205019.0,197.0,114131.0,82363.0,86762.0,59673.0
2024-11-26,821207.0,43278.0,2917605.0,1753.0,32.0,10184.0,2241.0,109288.0,12721.0
2024-11-27,171075.0,2219.0,1754730.0,6783.0,38.0,15451.0,2157.0,131335.0,1755.0
2024-11-28,264591.0,39238.0,390661.0,380429.0,8521.0,2095.0,3273.0,30795.0,1059.0
2024-11-29,327243.0,4457.0,3718837.0,63776.0,67.0,9891.0,10764.0,51565.0,1961.0
2024-12-02,369136.0,998.0,4060471.0,60643.0,208.0,12266.0,14227.0,248216.0,2989.0
2024-12-03,262731.0,3741.0,2344916.0,42893.0,138.0,28802.0,28578.0,101572.0,2810.0
2024-12-04,466144.0,9416.0,2169505.0,40513.0,21.0,32866.0,10941.0,38725.0,1035.0
2024-12-05,156726.0,21791.0,1427475.0,33558.0,34.0,44520.0,13069.0,34344.0,2644.0
2024-12-06,111610.0,504.0,2833974.0,89566.0,1395.0,52004.0,4463.0,87237.0,1003.0
2024-12-09,160469.0,14767.0,10208273.0,72840.0,13.0,250742.0,16382.0,103641.0,4204.0
2024-12-10,247406.0,7011.0,2440404.0,176549.0,2.0,27525.0,23583.0,245309.0,3431.0
2024-12-11,114322.0,10009.0,1677639.0,137495.0,48.0,27147.0,24205.0,232004.0,3173.0
2024-12-12,87332.0,2598.0,958522.0,476275.0,35.0,16031.0,6430.0,35052.0,3734.0
2024-12-13,275302.0,11950.0,3068223.0,137800.0,8142.0,10477.0,4237.0,60192.0,6957.0
2024-12-16,104672.0,9634.0,7011190.0,496774.0,20.0,20374.0,11871.0,135279.0,5156.0
2024-12-17,98245.0,947.0,1890078.0,24713.0,827.0,7709.0,2379.0,55336.0,2805.0
2024-12-18,193178.0,25221.0,1717497.0,102454.0,5046.0,2540.0,23484.0,93816.0,3240.0
2024-12-19,259271.0,11169.0,3845811.0,43100.0,3133.0,26548.0,10208.0,345361.0,7118.0
2024-12-20,255196.0,5192.0,8584660.0,62450.0,2216.0,50406.0,1549.0,45319.0,17462.0
2024-12-23,209501.0,3512.0,1414658.0,63067.0,7980.0,14294.0,5465.0,30676.0,3660.0
2024-12-24,121032.0,600.0,427333.0,66112.0,1500.0,1420.0,0.0,0.0,364.0
2024-12-25,0.0,0.0,0.0,0.0,0.0,0.0,,0.0,0.0
2024-12-26,142021.0,961.0,595134.0,14457.0,848.0,8243.0,1487.0,126490.0,617.0
2024-12-27,142174.0,3962.0,2455787.0,43685.0,1236.0,11907.0,2245.0,78857.0,4624.0
2024-12-30,219306.0,3223.0,796963.0,2075.0,17273.0,15563.0,1430.0,48313.0,1641.0
2024-12-31,0.0,0.0,0.0,0.0,0.0,0.0,0.0,0.0,0.0
2025-01-02,124091.0,1726.0,5690478.0,31522.0,2833.0,1139.0,2030.0,24180.0,1855.0
2025-01-03,156136.0,7686.0,1991499.0,151428.0,36501.0,23159.0,1251.0,87884.0,4020.0
2025-01-07,327845.0,12131.0,6148714.0,103380.0,832.0,350804.0,26294.0,114391.0,11695.0
2025-01-08,223630.0,4586.0,1725998.0,304130.0,185.0,260833.0,3821.0,48153.0,5261.0
2025-01-09,98769.0,14171.0,1112204.0,254720.0,97.0,114601.0,6900.0,69982.0,6350.0
2025-01-10,134759.0,9583.0,4006996.0,24043.0,119.0,77872.0,9348.0,87618.0,1314.0
2025-01-13,305846.0,19364.0,4788347.0,16869.0,227.0,248067.0,13152.0,85079.0,5003.0
2025-01-14,77905.0,2157.0,2406434.0,108910.0,404.0,63423.0,51112.0,111556.0,1884.0
2025-01-15,138065.0,3168.0,10338857.0,76751.0,326.0,48342.0,45947.0,60357.0,3683.0
2025-01-16,178746.0,23400.0,3936881.0,92475.0,374.0,77682.0,42487.0,101928.0,2265.0
2025-01-17,77962.0,9546.0,8482854.0,95450.0,775.0,19275.0,29091.0,146413.0,6767.0
2025-01-20,822393.0,16776.0,1641805.0,965376.0,386.0,8884.0,46387.0,59191.0,6515.0
2025-01-21,0.0,0.0,0.0,0.0,0.0,0.0,0.0,0.0,0.0
2025-01-22,172207.0,16694.0,5040785.0,1653123.0,215.0,80943.0,107.0,53827.0,3384.0
2025-01-23,41539.0,28929.0,2638860.0,8028.0,17.0,42754.0,41510.0,75112.0,1683.0
2025-01-24,230456.0,17585.0,5654547.0,766542.0,97.0,471861.0,53024.0,67118.0,5103.0
2025-01-27,164854.0,18197.0,9959234.0,15164.0,521.0,30572.0,43073.0,120323.0,2271.0
2025-01-28,242021.0,57594.0,8983614.0,2039292.0,244.0,407931.0,53028.0,0.0,11077.0
2025-01-29,420408.0,26042.0,12692696.0,748751.0,34.0,650316.0,85584.0,0.0,5346.0
2025-01-30,1745975.0,35424.0,22648361.0,336364.0,490.0,980745.0,104289.0,0.0,7707.0
2025-01-31,343411.0,85483.0,17141900.0,213085.0,199.0,143753.0,66638.0,0.0,5907.0
2025-02-03,235852.0,26903.0,2920247.0,1216488.0,316.0,85655.0,68316.0,0.0,3219.0
2025-02-04,368690.0,12282.0,5200889.0,471403.0,241.0,39057.0,12583.0,0.0,1483.0
2025-02-05,748441.0,20127.0,17537852.0,93509.0,113.0,118049.0,18814.0,51662.0,10043.0
2025-02-06,251762.0,8355.0,5446841.0,20658.0,3709.0,182166.0,10886.0,0.0,8068.0
2025-02-07,130916.0,36374.0,3282657.0,249526.0,631.0,39730.0,16447.0,0.0,6850.0
2025-02-10,342249.0,15926.0,4444287.0,31767.0,262.0,31671.0,58139.0,0.0,12718.0
2025-02-11,347695.0,10421.0,3506718.0,329905.0,5725.0,70071.0,24625.0,0.0,5520.0
2025-02-12,137936.0,16317.0,9519472.0,871658.0,208.0,128634.0,65549.0,0.0,8372.0
2025-02-13,98912.0,72174.0,15457668.0,160676.0,2149.0,196982.0,13267.0,0.0,4020.0
2025-02-14,44048.0,18182.0,3199198.0,1705750.0,745.0,87784.0,18456.0,0.0,3734.0
2025-02-17,162442.0,13141.0,4441204.0,130471.0,2245.0,744553.0,7064.0,1120194.0,8049.0
2025-02-18,226237.0,40377.0,17805153.0,282209.0,2465.0,1116257.0,16051.0,353645.0,10624.0
2025-02-19,137934.0,6883.0,5592990.0,71750.0,176.0,54088.0,41443.0,78130.0,1539.0
2025-02-20,1820094.0,32331.0,12814092.0,1958202.0,3609.0,674122.0,126074.0,143144.0,22090.0
2025-02-21,403305.0,17783.0,9039781.0,1701102.0,4145.0,173164.0,2566.0,267347.0,8001.0
2025-02-24,2022633.0,19417.0,4330893.0,254697.0,8660.0,129459.0,9970.0,0.0,12949.0
2025-02-25,1084929.0,16037.0,8157125.0,258164.0,10768.0,90276.0,67477.0,0.0,5554.0
2025-02-26,744646.0,21778.0,10524933.0,7799436.0,2866.0,158270.0,25625.0,0.0,22605.0
2025-02-27,319357.0,15616.0,8568866.0,5255317.0,2696.0,178147.0,19931.0,0.0,14130.0
2025-02-28,265355.0,34135.0,25055930.0,1340540.0,367.0,120768.0,126253.0,0.0,17195.0
2025-03-03,306419.0,9748.0,9521760.0,50806.0,381.0,90237.0,33033.0,202851.0,2649.0
2025-03-04,316477.0,11494.0,18968701.0,322864.0,1633.0,82942.0,3730.0,193840.0,6596.0
2025-03-05,461001.0,6848.0,8718919.0,19081.0,621.0,65655.0,1244.0,175334.0,3163.0
2025-03-06,405306.0,9226.0,9321401.0,1081077.0,805.0,81946.0,48507.0,151068.0,12825.0
2025-03-07,643821.0,49555.0,7431758.0,1680874.0,1003.0,25854.0,304644.0,261884.0,3134.0
2025-03-10,254229.0,41477.0,6324735.0,850508.0,1576.0,110460.0,46386.0,183170.0,7818.0
2025-03-11,352202.0,24667.0,15499528.0,178383.0,262.0,169335.0,54938.0,207400.0,1146.0
2025-03-12,199648.0,16623.0,13591930.0,28699.0,245.0,45285.0,16783.0,150490.0,6207.0
2025-03-13,107557.0,8230.0,7539898.0,106292.0,97.0,24020.0,726.0,70409.0,1435.0
2025-03-14,285226.0,10516.0,9224946.0,11039.0,1580.0,62610.0,10257.0,140116.0,2407.0
2025-03-17,461472.0,10678.0,12412693.0,19300.0,4590.0,56706.0,1477.0,89991.0,2810.0
2025-03-18,162003.0,21124.0,12011148.0,313242.0,1018.0,22948.0,56172.0,288955.0,1450.0
2025-03-19,179741.0,11477.0,6555059.0,14911.0,2288.0,19164.0,6118.0,637696.0,2111.0
2025-03-20,123995.0,43310.0,17109325.0,200280.0,6647.0,22875.0,64705.0,446131.0,31755.0
2025-03-21,0.0,0.0,0.0,0.0,0.0,0.0,0.0,0.0,0.0
2025-03-24,0.0,0.0,0.0,0.0,0.0,0.0,0.0,0.0,0.0
2025-03-25,290088.0,28115.0,9493281.0,494429.0,6936.0,130954.0,37892.0,442900.0,3167.0
2025-03-26,182272.0,41794.0,10502581.0,167539.0,5523.0,131714.0,65420.0,694002.0,14244.0
2025-03-27,508837.0,3250.0,12692383.0,1970077.0,2620.0,44042.0,9880.0,488137.0,21836.0
2025-03-28,303169.0,4447.0,28850075.0,29477.0,1015.0,66681.0,55010.0,1456722.0,9819.0
2025-03-31,516271.0,12790.0,19199615.0,90000.0,1293.0,31003.0,11490.0,952293.0,18661.0
2025-04-01,298533.0,14962.0,9610095.0,518746.0,3837.0,82273.0,13425.0,520254.0,38717.0
2025-04-02,1027915.0,36052.0,9290128.0,29250.0,7835.0,90628.0,57553.0,294356.0,6787.0
2025-04-03,343241.0,18437.0,20826287.0,361605.0,1882.0,96371.0,46760.0,274679.0,8436.0
2025-04-04,708478.0,11225.0,54501723.0,273307.0,2666.0,74904.0,39547.0,80277.0,3236.0
2025-04-07,402136.0,21270.0,55479178.0,43232.0,4277.0,258848.0,11723.0,124496.0,3896.0
2025-04-08,541019.0,24340.0,57471470.0,47471.0,4265.0,89757.0,41464.0,131675.0,4198.0
2025-04-09,296812.0,22194.0,74757896.0,47749.0,12323.0,54038.0,79510.0,245885.0,2088.0
2025-04-10,305734.0,20859.0,49388670.0,1602.0,1170.0,55334.0,132164.0,470373.0,4020.0
2025-04-11,181050.0,9252.0,32591354.0,245960.0,4465.0,28449.0,50614.0,334687.0,642.0
2025-04-14,130880.0,4188.0,17479862.0,172000.0,3679.0,16074.0,9609.0,423043.0,518.0
2025-04-15,283518.0,13874.0,20061010.0,88872.0,11501.0,9809.0,47339.0,103684.0,134.0
2025-04-16,107056.0,2373.0,11657294.0,102802.0,4507.0,9926.0,4330.0,464561.0,3705.0
2025-04-17,0.0,0.0,0.0,0.0,0.0,0.0,0.0,0.0,0.0
2025-04-18,0.0,0.0,0.0,0.0,0.0,0.0,0.0,0.0,0.0
2025-04-21,122654.0,3991.0,14394503.0,194192.0,87.0,56769.0,16994.0,140839.0,6711.0
2025-04-22,134007.0,22336.0,29817440.0,75154.0,132.0,78279.0,22206.0,45743.0,2474.0
2025-04-23,669191.0,16606.0,16845013.0,152242.0,1091.0,67044.0,22110.0,66925.0,2714.0
2025-04-24,240531.0,10169.0,12025099.0,115233.0,401.0,96623.0,20300.0,165699.0,8972.0
2025-04-25,241777.0,4899.0,5891954.0,212223.0,426.0,12974.0,16636.0,179703.0,1123.0
2025-04-28,114101.0,14086.0,13686253.0,185273.0,149.0,28549.0,12797.0,94644.0,1784.0
2025-04-29,247543.0,20237.0,23774938.0,306262.0,3782.0,138585.0,89970.0,114128.0,1899.0
2025-04-30,131932.0,31970.0,18731262.0,537822.0,2374.0,44822.0,429890.0,3758.0,3434.0
2025-05-01,0.0,0.0,0.0,0.0,0.0,,0.0,0.0,0.0
2025-05-02,55816.0,9783.0,28924414.0,17817.0,235.0,26720.0,3044.0,37621.0,20152.0
2025-05-05,275247.0,8839.0,14822939.0,75672.0,235.0,8363.0,6351.0,99426.0,16344.0
2025-05-06,131932.0,31970.0,18731262.0,537822.0,2374.0,44822.0,429890.0,3758.0,3434.0
2025-05-07,572999.0,19292.0,22627721.0,418668.0,3637.0,142815.0,3995.0,555590.0,1788.0
2025-05-08,242004.0,33492.0,11248780.0,424200.0,183.0,162935.0,648777.0,59397.0,3959.0
2025-05-09,278857.0,13861.0,10029601.0,209533.0,1342.0,108091.0,7870.0,974266.0,297.0
2025-05-12,235686.0,33800.0,13208060.0,2611619.0,253.0,53840.0,51212.0,77544.0,536.0
2025-05-13,405008.0,20543.0,20816250.0,201217.0,2923.0,111959.0,167697.0,71008.0,10991.0
2025-05-14,533045.0,13062.0,7918073.0,1518117.0,4260.0,177788.0,82195.0,779995.0,38676.0
2025-05-15,155049.0,7754.0,10033855.0,54401.0,7664.0,25021.0,41942.0,199046.0,1448.0
2025-05-16,258041.0,5398.0,10598864.0,144397.0,274.0,18776.0,62395.0,353866.0,6581.0
2025-05-19,161574.0,7368.0,14194029.0,6231.0,496.0,36266.0,65481.0,13704.0,8696.0
2025-05-20,104608.0,8188.0,3903816.0,573011.0,181.0,111227.0,5769.0,158630.0,65187.0
2025-05-21,98229.0,9666.0,5591416.0,237689.0,266.0,24884.0,20542.0,409056.0,15368.0
2025-05-22,161519.0,14531.0,7506414.0,28106.0,708.0,24705.0,22774.0,79659.0,14526.0
2025-05-23,208621.0,13399.0,6757212.0,48297.0,202.0,41019.0,48367.0,82835.0,7609.0
2025-05-26,87520.0,7249.0,1454986.0,30809.0,1503.0,33502.0,48092.0,28636.0,33728.0
2025-05-27,202697.0,8793.0,10301724.0,91115.0,244.0,19664.0,10491.0,94927.0,5695.0
2025-05-28,280737.0,8672.0,4702661.0,101384.0,59.0,87268.0,72605.0,0.0,4486.0
2025-05-29,136547.0,6495.0,11207441.0,61130.0,5404.0,46207.0,28388.0,0.0,11127.0
2025-05-30,632153.0,10564.0,14594127.0,185083.0,68741.0,39001.0,14807.0,0.0,2111.0
2025-06-02,,,,,,,,0.0,
2025-06-03,159266.0,3424.0,8952279.0,56659.0,71434.0,30768.0,92327.0,0.0,2867.0
2025-06-04,123371.0,3657.0,17930722.0,44147.0,171.0,21168.0,188359.0,0.0,8349.0
2025-06-05,438622.0,4073.0,4104641.0,1067396.0,55.0,41920.0,34611.0,0.0,648.0
2025-06-06,160232.0,14656.0,22162751.0,374043.0,243.0,45179.0,3535.0,0.0,2363.0
2025-06-09,139388.0,3862.0,12510863.0,3966.0,876.0,78483.0,65951.0,0.0,4689.0
2025-06-10,524785.0,11292.0,23720124.0,233787.0,664.0,11451.0,2846.0,0.0,8038.0
2025-06-11,160104.0,6631.0,25064844.0,6476.0,164.0,19607.0,15938.0,0.0,626.0
2025-06-12,157277.0,5609.0,16235985.0,26793.0,42.0,4881.0,42722.0,0.0,3645.0
2025-06-13,243437.0,7767.0,37469994.0,39350.0,104.0,144169.0,20495.0,0.0,3501.0
2025-06-16,523501.0,9813.0,11664256.0,89275.0,30.0,217422.0,78686.0,0.0,3603.0
2025-06-17,396847.0,24397.0,10186830.0,18120.0,661.0,361610.0,22344.0,152841.0,3015.0
2025-06-18,128699.0,6093.0,20539485.0,17273.0,72.0,92485.0,12552.0,540124.0,2603.0
2025-06-19,918011.0,9513.0,7736483.0,72946.0,57.0,38531.0,53570.0,325226.0,1774.0
2025-06-20,400618.0,3639.0,41313399.0,31897.0,249.0,46465.0,27987.0,205778.0,3415.0
2025-06-24,293320.0,12618.0,34036422.0,1350.0,1944.0,1317851.0,69355.0,1092644.0,9961.0
2025-06-25,238298.0,11092.0,16019508.0,66483.0,323.0,1113796.0,26851.0,376067.0,7473.0
2025-06-26,322478.0,7503.0,12965965.0,224674.0,2587.0,418159.0,65199.0,20127.0,3569.0
2025-06-27,151987.0,2613.0,19453795.0,14702.0,456.0,56083.0,13987.0,42327.0,5265.0
2025-06-30,0.0,0.0,0.0,0.0,0.0,0.0,0.0,0.0,0.0
2025-07-01,120768.0,15326.0,12641882.0,857991.0,413.0,46641.0,59885.0,252814.0,1036.0
2025-07-02,333157.0,22399.0,10474713.0,123073.0,132.0,33440.0,40777.0,86825.0,2298.0
2025-07-03,123677.0,108215.0,11210667.0,14581.0,498.0,93517.0,49985.0,48004.0,4411.0
2025-07-04,104235.0,12151.0,2169661.0,893134.0,184.0,9374.0,6939.0,53195.0,1900.0
2025-07-07,162974.0,25715.0,14699819.0,80218.0,176.0,41392.0,3753.0,61027.0,1052.0
2025-07-08,145582.0,5185.0,13015151.0,25930.0,102.0,57109.0,1748779.0,23041.0,4004.0
2025-07-09,119776.0,5133.0,15000006.0,0.0,233.0,43419.0,5393.0,57509.0,3249.0
2025-07-10,102177.0,16240.0,8182177.0,1773.0,2546.0,43085.0,24929.0,45225.0,12931.0
2025-07-11,143420.0,13701.0,17391676.0,48105.0,281.0,65287.0,51247.0,358035.0,2022.0
2025-07-14,81754.0,961.0,27326362.0,4173.0,87.0,79296.0,20740.0,61895.0,531.0
2025-07-15,178108.0,17089.0,8167648.0,2458.0,1305.0,135659.0,38037.0,48682.0,1729.0
2025-07-16,180465.0,3045.0,25188417.0,51741.0,107.0,85534.0,22923.0,62236.0,1044.0
2025-07-17,467144.0,7622.0,18975469.0,405277.0,273.0,330581.0,19884.0,77595.0,3043.0
2025-07-18,150870.0,21314.0,13510896.0,352058.0,146.0,38957.0,46185.0,67874.0,5164.0
2025-07-21,143997.0,8670.0,9557245.0,280300.0,62.0,78594.0,34279.0,466840.0,5157.0
2025-07-22,89250.0,13477.0,6280303.0,315953.0,775.0,260310.0,68418.0,328556.0,2115.0
2025-07-23,111040.0,7539.0,7691758.0,18388.0,117.0,105125.0,63769.0,43261.0,2175.0
2025-07-24,89561.0,2076.0,14286923.0,0.0,266.0,48151.0,23517.0,84234.0,847.0
2025-07-25,194398.0,5475.0,6705531.0,300.0,642.0,60358.0,227839.0,81770.0,939.0
2025-07-28,280738.0,20349.0,17814512.0,44449.0,269.0,122315.0,101734.0,137777.0,8237.0
2025-07-29,635691.0,6383.0,9997563.0,170590.0,382.0,1130159.0,66832.0,310117.0,21765.0
2025-07-30,144693.0,4206.0,8656278.0,3100.0,151.0,60825.0,11859.0,25740.0,12440.0
2025-07-31,37079.0,6695.0,6452690.0,5219.0,272.0,56764.0,51178.0,7907.0,2455.0
2025-08-01,259141.0,19187.0,17703513.0,138420.0,171.0,234393.0,34971.0,92642.0,1063.0
2025-08-04,0.0,0.0,0.0,0.0,0.0,0.0,0.0,0.0,0.0
2025-08-05,27402.0,10184.0,5684723.0,77785.0,75.0,95555.0,18615.0,30780.0,5024.0
2025-08-06,28381.0,3102.0,12824633.0,100496.0,34.0,119951.0,54978.0,183742.0,6301.0
2025-08-07,0.0,0.0,0.0,,0.0,0.0,0.0,0.0,0.0
2025-08-08,251065.0,13592.0,15513990.0,184790.0,219.0,255334.0,47764.0,320346.0,11390.0
2025-08-11,253.0,113.0,748.0,7.0,26.0,243.0,118.0,134.0,46.0
2025-08-12,176495.0,48724.0,7430512.0,164504.0,179.0,66945.0,997690.0,123967.0,6005.0
2025-08-13,93646.0,35686.0,13821733.0,204329.0,111.0,226537.0,41261.0,416285.0,5323.0
2025-08-14,243663.0,31500.0,13691826.0,80589.0,319.0,299899.0,116424.0,196644.0,2444.0
2025-08-15,148673.0,10149.0,11632096.0,117392.0,472.0,81195.0,84793.0,69834.0,6571.0
2025-08-19,181256.0,29669.0,27060822.0,77319.0,195.0,58520.0,23712.0,208766.0,1990.0
2025-08-20,83034.0,27463.0,13587474.0,160810.0,456.0,280572.0,36712.0,68080.0,2721.0
2025-08-21,128657.0,37695.0,14617813.0,1239411.0,256.0,105339.0,24963.0,31373.0,12760.0
2025-08-22,90482.0,12548.0,16750708.0,219360.0,136.0,579957.0,21309.0,379008.0,48681.0
2025-08-25,327267.0,11973.0,9215725.0,176774.0,1409.0,53320.0,15709.0,445108.0,2349.0
2025-08-26,260113.0,11982.0,18809778.0,61224.0,299.0,53740.0,35471.0,289485.0,2035.0
2025-08-27,77744.0,6391.0,6347502.0,13270.0,45.0,72173.0,49917.0,43148.0,2103.0
2025-08-28,176547.0,18144.0,8132486.0,391342.0,427.0,70094.0,40323.0,208266.0,1591.0
2025-08-29,114681.0,10023.0,6541200.0,21298.0,281.0,17609.0,14026.0,545615.0,1632.0
2025-09-01,107935.0,6340.0,1329622.0,384609.0,1018.0,42969.0,6475.0,103786.0,5962.0
2025-09-02,0.0,0.0,0.0,0.0,0.0,0.0,0.0,0.0,0.0
2025-09-03,111636.0,4150.0,12739464.0,178029.0,347.0,52851.0,20180.0,114841.0,7764.0
2025-09-04,107846.0,1104.0,6641582.0,13651.0,837.0,403087.0,5628.0,362527.0,29282.0
2025-09-05,147965.0,2790.0,6705355.0,82722.0,1394.0,72388.0,20281.0,238425.0,17966.0
2025-09-08,166819.0,5913.0,6638944.0,31984.0,305.0,44474.0,11824.0,119526.0,13985.0
2025-09-09,111728.0,7263.0,8369030.0,73204.0,969.0,117847.0,22995.0,384377.0,2210.0
2025-09-10,139530.0,11926.0,9467784.0,440.0,1093.0,93832.0,13700.0,297100.0,11481.0
2025-09-11,176378.0,5877.0,5741612.0,10000.0,187.0,40501.0,20992.0,221922.0,4946.0
2025-09-12,134090.0,1024.0,14373281.0,128960.0,3593.0,5933.0,5576.0,59082.0,6945.0
2025-09-15,894707.0,5104.0,4010434.0,1703.0,509.0,62826.0,11803.0,58463.0,3874.0
2025-09-16,319324.0,2947.0,2586373.0,820.0,136.0,47479.0,5758.0,82458.0,7078.0
2025-09-17,590369.0,20697.0,5548160.0,6390.0,110.0,529211.0,962.0,130666.0,3559.0
2025-09-18,1906086.0,60684.0,15158742.0,13248.0,118.0,53637.0,63368.0,259581.0,1378.0
2025-09-19,2037922.0,169212.0,19439275.0,1276998.0,14.0,842746.0,39023.0,345879.0,20355.0
2025-09-22,370048.0,42591.0,5789552.0,122331.0,55.0,36945.0,27301.0,115985.0,8212.0
2025-09-23,386427.0,14165.0,10934748.0,0.0,463.0,131079.0,31528.0,1651546.0,2409.0
2025-09-24,372051.0,28895.0,16344509.0,20180.0,117.0,66754.0,8479.0,398014.0,2577.0
2025-09-25,168790.0,6704.0,6744924.0,112487.0,103.0,37062.0,10481.0,210813.0,2197.0
2025-09-26,153737.0,3835.0,5591379.0,4565.0,194.0,33195.0,8416.0,227150.0,1715.0
2025-09-29,96623.0,2800.0,5781929.0,129500.0,174.0,207532.0,3246.0,437159.0,983.0
2025-09-30,107935.0,6340.0,1329622.0,384609.0,1018.0,42969.0,6475.0,103786.0,5962.0
2025-10-01,59476.0,21435.0,3781254.0,74092.0,244.0,59967.0,17661.0,185231.0,1703.0
2025-10-02,43711.0,13810.0,17196333.0,107793.0,159.0,77435.0,3436.0,126686.0,2352.0
2025-10-03,152997.0,9973.0,2862836.0,31902.0,45.0,19391.0,14666.0,223476.0,1548.0
2025-10-06,147263.0,10546.0,4489950.0,1121734.0,621.0,11582.0,42215.0,429445.0,1160.0
2025-10-07,27899.0,4274.0,4938103.0,67595.0,1461.0,37236.0,19577.0,120989.0,614.0
2025-10-08,93213.0,10698.0,5862519.0,912.0,903.0,19132.0,26957.0,472160.0,679.0
2025-10-09,145841.0,50194.0,4759757.0,25682.0,269.0,101068.0,72707.0,277922.0,1410.0
2025-10-10,171454.0,12287.0,14675375.0,57494.0,978.0,135755.0,14801.0,179533.0,582.0
2025-10-14,101410.0,4116.0,19304487.0,9243.0,140.0,421693.0,28638.0,164966.0,1835.0
2025-10-15,461377.0,13332.0,9406431.0,29607.0,160.0,127247.0,491106.0,176239.0,3264.0
2025-10-16,166402.0,50375.0,10040809.0,301500.0,239.0,465971.0,1392781.0,378753.0,3205.0
2025-10-17,212830.0,3346.0,6298174.0,24472.0,2090.0,260049.0,63702.0,424664.0,2309.0
2025-10-20,249155.0,11932.0,9938686.0,36951.0,1551.0,118639.0,25094.0,316606.0,1629.0
2025-10-21,109372.0,8243.0,11728233.0,3302.0,4164.0,681388.0,517559.0,290232.0,736.0
2025-10-22,140201.0,8116.0,15778239.0,102986.0,3321.0,145727.0,6489.0,210616.0,5019.0
2025-10-23,142851.0,52967.0,9128441.0,6166.0,1423.0,56196.0,13081.0,94984.0,1382.0
2025-10-24,249422.0,23246.0,7973784.0,0.0,3807.0,347299.0,25074.0,33195.0,2841.0
2025-10-27,604418.0,28967.0,6892168.0,301112.0,1979.0,101169.0,55330.0,281974.0,8900.0
2025-10-28,111713.0,43875.0,11400668.0,23644.0,1419.0,189750.0,87434.0,289341.0,8141.0
2025-10-29,296418.0,64066.0,7774299.0,272530.0,3043.0,404728.0,741290.0,144460.0,5527.0
2025-10-30,62837.0,33143.0,8262977.0,420599.0,2336.0,144445.0,18821.0,108209.0,4704.0
2025-10-31,70244.0,15560.0,7245727.0,883.0,1532.0,307182.0,15722.0,53113.0,4274.0
2025-11-04,42165.0,4600.0,7895806.0,35970.0,557.0,130729.0,45793.0,328539.0,2394.0
2025-11-05,126343.0,15344.0,7751893.0,10555.0,4002.0,232610.0,813663.0,384832.0,5973.0
2025-11-06,622981.0,12486.0,13625023.0,138847.0,1156.0,275603.0,21740.0,531211.0,17103.0
2025-11-07,97823.0,15737.0,15052886.0,639924.0,1280.0,183750.0,41060.0,131319.0,9495.0
2025-11-10,67697.0,9097.0,13478046.0,37088.0,1462.0,166311.0,68842.0,316539.0,1405.0
2025-11-11,150267.0,9487.0,16199484.0,196961.0,623.0,139079.0,11243.0,34028.0,3610.0
2025-11-12,115105.0,35729.0,6685620.0,55690.0,1197.0,214898.0,66485.0,396342.0,2922.0
2025-11-13,124188.0,7988.0,9752243.0,433341.0,1696.0,63936.0,59890.0,220385.0,6722.0
2025-11-14,80088.0,30598.0,26794130.0,82792.0,904.0,170719.0,107608.0,270756.0,8632.0
2025-11-18,186840.0,8534.0,12718659.0,152099.0,1336.0,25973.0,61407.0,198208.0,4452.0
2025-11-19,125313.0,9068.0,15382037.0,76519.0,167.0,44393.0,146440.0,137146.0,2470.0
2025-11-20,202545.0,28806.0,15976147.0,337869.0,1191.0,40943.0,22386.0,31338.0,10167.0
2025-11-21,591345.0,21455.0,12754829.0,330770.0,1708.0,18478.0,36758.0,100689.0,7429.0
2025-11-24,710395.0,30850.0,14935664.0,382932.0,2976.0,26286.0,80288.0,2419194.0,11895.0
2025-11-25,333445.0,15808.0,23141203.0,44551.0,2710.0,13988.0,35122.0,405550.0,6549.0
2025-11-26,171301.0,7970.0,18912032.0,221578.0,650.0,24907.0,35381.0,276865.0,5158.0
2025-11-27,162961.0,17453.0,1034889.0,34890.0,128.0,17633.0,39325.0,80609.0,3924.0
2025-11-28,237828.0,6083.0,7019293.0,224363.0,182.0,12525.0,48005.0,415462.0,1190.0
2025-12-01,131675.0,7265.0,9487910.0,151937.0,1905.0,7156.0,93535.0,323173.0,6880.0
2025-12-02,187359.0,3095.0,8426480.0,13271.0,986.0,20529.0,67940.0,163392.0,3877.0
2025-12-03,42165.0,4600.0,7895806.0,35970.0,557.0,130729.0,45793.0,328539.0,2394.0
2025-12-04,222188.0,6012.0,5084424.0,51560.0,342.0,30261.0,117240.0,81050.0,3307.0
2025-12-05,221963.0,6185.0,8608503.0,10947.0,1810.0,27593.0,657876.0,32946.0,2511.0
2025-12-09,117842.0,10996.0,6333614.0,81906.0,684.0,4450.0,80956.0,96513.0,2366.0
2025-12-10,224257.0,20070.0,10383207.0,109969.0,75.0,2146.0,100252.0,91961.0,5095.0
2025-12-11,280905.0,7671.0,10069244.0,214792.0,1498.0,14453.0,136696.0,107294.0,2591.0
2025-12-12,125051.0,4001.0,4023869.0,51787.0,248.0,8964.0,22600.0,222419.0,4850.0
2025-12-15,122315.0,7902.0,3279105.0,327897.0,151.0,4002.0,80749.0,116947.0,2841.0
2025-12-16,204448.0,22076.0,18821367.0,143395.0,55.0,9488.0,65671.0,215726.0,3089.0
2025-12-17,334805.0,9723.0,4913216.0,9142.0,1321.0,21939.0,51939.0,136851.0,1921.0
2025-12-18,221365.0,3134.0,5477837.0,57824.0,1487.0,17649.0,40887.0,101097.0,1775.0
2025-12-19,217258.0,24266.0,16535275.0,21067.0,24.0,20973.0,171563.0,292802.0,5534.0
2025-12-22,168079.0,25887.0,6172153.0,21205.0,1347.0,15767.0,36276.0,516951.0,9092.0
2025-12-23,233504.0,23412.0,10114072.0,150526.0,1342.0,3141.0,158963.0,72023.0,850.0
2025-12-24,115091.0,693.0,2535156.0,14744.0,235.0,3311.0,56248.0,10235.0,1794.0
2025-12-25,,,,0.0,,,,,
2025-12-26,366506.0,6928.0,3687708.0,37015.0,298.0,4740.0,68998.0,28434.0,3330.0
2025-12-29,162784.0,5402.0,5404949.0,77766.0,140.0,3984.0,5102.0,118021.0,1563.0
2025-12-30,143090.0,20541.0,9273452.0,52358.0,88.0,34885.0,25410.0,86922.0,6620.0
2025-12-31,0.0,0.0,0.0,0.0,0.0,0.0,0.0,0.0,0.0
2026-01-02,82911.0,4356.0,18162718.0,29831.0,320.0,2347.0,16215.0,24336.0,3111.0
2026-01-05,169272.0,19845.0,32326762.0,47616.0,384.0,25150.0,148620.0,221430.0,1740.0
2026-01-06,571999.0,33177.0,49503750.0,201789.0,359.0,15844.0,91222.0,181516.0,4591.0
2026-01-07,98540.0,3689.0,16865223.0,1694.0,331.0,13399.0,48730.0,140287.0,1256.0
2026-01-08,70754.0,5455.0,14465584.0,19908.0,265.0,13083.0,9657.0,68375.0,2155.0
2026-01-09,170542.0,10699.0,13980083.0,10809.0,166.0,8176.0,12933.0,227186.0,2904.0
2026-01-13,325286.0,20426.0,19520792.0,597347.0,205.0,13430.0,78298.0,137843.0,3955.0
2026-01-14,269322.0,142500.0,35481205.0,6559.0,617.0,3122.0,93256.0,155576.0,5184.0
2026-01-15,193666.0,17247.0,27999306.0,62421.0,1424.0,8801.0,34781.0,52309.0,6425.0
2026-01-16,204135.0,60603.0,40565445.0,5943.0,191.0,13041.0,248067.0,118811.0,4979.0
2026-01-19,145935.0,43115.0,13149683.0,193984.0,279.0,9127.0,440769.0,186353.0,43952.0
2026-01-20,456442.0,22577.0,30208320.0,62500.0,377.0,10160.0,548103.0,802867.0,5075.0
2026-01-21,361211.0,25972.0,37655167.0,403896.0,449.0,6854.0,381375.0,608330.0,4969.0
2026-01-22,238009.0,18440.0,32608607.0,289462.0,118.0,14112.0,76683.0,93569.0,3123.0
2026-01-23,451808.0,14252.0,17696743.0,209812.0,190.0,11898.0,46830.0,198986.0,14861.0
2026-01-26,469439.0,19766.0,19474997.0,19187.0,493.0,6165.0,141371.0,122844.0,3002.0
2026-01-27,500619.0,35529.0,40595529.0,373515.0,913.0,33308.0,191303.0,376689.0,6347.0
2026-01-28,1314315.0,22160.0,33060616.0,753722.0,239.0,45975.0,1141709.0,275081.0,4892.0
2026-01-29,304755.0,18337.0,33141644.0,593437.0,729.0,23792.0,60598.0,322385.0,4157.0
2026-01-30,238960.0,12937.0,30194485.0,125714.0,389.0,3628.0,92802.0,694916.0,2043.0
2026-02-02,348805.0,25822.0,20824614.0,1355979.0,172.0,9834.0,67487.0,965634.0,5840.0
2026-02-03,176930.0,13270.0,26881236.0,414462.0,978.0,2927.0,25749.0,285124.0,7517.0
2026-02-04,274332.0,41320.0,38376331.0,262682.0,326.0,13743.0,74208.0,231359.0,8602.0
2026-02-05,220814.0,13166.0,16500796.0,219362.0,277.0,24550.0,42986.0,310753.0,6844.0
2026-02-06,85923.0,5612.0,14923038.0,17236.0,181.0,5253.0,21220.0,73634.0,2616.0
2026-02-09,425878.0,8131.0,25356422.0,109054.0,169.0,3293.0,54234.0,79333.0,1187.0
2026-02-10,80854.0,4026.0,26631637.0,51127.0,130.0,10321.0,12560.0,149734.0,1203.0
2026-02-11,343945.0,9854.0,15795153.0,10125.0,692.0,23469.0,27813.0,338377.0,2626.0
2026-02-12,123242.0,16892.0,15282556.0,14584.0,2840.0,17960.0,84864.0,91405.0,2946.0
2026-02-13,206972.0,10776.0,6808892.0,5520.0,340.0,34300.0,22147.0,166029.0,1910.0
2026-02-16,33801.0,1749.0,4873524.0,175811.0,74.0,1497.0,113305.0,151726.0,1477.0
2026-02-17,91052.0,9403.0,28234661.0,111999.0,323.0,3490.0,34901.0,105924.0,2629.0
2026-02-18,60928.0,17683.0,19195248.0,35519.0,273.0,4645.0,21272.0,138595.0,3013.0
2026-02-19,94205.0,17607.0,28487144.0,80114.0,183.0,9735.0,24109.0,160316.0,1618.0
2026-02-20,518485.0,10425.0,24356129.0,66503.0,108.0,2822.0,31634.0,482480.0,1290.0
2026-02-23,1503428.0,13518.0,34174824.0,1049110.0,347.0,43702.0,24780.0,506574.0,3175.0
2026-02-24,282477.0,9343.0,18609383.0,33606.0,47.0,11583.0,29191.0,69163.0,3181.0
2026-02-25,242304.0,3217.0,27295823.0,9822.0,220.0,12095.0,39954.0,137663.0,1924.0
2026-02-26,1399850.0,87153.0,18910787.0,282188.0,37.0,46605.0,67596.0,93705.0,5890.0
2026-02-27,181679.0,204993.0,24613295.0,151728.0,202.0,8246.0,57630.0,1358999.0,4922.0
2026-03-02,192749.0,14177.0,33105541.0,624706.0,354.0,5816.0,73322.0,183983.0,10956.0
2026-03-03,296945.0,26187.0,22509070.0,69826.0,1894.0,23404.0,104986.0,203571.0,11626.0
2026-03-04,296945.0,26187.0,22509070.0,69826.0,1894.0,23404.0,104986.0,203571.0,11626.0
2026-03-05,148018.0,5921.0,48627921.0,516293.0,99.0,1040.0,25311.0,138172.0,2721.0
2026-03-06,159850.0,12518.0,45176352.0,140278.0,379.0,4771.0,14056.0,152727.0,3631.0
2026-03-09,161932.0,12252.0,45633557.0,172035.0,137.0,7899.0,32139.0,91891.0,2120.0
2026-03-10,,,,,,,,,0.0
2026-03-11,45465.0,5227.0,24699873.0,929304.0,79.0,485.0,58644.0,239298.0,8358.0
2026-03-12,77385.0,17704.0,48742761.0,19823.0,92.0,2254.0,33859.0,166413.0,2743.0
2026-03-13,185502.0,8744.0,20203764.0,55890.0,604.0,431.0,27308.0,265420.0,434.0
2026-03-16,47385.0,13103.0,24488988.0,4051134.0,419.0,4167.0,54498.0,215653.0,2649.0
2026-03-17,474027.0,11628.0,27083429.0,5158792.0,53.0,1561.0,21291.0,213891.0,3159.0
2026-03-18,129034.0,25734.0,24508158.0,39790.0,77.0,1269.0,1515749.0,353757.0,1375.0
2026-03-19,313071.0,37484.0,68504625.0,104057.0,37.0,682.0,48457.0,303261.0,1793.0
2026-03-20,1032321.0,70550.0,105571194.0,95838.0,42.0,19017.0,2009674.0,362548.0,7090.0
2026-03-24,3970593.0,39153.0,13163461.0,4245626.0,2186.0,32556.0,33072.0,240951.0,4260.0
2026-03-25,1111419.0,12730.0,23937313.0,24456.0,320.0,18581.0,30515.0,493405.0,10148.0
2026-03-26,637920.0,8238.0,18840377.0,53077.0,231.0,4483.0,12528.0,120627.0,2066.0
2026-03-27,616679.0,20876.0,35924355.0,2836.0,25.0,15503.0,41226.0,239565.0,8225.0
2026-03-30,78855.0,5432.0,9906195.0,6091.0,37.0,8143.0,9169.0,87090.0,395.0
2026-03-31,78668.0,6967.0,13522981.0,15669.0,37.0,5593.0,3315.0,70360.0,1820.0
2026-04-01,131983.0,12273.0,25228429.0,6967.0,895.0,5579.0,6197.0,313886.0,646.0
2026-04-02,0.0,0.0,0.0,0.0,0.0,0.0,0.0,0.0,0.0
2026-04-03,0.0,0.0,0.0,0.0,0.0,0.0,0.0,0.0,0.0
2026-04-06,324002.0,10334.0,17764081.0,18201.0,358.0,5258.0,13641.0,121301.0,3279.0
2026-04-07,181615.0,9639.0,20028673.0,397918.0,118.0,7601.0,14259.0,124112.0,2486.0
2026-04-08,443970.0,13756.0,32754171.0,115620.0,1020.0,5700.0,21549.0,308972.0,2048.0
2026-04-09,428301.0,11991.0,18896838.0,204000.0,23.0,7704.0,22005.0,194418.0,3434.0
2026-04-10,428301.0,11991.0,18896838.0,204000.0,23.0,7704.0,22005.0,194418.0,3434.0
2026-04-13,0.0,0.0,0.0,0.0,0.0,19134.0,0.0,121301.0,0.0
2026-04-14,0.0,0.0,0.0,0.0,0.0,11469.0,0.0,208914.0,0.0
2026-04-15,513479.0,10948.0,13805937.0,1115101.0,43.0,2010.0,34863.0,85122.0,1900.0
2026-04-16,484269.0,15268.0,32149364.0,171728.0,342.0,2665.0,36722.0,70168.0,3141.0
2026-04-17,288121.0,5750.0,42410630.0,169966.0,464.0,6371.0,28704.0,144683.0,4032.0
2026-04-20,330886.0,4950.0,18116545.0,151672.0,23.0,3911.0,33661.0,43683.0,4784.0
2026-04-21,277562.0,1604.0,21990909.0,90292.0,42.0,1849.0,21741.0,157948.0,4928.0
2026-04-22,195283.0,1871.0,19234485.0,87328.0,18.0,636.0,13283.0,59678.0,1858.0
2026-04-23,149920.0,10131.0,29356907.0,48730.0,872.0,2514.0,1467.0,73432.0,54618.0
2026-04-24,219016.0,4124.0,11123116.0,63642.0,77.0,7202.0,7019.0,17702.0,3409.0
2026-04-27,34870.0,8694.0,23785885.0,35429.0,651.0,4103.0,21473.0,85927.0,5665.0
2026-04-28,114142.0,10745.0,17293611.0,23536.0,463.0,1795.0,207181.0,53871.0,6615.0
2026-04-29,1033111.0,13161.0,35831214.0,1103431.0,241.0,29367.0,46221.0,237114.0,4742.0
2026-04-30,169902.0,1543.0,30182854.0,101938.0,55.0,14372.0,8299.0,63450.0,2572.0
2026-05-04,206026.0,22432.0,18233609.0,267706.0,81.0,5680.0,38410.0,26313.0,2933.0
2026-05-05,0.0,0.0,0.0,0.0,0.0,0.0,0.0,0.0,0.0
2026-05-06,255999.0,2027.0,22960432.0,289289.0,1406.0,60114.0,23620.0,262629.0,2011.0
2026-05-07,288046.0,11027.0,26205934.0,23984.0,818.0,20847.0,34287.0,597832.0,4818.0
2026-05-08,461852.0,8285.0,25958660.0,12384.0,793.0,22160.0,23626.0,272186.0,3700.0
2026-05-11,270992.0,7740.0,16379805.0,29719.0,4059.0,29406.0,15963.0,153383.0,1377.0
2026-05-12,437833.0,8670.0,23570760.0,57515.0,1351.0,6469.0,5330.0,42937.0,2167.0
2026-05-13,178996.0,9512.0,34446802.0,0.0,10146.0,9312.0,11872.0,48637.0,958.0
2026-05-14,445829.0,15728.0,33853293.0,2893304.0,1431.0,26164.0,85222.0,138722.0,5449.0
2026-05-15,211804.0,2720.0,24761299.0,218207.0,646.0,6369.0,10925.0,52795.0,976.0
2026-05-19,156858.0,3101.0,43920976.0,133293.0,841.0,4423.0,15966.0,125110.0,2404.0
2026-05-20,419018.0,17553.0,42277401.0,11346.0,1322.0,3000.0,28480.0,42562.0,5066.0
2026-05-21,281043.0,5909.0,21791696.0,5735.0,451.0,665.0,27925.0,260472.0,4807.0
2026-05-22,131399.0,2910.0,22640950.0,1623111.0,697.0,2814.0,4408.0,195491.0,2934.0
2026-05-25,418033.0,9870.0,5555571.0,5599.0,2369.0,15451.0,59974.0,140811.0,4181.0
2026-05-26,502788.0,26488.0,67086408.0,17365.0,2833.0,14419.0,18206.0,114642.0,3517.0
2026-05-27,317653.0,3459.0,36136049.0,7000.0,64.0,7248.0,34432.0,157297.0,3332.0
2026-05-28,179691.0,6979.0,35063550.0,463413.0,495.0,1667.0,19516.0,159677.0,2781.0
2026-06-01,443315.0,8239.0,24066210.0,50688.0,267.0,10135.0,27716.0,214271.0,4077.0
2026-06-02,443315.0,8239.0,24066210.0,50688.0,267.0,10135.0,27716.0,214271.0,4077.0
2026-06-03,553649.0,11937.0,19327979.0,2449482.0,32.0,6079.0,14803.0,142751.0,69218.0
2026-06-04,328095.0,12189.0,28274108.0,215493.0,20.0,7977.0,20732.0,101135.0,1919.0
2026-06-05,466674.0,5323.0,29381978.0,224457.0,429.0,27194.0,18774.0,230320.0,4657.0
2026-06-08,0.0,0.0,0.0,0.0,0.0,0.0,0.0,0.0,0.0
2026-06-09,680750.0,1799.0,55541842.0,79095.0,488.0,55516.0,5831.0,504942.0,7983.0
2026-06-10,228521.0,4476.0,43982499.0,5538.0,428.0,18197.0,7008.0,284928.0,831.0
2026-06-11,717439.0,15911.0,33614551.0,557230.0,431.0,8099.0,11191.0,178503.0,19044.0
2026-06-12,0.0,,,,,,,,
2026-06-15,0.0,,,,,,,,
2026-06-16,262702.0,18418.0,45031731.0,74749.0,542.0,8796.0,10693.0,428056.0,4467.0
2026-06-17,0.0,8760.0,43338793.0,183401.0,32.0,5960.0,50575.0,199950.0,11858.0
2026-06-18,0.0,0.0,0.0,0.0,0.0,0.0,0.0,0.0,0.0
2026-06-19,0.0,0.0,0.0,0.0,0.0,0.0,0.0,0.0,0.0
2026-06-22,819647.0,37810.0,103685107.0,1011840.0,228.0,35625.0,79205.0,167406.0,9548.0
2026-06-23,222134.0,22387.0,27675388.0,3606774.0,236.0,3468.0,20568.0,130705.0,5239.0
2026-06-24,355738.0,7464.0,72935359.0,89486.0,1498.0,14177.0,17868.0,142981.0,1980.0
2026-06-25,313333.0,7113.0,29325185.0,451691.0,653.0,2775.0,10714.0,73771.0,1979.0
2026-06-26,199430.0,555.0,52408561.0,6377243.0,210.0,13446.0,5700.0,150520.0,1042.0
2026-06-29,0.0,0.0,0.0,0.0,0.0,0.0,0.0,0.0,0.0
2026-06-30,245443.0,9170.0,22320212.0,3518131.0,52.0,1853.0,6733.0,56313.0,804.0
2026-07-01,190699.0,6192.0,27562214.0,3271446.0,8.0,1953.0,11667.0,82833.0,1686.0
2026-07-02,260445.0,9219.0,21477157.0,2777032.0,189.0,1868.0,49668.0,81254.0,3764.0
2026-07-03,136937.0,4638.0,8997932.0,632951.0,339.0,265.0,8343.0,163576.0,579.0
2026-07-06,229993.0,12516.0,14287783.0,2215717.0,364.0,4156.0,2180.0,100356.0,648.0
2026-07-07,171742.0,1307.0,23531151.0,882569.0,81.0,2822.0,7297.0,151415.0,1013.0
2026-07-08,216551.0,7654.0,22550321.0,66812.0,267.0,1167.0,54569.0,174683.0,281.0
2026-07-09,142199.0,12721.0,28961664.0,378965.0,399.0,7493.0,37337.0,181209.0,1097.0
2026-07-10,456083.0,16048.0,30296450.0,139072.0,88.0,21174.0,6098.0,190379.0,2546.0
2026-07-14,191880.0,2474.0,30970192.0,320381.0,916.0,6714.0,19389.0,133896.0,864.0
2026-07-15,142978.0,4809.0,22624785.0,609809.0,186.0,7631.0,3022.0,63589.0,943.0
2026-07-16,190610.0,6926.0,60953983.0,178451.0,187.0,8536.0,8808.0,136031.0,1386.0
2026-07-17,112116.0,1517.0,39825714.0,222615.0,1780.0,3910.0,9666.0,80423.0,868.0
2026-07-21,191854.0,5234.0,30950805.0,191267.0,407.0,790.0,16271.0,412122.0,1590.0
2026-07-22,144430.0,7943.0,16640752.0,1276150.0,1090.0,4465.0,12938.0,359009.0,1362.0
2026-07-23,116175.0,5271.0,30336764.0,372998.0,581.0,4822.0,15898.0,60947.0,2390.0
2026-07-24,0.0,0.0,0.0,0.0,0.0,0.0,0.0,0.0,0.0
2026-07-27,68975.0,2509.0,30229733.0,99541.0,395.0,4020.0,1442.0,76682.0,1721.0
2026-07-28,76081.0,4336.0,27332265.0,518566.0,138.0,1920.0,8206.0,34182.0,907.0
2026-07-29,58560.0,4488.0,30235575.0,93052.0,174.0,1166.0,6459.0,33147.0,286.0
2026-07-30,137439.0,16239.0,18948217.0,372253.0,54.0,2287.0,17189.0,88202.0,1149.0
2026-07-31,349106.0,14855.0,20783887.0,361856.0,187.0,1264.0,56382.0,38580.0,1052.0
2026-08-03,92742.0,12803.0,16512606.0,406850.0,448.0,4935.0,37259.0,37929.0,1829.0
2026-08-04,119533.0,21152.0,45539536.0,54679.0,456.0,1815.0,26136.0,37851.0,877.0
2026-08-05,146946.0,8121.0,31140989.0,128974.0,50.0,1474.0,18744.0,307471.0,3264.0
2026-08-06,348249.0,13209.0,37219890.0,89513.0,465.0,2178.0,70845.0,190239.0,5072.0
2026-08-07,0.0,0.0,0.0,0.0,0.0,0.0,0.0,0.0,0.0
2026-08-10,243890.0,7930.0,30951468.0,118596.0,46.0,19296.0,81390.0,140087.0,3407.0
2026-08-11,137120.0,3857.0,25524095.0,88305.0,125.0,3170.0,19597.0,52317.0,1295.0
2026-08-12,134273.0,3042.0,20139348.0,6810.0,382.0,10991.0,27204.0,51878.0,1102.0
2026-08-13,71549.0,8778.0,28519367.0,2451.0,22.0,12004.0,71346.0,82306.0,3703.0
2026-08-14,221899.0,29500.0,24592733.0,457040.0,41.0,9451.0,20130.0,74367.0,3687.0
2026-08-18,153930.0,3321.0,11716752.0,465557.0,255.0,8354.0,33996.0,78415.0,2756.0
2026-08-19,206529.0,6068.0,13382828.0,536078.0,18.0,3113.0,12380.0,185094.0,5013.0
2026-08-20,105894.0,12617.0,17232526.0,92312.0,28.0,2761.0,20112.0,243082.0,1568.0
2026-08-21,202253.0,16614.0,12725891.0,392744.0,197.0,3992.0,33769.0,146798.0,3020.0
2026-08-24,150838.0,17387.0,17409723.0,1124853.0,414.0,27666.0,40940.0,188139.0,6269.0
2026-08-25,177393.0,7590.0,18610466.0,1089179.0,24.0,5403.0,52454.0,86995.0,3900.0
2026-08-26,157971.0,12892.0,17391659.0,1923559.0,1515.0,4773.0,21611.0,58681.0,2705.0
2026-08-27,146433.0,8760.0,14622007.0,55913.0,7.0,9296.0,18471.0,73275.0,13559.0
2026-08-28,120863.0,33087.0,13400095.0,352924.0,874.0,3836.0,15964.0,75899.0,2829.0
2026-08-31,117792.0,70546.0,40276705.0,205052.0,444.0,2656.0,256575.0,422933.0,2858.0
2026-09-01,149420.0,11357.0,34724269.0,982857.0,194.0,15235.0,193250.0,657353.0,3564.0
2026-09-02,1208531.0,6954.0,23048970.0,4019927.0,213.0,7373.0,15645.0,92748.0,2949.0
2026-09-03,53271.0,7322.0,18487102.0,8956768.0,31.0,12605.0,26105.0,143809.0,1918.0
2026-09-04,136549.0,11609.0,22438880.0,1001778.0,238.0,13366.0,13218.0,145675.0,2958.0
2026-09-08,432373.0,14763.0,14419563.0,1473025.0,45.0,18594.0,15833.0,95716.0,3160.0
2026-09-09,364114.0,5856.0,20414749.0,842655.0,22.0,8145.0,34495.0,156830.0,1157.0
2026-09-10,475474.0,35022.0,24232670.0,1563709.0,311.0,10121.0,52904.0,219390.0,8496.0
2026-09-11,220360.0,9511.0,12787273.0,2776295.0,146.0,20884.0,30588.0,267435.0,5685.0
2026-09-14,188356.0,10063.0,20191891.0,675301.0,85.0,6013.0,125118.0,156565.0,3429.0
