Date,Celsia,Banco de Bogota,Ecopetrol,ETB,Nutresa,Banco Davivienda PF,Promigas,Mineros SA,Grupo Bolivar
2020-01-01,2793.44189453125,52395.3828125,1491.2252197265625,259.0,20479.646484375,38710.296875,4753.7890625,3024.656005859375,59214.125
2020-01-02,2793.44189453125,52395.3828125,1491.2252197265625,259.0,20479.646484375,38710.296875,4753.7890625,3024.656005859375,59214.125
2020-01-03,2844.11669921875,54635.46875,1520.4647216796875,260.0,20382.890625,38137.80859375,4896.40234375,3098.704833984375,60752.13671875
2020-01-06,2844.11669921875,54635.46875,1520.4647216796875,260.0,20382.890625,38137.80859375,4896.40234375,3098.704833984375,60752.13671875
2020-01-07,2837.781982421875,52924.6484375,1511.46826171875,260.0,20205.5078125,38306.1875,4896.40234375,3093.988525390625,60752.13671875
2020-01-08,2834.61474609375,52924.6484375,1495.7236328125,260.0,20173.2578125,38289.3515625,4896.40234375,3070.40625,60752.13671875
2020-01-09,2837.781982421875,53613.9140625,1504.7205810546875,274.0,20217.75,37615.83203125,4753.7890625,3046.823974609375,60830.68359375
2020-01-10,2859.952880859375,54709.3046875,1529.4615478515625,274.0,20314.716796875,37295.91015625,4735.9619140625,3027.957275390625,60830.68359375
2020-01-13,2825.114013671875,52949.27734375,1538.458740234375,270.0,20136.951171875,37043.34375,4735.9619140625,3065.689453125,60830.68359375
2020-01-14,2796.60986328125,53663.14453125,1531.7110595703125,262.0,20153.1015625,37211.72265625,4575.5224609375,3032.67431640625,60830.68359375
2020-01-15,2774.439453125,54155.44140625,1527.2125244140625,268.0,20250.068359375,37262.23828125,4586.83984375,3032.67431640625,60830.68359375
2020-01-16,2777.606201171875,54463.140625,1531.7110595703125,265.0,20201.5859375,37700.0234375,4169.8564453125,3018.52490234375,60830.68359375
2020-01-17,2807.052978515625,54463.140625,1531.7110595703125,265.0,20201.5859375,37700.0234375,4169.8564453125,3018.52490234375,60830.68359375
2020-01-20,2784.648193359375,52986.1953125,1522.714111328125,252.0,20444.0078125,38053.6171875,4169.8564453125,3027.957275390625,60830.68359375
2020-01-21,2829.45751953125,53847.7421875,1511.46826171875,265.0,20411.681640625,38289.3515625,4402.17529296875,3018.52490234375,60815.31640625
2020-01-22,2867.86669921875,54524.67578125,1497.97265625,265.0,20460.162109375,38289.3515625,4354.52001953125,3051.540283203125,59290.6953125
2020-01-23,2903.07568359375,53847.7421875,1491.2252197265625,259.0,20508.65625,38221.99609375,4431.95947265625,3051.540283203125,59290.6953125
2020-01-24,2858.265380859375,54770.84765625,1479.9791259765625,257.0,20379.359375,38356.6953125,4378.3466796875,3046.823974609375,59290.6953125
2020-01-27,2874.2685546875,53946.2109375,1441.742431640625,250.0,20136.951171875,37935.75390625,4378.3466796875,3018.52490234375,59290.6953125
2020-01-28,2880.67041015625,54353.86328125,1434.9949951171875,250.0,20201.5859375,38087.2890625,4574.92626953125,2966.644287109375,59290.6953125
2020-01-29,2899.875,54588.55859375,1437.2440185546875,251.0,20266.234375,38642.9453125,4574.92626953125,2971.36083984375,60445.7109375
2020-01-30,2899.875,54082.0859375,1439.4932861328125,250.0,20169.263671875,38727.1328125,4372.39013671875,2924.195556640625,60445.7109375
2020-01-31,2903.07568359375,54971.53125,1430.4964599609375,258.0,20007.65625,38710.296875,4408.13134765625,2886.464599609375,60445.7109375
2020-02-03,2896.674072265625,54971.53125,1412.5030517578125,260.0,20250.068359375,38306.1875,4408.13134765625,2914.763427734375,60830.68359375
2020-02-04,2880.67041015625,54996.21875,1432.74560546875,260.0,20201.5859375,38457.73046875,4646.40966796875,2919.4794921875,61061.7109375
2020-02-05,2893.472900390625,54971.53125,1434.9949951171875,260.0,20201.5859375,39333.296875,4586.83984375,2971.36083984375,61061.7109375
2020-02-06,2903.07568359375,55403.90234375,1437.2440185546875,252.0,20266.234375,38912.34375,4640.4541015625,2980.7939453125,61600.7265625
2020-02-07,2848.662841796875,55403.90234375,1446.2412109375,252.0,20492.486328125,39282.78515625,4467.701171875,2980.7939453125,62293.71484375
2020-02-10,2832.65869140625,53859.76171875,1446.2412109375,252.0,20056.130859375,39232.26953125,4634.49658203125,2999.658935546875,62755.72265625
2020-02-11,2826.257568359375,54020.32421875,1479.9791259765625,252.0,20165.51953125,39013.375,4646.40966796875,3004.375244140625,63219.8359375
2020-02-12,2842.26171875,54020.32421875,1518.2159423828125,252.0,20311.2890625,38895.5078125,4646.40966796875,3004.375244140625,63219.8359375
2020-02-13,2855.064208984375,54316.8125,1511.46826171875,252.0,20311.2890625,39484.8359375,4646.40966796875,3004.375244140625,62525.984375
2020-02-14,2874.2685546875,55403.90234375,1495.7236328125,252.0,20489.453125,38743.96484375,4759.59130859375,3056.256103515625,62834.35546875
2020-02-17,2864.666259765625,55403.90234375,1509.21875,252.0,20408.48046875,38777.6484375,4776.90625,3037.390625,63219.8359375
2020-02-18,2906.276123046875,55403.90234375,1513.7174072265625,257.0,20327.48046875,38979.69921875,4776.90625,3108.136962890625,65532.7890625
2020-02-19,2903.07568359375,55428.57421875,1556.4521484375,266.0,20343.6875,39282.78515625,4770.93701171875,3141.152099609375,68231.1640625
2020-02-20,2928.681640625,55428.57421875,1545.2060546875,253.0,20327.48046875,38659.78125,4693.31201171875,3188.316162109375,68154.0703125
2020-02-21,3008.699951171875,55366.8125,1540.707763671875,257.0,20457.056640625,37885.234375,4776.90625,3207.18212890625,67460.203125
2020-02-24,3040.707275390625,55379.1796875,1497.97265625,254.0,20489.453125,37885.234375,4776.90625,3277.929931640625,65532.7890625
2020-02-25,3075.91552734375,54660.1171875,1484.4774169921875,256.0,20295.09375,37211.72265625,4776.90625,3301.511962890625,65532.7890625
2020-02-26,3008.699951171875,54548.546875,1477.7298583984375,250.0,20230.3046875,37026.50390625,4687.3408203125,3268.497314453125,64083.36328125
2020-02-27,2931.88232421875,54027.84375,1403.5062255859375,245.0,19193.68359375,35864.69140625,4884.388671875,3277.929931640625,63235.24609375
2020-02-28,2880.67041015625,53333.6328125,1396.7586669921875,246.0,18966.921875,35359.5546875,4866.474609375,3249.630859375,63219.8359375
2020-03-02,2938.283935546875,53928.67578125,1376.5155029296875,246.0,19841.56640625,35359.5546875,4657.48486328125,3207.18212890625,64761.8203125
2020-03-03,2925.48046875,53618.73828125,1367.5184326171875,241.0,18950.724609375,33844.14453125,4830.64794921875,3263.780517578125,64145.0234375
2020-03-04,2976.69189453125,53655.94140625,1421.499755859375,240.0,19274.666015625,34551.33984375,4830.64794921875,3164.73486328125,64145.0234375
2020-03-05,2944.68505859375,54523.7578125,1428.247314453125,241.0,19420.439453125,34349.28125,4836.6181640625,3169.451416015625,64145.0234375
2020-03-06,2922.280029296875,54486.5703125,1333.7806396484375,233.0,19145.087890625,32581.3046875,4836.6181640625,3197.749755859375,61677.90625
2020-03-09,2823.05712890625,51449.1796875,1066.1248779296875,229.0,18464.806640625,29466.294921875,4669.42626953125,3018.52490234375,60906.9140625
2020-03-10,2887.07177734375,49663.99609375,1048.1312255859375,235.0,18509.501953125,29634.673828125,4681.36865234375,3065.689453125,58669.76953125
2020-03-11,2800.65185546875,50829.3203125,1003.14697265625,220.0,17860.05078125,28371.833984375,4687.3408203125,2966.644287109375,57125.8203125
2020-03-12,2624.61083984375,50209.4609375,872.69287109375,209.0,16642.318359375,26081.880859375,4221.5908203125,2782.70263671875,52494.0
2020-03-13,2624.61083984375,50209.4609375,872.69287109375,209.0,16642.318359375,26081.880859375,4221.5908203125,2782.70263671875,52494.0
2020-03-16,2253.32470703125,43390.8984375,775.9769897460938,209.0,15424.5810546875,24010.82421875,4179.79541015625,2641.208984375,52494.0
2020-03-17,2317.339111328125,45808.3828125,708.5006103515625,197.0,15424.5810546875,23892.95703125,4191.1708984375,2509.14892578125,52494.0
2020-03-18,2208.514404296875,40291.546875,620.781494140625,171.0,13882.1279296875,20424.3515625,4191.1708984375,2273.32666015625,47862.16796875
2020-03-19,2368.551513671875,38431.94140625,638.7752075195312,170.0,13882.1279296875,19705.978515625,4191.1708984375,2169.564453125,43616.33984375
2020-03-20,2339.744873046875,38431.94140625,668.0148315429688,170.0,13800.9453125,20976.22265625,4191.1708984375,2169.564453125,42844.3671875
2020-03-23,2339.744873046875,38431.94140625,668.0148315429688,170.0,13800.9453125,20976.22265625,4191.1708984375,2169.564453125,42844.3671875
2020-03-24,2499.781494140625,35952.46484375,726.4943237304688,170.0,14044.4912109375,20941.892578125,4191.1708984375,2282.759765625,42844.3671875
2020-03-25,2624.61083984375,38419.53125,814.21337890625,187.0,15002.4384765625,23688.369140625,4185.18408203125,2707.2392578125,42458.39453125
2020-03-26,2624.61083984375,38419.53125,814.21337890625,187.0,15002.4384765625,23688.369140625,4185.18408203125,2707.2392578125,42458.39453125
2020-03-27,2688.625244140625,46220.125,836.7055053710938,187.0,15846.734375,26177.3671875,4191.1708984375,2546.880859375,45932.2421875
2020-03-30,2560.595703125,46120.40625,823.210205078125,170.0,15505.7705078125,26194.53125,3951.67529296875,2622.34326171875,45855.0625
2020-03-31,2746.238525390625,44250.640625,854.6991577148438,177.0,15505.7705078125,26177.3671875,4191.1708984375,2546.880859375,45546.2578125
2020-04-01,2637.41357421875,43614.92578125,827.7086181640625,177.0,15132.3349609375,23688.369140625,4191.1708984375,2494.9990234375,44774.296875
2020-04-02,2560.595703125,46880.75,935.6707763671876,187.0,15798.0234375,22881.59375,4191.1708984375,2471.41650390625,45160.26953125
2020-04-03,2637.41357421875,47055.28125,1021.1405029296876,189.0,15992.8583984375,23173.404296875,4191.1708984375,2484.150634765625,45160.26953125
2020-04-06,2666.219482421875,47678.53515625,1016.6422119140624,190.0,16009.0986328125,24460.814453125,4191.1708984375,2589.859130859375,45160.26953125
2020-04-07,2627.811279296875,47366.8984375,1003.14697265625,190.0,16300.9130859375,23997.34765625,4179.19482421875,2565.834228515625,46939.28515625
2020-04-08,2675.82275390625,46120.40625,1061.62646484375,195.0,16854.59375,24374.990234375,4191.1708984375,2589.859130859375,46459.19921875
2020-04-09,2675.82275390625,46120.40625,1061.62646484375,195.0,16854.59375,24374.990234375,4191.1708984375,2589.859130859375,46459.19921875
2020-04-10,2675.82275390625,46120.40625,1061.62646484375,195.0,16854.59375,24374.990234375,4191.1708984375,2589.859130859375,46459.19921875
2020-04-13,2675.82275390625,46120.40625,1012.143798828125,207.0,17343.13671875,24374.990234375,4191.1708984375,2681.15283203125,45684.859375
2020-04-14,2746.238525390625,46095.44921875,1000.897705078125,217.0,18548.197265625,24632.46875,4185.18408203125,2729.202392578125,46459.19921875
2020-04-15,2746.238525390625,46095.44921875,942.4182739257812,215.0,18711.048828125,25319.091796875,4242.23291015625,2724.3974609375,45684.859375
2020-04-16,2746.238525390625,45497.14453125,940.1691284179688,215.0,18694.767578125,25164.6015625,4248.30078125,2709.982177734375,46459.19921875
2020-04-17,2784.7724609375,45484.67578125,959.8585815429688,215.0,18645.90625,25439.248046875,4248.30078125,2782.056396484375,47930.41015625
2020-04-20,2881.91552734375,45497.14453125,937.7078247070312,214.0,18417.919921875,25473.580078125,4248.30078125,2767.6416015625,47233.515625
2020-04-21,2700.5810546875,43627.3984375,905.712646484375,209.0,18564.484375,24374.990234375,4132.98974609375,2719.59228515625,46072.046875
2020-04-22,2720.009521484375,43440.41796875,945.0916137695312,205.0,18320.212890625,23774.197265625,4126.92138671875,2729.202392578125,45684.859375
2020-04-23,2758.8681640625,43627.3984375,974.6256103515624,210.0,19508.9921875,25851.220703125,4248.30078125,2902.1796875,45669.39453125
2020-04-24,2784.7724609375,41757.640625,940.1691284179688,221.0,18808.751953125,25250.4296875,4248.30078125,2959.839111328125,44910.55859375
2020-04-27,2700.5810546875,41842.84765625,959.8585815429688,227.0,18890.17578125,24563.80859375,4248.30078125,2959.839111328125,43903.94140625
2020-04-28,2791.24853515625,41316.67578125,1021.387939453125,221.0,18808.751953125,24169.00390625,4248.30078125,2926.203857421875,45142.86328125
2020-04-29,2778.296142578125,40765.453125,1018.9268798828124,221.0,18499.345703125,25095.939453125,4248.30078125,2926.203857421875,46211.41015625
2020-04-30,2720.009521484375,40088.94140625,1028.771484375,218.0,17961.958984375,24649.63671875,4242.23291015625,2950.22900390625,44988.00390625
2020-05-01,2720.009521484375,40088.94140625,1028.771484375,218.0,17961.958984375,24649.63671875,4242.23291015625,2950.22900390625,44988.00390625
2020-05-04,2703.819580078125,38836.16796875,964.7809448242188,210.0,17913.103515625,23705.533203125,4242.23291015625,2964.64404296875,43903.94140625
2020-05-05,2703.819580078125,39763.234375,977.0867309570312,205.0,17750.255859375,23602.544921875,4242.23291015625,2974.253662109375,43903.94140625
2020-05-06,2720.009521484375,37683.609375,959.8585815429688,205.0,17913.103515625,23636.87109375,4248.30078125,3041.52294921875,43594.23046875
2020-05-07,2813.915771484375,38836.16796875,972.1644287109376,205.0,18255.080078125,23396.55859375,4248.30078125,3075.156494140625,43594.23046875
2020-05-08,2762.105712890625,39337.28125,1004.1597900390624,203.0,18499.345703125,23362.22265625,4242.23291015625,3075.156494140625,44600.82421875
2020-05-11,2700.5810546875,39462.5625,1016.4656372070312,203.0,18644.98046875,23396.55859375,4242.23291015625,3051.1328125,43759.0
2020-05-12,2671.438232421875,38836.16796875,982.0090942382812,203.0,18612.328125,23121.90625,4236.1611328125,3055.937744140625,43759.0
2020-05-13,2655.24755859375,38172.19140625,945.0916137695312,200.0,17959.267578125,22400.95703125,4187.60888671875,3046.328125,41896.92578125
2020-05-14,2616.39111328125,37132.3984375,950.0137329101562,200.0,17910.2890625,21885.994140625,4181.54150390625,3055.937744140625,41121.06640625
2020-05-15,2616.39111328125,36706.4453125,950.0137329101562,195.0,18204.1640625,21371.02734375,4211.9755859375,3065.546875,41121.06640625
2020-05-18,2655.24755859375,36956.99609375,1009.0820922851562,200.0,18024.560546875,21885.994140625,4138.93359375,3065.546875,41121.06640625
2020-05-19,2616.39111328125,36894.37109375,977.0867309570312,202.0,18024.560546875,22126.30859375,4205.88720703125,3075.156494140625,42672.8046875
2020-05-20,2616.39111328125,37583.3828125,999.2373657226562,209.0,18040.8984375,21954.654296875,4187.6279296875,3079.9619140625,42672.8046875
2020-05-21,2590.486328125,37082.2890625,984.47021484375,200.0,18057.232421875,21800.166015625,4187.6279296875,3161.646484375,42672.8046875
2020-05-22,2674.676513671875,37433.05859375,969.703369140625,196.0,18040.8984375,21439.69140625,4187.6279296875,3185.6708984375,42672.8046875
2020-05-25,2674.676513671875,37433.05859375,969.703369140625,196.0,18040.8984375,21439.69140625,4187.6279296875,3185.6708984375,42672.8046875
2020-05-26,2655.24755859375,37569.12109375,979.5479125976562,199.0,18498.044921875,20615.748046875,4181.54150390625,3286.57470703125,42765.8984375
2020-05-27,2629.34326171875,37165.96484375,986.9315185546876,192.0,18351.099609375,21285.201171875,4181.54150390625,3267.3544921875,44969.37890625
2020-05-28,2668.200439453125,37039.984375,979.5479125976562,190.0,18367.427734375,21577.015625,4199.7998046875,3238.52490234375,44969.37890625
2020-05-29,2642.2958984375,36536.03515625,979.5479125976562,190.0,18089.875,21027.720703125,4199.7998046875,3228.9150390625,44224.51953125
2020-06-01,2590.486328125,37669.9140625,986.9315185546876,200.0,17975.59375,22126.30859375,4199.7998046875,3267.3544921875,44224.51953125
2020-06-02,2622.866943359375,37165.96484375,1001.6986083984376,194.0,18367.427734375,23053.248046875,4199.7998046875,3310.599609375,46567.66796875
2020-06-03,2622.866943359375,37165.96484375,1001.6986083984376,194.0,18367.427734375,23053.248046875,4199.7998046875,3310.599609375,46567.66796875
2020-06-04,2752.39111328125,38110.87109375,1063.2279052734375,215.0,18498.044921875,24374.990234375,4199.7998046875,3296.18408203125,48119.40625
2020-06-05,2720.009521484375,39383.33203125,1154.2913818359375,219.0,18612.328125,25834.056640625,4193.71484375,3296.18408203125,49640.11328125
2020-06-08,2732.96240234375,41222.72265625,1196.1314697265625,212.0,18710.29296875,26520.67578125,4181.54150390625,3233.7197265625,50276.33203125
2020-06-09,2755.6298828125,40693.58984375,1181.364501953125,207.0,18512.556640625,25456.4140625,4193.71484375,3200.0849609375,49432.984375
2020-06-10,2788.010986328125,40315.61328125,1124.757080078125,203.0,18381.6171875,25610.90234375,4193.71484375,3243.329833984375,47816.3203125
2020-06-11,2710.296142578125,39244.73828125,1014.0044555664062,195.0,17432.251953125,24460.814453125,4138.93359375,2950.22900390625,47412.1484375
2020-06-12,2716.772216796875,40920.359375,1045.999755859375,200.0,17432.251953125,25490.744140625,4138.93359375,3075.156494140625,56070.69140625
2020-06-15,2716.772216796875,40920.359375,1045.999755859375,200.0,17432.251953125,25490.744140625,4138.93359375,3075.156494140625,56070.69140625
2020-06-16,2713.534423828125,41310.9296875,1107.5291748046875,200.0,16875.732421875,26005.708984375,4206.0859375,3123.206787109375,57516.38671875
2020-06-17,2655.24755859375,42180.1953125,1055.8443603515625,201.0,16564.7265625,26091.537109375,4206.0859375,3142.42626953125,57485.2578125
2020-06-18,2690.8671875,42772.36328125,1041.0772705078125,201.0,16712.044921875,25387.75390625,4206.0859375,3161.646484375,54796.01171875
2020-06-19,2635.819580078125,43150.3125,1053.38330078125,201.0,16859.37109375,25748.2265625,4151.14404296875,3171.255859375,53257.07421875
2020-06-22,2635.819580078125,43150.3125,1053.38330078125,201.0,16859.37109375,25748.2265625,4151.14404296875,3171.255859375,53257.07421875
2020-06-23,2629.34326171875,41021.1484375,1060.7667236328125,202.0,17350.416015625,25645.236328125,4151.14404296875,3171.255859375,51298.39453125
2020-06-24,2622.866943359375,40208.11328125,1028.771484375,208.0,17317.677734375,25473.580078125,4151.14404296875,3070.351806640625,49697.265625
2020-06-25,2629.34326171875,39258.3125,1031.232666015625,215.0,17186.7265625,25713.896484375,4151.14404296875,3094.376953125,49697.265625
2020-06-26,2629.34326171875,38929.0625,1018.9268798828124,215.0,16892.095703125,24649.63671875,3974.109375,3108.791748046875,49697.265625
2020-06-29,2629.34326171875,38929.0625,1018.9268798828124,215.0,16892.095703125,24649.63671875,3974.109375,3108.791748046875,49697.265625
2020-06-30,2664.96240234375,38321.17578125,1021.387939453125,213.0,17104.896484375,24031.6796875,3968.005126953125,3166.45068359375,49697.265625
2020-07-01,2639.05712890625,39081.02734375,1014.0044555664062,220.0,17039.416015625,23808.529296875,4114.51611328125,3171.255859375,49697.265625
2020-07-02,2642.2958984375,39131.6796875,1023.8492431640624,219.0,16875.732421875,23928.6875,4090.098388671875,3180.86572265625,46634.8828125
2020-07-03,2664.96240234375,39600.25390625,1033.6939697265625,219.0,16859.37109375,24083.177734375,4090.098388671875,3195.280517578125,46634.8828125
2020-07-06,2655.24755859375,39600.25390625,1038.6162109375,219.0,17088.513671875,24855.623046875,4090.098388671875,3247.2060546875,47800.76171875
2020-07-07,2661.72412109375,39334.296875,1014.0044555664062,220.0,17088.513671875,24872.7890625,4090.098388671875,3295.962890625,50132.5078125
2020-07-08,2684.390869140625,40182.77734375,1028.771484375,220.0,17415.884765625,24889.953125,4132.83056640625,3412.980224609375,50443.41796875
2020-07-09,2697.34375,39891.53125,1001.6986083984376,214.0,17348.927734375,25061.609375,4138.93359375,3432.482177734375,50610.81640625
2020-07-10,2720.009521484375,40638.6953125,1023.8492431640624,219.0,17266.859375,24975.78125,4138.93359375,3451.98583984375,51046.87109375
2020-07-13,2736.200439453125,41157.9296875,1033.6939697265625,218.0,17184.7890625,24855.623046875,4132.83056640625,3461.73681640625,51778.7734375
2020-07-14,2707.0576171875,41601.16015625,1060.7667236328125,219.0,17069.8984375,24477.984375,4145.07470703125,3427.6064453125,52168.09765625
2020-07-15,2762.105712890625,41791.11328125,1058.3056640625,220.0,17053.478515625,24477.984375,4145.07470703125,3461.73681640625,52074.6484375
2020-07-16,2806.169677734375,42297.6796875,1073.0726318359375,214.0,17234.02734375,24340.66015625,4145.07470703125,3456.86181640625,51996.7890625
2020-07-17,2842.613037109375,42297.6796875,1092.761962890625,220.0,17184.7890625,23825.69140625,4151.1982421875,3447.110107421875,51996.7890625
2020-07-20,2842.613037109375,42297.6796875,1092.761962890625,220.0,17184.7890625,23825.69140625,4151.1982421875,3447.110107421875,51996.7890625
2020-07-21,2849.239501953125,42424.31640625,1105.0677490234375,220.0,17381.75,23860.025390625,4163.44482421875,3451.98583984375,52059.09765625
2020-07-22,2829.361328125,43057.51171875,1097.6844482421875,215.0,17250.443359375,23585.376953125,4224.67138671875,3510.493896484375,51950.05859375
2020-07-23,2905.561279296875,43437.4296875,1095.2232666015625,220.0,17513.05859375,23945.853515625,4285.89794921875,3754.27783203125,51685.33203125
2020-07-24,2855.865478515625,43108.1796875,1092.761962890625,220.0,17365.33984375,24031.6796875,4102.216796875,3749.40234375,52012.36328125
2020-07-27,2865.8046875,43095.5078125,1105.0677490234375,220.0,17283.267578125,24048.841796875,4512.43798828125,3837.16455078125,52012.36328125
2020-07-28,2835.987060546875,43271.125,1095.2232666015625,218.0,17135.55078125,24031.6796875,4512.43798828125,3803.03515625,51000.13671875
2020-07-29,2835.987060546875,42634.79296875,1107.5291748046875,220.0,17053.478515625,24186.16796875,4426.7216796875,3803.03515625,51000.13671875
2020-07-30,2835.987060546875,42316.6328125,1080.4561767578125,221.0,16823.69921875,23860.025390625,4420.59619140625,3798.1591796875,49365.0234375
2020-07-31,2786.290771484375,39504.0,1023.8492431640624,200.0,16577.49609375,23688.369140625,3992.008544921875,3705.52099609375,50984.5546875
2020-08-03,2743.220947265625,40216.6953125,1053.38330078125,209.0,16708.798828125,23568.212890625,3992.008544921875,3759.154052734375,49474.0234375
2020-08-04,2786.290771484375,39771.27734375,1080.4561767578125,209.0,16577.49609375,22864.42578125,3992.008544921875,3817.661865234375,49458.44140625
2020-08-05,2816.108642578125,40254.87890625,1082.9173583984375,210.0,16643.15625,22830.09765625,4040.989990234375,3876.169921875,50205.9375
2020-08-06,2845.92578125,40700.3203125,1068.150146484375,205.0,16987.826171875,23104.7421875,4089.971435546875,3954.1806640625,50221.49609375
2020-08-07,2845.92578125,40700.3203125,1068.150146484375,205.0,16987.826171875,23104.7421875,4089.971435546875,3954.1806640625,50221.49609375
2020-08-10,2796.22998046875,40942.13671875,1077.994873046875,205.0,17053.478515625,23173.404296875,4040.989990234375,3900.548095703125,50221.49609375
2020-08-11,2832.67431640625,41018.5,1065.6890869140625,205.0,17002.796875,22606.9453125,3985.88427734375,3783.531982421875,50311.20703125
2020-08-12,2859.17822265625,40954.84375,1095.2232666015625,203.0,17019.25390625,22538.28125,4089.971435546875,3803.03515625,50311.20703125
2020-08-13,2839.300048828125,41336.66015625,1073.0726318359375,203.0,16953.4140625,22984.583984375,4145.07470703125,3803.03515625,50311.20703125
2020-08-14,2865.8046875,41362.125,1082.9173583984375,199.0,16706.513671875,23276.396484375,4175.7802734375,3803.03515625,49141.1875
2020-08-17,2865.8046875,41362.125,1082.9173583984375,199.0,16706.513671875,23276.396484375,4175.7802734375,3803.03515625,49141.1875
2020-08-18,2902.248291015625,41667.5546875,1092.761962890625,205.0,16821.740234375,23259.234375,4138.93310546875,3832.2890625,49141.1875
2020-08-19,2898.935302734375,41909.3671875,1073.0726318359375,209.0,16936.95703125,23259.234375,4194.2021484375,3817.661865234375,49219.1875
2020-08-20,2928.753173828125,42571.15625,1065.6890869140625,209.0,17035.7109375,23585.376953125,4194.2021484375,3798.1591796875,49219.1875
2020-08-21,2942.005615234375,43143.875,1073.0726318359375,205.0,16969.8671875,23808.529296875,4292.4560546875,3803.03515625,50311.20703125
2020-08-24,2942.005615234375,43143.875,1073.0726318359375,205.0,16969.8671875,23808.529296875,4292.4560546875,3803.03515625,50311.20703125
2020-08-25,3041.397705078125,43652.9375,1105.0677490234375,208.0,18105.591796875,24546.640625,4329.30029296875,3754.27783203125,51091.234375
2020-08-26,3081.154052734375,44085.21875,1080.4561767578125,210.0,17792.853515625,24460.814453125,4267.8916015625,3754.27783203125,51481.2421875
2020-08-27,3084.466796875,44699.12109375,1063.2279052734375,211.0,17792.853515625,24426.486328125,4304.73779296875,3734.775390625,51621.65234375
2020-08-28,3067.902099609375,44443.34375,1070.6114501953125,212.0,18006.830078125,24632.46875,4360.00537109375,3856.667236328125,51637.24609375
2020-08-31,3074.52783203125,44123.59765625,1077.994873046875,212.0,18105.591796875,24872.7890625,4304.73779296875,3754.27783203125,50779.23046875
2020-09-01,3094.40673828125,44443.34375,1087.8397216796875,212.0,18763.966796875,24958.6171875,4341.58251953125,3754.27783203125,51091.234375
2020-09-02,3084.466796875,46042.01953125,1070.6114501953125,213.0,18895.646484375,25319.091796875,4421.4130859375,3783.531982421875,51481.2421875
2020-09-03,3074.52783203125,44468.90625,1065.6890869140625,207.0,19241.3046875,24975.78125,4476.68359375,3788.407470703125,51481.2421875
2020-09-04,3048.0234375,44468.90625,1055.8443603515625,207.0,18895.646484375,25456.4140625,4415.2724609375,3764.02978515625,51106.8359375
2020-09-07,3014.892333984375,44468.90625,1053.38330078125,208.0,18879.189453125,25404.91796875,4415.2724609375,3764.02978515625,51106.8359375
2020-09-08,2981.761962890625,44110.78515625,1023.8492431640624,207.0,18895.646484375,25061.609375,4476.68359375,3729.89990234375,50701.2265625
2020-09-09,2968.509521484375,44763.06640625,1023.8492431640624,212.0,18778.822265625,25147.435546875,4445.97607421875,3778.65625,51181.7890625
2020-09-10,2975.135986328125,44123.59765625,991.8539428710938,212.0,18745.822265625,25027.279296875,4482.822265625,3720.148193359375,51181.7890625
2020-09-11,2991.701171875,44110.78515625,996.7760620117188,212.0,18597.296875,24632.46875,4525.80859375,3744.526611328125,50400.38671875
2020-09-14,2988.3876953125,43701.5390625,989.3927001953124,211.0,18778.822265625,24460.814453125,4495.10400390625,3725.02392578125,50009.68359375
2020-09-15,2968.509521484375,42857.44140625,1006.6209716796876,210.0,18481.79296875,24512.314453125,4495.10400390625,3734.775390625,50009.68359375
2020-09-16,3001.64111328125,43151.5859375,1009.0820922851562,210.0,18399.283203125,24804.126953125,4556.6796875,3725.02392578125,50384.75390625
2020-09-17,2995.014404296875,43164.37890625,1016.4656372070312,206.0,18234.265625,24684.626953125,4495.10400390625,3656.764404296875,51150.5390625
2020-09-18,3011.579345703125,43471.328125,1041.0772705078125,213.0,18069.25390625,24754.41015625,4488.9462890625,3656.764404296875,50025.30859375
2020-09-21,3101.032470703125,43675.95703125,994.3150024414062,212.0,18201.263671875,24754.41015625,4538.2080078125,3593.38037109375,50791.0859375
2020-09-22,2995.014404296875,43791.05859375,989.3927001953124,212.0,18349.779296875,25277.7578125,4495.10400390625,3559.25048828125,50791.0859375
2020-09-23,2965.196533203125,44443.34375,977.0867309570312,212.0,18069.25390625,24562.513671875,4495.10400390625,3534.871826171875,50009.68359375
2020-09-24,2981.761962890625,44699.12109375,959.8585815429688,212.0,18646.810546875,24405.509765625,4495.10400390625,3529.99560546875,50400.38671875
2020-09-25,2935.37890625,43694.15234375,945.0916137695312,203.0,18333.2734375,23812.376953125,4495.10400390625,3510.493896484375,50384.75390625
2020-09-28,3021.51904296875,43090.13671875,969.703369140625,205.0,18366.283203125,23899.60546875,4482.7880859375,3510.493896484375,50009.68359375
2020-09-29,2998.32763671875,43694.15234375,945.0916137695312,205.0,18399.283203125,23812.376953125,4538.2080078125,3510.493896484375,49822.15625
2020-09-30,3061.276123046875,44336.71484375,932.78564453125,211.0,18696.314453125,23899.60546875,4544.3642578125,3510.493896484375,49228.26953125
2020-10-01,2995.014404296875,44336.71484375,922.9408569335938,206.0,18118.751953125,23899.60546875,4328.84619140625,3481.239501953125,49306.42578125
2020-10-02,3077.841064453125,43694.15234375,940.1691284179688,206.0,18151.759765625,23690.263671875,4328.84619140625,3476.363037109375,49306.42578125
2020-10-05,3028.144775390625,46200.12890625,940.1691284179688,210.6000061035156,18176.51171875,23890.8828125,4328.84619140625,3481.239501953125,49306.42578125
2020-10-06,3074.52783203125,45750.34765625,938.6924438476562,206.0,18069.25390625,23568.150390625,4328.84619140625,3538.81982421875,49618.9921875
2020-10-07,3067.902099609375,45763.19921875,940.661376953125,203.0,18184.76171875,23585.595703125,4328.84619140625,3528.933837890625,49618.9921875
2020-10-08,3067.902099609375,45763.19921875,940.661376953125,203.0,18233.07421875,23585.595703125,4328.84619140625,3528.933837890625,49758.0703125
2020-10-09,3074.52783203125,44015.42578125,953.9518432617188,203.0,18365.4453125,23550.703125,4427.369140625,3657.439208984375,50149.86328125
2020-10-12,3074.52783203125,44015.42578125,953.9518432617188,203.0,18365.4453125,23550.703125,4427.369140625,3657.439208984375,50149.86328125
2020-10-13,3048.0234375,43180.1015625,935.2467651367188,200.0,18365.4453125,23105.857421875,4402.7392578125,3568.474609375,49366.27734375
2020-10-14,3074.52783203125,41830.72265625,930.3245239257812,199.0,18324.07421875,22669.732421875,4402.7392578125,3528.933837890625,49366.27734375
2020-10-15,3008.928955078125,43687.73046875,924.9097900390624,196.0,18100.712890625,22242.33203125,4579.94580078125,3528.933837890625,49366.27734375
2020-10-16,3081.614990234375,43687.73046875,925.4019775390624,196.0,18365.4453125,22617.400390625,4604.90576171875,3528.933837890625,49366.27734375
2020-10-19,3081.614990234375,43694.15234375,921.4642333984376,196.0,18199.98828125,22722.072265625,4667.30322265625,3558.58935546875,49366.27734375
2020-10-20,3101.712890625,46778.44140625,931.8011474609376,200.0,18133.80078125,23315.201171875,4679.78369140625,3657.439208984375,49366.27734375
2020-10-21,3091.663818359375,46264.39453125,906.6971435546876,200.0,17918.71484375,23611.76171875,4679.78369140625,3662.381103515625,49366.27734375
2020-10-22,3088.314453125,46264.39453125,925.4019775390624,193.1000061035156,17852.533203125,23594.3203125,4679.78369140625,3653.485595703125,48582.6875
2020-10-23,3087.64453125,46264.39453125,915.5572509765624,203.0,17744.984375,23725.15625,4679.78369140625,3651.50830078125,48582.6875
2020-10-26,3048.119140625,44696.54296875,910.1427001953124,203.0,17761.53515625,23289.03125,4492.5908203125,3627.7841796875,48582.6875
2020-10-27,3015.292724609375,44919.94921875,900.790283203125,203.0,17604.349609375,23140.748046875,4358.4365234375,3627.7841796875,48582.6875
2020-10-28,2981.12744140625,45843.27734375,844.1832885742188,203.0,17604.349609375,22469.115234375,4358.4365234375,3608.01416015625,48582.6875
2020-10-29,3001.22509765625,45520.4296875,859.9346923828125,197.6999969482422,18199.98828125,23018.634765625,4654.822265625,3598.1298828125,47015.50390625
2020-10-30,2817.66845703125,43932.06640625,881.5931396484375,199.8999938964844,17653.984375,21919.6015625,4189.96533203125,3558.58935546875,47799.08984375
2020-11-02,2817.66845703125,43932.06640625,881.5931396484375,199.8999938964844,17653.984375,21919.6015625,4189.96533203125,3558.58935546875,47799.08984375
2020-11-03,2891.359375,43925.60546875,896.8524169921875,200.0,17802.89453125,22678.458984375,4367.79638671875,3588.24462890625,47799.08984375
2020-11-04,2917.485595703125,43970.81640625,920.479736328125,200.0,17778.078125,22504.0078125,4367.79638671875,3627.7841796875,47799.08984375
2020-11-05,2904.0869140625,45197.59375,910.6351318359376,200.0,17943.53125,22983.744140625,4367.79638671875,3835.368896484375,47799.08984375
2020-11-06,2904.0869140625,45197.59375,910.6351318359376,200.0,17943.53125,22983.744140625,4367.79638671875,3835.368896484375,47799.08984375
2020-11-09,2967.72900390625,45326.73828125,953.9518432617188,205.0,18406.8046875,23899.60546875,4554.98681640625,3785.944091796875,48582.6875
2020-11-10,2880.640380859375,44887.66796875,975.6101684570312,205.0,18256.1796875,23376.2578125,4554.98681640625,3766.173583984375,48437.4453125
2020-11-11,2934.904296875,45430.04296875,991.8539428710938,205.0,18339.12890625,23655.376953125,4554.98681640625,3771.115966796875,48672.9765625
2020-11-12,2890.688720703125,45242.78515625,971.6721801757812,202.0,17833.162109375,23515.81640625,4611.14501953125,3795.828857421875,48280.4296875
2020-11-13,2914.13623046875,44874.76171875,984.47021484375,200.0,17841.45703125,23812.376953125,4611.14501953125,3781.00146484375,48280.4296875
2020-11-16,2914.13623046875,44874.76171875,984.47021484375,200.0,17841.45703125,23812.376953125,4611.14501953125,3781.00146484375,48280.4296875
2020-11-17,2934.2333984375,46011.15625,1050.9219970703125,204.0,17824.869140625,23829.82421875,4623.65869140625,3781.00146484375,48672.9765625
2020-11-18,2961.0302734375,46488.9609375,1045.50732421875,204.0,17766.806640625,24231.0625,4623.65869140625,3768.150634765625,48672.9765625
2020-11-19,2974.428955078125,45630.20703125,1055.8443603515625,210.0,17841.45703125,23812.376953125,4567.34814453125,3751.346435546875,48672.9765625
2020-11-20,2948.302001953125,46166.109375,1059.7823486328125,206.1000061035156,18007.341796875,24074.0546875,4567.34814453125,3716.748779296875,48672.9765625
2020-11-23,2947.632080078125,46166.109375,1082.9173583984375,205.1999969482422,18239.595703125,24422.953125,4567.34814453125,3706.8642578125,48672.9765625
2020-11-24,2972.4189453125,46488.9609375,1103.5911865234375,210.5,18994.38671875,25068.419921875,4992.80078125,3677.209716796875,49850.5390625
2020-11-25,2998.5458984375,46187.95703125,1108.5135498046875,211.1000061035156,19077.3359375,24946.3046875,4504.7822265625,3696.97900390625,49065.48046875
2020-11-26,3001.22509765625,46058.2109375,1087.8397216796875,209.5,19077.3359375,25016.08203125,4720.63623046875,3721.691650390625,49065.48046875
2020-11-27,3014.623046875,45733.8671875,1069.134765625,209.5,19301.287109375,24431.67578125,4692.48291015625,3726.634033203125,49458.015625
2020-11-30,3014.623046875,45740.3515625,1024.3414306640625,210.0,19292.994140625,24510.177734375,4692.48291015625,3657.439208984375,49081.19140625
2020-12-01,3094.343017578125,46771.78125,1047.9686279296875,213.8999938964844,19409.11328125,25295.201171875,4880.18212890625,3766.173583984375,49081.19140625
2020-12-02,3081.614990234375,46706.93359375,1055.8443603515625,214.0,19575.0078125,25242.8671875,4817.61376953125,3845.25341796875,50549.22265625
2020-12-03,3095.013916015625,46901.53515625,1043.5384521484375,213.8999938964844,19657.955078125,25391.15234375,4880.18212890625,3880.83984375,50549.22265625
2020-12-04,3095.013916015625,46901.53515625,1043.5384521484375,213.8999938964844,19657.955078125,25391.15234375,4880.18212890625,3880.83984375,50549.22265625
2020-12-07,3174.064453125,49295.26171875,1087.8397216796875,218.0,20080.970703125,27100.755859375,4942.74853515625,3924.3330078125,51452.04296875
2020-12-08,3174.064453125,49295.26171875,1087.8397216796875,218.0,20080.970703125,27100.755859375,4942.74853515625,3924.3330078125,51452.04296875
2020-12-09,3156.64599609375,48860.62890625,1100.1456298828125,218.0,20121.21484375,29045.869140625,5049.111328125,3909.505615234375,51589.66796875
2020-12-10,3088.314453125,48263.8125,1134.60205078125,216.0,19946.607421875,29220.32421875,4798.84326171875,3869.966552734375,52376.09765625
2020-12-11,3082.285400390625,48678.9921875,1137.0631103515625,212.3000030517578,19846.8359375,29237.765625,4880.18212890625,3855.138916015625,51904.2421875
2020-12-14,3083.624755859375,48523.296875,1125.741943359375,212.3999938964844,19888.404296875,29569.220703125,4692.48291015625,3855.138916015625,51904.2421875
2020-12-15,3143.91748046875,48925.5078125,1129.6796875,212.0,20054.697265625,30083.845703125,4714.43896484375,3869.966552734375,53398.44140625
2020-12-16,3128.509765625,49937.48828125,1161.182861328125,216.8999938964844,19954.92578125,30441.46875,4799.12890625,3978.701171875,53626.51171875
2020-12-17,3151.956298828125,49301.7578125,1166.597412109375,216.6999969482422,20179.416015625,31619.0,4830.49609375,4052.838134765625,54263.515625
2020-12-18,3201.53076171875,48795.765625,1144.9390869140625,217.6000061035156,19713.798828125,31662.6171875,4955.962890625,4072.6083984375,52690.66796875
2020-12-21,3182.10205078125,49301.7578125,1090.301025390625,214.0,19680.546875,30441.46875,5018.6962890625,4042.953125,51550.34765625
2020-12-22,3128.509765625,49288.78125,1102.606689453125,214.0,19472.677734375,31086.931640625,5018.6962890625,4071.619873046875,51912.07421875
2020-12-23,3141.908447265625,49613.125,1130.6641845703125,216.0,19622.341796875,31400.943359375,4952.82763671875,4067.66552734375,52674.91796875
2020-12-24,3141.908447265625,48841.66015625,1125.741943359375,216.0,19622.341796875,31191.603515625,4952.82763671875,4067.66552734375,52415.41796875
2020-12-25,3141.908447265625,48841.66015625,1125.741943359375,216.0,19622.341796875,31191.603515625,4952.82763671875,4067.66552734375,52415.41796875
2020-12-28,3235.695556640625,49519.3203125,1121.3116455078125,213.0,19722.119140625,32098.73828125,4833.6328125,4077.55078125,52690.66796875
2020-12-29,3262.49267578125,50027.5234375,1126.7261962890625,216.0,20137.84375,31575.38671875,5081.431640625,4077.55078125,52690.66796875
2020-12-30,3174.064453125,49258.6796875,1105.0677490234375,217.0,19954.92578125,31749.845703125,5269.63232421875,4119.068359375,52690.66796875
2020-12-31,3174.064453125,49258.6796875,1105.0677490234375,217.0,19954.92578125,31749.845703125,5269.63232421875,4119.068359375,52690.66796875
2021-01-01,3174.064453125,49258.6796875,1105.0677490234375,217.0,19954.92578125,31749.845703125,5269.63232421875,4119.068359375,52690.66796875
2021-01-04,3228.996826171875,50027.5234375,1103.5911865234375,213.0,19954.92578125,31209.048828125,5081.431640625,4191.2275390625,52383.9609375
2021-01-05,3228.996826171875,50431.484375,1128.2030029296875,215.0,20287.498046875,30406.578125,5144.16357421875,4337.45947265625,52297.4453125
2021-01-06,3228.326416015625,50431.484375,1136.078857421875,218.0,20279.1875,30956.095703125,5012.4228515625,4254.47021484375,52690.66796875
2021-01-07,3228.996826171875,49551.875,1168.073974609375,213.0,19372.90625,30703.14453125,5012.4228515625,4199.47607421875,52376.09765625
2021-01-08,3202.199951171875,50170.8515625,1180.8720703125,215.1999969482422,19538.27734375,30685.697265625,5081.431640625,4124.486328125,52545.4609375
2021-01-11,3202.199951171875,50170.8515625,1180.8720703125,215.1999969482422,19538.27734375,30685.697265625,5081.431640625,4124.486328125,52545.4609375
2021-01-12,3197.510986328125,50366.3359375,1210.4063720703125,214.3000030517578,19838.361328125,30441.46875,5131.6171875,4299.4638671875,52781.80078125
2021-01-13,3215.598876953125,50496.640625,1200.0692138671875,214.3999938964844,19646.640625,30354.240234375,5018.6962890625,4292.4638671875,52781.80078125
2021-01-14,3202.199951171875,50496.640625,1222.7120361328125,215.0,19838.361328125,30886.318359375,5141.02734375,4294.4638671875,52387.90234375
2021-01-15,3192.97021484375,51467.515625,1191.209228515625,214.3000030517578,19755.005859375,30528.69140625,5188.19287109375,4289.46435546875,52773.92578125
2021-01-18,3212.1142578125,50183.921875,1201.0538330078125,214.3000030517578,19763.33984375,30485.08203125,5188.19287109375,4199.47607421875,52773.92578125
2021-01-19,3203.2255859375,51109.1328125,1205.9759521484375,213.1000061035156,19755.005859375,30101.291015625,5188.19287109375,4388.45361328125,52773.92578125
2021-01-20,3249.71875,53428.703125,1199.5771484375,213.1000061035156,20146.77734375,29394.771484375,5188.19287109375,4399.45166015625,52766.04296875
2021-01-21,3291.42578125,52711.99609375,1185.30224609375,214.0,20421.8359375,28906.310546875,5030.9736328125,4351.45751953125,52773.92578125
2021-01-22,3281.853759765625,53102.9453125,1158.7215576171875,214.1000061035156,20830.2734375,28173.62109375,5093.8623046875,4369.45654296875,52773.92578125
2021-01-25,3278.43603515625,53337.5,1143.95458984375,214.1000061035156,20838.611328125,28051.505859375,5093.8623046875,4449.44677734375,52135.8203125
2021-01-26,3281.853759765625,53557.328125,1163.643798828125,214.1000061035156,20813.60546875,27920.669921875,5056.12939453125,4398.45166015625,52072.7890625
2021-01-27,3275.016357421875,53256.375,1097.6844482421875,214.1000061035156,20455.18359375,28348.07421875,5043.5517578125,4289.46435546875,51324.39453125
2021-01-28,3242.197998046875,52098.33984375,1055.8443603515625,214.1000061035156,20271.798828125,28609.74609375,5030.9736328125,4254.47021484375,51292.8671875
2021-01-29,3281.853759765625,54564.87890625,999.2373657226562,210.0,20338.484375,29394.771484375,4779.42724609375,4298.4638671875,51206.22265625
2021-02-01,3281.853759765625,54564.87890625,999.2373657226562,210.0,20338.484375,29394.771484375,4779.42724609375,4298.4638671875,51206.22265625
2021-02-02,3214.84912109375,54041.47265625,1029.2637939453125,214.0,20446.84765625,29133.091796875,4902.056640625,4139.484375,51206.22265625
2021-02-03,3214.84912109375,52811.484375,1028.771484375,214.0,20546.87109375,28653.361328125,4902.056640625,4109.48779296875,51127.4453125
2021-02-04,3218.951171875,52536.69921875,1050.9219970703125,212.1000061035156,20496.859375,28435.294921875,4905.20166015625,4039.49658203125,51127.4453125
2021-02-05,3286.639892578125,52203.01953125,1060.7667236328125,212.1000061035156,20546.87109375,28173.62109375,5043.5517578125,4084.489501953125,51127.4453125
2021-02-08,3294.843505859375,52674.078125,1082.9173583984375,213.5,20621.888671875,28915.033203125,5030.9736328125,4169.4794921875,51111.67578125
2021-02-09,3261.34228515625,52994.68359375,1084.3941650390625,215.0,20470.162109375,29438.380859375,4968.087890625,4129.48486328125,50981.4765625
2021-02-10,3250.40283203125,52471.26953125,1080.4561767578125,230.0,20386.615234375,28880.142578125,4974.3759765625,4089.489501953125,50997.24609375
2021-02-11,3240.82958984375,52667.53515625,1053.38330078125,240.0,20369.900390625,29045.869140625,5144.1728515625,4149.4833984375,50997.24609375
2021-02-12,3227.839599609375,52530.16015625,1058.3056640625,245.5,20052.404296875,28810.365234375,4974.3759765625,4102.48779296875,50997.24609375
2021-02-15,3239.463623046875,54460.203125,1077.994873046875,235.1000061035156,19960.4921875,28976.091796875,4974.3759765625,4089.489501953125,51297.1484375
2021-02-16,3247.6669921875,54434.04296875,1087.8397216796875,234.0,19567.802734375,29045.869140625,4917.634765625,4099.48779296875,51297.1484375
2021-02-17,3237.412109375,54499.4453125,1082.9173583984375,234.0,19843.525390625,28522.521484375,4857.73974609375,4049.4951171875,51297.1484375
2021-02-18,3233.992431640625,53635.83984375,1061.2589111328125,238.6999969482422,19759.96875,28260.84765625,4860.892578125,4079.4912109375,50981.4765625
2021-02-19,3213.481689453125,52732.953125,1065.6890869140625,238.0,20010.626953125,28173.62109375,4857.73974609375,4104.48779296875,50981.4765625
2021-02-22,3203.908935546875,53001.19921875,1099.1612548828125,238.0,19885.3046875,28060.232421875,4835.67333984375,4054.49462890625,50981.4765625
2021-02-23,3213.481689453125,54483.35546875,1127.7108154296875,235.0,19801.751953125,28330.626953125,4791.54052734375,4089.489501953125,50515.8515625
2021-02-24,3281.853759765625,53208.82421875,1136.571044921875,235.0,19718.201171875,28444.01953125,4917.634765625,4089.489501953125,51297.1484375
2021-02-25,3268.178955078125,52696.3671875,1122.2960205078125,231.0,19626.29296875,27650.2734375,4964.91943359375,4094.489501953125,50507.95703125
2021-02-26,3214.16552734375,51908.01171875,1107.5291748046875,226.0,19793.39453125,27467.1015625,4854.58740234375,4069.49267578125,50350.12890625
2021-03-01,3240.82958984375,51947.40625,1105.5601806640625,230.0,19701.48828125,27903.22265625,4879.80517578125,4114.48779296875,50350.12890625
2021-03-02,3220.319091796875,51901.421875,1105.0677490234375,230.0,19551.099609375,27885.78125,4879.80517578125,4114.48779296875,50350.12890625
2021-03-03,3183.39794921875,51921.140625,1109.990234375,227.0,19609.583984375,27667.71875,4879.80517578125,4119.48779296875,50823.625
2021-03-04,3206.64501953125,51921.140625,1121.8038330078125,219.0,19450.83203125,27615.384765625,4823.06494140625,4069.49267578125,50507.95703125
2021-03-05,3160.150634765625,51467.8125,1181.364501953125,239.0,19358.9296875,28400.408203125,4886.11181640625,4119.48779296875,50507.95703125
2021-03-08,3212.1142578125,52525.5625,1155.2760009765625,230.0,19509.318359375,27737.498046875,4917.634765625,4138.484375,50507.95703125
2021-03-09,3226.47216796875,52229.92578125,1151.3380126953125,232.0,19600.119140625,27475.82421875,4917.634765625,4169.4794921875,50598.87890625
2021-03-10,3226.47216796875,51362.7109375,1168.073974609375,223.0,19683.884765625,27126.923828125,4917.634765625,4159.4814453125,51152.3046875
2021-03-11,3281.169677734375,51362.7109375,1165.61279296875,218.1000061035156,19767.642578125,27214.1484375,4917.634765625,4149.4833984375,51152.3046875
2021-03-12,3295.52783203125,51822.59375,1170.5352783203125,218.1000061035156,19558.23828125,27214.1484375,4917.634765625,4159.4814453125,51152.3046875
2021-03-15,3302.36474609375,51901.421875,1220.7431640625,221.1000061035156,19625.251953125,27153.091796875,4917.634765625,4161.48095703125,50361.703125
2021-03-16,3295.52783203125,52045.97265625,1210.8984375,226.0,19533.1171875,26987.36328125,4803.8583984375,4134.484375,50124.51953125
2021-03-17,3289.374755859375,52045.97265625,1209.4217529296875,223.5,19600.119140625,26847.806640625,4803.8583984375,4199.47607421875,50124.51953125
2021-03-18,3279.118408203125,51901.421875,1156.7525634765625,218.0,19348.8359375,26167.44921875,4740.650390625,4169.4794921875,50195.66796875
2021-03-19,3268.178955078125,51507.22265625,1166.597412109375,215.0,20797.900390625,25818.55078125,4614.232421875,4184.4775390625,49887.32421875
2021-03-22,3268.178955078125,51507.22265625,1166.597412109375,215.0,20797.900390625,25818.55078125,4614.232421875,4184.4775390625,49887.32421875
2021-03-23,3269.546142578125,51507.22265625,1122.7884521484375,211.1000061035156,19709.009765625,26001.724609375,4797.5380859375,4154.48291015625,49887.32421875
2021-03-24,3229.207275390625,51507.22265625,1148.384765625,217.8999938964844,19776.013671875,26411.681640625,4803.8583984375,4199.47607421875,50203.57421875
2021-03-25,3233.992431640625,51507.22265625,1139.5242919921875,217.8999938964844,19600.119140625,26629.7421875,4803.8583984375,4219.47509765625,50203.57421875
2021-03-26,3235.3603515625,52033.37890625,1157.2449951171875,217.8999938964844,19440.97265625,26551.2421875,4803.8583984375,4279.46728515625,50203.57421875
2021-03-29,3213.481689453125,52066.33203125,1175.457275390625,217.0,19440.97265625,26516.34765625,4803.8583984375,4274.4677734375,50203.57421875
2021-03-30,3233.992431640625,52039.96875,1168.073974609375,221.5,19449.3515625,26307.009765625,4740.650390625,4303.462890625,51389.49609375
2021-03-31,3179.97900390625,51426.7890625,1164.62841796875,221.0,19407.470703125,26036.615234375,4740.650390625,4429.44775390625,51389.49609375
2021-04-01,3179.97900390625,51426.7890625,1164.62841796875,221.0,19407.470703125,26036.615234375,4740.650390625,4429.44775390625,51389.49609375
2021-04-02,3179.97900390625,51426.7890625,1164.62841796875,221.0,19407.470703125,26036.615234375,4740.650390625,4429.44775390625,51389.49609375
2021-04-05,3233.30908203125,51954.2734375,1144.4468994140625,221.0,19156.185546875,26272.12109375,4832.30322265625,4429.44775390625,51389.49609375
2021-04-06,3223.053466796875,52053.1640625,1126.7261962890625,221.0,19507.98046875,26533.794921875,4832.30322265625,4347.4814453125,51302.53125
2021-04-07,3223.053466796875,52039.96875,1150.353515625,221.0,19524.734375,26760.578125,4848.1044921875,4274.490234375,51863.84375
2021-04-08,3195.02099609375,50919.12890625,1122.7884521484375,221.0,19198.06640625,26900.140625,4677.44091796875,4229.49560546875,56133.13671875
2021-04-09,3180.66259765625,50767.49609375,1112.4515380859375,220.0,19402.296875,26821.634765625,4803.8583984375,4297.48681640625,56878.18359375
2021-04-12,3211.43017578125,50767.49609375,1125.741943359375,222.0,19519.892578125,26446.5703125,4857.58544921875,4179.50048828125,56275.8046875
2021-04-13,3165.62158203125,50760.90234375,1122.2960205078125,222.0,19393.89453125,26341.90234375,4867.06689453125,4149.50537109375,56275.8046875
2021-04-14,3165.62158203125,50760.90234375,1122.2960205078125,222.0,19393.89453125,26341.90234375,4867.06689453125,4149.50537109375,56275.8046875
2021-04-15,3153.998291015625,51677.3359375,1141.4935302734375,219.8999938964844,18646.361328125,26847.806640625,4861.2841796875,4200.498046875,56275.8046875
2021-04-16,3180.618408203125,50741.1015625,1140.99755859375,219.8999938964844,19066.326171875,27491.955078125,4787.38427734375,4239.494140625,56275.8046875
2021-04-19,3140.51513671875,50543.328125,1140.5015869140625,215.1000061035156,19150.322265625,27298.099609375,4777.74560546875,4309.48583984375,56909.8984375
2021-04-20,3128.760498046875,50549.91796875,1131.0802001953125,215.1000061035156,19066.326171875,27280.4765625,4931.97021484375,4338.482421875,56901.96484375
2021-04-21,3127.377685546875,50477.3828125,1121.6585693359375,215.6000061035156,18898.341796875,27157.115234375,4883.77490234375,4329.48291015625,57464.7265625
2021-04-22,3111.474609375,50134.53515625,1115.7081298828125,215.6000061035156,18637.96484375,26769.408203125,4768.10791015625,4234.49462890625,56830.64453125
2021-04-23,3046.47900390625,49811.4765625,1104.798828125,215.6000061035156,18461.578125,26469.818359375,4758.466796875,4235.49462890625,56687.953125
2021-04-26,3079.668212890625,50569.69140625,1125.6256103515625,215.6000061035156,18176.001953125,27315.72265625,4755.25439453125,4238.494140625,57211.1015625
2021-04-27,3062.382568359375,51944.72265625,1134.0552978515625,213.0,18108.806640625,27703.431640625,4928.75634765625,4279.48974609375,57298.27734375
2021-04-28,3043.022705078125,51395.52734375,1156.369384765625,213.0,18629.568359375,27447.896484375,4928.75634765625,4259.49169921875,57385.47265625
2021-04-29,3021.58740234375,52222.65234375,1145.4603271484375,215.0,18965.533203125,26857.525390625,4906.267578125,4199.49853515625,57258.65625
2021-04-30,2980.100830078125,51944.72265625,1095.8731689453125,218.0,18058.419921875,25826.576171875,4768.10791015625,4129.5068359375,57219.01171875
2021-05-03,2869.470703125,51547.69140625,1100.3360595703125,210.0,17302.486328125,25112.841796875,4755.25439453125,4149.50537109375,56513.60546875
2021-05-04,2901.96875,50958.76953125,1103.3111572265625,210.0,17722.44140625,24839.685546875,4806.66357421875,4143.505859375,57068.4140625
2021-05-05,2912.33984375,50363.2421875,1134.55126953125,210.0,17890.427734375,25359.56640625,4806.66357421875,4139.50634765625,59208.484375
2021-05-06,3038.182373046875,50290.4375,1134.55126953125,210.0,18259.998046875,26601.990234375,4806.66357421875,4248.49267578125,60920.5390625
2021-05-07,3014.673095703125,49628.7265625,1134.55126953125,212.0,18898.341796875,27121.87109375,4845.2197265625,4268.49072265625,60738.25390625
2021-05-10,3049.2451171875,49628.7265625,1168.7662353515625,218.0,19175.517578125,28003.0234375,4845.2197265625,4323.4833984375,60238.90625
2021-05-11,3103.86865234375,49297.8828125,1147.9398193359375,211.8999938964844,19102.36328125,27447.896484375,4883.77490234375,4248.49267578125,60339.69921875
2021-05-12,3007.7587890625,49615.49609375,1175.212646484375,211.8999938964844,18866.53515625,27165.92578125,4819.5146484375,4299.48681640625,60339.69921875
2021-05-13,3045.096435546875,49397.12109375,1140.99755859375,215.0,18748.619140625,27139.494140625,4819.5146484375,4274.490234375,60331.7578125
2021-05-14,3042.331298828125,49297.8828125,1183.6424560546875,214.8999938964844,19119.216796875,27491.955078125,4736.38720703125,4314.484375,59847.53515625
2021-05-17,3042.331298828125,49297.8828125,1183.6424560546875,214.8999938964844,19119.216796875,27491.955078125,4736.38720703125,4314.484375,59847.53515625
2021-05-18,3021.58740234375,49165.51953125,1167.7744140625,214.8999938964844,18866.53515625,26522.685546875,4736.38720703125,4279.48974609375,61800.37890625
2021-05-19,3076.90283203125,48742.03515625,1163.8074951171875,214.8999938964844,18748.619140625,26416.94921875,4704.166015625,4279.48974609375,62618.04296875
2021-05-20,3014.673095703125,47974.4375,1147.44384765625,209.8999938964844,18866.53515625,26425.759765625,4639.72509765625,4279.48974609375,62538.62109375
2021-05-21,3016.747802734375,46584.828125,1133.0635986328125,209.8999938964844,18344.34375,26513.875,4639.72509765625,4199.49853515625,63507.13671875
2021-05-24,2924.785400390625,45327.57421875,1137.5264892578125,202.0,18024.279296875,26231.908203125,4626.83740234375,4199.49853515625,65078.92578125
2021-05-25,2890.214111328125,45314.33984375,1108.27001953125,200.0,17603.16015625,26108.544921875,4510.8447265625,4199.49853515625,62713.28125
2021-05-26,2814.156005859375,44515.7265625,1100.8321533203125,200.0,17586.3125,25200.95703125,4446.40234375,4145.505859375,62316.3671875
2021-05-27,2603.26708984375,44847.91796875,1100.8321533203125,208.0,17266.251953125,24760.380859375,4001.76220703125,3835.54248046875,62713.28125
2021-05-28,2887.448486328125,46349.48828125,1096.369140625,208.0,17704.22265625,25465.3046875,4188.64111328125,3965.527099609375,59537.95703125
2021-05-31,2887.448486328125,46508.95703125,1085.9559326171875,208.0,18192.734375,25553.41796875,4253.0810546875,4085.51123046875,60720.74609375
2021-06-01,2935.157958984375,47399.265625,1128.600830078125,210.8999938964844,18495.9453125,26170.2265625,4381.962890625,4083.51123046875,60331.7578125
2021-06-02,2897.12890625,47744.75390625,1160.33642578125,213.0,18192.734375,25879.443359375,4401.29541015625,3999.5234375,59903.109375
2021-06-03,2901.96875,47439.1328125,1170.25390625,213.0,18361.185546875,26425.759765625,4401.29541015625,3999.5234375,59537.95703125
2021-06-04,2938.614990234375,47299.6015625,1167.7744140625,213.0,18268.5390625,26778.21875,4304.634765625,4019.520263671875,59537.95703125
2021-06-07,2938.614990234375,47299.6015625,1167.7744140625,213.0,18268.5390625,26778.21875,4304.634765625,4019.520263671875,59537.95703125
2021-06-08,2972.49560546875,47758.0546875,1188.1051025390625,213.0,18921.626953125,26778.21875,4253.0810546875,4024.519775390625,58040.77734375
2021-06-09,2973.1865234375,47837.7890625,1175.212646484375,212.8000030517578,18431.6953125,27139.494140625,4410.96044921875,4138.50634765625,58040.77734375
2021-06-10,2975.26123046875,48435.76171875,1182.6505126953125,203.0,18735.79296875,27553.634765625,4381.962890625,4153.5048828125,57245.69921875
2021-06-11,2974.56982421875,46854.4609375,1185.6258544921875,206.0,18921.626953125,27139.494140625,4381.962890625,4099.509765625,58835.87890625
2021-06-14,2974.56982421875,46854.4609375,1185.6258544921875,206.0,18921.626953125,27139.494140625,4381.962890625,4099.509765625,58835.87890625
2021-06-15,3008.4501953125,47837.7890625,1209.4276123046875,205.0,18997.662109375,26108.544921875,4408.46630859375,4109.509765625,57245.69921875
2021-06-16,3007.7587890625,47831.140625,1194.5516357421875,203.1000061035156,18744.240234375,26346.455078125,4401.99951171875,4084.51123046875,57643.2578125
2021-06-17,2980.100830078125,46754.78515625,1186.1214599609375,203.1000061035156,19090.578125,25967.560546875,4395.53662109375,3971.526611328125,57245.69921875
2021-06-18,2935.8486328125,46641.8359375,1188.60107421875,200.0,19006.103515625,25465.3046875,4337.36181640625,3979.525390625,57245.69921875
2021-06-21,2871.544921875,47160.0859375,1219.8408203125,201.0,18972.314453125,25068.78515625,4395.53662109375,3979.525390625,56053.08984375
2021-06-22,2821.070556640625,46508.95703125,1230.2542724609375,201.0,18668.21484375,25024.7265625,4395.53662109375,3989.524169921875,55735.07421875
2021-06-23,2850.1103515625,46176.73828125,1250.584716796875,201.0,19006.103515625,25333.1328125,4395.53662109375,4012.52099609375,55655.55078125
2021-06-24,2910.957275390625,46508.95703125,1363.64306640625,201.0,18955.421875,26082.109375,4363.21728515625,4049.5166015625,55655.55078125
2021-06-25,2910.957275390625,47021.265625,1373.560791015625,209.1999969482422,18921.626953125,25967.560546875,4363.21728515625,4079.512939453125,55655.55078125
2021-06-28,2904.043212890625,46694.40234375,1347.775390625,208.1000061035156,18879.39453125,25641.53515625,4427.85791015625,4053.516357421875,55655.55078125
2021-06-29,2869.470703125,46654.375,1347.2794189453125,208.1000061035156,18338.779296875,24813.25,4427.85791015625,4028.51904296875,55655.55078125
2021-06-30,2938.614990234375,46560.984375,1349.7591552734375,208.8999938964844,18482.37890625,24266.935546875,4366.4482421875,4028.51904296875,55655.55078125
2021-07-01,2880.5341796875,47027.9296875,1397.8583984375,208.8999938964844,18414.806640625,24681.078125,4518.35546875,4023.519775390625,55655.55078125
2021-07-02,2883.299560546875,46941.21875,1413.7261962890625,207.0,19124.369140625,25306.6953125,4408.46630859375,4023.519775390625,55655.55078125
2021-07-05,2883.299560546875,46941.21875,1413.7261962890625,207.0,19124.369140625,25306.6953125,4408.46630859375,4023.519775390625,55655.55078125
2021-07-06,2897.12890625,46027.33203125,1382.982177734375,207.0,18845.609375,24866.119140625,4363.21728515625,4049.531982421875,55655.55078125
2021-07-07,2853.56787109375,47361.44921875,1388.4368896484375,207.0,18752.6875,25236.205078125,4427.85791015625,4027.534423828125,55655.55078125
2021-07-08,2889.522216796875,47348.11328125,1365.1309814453125,203.0,18676.6640625,25861.8203125,4347.05810546875,4004.53759765625,55258.02734375
2021-07-09,2875.694091796875,47334.77734375,1369.097900390625,200.0,18747.109375,26038.052734375,4479.5693359375,4014.5361328125,55749.40625
2021-07-12,2875.694091796875,47334.77734375,1363.64306640625,200.0,18747.109375,26038.052734375,4350.28955078125,4014.5361328125,55749.40625
2021-07-13,2905.42529296875,47688.3359375,1348.767333984375,200.5,18518.380859375,26346.455078125,4350.28955078125,3997.538818359375,55749.40625
2021-07-14,2904.043212890625,47554.91015625,1314.0562744140625,200.5,18569.2109375,26346.455078125,4363.90673828125,4019.53564453125,55749.40625
2021-07-15,2924.833740234375,47554.91015625,1274.386474609375,200.0,18603.09375,26223.09375,4363.90673828125,4024.53515625,55749.40625
2021-07-16,2924.12890625,47534.8984375,1269.4278564453125,196.1000061035156,18603.09375,26029.240234375,4461.169921875,4018.53564453125,55749.40625
2021-07-19,2854.355712890625,46687.72265625,1213.8905029296875,196.1000061035156,18365.896484375,25553.41796875,4363.90673828125,3899.54931640625,55351.1875
2021-07-20,2854.355712890625,46687.72265625,1213.8905029296875,196.1000061035156,18365.896484375,25553.41796875,4363.90673828125,3899.54931640625,55351.1875
2021-07-21,2872.6806640625,46554.30859375,1257.03125,196.1000061035156,18128.697265625,25650.34765625,4347.69580078125,3998.53857421875,55351.1875
2021-07-22,2874.08935546875,47014.5859375,1264.4693603515625,199.8999938964844,17713.59765625,25993.994140625,4347.69580078125,3871.552978515625,55351.1875
2021-07-23,2874.794677734375,47007.91796875,1264.9652099609375,199.8999938964844,17620.41796875,25579.8515625,4347.69580078125,3847.555419921875,55351.1875
2021-07-26,2887.48095703125,46687.72265625,1287.7750244140625,196.0,17772.904296875,25386.0,4409.29541015625,3847.555419921875,55351.1875
2021-07-27,2871.9755859375,45541.15625,1289.2626953125,196.0,17671.25,25588.666015625,4409.29541015625,3797.561279296875,55741.44140625
2021-07-28,2854.355712890625,45976.484375,1294.7174072265625,194.5,17739.015625,25377.189453125,4363.90673828125,3729.569580078125,51807.12890625
2021-07-29,2879.022705078125,46793.54296875,1312.07275390625,194.8999938964844,17425.578125,25368.376953125,4350.9384765625,3704.57177734375,51807.12890625
2021-07-30,2848.717529296875,45735.38671875,1305.62646484375,194.0,17535.705078125,25289.0703125,4347.69580078125,3694.5732421875,54156.55859375
2021-08-02,2896.642578125,45541.15625,1288.2708740234375,194.0,17323.919921875,25112.841796875,4344.45361328125,3703.572021484375,54156.55859375
2021-08-03,2876.908935546875,46733.265625,1299.1800537109375,194.0,17239.20703125,24936.611328125,4344.45361328125,3708.571533203125,54156.55859375
2021-08-04,2880.4326171875,45943.00390625,1271.4114990234375,197.0,17417.103515625,25438.869140625,4386.60107421875,3774.563720703125,52977.859375
2021-08-05,2875.49951171875,46344.8359375,1253.064208984375,197.0,17408.62890625,25015.916015625,4247.18896484375,3754.566162109375,52977.859375
2021-08-06,2875.49951171875,46451.98046875,1262.9818115234375,197.0,17535.705078125,25042.3515625,4325.00244140625,3739.56787109375,52977.859375
2021-08-09,2861.4033203125,45621.53125,1284.3038330078125,197.0,17408.62890625,25253.828125,4325.00244140625,3739.56787109375,52977.859375
2021-08-10,2833.9169921875,45668.40625,1288.2708740234375,197.0,17836.185546875,25377.189453125,4376.875,3739.56787109375,53071.2109375
2021-08-11,2879.022705078125,45253.18359375,1308.6015625,193.8999938964844,17972.15234375,25606.287109375,4409.29541015625,3729.569580078125,54251.98828125
2021-08-12,2917.0810546875,45675.1171875,1300.1717529296875,193.8999938964844,18057.125,26434.568359375,4396.328125,3738.56787109375,52815.9140625
2021-08-13,2889.594970703125,46873.90625,1282.3203125,200.0,18184.583984375,27315.72265625,4474.13818359375,3738.56787109375,55847.64453125
2021-08-16,2889.594970703125,46873.90625,1282.3203125,200.0,18184.583984375,27315.72265625,4474.13818359375,3738.56787109375,55847.64453125
2021-08-17,2958.663330078125,47536.9296875,1279.34521484375,200.0,18651.943359375,27756.30078125,4487.796875,3714.5712890625,55847.64453125
2021-08-18,2960.777587890625,49083.98828125,1273.3948974609375,196.5,19527.189453125,28804.869140625,4611.37451171875,3759.56591796875,55847.64453125
2021-08-19,2938.929443359375,48220.06640625,1249.5928955078125,196.5,19433.7109375,28461.220703125,4878.04150390625,3839.556640625,55847.64453125
2021-08-20,3009.408203125,48541.53125,1257.52685546875,196.5,19459.20703125,28619.830078125,4813.00048828125,3844.5556640625,55847.64453125
2021-08-23,3044.646240234375,48762.53125,1311.0811767578125,199.0,19382.72265625,29113.275390625,4747.95947265625,3849.55517578125,55847.64453125
2021-08-24,3028.4365234375,48755.828125,1324.469482421875,199.6000061035156,19246.771484375,28796.05859375,4819.5029296875,3764.565185546875,55847.64453125
2021-08-25,3079.88525390625,49057.19140625,1326.94873046875,203.8000030517578,19238.271484375,28373.107421875,4734.951171875,3689.57373046875,55847.64453125
2021-08-26,3023.502685546875,49257.53515625,1305.130615234375,203.5,18949.359375,27606.501953125,4582.107421875,3695.5732421875,55073.75
2021-08-27,2995.31201171875,49069.3046875,1319.014892578125,203.5,18889.873046875,28672.697265625,4637.390625,3724.5703125,55049.81640625
2021-08-30,3030.550537109375,48403.7578125,1313.560302734375,203.5,18592.455078125,28619.830078125,4715.4384765625,3738.56787109375,53853.08203125
2021-08-31,3037.598388671875,47395.33984375,1310.5850830078125,202.0,18422.513671875,28725.56640625,4569.0986328125,3744.567626953125,53533.9609375
2021-09-01,2995.31201171875,48067.62109375,1284.3038330078125,202.0,18558.46875,28716.755859375,4552.83837890625,3729.569580078125,55831.68359375
2021-09-02,3057.332275390625,47765.08984375,1323.9737548828125,202.1000061035156,18524.478515625,28672.697265625,4617.87744140625,3729.569580078125,56246.55078125
2021-09-03,3054.513671875,47133.16015625,1306.6181640625,202.1000061035156,18507.494140625,28716.755859375,4666.65771484375,3764.565185546875,56246.55078125
2021-09-06,2993.197998046875,47133.16015625,1306.1221923828125,202.1000061035156,18507.494140625,28408.353515625,4666.65771484375,3774.563720703125,56166.76171875
2021-09-07,2995.31201171875,47328.1171875,1292.238037109375,200.0,18269.56640625,28637.453125,4640.64306640625,3754.566162109375,56166.76171875
2021-09-08,2978.39697265625,47402.078125,1285.7916259765625,199.8999938964844,18346.033203125,28611.017578125,4552.83837890625,3769.56396484375,54411.5546875
2021-09-09,2988.968994140625,47852.49609375,1274.386474609375,199.8999938964844,18476.55859375,28813.68359375,4504.05712890625,3764.565185546875,54505.05859375
2021-09-10,2962.1875,48040.71875,1265.9569091796875,200.0,18527.6953125,28487.65625,4666.65771484375,3724.5703125,54505.05859375
2021-09-13,2962.1875,48054.18359375,1275.3782958984375,200.0,18186.796875,28196.875,4552.83837890625,3669.575927734375,51947.63671875
2021-09-14,2924.833740234375,48565.09765625,1264.4693603515625,195.0,18450.986328125,28117.572265625,4552.83837890625,3689.57373046875,52347.2421875
2021-09-15,2940.3388671875,48403.7578125,1299.1800537109375,195.0,18365.76953125,28126.3828125,4670.9150390625,3679.5751953125,53450.125
2021-09-16,2942.453369140625,49963.4296875,1296.7008056640625,199.8999938964844,18365.76953125,28672.697265625,4742.67626953125,3596.584716796875,53546.03515625
2021-09-17,3002.359619140625,49277.71875,1272.403076171875,199.8999938964844,18331.677734375,27862.037109375,4742.67626953125,3629.580810546875,53386.20703125
2021-09-20,2924.833740234375,48995.37109375,1249.5928955078125,199.8999938964844,18050.443359375,27791.544921875,4729.62744140625,3621.58154296875,55464.10546875
2021-09-21,2928.358154296875,48995.37109375,1254.055908203125,194.0,18280.544921875,27051.376953125,4729.62744140625,3579.586669921875,54824.75
2021-09-22,2945.9775390625,49277.71875,1274.386474609375,199.6000061035156,18365.76953125,27306.91015625,4729.62744140625,3599.58447265625,54904.6484375
2021-09-23,3023.502685546875,49277.71875,1284.3038330078125,198.8000030517578,18280.544921875,27932.529296875,4762.24560546875,3624.581298828125,54984.59375
2021-09-24,2953.025390625,49277.71875,1264.4693603515625,197.8999938964844,18297.591796875,27897.28515625,4762.24560546875,3676.575439453125,54345.22265625
2021-09-27,3001.65478515625,49465.31640625,1324.469482421875,197.8000030517578,18357.248046875,28831.3046875,4657.86865234375,3699.57275390625,54425.14453125
2021-09-28,2988.263427734375,49519.3125,1338.3536376953125,197.8000030517578,18391.33203125,28716.755859375,4667.65380859375,3759.56591796875,53546.03515625
2021-09-29,2978.39697265625,49262.875,1341.824951171875,197.8000030517578,18442.470703125,28910.609375,4762.24560546875,3799.561279296875,54744.81640625
2021-09-30,2980.511962890625,48736.5,1355.70947265625,200.0,18459.51171875,29430.486328125,4762.24560546875,3769.56396484375,55104.46484375
2021-10-01,2981.921142578125,49242.625,1373.064697265625,200.0,18425.42578125,29430.486328125,4762.24560546875,3838.556640625,55104.46484375
2021-10-04,3000.245361328125,49060.421875,1400.8336181640625,195.0,18510.6484375,29254.259765625,4824.2197265625,3939.54541015625,54345.22265625
2021-10-05,3027.0263671875,48655.515625,1393.3955078125,195.0,18502.126953125,29280.693359375,4631.77392578125,3909.5634765625,54345.22265625
2021-10-06,3009.408203125,49593.5390625,1393.3955078125,198.8999938964844,18578.826171875,29324.751953125,4762.24560546875,3899.564697265625,54129.43359375
2021-10-07,3048.17041015625,50140.14453125,1418.18896484375,198.8999938964844,18655.533203125,29580.287109375,4860.10107421875,3849.5703125,54345.22265625
2021-10-08,3057.332275390625,49802.73046875,1441.9908447265625,198.8999938964844,18817.458984375,29589.09765625,4892.71875,3869.568603515625,54345.22265625
2021-10-11,3108.076416015625,49735.25,1459.842041015625,198.0,18862.88671875,29756.517578125,4892.71875,3829.572509765625,54448.57421875
2021-10-12,3086.93359375,49485.55859375,1440.0074462890625,197.8999938964844,18640.671875,29104.462890625,4892.71875,3815.57421875,54448.57421875
2021-10-13,3079.88525390625,49485.55859375,1442.4866943359375,194.0,18734.681640625,29518.607421875,4820.95947265625,3804.5751953125,54448.57421875
2021-10-14,3144.132080078125,49262.875,1446.94921875,200.0,19050.91796875,30443.810546875,4844.8515625,3810.574951171875,54448.57421875
2021-10-15,3086.704345703125,49930.9453125,1467.77587890625,199.8000030517578,19059.462890625,30399.7578125,4848.1689453125,3819.573486328125,54488.65234375
2021-10-18,3086.704345703125,49930.9453125,1467.77587890625,199.8000030517578,19059.462890625,30399.7578125,4848.1689453125,3819.573486328125,54488.65234375
2021-10-19,3086.704345703125,50119.88671875,1464.3050537109375,195.1999969482422,19042.37109375,30144.224609375,4844.8515625,3849.5703125,54488.65234375
2021-10-20,3108.240234375,49795.96484375,1456.37109375,198.0,18785.96484375,29985.615234375,4768.52734375,3884.566650390625,54248.28125
2021-10-21,3107.5224609375,49795.96484375,1442.9825439453125,199.6999969482422,18931.2578125,30364.513671875,4778.48291015625,3884.566650390625,54248.28125
2021-10-22,3095.31884765625,49593.5390625,1433.065185546875,198.8999938964844,18717.587890625,29853.44140625,4778.48291015625,3953.55810546875,54248.28125
2021-10-25,3068.040771484375,49735.25,1433.065185546875,197.8999938964844,18760.318359375,29923.935546875,4778.48291015625,3963.55810546875,54208.19140625
2021-10-26,3079.5263671875,50133.546875,1452.8997802734375,197.8999938964844,18888.525390625,30267.583984375,4778.48291015625,4009.552734375,54208.19140625
2021-10-27,3085.9873046875,50133.546875,1421.66015625,201.8000030517578,18794.51171875,30311.642578125,4778.48291015625,3994.5546875,54208.19140625
2021-10-28,3078.808837890625,51474.78515625,1433.065185546875,201.8000030517578,18973.998046875,30443.810546875,4891.30810546875,4029.5498046875,54168.1328125
2021-10-29,3075.219482421875,51413.80859375,1411.7425537109375,201.0,18811.607421875,29879.87890625,4891.30810546875,4024.551025390625,54112.04296875
2021-11-01,3075.219482421875,51413.80859375,1411.7425537109375,201.0,18811.607421875,29879.87890625,4891.30810546875,4024.551025390625,54112.04296875
2021-11-02,3036.4560546875,50804.16015625,1415.2135009765625,201.0,18803.0625,29782.94921875,4745.29931640625,4000.553955078125,52485.40234375
2021-11-03,3072.3486328125,50329.984375,1433.065185546875,201.0,19016.724609375,29932.744140625,4871.39990234375,3999.55419921875,54007.875
2021-11-04,3072.3486328125,49794.87109375,1423.6435546875,201.0,18956.900390625,29941.55859375,4897.94482421875,3999.55419921875,54088.0
2021-11-05,3061.580078125,49449.39453125,1426.618896484375,201.0,18888.525390625,29606.71875,4844.8515625,3994.5546875,54088.0
2021-11-08,3086.704345703125,49503.58203125,1449.428955078125,201.0,18956.900390625,29950.369140625,4907.9013671875,4059.54638671875,54721.0390625
2021-11-09,3086.704345703125,50438.375,1456.37109375,201.0,18771.03515625,29562.662109375,4904.58251953125,3941.560302734375,54903.22265625
2021-11-10,3054.402099609375,50397.7265625,1428.106201171875,201.0,18633.90234375,29333.5625,4897.94482421875,3927.5615234375,52326.64453125
2021-11-11,3047.223876953125,49449.39453125,1420.17236328125,199.0,18633.90234375,29078.02734375,4798.392578125,3919.562255859375,55304.5703125
2021-11-12,3050.813232421875,49503.58203125,1408.271484375,197.8999938964844,18633.90234375,28240.935546875,4788.4375,3740.58251953125,55344.72265625
2021-11-15,3050.813232421875,49503.58203125,1408.271484375,197.8999938964844,18633.90234375,28240.935546875,4788.4375,3740.58251953125,55344.72265625
2021-11-16,3043.634521484375,49788.0859375,1368.601806640625,197.8999938964844,18633.90234375,27668.18359375,4858.99462890625,3819.573486328125,55344.72265625
2021-11-17,3035.020751953125,49110.703125,1373.560791015625,197.8999938964844,18633.90234375,27227.609375,4892.2744140625,3779.578369140625,55063.7890625
2021-11-18,3057.2734375,49313.9140625,1368.1060791015625,197.8999938964844,18633.90234375,27192.36328125,4925.5546875,3779.578369140625,56026.9921875
2021-11-19,2957.49365234375,48778.78125,1311.576904296875,197.8999938964844,18633.90234375,26170.2265625,4792.431640625,3579.600830078125,55304.5703125
2021-11-22,2943.13720703125,48772.0078125,1299.1800537109375,197.8999938964844,22953.8125,26698.916015625,4795.7607421875,3569.60205078125,56187.5390625
2021-11-23,2942.419677734375,48162.3515625,1319.014892578125,194.1000061035156,23142.376953125,27306.91015625,4795.7607421875,3660.591552734375,56187.5390625
2021-11-24,2950.3154296875,48094.609375,1330.915771484375,196.0,23948.072265625,26875.150390625,4922.2275390625,3719.585205078125,56187.5390625
2021-11-25,3029.27783203125,48956.91796875,1323.9737548828125,192.1000061035156,24205.20703125,27139.494140625,4922.2275390625,3798.576171875,56187.5390625
2021-11-26,2979.029296875,48290.48046875,1257.52685546875,192.5,24213.78125,26698.916015625,4908.916015625,3698.587646484375,56187.5390625
2021-11-29,2975.440185546875,48290.48046875,1286.783447265625,195.0,25199.4765625,26698.916015625,4918.89990234375,3779.578369140625,56187.5390625
2021-11-30,2907.962646484375,47943.64453125,1289.2626953125,194.8000030517578,24899.48046875,27315.72265625,4858.99462890625,3689.588134765625,59077.19140625
2021-12-01,3108.240234375,47603.62109375,1289.2626953125,192.0,24599.486328125,28549.3359375,5052.02294921875,3669.59033203125,59149.4140625
2021-12-02,3131.21044921875,48270.06640625,1318.51904296875,192.0,24496.634765625,28954.666015625,5052.02294921875,3650.59228515625,59879.82421875
2021-12-03,3132.646484375,48297.265625,1319.5107421875,190.1000061035156,24428.064453125,29078.02734375,4925.5546875,3653.59228515625,59879.82421875
2021-12-06,3097.472412109375,47943.64453125,1332.8992919921875,191.0,24693.7734375,28989.9140625,4958.8359375,3649.592529296875,59879.82421875
2021-12-07,3068.75927734375,47617.21875,1348.767333984375,192.0,24470.912109375,29157.330078125,4905.58740234375,3664.591064453125,59879.82421875
2021-12-08,3068.75927734375,47617.21875,1348.767333984375,192.0,24470.912109375,29157.330078125,4905.58740234375,3664.591064453125,59879.82421875
2021-12-09,3086.704345703125,47147.9765625,1343.8087158203125,191.0,24095.654296875,28848.927734375,5032.05419921875,3655.592041015625,60046.27734375
2021-12-10,3068.75927734375,47141.171875,1342.3206787109375,186.1000061035156,23648.966796875,28029.458984375,4868.97900390625,3659.591552734375,60046.27734375
2021-12-13,3078.808837890625,47692.02734375,1304.6346435546875,186.5,23502.931640625,27315.72265625,4825.71337890625,3659.591552734375,59169.99609375
2021-12-14,3050.813232421875,47263.58984375,1295.7091064453125,186.5,24396.314453125,27500.763671875,4825.71337890625,3649.592529296875,59169.99609375
2021-12-15,3051.53076171875,47603.62109375,1289.2626953125,185.0,24310.41796875,27668.18359375,4946.53857421875,3649.592529296875,60295.49609375
2021-12-16,3106.80419921875,48956.91796875,1310.5850830078125,190.0,24473.626953125,28505.27734375,4933.18896484375,3678.58984375,60295.49609375
2021-12-17,2986.20751953125,48943.3203125,1311.576904296875,190.0,24387.72265625,27403.83984375,4739.60009765625,3639.59375,61903.39453125
2021-12-20,3048.65966796875,48616.8984375,1279.8411865234375,190.0,24310.41796875,28796.05859375,4639.46630859375,3599.5986328125,60295.49609375
2021-12-21,2986.20751953125,47610.41015625,1287.7750244140625,190.0,24130.013671875,27738.67578125,4672.84423828125,3549.604248046875,60697.4609375
2021-12-22,3007.74267578125,48623.69140625,1314.552001953125,190.0,24387.72265625,28364.296875,4606.0888671875,3574.601318359375,61742.6015625
2021-12-23,3050.094970703125,48895.71484375,1314.0562744140625,190.0,24396.314453125,28461.220703125,4672.84423828125,3599.5986328125,60697.4609375
2021-12-24,3050.094970703125,48895.71484375,1312.5684814453125,190.0,24396.314453125,28611.017578125,4672.84423828125,3599.5986328125,60697.4609375
2021-12-27,3043.634521484375,48283.671875,1337.85791015625,190.0,24327.591796875,28196.875,4769.63916015625,3619.595947265625,60697.4609375
2021-12-28,3014.9208984375,48452.9765625,1336.370361328125,190.0,24482.220703125,28196.875,4699.5458984375,3619.595947265625,60697.4609375
2021-12-29,3055.83837890625,48016.04296875,1338.849609375,190.0,24224.5078125,28196.875,4739.60009765625,3629.594970703125,61702.38671875
2021-12-30,3003.435302734375,47927.28515625,1333.8909912109375,190.0,24602.484375,28020.646484375,4739.60009765625,3634.59423828125,61702.38671875
2021-12-31,3003.435302734375,47927.28515625,1333.8909912109375,190.0,24602.484375,28020.646484375,4739.60009765625,3634.59423828125,61702.38671875
2022-01-03,3027.842041015625,47927.28515625,1348.767333984375,194.8000030517578,24379.140625,28214.498046875,4739.60009765625,3659.591552734375,61702.38671875
2022-01-04,3055.83837890625,48132.109375,1358.6845703125,195.8999938964844,24353.359375,28461.220703125,4766.3017578125,3698.587646484375,61702.38671875
2022-01-05,3065.169921875,48132.109375,1319.014892578125,195.8999938964844,24310.41796875,27932.529296875,4732.923828125,3664.591064453125,61742.6015625
2022-01-06,2993.3857421875,48002.3828125,1296.7008056640625,190.0,24482.220703125,27315.72265625,4672.84423828125,3564.60205078125,61742.6015625
2022-01-07,2979.029296875,49429.28125,1314.552001953125,190.0,25787.9375,27368.591796875,4672.84423828125,3569.60205078125,61742.6015625
2022-01-10,2979.029296875,49429.28125,1314.552001953125,190.0,25787.9375,27368.591796875,4672.84423828125,3569.60205078125,61742.6015625
2022-01-11,2979.029296875,50521.640625,1369.097900390625,190.0,25911.171875,27756.30078125,4672.84423828125,3599.5986328125,61989.76171875
2022-01-12,3029.27783203125,48746.5625,1383.47802734375,188.0,25825.091796875,28311.42578125,4672.84423828125,3599.5986328125,61997.8515625
2022-01-13,3065.169921875,48753.3828125,1387.4451904296875,188.0,24981.466796875,28470.033203125,4736.26220703125,3604.59765625,62794.9375
2022-01-14,3017.576904296875,48323.2578125,1388.9326171875,188.0,23242.578125,28108.763671875,4886.4599609375,3604.613037109375,62802.984375
2022-01-17,3017.576904296875,48323.2578125,1388.9326171875,188.0,23242.578125,28108.763671875,4900.5185546875,3604.613037109375,62802.984375
2022-01-18,3017.576904296875,48323.2578125,1388.9326171875,188.0,23242.578125,28108.763671875,4900.5185546875,3604.613037109375,62802.984375
2022-01-19,3017.576904296875,48323.2578125,1388.9326171875,188.0,23242.578125,28108.763671875,4900.5185546875,3604.613037109375,62802.984375
2022-01-20,3411.3955078125,51545.71875,1440.998779296875,190.0,23242.578125,28637.453125,5154.9169921875,3849.5869140625,66007.5390625
2022-01-21,3271.161376953125,51887.0859375,1413.7261962890625,192.0,23242.578125,28566.95703125,5181.6953125,3789.593017578125,66667.7734375
2022-01-24,3247.18359375,51955.3671875,1400.33740234375,187.0,23242.578125,28461.220703125,5054.49658203125,3784.593994140625,66506.765625
2022-01-25,3225.385009765625,52419.6015625,1435.54443359375,187.0,23242.578125,28611.017578125,5021.02294921875,3789.593017578125,70693.6171875
2022-01-26,3172.34375,51410.984375,1433.5609130859375,187.0,23242.578125,28549.3359375,5087.97119140625,3774.5947265625,70130.0
2022-01-27,3140.372802734375,51733.03515625,1440.5029296875,189.8999938964844,23242.578125,28470.033203125,5021.02294921875,3789.593017578125,70130.0
2022-01-28,3167.984130859375,51733.03515625,1431.08154296875,190.0,23242.578125,28804.869140625,4954.07568359375,3759.596923828125,70130.0
2022-01-31,3187.602294921875,52623.8203125,1440.5029296875,189.8999938964844,23242.578125,29342.373046875,4927.298828125,3749.597900390625,71571.25
2022-02-01,3128.02099609375,53171.96484375,1429.097900390625,187.0,35018.81640625,28672.697265625,4897.17138671875,3724.600830078125,71659.8125
2022-02-02,3089.510986328125,51410.984375,1432.5692138671875,186.0,34777.78515625,28196.875,4903.8662109375,3674.605712890625,71820.875
2022-02-03,3117.121337890625,51870.07421875,1407.27978515625,186.0,35070.47265625,28038.26953125,4954.07568359375,3726.6005859375,71820.875
2022-02-04,3095.32373046875,52747.1484375,1438.5196533203125,183.1000061035156,35173.7578125,27976.5859375,4887.13037109375,3699.603271484375,72465.0
2022-02-07,3138.91943359375,52096.19921875,1454.88330078125,183.1000061035156,35027.42578125,28188.0625,4954.07568359375,3708.60205078125,72650.171875
2022-02-08,3134.559814453125,52404.51953125,1445.4617919921875,188.0,35113.5078125,27756.30078125,4954.07568359375,3679.60546875,74075.3046875
2022-02-09,3107.67529296875,52253.796875,1437.52783203125,187.3999938964844,35133.46484375,27782.734375,4823.529296875,3609.6123046875,72508.8828125
2022-02-10,3088.057861328125,52075.63671875,1413.230224609375,187.3999938964844,35012.765625,27668.18359375,4746.54150390625,3539.620361328125,72396.03125
2022-02-11,3104.042236328125,52075.63671875,1473.7264404296875,187.3999938964844,35012.765625,27958.96484375,4820.18212890625,3569.617431640625,68203.8203125
2022-02-14,3066.259765625,51410.984375,1460.8338623046875,188.0,35090.37109375,27985.396484375,4820.18212890625,3499.6240234375,66212.5390625
2022-02-15,3056.08740234375,51369.88671875,1446.94921875,180.6000061035156,34935.16796875,28099.94921875,4834.28271484375,3499.6240234375,66212.5390625
2022-02-16,3051.7275390625,51047.8359375,1496.04052734375,184.5,35021.38671875,27782.734375,4733.56787109375,3519.623046875,64253.4921875
2022-02-17,3077.885009765625,51938.6015625,1495.048828125,184.0,34978.27734375,27254.04296875,4770.4970703125,3499.6240234375,63463.40625
2022-02-18,3059.720458984375,51774.16015625,1486.1231689453125,182.0,34943.79296875,27747.48828125,4767.14013671875,3549.619384765625,63931.02734375
2022-02-21,3043.735107421875,51369.88671875,1492.073486328125,182.0,35012.765625,27659.373046875,4767.14013671875,3580.6162109375,64664.63671875
2022-02-22,3037.19580078125,50067.98828125,1500.00732421875,182.0,35176.5859375,27016.130859375,4767.14013671875,3560.617919921875,64664.63671875
2022-02-23,3022.663330078125,51208.40234375,1514.3876953125,182.0,35176.5859375,28011.833984375,4740.283203125,3614.612060546875,64495.3671875
2022-02-24,3008.131103515625,50554.98046875,1515.379638671875,182.0,35167.96875,28179.251953125,4767.14013671875,3619.611572265625,64495.3671875
2022-02-25,3051.7275390625,50692.5390625,1519.346435546875,182.0,34659.2734375,28108.763671875,4767.14013671875,3649.608154296875,64495.3671875
2022-02-28,3037.19580078125,49653.91015625,1618.0247802734375,180.0,38125.203125,28196.875,4840.9970703125,3619.611572265625,64503.38671875
2022-03-01,3027.0234375,49454.4453125,1606.1239013671875,182.3000030517578,38125.203125,28196.875,4800.7109375,3579.6162109375,64495.3671875
2022-03-02,3016.8505859375,49447.5625,1574.884033203125,182.3000030517578,38125.203125,28276.177734375,4740.283203125,3519.623046875,64503.38671875
2022-03-03,3015.3974609375,50176.66015625,1588.768310546875,192.0,38125.203125,28373.107421875,4760.4267578125,3519.623046875,64495.3671875
2022-03-04,3022.663330078125,49825.87890625,1656.2069091796875,192.0,38125.203125,28196.875,4733.56787109375,3518.623046875,64487.25
2022-03-07,3069.892578125,50176.66015625,1685.9591064453125,192.0,38125.203125,28196.875,4733.56787109375,3499.6240234375,63689.15234375
2022-03-08,3093.14404296875,49523.23828125,1681.0,192.0,38125.203125,28214.498046875,4699.99755859375,3516.623291015625,60544.98828125
2022-03-09,3131.6533203125,50135.38671875,1621.991455078125,191.0,38179.72265625,27853.2265625,4716.783203125,3494.624755859375,60639.4765625
2022-03-10,3124.38720703125,49041.76171875,1685.9591064453125,182.0,38179.72265625,27562.447265625,4703.35400390625,3429.631591796875,81148.671875
2022-03-11,3124.38720703125,49041.76171875,1685.9591064453125,182.0,38179.72265625,27562.447265625,4703.35400390625,3429.631591796875,81148.671875
2022-03-14,3095.32373046875,49454.4453125,1590.2559814453125,187.5,38179.72265625,27051.376953125,4699.99755859375,3411.63427734375,82198.3671875
2022-03-15,3188.328125,49172.44921875,1586.7847900390625,187.5,38179.72265625,27157.115234375,4781.484375,3364.638671875,85589.671875
2022-03-16,3142.552734375,48243.87890625,1576.8673095703125,181.0,38179.72265625,27518.388671875,4781.484375,3364.638671875,83894.0
2022-03-17,3131.6533203125,47157.125,1653.7274169921875,181.0,38179.72265625,27844.4140625,4815.158203125,3381.637451171875,83894.0
2022-03-18,3167.984130859375,46909.50390625,1621.4957275390625,182.1999969482422,38179.72265625,28901.796875,4869.03271484375,3374.638427734375,82279.1484375
2022-03-21,3167.984130859375,46909.50390625,1621.4957275390625,182.1999969482422,38179.72265625,28901.796875,4869.03271484375,3374.638427734375,82279.1484375
2022-03-22,3143.279296875,46909.50390625,1665.628173828125,182.1999969482422,38179.72265625,28549.3359375,4848.83056640625,3372.638427734375,79130.0859375
2022-03-23,3193.414306640625,46909.50390625,1750.4222412109375,182.1999969482422,38179.72265625,28813.68359375,4848.83056640625,3389.636474609375,77515.1484375
2022-03-24,3181.06201171875,46909.50390625,1752.9014892578125,182.1999969482422,38179.72265625,29148.517578125,4953.21337890625,3389.636474609375,77515.1484375
2022-03-25,3193.414306640625,46909.50390625,1780.1741943359375,182.0,38179.72265625,29069.216796875,4966.681640625,3399.63525390625,70248.140625
2022-03-28,3197.04833984375,46909.50390625,1735.5458984375,182.0,38179.72265625,29254.259765625,4848.83056640625,3389.636474609375,68633.2421875
2022-03-29,3197.04833984375,46909.50390625,1725.132568359375,182.0,38179.72265625,29298.31640625,4852.1962890625,3409.63427734375,68633.2421875
2022-03-30,3197.04833984375,46909.50390625,1725.132568359375,182.0,38179.72265625,29298.31640625,4852.1962890625,3409.63427734375,68633.2421875
2022-03-31,3167.984130859375,34150.38671875,1754.388916015625,181.0,39543.9140625,29509.67578125,4848.83056640625,3441.630615234375,68633.2421875
2022-04-01,3199.2275390625,34528.69921875,1750.4222412109375,184.8999938964844,40148.29296875,29894.78125,4848.83056640625,3441.630615234375,69844.4140625
2022-04-04,3199.2275390625,34528.69921875,1750.4222412109375,184.8999938964844,40148.29296875,29894.78125,4848.83056640625,3441.630615234375,69844.4140625
2022-04-05,3197.04833984375,35147.7421875,1788.6041259765625,184.8999938964844,40735.40625,30360.486328125,4774.74951171875,3422.632568359375,72557.4453125
2022-04-06,3183.2421875,36454.6015625,1756.8681640625,184.6000061035156,40407.31640625,30369.443359375,4747.8115234375,3350.640380859375,73154.90625
2022-04-07,3172.34375,36454.6015625,1790.0916748046875,184.6000061035156,39595.7109375,30450.046875,4687.201171875,3409.63427734375,73477.9375
2022-04-08,3182.51611328125,36454.6015625,1770.2567138671875,184.6000061035156,39617.58984375,31166.513671875,4350.47802734375,3394.6357421875,76049.015625
2022-04-11,3182.51611328125,36867.28515625,1748.9344482421875,184.6000061035156,39989.54296875,30987.400390625,4693.93701171875,3369.66455078125,75239.984375
2022-04-12,3182.51611328125,37692.6796875,1775.2154541015625,182.8999938964844,39617.58984375,30879.92578125,4690.56884765625,3344.6669921875,74430.9609375
2022-04-13,3228.559326171875,35835.55859375,1799.9608154296875,182.8999938964844,39954.94140625,30879.92578125,4806.080078125,3339.667236328125,75239.984375
2022-04-14,3228.559326171875,35835.55859375,1799.9608154296875,182.8999938964844,39954.94140625,30879.92578125,4806.080078125,3339.667236328125,75239.984375
2022-04-15,3228.559326171875,35835.55859375,1799.9608154296875,182.8999938964844,39954.94140625,30879.92578125,4806.080078125,3339.667236328125,75239.984375
2022-04-18,3159.0322265625,36035.03515625,1792.967529296875,180.0,39868.4453125,30494.82421875,4799.2041015625,3368.66455078125,75239.984375
2022-04-19,3180.48193359375,35973.125,1801.5750732421875,180.0,39842.4921875,29912.689453125,4812.955078125,3349.666259765625,74455.2265625
2022-04-20,3158.29296875,36110.69921875,1828.471923828125,180.0,39842.4921875,29733.57421875,4757.95068359375,3354.66552734375,75458.4453125
2022-04-21,3151.6357421875,35835.55859375,1782.7467041015625,180.0,40569.11328125,29644.013671875,4764.82568359375,3339.667236328125,75417.9765625
2022-04-22,3158.29296875,35684.23828125,1804.8023681640625,180.0,40949.70703125,29823.1328125,4792.328125,3363.6650390625,75239.984375
2022-04-25,3173.085205078125,34735.03515625,1764.45654296875,180.0,41650.36328125,29106.662109375,4799.2041015625,3324.66845703125,76849.9609375
2022-04-26,3180.48193359375,35422.87890625,1746.16650390625,177.0,41607.1171875,29733.57421875,4751.07421875,3249.676513671875,76858.0390625
2022-04-27,3173.085205078125,34466.7890625,1764.45654296875,177.0,41935.8203125,29733.57421875,4751.07421875,3234.677734375,75159.1015625
2022-04-28,3218.943359375,34714.41015625,1785.974365234375,177.0,41953.12109375,30163.45703125,4747.63671875,3214.6796875,75239.984375
2022-04-29,3218.943359375,34714.41015625,1785.974365234375,177.0,41953.12109375,30163.45703125,4747.63671875,3214.6796875,75239.984375
2022-05-02,3106.516845703125,34666.265625,1749.3941650390625,175.0,43207.390625,30450.046875,4706.3837890625,3119.689208984375,74430.9609375
2022-05-03,3077.670654296875,33847.74609375,1782.208740234375,175.0,42558.625,30118.67578125,4675.44287109375,2999.701171875,73621.9375
2022-05-04,3092.4638671875,33696.4296875,1842.4583740234373,175.0,42645.1328125,29590.279296875,4675.44287109375,3101.691162109375,72812.8828125
2022-05-05,3099.12060546875,33510.71484375,1783.28466796875,175.0,43250.640625,28694.689453125,4716.6962890625,3074.693115234375,72820.96875
2022-05-06,3091.724609375,33510.71484375,1763.380859375,175.0,42446.17578125,28049.865234375,4709.82080078125,3034.697998046875,72812.8828125
2022-05-09,3120.571044921875,33015.48828125,1664.9368896484375,170.0,43250.640625,27763.275390625,4675.44287109375,3034.697998046875,68767.734375
2022-05-10,3106.516845703125,33696.4296875,1656.3299560546875,160.0,44104.390625,28067.775390625,4692.63232421875,2979.70361328125,72073.8984375
2022-05-11,3070.2744140625,33668.91015625,1656.8677978515625,165.0,44104.390625,28658.865234375,4709.82080078125,2919.708984375,72073.8984375
2022-05-12,3082.848876953125,33015.48828125,1640.7296142578125,170.0,43324.53515625,28390.189453125,4778.5771484375,2919.708984375,72073.8984375
2022-05-13,3073.233642578125,33359.3984375,1668.7025146484375,171.0,42969.2890625,28211.072265625,4785.453125,2853.715576171875,72073.8984375
2022-05-16,3113.174072265625,35691.13671875,1667.6265869140625,175.0,42969.2890625,29106.662109375,4819.83056640625,2879.71337890625,71992.8359375
2022-05-17,3099.12060546875,35973.125,1659.557373046875,180.0,38125.59765625,28909.630859375,4746.01904296875,2799.72119140625,69722.8046875
2022-05-18,3084.32763671875,36454.6015625,1555.7344970703125,169.0,37952.30078125,28031.953125,4697.7314453125,2744.726318359375,67282.4765625
2022-05-19,3076.93115234375,35078.95703125,1506.2437744140625,169.0,34572.984375,27924.484375,4759.81591796875,2666.734375,66966.3046875
2022-05-20,3099.12060546875,36454.6015625,1527.2232666015625,159.1999969482422,35526.1171875,29464.896484375,4670.13818359375,2679.733154296875,65669.109375
2022-05-23,3125.008056640625,35773.66015625,1554.6585693359375,159.3000030517578,34477.66796875,29733.57421875,4756.3662109375,2694.7314453125,67290.578125
2022-05-24,3119.830810546875,35471.01171875,1547.665283203125,165.0,35526.1171875,29554.455078125,4708.07958984375,2714.729736328125,67922.96875
2022-05-25,3069.53466796875,35457.26953125,1568.10693359375,165.0,34469.00390625,29554.455078125,4759.81591796875,2689.732177734375,66868.9921875
2022-05-26,3084.32763671875,36722.859375,1586.93505859375,161.10000610351562,32632.04296875,29912.689453125,4673.58740234375,2709.72998046875,66860.9140625
2022-05-27,3106.516845703125,36798.515625,1613.2945556640625,162.0,35170.85546875,30450.046875,4701.18115234375,2680.732666015625,66723.0625
2022-05-30,3106.516845703125,36798.515625,1613.2945556640625,162.0,35170.85546875,30450.046875,4701.18115234375,2680.732666015625,66723.0625
2022-05-31,3254.447021484375,39150.859375,1678.3853759765625,152.5,32060.1640625,32733.794921875,4818.4521484375,2902.7109375,71392.875
2022-06-01,3180.48193359375,40581.55078125,1774.1396484375,161.0,32874.6640625,32957.6953125,4777.06103515625,2937.70751953125,68912.0703125
2022-06-02,3215.98486328125,40911.69140625,1749.3941650390625,163.8000030517578,33169.26953125,33109.9453125,4925.37451171875,3148.6865234375,69714.671875
2022-06-03,3152.375732421875,41957.171875,1775.2154541015625,165.0,33810.46875,33136.8125,4911.578125,3138.6875,69633.5859375
2022-06-06,3143.499755859375,43332.83203125,1758.539306640625,165.0,33966.43359375,32375.5625,4894.3330078125,3104.690673828125,67290.578125
2022-06-07,3143.499755859375,43346.5859375,1769.8359375,165.0,34226.3828125,32814.3984375,4728.77392578125,3044.696044921875,67290.578125
2022-06-08,3121.31005859375,43188.375,1748.3184814453125,165.0,34226.3828125,31390.412109375,4725.32470703125,3039.69677734375,67290.578125
2022-06-09,3121.31005859375,42782.5703125,1707.972412109375,165.0,33605.75390625,31345.6328125,4690.8330078125,2944.706298828125,65176.56640625
2022-06-10,3119.830810546875,42500.5625,1694.5240478515625,165.0,33683.91015625,31076.95703125,4704.62890625,2929.70849609375,68231.421875
2022-06-13,3002.966552734375,42301.09765625,1613.83203125,156.0,33501.55078125,30450.046875,4614.9521484375,2884.71240234375,61764.15625
2022-06-14,3032.552734375,40615.9296875,1597.694091796875,160.0,32824.22265625,31345.6328125,4568.57421875,2849.716552734375,65404.0390625
2022-06-15,2989.653076171875,36805.390625,1597.694091796875,156.0,31782.18359375,31435.193359375,4475.1259765625,2789.72265625,62560.36328125
2022-06-16,2975.599609375,36805.390625,1514.3126220703125,156.0,31947.177734375,31488.927734375,4599.72314453125,2814.7197265625,62966.61328125
2022-06-17,2980.777099609375,37926.53515625,1484.7255859375,155.0,32476.865234375,31793.4296875,4568.57421875,2804.720947265625,63770.96484375
2022-06-20,2980.777099609375,37926.53515625,1484.7255859375,155.0,32476.865234375,31793.4296875,4568.57421875,2804.720947265625,63770.96484375
2022-06-21,2832.84814453125,41663.2890625,1307.7420654296875,155.0,34474.109375,30450.046875,4319.37890625,2599.74072265625,61756.0078125
2022-06-22,2884.623291015625,41663.2890625,1248.568115234375,158.5,32633.185546875,30360.486328125,4360.912109375,2489.751953125,62560.36328125
2022-06-23,2751.487060546875,39558.77734375,1162.7398681640625,158.0,33848.890625,30450.046875,4319.37890625,2379.7626953125,60935.4375
2022-06-24,2781.81201171875,39558.77734375,1240.449462890625,157.89999389648438,33788.09765625,30879.92578125,4343.607421875,2409.760498046875,59326.734375
2022-06-27,2781.81201171875,39558.77734375,1240.449462890625,157.89999389648438,33788.09765625,30879.92578125,4343.607421875,2409.760498046875,59326.734375
2022-06-28,2781.81201171875,39558.77734375,1240.449462890625,157.89999389648438,33788.09765625,30879.92578125,4343.607421875,2409.760498046875,59326.734375
2022-06-29,2781.81201171875,39558.77734375,1240.449462890625,157.89999389648438,33788.09765625,30879.92578125,4343.607421875,2409.760498046875,59326.734375
2022-06-30,2810.657958984375,36394.0703125,1306.560302734375,170.0,34387.28515625,30181.369140625,4326.30126953125,2359.76513671875,56856.8203125
2022-07-01,2936.3984375,36868.77734375,1362.8125,170.0,34734.63671875,30450.046875,4291.69091796875,2309.769775390625,56994.93359375
2022-07-04,2936.3984375,36868.77734375,1362.8125,170.0,34734.63671875,30450.046875,4291.69091796875,2309.769775390625,56994.93359375
2022-07-05,2884.623291015625,36394.0703125,1260.1666259765625,170.0,35594.30859375,29464.896484375,4291.69091796875,2479.753173828125,56873.0625
2022-07-06,2884.623291015625,36394.0703125,1260.1666259765625,170.0,35594.30859375,29464.896484375,4291.69091796875,2479.753173828125,56873.0625
2022-07-07,2957.1083984375,37121.95703125,1322.218017578125,170.0,36471.359375,28936.498046875,4291.69091796875,2389.76171875,56060.58984375
2022-07-08,2910.5107421875,36750.1015625,1333.8165283203125,159.0,36184.79296875,28632.0,4288.23046875,2170.783447265625,55410.62890625
2022-07-11,2843.942626953125,36552.29296875,1328.0172119140625,159.0,36546.15234375,28587.21875,4288.23046875,2369.76416015625,55555.6171875
2022-07-12,2870.570068359375,36354.5078125,1331.496826171875,159.0,37938.38671875,27942.39453125,4222.4697265625,2339.766845703125,55555.6171875
2022-07-13,2849.627685546875,35958.9296875,1314.6793212890625,159.0,37851.375,27494.599609375,4194.78173828125,2339.766845703125,55474.1484375
2022-07-14,2792.27294921875,34400.3125,1235.230224609375,159.0,36981.23046875,26688.5703125,4016.20654296875,2284.772705078125,52948.890625
2022-07-15,2807.36669921875,32121.73046875,1216.6724853515625,159.0,36963.8203125,25972.095703125,3821.650146484375,2229.7939453125,52948.890625
2022-07-18,2814.913330078125,32754.666015625,1232.3304443359375,156.0,36546.15234375,26240.771484375,3821.650146484375,2199.79638671875,52948.890625
2022-07-19,2814.913330078125,32833.7734375,1275.824462890625,153.0,36981.23046875,26240.771484375,4002.309326171875,2179.79833984375,52948.890625
2022-07-20,2814.913330078125,32833.7734375,1275.824462890625,153.0,36981.23046875,26240.771484375,4002.309326171875,2179.79833984375,52948.890625
2022-07-21,2820.950439453125,33229.375,1235.8099365234375,145.3000030517578,36424.3359375,26267.640625,4002.309326171875,2169.799072265625,52948.890625
2022-07-22,2801.328857421875,33229.375,1194.6356201171875,145.3000030517578,33509.33984375,25183.98046875,4064.845947265625,2124.80322265625,48957.3671875
2022-07-25,2881.323974609375,32754.666015625,1262.4862060546875,154.89999389648438,35406.26171875,26867.685546875,4064.845947265625,2049.81005859375,50097.80078125
2022-07-26,2867.73974609375,32754.666015625,1275.824462890625,161.0,35667.3125,26867.685546875,4064.845947265625,2009.814208984375,50097.80078125
2022-07-27,2792.27294921875,32754.666015625,1322.218017578125,169.0,35501.98046875,26867.685546875,4064.845947265625,2148.80126953125,50097.80078125
2022-07-28,2716.051513671875,33229.375,1318.15869140625,169.0,34805.8671875,27315.482421875,4064.845947265625,2229.7939453125,50097.80078125
2022-07-29,2671.526123046875,32833.7734375,1322.218017578125,169.0,34718.84375,27422.951171875,4064.845947265625,2199.79638671875,50097.80078125
2022-08-01,2626.24609375,33063.21484375,1304.8204345703125,169.0,33570.26171875,26419.892578125,4037.052001953125,2154.801025390625,47393.3359375
2022-08-02,2603.605712890625,33063.21484375,1333.8165283203125,169.0,32630.4921875,26733.34765625,4030.10302734375,2114.804443359375,46448.40625
2022-08-03,2627.000732421875,32327.435546875,1330.9168701171875,169.0,33065.5625,26581.095703125,4030.10302734375,2059.81005859375,47246.703125
2022-08-04,2667.7529296875,32082.162109375,1277.5643310546875,169.0,33935.71875,26867.685546875,4030.10302734375,2019.8131103515625,48061.3125
2022-08-05,2666.99755859375,32992.01171875,1304.8204345703125,169.0,35676.0078125,27216.96484375,4030.10302734375,2099.8056640625,47735.47265625
2022-08-08,2713.032958984375,34392.40625,1342.515380859375,169.0,35536.78515625,27897.61328125,4023.154296875,2098.8056640625,48061.3125
2022-08-09,2716.805908203125,34368.66796875,1354.113525390625,169.0,34878.7109375,27315.482421875,3898.083984375,2063.80908203125,47945.28515625
2022-08-10,2703.222412109375,33704.06640625,1345.4149169921875,169.0,34137.5234375,27584.16015625,3828.5986328125,2020.81298828125,45837.25390625
2022-08-11,2739.446533203125,33229.375,1357.0133056640625,169.0,34381.68359375,27763.275390625,3898.083984375,2009.814208984375,47128.22265625
2022-08-12,2703.97705078125,33039.484375,1361.6527099609375,169.0,33143.48828125,28031.953125,3891.1337890625,1959.8184814453125,45796.39453125
2022-08-15,2703.97705078125,33039.484375,1361.6527099609375,169.0,33143.48828125,28031.953125,3891.1337890625,1959.8184814453125,45796.39453125
2022-08-16,2703.97705078125,33039.484375,1361.6527099609375,169.0,33143.48828125,28031.953125,3907.180908203125,1959.8184814453125,45796.39453125
2022-08-17,2678.31787109375,33704.06640625,1316.4188232421875,169.0,32698.76953125,27763.275390625,3715.310791015625,1819.8316650390625,44938.48828125
2022-08-18,2653.41357421875,33640.77734375,1347.154541015625,169.0,33570.74609375,28022.99609375,3628.097412109375,1924.8218994140625,45755.53515625
2022-08-19,2640.58447265625,33229.375,1314.6793212890625,159.0,33570.74609375,27942.39453125,3614.14306640625,1914.82275390625,45469.58203125
2022-08-22,2622.47265625,32438.1953125,1332.6566162109375,159.0,33553.30859375,27458.775390625,3635.073974609375,1894.824462890625,45469.58203125
2022-08-23,2603.605712890625,31275.169921875,1397.6077880859375,159.0,33553.30859375,27351.3046875,3593.2109375,1879.826171875,44129.609375
2022-08-24,2520.5927734375,31172.306640625,1426.6036376953125,159.0,34425.27734375,28031.953125,3488.55517578125,1884.825439453125,44529.95703125
2022-08-25,2565.872314453125,31172.306640625,1426.6036376953125,159.0,33570.74609375,27763.275390625,3481.57763671875,1884.825439453125,44162.28515625
2022-08-26,2603.605712890625,31647.01171875,1402.2470703125,159.0,33570.74609375,27942.39453125,3481.57763671875,1959.8184814453125,45526.7734375
2022-08-29,2539.458984375,31567.90625,1433.5626220703125,151.0,33562.0234375,27763.275390625,3418.7841796875,1969.81787109375,44121.4375
2022-08-30,2489.65087890625,31409.669921875,1382.52978515625,151.0,33562.0234375,27763.275390625,3349.012451171875,1939.8206787109373,41670.24609375
2022-08-31,2488.896240234375,31647.01171875,1308.8800048828125,148.10000610351562,32262.806640625,27763.275390625,3314.12744140625,2079.8076171875,41670.24609375
2022-09-01,2471.53857421875,29194.375,1281.6236572265625,148.10000610351562,33474.83203125,27315.482421875,3314.12744140625,1947.81982421875,41670.24609375
2022-09-02,2442.862060546875,31251.4296875,1332.6566162109375,140.10000610351562,33134.7578125,27763.275390625,3314.12744140625,1969.81787109375,41670.24609375
2022-09-05,2452.672119140625,31235.6171875,1353.53369140625,140.3000030517578,33570.74609375,27763.275390625,3349.012451171875,1944.820068359375,41588.53515625
2022-09-06,2475.312255859375,30064.66796875,1354.693603515625,140.3000030517578,33553.30859375,27449.8203125,3349.012451171875,1954.819091796875,41662.0703125
2022-09-07,2490.40576171875,29273.49609375,1318.15869140625,140.3000030517578,33134.7578125,27575.203125,3349.012451171875,1929.821533203125,41645.703125
2022-09-08,2414.938720703125,28957.021484375,1299.021240234375,140.3000030517578,33309.15625,28610.615234375,3349.012451171875,1919.822509765625,41645.703125
2022-09-09,2405.1279296875,28957.021484375,1352.373779296875,140.3000030517578,33296.30859375,28109.31640625,3383.8984375,1919.822509765625,41767.0703125
2022-09-12,2460.218994140625,29273.49609375,1390.648681640625,140.3000030517578,34082.83203125,28164.00390625,3383.8984375,1919.822509765625,41783.48046875
2022-09-13,2475.312255859375,28324.087890625,1385.4293212890625,140.3000030517578,33296.30859375,27598.900390625,3362.966796875,1919.822509765625,40996.34375
2022-09-14,2403.619140625,28324.087890625,1391.228515625,140.3000030517578,32326.24609375,26304.6328125,3362.966796875,1909.8231201171875,40881.56640625
2022-09-15,2405.1279296875,27928.498046875,1336.7161865234375,140.3000030517578,32859.3359375,26979.109375,3294.263671875,1884.825439453125,40783.1640625
2022-09-16,2188.538330078125,26678.431640625,1333.8165283203125,140.3000030517578,31461.06640625,26031.1953125,3175.784423828125,1889.8251953125,38331.578125
2022-09-19,2218.72509765625,26678.431640625,1322.218017578125,140.3000030517578,32334.998046875,27070.255859375,3175.784423828125,1876.8265380859373,39266.296875
2022-09-20,2252.68505859375,26662.61328125,1288.0028076171875,140.3000030517578,32317.5078125,27143.169921875,3175.784423828125,1849.8289794921875,39356.484375
2022-09-21,2243.62890625,25736.93359375,1264.2259521484375,140.3000030517578,32317.5078125,27033.796875,3175.784423828125,1877.8262939453125,39356.484375
2022-09-22,2242.1201171875,25736.93359375,1281.0438232421875,140.0,32317.5078125,27270.775390625,3287.953369140625,1877.8262939453125,40086.22265625
2022-09-23,2233.063720703125,24724.232421875,1179.5576171875,140.0,32317.5078125,27343.693359375,3179.2900390625,1849.8289794921875,39471.265625
2022-09-26,2150.804443359375,22627.6171875,1142.44287109375,135.0,32317.5078125,27343.693359375,3182.795166015625,1844.8292236328125,37757.62890625
2022-09-27,2180.991455078125,22176.646484375,1170.8590087890625,135.0,32317.5078125,26432.236328125,3014.5419921875,1844.8292236328125,39520.484375
2022-09-28,2131.938232421875,22785.85546875,1195.2156982421875,135.0,32317.5078125,26268.173828125,2982.994384765625,1844.8292236328125,39741.85546875
2022-09-29,2126.655517578125,22350.7109375,1206.2340087890625,135.0,32317.5078125,27216.087890625,2982.994384765625,1794.8341064453125,39569.67578125
2022-09-30,2122.8818359375,22580.150390625,1202.7545166015625,144.0,32317.5078125,27334.578125,2930.415283203125,1794.8341064453125,40151.8203125
2022-10-03,2122.1279296875,23474.1796875,1264.2259521484375,144.0,32317.5078125,27343.693359375,2930.415283203125,1774.8359375,40988.13671875
2022-10-04,2186.274169921875,24138.767578125,1332.07666015625,144.0,32317.5078125,28255.1484375,2930.415283203125,1824.8310546875,42218.04296875
2022-10-05,2222.4990234375,24289.0859375,1348.314453125,144.0,32317.5078125,29157.490234375,3222.75537109375,1819.8316650390625,43349.53515625
2022-10-06,2230.045166015625,24289.0859375,1375.5706787109375,144.0,32317.5078125,29166.60546875,3238.880126953125,1818.831787109375,43693.9140625
2022-10-07,2237.591552734375,24209.970703125,1357.0133056640625,144.0,32317.5078125,28929.626953125,3238.880126953125,1799.8336181640625,43693.9140625
2022-10-10,2229.290283203125,24209.970703125,1309.4599609375,144.0,32317.5078125,28710.876953125,3294.964599609375,1814.83203125,43693.9140625
2022-10-11,2189.29296875,24209.970703125,1263.6461181640625,144.0,32392.205078125,29166.60546875,3294.964599609375,1814.83203125,43840.34765625
2022-10-12,2248.911865234375,24209.970703125,1254.367431640625,144.0,32392.205078125,28847.595703125,3312.490478515625,1809.83251953125,43840.34765625
2022-10-13,2259.9521484375,23141.884765625,1281.6236572265625,144.0,32392.205078125,28710.876953125,3330.017333984375,1809.8487548828125,43840.34765625
2022-10-14,2248.331298828125,23735.271484375,1252.627685546875,144.0,32392.205078125,28255.1484375,3462.292724609375,1774.851806640625,41141.96875
2022-10-17,2248.331298828125,23735.271484375,1252.627685546875,144.0,32392.205078125,28255.1484375,3462.292724609375,1774.851806640625,41141.96875
2022-10-18,2246.78125,23118.146484375,1304.8204345703125,123.0999984741211,32392.205078125,26887.96484375,3126.1826171875,1724.85595703125,41915.2734375
2022-10-19,2209.59326171875,22944.08984375,1341.935302734375,123.0999984741211,32392.205078125,26887.96484375,3252.676025390625,1749.853515625,45000.30859375
2022-10-20,2209.59326171875,22944.08984375,1341.935302734375,123.0999984741211,32392.205078125,26887.96484375,3252.676025390625,1749.853515625,45000.30859375
2022-10-21,2159.234130859375,22548.498046875,1364.5523681640625,123.5999984741211,50795.6875,25739.529296875,3256.290283203125,1724.85595703125,46069.77734375
2022-10-24,2100.353271484375,21361.73828125,1333.8165283203125,118.0,50375.23046875,24609.322265625,3165.937255859375,1692.858642578125,45247.11328125
2022-10-25,2107.325927734375,20966.146484375,1330.9168701171875,118.0,50305.16015625,24764.271484375,3165.937255859375,1689.8590087890625,46645.6640625
2022-10-26,2093.38037109375,20997.794921875,1332.07666015625,118.0,48176.62890625,24180.939453125,3039.44482421875,1679.8594970703125,46481.125
2022-10-27,2130.568359375,20570.5625,1345.4149169921875,118.0,48150.34375,24153.595703125,3035.830810546875,1659.8612060546875,46069.77734375
2022-10-28,2130.568359375,20570.5625,1397.6077880859375,118.0,46862.71875,23807.2421875,3115.34033203125,1666.8604736328125,46234.3203125
2022-10-31,2149.93701171875,20570.5625,1420.8043212890625,118.0,46433.51171875,23697.8671875,3144.253173828125,1679.8594970703125,46234.3203125
2022-11-01,2221.989501953125,21361.73828125,1481.696044921875,118.0,46424.75390625,24345.001953125,3152.20458984375,1669.8603515625,47682.24609375
2022-11-02,2228.961669921875,22152.91796875,1443.42138671875,118.0,46240.8046875,24326.771484375,3152.20458984375,1668.8604736328125,47682.24609375
2022-11-03,2246.78125,21812.70703125,1420.8043212890625,118.0,45548.8125,24153.595703125,3035.830810546875,1639.8631591796875,47682.24609375
2022-11-04,2246.78125,21607.005859375,1472.997314453125,105.0,46599.93359375,24335.88671875,3035.830810546875,1714.8565673828125,47542.375
2022-11-07,2246.78125,21607.005859375,1472.997314453125,105.0,46599.93359375,24335.88671875,3035.830810546875,1714.8565673828125,47542.375
2022-11-08,2208.04345703125,22469.392578125,1478.7967529296875,101.5,47060.7890625,24609.322265625,2999.690185546875,1694.8583984375,49513.00390625
2022-11-09,2195.6474609375,22295.328125,1392.388427734375,102.0,45613.1640625,24700.466796875,2999.690185546875,1694.8583984375,49463.46875
2022-11-10,2284.743896484375,23727.345703125,1507.2127685546875,108.9000015258789,45569.30859375,25065.052734375,2999.690185546875,1709.85693359375,49513.00390625
2022-11-11,2231.2861328125,23735.271484375,1383.109619140625,108.9000015258789,46490.5234375,25065.052734375,2949.0927734375,1719.856201171875,50453.7421875
2022-11-14,2231.2861328125,23735.271484375,1383.109619140625,108.9000015258789,46490.5234375,25065.052734375,2949.0927734375,1719.856201171875,50453.7421875
2022-11-15,2401.731689453125,23735.271484375,1455.019775390625,108.9000015258789,44656.875,25484.322265625,3016.696044921875,1749.853515625,52797.36328125
2022-11-16,2362.994384765625,24051.734375,1397.6077880859375,108.9000015258789,45700.90625,25384.0625,3016.696044921875,1749.853515625,52797.36328125
2022-11-17,2362.21923828125,23181.4453125,1449.8004150390625,108.9000015258789,50456.12109375,24973.904296875,3016.696044921875,1757.8533935546875,50750.8125
2022-11-18,2362.994384765625,23735.271484375,1431.822998046875,108.9000015258789,47903.046875,24527.291015625,2944.73095703125,1757.8533935546875,50660.03515625
2022-11-21,2351.37255859375,24526.4375,1381.369873046875,111.0,34128.7265625,24591.091796875,2949.092041015625,1799.8497314453125,50660.03515625
2022-11-22,2351.37255859375,24526.4375,1381.369873046875,111.0,34128.7265625,24591.091796875,2949.092041015625,1799.8497314453125,50660.03515625
2022-11-23,2362.994384765625,24922.0234375,1426.6036376953125,115.0999984741211,34391.9296875,24609.322265625,3087.933349609375,1799.8497314453125,51163.4296875
2022-11-24,2362.994384765625,24922.0234375,1426.6036376953125,115.0999984741211,34391.9296875,24609.322265625,3087.933349609375,1799.8497314453125,51163.4296875
2022-11-25,2362.994384765625,26884.1484375,1424.864013671875,110.3000030517578,34391.9296875,24609.322265625,3087.933349609375,1799.8497314453125,50338.203125
2022-11-28,2383.912353515625,26820.84765625,1410.9459228515625,112.0,34225.2265625,24162.708984375,3140.270751953125,1799.8497314453125,50338.203125
2022-11-29,2369.966796875,26192.537109375,1437.0421142578125,110.7300033569336,36234.34765625,24062.44921875,3271.115966796875,1886.8421630859373,50089.26171875
2022-11-30,2266.150146484375,25317.619140625,1328.0172119140625,120.0,38515.453125,23880.158203125,3416.498779296875,1709.85693359375,51328.46484375
2022-12-01,2254.52880859375,26899.96484375,1333.8165283203125,120.0,39041.859375,23761.669921875,3416.498779296875,1722.85595703125,51328.46484375
2022-12-02,2301.01416015625,26820.84765625,1337.8760986328125,125.0,39410.33984375,23701.9765625,3429.365478515625,1837.8465576171875,50338.203125
2022-12-05,2262.276611328125,26772.703125,1298.4412841796875,120.0,39480.54296875,23907.501953125,3271.115966796875,1799.8497314453125,49966.86328125
2022-12-06,2210.368408203125,26820.84765625,1304.8204345703125,117.06999969482422,40006.9375,23716.095703125,3322.52294921875,1799.8497314453125,49966.86328125
2022-12-07,2170.080810546875,26899.96484375,1299.021240234375,119.25,40761.4609375,23716.095703125,3439.890869140625,1837.8465576171875,51245.9375
2022-12-08,2170.080810546875,26899.96484375,1299.021240234375,119.25,40761.4609375,23716.095703125,3439.890869140625,1837.8465576171875,51245.9375
2022-12-09,2177.05322265625,26899.96484375,1272.9246826171875,119.23999786376952,41311.0546875,24518.177734375,3309.794677734375,1799.8497314453125,50648.421875
2022-12-12,2170.855712890625,26504.376953125,1283.943359375,119.8499984741211,41126.4765625,24427.033203125,3357.269775390625,1823.16748046875,50504.20703125
2022-12-13,2175.50390625,26741.73046875,1299.021240234375,112.0,39992.62109375,24427.033203125,3409.229736328125,1849.845458984375,50570.12109375
2022-12-14,2122.82080078125,25246.4140625,1274.0845947265625,118.01000213623048,38762.078125,24153.595703125,3343.80712890625,1799.8497314453125,50421.296875
2022-12-15,2084.858154296875,25278.05859375,1265.9656982421875,114.08000183105467,40335.4140625,24891.875,3361.3408203125,1739.8544921875,50317.37890625
2022-12-16,2014.3553466796875,25729.029296875,1244.5086669921875,112.0,37804.01171875,25065.052734375,3365.527099609375,1799.8497314453125,50317.37890625
2022-12-19,1967.8701171875,26892.060546875,1264.2259521484375,105.36000061035156,39544.34375,25247.341796875,3360.610107421875,1699.8580322265625,50482.91796875
2022-12-20,1975.6177978515625,27612.029296875,1293.2220458984375,112.44000244140624,39166.39453125,25192.654296875,3360.610107421875,1750.853515625,49032.49609375
2022-12-21,2051.543701171875,29273.49609375,1322.218017578125,108.9000015258789,37795.22265625,24527.291015625,3251.024658203125,1789.8505859375,50482.91796875
2022-12-22,2042.24658203125,29194.375,1309.4599609375,108.0,38900.7734375,24910.103515625,3273.657958984375,1799.8497314453125,50482.91796875
2022-12-23,2068.588134765625,29194.375,1309.4599609375,108.0,38753.28515625,25174.42578125,3328.275146484375,1759.853271484375,50648.421875
2022-12-26,2068.588134765625,28982.826171875,1345.9947509765625,108.23999786376952,38753.28515625,25420.51953125,3251.755615234375,1819.847900390625,50565.6875
2022-12-27,2145.288330078125,30064.66796875,1391.80859375,102.83000183105467,38876.33984375,25092.39453125,3272.94189453125,1819.847900390625,50482.91796875
2022-12-28,2115.073486328125,31647.01171875,1379.6302490234375,106.0,39113.65234375,25156.197265625,3273.6728515625,1819.847900390625,51498.37890625
2022-12-29,2153.811279296875,29273.49609375,1403.4068603515625,119.6999969482422,39113.65234375,25119.73828125,3331.3876953125,1849.845458984375,50482.91796875
2022-12-30,2153.811279296875,29273.49609375,1403.4068603515625,119.6999969482422,39113.65234375,25119.73828125,3331.3876953125,1849.845458984375,50482.91796875
2023-01-02,2153.811279296875,30463.419921875,1437.6221923828125,119.6999969482422,37355.74609375,24682.240234375,3332.118408203125,1888.842041015625,51310.49609375
2023-01-03,2168.53125,31567.90625,1380.2099609375,108.0,37355.74609375,24746.041015625,3305.796142578125,1899.84130859375,51798.77734375
2023-01-04,2161.55859375,31074.703125,1400.50732421875,109.91000366210938,39342.1875,24800.728515625,3360.610107421875,1948.8370361328125,50488.80859375
2023-01-05,2154.58544921875,31639.10546875,1455.599609375,108.11000061035156,38067.69921875,25292.916015625,3289.01513671875,1899.84130859375,50077.390625
2023-01-06,2207.26904296875,31567.90625,1534.468994140625,106.87000274658205,39975.03515625,26158.798828125,3305.635498046875,1999.8330078125,49822.37890625
2023-01-09,2207.26904296875,31567.90625,1534.468994140625,106.87000274658205,39975.03515625,26158.798828125,3305.635498046875,1999.8330078125,49822.37890625
2023-01-10,2246.78125,31330.55078125,1557.0858154296875,106.0,39627.453125,26432.236328125,3432.936767578125,2004.4024658203125,51271.76171875
2023-01-11,2295.590576171875,31647.01171875,1545.4871826171875,119.0,38790.86328125,26368.43359375,3377.961181640625,2099.824462890625,51794.6796875
2023-01-12,2314.959228515625,30934.958984375,1562.3050537109375,110.0999984741211,38746.84375,26249.9453125,3433.667236328125,2299.807861328125,50624.30859375
2023-01-13,2309.5908203125,30934.958984375,1573.903564453125,118.58999633789062,39601.0234375,25839.787109375,3429.5107421875,2199.83154296875,50369.15625
2023-01-16,2292.09375,30484.693359375,1565.784423828125,117.41999816894533,39187.1328125,25566.353515625,3291.206787109375,2225.600341796875,50632.6171875
2023-01-17,2298.45654296875,31567.90625,1575.0633544921875,112.12000274658205,38966.9921875,25456.978515625,3342.322265625,2199.83154296875,50632.6171875
2023-01-18,2306.409912109375,31647.01171875,1625.5162353515625,112.95999908447266,38782.06640625,24928.333984375,3539.405029296875,2220.83056640625,50632.6171875
2023-01-19,2306.409912109375,30612.75390625,1604.0592041015625,118.05999755859376,38746.84375,24773.384765625,3433.64892578125,2249.82763671875,51446.05859375
2023-01-20,2308.0009765625,31246.150390625,1594.2008056640625,108.62000274658205,39627.453125,24882.759765625,3539.405029296875,2308.8232421875,51354.7578125
2023-01-23,2264.258056640625,31647.01171875,1587.24169921875,112.62999725341795,39451.328125,24627.552734375,3533.582275390625,2334.821044921875,50225.90234375
2023-01-24,2201.42822265625,29692.822265625,1548.386962890625,111.38999938964844,39407.30078125,24180.939453125,3524.78466796875,2199.83154296875,50217.58984375
2023-01-25,2147.34716796875,28719.677734375,1544.9073486328125,111.86000061035156,39178.3359375,23424.4296875,3522.515625,2199.83154296875,50184.375
2023-01-26,2079.745361328125,28371.5546875,1561.7249755859375,118.79000091552734,38834.8984375,23242.138671875,3368.1630859375,2294.824462890625,50059.87890625
2023-01-27,2107.581298828125,29273.49609375,1511.8521728515625,110.36000061035156,39231.16796875,23050.734375,3268.391357421875,2249.82763671875,50632.6171875
2023-01-30,2077.359375,27952.2265625,1501.9932861328125,114.4800033569336,39601.0234375,23050.734375,3280.779052734375,2200.831298828125,50632.6171875
2023-01-31,2067.8154296875,28023.439453125,1547.806884765625,108.0,40331.9453125,23242.138671875,3341.14013671875,2289.82470703125,50632.6171875
2023-02-01,2016.1204833984373,28023.439453125,1492.1346435546875,109.88999938964844,39099.08203125,23333.283203125,3232.460693359375,2299.823974609375,50632.6171875
2023-02-02,2002.5997314453125,28482.31640625,1464.298583984375,107.87999725341795,40331.9453125,23424.4296875,3231.72705078125,2141.8359375,50217.58984375
2023-02-03,1989.8748779296875,28877.90234375,1471.2574462890625,118.6999969482422,39627.453125,23333.283203125,3269.44873046875,2149.835693359375,50632.6171875
2023-02-06,1964.424560546875,28862.08203125,1494.4544677734375,116.0,40499.25390625,23697.8671875,3216.827392578125,2139.836181640625,50093.08984375
2023-02-07,1983.51220703125,28482.31640625,1513.591796875,111.4499969482422,42621.52734375,23424.4296875,3229.802734375,1983.848388671875,50632.6171875
2023-02-08,1943.7464599609373,27422.150390625,1497.35400390625,110.41000366210938,44911.109375,22822.869140625,3194.2763671875,1989.847900390625,50632.6171875
2023-02-09,1892.8466796875,26662.61328125,1449.8004150390625,110.41000366210938,45859.609375,22877.556640625,3180.00146484375,1926.322509765625,50364.55859375
2023-02-10,1868.9874267578125,26108.794921875,1524.610107421875,110.41000366210938,44986.33984375,23059.84765625,3156.826416015625,1900.8544921875,50780.79296875
2023-02-13,1810.928955078125,26108.794921875,1514.75146484375,109.9800033569336,44933.41796875,22403.599609375,3150.2177734375,1939.8516845703125,50772.47265625
2023-02-14,1701.9713134765625,26108.794921875,1496.194091796875,110.0,44898.1328125,22786.41015625,3237.432373046875,1989.847900390625,48907.73828125
2023-02-15,1662.20556640625,25713.208984375,1504.89306640625,110.0,44492.37109375,23205.681640625,3100.302978515625,1989.847900390625,49823.44921875
2023-02-16,1705.94775390625,25130.10546875,1519.390869140625,110.0,44492.37109375,22786.41015625,3100.302978515625,1999.8470458984373,49781.83203125
2023-02-17,1724.2401123046875,24949.640625,1470.677490234375,107.0999984741211,44898.1328125,22777.296875,3103.462158203125,1998.84716796875,47728.3828125
2023-02-20,1777.5262451171875,25317.619140625,1479.376708984375,107.0999984741211,44986.33984375,22932.244140625,3041.249755859375,1869.85693359375,48392.0625
2023-02-21,1685.2696533203125,24684.671875,1500.83349609375,107.0999984741211,42768.078125,22786.41015625,3063.39453125,1949.8507080078125,47993.484375
2023-02-22,1728.2166748046875,24376.486328125,1470.677490234375,107.0999984741211,43897.49609375,23105.421875,3065.985595703125,1849.8585205078125,49115.86328125
2023-02-23,1775.9359130859375,23339.6796875,1514.75146484375,107.0999984741211,44977.5234375,22923.12890625,3067.808837890625,1895.4146728515625,46618.42578125
2023-02-24,1779.11669921875,22485.208984375,1519.390869140625,107.0999984741211,44968.703125,22786.41015625,3206.599365234375,1939.8516845703125,46478.1484375
2023-02-27,1920.6829833984373,22042.154296875,1557.0858154296875,107.0999984741211,44986.33984375,22786.41015625,3046.372314453125,1939.8516845703125,48266.734375
2023-02-28,1926.249755859375,19842.681640625,1564.624755859375,107.0999984741211,44809.921875,22786.41015625,3092.360595703125,1851.8583984375,48266.734375
2023-03-01,2028.0498046875,19739.830078125,1574.483154296875,107.0999984741211,44880.4921875,22786.41015625,3081.6572265625,1851.8583984375,47034.6796875
2023-03-02,1996.2371826171875,20174.9765625,1557.0858154296875,107.08000183105467,42957.5390625,23041.619140625,2952.669677734375,1992.84765625,47034.6796875
2023-03-03,2090.8798828125,20333.21875,1580.2823486328125,107.0999984741211,42578.25,22522.087890625,2952.669677734375,1992.84765625,47950.38671875
2023-03-06,2137.803466796875,20333.21875,1588.9814453125,107.0999984741211,46574.08984375,22759.06640625,3115.066650390625,1992.84765625,48275.05859375
2023-03-07,2131.440673828125,20333.21875,1557.0858154296875,111.0999984741211,50014.22265625,22321.568359375,3026.486328125,1992.84765625,48283.3671875
2023-03-08,2067.8154296875,21274.708984375,1555.345947265625,120.0,50631.67578125,22102.818359375,3144.593505859375,1992.84765625,47450.91015625
2023-03-09,1988.2838134765625,21717.771484375,1526.3499755859375,119.9000015258789,50353.66015625,21291.623046875,3144.593505859375,2299.823974609375,47127.73046875
2023-03-10,1948.5181884765625,21440.853515625,1478.7967529296875,115.0,50353.66015625,20872.353515625,3105.64013671875,2299.823974609375,46124.01953125
2023-03-13,1924.6590576171875,21330.078125,1427.7635498046875,115.29000091552734,50168.15234375,19960.896484375,3146.3720703125,2299.823974609375,47766.5703125
2023-03-14,2032.02685546875,21994.6796875,1439.36181640625,108.18000030517578,48586.87109375,19960.896484375,3156.488037109375,2289.82470703125,47967.25
2023-03-15,2147.34716796875,22152.91796875,1390.0687255859375,116.0,44169.8828125,19906.208984375,3117.123046875,2219.920654296875,49236.3046875
2023-03-16,2282.55078125,23545.37890625,1374.4110107421875,118.0,44169.8828125,19933.552734375,3070.80419921875,2249.82763671875,50939.86328125
2023-03-17,2265.053466796875,23545.37890625,1391.80859375,105.62999725341795,41519.6875,20963.498046875,3080.014404296875,2289.82470703125,50939.86328125
2023-03-20,2265.053466796875,23545.37890625,1391.80859375,105.62999725341795,41519.6875,20963.498046875,3080.014404296875,2289.82470703125,50939.86328125
2023-03-21,2226.87841796875,22944.08984375,1424.2840576171875,110.0,41077.99609375,20507.767578125,3014.70361328125,2289.82470703125,50362.55859375
2023-03-22,2171.20654296875,23339.6796875,1396.4478759765625,108.1999969482422,42570.93359375,20553.34375,2968.688720703125,2299.823974609375,50104.7890625
2023-03-23,2218.925537109375,23231.31640625,1329.177001953125,108.1999969482422,41484.35546875,19696.572265625,3006.984619140625,2202.8310546875,51758.25390625
2023-03-24,2187.11279296875,22777.939453125,1332.07666015625,104.7699966430664,41519.6875,20052.041015625,2971.316162109375,2229.919677734375,50939.86328125
2023-03-27,2226.87841796875,23347.59375,1356.433349609375,104.9800033569336,43551.5078125,20817.666015625,3117.123046875,1999.8470458984373,50939.86328125
2023-03-28,2237.2177734375,23735.271484375,1384.8492431640625,113.33999633789062,44169.8828125,21400.998046875,3116.97412109375,2051.19287109375,50939.86328125
2023-03-29,2266.643798828125,25096.0859375,1381.369873046875,104.7699966430664,43109.8125,21783.80859375,3116.22509765625,1999.8470458984373,50923.1640625
2023-03-30,2273.8017578125,25862.7109375,1403.98681640625,114.0,44169.8828125,21966.099609375,3117.123046875,2001.8468017578125,50939.86328125
2023-03-31,2306.409912109375,25242.8046875,1420.8043212890625,105.4800033569336,44169.8828125,21966.099609375,3049.763427734375,2176.29345703125,50939.86328125
2023-04-03,2346.175048828125,24740.5,1479.9564208984375,119.30999755859376,48586.87109375,21874.955078125,2968.688720703125,2099.839111328125,48994.13671875
2023-04-04,2322.316162109375,24816.939453125,1459.079345703125,107.0,48145.17578125,21432.70703125,3049.58544921875,2100.839111328125,49039.4921875
2023-04-05,2425.706787109375,25982.373046875,1472.997314453125,108.66999816894533,49470.26953125,21609.60546875,3146.06787109375,2199.83154296875,50104.7890625
2023-04-06,2425.706787109375,25982.373046875,1472.997314453125,108.66999816894533,49470.26953125,21609.60546875,3146.06787109375,2199.83154296875,50104.7890625
2023-04-07,2425.706787109375,25982.373046875,1472.997314453125,108.66999816894533,49470.26953125,21609.60546875,3146.06787109375,2199.83154296875,50104.7890625
2023-04-10,2461.495849609375,25559.57421875,1460.819091796875,113.5999984741211,50353.66015625,20483.0390625,3102.279541015625,2194.83203125,50104.7890625
2023-04-11,2478.99267578125,27115.1640625,1496.194091796875,112.0,52923.8515625,20110.619140625,3180.2080078125,2199.83154296875,49001.6171875
2023-04-12,2457.519287109375,25926.537109375,1496.194091796875,108.70999908447266,53092.0078125,20017.513671875,3182.375244140625,2198.83154296875,50293.22265625
2023-04-13,2455.928466796875,26907.76171875,1486.3355712890625,112.0,53012.3515625,20315.44921875,3183.918701171875,2179.833251953125,50278.25
2023-04-14,2504.562744140625,27282.693359375,1484.595458984375,115.83000183105467,53968.17578125,20669.248046875,3183.918701171875,2175.83349609375,49548.140625
2023-04-17,2418.28271484375,29516.369140625,1482.2760009765625,111.37000274658205,53092.0078125,20715.80078125,3091.147216796875,2194.83203125,50094.73828125
2023-04-18,2417.468505859375,29277.0390625,1479.9564208984375,104.8000030517578,53330.9609375,20566.833984375,3046.61669921875,2101.8388671875,50387.1875
2023-04-19,2477.702392578125,28160.20703125,1475.8970947265625,105.01000213623048,52914.99609375,20296.828125,3109.701416015625,2099.839111328125,51116.2109375
2023-04-20,2456.6044921875,28391.546875,1461.3988037109375,107.7699966430664,52198.14453125,20017.513671875,3067.6572265625,2037.7110595703125,50351.125
2023-04-21,2433.748291015625,27131.119140625,1459.92626953125,106.0,51808.73828125,20073.376953125,3103.199951171875,2012.8626708984373,50328.52734375
2023-04-24,2409.329345703125,26804.048828125,1500.8294677734375,107.93000030517578,50490.0625,20073.376953125,3117.123046875,1999.86376953125,51116.2109375
2023-04-25,2401.18994140625,27327.443359375,1406.4376220703125,105.51000213623048,48826.23828125,19980.2734375,3117.123046875,1981.9549560546875,50295.0078125
2023-04-26,2417.468505859375,26611.89453125,1382.525146484375,105.0,49525.3984375,19980.2734375,3117.123046875,1999.86376953125,51116.2109375
2023-04-27,2295.37451171875,27415.87890625,1376.861572265625,104.33999633789062,51313.125,19551.9921875,3087.436279296875,1999.86376953125,52658.08984375
2023-04-28,2376.77099609375,27496.27734375,1439.7894287109375,105.0,53357.515625,19645.09765625,3169.074951171875,1999.86376953125,52708.36328125
2023-05-01,2376.77099609375,27496.27734375,1439.7894287109375,105.0,53357.515625,19645.09765625,3169.074951171875,1999.86376953125,52708.36328125
2023-05-02,2360.49169921875,29345.439453125,1304.4947509765625,105.0,53499.1171875,18993.36328125,3117.865478515625,2029.861328125,51200.01953125
2023-05-03,2359.677978515625,29739.390625,1286.8748779296875,103.8000030517578,53977.02734375,19011.984375,3124.545166015625,1983.864990234375,51200.01953125
2023-05-04,2336.072998046875,29739.390625,1252.264404296875,110.0,55747.0546875,18807.154296875,3136.961669921875,1998.8638916015625,53630.125
2023-05-05,2283.165283203125,29739.390625,1309.5286865234375,107.91999816894533,54782.38671875,18350.94140625,3063.68701171875,2089.857421875,53638.5078125
2023-05-08,2285.60693359375,29747.4375,1296.31396484375,107.7699966430664,55729.35546875,18518.529296875,3065.1708984375,2149.853515625,53638.5078125
2023-05-09,2197.69921875,28750.5,1313.3045654296875,109.77999877929688,55405.0078125,18434.734375,3112.425048828125,2150.853515625,55154.2890625
2023-05-10,2233.02490234375,29039.9296875,1308.2703857421875,105.37999725341795,55121.328125,18499.908203125,3080.014404296875,2151.93359375,53812.53515625
2023-05-11,2170.024169921875,29417.806640625,1315.1923828125,105.0,53179.9375,18043.6953125,3091.88916015625,2086.727783203125,53812.53515625
2023-05-12,2197.69921875,29337.40234375,1337.217041015625,103.5,53126.75390625,18146.111328125,3117.123046875,2129.104736328125,53812.53515625
2023-05-15,2242.3037109375,29176.611328125,1314.5628662109375,102.22000122070312,54039.828125,18155.419921875,3150.69189453125,2016.792236328125,56933.57421875
2023-05-16,2178.106689453125,29175.890625,1298.8309326171875,102.22000122070312,54518.53125,17689.896484375,3117.123046875,2147.853515625,55065.16796875
2023-05-17,2193.629150390625,28133.091796875,1324.002197265625,102.87000274658205,54084.15234375,17671.275390625,3135.23193359375,2009.7130126953125,55065.16796875
2023-05-18,2197.69921875,28935.41015625,1329.665771484375,103.77999877929688,54066.421875,17689.896484375,3128.7900390625,2116.855712890625,55065.16796875
2023-05-19,2197.69921875,28139.4609375,1343.510009765625,100.88999938964844,52621.4609375,17689.896484375,3119.4609375,2065.23876953125,55065.16796875
2023-05-22,2197.69921875,28139.4609375,1343.510009765625,100.88999938964844,52621.4609375,17689.896484375,3119.4609375,2065.23876953125,55065.16796875
2023-05-23,2220.490234375,28911.29296875,1334.699951171875,95.33999633789062,53171.0859375,17596.791015625,3117.123046875,2032.2913818359373,55065.16796875
2023-05-24,2105.721435546875,27182.724609375,1330.92431640625,92.77999877929688,51238.5546875,17596.791015625,3108.973876953125,2030.861328125,55065.16796875
2023-05-25,2116.302978515625,27346.265625,1312.675048828125,92.55999755859376,51238.5546875,17224.373046875,3114.369384765625,1999.86376953125,56166.48046875
2023-05-26,2115.48876953125,27450.994140625,1299.4603271484375,92.5,51238.5546875,17067.07421875,3080.7568359375,1999.86376953125,57166.875
2023-05-29,2122.399658203125,28195.021484375,1296.31396484375,100.88999938964844,51238.5546875,16945.060546875,3094.650390625,2048.099853515625,57166.875
2023-05-30,2117.116943359375,27992.466796875,1268.6256103515625,100.0,51238.5546875,16665.74609375,3117.123046875,1999.86376953125,58007.57421875
2023-05-31,2197.69921875,27384.8125,1281.211181640625,95.87000274658205,51238.5546875,16488.845703125,2968.688720703125,1949.866943359375,58932.33984375
2023-06-01,2189.5595703125,26331.564453125,1298.8309326171875,100.0500030517578,51238.5546875,17410.58203125,2968.688720703125,1910.86962890625,58848.26171875
2023-06-02,2311.65380859375,26696.150390625,1331.553466796875,100.0,51238.5546875,17941.28125,3096.342041015625,1949.866943359375,60109.29296875
2023-06-05,2279.095703125,27182.267578125,1315.1923828125,99.98999786376952,51238.5546875,18146.111328125,3042.90576171875,1949.866943359375,60109.29296875
2023-06-06,2311.65380859375,27862.83984375,1348.5439453125,99.97000122070312,51238.5546875,18844.396484375,3127.51318359375,1925.8687744140625,63892.40234375
2023-06-07,2262.816162109375,27684.59375,1365.53466796875,95.0,51238.5546875,19179.57421875,3217.31640625,1949.866943359375,63051.69921875
2023-06-08,2258.74609375,27170.990234375,1366.1636962890625,99.93000030517578,51377.3984375,19030.60546875,3235.87109375,1949.866943359375,62524.87109375
2023-06-09,,,,,51377.3984375,,,,
2023-06-12,,,,,51377.3984375,,,,
2023-06-13,2345.02587890625,27229.173828125,1342.8804931640625,95.0,51377.3984375,19365.783203125,3264.072998046875,1899.8704833984373,63209.359375
2023-06-14,2279.095703125,26736.662109375,1348.5439453125,94.97000122070312,51377.3984375,19086.46875,3319.684326171875,1921.868896484375,63209.359375
2023-06-15,2327.933349609375,26493.59765625,1354.8367919921875,95.0,51377.3984375,19086.46875,3355.986328125,1904.8702392578125,63141.8984375
2023-06-16,2230.258056640625,26250.5390625,1384.4130859375,90.8499984741211,51359.62109375,19002.673828125,3568.390625,1904.8702392578125,59188.16796875
2023-06-19,2230.258056640625,26250.5390625,1384.4130859375,90.8499984741211,51359.62109375,19002.673828125,3568.390625,1904.8702392578125,59188.16796875
2023-06-20,2235.954833984375,26250.57421875,1342.8804931640625,92.2300033569336,50630.73046875,18993.36328125,3651.807861328125,1896.240478515625,59179.7421875
2023-06-21,2226.188232421875,25926.458984375,1374.9736328125,94.9000015258789,48861.85546875,18714.048828125,3629.408447265625,1899.8704833984373,61169.84375
2023-06-22,2230.258056640625,26893.841796875,1351.6905517578125,94.31999969482422,47999.640625,18890.947265625,3607.009033203125,1899.8704833984373,61489.59375
2023-06-23,2185.489501953125,25278.298828125,1346.65625,94.8000030517578,47701.25,18620.9453125,3591.183349609375,1899.8704833984373,61481.17578125
2023-06-26,2191.830078125,26542.208984375,1374.9736328125,92.1999969482422,47644.0859375,18360.251953125,3379.783203125,1884.871337890625,59978.6015625
2023-06-27,2181.41943359375,26747.203125,1346.65625,91.76000213623048,47092.984375,18788.533203125,3543.67431640625,1888.87109375,61540.203125
2023-06-28,2197.69921875,25317.966796875,1352.948974609375,90.0,45634.0,18620.9453125,3293.58544921875,1849.8739013671875,61540.203125
2023-06-29,2181.41943359375,26583.8671875,1354.8367919921875,90.0,46604.09765625,18620.9453125,3398.46728515625,1834.8748779296875,60459.734375
2023-06-30,2181.41943359375,26286.970703125,1346.65625,85.30000305175781,46604.09765625,18257.8359375,3307.4580078125,1849.8739013671875,59019.5625
2023-07-03,2181.41943359375,26286.970703125,1346.65625,85.30000305175781,46604.09765625,18257.8359375,3307.4580078125,1849.8739013671875,59019.5625
2023-07-04,2165.140869140625,25881.490234375,1344.7684326171875,90.0,47110.765625,18248.525390625,3291.75537109375,1825.8753662109373,59355.43359375
2023-07-05,2187.117431640625,24501.2578125,1344.7684326171875,90.0,47101.87109375,17503.6875,3398.46728515625,1849.8739013671875,59019.5625
2023-07-06,2189.5595703125,24501.2578125,1340.3636474609375,90.0,46070.76953125,17503.6875,3398.46728515625,1832.8748779296875,58421.01171875
2023-07-07,2181.41943359375,24493.08984375,1359.2418212890625,89.0999984741211,46932.984375,17680.587890625,3536.722900390625,1833.8748779296875,60688.73046875
2023-07-10,2197.69921875,24092.904296875,1357.35400390625,87.30000305175781,46230.76171875,18006.453125,3402.329345703125,1839.874755859375,58168.1171875
2023-07-11,2220.490234375,24174.568359375,1393.222900390625,90.0,47205.26953125,18248.525390625,3402.329345703125,1834.8748779296875,60330.2265625
2023-07-12,2244.908935546875,24174.568359375,1407.0670166015625,89.26000213623047,46751.0234375,18471.9765625,3653.3515625,1860.8731689453125,59188.69921875
2023-07-13,2288.976318359375,24974.94921875,1407.0670166015625,90.0,47205.26953125,18620.9453125,3653.3515625,1873.872314453125,59188.69921875
2023-07-14,2272.267578125,25056.619140625,1363.646728515625,89.93000030517578,46314.60546875,18471.9765625,3630.18115234375,1904.2001953125,59180.24609375
2023-07-17,2238.851806640625,24901.44140625,1363.0174560546875,90.0,46314.60546875,18471.9765625,3637.904541015625,1913.869384765625,59188.69921875
2023-07-18,2215.46142578125,24925.947265625,1375.60302734375,85.0,45678.5390625,18555.76953125,3634.04296875,1914.8692626953125,59180.24609375
2023-07-19,2238.851806640625,25399.63671875,1372.45654296875,85.0,45869.26171875,18807.154296875,3629.408447265625,1911.8870849609373,59095.6953125
2023-07-20,2238.851806640625,25399.63671875,1372.45654296875,85.0,45869.26171875,18807.154296875,3629.408447265625,1911.8870849609373,59095.6953125
2023-07-21,2255.560302734375,25154.625,1379.3787841796875,84.16999816894531,46314.60546875,18993.36328125,3594.380859375,1883.9886474609373,56652.05859375
2023-07-24,2238.851806640625,24827.94140625,1396.369140625,85.0,46314.60546875,18723.359375,3630.18115234375,1901.8875732421875,59180.24609375
2023-07-25,2213.790283203125,25130.12109375,1411.4718017578125,85.0,45602.0625,18620.9453125,3630.18115234375,1901.8875732421875,59180.24609375
2023-07-26,2188.728759765625,24999.15625,1399.5157470703125,85.0,46074.1171875,18620.9453125,3630.18115234375,1879.8890380859373,56652.05859375
2023-07-27,2213.790283203125,24875.595703125,1383.78369140625,85.0,45272.52734375,18490.59765625,3630.18115234375,1899.8878173828125,56660.50390625
2023-07-28,2213.790283203125,24859.12890625,1388.1885986328125,84.9000015258789,45423.9375,18434.734375,3630.18115234375,1897.8878173828125,56652.05859375
2023-07-31,2213.790283203125,24859.12890625,1388.1885986328125,84.9000015258789,45423.9375,18434.734375,3630.18115234375,1897.8878173828125,56652.05859375
2023-08-01,2205.436767578125,25172.12890625,1441.048095703125,84.9000015258789,45869.26171875,18714.048828125,3495.786376953125,1884.8885498046875,57074.8125
2023-08-02,2165.530029296875,25155.138671875,1422.855712890625,84.88999938964844,45546.671875,18586.8203125,3622.990234375,1892.34814453125,56307.74609375
2023-08-03,2172.02099609375,24957.96875,1466.2191162109375,83.0,45619.8828125,18527.83984375,3630.18115234375,1899.8878173828125,57074.8125
2023-08-04,2172.02099609375,24957.96875,1466.2191162109375,83.0,45619.8828125,18527.83984375,3630.18115234375,1899.8878173828125,57074.8125
2023-08-07,2172.02099609375,24957.96875,1466.2191162109375,83.0,45619.8828125,18527.83984375,3630.18115234375,1899.8878173828125,57074.8125
2023-08-08,2138.605224609375,25122.708984375,1488.243896484375,83.0,45031.12890625,18350.94140625,3581.66796875,1925.8863525390625,55803.953125
2023-08-09,2159.48974609375,24299.017578125,1437.2724609375,85.0,45838.9765625,18620.9453125,3651.807861328125,1924.8863525390625,57254.39453125
2023-08-10,2096.835693359375,24529.64453125,1428.46240234375,85.0999984741211,45963.92578125,18434.734375,3553.715087890625,1924.8863525390625,57466.44921875
2023-08-11,2159.48974609375,24307.25,1447.3408203125,85.0,45946.08203125,18062.31640625,3629.408447265625,1946.885009765625,56830.3046875
2023-08-14,2130.2509765625,23887.16796875,1431.60888671875,85.0,44625.16796875,18062.31640625,3629.408447265625,1919.88671875,56830.3046875
2023-08-15,2129.41552734375,24397.853515625,1425.3160400390625,85.0,45963.92578125,16982.302734375,3635.587890625,1919.88671875,57245.9140625
2023-08-16,2172.02099609375,24381.37890625,1451.745849609375,85.0,46410.18359375,17634.033203125,3634.04296875,1916.88671875,56406.18359375
2023-08-17,2130.2509765625,23508.265625,1445.4530029296875,85.0,46401.25390625,17634.033203125,3634.04296875,1916.88671875,57373.1640625
2023-08-18,2096.835693359375,24257.830078125,1466.2191162109375,81.3499984741211,46231.6796875,17224.373046875,3630.18115234375,1912.8868408203125,57339.21484375
2023-08-21,2096.835693359375,24257.830078125,1466.2191162109375,81.3499984741211,46231.6796875,17224.373046875,3630.18115234375,1912.8868408203125,57339.21484375
2023-08-22,2155.313232421875,24257.830078125,1462.443603515625,85.0,46410.18359375,16554.01953125,3630.18115234375,1889.8883056640625,56406.18359375
2023-08-23,2090.98779296875,23911.875,1453.6336669921875,85.0,46231.6796875,16647.125,3591.561279296875,1855.4005126953125,55133.87890625
2023-08-24,2088.4814453125,23228.2109375,1449.85791015625,85.0,46178.12890625,17196.44140625,3591.561279296875,1889.8883056640625,55557.97265625
2023-08-25,2130.2509765625,23071.708984375,1453.6336669921875,86.16999816894531,46410.18359375,16851.955078125,3552.94287109375,1880.8890380859373,54836.9921875
2023-08-28,2105.189453125,23283.1640625,1475.658203125,80.19999694824219,44923.4609375,16572.640625,3552.94287109375,1817.87255859375,53018.20703125
2023-08-29,2075.950927734375,22548.72265625,1503.975830078125,82.02999877929688,46410.18359375,16572.640625,3470.267822265625,1879.8890380859373,55133.87890625
2023-08-30,2073.444091796875,22049.859375,1535.4398193359375,84.0999984741211,45544.4453125,17112.646484375,3552.94287109375,1878.8890380859373,52207.5234375
2023-08-31,2046.7119140625,21326.509765625,1483.2095947265625,83.41999816894531,44455.59765625,17112.646484375,3406.19140625,1870.8896484375,50120.92578125
2023-09-01,2046.7119140625,22033.232421875,1500.8294677734375,83.94999694824219,45919.30859375,16972.990234375,3474.9326171875,1813.3828125,50120.92578125
2023-09-04,1948.1356201171875,22290.984375,1491.390380859375,83.94999694824219,44268.9140625,16888.841796875,3474.9326171875,1770.9954833984375,51124.4609375
2023-09-05,1979.8802490234373,21376.39453125,1520.3370361328125,80.0,45901.453125,16572.640625,3321.22900390625,1847.8907470703125,48424.49609375
2023-09-06,1934.769287109375,20993.93359375,1523.4835205078125,85.0,44982.171875,16544.708984375,3305.009765625,1847.8907470703125,43598.1640625
2023-09-07,1871.2791748046875,20777.75390625,1500.8294677734375,84.5,44884.0,16290.7646484375,3321.22900390625,1838.8916015625,45862.890625
2023-09-08,1862.9254150390625,21284.935546875,1528.517822265625,85.0,44991.1015625,16290.7646484375,3321.22900390625,1834.8916015625,43937.44921875
2023-09-11,1879.63330078125,21534.3671875,1507.7515869140625,82.38999938964844,43702.53515625,16194.9365234375,3386.719482421875,1781.8048095703125,42580.8203125
2023-09-12,1946.4649658203125,21617.5078125,1543.6204833984375,82.38999938964844,43420.953125,15907.4521484375,3390.742919921875,1898.8878173828125,42580.8203125
2023-09-13,1913.0491943359373,20420.240234375,1515.93212890625,82.38999938964844,43152.3828125,15332.484375,3321.22900390625,1816.9625244140625,41729.203125
2023-09-14,1837.8638916015625,20453.498046875,1545.50830078125,85.0,41702.0234375,15332.484375,3359.84814453125,1898.8878173828125,39855.640625
2023-09-15,1846.2177734375,20769.4453125,1517.1907958984375,70.61000061035156,41361.8203125,15150.4111328125,3342.61474609375,1806.8731689453125,40877.58203125
2023-09-18,1927.2508544921875,21218.421875,1536.698486328125,75.48999786376953,43868.6015625,15763.7099609375,3322.0517578125,1898.8878173828125,41328.9375
2023-09-19,1979.8802490234373,20578.20703125,1566.2744140625,85.0,43062.84765625,16003.2802734375,3322.0517578125,1898.8878173828125,41780.296875
2023-09-20,1967.349853515625,20786.07421875,1581.3770751953125,80.0,43152.3828125,15715.7958984375,3289.080810546875,1829.8917236328125,42654.37109375
2023-09-21,1921.40283203125,20786.07421875,1553.0594482421875,85.0,43152.3828125,15572.0546875,3289.080810546875,1829.8917236328125,41780.296875
2023-09-22,1941.81982421875,20786.07421875,1593.8709716796875,61.0,42172.16015625,15524.140625,3297.122314453125,1806.8931884765625,42921.46875
2023-09-25,1921.40283203125,21102.021484375,1617.1290283203125,80.0,43626.62890625,15725.37890625,3297.122314453125,1797.893798828125,43727.1875
2023-09-26,2071.77392578125,21002.048828125,1578.1375732421875,80.0,43186.734375,15696.630859375,3297.122314453125,1796.8939208984375,42580.8203125
2023-09-27,2121.061767578125,21002.048828125,1607.55224609375,85.0,44745.97265625,16194.9365234375,3349.393798828125,1796.8939208984375,44624.69921875
2023-09-28,2172.02099609375,21548.103515625,1595.9232177734375,85.0,44763.875,16568.666015625,3482.0830078125,1779.894775390625,45476.3125
2023-09-29,2154.4775390625,21170.064453125,1617.8131103515625,80.0,44334.14453125,16769.904296875,3367.085693359375,1798.893798828125,45135.67578125
2023-10-02,2088.4814453125,21402.197265625,1588.3983154296875,80.0,45498.0078125,16568.666015625,3378.810546875,1796.4239501953125,45144.203125
2023-10-03,2072.609130859375,21002.048828125,1624.65380859375,85.0,43886.50390625,16099.1083984375,3371.107177734375,1759.896240234375,44752.44921875
2023-10-04,2005.7783203125,21069.25390625,1581.5577392578125,78.12999725341797,45462.19140625,15485.8095703125,3400.0087890625,1784.894775390625,46100.3203125
2023-10-05,2004.942626953125,21077.658203125,1587.71435546875,73.5999984741211,46375.37890625,15524.140625,3439.855712890625,1770.8955078125,43943.42578125
2023-10-06,2001.6011962890625,21002.244140625,1613.708740234375,68.26000213623047,45659.16015625,15342.0673828125,3405.855224609375,1764.8956298828125,44284.05859375
2023-10-09,2004.942626953125,21077.658203125,1696.4805908203125,80.0,45659.16015625,15342.0673828125,3371.107177734375,1764.8956298828125,44284.05859375
2023-10-10,2004.10693359375,21222.7421875,1698.5328369140625,77.0,42876.875,15524.140625,3377.854248046875,1776.8948974609375,44230.30859375
2023-10-11,2004.942626953125,21094.45703125,1714.950439453125,77.0,45752.56640625,15524.140625,3465.195556640625,1769.8955078125,44033.5390625
2023-10-12,2014.1956787109373,21413.6875,1737.524658203125,79.91999816894531,44837.51953125,15754.1279296875,3457.957763671875,1779.894775390625,44267.828125
2023-10-13,2065.841552734375,21413.6875,1768.3076171875,77.0,44855.45703125,15811.6240234375,3457.957763671875,1779.894775390625,44033.5390625
2023-10-16,2065.841552734375,21413.6875,1768.3076171875,77.0,44855.45703125,15811.6240234375,3457.957763671875,1779.894775390625,44033.5390625
2023-10-17,2091.664306640625,21430.48828125,1782.6728515625,77.0,44846.48828125,15811.6240234375,3408.903076171875,1784.894775390625,43452.12890625
2023-10-18,2151.918212890625,21758.119140625,1809.351318359375,76.37000274658203,44756.7734375,15773.29296875,3409.70703125,1887.888427734375,43700.078125
2023-10-19,2161.386474609375,21758.119140625,1791.565673828125,77.0,43976.2890625,15811.6240234375,3408.098876953125,1902.8875732421875,43828.33203125
2023-10-20,2212.172119140625,21422.09375,1761.4669189453125,77.0,43859.66796875,15629.55078125,3377.540283203125,1834.908447265625,43691.5234375
2023-10-23,2160.52587890625,21220.46484375,1727.263671875,76.47000122070312,44541.46875,15476.2265625,3417.748779296875,1826.90869140625,43360.30078125
2023-10-24,2170.855224609375,21405.29296875,1723.8431396484375,77.0,44541.46875,15687.0478515625,3417.748779296875,1806.9097900390625,43691.5234375
2023-10-25,2134.703125,20960.048828125,1738.892578125,77.0,44182.625,15730.66796875,3396.028564453125,1798.3502197265625,43329.921875
2023-10-26,2065.841552734375,21181.6171875,1693.060302734375,77.0,43240.66796875,15476.2265625,3417.748779296875,1747.9127197265625,43435.03125
2023-10-27,2069.28466796875,21224.068359375,1689.6400146484375,78.69999694824219,44048.0625,15619.96875,3407.294921875,1781.9111328125,43352.3671875
2023-10-30,2062.3984375,21224.068359375,1638.3350830078125,78.69999694824219,44667.0625,15332.484375,3407.294921875,1778.9112548828125,43435.03125
2023-10-31,2090.29638671875,21139.1796875,1657.48876953125,72.25,43517.0234375,15332.484375,3416.94482421875,1747.9127197265625,43204.17578125
2023-11-01,2048.6259765625,21224.068359375,1696.4805908203125,78.69999694824219,44828.54296875,15140.828125,3297.122314453125,1714.914306640625,43537.62109375
2023-11-02,2085.6396484375,21139.1796875,1696.4805908203125,78.69999694824219,44649.12109375,15332.484375,3297.122314453125,1749.91259765625,43503.42578125
2023-11-03,2027.107177734375,21020.318359375,1682.79931640625,78.69999694824219,43393.171875,15045.0,3297.122314453125,1779.9111328125,43503.42578125
2023-11-06,2027.107177734375,21020.318359375,1682.79931640625,78.69999694824219,43393.171875,15045.0,3297.122314453125,1779.9111328125,43503.42578125
2023-11-07,2054.651611328125,20867.505859375,1600.7115478515625,78.69999694824219,43671.26953125,14757.515625,3297.122314453125,1772.9117431640625,43503.42578125
2023-11-08,2048.6259765625,20867.505859375,1597.2911376953125,78.5,43764.87890625,14949.171875,3297.122314453125,1769.9117431640625,43681.13671875
2023-11-09,2074.449462890625,20884.48828125,1607.55224609375,78.5,43764.87890625,15217.490234375,3297.122314453125,1749.91259765625,43681.13671875
2023-11-10,2108.8798828125,21037.302734375,1607.55224609375,78.5,43423.25,15198.3251953125,3297.122314453125,1759.912353515625,42496.390625
2023-11-13,2108.8798828125,21037.302734375,1607.55224609375,78.5,43423.25,15198.3251953125,3297.122314453125,1759.912353515625,42496.390625
2023-11-14,2108.8798828125,21037.302734375,1621.233642578125,78.5,43153.54296875,15102.4970703125,3297.122314453125,1734.9132080078125,42925.640625
2023-11-15,2048.6259765625,20714.705078125,1638.3350830078125,78.5,43153.54296875,14891.67578125,3268.976318359375,1724.9140625,42925.640625
2023-11-16,2104.576171875,20629.796875,1638.3350830078125,78.5,43764.87890625,14891.67578125,3268.976318359375,1724.9140625,42238.83203125
2023-11-17,2121.7919921875,20341.150390625,1696.4805908203125,78.5,43135.5546875,15140.828125,3268.976318359375,1699.915283203125,42238.83203125
2023-11-20,2117.48779296875,20375.11328125,1710.161865234375,78.5,43135.5546875,14872.509765625,3297.122314453125,1689.9158935546875,42067.12890625
2023-11-21,2108.8798828125,20375.11328125,1740.9449462890625,78.5,43153.54296875,15102.4970703125,3297.122314453125,1689.9158935546875,40727.84375
2023-11-22,2108.8798828125,20375.11328125,1720.4229736328125,78.5,43567.09765625,14968.337890625,3297.122314453125,1689.9158935546875,41723.7265625
2023-11-23,2121.7919921875,20375.11328125,1710.161865234375,78.5,43872.76953125,14968.337890625,3297.122314453125,1689.9158935546875,41706.55859375
2023-11-24,2151.918212890625,20646.775390625,1761.4669189453125,78.5,43872.76953125,14949.171875,3321.248046875,1679.9161376953125,41706.55859375
2023-11-27,2147.614501953125,20596.150390625,1723.8431396484375,78.5,43567.09765625,14949.171875,3301.143310546875,1679.9161376953125,41277.29296875
2023-11-28,2104.576171875,20596.150390625,1737.524658203125,78.5,44052.57421875,14700.01953125,3301.143310546875,1679.9161376953125,41380.3125
2023-11-29,2117.48779296875,21025.23046875,1734.1043701171875,78.5,44052.57421875,15332.484375,3313.2060546875,1674.91650390625,41895.4296875
2023-11-30,2065.841552734375,21008.0703125,1723.8431396484375,78.5,44933.62890625,14757.515625,3313.2060546875,1674.91650390625,42067.12890625
2023-12-01,2100.2724609375,20990.908203125,1740.9449462890625,78.5,44933.62890625,14910.8408203125,3353.414794921875,1699.915283203125,42925.640625
2023-12-04,2113.18359375,20681.962890625,1740.9449462890625,78.5,44933.62890625,15198.3251953125,3389.60302734375,1724.9140625,42084.296875
2023-12-05,2130.399169921875,20681.962890625,1720.4229736328125,78.5,44933.62890625,15121.662109375,3389.60302734375,1709.9146728515625,42015.62109375
2023-12-06,2104.576171875,20596.150390625,1679.3790283203125,78.5,46300.1484375,15025.8349609375,3329.289306640625,1699.915283203125,41740.89453125
2023-12-07,2104.576171875,20596.150390625,1686.2198486328125,78.5,44933.62890625,15159.994140625,3329.289306640625,1719.9140625,42668.08203125
2023-12-08,2104.576171875,20596.150390625,1686.2198486328125,78.5,44933.62890625,15159.994140625,3329.289306640625,1719.9140625,42668.08203125
2023-12-11,2126.09521484375,20596.150390625,1717.00244140625,78.5,44190.68359375,14891.67578125,3329.289306640625,1699.915283203125,44122.46484375
2023-12-12,2160.52587890625,21025.23046875,1682.79931640625,78.5,44190.68359375,15217.490234375,3333.310302734375,1684.916015625,45432.859375
2023-12-13,2349.894775390625,21025.23046875,1710.161865234375,78.5,44190.68359375,15332.484375,3365.477294921875,1714.914306640625,46381.17578125
2023-12-14,2332.679443359375,20613.310546875,1747.7855224609375,78.5,44190.68359375,15504.974609375,3474.041259765625,1719.9140625,48984.71875
2023-12-15,2354.19873046875,21042.3984375,1753.4647216796875,78.5,44190.68359375,16079.9423828125,3634.845947265625,1724.9140625,51657.2421875
2023-12-18,2341.28662109375,21042.3984375,1734.9293212890625,78.5,45739.6015625,16271.5986328125,3634.845947265625,1729.9139404296875,50864.1171875
2023-12-19,2423.06005859375,22020.712890625,1757.172119140625,78.5,44688.12109375,16750.73828125,3559.468505859375,1749.91259765625,52381.41015625
2023-12-20,2466.09814453125,23599.748046875,1731.22216796875,87.0,44493.3984375,17210.712890625,3559.468505859375,1764.911865234375,51726.20703125
2023-12-21,2401.541259765625,22741.58203125,1746.0506591796875,88.0,44493.3984375,16750.73828125,3576.21923828125,1709.9146728515625,49967.5234375
2023-12-22,2522.048583984375,22741.58203125,1742.3433837890625,88.0,43811.875,16980.7265625,3576.21923828125,1709.9146728515625,49967.5234375
2023-12-25,2522.048583984375,22741.58203125,1742.3433837890625,88.0,43811.875,16980.7265625,3576.21923828125,1709.9146728515625,49967.5234375
2023-12-26,2547.871337890625,23834.49609375,1749.7578125,88.0,43811.875,17709.01953125,3576.21923828125,1739.9130859375,49967.5234375
2023-12-27,2552.1748046875,23903.8359375,1720.1007080078125,88.0,42546.203125,18168.994140625,3819.100341796875,1819.9091796875,50846.859375
2023-12-28,2547.871337890625,23799.828125,1734.9293212890625,95.0,43811.875,18379.81640625,3852.60107421875,1834.908447265625,50846.859375
2023-12-29,2547.871337890625,23799.828125,1734.9293212890625,95.0,43811.875,18379.81640625,3852.60107421875,1834.908447265625,50846.859375
