Date,Celsia,Banco de Bogota,Ecopetrol,ETB,Nutresa,Banco Davivienda PF,Promigas,Mineros SA,Grupo Bolivar
2020-01-01,,,,,,,,,
2020-01-02,0.0,0.0,0.0,0.0,0.0,0.0,0.0,0.0,0.0
2020-01-03,0.0179780551183738,0.041864809471514,0.0194179489005679,0.0038535693159899,-0.0047356844212695,-0.0148994921477122,0.0295587224635857,0.0241868607560898,0.0256421425242655
2020-01-06,0.0,0.0,0.0,0.0,0.0,0.0,0.0,0.0,0.0
2020-01-07,-0.0022297896447917,-0.0318141083067871,-0.0059344889306013,0.0,-0.00874062286969,0.0044052950436795,0.0,-0.0015231852222963,0.0
2020-01-08,-0.001116719019792,0.0,-0.0104714120849983,0.0,-0.0015973745783587,-0.0004396062219079,0.0,-0.0076511616444156,0.0
2020-01-09,0.001116719019792,0.012939450763033,0.0059970954736029,0.0524464753725425,0.002203074788424,-0.0177468040072259,-0.0295587224635856,-0.0077101535656512,0.0012920721155442
2020-01-10,0.0077823945371228,0.0202251738309293,0.0163085234188095,0.0,0.0047846573142878,-0.0085413530813612,-0.0037571416683876,-0.006211502637892,0.0
2020-01-13,-0.0122564268661369,-0.0326993748828078,0.0058653532893053,-0.0147061473896954,-0.0087890946536581,-0.0067949936209425,0.0,0.0123842623843297,0.0
2020-01-14,-0.0101408021044276,0.013392020254815,-0.0043956471262389,-0.0300774552372779,0.0008017061479918,0.0045351570740028,-0.0344639644358491,-0.0108276450923362,0.0
2020-01-15,-0.0079591925814803,0.0091320117383643,-0.0029412558214047,0.0226424767497597,0.0047999690735294,0.0013565985241375,0.0024704084365806,0.0,0.0
2020-01-16,0.0011407501261574,0.0056656980066243,0.0029412558214047,-0.0112571545246344,-0.002397056235757,0.0116802808083799,-0.0953096901222612,-0.0046765737959374,0.0
2020-01-17,0.0105456928696303,0.0,0.0,0.0,0.0,0.0,0.0,0.0,0.0
2020-01-20,-0.0080136274693796,-0.0274927402319976,-0.0058911079884566,-0.0503007384747988,0.0119287099647216,0.0093354277117183,0.0,0.0031199565039438,0.0
2020-01-21,0.0159634606224371,0.0161290610915478,-0.0074128049820238,0.0503007384747989,-0.0015824566445238,0.0061756865912909,0.0542171938883523,-0.0031199565039438,-0.0002526542193207
2020-01-22,0.0134834389338089,0.0124928909150825,-0.0089689057226668,0.0,0.0023723173235555,0.0,-0.0108844129467422,0.0108782049033708,-0.0253892868580478
2020-01-23,0.0122023125211307,-0.0124928909150825,-0.0045145542472997,-0.0229017642866844,0.0023673693904542,-0.0017606665733422,0.0176274145716987,0.0,0.0
2020-01-24,-0.0155558248827644,0.0169976004135577,-0.0075700935697876,-0.0077519768043179,-0.006324459820311,0.0035179331272075,-0.0121706224094203,-0.0015467457615348,0.0
2020-01-27,0.0055832954782404,-0.0151706189450259,-0.0261755795326747,-0.0276151670329733,-0.0119660991996609,-0.0110350547699069,0.0,-0.0093314591418359,0.0
2020-01-28,0.0022248222434797,0.0075282361895784,-0.0046910425917073,0.0,0.0032046189857642,0.0039865638370729,0.0439193999106756,-0.0173368247566044,0.0
2020-01-29,0.0066445842524281,0.0043086186544784,0.0015660423011014,0.0039920212695374,0.0031950568129009,0.0144836248208012,0.0,0.0015885987382784,0.0192932373449173
2020-01-30,0.0,-0.0093213089068973,0.0015637632486044,-0.0039920212695374,-0.0047963247002055,0.0021762297587398,-0.0452807810180471,-0.0160006236215814,0.0
2020-01-31,0.001103122908616,0.016312435267558,-0.006269608213545,0.031498667059371,-0.0080448323954131,-0.0004348268746318,0.0081410673392243,-0.0129869881664407,0.0
2020-02-03,-0.0022075483244389,0.0,-0.0126582142458194,0.0077220460939103,0.0120431565184748,-0.0104941971040326,0.0,0.0097562283218454,0.006348703732451
2020-02-04,-0.0055401588366052,0.0004489952811572,0.0142292626720624,0.0,-0.002397056235757,0.0039482915835187,0.0526439379807385,0.0016166846478768,0.0037906814658862
2020-02-05,0.0044344279402136,-0.0004489952811572,0.0015687542375961,0.0,0.0,0.0225116806437877,-0.0129035071942186,0.0176146988182997,0.0
2020-02-06,0.0033132792208305,0.0078345931024447,0.0015660423011014,-0.0312525435041044,0.0031950568129009,-0.0107598885498908,0.0116209284097204,0.0031696465252796,0.0087886578070352
2020-02-07,-0.0189210496587,0.0,0.0062405185847408,0.0,0.0111021284844107,0.0094748658320026,-0.0379382310496192,0.0,0.0111868700553794
2020-02-10,-0.0056339683047967,-0.0282663674022945,0.0,0.0,-0.021523412845712,-0.0012867756934344,0.036653583712118,0.0063089044199888,0.0073892361917241
2020-02-11,-0.0022623150734716,0.0029766868864109,0.0230600612385396,0.0,0.0054393064685696,-0.0055950744248977,0.0025672261219993,0.0015710468737062,0.0073683401169085
2020-02-12,0.0056466925856779,0.0,0.0255079397836833,0.0,0.0072026509254059,-0.0030257724965568,0.0,0.0,0.0
2020-02-13,0.0044942177946195,0.0054734513100316,-0.0044543862439291,0.0,0.0,0.0150379343244604,0.0,0.0,-0.011035891337436
2020-02-14,0.0067038932521469,0.0198162292058519,-0.0104714120849983,0.0,0.0087334291176481,-0.0189417001800774,0.0240669980679757,0.0171210303715917,0.0049197651525338
2020-02-17,-0.003346371475903,0.0,0.0089820077701064,0.0,-0.0039597483264516,0.0008690117360577,0.0036313039093495,-0.0061918715114759,0.0061161261849023
2020-02-18,0.0144207242450401,0.0,0.0029763516750542,0.0196469973837964,-0.003976835449002,0.0051969683148159,0.0,0.0230246996006657,0.0359325020789803
2020-02-19,-0.001101823364613,0.0004452102158633,0.0278404828670367,0.0344202238864793,0.0007969789370353,0.0077454084196323,-0.0012503848032165,0.0105661439399448,0.0403507977834354
2020-02-20,0.0087816142412892,0.0,-0.0072516971869598,-0.0501068200541788,-0.0007969789370352,-0.0159865707114367,-0.0164042050303775,0.0149032852384486,-0.0011305293943936
2020-02-21,0.0269557057860799,-0.0011148790031128,-0.0029153725388737,0.0156865961676994,0.0063542026972952,-0.020238373611404,0.017654589833594,0.0058997815842808,-0.0102330414751766
2020-02-24,0.0105820691851698,0.0002233432977054,-0.0281292662240325,-0.0117418178766831,0.0015823810781583,0.0,0.0,0.0218193946035094,-0.0289872269138649
2020-02-25,0.0115124446781499,-0.0130693807679649,-0.0090498288525258,0.0078431774610258,-0.009531102401354,-0.0179376050440123,0.0,0.0071684293625113,0.0
2020-02-26,-0.0220945138633196,-0.0020432509137214,-0.0045557718531719,-0.023716526617316,-0.003197457406804,-0.00498985880684,-0.0189276765408101,-0.0100501916920122,-0.0223658267134547
2020-02-27,-0.0258634273189663,-0.0095915348437555,-0.0515334781503935,-0.0202027073175194,-0.0526004668218391,-0.0318806927721755,0.0411787013414748,0.0028817623295009,-0.0133229499876485
2020-02-28,-0.0176215998694471,-0.0129323968910557,-0.0048192381163637,0.0040733253876358,-0.0118847374183731,-0.0141846412157458,-0.0036743582876646,-0.008670696594768,-0.0002437253778772
2020-03-02,0.0198026671791538,0.0110952128641233,-0.0145990063426868,0.0,0.0450825426705596,0.0,-0.0438942019185356,-0.0131486980087413,0.0240981253279556
2020-03-03,-0.0043669855272252,-0.0057637528662772,-0.0065575738235294,-0.0205346024417078,-0.045936881908986,-0.04380264244447,0.0365050361221371,0.0174934813006253,-0.0095697259233095
2020-03-04,0.0173538513761778,0.0006936049886118,0.0387147460752234,-0.0041580101486636,0.0169494232055182,0.0206803277434333,0.0,-0.0308169108398726,0.0
2020-03-05,-0.0108107110606566,0.0160443230766517,0.004735557954476,0.0041580101486636,0.0075344995366877,-0.0058652351689524,0.0012351404280776,0.001489237416809,0.0
2020-03-06,-0.0076377267896889,-0.000682274828123,-0.0684305423874209,-0.0337584799249544,-0.0142799157951985,-0.0528424461119159,0.0,0.0088888431209313,-0.0392207277686007
2020-03-09,-0.0345437575251922,-0.057359736743911,-0.2239870307692969,-0.0173164500114609,-0.0361795991258083,-0.1004915829065021,-0.0351795404286096,-0.0576790920225972,-0.0125790836401623
2020-03-10,0.022422376616123,-0.035314272368204,-0.0170216718442358,0.0258635105899193,0.0024176427346571,0.0056980237509076,0.0025543046137621,0.0155042188882737,-0.0374221049669449
2020-03-11,-0.030390567020725,0.0231931136837323,-0.0438667620118745,-0.0659579677917974,-0.0357178005755972,-0.0435481969401967,0.0012749181293578,-0.0328410436448781,-0.0266683856411432
2020-03-12,-0.0649195620455571,-0.0122698857600854,-0.13931362494188,-0.0512932943875505,-0.0706176685694046,-0.084156038634067,-0.1046534037366011,-0.064008817439069,-0.0845573317153194
2020-03-13,0.0,0.0,0.0,0.0,0.0,0.0,0.0,0.0,0.0
2020-03-16,-0.152525860426288,-0.1459537681390796,-0.117460817987691,0.0,-0.07598634089729,-0.0827361155105918,-0.0099497282498713,-0.052185865972816,0.0
2020-03-17,0.0280128195339585,0.0542173995208841,-0.0909719467540641,-0.0591305232268224,0.0,-0.0049210071640826,0.0027178451959198,-0.0512931387072613,0.0
2020-03-18,-0.0480995184314201,-0.1283254132244406,-0.1321717618719263,-0.1415401722353286,-0.1053601568893674,-0.156855837628315,0.0,-0.0986993744835738,-0.0923734977626988
2020-03-19,0.0699585183957793,-0.0472527707001977,0.0285734458377597,-0.0058651194523981,0.0,-0.0358058253417583,0.0,-0.0467178132065861,-0.0928935323836424
2020-03-20,-0.0122366978240712,0.0,0.044757771632508,0.0,-0.0058651616604454,0.0624674741204582,0.0,0.0,-0.0178576650036133
2020-03-23,0.0,0.0,0.0,0.0,0.0,0.0,0.0,0.0,0.0
2020-03-24,0.0661614308974853,-0.0666912763628143,0.083920293608913,0.0,0.0174931435408191,-0.0016379594172318,0.0,0.050858699952915,0.0
2020-03-25,0.0487293078545559,0.0663683116640536,0.1139917980915876,0.0953101798043249,0.0659825187304068,0.1232325917644604,-0.0014294564735227,0.17054425707101,-0.009049537964405
2020-03-26,0.0,0.0,0.0,0.0,0.0,0.0,0.0,0.0,0.0
2020-03-27,0.0240973677543139,0.1848493527102719,0.0272496952432716,0.0,0.0547506929784194,0.0999110155081572,0.0014294564735228,-0.0610599735272113,0.0786426704023567
2020-03-30,-0.0487900733644325,-0.0021598053945278,-0.0162605818602573,-0.0953101798043249,-0.0217512005037423,0.0006554684335153,-0.0588405317963015,0.0291988747021358,-0.0016817076381608
2020-03-31,0.0699922384700328,-0.0413856551547228,0.0375379634145527,0.0403512955235674,0.0,-0.0006554684335153,0.0588405317963015,-0.0291988747021359,-0.0067571422692511
2020-04-01,-0.0404334362284885,-0.0144704225460059,-0.032088362676491,0.0,-0.0243784030100357,-0.0999110155081571,0.0,-0.0205810802623512,-0.0170942204268816
2020-04-02,-0.0295588022415443,0.0722077172300353,0.1226024979336328,0.0549588842807574,0.0430509908562535,-0.0346513531307565,0.0,-0.0094968681715907,0.0085834633202536
2020-04-03,0.0295588022415444,0.0037159639067225,0.0874117417983689,0.0106383982050557,0.0122574391832713,0.012672433586301,0.0,0.0051393346237277,0.0
2020-04-06,0.0108628146611234,0.0131581925500424,-0.0044148949633506,0.0052770571008438,0.0010149526638805,0.0540671724748294,0.0,0.0416726803549653,0.0
2020-04-07,-0.0145102583447798,-0.0065576603470508,-0.0133632165049339,0.0,0.0180638986238218,-0.0191291171345212,-0.0028615433990984,-0.009319823568748,0.0386372537981612
2020-04-08,0.0181056180983512,-0.0266681356390206,0.0566601016279138,0.0259754864032607,0.033402121969414,0.0156143063249337,0.0028615433990985,0.009319823568748,-0.0102804701593338
2020-04-09,0.0,0.0,0.0,0.0,0.0,0.0,0.0,0.0,0.0
2020-04-10,0.0,0.0,0.0,0.0,0.0,0.0,0.0,0.0,0.0
2020-04-13,0.0,0.0,-0.0477314784552708,0.0597192347016222,0.0285736042057707,0.0,0.0,0.0346433786329557,-0.0168075529629312
2020-04-14,0.0259752618137937,-0.000541274203497,-0.0111733520926955,0.0471785602750904,0.0671757519236772,0.0105078243217404,-0.0014294564735227,0.0177625393822395,0.0168075529629313
2020-04-15,0.0,0.0,-0.0602033778166665,-0.0092593254127967,0.0087415939184811,0.0274932870663446,0.0135390712543926,-0.001762114204555,-0.0168075529629312
2020-04-16,0.0,-0.0130646632688758,-0.0023894206187774,0.0,-0.0008705197529358,-0.0061204205300957,0.0014293264351411,-0.0053052300251283,0.0168075529629313
2020-04-17,0.0139340019781779,-0.0002740932207167,0.0207261797892278,0.0,-0.0026170580765347,0.0108548730284264,0.0,0.0262483068286295,0.0311756792713774
2020-04-20,0.0342890183155695,0.0002740932207166,-0.0233475497530712,-0.0046620131058113,-0.0123025185028296,0.0013486595704145,0.0,-0.0051948150488653,-0.0146464531292398
2020-04-21,-0.0649882314220864,-0.0419642089112649,-0.0347163244657298,-0.0236417630570404,0.0079262137351573,-0.0440842234568306,-0.0275180322693888,-0.0175135762586083,-0.0248973097740095
2020-04-22,0.0071684255507757,-0.004295060193577,0.0425597800836425,-0.0193242728264028,-0.0132453333604027,-0.0249567721826228,-0.0014693524831497,0.0035274287085273,-0.0084394693310593
2020-04-23,0.0141851292889044,0.004295060193577,0.0307715392893656,0.0240975515790605,0.0628705172530764,0.083756978337333,0.0289873847525387,0.061452668431717,-0.0003385686650912
2020-04-24,0.0093456582668364,-0.0438029139865574,-0.0359936249434348,0.0510551708002841,-0.0365532061666019,-0.0235146494942069,0.0,0.0196728415280783,-0.016755444544064
2020-04-27,-0.0306992131065168,0.0020384345236789,0.0207261797892278,0.0267873159636497,0.0043196960566724,-0.0275690086115235,0.0,0.0,-0.0226688275783153
2020-04-28,0.0330220440768862,-0.0126546876423473,0.0621317435673056,-0.0267873159636498,-0.0043196960566724,-0.0162031824136322,0.0,-0.011428941380732,0.0278281029940816
2020-04-29,-0.0046511579232371,-0.0134312048227423,-0.0024124323761883,0.0,-0.0165869268720534,0.0376350763967386,0.0,0.0,0.0233945401652205
2020-04-30,-0.0212024606028732,-0.0167344647191319,0.0096153618253874,-0.0136676387286637,-0.0294792322805232,-0.0179438954708562,-0.0014293264351411,0.0081768245846426,-0.0268308663033857
2020-05-01,0.0,0.0,0.0,0.0,0.0,0.0,0.0,0.0,0.0
2020-05-04,-0.0059699482367775,-0.0317485442971762,-0.0642195603459424,-0.0373875320716203,-0.0027236467644812,-0.0390536734261884,0.0,0.0048741764995259,-0.0243917768559165
2020-05-05,0.0,0.0235907493625259,0.012674345444146,-0.0240975515790605,-0.0091325545849735,-0.0043539474874609,0.0,0.00323616536416,0.0
2020-05-06,0.0059699482367775,-0.0537174906120269,-0.0177894581147083,0.0,0.0091325545849735,0.0014532854472699,0.0014293264351411,0.022365222466952,-0.0070792846141853
2020-05-07,0.0339416454437637,0.030126741249501,0.0127389927762413,0.0,0.0189109167234404,-0.0102188844328154,0.0,0.0109974322547306,0.0
2020-05-08,-0.0185836979994448,0.0128207249463783,0.0323814855194058,-0.0098040000966208,0.0132919623215639,-0.0014686415151857,-0.0014293264351411,0.0,0.0228275261959127
2020-05-11,-0.0225263729950948,0.0031797361414684,0.0121803864732273,0.0,0.0078416020371954,0.0014686415151857,0.0,-0.0078428567702969,-0.0190550331632368
2020-05-12,-0.0108499640834352,-0.0160004610878467,-0.0344862582400032,0.0,-0.0017528025153882,-0.0118084522399835,-0.0014322944536388,0.0015735638183709,0.0
2020-05-13,-0.0060790984580029,-0.0172446997244175,-0.0383187006640296,-0.0148886124937506,-0.0357178822675062,-0.0316768081071574,-0.0115275663116516,-0.0031495275001996,-0.043484852072596
2020-05-14,-0.0147419622005318,-0.0276174150725355,0.005194571602338,0.0,-0.002730925645704,-0.0232567872840002,-0.0014499402190847,0.0031495275001996,-0.0186918990456958
2020-05-15,0.0,-0.0115375005452643,0.0,-0.0253178079842898,0.0162750068873178,-0.0238107529872623,0.0072518385512549,0.0031394798320311,0.0
2020-05-18,0.0147419622005317,0.0068026077159164,0.0603199369038081,0.0253178079842897,-0.0099150598834027,0.0238107529872624,-0.017493629338282,0.0,0.0
2020-05-19,-0.0147419622005318,-0.0016959744252762,-0.0322209562562793,0.009950330853168,0.0,0.0109204393514955,0.0160470911568845,0.0031298131198951,0.0370412699531873
2020-05-20,0.0,0.0185030117071551,0.0224169329188019,0.0340665545636062,0.0009060132438448,-0.0077881767215907,-0.004350812704732,0.0015614389779434,0.0
2020-05-21,-0.0099503009933362,-0.0134225343632815,-0.0148887102245382,-0.0440168854167743,0.0009049768007879,-0.0070615727419148,0.0,0.026175699919218,0.0
2020-05-22,0.0319828140055311,0.0094147617432006,-0.0151134238069209,-0.0202027073175194,-0.0009049768007879,-0.016673642427878,0.0,0.0075699787293407,0.0
2020-05-25,0.0,0.0,0.0,0.0,0.0,0.0,0.0,0.0,0.0
2020-05-26,-0.0072905508116631,0.0036282318681455,0.0101009318309907,0.0151901654939752,0.0250237306845703,-0.0391886907004231,-0.0014544876651254,0.0311829899564371,0.0021791947545083
2020-05-27,-0.0098037881215432,-0.0107890465547505,0.0075095020455715,-0.0358094526967108,-0.0079755496793001,0.0319567985469082,0.0,-0.0058652662729766,0.0502407698739195
2020-05-28,0.0146701478290265,-0.0033954309893356,-0.0075095020455713,-0.0104712998672953,0.0008893671537205,0.0136166061274061,0.0043568992101483,-0.00886268459715,0.0
2020-05-29,-0.0097560547393493,-0.0136989498185251,0.0,0.0,-0.0152264745871762,-0.0257870559803769,0.0,-0.0029717694917007,-0.0167024135983526
2020-06-01,-0.0198025681620019,0.030562702258574,0.0075095020455715,0.0512932943875504,-0.006337454437921,0.0509257338978692,0.0,0.0118344540888507,0.0
2020-06-02,0.0124223431435521,-0.0134683214507134,0.0148517927804598,-0.0304592074847085,0.0215639290250972,0.0410393379866747,0.0,0.0131486901747894,0.0516271041157112
2020-06-03,0.0,0.0,0.0,0.0,0.0,0.0,0.0,0.0,0.0
2020-06-04,0.0482020569196979,0.0251061530522837,0.0596123071726599,0.1027798690643347,0.0070861825255795,0.0557509436309358,0.0,-0.004363863233209,0.0327790721723096
2020-06-05,-0.011834648777168,0.0328431099247641,0.0821771589045965,0.0184337016888379,0.00615911698088,0.0581360300483576,-0.0014499199104039,0.0,0.0311136903035576
2020-06-08,0.004750769086034,0.0456469432035364,0.0356059405357016,-0.0324854551444884,0.0052496349860065,0.0262310006494266,-0.0029069792997445,-0.0191323678566326,0.0127351878211609
2020-06-09,0.0082598991387072,-0.0129190427586328,-0.012422446009221,-0.0238674814066434,-0.0106245593906504,-0.0409569096658485,0.0029069792997445,-0.0104557330156757,-0.0169165289305047
2020-06-10,0.0116823843950691,-0.0093317620917438,-0.0491030444775437,-0.0195128142235817,-0.0070981398581343,0.0060503963554267,0.0,0.0134231688470667,-0.0332508909247132
2020-06-11,-0.0282705268419743,-0.0269214415428052,-0.103659784311907,-0.0402064204780404,-0.0530290482978141,-0.0459457065777748,-0.0131487700867715,-0.0947177328116702,-0.0084885183429749
2020-06-12,0.0023865840132351,0.0418103447117396,0.0310658330296167,0.0253178079842897,0.0,0.041242984343211,0.0,0.0414729965853687,0.1677347491732518
2020-06-15,0.0,0.0,0.0,0.0,0.0,0.0,0.0,0.0,0.0
2020-06-16,-0.0011924900624266,0.0094993828743541,0.0571584332902895,0.0,-0.0324454124269061,0.0200006788446416,0.0160943405870413,0.0155044979940339,0.0254566524296099
2020-06-17,-0.0217141078208587,0.02082369919326,-0.0477907771379901,0.0049875415110389,-0.0186011099212281,0.0032949228254818,0.0,0.0061349084852442,-0.0005413645541704
2020-06-18,0.0133256234422671,0.0139413708017383,-0.0140847743199305,0.0,0.0088541835785191,-0.0273440849783151,0.0,0.0060977324178832,-0.0479111166107301
2020-06-19,-0.0206693464831471,0.0087974833871921,0.0117511611851111,0.0,0.0087769379506322,0.014098825291369,-0.0131485399362507,0.0030347483202343,-0.0284867675062658
2020-06-22,0.0,0.0,0.0,0.0,0.0,0.0,0.0,0.0,0.0
2020-06-23,-0.0024600650806631,-0.0506019104156823,0.0069847955768725,0.004962789342129,0.0287098337488044,-0.0040079172115175,0.0,0.0,-0.0374711889443985
2020-06-24,-0.0024661319287726,-0.0200189510878402,-0.0306266140808235,0.0292703823001132,-0.0018886698079068,-0.0067159964676278,0.0,-0.0323355295538109,-0.0317095420164438
2020-06-25,0.0024661319287725,-0.0239055929331759,0.0023894930611709,0.0330999484263449,-0.007590439729059,0.0093897253019501,0.0,0.0077944282884232,0.0
2020-06-26,0.0,-0.0084221255976408,-0.0120048548865585,0.0,-0.0172915717698716,-0.0422694021975507,-0.0435833028582133,0.0046475669332118,0.0
2020-06-29,0.0,0.0,0.0,0.0,0.0,0.0,0.0,0.0,0.0
2020-06-30,0.0134558449459867,-0.0157384437886063,0.0024124323761882,-0.0093458624182376,0.0125189639910713,-0.0253892158938601,-0.0015371849014188,0.0183771571792031,0.0
2020-07-01,-0.0097682443556686,0.0196344791932152,-0.0072551280939463,0.0323353806429364,-0.0038355172050764,-0.0093290566150273,0.0362577547778465,0.0015163771529727,0.0
2020-07-02,0.0012264924993591,0.0012952460732813,0.0096619930972337,-0.0045558165358606,-0.009652610835885,0.005034162649164,-0.0059522105991529,0.0030257199861989,-0.0636010946736289
2020-07-03,0.0085417518563094,0.0119031688886592,0.0095694725905314,0.0,-0.0009699883920769,0.0064355245028474,0.0,0.0045214833338314,0.0
2020-07-06,-0.0036520568244435,0.0,0.0047504958607383,0.0,0.0134998725095022,0.0315704290504359,0.0,0.016120068223607,0.0246927555993475
2020-07-07,0.0024361858942913,-0.0067386976943226,-0.0239819615485035,0.0045558165358606,0.0,0.0006903906872826,0.0,0.0149034019435299,0.0476280812969275
2020-07-08,0.008479759193974,0.0213416472206983,0.0144580575431456,0.0,0.0189761846174158,0.0006898359063891,0.0103935137093384,0.0348875226989528,0.0061826156549064
2020-07-09,0.0048136546252292,-0.007274427545947,-0.0266681893574317,-0.02765153133051,-0.0038520048996106,0.0068729351844957,0.0014756292208094,0.0056977906646329,0.0033130445577615
2020-07-10,0.0083678883787194,0.0185566472295949,0.0218721249115198,0.0230957147946493,-0.0047416811803953,-0.0034305629491132,0.0,0.0056660047625209,0.0085789352998523
2020-07-13,0.0059348762634505,0.0126959113393996,0.0095694725905314,-0.0045766670274118,-0.0047643855355246,-0.0048225988290543,-0.0014756292208095,0.0028207619867856,0.0142360343655645
2020-07-14,-0.0107079621883107,0.0107114446864458,0.0258532059362039,0.0045766670274118,-0.0067080486908298,-0.0153098898659469,0.0029582724493626,-0.0099082449577619,0.0074908659619396
2020-07-15,0.0201310333691791,0.004555660751158,-0.0023227716911505,0.0045558165358606,-0.0009623855906688,0.0,0.0,0.0099082449577618,-0.0017929160020216
2020-07-16,0.0158271211733374,0.0120485148234112,0.0138569526500388,-0.02765153133051,0.0105315620005785,-0.0056259071619263,0.0,-0.0014092451565785,-0.0014962681672593
2020-07-17,0.0129032631798103,0.0,0.0181822504186089,0.0276515313305099,-0.0028611277190799,-0.0213837401511633,0.0014762137904019,-0.0028249580320334,0.0
2020-07-20,0.0,0.0,0.0,0.0,0.0,0.0,0.0,0.0,0.0
2020-07-21,0.0023284046071246,0.0029894671726487,0.0111982422131662,0.0,0.0113961695032862,0.0014400115008968,0.0029457887222395,0.0014134412018264,0.0011975987743114
2020-07-22,-0.007001110174086,0.0148150058958992,-0.0067037303976877,-0.0229895182246987,-0.0075829600772628,-0.011577581462384,0.0145986651461209,0.0168070676303529,-0.0020967212191343
2020-07-23,0.0265755760248524,0.0087848007258093,-0.0022446751017997,0.0229895182246987,0.0151089628739857,0.0151682786393661,0.01438860701348,0.0671392061958522,-0.0051088173004188
2020-07-24,-0.0172516410949043,-0.0076087415829404,-0.0022498367136788,0.0,-0.0084705513931001,0.0035777689137376,-0.0438025767473484,-0.0012994927430626,0.00630741759917
2020-07-27,0.0034742369599921,-0.0002939984462097,0.0111982422131662,0.0,-0.0047374151648866,0.0007138903478594,0.0953100715964725,0.0231372433345616,0.0
2020-07-28,-0.0104591328801021,0.0040667888470827,-0.0089484054994874,-0.0091324835632724,-0.008583543007103,-0.0007138903478595,0.0,-0.0089342223653738,-0.0196531322502066
2020-07-29,0.0,-0.0148148971532836,0.011173326604761,0.0091324835632724,-0.0048010970164178,0.0064079513039277,-0.0191782984122288,0.0,0.0
2020-07-30,0.0,-0.0074904368207487,-0.0247482276857698,0.0045351551653913,-0.0135656412974086,-0.0135764173946472,-0.0013847110162113,-0.0012829502880232,-0.032586167637534
2020-07-31,-0.0176788073735603,-0.0687782868597412,-0.0538140455369027,-0.0998453349697161,-0.0147424415096939,-0.0072203066974368,-0.1019800729685743,-0.0246926543715086,0.0322805917485179
2020-08-03,-0.0155784805074523,0.0178802830874624,0.028437882949863,0.0440168854167742,0.0078893379827391,-0.0050852814051604,0.0,0.014370077523331,-0.0300749848019928
2020-08-04,0.0155784805074523,-0.0111372387126431,0.0253761625870397,0.0,-0.0078893379827392,-0.0303166493597555,0.0,0.0154442119452478,-0.0003150033996111
2020-08-05,0.0106447792982827,0.0120862346030891,0.0022753192293791,0.0047732787526575,0.0039529772667428,-0.0015025052840301,0.0121952100832233,0.015209374501622,0.0150005472060372
2020-08-06,0.0105324030473015,0.0110047509228432,-0.013730339820073,-0.0240975515790605,0.0204978841000244,0.0119581478878334,0.0120482770148113,0.0199258826114717,0.000309847485248
2020-08-07,0.0,0.0,0.0,0.0,0.0,0.0,0.0,0.0,0.0
2020-08-10,-0.0176163466843986,0.005923807836864,0.0091743992368039,0.0,0.0038572214403352,0.002967368616657,-0.0120482770148114,-0.0136563345511762,0.0
2020-08-11,0.0129491791889001,0.0018634141071516,-0.0114810965952899,0.0,-0.0029763488495397,-0.0247480807984274,-0.0137305199495154,-0.0304591203730203,0.0017847120095977
2020-08-12,0.0093129952432758,-0.0015530966502872,0.0273366190301889,-0.0098040000966208,0.000967433306085,-0.003041921402356,0.025778796964327,0.005141513002056,0.0
2020-08-13,-0.006976688691444,0.0092796735518758,-0.0204320871322878,0.0,-0.003876052728084,0.0196084772777629,0.0133828257776134,0.0,0.0
2020-08-14,0.009291618851745,0.0006158456743159,0.0091325052806582,-0.0199011543172949,-0.0146705495519435,0.0126160910373795,0.0073804208479651,0.0,-0.0235303236405852
2020-08-17,0.0,0.0,0.0,0.0,0.0,0.0,0.0,0.0,0.0
2020-08-18,0.0126365304197918,0.0073571538835877,0.0090497451379508,0.0297051544139156,0.0068734277942957,-0.0007375900932742,-0.0088631820492441,0.0076628178602176,0.0
2020-08-19,-0.0011421767947449,0.0057866015959295,-0.0181822504186091,0.0193242728264028,0.0068259295273816,0.0,0.0132650801220803,-0.0038241330511704,0.0015860048591758
2020-08-20,0.0102332619263943,0.0156675781145379,-0.006904531897901,0.0,0.0058137432417325,0.0139246687584235,0.0,-0.0051216350970702,0.0
2020-08-21,0.0045147363032989,0.0133635201389335,0.006904531897901,-0.0193242728264028,-0.0038725312678655,0.0094169909380762,0.0231559452856562,0.0012829502880232,0.0219443187814094
2020-08-24,0.0,0.0,0.0,0.0,0.0,0.0,0.0,0.0,0.0
2020-08-25,0.0332256503402294,0.0117301159429284,0.0293804926317752,0.0145281005629098,0.0647815767094324,0.0305311164966572,0.0085468577586374,-0.0129035282261251,0.0153850877547159
2020-08-26,0.0129870380891033,0.009853973832484,-0.0225233065804964,0.0095694510161506,-0.017423940819841,-0.0035025797394123,-0.0142859986291187,0.0,0.0076045681076155
2020-08-27,0.0010745858495705,0.0138292885621054,-0.0160738632757627,0.0047506027585977,0.0,-0.0014043782370253,0.0085962932980904,-0.0052082646261698,0.0027236915838499
2020-08-28,-0.0053848322721608,-0.0057386352539127,0.0069204594723808,0.0047281411959458,0.0119542459144394,0.0083973917491783,0.0127570607942869,0.0321157198480405,0.0003020320835202
2020-08-31,0.0021573660800103,-0.0072204702531334,0.0068727824494918,0.0,0.0054696949054016,0.0097089566203322,-0.012757060794287,-0.0269074552218706,-0.0167558136779757
2020-09-01,0.0064448649378158,0.0072204702531334,0.0090911064599501,0.0,0.035717541338744,0.0034447436398222,0.008522689017383,0.0,0.00612552190299
2020-09-02,-0.0032173987456654,0.0353392437615988,-0.0159638889094419,0.0047058910374127,0.0069931798375602,0.01433958680619,0.0182204302108633,0.007762015224069,0.0076045681076155
2020-09-03,-0.0032274661921504,-0.0347642386142921,-0.004608314145798,-0.028573372444056,0.018127703349,-0.0136521223042406,0.0124231553437017,0.0012877781142371,0.0
2020-09-04,-0.0086580116461041,0.0,-0.0092808315030403,0.0,-0.0181277033490001,0.0190611319480911,-0.0138129583316744,-0.0064556035044716,-0.0072992480057095
2020-09-07,-0.0109292078430814,0.0,-0.0023336131348195,0.0048192864359489,-0.0008713225025471,-0.0020249611754117,0.0,0.0,0.0
2020-09-08,-0.0110497309149,-0.0080858950686387,-0.0284378829498629,-0.0048192864359488,0.000871322502547,-0.0136056078235661,0.0138129583316744,-0.0091087373948098,-0.0079681610886783
2020-09-09,-0.0044544062749615,0.0146790749141208,0.0,0.0238674814066434,-0.0062017911370244,0.0034187567440284,-0.0068830689298417,0.0129870595493029,0.0094336835436939
2020-09-10,0.002229765412666,-0.0143886552459223,-0.0317487098526618,0.0,-0.001758844563057,-0.0047895231719047,0.0082533839744282,-0.0156049525960158,0.0
2020-09-11,0.0055524317710295,-0.0002904196681985,0.0049502714733154,0.0,-0.0079546742332727,-0.0159009612833409,0.0095434378545974,0.0065316990433227,-0.0153849383634797
2020-09-14,-0.0011081697864963,-0.0093209936158707,-0.0074348121542922,-0.004728141195946,0.0097135187963297,-0.0069930135121529,-0.0068074505956453,-0.0052219286200531,-0.0077821894877875
2020-09-15,-0.0066740273971993,-0.019504028580429,0.0172631075445894,-0.0047506027585978,-0.0159436760273807,0.0021031949615663,0.0,0.0026144055582487,0.0
2020-09-16,0.0110991946275184,0.0068398791871856,0.002441948789444,0.0,-0.0044743761214838,0.0118344267126709,0.0136054142547934,-0.0026144055582486,0.0074719689031175
2020-09-17,-0.0022101358540297,0.0002964218465687,0.0072904503978867,-0.0192313619278876,-0.0090091568815289,-0.0048293894198475,-0.0136054142547933,-0.0184945609640443,0.01508440374412
2020-09-18,0.0055155997193569,0.0070860044577745,0.0239244655664703,0.033415996919844,-0.0090907359550882,0.0028230019656107,-0.0013708106271014,0.0,-0.0222439819570322
2020-09-21,0.0292704703828555,0.0046961711304533,-0.0459572327354262,-0.0047058910374126,0.007279209525426,0.0,0.0109142274819048,-0.0174853468624798,0.0151918162744955
2020-09-22,-0.0347860701022124,0.0026318865030031,-0.0049627395629643,0.0,0.0081265228169649,0.0209212099469159,-0.0095434168548034,-0.0095433813146297,0.0
2020-09-23,-0.01000572636537,0.0147855489926466,-0.0125158999222458,0.0,-0.015405732342391,-0.0287034249742078,0.0,-0.0068729455157477,-0.0155042069647008
2020-09-24,0.0055710738668428,0.0057386352539126,-0.0177894581147083,0.0,0.0314633005439243,-0.0064125293706022,0.0,-0.001380414147789,0.0077821894877875
2020-09-25,-0.0156778443244974,-0.0227395595904669,-0.0155040941351585,-0.0433802956302251,-0.0169574856979565,-0.0246034313237644,0.0,-0.005539887206743,-0.00031022058467
2020-09-28,0.0289231551071709,-0.0139201550158882,0.0257083511372094,0.0098040000966208,0.0017989195264772,0.0036564656667969,-0.0027436118792868,0.0,-0.0074719689031174
2020-09-29,-0.0077050204824928,0.0139201550158881,-0.0257083511372094,0.0,0.0017951584641722,-0.0036564656667968,0.0122870287340902,0.0,-0.0037568688428031
2020-09-30,0.0207771838998254,0.0145988318123967,-0.013106442758324,0.0288481543376583,0.0160147088637342,0.0036564656667969,0.0013556183783042,0.0,-0.0119917472517713
2020-10-01,-0.0218828217014787,0.0,-0.0106102703695324,-0.0239819646864854,-0.0313789948843391,0.0,-0.0485868025687693,-0.0083683297360226,0.0015863704889452
2020-10-02,0.0272793570994772,-0.0145988318123966,0.0184946274737873,0.0,0.0018200913109867,-0.0087978030169652,0.0,-0.0014017660867724,0.0
2020-10-05,-0.0162782514549376,0.0557683087588368,0.0,0.0220844598918493,0.0013626828882191,0.0084327656775046,0.0,0.0014017660867725,0.0
2020-10-06,0.0152011922610188,-0.0097831975259984,-0.0015718932104051,-0.0220844598918493,-0.0059183810152182,-0.0136006730416568,0.0,0.0164048794802042,0.0063192545012106
2020-10-07,-0.0021573660800103,0.0002808668885281,0.0020953306440171,-0.0146701897477937,0.0063721605098086,0.0007399332923097,0.0,-0.0027974921730516,0.0
2020-10-08,0.0,0.0,0.0,0.0,0.0026532344439602,0.0,0.0,0.0,0.0027990003387248
2020-10-09,0.0021573660800103,-0.0389400992100307,0.0140299710506796,0.0,0.0072337172462926,-0.0014804974241007,0.0225044961883205,0.0357674364547002,0.0078431204223418
2020-10-12,0.0,0.0,0.0,0.0,0.0,0.0,0.0,0.0,0.0
2020-10-13,-0.0086580116461041,-0.0191603812582571,-0.0198027770126222,-0.0148886124937506,0.0,-0.0190695232732817,-0.0055786283875219,-0.024625008659615,-0.0157482419853986
2020-10-14,0.008658011646104,-0.0317487158237655,-0.0052769386641879,-0.0050125418235442,-0.0022552004939157,-0.0190554921630788,0.0,-0.0111424277950851,0.0
2020-10-15,-0.0215671523484758,0.0434362340406848,-0.005837267261551,-0.0151901654939751,-0.0122644026552088,-0.0190333398628122,0.0394602583567589,0.0,0.0
2020-10-16,0.0238696204811047,0.0,0.0005320049520657,0.0,0.0145196031491246,0.0167222174183848,0.0054350409933233,0.0,0.0
2020-10-19,0.0,0.0001469841300019,-0.004264250527995,0.0,-0.0090499766724837,0.004617259744179,0.0134592313409242,0.0083684214738227,0.0
2020-10-20,0.0065006972149503,0.0682081635739422,0.0111554679288607,0.0202027073175194,-0.0036433069558918,0.025768760086313,0.0026704525766356,0.0273990149808777,0.0
2020-10-21,-0.0032451057174358,-0.0110497944339121,-0.0273109465557431,0.0,-0.0119319545728346,0.012639407141348,0.0,0.0013502777585045,0.0
2020-10-22,-0.0010839408862546,0.0,0.0204197291548772,-0.0351091455055123,-0.0037002743684915,-0.0007389474530888,0.0,-0.0024318409730842,-0.0160003030587469
2020-10-23,-0.0002169450539818,0.0,-0.0106953160662219,0.0499977579992629,-0.0060425087296162,0.0055299120115923,0.0,-0.0005413543113611,0.0
2020-10-26,-0.0128837874073105,-0.0344764885215302,-0.0059314967419707,0.0,0.0009322672380858,-0.0185534424282243,-0.0408223336201871,-0.0065182722514033,0.0
2020-10-27,-0.0108278103030863,0.0049858392656001,-0.010328930143813,0.0,-0.0088891643993107,-0.0063874396788242,-0.0303161579478827,0.0,0.0
2020-10-28,-0.0113953498803094,0.020346565745687,-0.0649028328987436,0.0,0.0,-0.0294533382423468,0.0,-0.0054645162285149,0.0
2020-10-29,0.0067190061862266,-0.0070673358277254,0.0184868096984369,-0.0264552643015227,0.033274941788059,0.0241623850847748,0.065790331100796,-0.0027432933573404,-0.0327898255031294
2020-10-30,-0.0631108165095839,-0.0355167338116244,0.0248742093885977,0.0110664962332449,-0.0304594486660699,-0.0489228100681927,-0.1052112686875302,-0.0110500156176779,0.0165291807298545
2020-11-02,0.0,0.0,0.0,0.0,0.0,0.0,0.0,0.0,0.0
2020-11-03,0.0258170088211532,-0.0001470773666946,0.0171606623078147,0.0005001555745272,0.0083995566638562,0.0340342455145398,0.0415661626723162,0.0082989037392369,0.0
2020-11-04,0.008995384454504,0.0010287322401242,0.0260036676938364,0.0,-0.0013949259068194,-0.0077221121879043,0.0,0.0109589214642962,0.0
2020-11-05,-0.0046031223613782,0.0275176994342481,-0.0107526835329629,0.0,0.0092635416525213,0.0210937712023291,0.0,0.0556435791594527,0.0
2020-11-06,0.0,0.0,0.0,0.0,0.0,0.0,0.0,0.0,0.0
2020-11-09,0.0216779895754185,0.0028532575931088,0.0464708882813223,0.0246926125903714,0.025490742282547,0.0390747616672019,0.0419640138012534,-0.0129703366479285,0.0162606447732747
2020-11-10,-0.0297843912791597,-0.0097340058556859,0.0224498976472433,0.0,-0.0082167804954639,-0.0221410673300675,0.0,-0.0052357640136697,-0.0029940650830017
2020-11-11,0.0186622213142667,0.0120105240550357,0.0165127723756235,0.0,0.0045333330416192,0.0118695605210154,0.0,0.001311448495528,0.0048508019488578
2020-11-12,-0.0151800598154836,-0.0041304122215031,-0.0205573770549799,-0.0147422817372034,-0.0279772049230702,-0.0059172110834169,0.0122535671115139,0.0065318246830387,-0.0080976839330076
2020-11-13,0.0080786716180889,-0.0081676764668399,0.0130851591460209,-0.009950330853168,0.0004650321278435,0.0125322522256722,0.0,-0.0039138824218623,0.0
2020-11-16,0.0,0.0,0.0,0.0,0.0,0.0,0.0,0.0,0.0
2020-11-17,0.0068727691138937,0.0250083573522812,0.0653195067750491,0.0198026272961797,-0.0009301710381425,0.0007324290639732,0.0027101127269845,0.0,0.0080976839330076
2020-11-18,0.009091046999193,0.0103309909580658,-0.005165625987826,0.0,-0.0032627040021534,0.0166974698507491,0.0,-0.003404579036575,0.0
2020-11-19,0.0045147995745592,-0.0186449531130864,0.00983854305908,0.0289875368732521,0.0041928750402959,-0.0174298989147222,-0.0122535544717218,-0.0044695082758077,0.0
2020-11-20,-0.0088226606238673,0.0116760334837592,0.0037227671711387,-0.018746013206715,0.0092547563687297,0.0109292060458335,0.0,-0.0092655229403163,0.0
2020-11-23,-0.0002272487679007,0.0,0.0215951015104607,-0.0043764190862533,0.0128152666608073,0.0143887003641568,0.0,-0.0026629963809655,0.0
2020-11-24,0.0083739177148884,0.0069689196293273,0.0189109201414972,0.0255005546979358,0.0405486806597271,0.0260854915728353,0.0890642693510673,-0.0080320702489045,0.0239053300109248
2020-11-25,0.008751389618544,-0.0064957914280968,0.0044503963350215,0.0028463306447499,0.0043575306929361,-0.0048831810226467,-0.1028574816068238,0.0053617652651984,-0.0158735679352923
2020-11-26,0.0008931005528638,-0.0028130421494127,-0.0188261505998378,-0.0076082444049935,0.0,0.0027931967905932,0.0468040355981418,0.0066623089350102,0.0
2020-11-27,0.0044542252557804,-0.0070669518869953,-0.017344131850242,0.0,0.0116707529377654,-0.0236384211633627,-0.0059817375810195,0.0013271126284863,0.0079683983785578
2020-11-30,0.0,0.0001417749197418,-0.0427997916737028,0.0023837913552761,-0.0004297511760311,0.0032079708800729,0.0,-0.0187421894233402,-0.0076482461546656
2020-12-01,0.0261008149649732,0.0222991816523147,0.0228037508438886,0.0184010568364559,0.0060006804175005,0.0315262517233118,0.0392206931425017,0.02929628872051,0.0
2020-12-02,-0.0041218043735519,-0.0013874317112908,0.007487138121776,0.0004674274679267,0.0085109284492108,-0.002071072551067,-0.0129038037521822,0.0207799876558243,0.02947167329911
2020-12-03,0.0043385953737563,0.0041577828468057,-0.0117234923268669,-0.0004674274679268,0.0042284539888771,0.0058571522287957,0.0129038037521823,0.0092120755568632,0.0
2020-12-04,0.0,0.0,0.0,0.0,0.0,0.0,0.0,0.0,0.0
2020-12-07,0.0252205260748397,0.0497775577889477,0.0415765268851474,0.0189864752351643,0.0212905404725285,0.0651608385672894,0.0127390194449045,0.0111448176916005,0.0177026017109846
2020-12-08,0.0,0.0,0.0,0.0,0.0,0.0,0.0,0.0,0.0
2020-12-09,-0.005502858210188,-0.0088560279039499,0.0112487388947484,0.0,0.0020020878726013,0.0693146559429272,0.021290693062491,-0.003785477592219,0.0026712499352734
2020-12-10,-0.021884612627148,-0.0122898810964055,0.0308394115574321,-0.0092166551049239,-0.0087156484831057,0.0059882271135198,-0.0508373514433529,-0.0101650605863482,0.0151289163855041
2020-12-11,-0.0019541227096366,0.0085655088532224,0.002166745852572,-0.0172780246002122,-0.0050144790204106,0.0005967149051276,0.0168076389359575,-0.0038388226510967,-0.0090498111116642
2020-12-14,0.000434438860079,-0.0032035345495521,-0.0100063957672707,0.0004708775478813,0.0020922674328324,0.0112727622614078,-0.0392206931425017,0.0,0.0
2020-12-15,0.0193638537484901,0.0082548620840884,0.0034918066650855,-0.0018849859598216,0.0083265406550385,0.0172543608731388,0.0046680720536253,0.0038388226510968,0.0283810338430588
2020-12-16,-0.0049128495969404,0.0204730962226002,0.0275050634588657,0.0228501150210481,-0.0049873847133092,0.0118174424038212,0.0178045040032296,0.0277095630113566,0.0042620090189556
2020-12-17,0.0074665293592079,-0.0128122530191621,0.0046521234055367,-0.0009224952336167,0.0111870565490648,0.0379524232412905,0.0065147497312391,0.0184619823957906,0.0118085299257881
2020-12-18,0.0156057511491349,-0.0103161967241075,-0.0187398806268312,0.004144648571588,-0.0233442370640888,0.0013785107380515,0.025642302660109,0.0048662686057513,-0.0294137358608169
2020-12-21,-0.0060870577923101,0.0103161967241074,-0.0488976081931262,-0.0166825280091803,-0.0016881590709791,-0.039330933979342,0.0125787206293631,-0.0073082818348054,-0.0218794069758527
2020-12-22,-0.0169852227160326,-0.0002632415381501,0.0112232659396713,0.0,-0.0106183383761417,0.0209817439065444,0.0,0.0070655269997179,0.006992452521603
2020-12-23,0.004273623091265,0.0065589213606614,0.0251281398728959,0.0093023926623134,0.0076564634278521,0.0100504093620802,-0.0132115433744251,-0.0009716690888015,0.0145879953590732
2020-12-24,0.0,-0.0156717752634709,-0.0043629105220979,0.0,0.0,-0.0066889952473912,0.0,0.0,-0.004938618287162
2020-12-25,0.0,0.0,0.0,0.0,0.0,0.0,0.0,0.0,0.0
2020-12-28,0.0294135135757022,0.0137792623691928,-0.0039432113359804,-0.0139862419747398,0.0050720002395071,0.0286677829756881,-0.0243603331806483,0.0024272550623666,0.0052375773823383
2020-12-29,0.008247613052735,0.0102104199585996,0.0048171442232047,0.0139862419747398,0.0208600136071112,-0.0164388076971551,0.0499947208617395,0.0,0.0
2020-12-30,-0.0274785991843586,-0.0154877333260287,-0.0194096119502696,0.0046189458562944,-0.0091247993123258,0.0055099497965411,0.0363675515114259,0.0101305019742998,0.0
2020-12-31,0.0,0.0,0.0,0.0,0.0,0.0,0.0,0.0,0.0
2021-01-01,0.0,0.0,0.0,0.0,0.0,0.0,0.0,0.0,0.0
2021-01-04,0.0171585803713519,0.0154877333260288,-0.0013370672096199,-0.0186051878310344,0.0,-0.0171797862744605,-0.0363675515114259,0.0173666483513598,-0.0058379059820506
2021-01-05,0.0,0.008042347294116,0.0220565268059116,0.0093458624182375,0.0165288173805275,-0.0260491086133784,0.0122697445538396,0.0342951419724177,-0.0016529324126854
2021-01-06,-0.0002076433635159,0.0,0.0069566306143646,0.0138570346614262,-0.000409722750539,0.0179109622941127,-0.0259433841566131,-0.0193185563259153,0.0074908383947361
2021-01-07,0.0002076433635158,-0.0175955693947704,0.0277734821919929,-0.0232028970796638,-0.0457196089339396,-0.0082048559132685,0.0,-0.0130104721491019,-0.0059880258153213
2021-01-08,-0.0083334505245096,0.0124141112669302,0.0108969913314216,0.0102756483971733,0.0084999773402857,-0.0005684181549635,0.0136736396027735,-0.01801828775706,0.0032283818619984
2021-01-11,0.0,0.0,0.0,0.0,0.0,0.0,0.0,0.0,0.0
2021-01-12,-0.0014653679607079,0.0038888022674313,0.0247029397539037,-0.0041908973864801,0.0152420218729104,-0.0079908764343495,0.0098278098251335,0.0415488473592227,0.004487731600443
2021-01-13,0.0056409258452476,0.0025837976318734,-0.0085769145583692,0.0004664840086382,-0.0097111409570359,-0.0028695635576379,-0.0222506541317996,-0.0016294367841995,0.0
2021-01-14,-0.0041755578845397,0.0,0.0186921386632298,0.0027946273989062,0.0097111409570358,0.0173770953813227,0.0240827352192916,0.0004658243548876,-0.0074907557527326
2021-01-15,-0.0028864729152866,0.0190440322995427,-0.0261024224160622,-0.0032611114075445,-0.0042105836316512,-0.0116463710352398,0.0091325103296215,-0.0011648541680179,0.0073415454678705
2021-01-18,0.0059777822003819,-0.0252561500687762,0.008230415979788,0.0,0.000421778004634,-0.0014294930462153,0.0,-0.0212020930048327,0.0
2021-01-19,-0.002771069897892,0.0182685115332916,0.0040897923505188,-0.0056153489739911,-0.0004217780046339,-0.0126693885091254,0.0,0.0440171396573101,0.0
2021-01-20,0.0144101564107244,0.0443849077071582,-0.0053200395380072,0.0,0.0196374218239047,-0.0237512438580015,0.0,0.0025029975346084,-0.0001493806111186
2021-01-21,0.0127523849260754,-0.0135050537565986,-0.0119713163332037,0.0042144472757241,0.013560375196027,-0.0167568885564926,-0.0307719115979877,-0.0109690595253249,0.0001493806111186
2021-01-22,-0.0029124056539984,0.0073893344823606,-0.0226805102085586,0.0004672090815649,0.019802664801689,-0.0256738113488592,0.0124228147582062,0.0041277895562512,0.0
2021-01-25,-0.0010419432755009,0.0044072545257585,-0.0128260938737464,0.0,0.0004001974510804,-0.0043438026023105,0.0,0.0181411282544535,-0.0121649963282484
2021-01-26,0.0010419432755008,0.004112985422253,0.0170650897474626,0.0,-0.0012006977924435,-0.0046750434111204,-0.0074350965201301,-0.0115271851763214,-0.0012097130566222
2021-01-27,-0.0020855697001403,-0.0056351182026426,-0.0583533736987143,0.0,-0.0173705551096225,0.0151918271317997,-0.0024907010491199,-0.0250907172961441,-0.0144763633780564
2021-01-28,-0.0100713694497294,-0.021984432285364,-0.038862125635029,0.0,-0.0090056269388777,0.0091883332101751,-0.0024970171889561,-0.0081916208557307,-0.0006144647443113
2021-01-29,0.0121569391498696,0.0462573488573762,-0.055103713621765,-0.0193356933859477,0.0032841734434352,0.0270693855768079,-0.0512928142207214,0.0102874732615011,-0.0016906404148531
2021-02-01,0.0,0.0,0.0,0.0,0.0,0.0,0.0,0.0,0.0
2021-02-02,-0.0206280064945149,-0.0096386683591069,0.0296067087474811,0.0188684843043827,0.0053138484273977,-0.0089421146276948,0.0253341233031532,-0.0376864857059463,0.0
2021-02-03,0.0,-0.0230230897833857,-0.0004784267644865,0.0,0.0048799493700798,-0.0166039431112482,0.0,-0.0072728368190973,-0.0015396176229186
2021-02-04,0.0012751565638644,-0.005216716037159,0.0213025145675163,-0.0089181246746209,-0.0024369979497618,-0.0076396076267462,0.0006413657196748,-0.0171783203593625,0.0
2021-02-05,0.0208101501619836,-0.006371619484233,0.0093240995133071,0.0,0.0024369979497618,-0.0092450345396626,0.0278143423868493,0.0110766757798966,0.0
2021-02-08,0.0024929387596145,0.008983119708728,0.0206666862395465,0.0065789423214488,0.0036443974305622,0.0259755219543367,-0.0024970171889561,0.0205944544218314,-0.0003084833125784
2021-02-09,-0.0102198178501513,0.0060681406183113,0.0013628007355825,0.0070011954589835,-0.0073847495631257,0.0179376544544677,-0.0125784947274731,-0.0096385372493297,-0.0025505978872392
2021-02-10,-0.0033599175703165,-0.0099258261894315,-0.0036381199649617,0.0674412807955324,-0.0040897494556563,-0.0191450434369203,0.0012648950722651,-0.0097325226369313,0.0003092710119315
2021-02-11,-0.002949593699933,0.0037334617519738,-0.0253761625870397,0.0425596144187959,-0.0008202293268102,0.00572202400135,0.0335646580329808,0.0145636980736784,0.0
2021-02-12,-0.004016284436634,-0.002611750717179,0.0046620238857219,0.0226580238925839,-0.0157092786036241,-0.008141048566119,-0.0335646580329808,-0.0113902757225024,0.0
2021-02-15,0.0035947088158308,0.0360827332260883,0.0184335173474277,-0.0432859657271922,-0.0045941323477701,0.0057358428039857,0.0,-0.0031734223511759,0.0058635315135111
2021-02-16,0.0025291223500479,-0.00048046903655,0.0090911064599501,-0.0046898661496816,-0.0198694314092105,0.0024052057621334,-0.0114722546783731,0.0024418912456877,0.0
2021-02-17,-0.003162611033554,0.0012007758613141,-0.0045351658766808,0.0,0.0139922792687966,-0.0181822721983171,-0.0122544193059372,-0.0122698264372316,0.0
2021-02-18,-0.001056858068755,-0.0159730254364005,-0.0202028016372471,0.0198864052021737,-0.0042196662905296,-0.0092166310113094,0.0006488221874588,0.0073800665137839,-0.0061728025254426
2021-02-19,-0.0063624330994577,-0.0169769418082223,0.0041657644586879,-0.0029368468884004,0.0126053692543218,-0.0030912537636075,-0.0006488221874588,0.0061086813028925,0.0
2021-02-22,-0.0029833811173027,0.0050739834445201,0.0309257735016444,0.0,-0.0062824790735386,-0.0040327602843336,-0.0045528740334517,-0.0122549080637533,0.0
2021-02-23,0.0029833811173026,0.0275807107156975,0.0256423575120691,-0.0126851595273156,-0.0042105847543153,0.0095900862865704,-0.0091684099382864,0.008594095438621,-0.0091751827385191
2021-02-24,0.0210534456019754,-0.0236709994143149,0.0078261234787536,0.0,-0.0042282897181307,0.0039944847187954,0.0259757032776753,0.0,0.0153479852639618
2021-02-25,-0.0041754980931958,-0.0096777320186488,-0.0126392691890813,-0.0171678036223654,-0.004671981292881,-0.0283023115173206,0.0095693942779262,0.0012218996700047,-0.0155042757736141
2021-02-26,-0.0166651673513939,-0.015073372712785,-0.013245039668436,-0.0218827112495077,0.0084781272514271,-0.0066466354518204,-0.0224729564334643,-0.0061237037862618,-0.0031297094796358
2021-03-01,0.0082615753151365,0.0007586418486376,-0.0017794081881907,0.0175443096509095,-0.0046540923456565,0.0157532078411963,0.0051811820097872,0.0109960112271004,0.0
2021-03-02,-0.0063488918001847,-0.0008856022515743,-0.0004455129170827,0.0,-0.0076626493085011,-0.0006252632453356,0.0,0.0,0.0
2021-03-03,-0.0115312876754536,0.0003798548169547,0.0044445730015002,-0.0131292914417927,0.002986894666477,-0.0078505807900824,0.0,0.0012144803108492,0.0093601261682389
2021-03-04,0.0072760615183649,0.0,0.0105867374981398,-0.0358782876649019,-0.0081285784141381,-0.001893309046708,-0.0116956901361524,-0.0122104915379498,-0.0062304166886031
2021-03-05,-0.0146055296284819,-0.0087694287732028,0.0517321730751778,0.0873918221150098,-0.0047360515221994,0.0280304819461349,0.0129872516980082,0.0122104915379498,0.0
2021-03-08,0.0163096719302991,0.0203433435840508,-0.0223308506871155,-0.0383842430083153,0.0077384204285123,-0.0236183005692279,0.0064308185838951,0.0046007942758145,0.0
2021-03-09,0.0044599646588648,-0.0056443344110936,-0.0034145219650783,0.0086580627431145,0.0046434288091976,-0.009478719141778,0.0,0.0074615781887539,0.0017985312005028
2021-03-10,0.0,-0.0167431804089875,0.0144314614800252,-0.0395656002061912,0.00426462394993,-0.0127797648175626,0.0,-0.0024007920681235,0.0108781287667023
2021-03-11,0.0168106356100391,0.0,-0.0021092655512311,-0.0222180702675948,0.0042461189202113,0.0032102673226133,0.0,-0.0024065697444591,0.0
2021-03-12,0.0043663790488718,0.0089137859099222,0.0042141957499252,0.0,-0.0106497945618536,0.0,0.0,0.0024065697444592,0.0
2021-03-15,0.0020724546296045,0.0015199592823558,0.0419986771339612,0.0136614142761028,0.0034205088322561,-0.0022460829731451,0.0,0.0004805962725352,-0.0155765212042361
2021-03-16,-0.0020724546296044,0.0027812313157025,-0.0080972297441747,0.0219198838036589,-0.0047057595945708,-0.0061221884089216,-0.0234082481972844,-0.0065083872091089,-0.0047207274381523
2021-03-17,-0.0018688440354552,0.0,-0.0012202391728015,-0.0111235852186623,0.0034243024540271,-0.0051846015693957,0.0,0.0155971502767722,0.0
2021-03-18,-0.0031228946230035,-0.0027812313157024,-0.0445257903369965,-0.0249163512645345,-0.0129033854238375,-0.0256678861338099,-0.0132450885147941,-0.0071685672720749,0.0014184273614688
2021-03-19,-0.0033416729676032,-0.0076241426434187,0.0084747521112017,-0.0138570346614262,0.0722197794563199,-0.0134229860383226,-0.0270288078383909,0.0035906488225263,-0.0061617807151401
2021-03-22,0.0,0.0,0.0,0.0,0.0,0.0,0.0,0.0,0.0
2021-03-23,0.0004182456434028,0.0,-0.0382760364330919,-0.0183060443604767,-0.0537761591529223,0.0070696108676915,0.0389573559055135,-0.0071938842846323,0.0
2021-03-24,-0.0124144994206008,0.0,0.0225411228543692,0.0317042301727607,0.0033938929108893,0.015643531719871,0.0013165404476714,0.0107718027341809,0.0063192769241567
2021-03-25,0.0014807393678762,0.0,-0.0077455158459903,0.0,-0.0089341277904493,0.0082223198271174,0.0,0.0047509625954046,0.0
2021-03-26,0.0004228923628382,0.0101633711050988,0.0154312885214657,0.0,-0.0081528132829508,-0.0029521851818192,0.0,0.0141177998922839,0.0
2021-03-29,-0.006785325462296,0.0006331069664638,0.0156150663211525,-0.0041388603994872,0.0,-0.001315097835868,0.0,-0.0011689385654178,0.0
2021-03-30,0.0063624330994577,-0.0005064685156556,-0.0063010256077898,0.0205252359447308,0.0004308992814004,-0.007926000797783,-0.0132450885147941,0.0067604248050271,0.0233475716850248
2021-03-31,-0.0168428266799141,-0.0118528284682934,-0.0029541352187436,-0.0022598879674374,-0.0021556510878052,-0.0103316091101237,0.0,0.028854893766719,0.0
2021-04-01,0.0,0.0,0.0,0.0,0.0,0.0,0.0,0.0,0.0
2021-04-02,0.0,0.0,0.0,0.0,0.0,0.0,0.0,0.0,0.0
2021-04-05,0.0166315021853088,0.0102047500729078,-0.0174806185914326,0.0,-0.0130324112014593,0.0090045169187853,0.0191488721906501,0.0,0.0
2021-04-06,-0.0031769045751078,0.0019016073691835,-0.0156052066422031,0.0,0.0181979681249879,0.0099108580923294,0.0,-0.0186782164295233,-0.0016937023601265
2021-04-07,0.0,-0.0002535289737978,0.0207530436533096,0.0,0.0008584546243303,0.0085106385159195,0.003264590506986,-0.0169318474813672,0.0108818021164233
2021-04-08,-0.00873553248004,-0.0217733867059122,-0.0242540194441377,0.0,-0.016872525325285,0.0052016751893896,-0.0358366542304818,-0.0105821081153086,0.0791044153177586
2021-04-09,-0.004504120225086,-0.0029823573137749,-0.0092491077447514,-0.0045351551653912,0.0105818887250996,-0.0029226850634707,0.0266682800476394,0.0159476467922593,0.013185540480395
2021-04-12,0.009626836415905,0.0,0.011876150648355,0.0090498355199178,0.0060426231203471,-0.0140823461531832,0.0111220652865452,-0.0278386515498219,-0.0106471650883637
2021-04-13,-0.0143669468054576,-0.0001298897670158,-0.0030657182893359,0.0,-0.0064757761478382,-0.0039655667477433,0.0019499819596061,-0.0072025995338007,0.0
2021-04-14,0.0,0.0,0.0,0.0,0.0,0.0,0.0,0.0,0.0
2021-04-15,-0.0036784820465697,0.017892889590854,0.0169609140330762,-0.0095045120674334,-0.0393072776469891,0.0190232119310195,-0.001188837754869,0.0122139613973118,0.0
2021-04-16,0.0084046991800046,-0.0182830450703352,-0.0004345880603105,0.0,0.0222727274345895,0.023709291004033,-0.0153184551317979,0.0092408548216681,0.0
2021-04-19,-0.0126888031297825,-0.0039053127804818,-0.0004347770092107,-0.022069805155915,0.0043957925374843,-0.0070763308702271,-0.0020153777848447,0.0163746466297345,0.0112046021064608
2021-04-20,-0.0037499236374594,0.0001303715928405,-0.0082950486698318,0.0,-0.0043957925374842,-0.0006457862671961,0.0317697415244108,0.0067060122839878,-0.0001394159366891
2021-04-21,-0.0004420658501903,-0.0014359518299069,-0.0083646501055839,0.0023218026953524,-0.0088495688382172,-0.0045322188295566,-0.009820079724852,-0.0020764999876515,0.0098414364175525
2021-04-22,-0.0050980885150584,-0.0068152757689003,-0.0053191579950339,0.0,-0.0138735615071417,-0.0143793327243428,-0.0239689047245431,-0.0221841256300164,-0.0110956118425352
2021-04-23,-0.0211102659327593,-0.0064646845492473,-0.0098260349904588,0.0,-0.0095089067787346,-0.0112545964848218,-0.0020240468099372,0.000236127809424,-0.0025139754075142
2021-04-26,0.0108353692866839,0.0151070022219631,0.0186757167813813,0.0,-0.0155895643206506,0.0314573038023413,-0.0006753198672121,0.0007079338728431,0.0091862415863287
2021-04-27,-0.0056286379853293,0.0268277145627856,0.0074609884727728,-0.0121327016348582,-0.0037037753219251,0.0140938335770557,0.0358364990990229,0.0096257336360168,0.0015225966453456
2021-04-28,-0.0063418978106849,-0.0106289753109871,0.0194852885494076,0.0,0.0283516405563443,-0.0092667572499653,0.0,-0.0046839505543248,0.0015206222207026
2021-04-29,-0.0070690090925482,0.0159652016872571,-0.0094786675467344,0.0093458624182375,0.0178732746295913,-0.0217434772720848,-0.0045732087477506,-0.0141847119602939,-0.0022123498025591
2021-04-30,-0.013825187665324,-0.0053362263762699,-0.0442551285925459,0.0138570346614262,-0.0490112361807946,-0.0391420110050401,-0.0285639236741228,-0.016807132111284,-0.0006926160104111
2021-05-03,-0.0378295467765133,-0.0076727014511219,0.0040641817820108,-0.0373875320716203,-0.0427618441122485,-0.0280247052605067,-0.0026993666771493,0.0048311497925839,-0.0124048019473796
2021-05-04,0.0112617972033792,-0.0114905606799601,0.0027001594821148,0.0,0.0239815029970201,-0.0109367428339748,0.0107530048286294,-0.0014468840325113,0.0097693809046096
2021-05-05,0.0035674421410129,-0.0117552778799953,0.0279214141894537,0.0,0.0094340938040221,0.0207134340358817,0.0,-0.0009657143873783,0.036814053941479
2021-05-06,0.0423026048900221,-0.0014466376276145,0.0,0.0,0.0204469618378721,0.0478300019523658,0.0,0.025987714474883,0.0285055279165121
2021-05-07,-0.0077680346679738,-0.0132451190423401,0.0,0.0094787439545437,0.034361414396645,0.0193544199947734,0.0079893956920172,0.0046960485163917,-0.0029966644943918
2021-05-10,0.0114026590925155,0.0,0.0297114772162735,0.0279087881170766,0.014560156627797,0.0319720304318545,0.0,0.0128011155453551,-0.0082552854021281
2021-05-11,0.0177552283907051,-0.0066886954995787,-0.0179798183921258,-0.0283806263185908,-0.0038222798282909,-0.0200229500432687,0.0079258708810459,-0.017497164061747,0.0016718221584076
2021-05-12,-0.0314540727488671,0.0064220710357204,0.023480232611328,0.0,-0.0124223334010802,-0.0103260748622432,-0.0132452387476559,0.0119314150496003,0.0
2021-05-13,0.0123373577248397,-0.0044110611412602,-0.0295461757832171,0.0145235916571645,-0.0062696221288499,-0.0009734440043085,0.0,-0.0058308186979217,-0.0001316202929315
2021-05-14,-0.0009084746561552,-0.0020110098944601,0.036693580003071,-0.0004652528808533,0.0195738404066323,0.0129034039132648,-0.0173985751663979,0.009312969593193,-0.0080583811842544
2021-05-17,0.0,0.0,0.0,0.0,0.0,0.0,0.0,0.0,0.0
2021-05-18,-0.006841772927641,-0.0026885798749833,-0.0134967840659814,0.0,-0.0133042182777822,-0.0358929941041197,0.0,-0.0081440371665461,0.0321092481464201
2021-05-19,0.0181411938339976,-0.0086507525863797,-0.0034027736768726,0.0,-0.0062696221288499,-0.0039946051458352,-0.0068261500702275,0.0,0.0131439673007377
2021-05-20,-0.0204321187093945,-0.0158734857170725,-0.0141602261794988,-0.0235415774984295,0.00626962212885,0.0003334631068685,-0.0137933841225846,0.0,-0.0012691595170861
2021-05-21,0.0006879662845671,-0.0293934055650745,-0.0126116138299916,0.0,-0.0280684415226678,0.0033288977582214,0.0,-0.0188686625146187,0.0153679854575035
2021-05-24,-0.030958254011602,-0.0273593616977676,0.0039310454105575,-0.0383635003471752,-0.0176015856354507,-0.0106916407622767,-0.0027815500347324,0.0,0.0244484872324365
2021-05-25,-0.0118905242596945,-0.0002920144666168,-0.0260559002584028,-0.009950330853168,-0.0236412585832877,-0.0047138877223914,-0.0253891314876373,0.0,-0.0370275287107491
2021-05-26,-0.0266681900068476,-0.0177810026009563,-0.0067338617544218,0.0,-0.0009575396427138,-0.0353806811636096,-0.0143891296481112,-0.0129402997662739,-0.0063491403968937
2021-05-27,-0.0778951671208052,0.0074346326879014,0.0,0.0392207131532813,-0.0183670584657255,-0.0176371414861068,-0.1053604912545143,-0.0777139420461924,0.0063491403968937
2021-05-28,0.1036060062389557,0.0329330863068717,-0.004062457859985,0.0,0.0250493371265419,0.0280720954761812,0.0456415488294421,0.0333279044049666,-0.0519592049198328
2021-05-31,0.0,0.0034346667388952,-0.0095432959707475,0.0,0.0272191249356778,0.0034541581705927,0.015267309635481,0.0298080843370086,0.019671378001407
2021-06-01,0.0163880354505207,0.018961817065967,0.0385180190583922,0.0138459788430804,0.0165292315529007,0.023851290453749,0.0298530982161148,-0.0004896546801098,-0.0064267918065824
2021-06-02,-0.0130410566474775,0.0072624596157988,0.0277313232488981,0.0099081071650267,-0.0165292315529008,-0.0111734129647595,0.0044021364485238,-0.0207820006219531,-0.0071302154452345
2021-06-03,0.0016691717093222,-0.0064217202000105,0.0085107538592728,0.0,0.0092166511652022,0.0208903222403998,0.0,0.0,-0.0061143707495899
2021-06-04,0.012548992626537,-0.0029456030167236,-0.0021210120472003,0.0,-0.005058551923249,0.0132495407443004,-0.0222066142882922,0.0049873447175176,0.0
2021-06-07,0.0,0.0,0.0,0.0,0.0,0.0,0.0,0.0,0.0
2021-06-08,0.0114634925910047,0.0096458654194576,0.0172599600706807,0.0,0.0351251476523946,0.0,-0.0120486203763465,0.0012430351759106,-0.0254682212889247
2021-06-09,0.0002324099932961,0.0016681560695996,-0.010910580224553,-0.0009393939009687,-0.0262337970846357,0.0134011914855209,0.0364487803564856,0.0279293438576551,0.0
2021-06-10,0.000697562524279,0.0124225260471613,0.0063090097939915,-0.047146792766669,0.0163640028550039,0.0151444449663043,-0.0065956821403707,0.0036175907379962,-0.0137933043721332
2021-06-11,-0.0002324120623786,-0.0331921977719903,0.0025126656698492,0.0146701897477938,0.0098697942296317,-0.0151444449663044,0.0,-0.0130851306846418,0.0273993375016627
2021-06-14,0.0,0.0,0.0,0.0,0.0,0.0,0.0,0.0,0.0
2021-06-15,0.0113256292424101,0.020769671724829,0.0198764175870066,-0.0048661896511728,0.0040103736138818,-0.0387273629562682,0.0060300805973269,0.0024363457556449,-0.0273993375016628
2021-06-16,-0.0002298478177335,-0.0001389884371534,-0.0123762852417016,-0.009311480500294,-0.0134294069958776,0.009071081407224,-0.0014679809599629,-0.0061016716278615,0.0069207727330269
2021-06-17,-0.0092380775242808,-0.022760298108448,-0.0070822079964983,0.0,0.0183084037346237,-0.0144856460400193,-0.0014692504105811,-0.0280515136870842,-0.0069207727330268
2021-06-18,-0.0149605816999275,-0.0024187015009989,0.0020883409520824,-0.0153811320900774,-0.0044347562141559,-0.01953116254074,-0.0133233348946354,0.0020120059567656,0.0
2021-06-21,-0.0221463685968893,0.0110499926424662,0.0259433273607499,0.0049875415110389,-0.0017793827769789,-0.0156934722882225,0.0133233348946354,0.0,-0.0210532422360329
2021-06-22,-0.0177337423215852,-0.0139029795499548,0.0085004985186828,0.0,-0.0161584457822591,-0.0017590543604983,0.0,0.0025094045325878,-0.0056896270828471
2021-06-23,0.01024127045427,-0.0071687474886281,0.0163903417822852,0.0,0.0179378285592382,0.0122487377226803,0.0,0.0057477529822106,-0.0014278302327572
2021-06-24,0.0211242743255996,0.0071687474886281,0.0865486282765209,0.0,-0.0026701598640086,0.0291364784401738,-0.0073799270919523,0.0091777952420856,0.0
2021-06-25,0.0,0.0109550411156492,0.0072466418486958,0.0399858095439394,-0.0017844542744631,-0.0044015269733932,0.0,0.0073800873491119,0.0
2021-06-28,-0.0023780103792413,-0.0069756661561927,-0.0189511110637017,-0.0052719548737026,-0.0022344602229334,-0.0126345840088102,0.0147062307084544,-0.0063928628852668,0.0
2021-06-29,-0.0119763885587397,-0.0008575869409793,-0.0003680605555963,0.0,-0.0290531858739333,-0.0328357190579695,0.0,-0.0061859155339013,0.0
2021-06-30,0.0238107898299162,-0.0020037611156267,0.0018388591476428,0.0038368766158033,0.0077998816120886,-0.0222630379893328,-0.0139660059727739,0.0,0.0
2021-07-01,-0.0199626225880909,0.0099787286100143,0.0350151769768754,0.0,-0.0036627368818096,0.0169221355387636,0.0341981738782009,-0.0012417397216461,0.0
2021-07-02,0.0009595630950488,-0.0018455198020383,0.0112875610117033,-0.0091368460797469,0.0378083433173516,0.0250321153407508,-0.0246212401513851,0.0,0.0
2021-07-05,0.0,0.0,0.0,0.0,0.0,0.0,0.0,0.0,0.0
2021-07-06,0.0047848951571829,-0.0196607594527548,-0.0219867450931083,0.0,-0.0146834306976998,-0.0175627977553554,-0.0103171584624963,0.0064442289808885,0.0
2021-07-07,-0.0151501183384162,0.0285731955359886,0.0039364086231467,0.0,-0.0049428868812224,0.0147734730615479,0.0147062307084544,-0.0054469313175247,0.0
2021-07-08,0.0125210696286306,-0.0002816175523593,-0.0169281934158724,-0.0195128142235817,-0.0040622420036703,0.0244880890271105,-0.0184166066727687,-0.0057262656384011,-0.0071681961105598
2021-07-09,-0.0047970972042366,-0.0002816968831465,0.0029016749512278,-0.0148886124937506,0.0037647403900089,0.0067912728439863,0.0300275927201555,0.0024936895890041,0.008853138925601
2021-07-12,0.0,0.0,-0.0039922124310131,0.0,0.0,0.0,-0.0292845051516431,0.0,0.0
2021-07-13,0.010285711576758,0.0074415626497579,-0.0109687542603974,0.0024968801985871,-0.0122757750683677,0.0117746990393279,0.0,-0.0042429308403038,0.0
2021-07-14,-0.0004758025980534,-0.0028017917071361,-0.0260723434514331,0.0,0.0027410844160254,0.0,0.0031252907628089,0.0054875083105202,0.0
2021-07-15,0.0071336607989843,0.0,-0.0306538795310605,-0.0024968801985871,0.0018230143203999,-0.0046932704317496,0.0,0.0012430304223587,0.0
2021-07-16,-0.0002410116221926,-0.0004209014476185,-0.0038985741875735,-0.0196926022212305,0.0,-0.0074199328616574,0.0220433489091896,-0.0014918463308515,0.0
2021-07-19,-0.0241504786004671,-0.0179829132671719,-0.0447357989367336,0.0,-0.0128324046214826,-0.0184494471167596,-0.0220433489091896,-0.030056582177649,-0.0071686467535844
2021-07-20,0.0,0.0,0.0,0.0,0.0,0.0,0.0,0.0,0.0
2021-07-21,0.0063994752275316,-0.0028616741132171,0.0349222967895759,0.0,-0.0129993259042554,0.0037860419873525,-0.0037216932565006,0.0250679513534428,0.0
2021-07-22,0.0004902550231443,0.0098383348158346,0.0058997661123077,0.0191924466467033,-0.0231635931977038,0.0133083913719475,0.0,-0.032273224929684,0.0
2021-07-23,0.0002453771080056,-0.0001418377193576,0.0003920636031042,0.0,-0.0052742323143333,-0.0160605234862546,0.0,-0.0062177222205692,0.0
2021-07-26,0.0044032255998115,-0.0068348229832598,0.0178713221453871,-0.0197025517429921,0.0086167255202911,-0.0076071522945359,0.0140689019647476,0.0,0.0
2021-07-27,-0.0053843304269267,-0.0248647818774527,0.0011545590134797,0.0,-0.0057360418163193,0.0079516787193529,0.0,-0.0130788986607653,0.0070257678728335
2021-07-28,-0.0061540025315664,0.0095136064574555,0.0042219520275446,-0.0076824961720162,0.0038274611348643,-0.0082988021786305,-0.0103472087082469,-0.0180662591882491,-0.0731961177095994
2021-07-29,0.0086047501448331,0.0176151661135838,0.0133156886763572,0.0020544121388738,-0.0178273523324481,-0.0003473209863513,-0.0029761334759493,-0.0067251605124822,0.0
2021-07-30,-0.0105819947605655,-0.022872897937783,-0.0049251663805369,-0.0046284161340467,0.0062999585412826,-0.003131097585757,-0.0007455597805512,-0.0027026206989493,0.0443513216418908
2021-08-02,0.0166834313379622,-0.0042558746332564,-0.0133820637865743,0.0,-0.0121508915819082,-0.0069929582589924,-0.0007460036628263,0.0024327134475261,0.0
2021-08-03,-0.0068359031271215,0.0258397870277041,0.0084324260705085,0.0,-0.0049019326503605,-0.0070422826254129,0.0,0.0013490058415749,0.0
2021-08-04,0.0012240656727837,-0.0170546543869903,-0.0216056377020455,0.0153455696746603,0.0102664157885635,0.0199412274142496,0.0096546843047549,0.0176380343534611,-0.0220050064810812
2021-08-05,-0.0017140948037987,0.0087082885744071,-0.0145357810558444,0.0,-0.0004866866511013,-0.016766022540914,-0.0322973403667452,-0.0053120628623122,0.0
2021-08-06,0.0,0.0023092296268798,0.0078835234515115,0.0,0.0072730950948066,0.001056191139305,0.0181553608058489,-0.004002680222611,0.0
2021-08-09,-0.004914226434401,-0.0180393193073508,0.0167413650897601,0.0,-0.0072730950948067,0.0084092990779558,0.0,0.0,0.0
2021-08-10,-0.0096523250735419,0.00102694788502,0.0030841041461095,0.0,0.0242632922052059,0.0048729643659173,0.0119222945569675,0.0,0.0017605356904446
2021-08-11,0.015791047188683,-0.0091337061661112,0.0156581459871463,-0.0158611979670291,0.0075941782464703,0.0089871940364309,0.0073799063267474,-0.0026772293462076,0.0220050277743808
2021-08-12,0.0131325794574741,0.0092806446081489,-0.0064626840979907,0.0,0.0047168758332304,0.0318346496347596,-0.0029452302788269,0.0024097830091962,-0.0268270940961728
2021-08-13,-0.0094671337454625,0.025907482742791,-0.013825192344566,0.0309748357770774,0.0070338575884438,0.0327898967082498,0.0175440730326561,0.0,0.0558148017169378
2021-08-16,0.0,0.0,0.0,0.0,0.0,0.0,0.0,0.0,0.0
2021-08-17,0.0236212449107707,0.0140457253898505,-0.0023227848929761,0.0,0.0253761409149365,0.0160004117133493,0.0030481591068224,-0.0064393443981238,0.0
2021-08-18,0.0007143437806732,0.0320260012905279,-0.0046619145684822,-0.0176549352387207,0.0458574830861895,0.0370815706349359,0.0271640636772746,0.0120402318610525,0.0
2021-08-19,-0.0074065523228305,-0.0177576274617198,-0.0188686668988808,0.0,-0.0047985900767709,-0.0120019566048206,0.0562178368510786,0.0210533983747466,0.0
2021-08-20,0.0236980690473813,0.0066444960447197,0.0063291643272503,0.0,0.0013110920308279,0.0055573533086351,-0.0134231163719317,0.0013011325041947,0.0
2021-08-23,0.0116412679768494,0.0045424697454938,0.041705143587057,0.0126423934151765,-0.0039382427428206,0.0170944322026261,-0.0136057507268064,0.0012995685990098,0.0
2021-08-24,-0.0053382296672901,-0.0001374741136647,0.0101598660471091,0.0030105697316063,-0.0070387529630694,-0.0109557457480699,0.0149558550790832,-0.0223252368504876,0.0
2021-08-25,0.0168458535837083,0.0061620474713508,0.0018701303003771,0.0208237413068033,-0.0004417300583561,-0.0147967486042467,-0.0176993817088825,-0.0201214348346788,0.0
2021-08-26,-0.0184763521109775,0.0040755649599561,-0.0165789948674741,-0.0014731308802523,-0.015131476623889,-0.0273904517978203,-0.0328123863382043,0.0016247511554648,-0.0139541536077029
2021-08-27,-0.009367585278483,-0.003828673818547,0.0105820404128761,0.0,-0.0031441640500229,0.0378940322011565,0.0119928146731089,0.0078158104921777,-0.0004346679808485
2021-08-30,0.0116958947555144,-0.0136562287301514,-0.0041439254301504,0.0,-0.0158701033747889,-0.0018455182536457,0.0166900651013953,0.0037511230966439,-0.021978892527084
2021-08-31,0.0023229010420832,-0.0210535431277893,-0.0022675732964962,-0.0073983074814449,-0.0091823716756521,0.0036877048354159,-0.0315259581069916,0.0016035409612882,-0.0059433992093121
2021-09-01,-0.0140187957975976,0.0140848839699113,-0.0202568584109087,0.0,0.0073527354726227,-0.0003067615164772,-0.0035650917360013,-0.0040133239704846,0.0420252781954453
2021-09-02,0.0204943266162363,-0.0063137576311232,0.0304208273786027,0.0004949572088433,-0.0018332007782749,-0.0015354250652928,0.0141843132489329,0.0,0.0074032051741246
2021-09-03,-0.0009223412172895,-0.0133182440817615,-0.0131953896168849,0.0,-0.0009172817418371,0.0015354250652927,0.0105079514404411,0.0093395330995884,0.0
2021-09-06,-0.0202780086856213,0.0,-0.0003796563132814,0.0,0.0,-0.0107975404659701,0.0,0.0026524393315423,-0.0014195663151378
2021-09-07,0.0007060232866744,0.0041277720045029,-0.0106869611529304,-0.0104452880620113,-0.0129391011855147,0.00803217114725,-0.0055901741644485,-0.0053120628623122,0.0
2021-09-08,-0.0056631765338325,0.001561507442992,-0.0050010476301052,-0.0005001555745272,0.0041767393600163,-0.0009235372903161,-0.0191020905249256,0.003986593093038,-0.0317486197933704
2021-09-09,0.0035432827830719,0.0094572114675072,-0.0089097135956295,0.0,0.007089448674959,0.0070585254406957,-0.0107722832134199,-0.0013269695622681,0.0017169819443347
2021-09-10,-0.0090004942608015,0.0039256770832147,-0.0066365802536075,0.0005001555745272,0.0027638309601549,-0.0113795196703036,0.0354645479027938,-0.0106808731870362,0.0
2021-09-13,0.0,0.000280240543665,0.0074145511084554,0.0,-0.0185707721594704,-0.0102597232178138,-0.024692264689374,-0.0148753884650467,-0.0480572905434618
2021-09-14,-0.0126903775424244,0.0105759185543147,-0.0085902810772712,-0.0253178079842898,0.0144219441860094,-0.0028164277781791,0.0,0.0054348268174042,0.0076630305995737
2021-09-15,0.0052871975338875,-0.0033276662254342,0.0270807813692704,0.0,-0.0046292481272927,0.0003132975600605,0.0256041343210121,-0.0027136217200937,0.0208497204506477
2021-09-16,0.000718877009162,0.031713880107269,-0.0019101406690097,0.0248176524097626,0.0,0.0192373292092837,0.0152465978685503,-0.0228126040687423,0.0017927780174223
2021-09-17,0.0201548065555426,-0.0138193050153508,-0.0189158983874996,0.0,-0.0018579933604484,-0.0286802700095657,0.0,0.0091324570278789,-0.0029893368127491
2021-09-20,-0.0261608810985922,-0.0057462003809453,-0.0180894838297489,0.0,-0.0154603397653675,-0.0025332502464336,-0.0027551558264071,-0.0022063416685864,0.0381836459024405
2021-09-21,0.0012042709523117,0.0,0.0035652104368954,-0.0299590519101812,0.012667127988794,-0.0269939269417409,0.0,-0.0116634823337053,-0.0115943288796358
2021-09-22,0.0059987847212255,0.0057462003809452,0.0160818413025156,0.0284572353927705,0.0046512051370217,0.0094018814440381,0.0,0.0055710761199746,0.0014562815937779
2021-09-23,0.0259752951589321,0.0,0.0077519409302289,-0.0040160848827307,-0.0046512051370218,0.0226521448460454,0.0068728884802615,0.0069203633259933,0.001455016433142
2021-09-24,-0.023585787982903,0.0,-0.0155642511526522,-0.0045374878062613,0.0009320800764253,-0.0012625564190736,0.0,0.0142429539467034,-0.0116963222621491
2021-09-27,0.0163335306751956,0.0037997187682592,0.0463594324444287,-0.0005053871499923,0.0032550300547967,0.032932387270385,-0.0221613500816148,0.0062356092548382,0.0014695526263215
2021-09-28,-0.0044713063706606,0.0010909996774755,0.010428241358888,0.0,0.0018549829177624,-0.0039809848783616,0.0020985762207228,0.0160861623229543,-0.0162845086011477
2021-09-29,-0.0033071981339474,-0.0051919902271882,0.0025903612781743,0.0,0.0027767268615342,0.0067278538955158,0.0200627738608919,0.0105821038620303,0.0221409325830167
2021-09-30,0.0007098582462202,-0.0107425187566381,0.0102943220868325,0.0110609319309225,0.0009235827301373,0.0178224528669495,0.0,-0.0079262716722988,0.0065480578199916
2021-10-01,0.0004726861295753,0.0103313741954662,0.0127203334129131,0.0,-0.0018482312571636,0.0,0.0,0.0181370855255028,0.0
2021-10-04,0.0061263009143525,-0.0037069722544646,0.0200222541897296,-0.0253178079842898,0.0046146110156338,-0.0060058909324235,0.0129296841600603,0.0259689174165992,-0.0138740344281818
2021-10-05,0.0088866682350441,-0.0082874621650997,-0.0053239212570705,0.0,-0.0004604617965353,0.0009031730320317,-0.0407090749740972,-0.0076396135784815,0.0
2021-10-06,-0.0058372914951665,0.019095388616949,0.0,0.0198025966098262,0.004136858503864,0.0015035668380433,0.0277793908140367,-0.0025607941215358,-0.0039786131546316
2021-10-07,0.0127980959324939,0.0109614108703334,0.0176371010524001,0.0,0.0041202341629897,0.0086762274775356,0.0203399120089121,-0.0129033958920296,0.0039786131546316
2021-10-08,0.0030011851875493,-0.0067521640625133,0.0166440090745725,0.0,0.0086423196891984,0.0002978076238249,0.006688895720873,0.0051814939401478,0.0
2021-10-11,0.0164612887877408,-0.0013558739843865,0.0123035489500824,-0.0045351244790377,0.0024112176009497,0.0056422151951404,0.0,-0.0103898481546295,0.0018999537944029
2021-10-12,-0.0068257853729408,-0.0050330558051266,-0.0136799541733683,-0.0005052089274286,-0.0118504724678915,-0.0221566598964007,0.0,-0.0036620112487521,0.0
2021-10-13,-0.0022858926415756,0.0,0.0017202107184192,-0.0199036627037784,0.0050305859364123,0.0141292982064123,-0.0147751616117516,-0.002886828191536,0.0
2021-10-14,0.0206455428212757,-0.0045101266545197,0.0030888575461705,0.0304592074847084,0.0167388484072989,0.0308618828182543,0.0049436386488796,0.0015757422993362,0.0
2021-10-15,-0.018433916940799,0.013470202315858,0.0142908946189241,-0.0010004850595205,0.0004484301560628,-0.0014480656957076,0.0006844889968712,0.0023586800183004,0.0007358022243244
2021-10-18,0.0,0.0,0.0,0.0,0.0,0.0,0.0,0.0,0.0
2021-10-19,0.0,0.0037769127356408,-0.0023674836378904,-0.0232922231435293,-0.0008971640592652,-0.0084412921068277,-0.0006844889968713,0.0078227713371329,0.0
2021-10-20,0.0069527580589873,-0.0064839163110066,-0.0054329744730672,0.0142423723495483,-0.0135565136808192,-0.0052755750980189,-0.0158790833525381,0.0090498983687899,-0.0044211562225
2021-10-21,-0.0002309526524337,0.0,-0.0092356067205987,0.0085491944455226,0.0077043683071027,0.0125568386645126,0.0020855890483211,0.0,0.0
2021-10-22,-0.0039348512785925,-0.0040733891042791,-0.0068965459817968,-0.0040140699664847,-0.0113507977199899,-0.0169744899611733,0.0,0.0176045263461542,0.0
2021-10-25,-0.0088517483866673,0.0028533728234335,0.0,-0.0050403334064664,0.0022803027992395,0.0023585569289517,0.0,0.0025261736853491,-0.0007392799082252
2021-10-26,0.003736635585413,0.0079764450803501,0.0137457711832791,0.0,0.0068107019531124,0.0114186242198563,0.0,0.0115375642067687,0.0
2021-10-27,0.0020958318183448,0.0,-0.0217360950225602,0.0195153012750868,-0.0049897181407729,0.0014545778815051,0.0,-0.0037475919894022,0.0
2021-10-28,-0.0023288588544602,0.0264016968424579,0.0079903238392811,0.0,0.0095046206714007,0.0043508251669015,0.0233366606299164,0.0087225531768411,-0.000739249939746
2021-10-29,-0.0011665061286495,-0.0011852930906431,-0.0149908416315681,-0.0039722149831176,-0.0085954226635583,-0.0186973997946753,0.0,-0.0012413005608426,-0.001036013256576
2021-11-01,0.0,0.0,0.0,0.0,0.0,0.0,0.0,0.0,0.0
2021-11-02,-0.0126852112150522,-0.0119285419941393,0.0024556087485156,0.0,-0.0004543398647249,-0.00324925169742,-0.0303052634911252,-0.0059805178612159,-0.0305216864473796
2021-11-03,0.0117512321962751,-0.0093772337337704,0.0125352328830525,0.0,0.0112990790733208,0.0050169470582954,0.0262268396143919,-0.0002499355871938,0.0285947889258547
2021-11-04,0.0,-0.0106890216957743,-0.0065961677418972,0.0,-0.0031508326236063,0.0002944319277597,0.0054343434375986,0.0,0.0014824805234159
2021-11-05,-0.0035111479960095,-0.006962174707317,0.0020877676554932,0.0,-0.0036133864520589,-0.0112461145058697,-0.0108990858865646,-0.0012507991675886,0.0
2021-11-08,0.0081728188528446,0.0010952172900482,0.0158624181869929,0.0,0.0036133864520588,0.0115403293448921,0.0129298226931685,0.0161391344165395,0.0116359120609126
2021-11-09,0.0,0.0187072628587568,0.0047781346018066,0.0,-0.0098530033702657,-0.0130294998627137,-0.00067645416209,-0.0294945791238312,0.003323785421532
2021-11-10,-0.0105201055527629,-0.0008062279098842,-0.0195985576605881,0.0,-0.0073323703265759,-0.0077798115727593,-0.0013542826445137,-0.0035579050301382,-0.0480663502639864
2021-11-11,-0.0023528895397486,-0.018996252238921,-0.0055709848812507,-0.0100000833345833,0.0,-0.0087495234120971,-0.0205347112331887,-0.0020387776652769,0.0553498539021385
2021-11-12,0.0011772168056354,0.0010952172900482,-0.0084151920827732,-0.0055430029573858,0.0,-0.0292102743607572,-0.0020768244815148,-0.0467386249598235,0.000725758736186
2021-11-15,0.0,0.0,0.0,0.0,0.0,0.0,0.0,0.0,0.0
2021-11-16,-0.0023558210841953,0.0057306859816181,-0.0285734151564099,0.0,0.0,-0.0204893941915152,0.0146273922420269,0.0208974104077375,0.0
2021-11-17,-0.0028341055412316,-0.0136987199083023,0.0036168459048934,0.0,0.0,-0.0160516372772519,0.0068257606719834,-0.0105263027363894,-0.0050889953260837
2021-11-18,0.0073052232268241,0.0041292764361444,-0.0039791261081018,0.0,0.0,-0.001295336875706,0.0067795844813031,0.0,0.0173412636379878
2021-11-19,-0.0331813146843515,-0.010910865882807,-0.0421972023644138,0.0,0.0,-0.0383137983210264,-0.0273989631734216,-0.0543611666369257,-0.0129780270480901
2021-11-22,-0.0048660809270005,-0.0001388699686795,-0.009496819472224,0.0,0.2085014164558235,0.0200005920751003,0.0006944169585596,-0.0027971750089803,0.0158394565395316
2021-11-23,-0.0002438271567087,-0.0125789099486159,0.0151518269209373,-0.0193883001469306,0.0081813923085861,0.022516823521866,0.0,0.0251706415744211,0.0
2021-11-24,0.0026798274602371,-0.001407528308064,0.0089820907988931,0.0097411376103413,0.0342223936416415,-0.0159377070757891,0.0260288309141882,0.0159873972734762,0.0
2021-11-25,0.0264121618969271,0.0177705866125084,-0.0052296205578458,-0.020098557683411,0.0106799459338034,0.0097879329842844,0.0,0.0210141468492921,0.0
2021-11-26,-0.0167267437012968,-0.0137062367488655,-0.0514906557209925,0.0020800521807327,0.000354167616631,-0.0163670494303613,-0.0027080332004905,-0.0266752752948052,0.0
2021-11-29,-0.0012055185683238,0.0,0.0229986738122497,0.0129034048359077,0.0399012787574441,0.0,0.0020317617335504,0.0216614312435215,0.0
2021-11-30,-0.0229392750798571,-0.0072082006096073,0.0019248481394591,-0.0010261516892042,-0.0119762844281299,0.0228394919698227,-0.0122533583856727,-0.024097625626614,0.0501499102601929
2021-12-01,0.0666040105048405,-0.0071174171374337,0.0,-0.0144780348467609,-0.0121213767943773,0.0441712183131374,0.0389571970462444,-0.0054348055418651,0.0012217667072081
2021-12-02,0.0073629297775318,0.0139027936544939,0.0224386686577753,0.0,-0.0041898101384675,0.0140976898108382,0.0,-0.0051906053504084,0.0122729395725952
2021-12-03,0.0004585146808534,0.0005633213406053,0.0007518484219134,-0.0099450904265304,-0.0028030977601664,0.0042514488573581,-0.0253518518929578,0.0008214469773633,0.0
2021-12-06,-0.0112917414848177,-0.0073486978576655,0.0100954704165138,0.0047231464453787,0.0108184704527725,-0.0030348363225822,0.0067341279869905,-0.0010953457596643,0.0
2021-12-07,-0.0093130922561478,-0.0068318146083078,0.011834600946743,0.0052219439811516,-0.0090659729475722,0.0057583632967591,-0.0107961814959821,0.0041012249657131,0.0
2021-12-08,0.0,0.0,0.0,0.0,0.0,0.0,0.0,0.0,0.0
2021-12-09,0.0058306312235931,-0.0099033410118369,-0.0036831819625434,-0.0052219439811517,-0.0154536467510172,-0.0106335164976681,0.0254534485733797,-0.0024586893090555,0.0027759300055448
2021-12-10,-0.005830631223593,-0.0001443365991649,-0.0011079416089356,-0.025989231601458,-0.0187120778574296,-0.0288167616602022,-0.0329440252571404,0.0010934823619974,0.0
2021-12-13,0.0032694455141847,0.0116174856239405,-0.0284769308725415,0.0021470426386982,-0.0061942627136076,-0.0257936057976404,-0.0089256905802676,0.0,-0.0147009633228534
2021-12-14,-0.0091345925774677,-0.0090240139570992,-0.0068649171189215,0.0,0.0373069098530452,0.0067513162871649,0.0,-0.002736018018655,0.0
2021-12-15,0.0002351651433844,0.0071686034150349,-0.0049876168800036,-0.0080754140055454,-0.0035270924224493,0.0060693721418964,0.0247294796234856,0.0,0.0188428186264498
2021-12-16,0.0179512553810559,0.0280318544959065,0.0164031648015897,0.0266682470821612,0.0066911054035621,0.0298060937736953,-0.0027024262453972,0.0079139585562786,0.0
2021-12-17,-0.0395904149833839,-0.0002777859702113,0.0007564912779335,0.0,-0.0035162510275284,-0.0394060962307658,-0.0400328632259695,-0.0106574158326111,0.026317607843265
2021-12-20,0.0206978467055939,-0.0066917253211802,-0.0244941598272561,0.0,-0.0031748543760338,0.0495553795346648,-0.0213534246415026,-0.0110497199161746,-0.026317607843265
2021-12-21,-0.020697846705594,-0.0209197368591606,0.0061799447342531,0.0,-0.0074485352356897,-0.0374108464425997,0.0071685909649858,-0.0139862305114606,0.0066444581977012
2021-12-22,0.0071856616120936,0.021059451535346,0.0205799827192164,0.0,0.0106233896117235,0.0223035250493788,-0.0143888358878893,0.0070175327375758,0.0170722880815847
2021-12-23,0.0139828722569985,0.005578872011098,-0.0003771787142241,0.0,0.0003522380464153,0.0034112816300295,0.0143888358878894,0.0069686977738848,-0.0170722880815848
2021-12-24,0.0,0.0,-0.0011328554827222,0.0,0.0,0.0052493900185375,0.0,0.0,0.0
2021-12-27,-0.0021203604943439,-0.0125963145474924,0.0190838699072148,0.0,-0.0028209028015549,-0.0145807174474217,0.0205027233845739,0.0055400544695351,0.0
2021-12-28,-0.0094787737481357,0.0035003251218349,-0.0011125071089941,0.0,0.0063359974409251,0.0,-0.0148047675782957,0.0,0.0
2021-12-29,0.0134803895946617,-0.0090585886265823,0.0018534915138191,0.0,-0.0105823282937363,0.0,0.0084868778702385,0.0027586609021253,0.0164207453056075
2021-12-30,-0.017297248970581,-0.0018502138617639,-0.0037105163532396,0.0,0.0154825884597738,-0.0062695433105259,0.0,0.0013764146895316,0.0
2021-12-31,0.0,0.0,0.0,0.0,0.0,0.0,0.0,0.0,0.0
2022-01-03,0.0080934336518186,0.0,0.0110908609753554,0.0249493347140562,-0.0091195544405396,0.006894348079368,0.0,0.00685406514997,0.0
2022-01-04,0.0092038153187624,0.0042645392502326,0.0073259145740533,0.0056308869196701,-0.0010580722271671,0.0087065226600422,0.0056179267974808,0.0105994860390118,0.0
2022-01-05,0.0030490238664823,0.0,-0.0296318394887624,0.0,-0.0017648205601502,-0.0187505493453759,-0.0070275343506598,-0.0092342790919537,0.0006515427759772
2022-01-06,-0.023697905270043,-0.0026988573672219,-0.017061967589947,-0.0305802216337265,0.0070421870618192,-0.0223294763980886,-0.0127752261233377,-0.0276643295930895,0.0
2022-01-07,-0.0048075938695659,0.0292923348455776,0.0136727277674471,0.0,0.051959675310852,0.0019336132353947,0.0,0.0014016982826588,0.0
2022-01-10,0.0,0.0,0.0,0.0,0.0,0.0,0.0,0.0,0.0
2022-01-11,0.0,0.0218587852690348,0.0406561314286196,0.0,0.0047673783898625,0.0140667984779544,0.0,0.0083682291522102,0.0039950822635654
2022-01-12,0.0167267437012967,-0.0357670895802694,0.0104485820969631,-0.0105821093305369,-0.0033276526539788,0.0198025914228545,0.0,0.0,0.0001304943864533
2022-01-13,0.0117787554383123,0.0001399039248537,0.0028634252808755,0.0,-0.0332123477498134,0.0055866065164749,0.0134803298211988,0.0013878090044378,0.0127747249404734
2022-01-14,-0.0156488475271481,-0.0088616130919189,0.0010714873862191,0.0,-0.0721483611820568,-0.012770665377902,0.0312198462416977,4.267002319419596e-06,0.0001281370725068
2022-01-17,0.0,0.0,0.0,0.0,0.0,0.0,0.0028729200533415,0.0,0.0
2022-01-18,0.0,0.0,0.0,0.0,0.0,0.0,0.0,0.0,0.0
2022-01-19,0.0,0.0,0.0,0.0,0.0,0.0,0.0,0.0,0.0
2022-01-20,0.122667287645847,0.0645561836074885,0.0368009190433886,0.010582109330537,0.0,0.0186340087775412,0.0506099879463283,0.0657514231266319,0.0497663694826481
2022-01-21,-0.0419763644052432,0.0066007767648776,-0.0191075588728403,0.0104712998672954,0.0,-0.0024647096000072,0.005181268181427,-0.0157072173908914,0.0099527155820462
2022-01-24,-0.0073570489021137,0.0013150933512456,-0.00951570176288,-0.0263867551731948,0.0,-0.0037082177088463,-0.0248540237434211,-0.0013200160375341,-0.0024179980960423
2022-01-25,-0.0067357081047719,0.0088955703046399,0.0248309642325289,0.0,0.0,0.0052493900185375,-0.0066445716996708,0.0013200160375342,0.0610516073850607
2022-01-26,-0.0165816579807517,-0.0194287435748935,-0.001382675492285,0.0,0.0,-0.0021581974488646,0.0132454762662542,-0.0039656103677701,-0.0080046260448219
2022-01-27,-0.010129148156337,0.0062447019086266,0.0048308113400805,0.0153889688229703,0.0,-0.0027816086604585,-0.0132454762662542,0.0039656103677702,0.0
2022-01-28,0.0087539448830626,0.0,-0.0065618271818997,0.000526486482929,0.0,0.0116923726956063,-0.0134230794690534,-0.0079468795577623,0.0
2022-01-31,0.0061735377528964,0.0170723195545583,0.0065618271818998,-0.000526486482929,0.0,0.0184882101529665,-0.0054196753659614,-0.0026631428751716,0.0203427944676397
2022-02-01,-0.0188684675273769,0.010362405938702,-0.0079489030178381,-0.0153889688229704,0.4098996679936394,-0.0230872951955063,-0.0061331624374732,-0.0066889212917002,0.0012366383344586
2022-02-02,-0.0123877134327456,-0.0336794274018871,0.0024260789537017,-0.0053619431413853,-0.0069067032707557,-0.0167341989911652,0.0013661462254963,-0.0135138484793715,0.0022450766086717
2022-02-03,0.0088971062736729,0.0088901657996002,-0.017810874632727,0.0,0.0083807162060786,-0.0056408102308271,0.0101866915779382,0.0140506091427162,0.0
2022-02-04,-0.0070174292513277,0.0167676936150234,0.0219559556443355,-0.0157141886984078,0.0029407463074141,-0.0022024021366195,-0.0136053131662119,-0.0072708570641439,0.0089285147148905
2022-02-07,0.0139861127089768,-0.0124177183953649,0.0113111254713069,0.0,-0.0041689394878297,0.0075306288846059,0.013605313166212,0.0024294099127496,0.0025520691339208
2022-02-08,-0.0013898571016307,0.0059008437612522,-0.0064968420150083,0.0264094778151557,0.0024545460135294,-0.0154357031183902,0.0,-0.0078494630362132,0.0194264508726038
2022-02-09,-0.0086138017078978,-0.0028802825351187,-0.0055039948281948,-0.0031966255950815,0.0005681962092397,0.0009518925084524,-0.0267047288306629,-0.0192051651005321,-0.0213731307738033
2022-02-10,-0.0063325829920616,-0.0034153416402828,-0.0170468312863383,0.0,-0.0034413634792148,-0.0041316157927403,-0.0160896309804522,-0.0195808929220336,-0.0015575950069866
2022-02-11,0.0051628398291605,0.0,0.0419161629754035,0.0,0.0,0.0104547476093183,0.0153954650197808,0.0084389492117509,-0.0596509013073362
2022-02-14,-0.0122467078317175,-0.0128453606051093,-0.0087867753565029,0.0031966255950817,0.0022140378900003,0.0009449260645474,0.0,-0.0198028871936374,-0.0296307227658278
2022-02-15,-0.0033230303224841,-0.0007997141491984,-0.0095500583743437,-0.0401572880512971,-0.0044327649944635,0.0040849491870702,0.0029210518018059,0.0,0.0
2022-02-16,-0.0014276346168233,-0.0062889866003409,0.0333646167825658,0.0213647887019298,0.0024649239528586,-0.0113530070681955,-0.0210535402879666,0.005698354069383,-0.0300337814159575
2022-02-17,0.0085348394463775,0.0172991291030815,-0.0006631023932967,-0.0027137058715962,-0.0012317024953599,-0.0192128861781294,0.0077712821410901,-0.0056983540693829,-0.0123726151528741
2022-02-18,-0.0059191174499778,-0.0031710956554357,-0.0059880381667074,-0.0109290705321903,-0.0009863660398427,0.0179434477787421,-0.0007039340372257,0.0141848413301215,0.0073413442137607
2022-02-21,-0.005238143520261,-0.0078390468473046,0.0039959250440189,0.0,0.001971871686807,-0.0031806641469506,0.0,0.0086945293804843,0.011409674483368
2022-02-22,-0.0021507592373984,-0.0256702918652254,0.0053032367689623,0.0,0.0046679619150664,-0.0235305327169422,0.0,-0.0056008087471816,0.0
2022-02-23,-0.0047963156399575,0.0225217794484723,0.0095412048474122,0.0,0.0,0.0361929363415417,-0.0056496916295711,0.0150504332202469,-0.0026210842836583
2022-02-24,-0.0048193500374765,-0.0128421606509144,0.0006547983956991,0.0,-0.0002449994198239,0.0059588976205983,0.005649691629571,0.0013821835675659,0.0
2022-02-25,0.014388846438694,0.0027172750310617,0.0026142716259813,0.0,-0.0145703681260882,-0.0025045586458849,0.0,0.0082530872428211,0.0
2022-02-28,-0.0047731807612598,-0.0207015994416295,0.0629258681141374,-0.0110498361865849,0.095310241279409,0.0031297540398033,0.0153741327286056,-0.0082530872428211,0.0001243350190212
2022-03-01,-0.0033548829363112,-0.0040251926716013,-0.0073823722976669,0.0126968475347129,0.0,0.0,-0.0083566868495614,-0.0111111285843183,-0.0001243350190213
2022-03-02,-0.0033663379249162,-0.0001391844849936,-0.0196421217398121,0.0,0.0,0.0028085177854586,-0.0126671375086152,-0.0169016960975358,0.0001243350190212
2022-03-03,-0.0004817855687684,0.0146372168149486,0.0087774287284705,0.0518416736028581,0.0,0.0034221008023701,0.0042404378102847,0.0,-0.0001243350190213
2022-03-04,0.0024066907900385,-0.0070154756466069,0.0415709247319229,0.0,0.0,-0.0062306185878289,-0.0056580942845779,-0.0002841617054615,-0.0001258648287298
2022-03-07,0.0155042300275219,0.007015475646607,0.0178046111932289,0.0,0.0,0.0,0.0,-0.0054141923639215,-0.0124532746430859
2022-03-08,0.0075454931036893,-0.0131079618144694,-0.0029457500816385,0.0,0.0,0.0006248047688421,-0.0071172356748674,0.0048456960193192,-0.0506275585479434
2022-03-09,0.0123730191947806,0.0122850608546173,-0.0357341668863911,-0.0052219439811517,0.0014289913781915,-0.0128871462800228,0.0035650532245002,-0.0062752329395067,0.0015594127600369
2022-03-10,-0.0023229122371481,-0.0220548653937915,0.0386799169680296,-0.0482667409698345,0.0,-0.0104945747496193,-0.002851170427981,-0.0187731561601978,0.2913368181177233
2022-03-11,0.0,0.0,0.0,0.0,0.0,0.0,0.0,0.0,0.0
2022-03-14,-0.0093456716531485,0.0083797340236885,-0.0584396066145266,0.02977215833367,0.0,-0.018716331945775,-0.0007138827965191,-0.0052614110648037,0.0128525104361275
2022-03-15,0.0296041821065954,-0.0057184576995356,-0.0021851735858386,0.0,0.0,0.0039011752988182,0.0171890477313906,-0.0138708577170513,0.0404291822365104
2022-03-16,-0.0144612382952,-0.0190645337342273,-0.0062696609129992,-0.0352818141446397,0.0,0.013215376890652,0.0,0.0,-0.0200105229931884
2022-03-17,-0.0034743599210987,-0.0227838465600597,0.0475916173231711,0.0,0.0,0.0117779138102447,0.0070178640196131,0.0050394662068996,0.0
2022-03-18,0.011534382294584,-0.0052648142831937,-0.0196827688380205,0.006607936810538,0.0,0.0372713947972316,0.0111263951659742,-0.0020718591326381,-0.0194363820464867
2022-03-21,0.0,0.0,0.0,0.0,0.0,0.0,0.0,0.0,0.0
2022-03-22,-0.0078288477256029,0.0,0.0268533219781583,0.0,0.0,-0.0122700925918143,-0.0041577406381141,-0.0005928317753713,-0.0390245595128217
2022-03-23,0.0158240429631575,0.0,0.0496547056658203,0.0,0.0,0.0092167228895604,0.0,0.0050273267269371,-0.0206197746813943
2022-03-24,-0.0038755529915952,0.0,0.0014153693186823,0.0,0.0,0.0115536574616681,0.0212989778717566,0.0,0.0
2022-03-25,0.0038755529915952,0.0,0.0154388126597392,-0.0010982809995683,0.0,-0.0027242843146353,0.0027154057513384,0.0029454665907115,-0.0984395410763947
2022-03-28,0.0011373303611591,0.0,-0.0253892187230336,0.0,0.0,0.0063454238513493,-0.0240143836230951,-0.0029454665907115,-0.0232568425384601
2022-03-29,0.0,0.0,-0.0060181040260248,0.0,0.0,0.0015048577473306,0.0006938900059631,0.0058823544840947,0.0
2022-03-30,0.0,0.0,0.0,0.0,0.0,0.0,0.0,0.0,0.0
2022-03-31,-0.0091325255987137,-0.317446386773235,0.0168167015277873,-0.0055096558109695,0.0351072486297518,0.0071881483181518,-0.0006938900059631,0.0093403396337833,0.0
2022-04-01,0.0098139218812768,0.0110169295712091,-0.0022635607571506,0.0213180741174334,0.0151681203537901,0.0129657228762487,0.0,0.0,0.0174931146791393
2022-04-04,0.0,0.0,0.0,0.0,0.0,0.0,0.0,0.0,0.0
2022-04-05,-0.0006813962825629,0.0177695429066553,0.0215784582224562,0.0,0.0145177235651012,0.0154580460831159,-0.0153960412686893,-0.0055353633377928,0.038108485222979
2022-04-06,-0.0043277571242504,0.0365073110758929,-0.0179027260393186,-0.0016237502510429,-0.0080867789738358,0.0002949791432672,-0.0056577343088161,-0.0212585257598885,0.0082005990480762
2022-04-07,-0.003429565201189,0.0,0.0187340618088876,0.0,-0.0202900649998049,0.0026505833082452,-0.0128481407046862,0.0174535494638982,0.0044059947869351
2022-04-08,0.0032014465112885,0.0,-0.0111422613637286,0.0,0.0005524048762161,0.0232567051270978,-0.0745499088580394,-0.0044085726772184,0.0343928837438365
2022-04-11,0.0,0.0112568830415854,-0.0121178563823054,0.0,0.0093447865433647,-0.0057635558363589,0.0759859480399562,-0.0073832632383578,-0.0106952780705332
2022-04-12,0.0,0.0221413261850915,0.0149150823836646,-0.0092518331061765,-0.0093447865433647,-0.00347436115757,-0.00071781386417,-0.00744606486304,-0.0108107998548194
2022-04-13,0.0143638941592993,-0.0505252455924766,0.0138430973058994,0.0,0.0084791467201503,0.0,0.0243279347083717,-0.0014959625359427,0.0108107998548194
2022-04-14,0.0,0.0,0.0,0.0,0.0,0.0,0.0,0.0,0.0
2022-04-15,0.0,0.0,0.0,0.0,0.0,0.0,0.0,0.0,0.0
2022-04-18,-0.0217702854095555,0.0055510067277526,-0.003892810706573,-0.0159826711358292,-0.0021671876165471,-0.0125493502295844,-0.0014317072995224,0.0086452179103784,0.0
2022-04-19,0.0067670134783905,-0.0017195321022027,0.0047892382144462,0.0,-0.000651181048199,-0.0192741846756381,0.0028611648405318,-0.0056556731701063,-0.0104848377810729
2022-04-20,-0.0070010548781977,0.0038170667907542,0.0148192807658136,0.0,0.0,-0.0060059343790313,-0.0114942099490572,0.0014913547430113,0.0133841525381724
2022-04-21,-0.0021100805849154,-0.007648541416304,-0.0253253365806437,0.0,0.0180730347990158,-0.0030166471213988,0.0014439068879416,-0.0044808994832834,-0.0005364489754937
2022-04-22,0.0021100805849155,-0.004231570695368,0.0122958273159025,0.0,0.0093376355033918,0.0060241559552436,0.0057553781960169,0.0071599927528564,-0.0023628657816057
2022-04-25,0.0046726835252711,-0.0269602502949251,-0.0226083591628517,0.0,0.0169654348442516,-0.0243172748048179,0.0014337600245665,-0.0116612079710285,0.0211721649250801
2022-04-26,0.0023283713529266,0.0196090718947568,-0.0104199193728894,-0.0168071183163812,-0.0010388519420918,0.021309765970973,-0.0100793481970223,-0.0228144998322,0.0001051100138891
2022-04-27,-0.0023283713529266,-0.0273616836303486,0.0104199193728895,0.0,0.0078691228972205,0.0,0.0,-0.0046261525735783,-0.0223528508946789
2022-04-28,0.0143487910401696,0.0071586544904748,0.0121213938735259,0.0,0.0004124687045816,0.0143543072105876,-0.0007237824527312,-0.0062015824709123,0.0010755759557095
2022-04-29,0.0,0.0,0.0,0.0,0.0,0.0,0.0,0.0,0.0
2022-05-02,-0.0355510432066882,-0.0013878371300204,-0.0206945925879631,-0.011363758650315,0.0294587294266612,0.0094563739404972,-0.0087271212244068,-0.029994337733757,-0.0108107998548194
2022-05-03,-0.0093290834462156,-0.0238946298735036,0.0185839237760444,0.0,-0.0151290227194116,-0.0109420963643102,-0.0065959500782098,-0.0392207100229614,-0.0109289517278762
2022-05-04,0.0047951114142642,-0.0044805242684711,0.033247292341473,0.0,0.0020306109600414,-0.0176995319376537,0.0,0.0334348245728921,-0.0110501439243904
2022-05-05,0.0021502543898047,-0.0055266539815006,-0.0326437698306432,0.0,0.0140988972662078,-0.0307338360938905,0.0087847257293857,-0.0087424025503016,0.0001110447525976
2022-05-06,-0.0023893343657216,0.0,-0.0112240736525004,0.0,-0.0187752243107559,-0.0227282416891795,-0.001458755006744,-0.013093183203583,-0.0001110447525977
2022-05-09,0.0092869510659152,-0.0148884405571542,-0.0574456906264922,-0.0289875368732522,0.0187752243107559,-0.0102697092243444,-0.0073259707226417,0.0,-0.0571582434293468
2022-05-10,-0.0045138990580471,0.0204150945386547,-0.0051829336580239,-0.0606246218164348,0.0195472927476453,0.0109080167746487,0.0036697981299424,-0.0182880762102514,0.0469573020212962
2022-05-11,-0.0117351699419017,-0.000817023497385,0.0003246662840848,0.0307716586667536,0.0,0.0208406925319983,0.0036561725926993,-0.0203398885122814,0.0
2022-05-12,0.0040871862306989,-0.0195980710412696,-0.0097879215791259,0.0298529631496811,-0.0178402318372265,-0.0094191838638294,0.014492973739365,0.0,0.0
2022-05-13,-0.0031238184879668,0.0103627516628164,0.0169053574742571,0.005865119452398,-0.0082334536405398,-0.0063291092805333,0.0014378828904953,-0.0228620923033848,0.0
2022-05-16,0.0129124967103826,0.067562841898809,-0.0006449770025202,0.0231224174208542,0.0,0.0312525520250358,0.0071580578556428,0.0090689118573262,-0.0011253466514182
2022-05-17,-0.0045244121533597,0.0078697451099843,-0.0048504860475383,0.0281708769666962,-0.1195997416425838,-0.0067922991085962,-0.0154326048163236,-0.0281709302566613,-0.0320391654789702
2022-05-18,-0.0047847079468954,0.0132955617402497,-0.0646031445760381,-0.0630581359671369,-0.0045557823833911,-0.0308297447764126,-0.0102264494477972,-0.0198384696073122,-0.0356276229438052
2022-05-19,-0.0024009664847393,-0.0384662577161869,-0.0323287944148713,0.0,-0.09325754997939,-0.0038411624091519,0.0131292738172183,-0.0288267248038189,-0.0047102469998792
2022-05-20,0.0071856744316348,0.0384662577161869,0.0138322430439763,-0.059737460682124,0.0271955427412539,0.0536957249639283,-0.0190203339222026,0.0048625769588136,-0.0195609397927163
2022-05-23,0.0083184657177324,-0.0188558208434628,0.0178047238402143,0.0006279818323526,-0.0299563122214925,0.0090772473012056,0.0182953147631253,0.0055813298877482,0.0243915907252936
2022-05-24,-0.0016580883478306,-0.0084960811818967,-0.0045084254968984,0.0351562378272785,0.0299563122214924,-0.0060423558590116,-0.0102038811512229,0.0073938536395265,0.0093540218516661
2022-05-25,-0.0162527968031445,-0.0003874952960869,0.013121590581378,0.0,-0.0302076387122421,0.0,0.0109289003103001,-0.0092507773239032,-0.0156388858270115
2022-05-26,0.0048077114863473,0.0350711361036299,0.01193540279822,-0.0239201458311496,-0.0547657639187697,0.012048290238043,-0.0182820376452086,0.0074073652474055,-0.0001208125427789
2022-05-27,0.0071684255890421,0.0020580756740364,0.016473876180062,0.0055710071629531,0.0749230512284148,0.0178047467720536,0.0058868289978306,-0.0107588517218439,-0.0020638944127988
2022-05-30,0.0,0.0,0.0,0.0,0.0,0.0,0.0,0.0,0.0
2022-05-31,0.0465202621211415,0.0619648649418548,0.0395538495217635,-0.0604317391849178,-0.0926035054836969,0.0723204945122403,0.0246389593068321,0.0795549663657197,0.067647416673768
2022-06-01,-0.0229896386016963,0.0358911760492782,0.0554833547663377,0.0542397689369966,0.0250880072881475,0.0068167507494238,-0.0086272342530302,0.0119844155539926,-0.0353667258159725
2022-06-02,0.011100907860589,0.0081023265786721,-0.014046063723159,0.0172418250655059,0.0089215589317808,0.0046089210412067,0.0305748035152057,0.0693558672702319,0.0115794473388114
2022-06-03,-0.0199772752745784,0.0252335051021168,0.0146522615624437,0.0072992838506117,0.0191466501187155,0.0008111246454985,-0.0028050141693682,-0.0031806702861813,-0.0011637884523971
2022-06-06,-0.0028196181641575,0.0322612124548375,-0.009438273102597,0.0,0.0046023088589393,-0.0232409301258162,-0.0035172937491917,-0.0108906304385695,-0.0342267788132866
2022-06-07,0.0,0.0003173511471983,0.0064033265607842,0.0,0.0076239842135897,0.0134635014348986,-0.0344120502088288,-0.0195130133316409,0.0
2022-06-08,-0.0070839469088214,-0.0036565825434517,-0.0122323933511762,0.0,0.0,-0.04436489636986,-0.0007296769447839,-0.0016433089871708,0.0
2022-06-09,0.0,-0.0094405778591617,-0.0233475151854059,0.0,-0.0182994744197146,-0.0014275463024602,-0.0073260993565009,-0.0317486827692718,-0.0319202353254555
2022-06-10,-0.0004740313047214,-0.0066134728186234,-0.0079050394014848,0.0,0.0023229803933398,-0.0086083400599753,0.0029367174235164,-0.0051061546874664,0.045805196668396
2022-06-13,-0.0381781219736361,-0.0047042761010176,-0.0487904090990415,-0.0560894666510435,-0.005428550173998,-0.020379079525156,-0.0192453985178923,-0.0154777209300218,-0.0995819898040885
2022-06-14,0.009804100432485,-0.0406526885450383,-0.0100500974728112,0.0253178079842897,-0.0204249912834263,0.0289874195851312,-0.0101003301148806,-0.0122056736081143,0.0572608156753308
2022-06-15,-0.0142473987864001,-0.0985160276687502,0.0,-0.0253178079842898,-0.0322608700218348,0.0028531197529604,-0.0206666665658468,-0.0212773496235164,-0.0444521127760181
2022-06-16,-0.004711784575664,0.0,-0.0535997759052536,0.0,0.0051779746675722,0.0017079106430962,0.0274616131946013,0.0089205078284758,0.0064727348572908
2022-06-17,0.0017384701442909,0.030006684334193,-0.0197316566322564,-0.0064308903302904,0.0164441538162435,0.0096236712931955,-0.0067949466287544,-0.0035586423735844,0.012693352267121
2022-06-20,0.0,0.0,0.0,0.0,0.0,0.0,0.0,0.0,0.0
2022-06-21,-0.0509014211455179,0.0939693796921594,-0.1269279286590335,0.0,0.0596805924922806,-0.0431721212743835,-0.0560895488650908,-0.0758923319854457,-0.0321067269843602
2022-06-22,0.0181116993387202,0.0,-0.0463046489990979,0.0223294763980885,-0.054878857246301,-0.0029455624515124,0.0095696146612478,-0.0432286297039571,0.0129406398599484
2022-06-23,-0.047252801580448,-0.0518327829479401,-0.0712182115059443,-0.0031595602903684,0.0365764933951005,0.0029455624515125,-0.0095696146612477,-0.0451823134352817,-0.0263170011141214
2022-06-24,0.0109610033318642,0.0,0.0646946086134035,-0.0006331504196816,-0.0017976254314586,0.0140187881331689,0.005593585832759,0.0125265893000823,-0.0267548649915514
2022-06-27,0.0,0.0,0.0,0.0,0.0,0.0,0.0,0.0,0.0
2022-06-28,0.0,0.0,0.0,0.0,0.0,0.0,0.0,0.0,0.0
2022-06-29,0.0,0.0,0.0,0.0,0.0,0.0,0.0,0.0,0.0
2022-06-30,0.0103160868938858,-0.0833817420307783,0.0519241768388089,0.0738365544429766,0.0175782783777085,-0.022881503560174,-0.003992239352259,-0.020965268414689,-0.0425238537225694
2022-07-01,0.0437652040984032,0.0129591925503696,0.0421526182025163,0.0,0.0100504869358589,0.008862715427005,-0.0080321580444286,-0.0214142405119077,0.0024261962466245
2022-07-04,0.0,0.0,0.0,0.0,0.0,0.0,0.0,0.0,0.0
2022-07-05,-0.0177894927437054,-0.0129591925503696,-0.0783066239963336,0.0,0.0244483886762457,-0.0328879284522905,0.0,0.0710111733077545,-0.0021405688071379
2022-07-06,0.0,0.0,0.0,0.0,0.0,0.0,0.0,0.0,0.0
2022-07-07,0.0248175820493332,0.0198027704055631,0.0480666877346624,0.0,0.0243415237974307,-0.0180958985943161,0.0,-0.0369653668362396,-0.0143887434245916
2022-07-08,-0.0158833198837772,-0.0100676390148249,0.0087337602490806,-0.0668942348300302,-0.0078883310769662,-0.0105787330532567,-0.0008066389539977,-0.0961055237043596,-0.0116616344677228
2022-07-11,-0.0231372401884155,-0.005397069909328,-0.0043573912934446,0.0,0.0099369627859253,-0.0015652523792242,0.0,0.0877023017119733,0.0026131975958801
2022-07-12,0.0093193017639304,-0.0054257117123786,0.0026167308714849,0.0,0.0373875320716204,-0.0228146683062552,-0.0154539695794349,-0.0127391538960002,0.0
2022-07-13,-0.0073222910409303,-0.0109407624521585,-0.0127109688674716,0.0,-0.002296134860583,-0.0161554452312816,-0.0065788905707101,0.0,-0.0014675121425731
2022-07-14,-0.0203324077933156,-0.0443117965461876,-0.0623354043586649,0.0,-0.0232568075291411,-0.0297542119759028,-0.0435034984613677,-0.0237847390320206,-0.0465899978590675
2022-07-15,0.0053909849572713,-0.0685328858963176,-0.0151377079986711,0.0,-0.0004708944381745,-0.027212676073878,-0.0496555062256593,-0.0243573667873113,0.0
2022-07-18,0.0026845462525159,0.019512662948282,0.0127873855569165,-0.0190481949706944,-0.0113636952437216,0.0102916452278666,0.0,-0.0135443754079768,0.0
2022-07-19,0.0,0.0024122379155346,0.0346855602391735,-0.0194180858571016,0.0118345896818961,0.0,0.0461892212077305,-0.0091324367262918,0.0
2022-07-20,0.0,0.0,0.0,0.0,0.0,0.0,0.0,0.0,0.0
2022-07-21,0.0021423909203592,0.0119766102759612,-0.0318660330197578,-0.0516373298130476,-0.0151733783424003,0.0010234224152215,0.0,-0.0045977980239944,0.0
2022-07-22,-0.0069799668990521,0.0,-0.0338853556901548,0.0,-0.0834129196819385,-0.0421296904475897,0.0155043188589012,-0.0209553728536608,-0.0783772584656744
2022-07-25,0.0281560053836449,-0.0143888481914959,0.0552417377286443,0.0639791164404929,0.0550644879287958,0.0647161870136662,0.0,-0.0359320624725664,0.0230272485524578
2022-07-26,-0.0047257273380049,0.0,0.0105096509812681,0.0386246569645821,0.0073459638985687,0.0,0.0,-0.0197048500554727,0.0
2022-07-27,-0.0266682332767344,0.0,0.0357180356015966,0.0484943499386105,-0.0046461703290952,0.0,0.0,0.0668678531384138,0.0
2022-07-28,-0.0276767650445085,0.0143888481914958,-0.0030748107694559,0.0,-0.0198025128659503,0.0165293794122439,0.0,0.0369990424015492,0.0
2022-07-29,-0.0165292854717314,-0.0119766102759612,0.0030748107694559,0.0,-0.0025033828051633,0.0039266336658824,0.0,-0.0135443754079768,0.0
2022-08-01,-0.0170944049980654,0.0069636667598593,-0.0132452095165101,0.0,-0.0336419799353182,-0.0372630636287271,-0.0068611218062573,-0.0206664169020316,-0.0554954837643204
2022-08-02,-0.0086581888478566,0.0,0.0219789697655907,0.0,-0.0283934127843095,0.0117945288184189,-0.0017227823942492,-0.0187360412328361,-0.020139473197161
2022-08-03,0.0089454925676462,-0.0225050629372093,-0.0021763222912394,0.0,0.0132451385414338,-0.0057114866972822,0.0,-0.0263485724705248,0.0170407227890606
2022-08-04,0.0153937291918104,-0.0076160892789483,-0.0409126819332962,0.0,0.0259757772007699,0.0107240084294639,0.0,-0.0196087864792773,0.0170946631753271
2022-08-05,-0.0002831889140672,0.0279652848826145,0.021110034458945,0.0,0.0500103026598277,0.0129162026617344,0.0,0.0388398120196136,-0.0068027564767487
2022-08-08,0.0171138523547486,0.0415703284300626,0.0284795709369773,0.0,-0.0039100512090999,0.0247006533251047,-0.0017256948122865,-0.000476347983063,0.0068027564767486
2022-08-09,0.0013897096831997,-0.0006904569907545,0.0086020112155213,0.0,-0.018691720288826,-0.0210874765745951,-0.0315810995598555,-0.0168151072163685,-0.0024170713903157
2022-08-10,-0.005012344485983,-0.0195268395207568,-0.0064445614782204,0.0,-0.0214794679294757,0.0097880374743884,-0.0179863023357651,-0.0210534444349777,-0.0449633036051644
2022-08-11,0.0133113574763568,-0.0141842210689062,0.0085837320592621,0.0,0.0071267955442142,0.0064724176612298,0.017986302335765,-0.0054576154325206,0.027774864155597
2022-08-12,-0.0130322338072732,-0.0057309314364106,0.0034130038583299,0.0,-0.0366777035070693,0.0096309243023113,-0.0017845687100228,-0.0251904270114311,-0.028666662712234
2022-08-15,0.0,0.0,0.0,0.0,0.0,0.0,0.0,0.0,0.0
2022-08-16,0.0,0.0,0.0,0.0,0.0,0.0,0.0041155409633116,0.0,0.0
2022-08-17,-0.0095347335854954,0.0199151525053168,-0.0337841528545074,0.0,-0.0135088172169744,-0.0096309243023114,-0.0503537855240592,-0.0741078523719211,-0.0189107384063648
2022-08-18,-0.0093419851514488,-0.0018795523935523,0.023079583614597,0.0,0.0263175875784085,0.0093113439101757,-0.0237539511088947,0.056089438600325,0.0180181438351247
2022-08-19,-0.0048466684581563,-0.0123046686753539,-0.0244018468758009,-0.0609945127028419,0.0,-0.0028804093861404,-0.003853603871157,-0.0052083820325717,-0.0062691958175344
2022-08-22,-0.0068826491752903,-0.0240976777347114,0.0135816320161305,0.0,-0.0005195604012135,-0.017459249549936,0.0057746833209322,-0.0104988591182338,0.0
2022-08-23,-0.0072203376960472,-0.0365121066574727,0.0475876465244611,0.0,0.0,-0.003921572116005,-0.0115832471150841,-0.0079468917254321,-0.0299126040534289
2022-08-24,-0.0324031955249197,-0.0032943965054764,0.0205344884706198,0.0,0.0256556256869393,0.024580811444217,-0.0295585535629692,0.0026559007488172,0.0090311828396932
2022-08-25,0.0178044029986346,0.0,0.0,0.0,-0.0251360652857256,-0.0096309243023114,-0.0020021258076402,0.0,-0.0082910065660887
2022-08-26,0.0145987925262852,0.0151136346772594,-0.0172205406361747,0.0,0.0,0.0064309345240354,0.0,0.0390166458990166,0.0304294322716169
2022-08-29,-0.0249462368756204,-0.0025027481671493,0.0220866899960503,-0.0516243654053071,-0.0002598628467138,-0.0064309345240354,-0.0182005500888034,0.005089229808351,-0.0313548046491258
2022-08-30,-0.0198085686937527,-0.0050251746964668,-0.036247691524921,0.0,0.0,0.0,-0.0206194731702912,-0.0153455521057455,-0.0571584242557204
2022-08-31,-0.0003031561857688,0.0075279228636162,-0.0547431851758812,-0.0193920743290476,-0.0394801033610886,0.0,-0.0104711379541518,0.0696798625499958,0.0
2022-09-01,-0.0069984739286274,-0.0806676739324281,-0.0210440571272872,0.0,0.0368788042754668,-0.0162604551356183,0.0,-0.0655646894570406,0.0
2022-09-02,-0.0116705337167438,0.068089071404864,0.0390466494731333,-0.0555312655774942,-0.0102110574282812,0.0162604551356183,0.0,0.0112303790127902,0.0
2022-09-05,0.0040077635512593,-0.0005061049010414,0.0155443160556052,0.0014265119516919,0.0130722193606169,0.0,0.0104711379541519,-0.0127716243044007,-0.0019628191166609
2022-09-06,0.0091884609543356,-0.0382083595844637,0.0008565840706741,0.0,-0.0005195604012135,-0.0113544963128092,0.0,0.0051281900401406,0.00176659797152
2022-09-07,0.0060791016679666,-0.0266681241770579,-0.0273394738715153,0.0,-0.0125526589594033,0.0045573094448335,0.0,-0.0128701241920584,-0.0003929330249803
2022-09-08,-0.0307717413816526,-0.0108698235416273,-0.0146247432493505,0.0,0.0052495052543618,0.0368608796170656,0.0,-0.0051947898620694,0.0
2022-09-09,-0.0040708169722762,0.0,0.0402503146141567,0.0,-0.0003857838524055,-0.0176767449059949,0.010362917051795,0.0,0.0029100404685405
2022-09-12,0.0226472726301605,0.0108698235416274,0.0279089123332219,0.0,0.0233472602158462,0.0019436392561354,0.0,0.0,0.00039281982722
2022-09-13,0.0061161840558017,-0.0329699316443968,-0.0037602448461146,0.0,-0.0233472602158462,-0.0202687743433904,-0.0062048690922977,0.0,-0.0190181714215507
2022-09-14,-0.0293909752848611,0.0,0.0041771101148918,0.0,-0.0295670649690277,-0.0480308547728325,0.0,-0.0052221084344522,-0.0028036235588582
2022-09-15,0.0006275185988988,-0.0140650019399172,-0.0399711817521001,0.0,0.0163564307322076,0.0253177634341517,-0.0206408849837042,-0.0131754189545272,-0.0024099116181302
2022-09-16,-0.0943692035499474,-0.045792167653983,-0.0021715961961688,0.0,-0.0434851092980069,-0.0357672011467956,-0.0366280102057447,0.0026491239943056,-0.0619953001182035
2022-09-19,0.0136988587767309,0.0,-0.0087337602490806,0.0,0.0273993802293619,0.0391399168255318,0.0,-0.0069019966530419,0.0240925144568527
2022-09-20,0.015190113516959,-0.0005931027358714,-0.0262178352864825,0.0,-0.0005410535777132,0.0026898911261733,0.0,-0.0144891475891372,0.0022941833937429
2022-09-21,-0.0040282616652913,-0.0353352674296834,-0.0186327681466191,0.0,0.0,-0.0040376271293393,0.0,0.0150216899720035,0.0
2022-09-22,-0.0006727033151049,0.0,0.0132151931505213,-0.0021405862507701,0.0,0.0087278109392907,0.034710630505777,0.0,0.0183719521661679
2022-09-23,-0.0040473907555301,-0.0401432326583875,-0.0825357650145152,0.0,0.0,0.0026702818409411,-0.0336073812486929,-0.0150216899720034,-0.0154597459666731
2022-09-26,-0.0375325765067668,-0.0886126727195829,-0.0319706283792089,-0.0363676441708748,0.0,0.0,0.0011018800266837,-0.0027064798075739,-0.0443854091441065
2022-09-27,0.0139376374587613,-0.0201313846750189,0.0245688358491974,0.0,0.0,-0.0339015738432151,-0.0543118848190343,0.0,0.0456315837476449
2022-09-28,-0.0227480350957034,0.0271001942545734,0.0205889947501039,0.0,0.0,-0.0062262524910203,-0.0105202857984281,0.0,0.0055857969818136
2022-09-29,-0.0024809680676544,-0.0192818394332901,0.0091764469044748,0.0,0.0,0.0354501792287026,0.0,-0.0274741136301143,-0.0043418644244406
2022-09-30,-0.0017760439872151,0.0102130892080918,-0.0028887598014713,0.0645385211375711,0.0,0.0043442336960748,-0.0177834752518987,0.0,0.0146047153464502
2022-10-03,-0.0003551964775352,0.0388298613484292,0.0498456825408981,0.0,0.0,0.000333413409458,0.0,-0.0112046087836055,0.0206148993510245
2022-10-04,0.029779477022119,0.0279180808701222,0.0522790837717876,0.0,0.0,0.0327897744357927,0.0,0.0277794208973209,0.0295650116542257
2022-10-05,0.0164334462935335,0.0062079498147334,0.0121161359856446,0.0,0.0,0.0314361480933567,0.0950925510907222,-0.0027434049010578,0.0264482919637827
2022-10-06,0.0033895900779617,0.0,0.0200134249585387,0.0,0.0,0.0003125718226516,0.0049909312698704,-0.0005495852903155,0.0079128459689014
2022-10-07,0.0033782486673752,-0.0032625502445535,-0.0135824980658386,0.0,0.0,-0.0081581823848172,0.0,-0.0105001935074829,0.0
2022-10-10,-0.0037168115892757,0.0,-0.0356713773521442,0.0,0.0,-0.007590185212596,0.0171677939996293,0.0082986923919405,0.0
2022-10-11,-0.0181046297806819,0.0,-0.0356135219392735,0.0,0.0023086889267942,0.0157483675974131,0.0,0.0,0.003345746624764
2022-10-12,0.0268678374022652,0.0,-0.0073698797386316,0.0,0.0,-0.0109977548442752,0.0053048926704606,-0.0027586083176509,0.0
2022-10-13,0.004897156017024,-0.0451203918404059,0.0214963493156655,0.0,0.0,-0.0047506127531379,0.0052771924816854,8.970597315968782e-06,0.0
2022-10-14,-0.0051553437059239,0.0253180210888035,-0.0228842629666303,0.0,0.0,-0.0160003523185951,0.0389534974133823,-0.0195263507226967,-0.0635258347579499
2022-10-17,0.0,0.0,0.0,0.0,0.0,0.0,0.0,0.0,0.0
2022-10-18,-0.0006896596571165,-0.0263443188535116,0.0408219399474737,-0.1568162787810348,0.0,-0.0495969036480803,-0.1021183576939449,-0.0285733863989618,0.0186215437222127
2022-10-19,-0.0166901823190084,-0.0075574910358726,0.0280473945236993,0.0,0.0,0.0,0.0396654008689955,0.0143885352483414,0.0710190656979238
2022-10-20,0.0,0.0,0.0,0.0,0.0,0.0,0.0,0.0,0.0
2022-10-21,-0.0230548643452247,-0.0173919219232696,0.0167136116429378,0.004053511883326,0.4498936494038247,-0.043650867748802,0.0011105475163354,-0.0143885352483415,0.0234877985517538
2022-10-24,-0.0276480346774318,-0.0540670672812185,-0.0227820364010462,-0.0463659082126269,-0.0083118639302295,-0.0449025901254584,-0.0281394543332257,-0.0187249393898862,-0.0180182727159971
2022-10-25,0.0033142558176809,-0.0186923262248412,-0.0021763222912394,0.0,-0.001391935875067,0.0062766234207115,0.0,-0.0017735057338201,0.0304411036106616
2022-10-26,-0.0066396490880101,0.0015083637256116,0.0008710423808446,0.0,-0.0432336334415779,-0.0238372515428668,-0.0407742680229057,-0.0059349414812269,-0.0035336606226768
2022-10-27,0.0176086176871676,-0.0205563795499245,0.0099633308190823,0.0,-0.0005457486346259,-0.0011314375044103,-0.0011897448989787,-0.011976169159072,-0.0088891702719876
2022-10-28,0.0,0.0,0.0380595983424725,0.0,-0.0271058274045664,-0.0144434314320964,0.0258532719110328,0.0042079131227529,0.0035652402703513
2022-10-31,0.0090497653209822,0.0,0.0164610824054447,0.0,-0.0092010160988981,-0.0046047759790137,0.0092379952114622,0.007768256036319,0.0
2022-11-01,0.0329644217773146,0.0377403420491541,0.0419642732460109,0.0,-0.0001886275274909,0.02694151785866,0.0025256804828842,-0.0059701561082138,0.0308367431106936
2022-11-02,0.0031328915560625,0.0363678335636335,-0.0261711494950427,0.0,-0.0039701797121557,-0.0007491187731614,0.0,-0.0005989587101948,0.0
2022-11-03,0.0079627782704673,-0.0154765332311572,-0.0157931237509683,0.0,-0.0150780735103714,-0.0071441916743883,-0.0376169476053793,-0.0175282435728519,0.0
2022-11-04,0.0,-0.009475083878639,0.0360761795980111,-0.1167242743081414,0.0228145629900983,0.0075188212083344,0.0,0.0447166441109966,-0.0029377107041379
2022-11-07,0.0,0.0,0.0,0.0,0.0,0.0,0.0,0.0,0.0
2022-11-08,-0.0173918265916139,0.03913644581767,0.003929438034192,-0.0339015516756813,0.0098410342138344,0.011173244418231,-0.0119761183783082,-0.0117302463433987,0.0406139216360934
2022-11-09,-0.0056298360014922,-0.0077768978640738,-0.0602081864315454,0.0049140148024291,-0.0312437898777789,0.0036968170736381,0.0,0.0,-0.0010009481860967
2022-11-10,0.0397769639053687,0.0622510547336539,0.0792415306100604,0.0654572306663874,-0.000961927678732,0.0146524125038398,0.0,0.0088105058515815,0.0010009481860965
2022-11-11,-0.0236757773592344,0.0003339799527852,-0.0859277851166146,0.0,0.0200140620197764,0.0,-0.017011423225515,0.0058309809110798,0.0188215799627721
2022-11-14,0.0,0.0,0.0,0.0,0.0,0.0,0.0,0.0,0.0
2022-11-15,0.0736118540508824,0.0,0.0506851804717904,0.0,-0.0402402239474004,0.0165888953584515,0.0226646190190874,0.017291395714276,0.0454043313969442
2022-11-16,-0.0162603925570764,0.0132449192531855,-0.040257439571339,0.0,0.0231098572858336,-0.0039419335177877,0.0,0.0,0.0
2022-11-17,-0.0003280895016248,-0.036854921664322,0.0366638498644032,0.0,0.0989859412262938,-0.0162900648835486,0.0,0.0045613228283008,-0.0395336239642087
2022-11-18,0.0003280895016248,0.0236100024111363,-0.0124774459750295,0.0,-0.0519249578702703,-0.0180450349668695,-0.0241447505608637,0.0,-0.0017902891080024
2022-11-21,-0.0049303967443469,0.0327894273102338,-0.0358727877483562,0.0191001573616755,-0.3390396606357362,0.0025978386696859,0.0014798831867661,0.0236097769837849,0.0
2022-11-22,0.0,0.0,0.0,0.0,0.0,0.0,0.0,0.0,0.0
2022-11-23,0.0049303967443468,0.0160002705611436,0.0322208723296023,0.0362711011585182,0.0076824839088342,0.0007410697625903,0.0460047079835358,0.0,0.0098876743834897
2022-11-24,0.0,0.0,0.0,0.0,0.0,0.0,0.0,0.0,0.0
2022-11-25,0.0,0.0757849475448731,-0.0012201605993541,-0.0425973485436008,0.0,0.0,0.0,0.0,-0.0162607186268747
2022-11-28,0.0088133621762632,-0.0023573527667193,-0.0098160334349491,0.0152949173678429,-0.0048589438003423,-0.0183148314230388,0.0168069746856363,0.0,0.0
2022-11-29,-0.005867038770833,-0.0237049556946331,0.0183265670063723,-0.0114040352686906,0.0570445083118832,-0.0041579919614181,0.0408221779986452,0.0472014396375784,-0.0049576461282954
2022-11-30,-0.0447935242963843,-0.0339739649641075,-0.0788999019872936,0.080396906755642,0.0610520413725603,-0.0076045882322266,0.0434850770040796,-0.09849491607502,0.0244388203754121
2022-12-01,-0.0051414239348549,0.0606244176093464,0.0043573912934447,0.0,0.0135748472116265,-0.0049741384920257,0.0,0.0075736515037348,0.0
2022-12-02,0.0204089678880735,-0.0029454969506056,0.0030389524571809,0.0408219945202552,0.0093938266128254,-0.0025153310067495,0.0037589744361296,0.0646111831532793,-0.0194811742471168
2022-12-05,-0.0169783085556472,-0.0017966543921396,-0.0299188225917062,-0.0408219945202551,0.0017797530215924,0.0086338550114682,-0.0472440514402093,-0.0208913582195726,-0.0074042429469258
2022-12-06,-0.0232124542116353,0.0017966543921396,0.0049009003689345,-0.0247196988972452,0.0132449090968307,-0.0080383377174216,0.0155932178573195,0.0,0.0
2022-12-07,-0.0183947954387366,0.0029454969506057,-0.0044543445022964,0.0184500858836499,0.0186841735681126,0.0,0.0347153279995806,0.0208913582195727,0.0252762952362935
2022-12-08,0.0,0.0,0.0,0.0,0.0,0.0,0.0,0.0,0.0
2022-12-09,0.0032078229173687,0.0,-0.020293936214902,-8.387887396472761e-05,0.0133930819850085,0.0332608295657052,-0.0385535902260431,-0.0208913582195726,-0.0117282738277581
2022-12-12,-0.0028508021004105,-0.0148150922872575,0.0086189390989168,0.0051026972543354,-0.0044780194322004,-0.0037243536132839,0.0142419202466811,0.0128721833899778,-0.0028514323952414
2022-12-13,0.002138891181932,0.0089153967969463,0.0116749971159852,-0.0677420768537267,-0.0279571482557997,0.0,0.0153583051894018,0.0145267376399577,0.0013042693049109
2022-12-14,-0.0245145480701015,-0.0575411558836156,-0.0193831329446684,0.0522705134446765,-0.0312525636591123,-0.0112571777575745,-0.0193763652084979,-0.0273989210299355,-0.0029472667969608
2022-12-15,-0.0180449492468959,0.0012526418871548,-0.0063927270703116,-0.0338694120231658,0.039787443143045,0.0301081855865888,0.0052299312422079,-0.0339016943368169,-0.0020631203419017
2022-12-16,-0.0344016044193169,0.0176831288747322,-0.0170944217218411,-0.0184011014215107,-0.0648146168046457,0.0069331096174551,0.0012446445766848,0.0339016943368169,0.0
2022-12-19,-0.0233474179168448,0.0442111970159307,0.0157192323225263,-0.0611158080670587,0.0450074416955481,0.0072463201901398,-0.0014620555341163,-0.0571584417668616,0.0032844984876168
2022-12-20,0.0039293593892393,0.0264204257732929,0.022676774918898,0.0650367045232641,-0.0096035720616805,-0.0021684189398795,0.0,0.0295586551313845,-0.0291517571276249
2022-12-21,0.0377113762538594,0.0584310146130164,0.0221738285142035,-0.0319897238006414,-0.0356363868706427,-0.0267660392600148,-0.0331523109827377,0.0220287525740247,0.0291517571276249
2022-12-22,-0.0045420671216855,-0.0027064827423008,-0.0096958341351137,-0.0082988168264388,0.0288314232557994,0.0154870682422144,0.0069377754881438,0.0055710340614523,0.0
2022-12-23,0.0128158464590185,0.0,0.0,0.0,-0.0037986027071325,0.0105551444075385,0.016546194181963,-0.0224727417869476,0.0032730517415761
2022-12-26,0.0,-0.0072726001346546,0.0275185228365325,0.0022197370022588,0.0,0.0097280741877484,-0.0232591559739361,0.0335224892825642,-0.0016348391333558
2022-12-27,0.0364076488948181,0.0366472070540132,0.0334707164729801,-0.0512738070787599,0.0031703049078705,-0.0129919099470299,0.0064942025972758,0.0,-0.0016382126082203
2022-12-28,-0.0141844057598713,0.0512930670130695,-0.008788520189952,0.0303619370643484,0.0060857355097044,0.0025394848445296,0.0002233084006427,0.0,0.0199153086111152
2022-12-29,0.0181494036241137,-0.0779611911901275,0.0170872244257165,0.1215494929568073,0.0,-0.001450355537673,0.017476391712811,0.0163491735343189,-0.0199153086111152
2022-12-30,0.0,0.0,0.0,0.0,0.0,0.0,0.0,0.0,0.0
2023-01-02,0.0,0.0398440805242678,0.0240877412700826,0.0,-0.0459848265584528,-0.0175699566409869,0.0002193178432503,0.0208618646803569,0.0162603124512906
2023-01-03,0.00681113424499,0.0356143624987103,-0.0407548602704952,-0.1028573599446547,0.0,0.0025815510905654,-0.0079309257132224,0.0058063962943232,0.0094712121184692
2023-01-04,-0.0032205624032375,-0.0157468956447841,0.0145989122183881,0.0175306552757534,0.0518106721064056,0.0022075111142682,0.0164452024458094,0.0254624420451137,-0.0256148458675682
2023-01-05,-0.0032311945703497,0.0179997864848451,0.0385833729742886,-0.0165126494496398,-0.0329312833754768,0.0196513287743962,-0.0215343676598281,-0.0254624420451138,-0.0081820784158057
2023-01-06,0.0241576861268513,-0.002252890840061,0.0527664706391795,-0.0115360647133126,0.0488890051537982,0.0336612520348142,0.0050405692245223,0.05129332008871,-0.0051053625818604
2023-01-09,0.0,0.0,0.0,0.0,0.0,0.0,0.0,0.0,0.0
2023-01-10,0.0177426122134429,-0.0075472946915398,0.0146316181810597,-0.0081740741249533,-0.0087329993769994,0.010398729105224,0.0377873566613435,0.0022823133261814,0.0286758880767334
2023-01-11,0.0214915056344454,0.010050042858689,-0.0074768180170219,0.1156843989994623,-0.0213374023416679,-0.0024167407543671,-0.016143768509261,0.0465077578295275,0.0101472884591506
2023-01-12,0.0084019334371068,-0.0227568245461186,0.0108231400206187,-0.0777344632419224,-0.0011354355877837,-0.0045036918274594,0.0163565283399838,0.090971828756664,-0.0228555673289802
2023-01-13,-0.0023217007310481,0.0,0.0073965510798672,0.0742831052266734,0.0218056614386978,-0.0157484656229444,-0.0012112448961129,-0.044444794837884,-0.0050528593510608
2023-01-16,-0.0076046736224145,-0.0146622025460707,-0.0051719525975834,-0.0099149000543018,-0.010506513974496,-0.0106382688601134,-0.0411633081285884,0.0116459097074974,0.005216968496278
2023-01-17,0.0027721282362039,0.0349162789250399,0.0059085688411692,-0.0461874842485838,-0.0056335147302134,-0.0042872608736929,0.0154115523829625,-0.0116459097074975,0.0
2023-01-18,0.003454335593355,0.0025027481671493,0.0315299520813227,0.0074640148466565,-0.0047569998484653,-0.0209848427856645,0.0572927877037083,0.0095004688725131,0.0
2023-01-19,0.0,-0.033227011217871,-0.0132880295734052,0.0441591834931235,-0.0009086328855228,-0.0062351856092853,-0.0303351197265629,0.0129723524519643,0.0159378757389069
2023-01-20,0.0006896067795282,0.0204794646486029,-0.0061648706673413,-0.0833373712403218,0.0224728379294517,0.00440530282471,0.030335119726563,0.0258843683901583,-0.0017762661513234
2023-01-23,-0.0191346353059019,0.0127475465692682,-0.0043748189909747,0.0362525077808688,-0.0044544260403934,-0.0103093387496609,-0.001646476932821,0.0111972721240986,-0.0222267100913477
2023-01-24,-0.028140794613827,-0.0637383856209042,-0.0247840094363264,-0.0110705342960339,-0.0011166146035048,-0.0183011491070102,-0.0024928179700119,-0.0595544618387342,-0.0001655159500719
2023-01-25,-0.0248731369214591,-0.0333228188734486,-0.002249779927196,0.0042105434721423,-0.0058271587837115,-0.0317852154083942,-0.0006439467463652,0.0,-0.0006616373496948
2023-01-26,-0.0319877411446558,-0.012195475444492,0.010827023917902,0.0601091411587261,-0.0088046527338468,-0.007812528292503,-0.0448078831526769,0.0422755677746579,-0.0024838562392495
2023-01-27,0.0132955223256592,0.0312954887487177,-0.032455460247429,-0.0736094811289201,0.0101522454774113,-0.0082693241956663,-0.0300695931574054,-0.0198027464501806,0.0113761100427807
2023-01-30,-0.0144434301805054,-0.0461856777016453,-0.0065424203191169,0.0366524096918785,0.0093834301932914,0.0,0.0037829860303001,-0.0220184552834893,0.0
2023-01-31,-0.004604853897304,0.0025444245370851,0.0300459325616024,-0.0582689374472946,0.018288880289008,0.0082693241956664,0.0182311967670197,0.0396401153926606,0.0
2023-02-01,-0.0253175900145918,0.0,-0.0366312745628164,0.0173486327804082,-0.0310448533427122,0.0039138517238714,-0.033068435275156,0.0043573197394488,0.0
2023-02-02,-0.0067289098252981,0.016242134416632,-0.0188313958262354,-0.0184603870927026,0.0310448533427122,0.0038986765686317,-0.0002269867801843,-0.0711692112728908,-0.0082306164538362
2023-02-03,-0.0063744408411044,0.013793260134601,0.0047410952255841,0.0955798030938582,-0.0176217037982539,-0.0038986765686318,0.0116047017599721,0.0037280415710729,0.0082306164538361
2023-02-06,-0.0128724034189499,-0.000547984661483,0.0156437949708647,-0.0230090847994189,0.0217614130763621,0.0155042470615054,-0.0162257947036851,-0.0046621420575824,-0.0107129057637305
2023-02-07,0.0096697573133232,-0.013245275473118,0.0127242639391784,-0.0400141586567915,0.051075910468572,-0.0116055704928737,0.0040254703815261,-0.0756906865256983,0.0107129057637305
2023-02-08,-0.020251839540028,-0.0379323225005107,-0.0107859466517761,-0.0093752898302519,0.0523257266332188,-0.0260164157670848,-0.011060489386854,0.0030196149081291,0.0
2023-02-09,-0.0265354000524114,-0.0280887627257298,-0.03227365087891,0.0,0.0208995706453086,0.0023933048836574,-0.0044789155990981,-0.0324454539398807,-0.0053082518617396
2023-02-10,-0.0126850744549653,-0.0209901047454522,0.0503128079486625,0.0,-0.0192258749628294,0.007936537785246,-0.0073144332109537,-0.0133092321077345,0.0082304667141007
2023-02-13,-0.0315568527268424,0.0,-0.006487334210946,-0.0039021810165253,-0.0011770912733287,-0.0288712656141547,-0.0020956393512435,0.0203080010970702,-0.0001638610529638
2023-02-14,-0.0620527730550403,0.0,-0.0123267642529914,0.0001818041896202,-0.0007855849700421,0.0169426696782467,0.027308953300845,0.0254466849505449,-0.0374186998492388
2023-02-15,-0.0236418004627624,-0.0152673996253823,0.0057972318121031,0.0,-0.0090784700359613,0.0182328345163878,-0.0432806964529292,0.0,0.0185501100321074
2023-02-16,0.0259754487423583,-0.0229382796556659,0.0095876670976741,0.0,0.0,-0.0182328345163878,0.0,0.0050124967338257,-0.0008356422350198
2023-02-17,0.0106656151301581,-0.007207130186502,-0.0325863382228314,-0.0267174025859485,0.0090784700359613,-0.0004000237015515,0.0010184718121846,-0.0005001022319032,-0.042123850367156
2023-02-20,0.0304362089494508,0.0146411437876246,0.0058976841628648,0.0,0.0019626762433709,0.0067796725007905,-0.0202497786933867,-0.0667086765125866,0.0138095538882302
2023-02-21,-0.0532970651270029,-0.0253180829366359,0.0143997613540975,0.0,-0.0505668985480428,-0.006379648799239,0.0072550902178801,0.0418908878086403,-0.0082705428329837
2023-02-22,0.0251644703883729,-0.012563486548208,-0.0202974455169624,0.0,0.0260652957545081,0.0139029907143926,0.0008454573068725,-0.0526436488841373,0.0231168041989548
2023-02-23,0.0272375059116631,-0.0434640895822169,0.0295282035660455,0.0,0.0243056039567426,-0.0079209064267646,0.0005944908199764,0.0243284785548732,-0.0521861976940035
2023-02-24,0.0017894457992399,-0.0372971884365574,0.0030581346567858,0.0,-0.0001961241258329,-0.0059820842876279,0.0442474146326932,0.0231738795807428,-0.0030135899433575
2023-02-27,0.0765638385621596,-0.0199009901949008,0.0245064966635208,0.0,0.000392122962625,0.0,-0.0512595101982437,0.0,0.0377603180113034
2023-02-28,0.0028941376020176,-0.1051214683143428,0.0048300154123051,0.0,-0.0039292993350814,0.0,0.0149832684619341,-0.0464218443264562,0.0
2023-03-01,0.0514996630436064,-0.0051968300903733,0.0062810397923995,0.0,0.0015736425748662,0.0,-0.0034672332252598,0.0,-0.0258573987669898
2023-03-02,-0.0158106441555927,0.0218046264747344,-0.0111110552047045,-0.0001867274544403,-0.0437910637316212,0.0111377960832581,-0.0427577762435765,0.0733749243222531,0.0
2023-03-03,0.0463209741473399,0.0078128877981213,0.0147875255240271,0.0001867274544403,-0.0088686046541579,-0.0228055968577362,0.0,0.0,0.0192816710261411
2023-03-06,0.0221939105785293,0.0,0.0054896777876518,0.0,0.0897008150497674,0.0104670776577626,0.0535408119931529,0.0,0.0067481757245591
2023-03-07,-0.002980760748389,0.0,-0.0202772033116789,0.0366677197048329,0.0712630435410791,-0.0194101873176803,-0.0288482296532842,0.0,0.0001720946401782
2023-03-08,-0.0303054217452403,0.0452630553621787,-0.0011180122026418,0.0770610598707452,0.0122699659129015,-0.0098482740753013,0.0382823119283369,0.0,-0.0173914304562641
2023-03-09,-0.0392208406655767,0.0206118921876702,-0.0188187466464129,-0.0008336680223147,-0.0055060732293125,-0.0373914167916872,0.0,0.1432679883317172,-0.006834121176015
2023-03-10,-0.0202026810054571,-0.012832742885612,-0.0316504960357233,-0.0417259463964812,0.0,-0.0198882261692624,-0.0124647735484907,0.0,-0.0215277397113982
2023-03-13,-0.012320341230138,-0.0051799497494383,-0.0351194834931487,0.0025185728226942,-0.0036909008797233,-0.0446503010837811,0.0130302080526146,0.0,0.034992183620058
2023-03-14,0.0542849067756278,0.0306823965675649,0.0080905634640427,-0.0636541919216633,-0.032027057600304,0.0,0.0032099635119909,-0.0043573197394487,0.0041924573945838
2023-03-15,0.0551994590223501,0.0071686328269859,-0.0348466435141374,0.0697936818420838,-0.0953101798043249,-0.0027434915908023,-0.0125495528310298,-0.0310038135506017,0.0261127651619009
2023-03-16,0.061060376397501,0.0609603518673668,-0.0113279052638158,0.0170944333593,0.0,0.0013726866383697,-0.0149709946267259,0.0133821534414305,0.0340145340941174
2023-03-17,-0.0076952170165208,0.0,0.012578764443569,-0.1107422286325069,-0.0618754601672101,0.0503783581082524,0.0029947922562867,0.0176216601091711,0.0
2023-03-20,0.0,0.0,0.0,0.0,0.0,0.0,0.0,0.0,0.0
2023-03-21,-0.0169975720571386,-0.0258691962265123,0.0230652237926399,0.0405379699592583,-0.0106951090460809,-0.0219790164498583,-0.0214327523999765,0.0,-0.011397771673507
2023-03-22,-0.0253177686286511,0.0170945228131143,-0.0197374908110133,-0.0164990275848211,0.0356991071000756,0.002219919973796,-0.015381174153927,0.0043573197394488,-0.0051314203646086
2023-03-23,0.0217400628086055,-0.0046536894593727,-0.049371825772574,0.0,-0.0258553308835837,-0.0425790166653288,0.0128174418348192,-0.0430892110966129,0.0324673216080871
2023-03-24,-0.0144407717759069,-0.019708713828296,0.0021791679552346,-0.0322138988837031,0.000851332829589,0.0178863209262265,-0.0119327820981881,0.0122221897389583,-0.0159381295699713
2023-03-27,0.0180184775959524,0.0247014276938122,0.0181195946895805,0.0020024484771482,0.0477766129233875,0.0374710090446839,0.0479054691877118,-0.1088948652854888,0.0
2023-03-28,0.0046322361855928,0.0164682626701266,0.0207325661921611,0.0766222306296034,0.0140988472438225,0.0276356047378462,-4.7777818428453765e-05,0.0253508116727128,0.0
2023-03-29,0.0130672062760846,0.0557497051499974,-0.0025156155791695,-0.0786246791067515,-0.0242925330925784,0.0177294101360588,-0.0002403335477717,-0.0253508116727129,-0.0003278759592182
2023-03-30,0.0031529790744183,0.0300903039194571,0.0162402471009586,0.0844310090706036,0.0242925330925785,0.0083333692821197,0.0002881113662003,0.0009994547818847,0.0003278759592182
2023-03-31,0.0142389512017224,-0.0242610469120175,0.0119072191634688,-0.0776770550841009,0.0,0.0,-0.0218464531309801,0.0835530253023078,0.0
2023-04-03,0.0170941983295217,-0.0200995752943952,0.0407895073046442,0.1232037341146015,0.0953101798043249,-0.0041579593927786,-0.0269436757933627,-0.0357624525277103,-0.0389451534804348
2023-04-04,-0.0102213299170774,0.0030848855222668,-0.0142069903206356,-0.1088962929630899,-0.009132410541935,-0.0204242574586308,0.0268853159522499,0.0004761136016069,0.0009253043571291
2023-04-05,0.0435579071260967,0.0458918858989613,0.0094936626140023,0.0154869157631743,0.0271509318369268,0.0082197922572383,0.0311477150849544,0.0460439443119571,0.0214906570851898
2023-04-06,0.0,0.0,0.0,0.0,0.0,0.0,0.0,0.0,0.0
2023-04-07,0.0,0.0,0.0,0.0,0.0,0.0,0.0,0.0,0.0
2023-04-10,0.0146462935667161,-0.0164063771050668,-0.008302014111931,0.0443677426299377,0.0176994371850357,-0.0535407325827712,-0.0140162011019344,-0.0022752658041371,0.0
2023-04-11,0.0070830644511842,0.0590811596302445,0.0239273114576029,-0.0141846215599236,0.0497828066591928,-0.0183491898764419,0.0248094288389764,0.0022752658041371,-0.0222632921996969
2023-04-12,-0.0086998772707148,-0.0448260879125003,0.0,-0.0298150935009254,0.0031722874673669,-0.0046404170489882,0.0006812441821572,-0.0004546836153125,0.026017028190777
2023-04-13,-0.0006475373089382,0.0371477417387363,-0.0066108689775643,0.0298150935009254,-0.0015014701645445,0.0147740678977187,0.0004848840077914,-0.0086777184936444,-0.0002977515584721
2023-04-14,0.0196092820996723,0.0138377735654313,-0.0011714257153352,0.0336247434572812,0.017869600702849,0.0172653522126261,0.0,-0.0018365762189851,-0.0146278431799831
2023-04-17,-0.0350564997610043,0.078692437292151,-0.0015635719387625,-0.039265598685591,-0.0163681305383045,0.0022497377834779,-0.0295704445258959,0.008693712523805,0.0109712434041663
2023-04-18,-0.0003367456078316,-0.0081414365112522,-0.0015661030073767,-0.060804215060017,0.0044906382402952,-0.0072169542613282,-0.0145105936093154,-0.0432929076382246,0.0058209482400173
2023-04-19,0.0246107554524519,-0.0388936758402054,-0.0027466372757548,0.0020018030542485,-0.0078302644300076,-0.0132151537536028,0.0204950179006981,-0.0009518844712021,0.0143647598922149
2023-04-20,-0.0085515674059539,0.0081815723907244,-0.0098719429443272,0.025943691398669,-0.0136398298459737,-0.0138570498788917,-0.0136125619775867,-0.0300335798538917,-0.0150807238714703
2023-04-21,-0.0093475332391053,-0.0454100787588283,-0.0010081276595262,-0.0165602013476182,-0.0074881211518389,0.0027868334444065,0.0115196695163516,-0.0122692250702906,-0.0004489021585477
2023-04-24,-0.0100841465175967,-0.0121284250743788,0.0276319996635115,0.0180437775527221,-0.0257822929877066,0.0,0.0044766546558966,-0.0064788602113227,0.015529626030018
2023-04-25,-0.0033840055837821,0.0193384967410454,-0.0649579355777039,-0.0226771162640777,-0.033508696674657,-0.004648948717632,0.0,-0.0089953538673347,-0.0161958624614417
2023-04-26,0.0067564972939862,-0.0265331698542845,-0.017148354822086,-0.004845405243188,0.0142177996671688,0.0,0.0,0.0089953538673348,0.0161958624614416
2023-04-27,-0.0518249045612991,0.0297640889927412,-0.0041049571871776,-0.0063055876611245,0.0354609296749792,-0.0216682752737075,-0.0095694126080409,0.0,0.0297181936478807
2023-04-28,0.0348468260360545,0.0029282585292524,0.0446901866328593,0.0063055876611245,0.0390682743651679,0.0047506406330664,0.0260986683361819,0.0,0.0009542589661875
2023-05-01,0.0,0.0,0.0,0.0,0.0,0.0,0.0,0.0,0.0
2023-05-02,-0.0068728977064234,0.0650865231074859,-0.0986810710287126,0.0,0.0026503108259888,-0.0337382068868816,-0.0162911056044927,0.0148884164462796,-0.0290342254802158
2023-05-03,-0.0003447845169738,0.0133353014428084,-0.0135990978627181,-0.0114943500253712,0.0088933838899247,0.0009799197422681,0.0021400995319909,-0.0229205221817068,0.0
2023-05-04,-0.0100538463042479,0.0,-0.027263268019957,0.0580143656602641,0.0322660417396322,-0.0108321917499601,0.0039659847083295,0.0075320076866177,0.04637103026201
2023-05-05,-0.0229085513412945,0.0,0.0447138552744143,-0.0190901708596939,-0.0174558461783084,-0.0245564691745552,-0.0236356139904044,0.0445168794943068,0.0001562956904972
2023-05-08,0.0010688432284274,0.0002705430866871,-0.0101424657819107,-0.0013908994730368,0.0171383042181051,0.0090909384713918,0.0004842294500859,0.0283038630999015,0.0
2023-05-09,-0.0392206020640856,-0.0340878354315918,0.0130217044921459,0.0184790565425173,-0.0058370528715363,-0.0045351916000298,0.0152988549146886,0.0004650398228735,0.0278672740601134
2023-05-10,0.0159461212987975,0.010016610327845,-0.0038405813063793,-0.0409055132846621,-0.0051332618242654,0.0035291472298115,-0.0104679071087783,0.0005020365266652,-0.024628078029896
2023-05-11,-0.0286188190602981,0.0129283903259138,0.0052770050455596,-0.0036124885600172,-0.0358555110108144,-0.0249694364820589,0.0038480090908728,-0.0307695988105991,0.0
2023-05-12,0.0126726977615005,-0.002736926596149,0.0166076656414458,-0.0143887374520995,-0.0010005691548384,0.0056599522650383,0.0081281932795667,0.0201043946926607,0.0
2023-05-15,0.0200927763005215,-0.005495826050793,-0.0170864300540813,-0.0124442474233697,0.0170406911670167,0.0005128485567134,0.0107116017110077,-0.0541933323985943,0.0563787881880578
2023-05-16,-0.0290477713976352,-2.470170432851788e-05,-0.0120396119650633,0.0,0.0088193342377739,-0.0259754779102552,-0.0107116017110077,0.0629607312318508,-0.0333678677013563
2023-05-17,0.0071013102060346,-0.0363961772211567,0.0191945398114761,0.0063387165604276,-0.0079994565188676,-0.0010531944776639,0.0057926772911748,-0.0664770464924689,0.0
2023-05-18,0.0018536848910789,0.0281195825382453,0.0042684939371882,0.0088071803346995,-0.0003278848778552,0.001053194477664,-0.0020567925305339,0.0519399013015704,0.0
2023-05-19,0.0,-0.0278932149631945,0.0103579885428934,-0.0282424538065671,-0.0270892862662587,0.0,-0.0029861503738776,-0.0246859868046106,0.0
2023-05-22,0.0,0.0,0.0,0.0,0.0,0.0,0.0,0.0,0.0
2023-05-23,0.0103169943360108,0.0270593839030138,-0.0065790886453305,-0.0565813970049841,0.0103907120366299,-0.0052770997456173,-0.000749734386763,-0.0160819306116352,0.0
2023-05-24,-0.0530698646576979,-0.0616506320863597,-0.0028328353222841,-0.0272183251989967,-0.0370224812764752,0.0,-0.0026177474186985,-0.00070391337568,0.0
2023-05-25,0.0050125551568233,0.0059983324566308,-0.0138065984657914,-0.0023740296576847,0.0,-0.0213911383844574,0.001733958400636,-0.0153809396274311,0.0198027900378304
2023-05-26,-0.0003848057952273,0.0038224043898049,-0.0101180318130893,-0.0006484119905692,0.0,-0.0091742952809754,-0.0108513942931493,0.0,0.0176544762237405
2023-05-29,0.0032614802941575,0.0267430355352773,-0.0024242198986893,0.0868221638522348,0.0,-0.0071747449034369,0.0044996475922858,0.0238333995825008,0.0
2023-05-30,-0.0024921320397356,-0.007209988243328,-0.0215907075151174,-0.0088606223825229,0.0,-0.0166208973341134,0.0072355357189258,-0.0238333995825009,0.0145989697526254
2023-05-31,0.0373557727056692,-0.0219468596096058,0.009871748290112,-0.0421770502501615,0.0,-0.0106713465486468,-0.0487901289243429,-0.0253179269327036,0.0158164115396787
2023-06-01,-0.0037105893078388,-0.0392201825217078,0.0136587110786327,0.0426769557941391,0.0,0.0543940497690856,0.0,-0.0202026945411048,-0.0014277077577516
2023-06-02,0.0542627886742068,0.0137509860082576,0.0248817035087108,-0.0004999055439775,0.0,0.0300260886180754,0.0421010808490072,0.0202026945411047,0.0212021589112603
2023-06-05,-0.0141844599761924,0.0180454585453003,-0.0123633271310118,-0.0001000263647747,0.0,0.0113520131636283,-0.0174085264273606,0.0,0.0
2023-06-06,0.0141844599761923,0.0247290623810767,0.0250424977133636,-0.0002000064335328,0.0,0.0377593151057852,0.0274252771656873,-0.0123839587595942,0.0610360004636558
2023-06-07,-0.0213530758430155,-0.006417819655154,0.0125205987296272,-0.0509932615892429,0.0,0.0176302690104261,0.0283094191378008,0.0123839587595942,-0.0132454427707729
2023-06-08,-0.0018002934509538,-0.0187262075087413,0.0004605401091574,0.0505930523270525,0.0027060867340804,-0.0077973726363189,0.0057505654785504,0.0,-0.0083905972985812
2023-06-09,,,,,0.0,,,,
2023-06-12,,,,,0.0,,,,
2023-06-13,,,,,0.0,,,,
2023-06-14,-0.0285176947634052,-0.0182532294634771,0.0042085227633122,-0.0003158264921141,0.0,-0.0145281148301217,0.0168938944799495,0.0115123789781516,0.0
2023-06-15,0.0212021567116076,-0.009132630334356,0.0046555470036745,0.0003158264921141,0.0,0.0,0.0108760188069903,-0.0088842058111858,-0.0010678317743443
2023-06-16,-0.0428636003228893,-0.0092165813842857,0.0215952867967341,-0.0446671135539459,-0.0003460747451802,-0.0043999445190352,0.0613689740897397,0.0,-0.06466289326913
2023-06-19,0.0,0.0,0.0,0.0,0.0,0.0,0.0,0.0,0.0
2023-06-20,0.0025510563749466,1.3392573148578851e-06,-0.0304593565637208,0.0150757155984469,-0.0142935684312135,-0.000490079901467,0.0231076606189361,-0.0045406599333743,-0.0001423659715391
2023-06-21,-0.0043775455038164,-0.0124238341447808,0.0236176262024107,0.0285382280496484,-0.0355616731468025,-0.0148151011331962,-0.0061526766338855,0.0019124867664084,0.0330750283445653
2023-06-22,0.0018264891288698,0.0366333012616407,-0.0170784852109165,-0.0061304687011111,-0.0178035164176407,0.0094083106363556,-0.0061907665394213,0.0,0.0052136342837254
2023-06-23,-0.0202774674327966,-0.0619510570921279,-0.0037314014608722,0.0050761884589345,-0.0062359208990242,-0.0143957874399938,-0.0043971342389749,0.0,-0.0001369100770083
2023-06-26,0.0028970151666676,0.0487899838846703,0.0208098866717887,-0.0278093439892916,-0.0011990952423056,-0.014098931187687,-0.0606702056822832,-0.0079261544070409,-0.0247431851155092
2023-06-27,-0.0047610657333105,0.007693654093101,-0.0208098866717888,-0.0047836013614786,-0.0116344695299144,0.0230586397100013,0.0473525649929425,0.0021197829102349,0.0257028126014728
2023-06-28,0.0074352222205456,-0.0549156180305446,0.004661967571517,-0.0193668257714783,-0.0314709855060738,-0.0089597085223142,-0.0731873577753569,-0.0208618703757407,0.0
2023-06-29,-0.0074352222205457,0.0487902413132619,0.0013943626648479,0.0,0.0210354170799363,0.0,0.0313477579303689,-0.008141182576601,-0.0177130746461155
2023-06-30,0.0,-0.0112311291837869,-0.0060563302363647,-0.0536351800558701,0.0,-0.0196926849074999,-0.0271446106227405,0.0081411825766011,-0.0241086391951902
2023-07-03,0.0,0.0,0.0,0.0,0.0,0.0,0.0,0.0,0.0
2023-07-04,-0.007490355328768,-0.015545355452933,-0.001402838953362,0.05363518005587,0.0108130746339299,-0.0005100780651998,-0.0047589509393757,-0.0130579505878136,0.0056747118251815
2023-07-05,0.0100990096466458,-0.0548035949282994,0.0,0.0,-0.0001888182219754,-0.0416727032322188,0.0319035615621162,0.0130579505878136,-0.0056747118251815
2023-07-06,0.001115978594829,0.0,-0.0032808733246827,0.0,-0.0221340438851314,0.0,0.0,-0.009231769629349,-0.0101933419158657
2023-07-07,-0.0037246329127068,-0.0003334249445661,0.0139861041010345,-0.0100503529789662,0.0185420375062918,0.0100557353708084,0.0398760325375998,0.0005454421988815,0.0380824065051756
2023-07-10,0.0074352222205456,-0.0164736609452548,-0.0013898406742647,-0.0204088195486086,-0.0150753052523728,0.0182628922034956,-0.0387402653115923,0.0032663539229394,-0.0424206313508258
2023-07-11,0.0103169943360108,0.00338381671666,0.0260824773593711,0.030459172527575,0.0208601143871089,0.0133540756579148,0.0,-0.0027212090690729,0.0364958578482977
2023-07-12,0.0109369593400211,0.0,0.0098877112102072,-0.0082561871964676,-0.00966938176486,0.0121705269888684,0.0711846838502289,0.0140695304720926,-0.0191026157399815
2023-07-13,0.0194397379305738,0.032572104903848,0.0,0.0082561871964677,0.00966938176486,0.0080322359838314,0.0,0.0069612229582694,0.0
2023-07-14,-0.0073264290849107,0.0032647385278182,-0.0313448786584097,-0.0007780770103595,-0.01904816473501,-0.0080322359838314,-0.0063624313161992,0.0160550292410119,-0.0001428267353747
2023-07-17,-0.0148151178578597,-0.0062123401806524,-0.0004615694706157,0.0007780770103595,0.0,0.0,0.0021252890801905,0.005064973239171,0.0001428267353746
2023-07-18,-0.0105024476896023,0.0009836301682281,0.0091912406019779,-0.0571584138399486,-0.0138287813941442,0.0045259633991655,-0.0010620463427186,0.0005223014911614,-0.0001428267353747
2023-07-19,0.0105024476896023,0.0188255517461323,-0.0022899690996471,0.0,0.0041666305590591,0.0134565785138083,-0.0012761211847837,-0.0015585932665385,-0.0014297209499626
2023-07-20,0.0,0.0,0.0,0.0,0.0,0.0,0.0,0.0,0.0
2023-07-21,0.0074352652413474,-0.0096930952516773,0.0050310102086512,-0.0098127150210755,0.009662150835085,0.0098522720076918,-0.0096979191753704,-0.0146996065303803,-0.0422297587806751
2023-07-24,-0.0074352652413476,-0.0130720876972028,0.0122421553404505,0.0098127150210755,0.0,-0.0143177084175234,0.0099107976226822,0.009455702246966,0.0436594797306378
2023-07-25,-0.0112570413624038,0.0120974816747753,0.0107575942439621,0.0,-0.0155044184755151,-0.0054848695193109,0.0,0.0,0.0
2023-07-26,-0.0113852064714065,-0.0052250959380316,-0.0085067091752101,0.0,0.0102983972752764,0.0,0.0,-0.0116340998138892,-0.0436594797306377
2023-07-27,0.0113852064714065,-0.0049548436764241,-0.0113047291919464,0.0,-0.0175509549212935,-0.0070246711310631,0.0,0.0105820881412698,0.0001490622456912
2023-07-28,0.0,-0.0006621851274353,0.0031781781875338,-0.0011771452003541,0.0033388356904236,-0.0030257452429875,0.0,-0.0010532482048598,-0.0001490622456912
2023-07-31,0.0,0.0,0.0,0.0,0.0,0.0,0.0,0.0,0.0
2023-08-01,-0.0037805369483688,0.0125123411741778,0.0373709622444626,0.0,0.0097559895960233,0.015037893177689,-0.0377242003227351,-0.0068728983616828,0.0074345816326834
2023-08-02,-0.0182604210989475,-0.000675190044605,-0.0127047755318898,-0.0001178177299971,-0.0070576576773464,-0.006821771822163,0.0357413655208658,0.0039497680596155,-0.0135307955431559
2023-08-03,0.0029929200159963,-0.0078690366430252,0.0300211401068326,-0.0225156857633672,0.0016060923545582,-0.0031782868629804,0.0019828348018694,0.003976378506927,0.0135307955431558
2023-08-04,0.0,0.0,0.0,0.0,0.0,0.0,0.0,0.0,0.0
2023-08-07,0.0,0.0,0.0,0.0,0.0,0.0,0.0,0.0,0.0
2023-08-08,-0.0155042163928839,0.0065790175388247,0.0149097742559983,0.0,-0.0129896439868909,-0.0095935813639075,-0.0134539462910333,0.0135914636993593,-0.0225181958473861
2023-08-09,0.0097181127874754,-0.0333362568746811,-0.0348496387899552,0.0238106486937186,0.017780741767864,0.0146061632454128,0.0193937444776069,-0.0005193762909768,0.0256596884476416
2023-08-10,-0.0294425694699463,0.0094464463356468,-0.0061485704500524,0.0011757611585899,0.0027221208200512,-0.0100504163740508,-0.0272287895297921,0.0,0.0036968857982609
2023-08-11,0.0294425694699464,-0.0091077072238446,0.013129333055022,-0.0011757611585899,-0.0003882874269924,-0.0204088213877815,0.0210761128959065,0.0113637360782001,-0.0111315689783724
2023-08-14,-0.0136321629773235,-0.0174332500781878,-0.0109290482883847,0.0,-0.0291705751539928,0.0,0.0,-0.0139644807850705,0.0
2023-08-15,-0.0003922603934821,0.0211537480793003,-0.0044053358195333,0.0,0.0295588625809852,-0.0616560152630296,0.0017011556681415,0.0,0.007286553120557
2023-08-16,0.0198105269762141,-0.0006754763936799,0.0183732947638883,0.0,0.0096620424752398,0.0376589533687258,-0.0004250344833577,-0.0015638143144222,-0.0147774791188037
2023-08-17,-0.019418266582732,-0.0364675933332523,-0.0043440971062717,0.0,-0.0001924264458796,0.0,0.0,0.0,0.0169978782768145
2023-08-18,-0.0158104064926228,0.0313873670539098,0.0142642883792887,-0.0438904415822323,-0.0036612120893145,-0.0235053211887401,-0.0010632427374719,-0.0020888333588579,-0.0005919015901311
2023-08-21,0.0,0.0,0.0,0.0,0.0,0.0,0.0,0.0,0.0
2023-08-22,0.0275066688056356,0.0,-0.0025783199693375,0.0438904415822324,0.0038536385351943,-0.0396964740647885,0.0,-0.0120958061817804,-0.0164059766866834
2023-08-23,-0.0302994819271802,-0.0143642576182436,-0.0060423387381735,0.0,-0.0038536385351942,0.0056085845308385,-0.0106955465584272,-0.018417147229957,-0.0228144012902821
2023-08-24,-0.0011993618394103,-0.0290076688249834,-0.0026008403082955,0.0,-0.0011589849185759,0.0324649385840844,0.0,0.018417147229957,0.0076626385610738
2023-08-25,0.0198025814535777,-0.0067603809870992,0.0026008403082953,0.0136708115120296,0.0050126234537702,-0.0202357889852518,-0.0108107668521738,-0.0047731721306871,-0.0130620218171453
2023-08-28,-0.0118343375830495,0.0091233793104307,0.015037730719907,-0.071798591181721,-0.0325587355581254,-0.0167134979028103,0.0,-0.0340776641475272,-0.0337296226837979
2023-08-29,-0.0139861374376348,-0.0320521075768379,0.0190080253083702,0.0225615423128542,0.0325587355581254,0.0,-0.0235444646584238,0.0335458592904929,0.0391290059398695
2023-08-30,-0.0012082899944166,-0.0223721950671492,0.0207047122810096,0.0249215297017973,-0.0188302399209475,0.0320645701181206,0.023544464658424,-0.00053208782393,-0.0545377777325161
2023-08-31,-0.0129764760422696,-0.0333553355307005,-0.0346084825077548,-0.0081184820163061,-0.0241977836782096,0.0,-0.0421814604013105,-0.0042665994194117,-0.0407880105072749
2023-09-01,0.0,0.0326009894430865,0.0118095490425173,0.0063332803524904,0.0323948095862523,-0.008194479841392,0.0199803106447411,-0.0312200074292936,0.0
2023-09-04,-0.0493617381143615,0.0116304303691229,-0.0063091074196728,0.0,-0.0366029785719576,-0.0049701156536466,0.0,-0.023652249646621,0.0198244691464275
2023-09-05,0.016163539605912,-0.0418950546802293,0.0192232182088339,-0.0481947124975792,0.0362140584924278,-0.0188999746230819,-0.0452401917638873,0.042503043435163,-0.0542572669698826
2023-09-06,-0.0230482746811588,-0.0180537344202999,0.0020674579445286,0.0606246218164348,-0.0202305443475982,-0.0016868286609583,-0.0048954682248428,0.0,-0.1049907625175774
2023-09-07,-0.0333658401969345,-0.0103506288818293,-0.0149815687336896,-0.0058997221271882,-0.0021848469118939,-0.015467990622408,0.0048954682248428,-0.0048818522654621,0.0506412661421592
2023-09-08,-0.004474191759111,0.0241166805541072,0.0182805884642327,0.0058997221271883,0.0023833433584085,0.0,0.0,-0.0021775926120158,-0.0428892931431049
2023-09-11,0.0089286490916206,0.0116505615965665,-0.0136789963985712,-0.031187193570896,-0.0290586140133242,-0.0058997281572366,0.0195268522364764,-0.0293586184667365,-0.0313630893227601
2023-09-12,0.0349381843146518,0.0038534004780768,0.0235110946276701,0.0,-0.0064639976487561,-0.0179109450925825,0.0011872992379138,0.0636415669336139,0.0
2023-09-13,-0.0173164834223336,-0.0569769559212111,-0.0181001041136206,0.0,-0.0062044778835075,-0.0368139485666156,-0.0207141514743903,-0.044102191287731,-0.02020272603942
2023-09-14,-0.0400944371889644,0.0016273441695366,0.0193223371441702,0.031187193570896,-0.0341879863068652,0.0,0.011560881546344,0.0441021912877311,-0.0459372568034469
2023-09-15,0.0045351308215301,0.0153290098468717,-0.0184923892023026,-0.185479470318079,-0.0081914106527945,-0.0119460703738223,-0.0051424190468653,-0.0496705351046535,0.0253178545390227
2023-09-18,0.0429554601654081,0.0213868293772796,0.0127758107550148,0.0668283826811043,0.0588405971622013,0.0396827912728992,-0.0061707674403754,0.0496705351046534,0.0109811242922401
2023-09-19,0.0269418028552915,-0.0306371560136383,0.0190635396323362,0.1186510876369748,-0.0185382157820637,0.0150832579770577,0.0,0.0,0.0108619413009176
2023-09-20,-0.0063489775226962,0.0100506490640488,0.0095962193281404,-0.0606246218164348,0.002077015579522,-0.0181274035691113,-0.0099744545371527,-0.0370115578214603,0.0207048944544158
2023-09-21,-0.0236318241296059,0.0,-0.018069210975617,0.0606246218164348,0.0,-0.0091883730929326,0.0,0.0,-0.0207048944544159
2023-09-22,0.01057002616486,0.0,0.0259388077941074,-0.3317773923170052,-0.022977346216352,-0.0030816696343217,0.0024419252639451,-0.0126478976896222,0.0269472760442965
2023-09-25,-0.01057002616486,0.0150855870674157,0.014486741448056,0.2711527705005703,0.0339074272516412,0.0128796260630411,0.0,-0.0049930319747779,0.0185979104210003
2023-09-26,0.0753496483315219,-0.0047488446312155,-0.0244069716383073,0.0,-0.0101343452105179,-0.0018298037019637,0.0,-0.0005562931852615,-0.0265661237546106
2023-09-27,0.0235115878063544,0.0,0.0184672774066659,0.0606246218164348,0.0354680707223442,0.0312525387183518,0.0157293117754949,0.0,0.046883575394578
2023-09-28,0.0237412716629782,0.0256678125533849,-0.0072602893536645,0.0,0.0004000083668438,0.0228146891008485,0.0388513062920448,-0.0095053272318944,0.018904086118771
2023-09-29,-0.0081098158430225,-0.0176996790696618,0.0136229166778452,-0.0606246218164348,-0.0096463154457878,0.0120725468131208,-0.0335830893726379,0.0106176721709029,-0.0075186149179686
2023-10-02,-0.0311110321932872,0.0109054630285647,-0.018349145654669,0.0,0.0259134035740715,-0.0120725468131209,0.0034761475435185,-0.001373925307161,0.0001889090654233
2023-10-03,-0.0076289574305248,-0.018873596512288,0.0225685924908899,0.0606246218164348,-0.036061695945909,-0.0287494307224977,-0.0022825085576927,-0.0205431415713973,-0.0087157057788142
2023-10-04,-0.0327760881535056,0.0031948207409763,-0.0268844799493137,-0.0842771856356642,0.0352741777036736,-0.0388397984821448,0.0085367868430783,0.0141046112331323,0.0296737238204549
2023-10-05,-0.0004167297513125,0.0003988096192945,0.0038851974657312,-0.0597290658518722,0.0198876689639484,0.0024721790243648,0.0116515099413351,-0.0078741088728348,-0.0479168692908678
2023-10-06,-0.0016679869664142,-0.0035843307155823,0.0162396254838719,-0.0753210302287247,-0.0155644438711302,-0.0117977144438805,-0.0099334512280783,-0.0033937998342394,0.0077217322342322
2023-10-09,0.0016679869664143,0.0035843307155823,0.0500207692375819,0.1587026598998263,0.0,0.0,-0.010254845556335,0.0,0.0
2023-10-10,-0.0004169034874017,0.006859724823184,0.0012089768640987,-0.0382212128201977,-0.0628716111999425,0.0117977144438805,0.0019994402500185,0.0067758459427442,-0.001214492252831
2023-10-11,0.0004169034874017,-0.0060630453623529,0.0096193406004211,0.0,0.0649152501513431,0.0,0.0255283987081443,-0.0039468916597809,-0.0044586739067625
2023-10-12,0.004604503454357,0.0150200143432588,0.0130773082054119,0.0372206895755193,-0.0202026080005798,0.0147061496855371,-0.0020908956571537,0.0056337378986343,0.0053065908209268
2023-10-13,0.0253177261675476,0.0,0.0175614505748634,-0.0372206895755192,0.0003999755817365,0.0036429455202908,0.0,0.0,-0.0053065908209269
2023-10-16,0.0,0.0,0.0,0.0,0.0,0.0,0.0,0.0,0.0
2023-10-17,0.0124223930647503,0.0007842737924023,0.0080908993258976,0.0,-0.0001999677933102,0.0,-0.0142876120912747,0.0028052165254768,-0.0132917477699451
2023-10-18,0.0283995683651759,0.0151723875344776,0.0148545533663275,-0.0082154369892431,-0.0020024912488362,-0.0024271758266716,0.0002358120112998,0.0560995063644018,0.0056900426546816
2023-10-19,0.0043902657533712,0.0,-0.0098784777338337,0.0082154369892431,-0.0175921912742731,0.0024271758266717,-0.000471751278447,0.0079135373757244,0.0029305684362496
2023-10-20,0.023224990010976,-0.0155641740247879,-0.0169429770862147,0.0,-0.0026554310152541,-0.011581964008538,-0.0090069040264476,-0.0363779201095879,-0.0031263466889505
2023-10-23,-0.0236232376588252,-0.009456768803021,-0.0196084748190878,-0.0069068988343865,0.0154254645530264,-0.0098583268830522,0.0118343649539668,-0.004369288953084,-0.0076098176604049
2023-10-24,0.0047695481130659,0.008672187561949,-0.0019822819364537,0.0069068988343866,0.0,0.0135303179311141,0.0,-0.0110072109484608,0.007609817660405
2023-10-25,-0.0167936171437818,-0.0210200373976236,0.0086922794339339,0.0,-0.0080890250099163,0.002776786540745,-0.0063754030451799,-0.0047483878400787,-0.0083106788777994
2023-10-26,-0.0327899105047322,0.0105155026839188,-0.0267107398738659,0.0,-0.0215501716646315,-0.0163071044718591,0.0063754030451799,-0.0284473555417593,0.0024228544506103
2023-10-27,0.0016653015392124,0.0020021459626609,-0.0020222242176973,0.0218376947925723,0.0184999267182638,0.0092450674349686,-0.0030633842228077,0.0192641139716639,-0.0019049790404339
2023-10-30,-0.003333380934252,0.0,-0.0308349642711027,0.0,0.0139550058779413,-0.018576404328975,0.0,-0.0016849358450323,0.0019049790404339
2023-10-31,0.0134362721595174,-0.0040076618015667,0.0116231346177116,-0.0855107896537147,-0.0260841682532429,0.0,0.0028281271276193,-0.0175791781266315,-0.0053291349958514
2023-11-01,-0.0201365546561019,0.0040076618015668,0.0232521969495896,0.0855107896537147,0.0296928514538403,-0.0125787951065837,-0.0356967634556456,-0.0190592320840654,0.0076882648732473
2023-11-02,0.0179062809295359,-0.0040076618015667,0.0,0.0,-0.004010433606166,0.0125787951065838,0.0,0.0202027300956252,-0.0007857284691984
2023-11-03,-0.0284658528969743,-0.0056386650012362,-0.0080971979476142,0.0,-0.0285325241187035,-0.0189280293583502,0.0,0.016997595179703,0.0
2023-11-06,0.0,0.0,0.0,0.0,0.0,0.0,0.0,0.0,0.0
2023-11-07,0.0134965602495785,-0.0072963053478006,-0.0500104187146606,0.0,0.006388339430926,-0.0192932231661923,0.0,-0.0039401900676112,0.0
2023-11-08,-0.0029369882821401,0.0,-0.0021390923002932,-0.0025444918578935,0.0021412061815976,0.012903418410043,0.0,-0.0016935648804505,0.0040766662932523
2023-11-09,0.0125264862970457,0.0008134903810502,0.0064035225642951,0.0,0.0,0.0177895343233896,0.0,-0.0113638402316411,0.0
2023-11-10,0.0164611459144933,0.0072904867028873,0.0,0.0,-0.0078366323236817,-0.0012602023866927,0.0,0.0056981661794516,-0.0274972090256175
2023-11-13,0.0,0.0,0.0,0.0,0.0,0.0,0.0,0.0,0.0
2023-11-14,0.0,0.0,0.0084746891491581,0.0,-0.0062304895915137,-0.0063251382187384,0.0,-0.0143066207266123,0.0100501851053935
2023-11-15,-0.0289876322115389,-0.0154533443049651,0.0104931656818136,0.0,0.0,-0.0140577146073057,-0.0085731787048362,-0.0057801575428366,0.0
2023-11-16,0.0269447902412754,-0.0041073573744211,0.0,0.0,0.0140671219151954,0.0,0.0,0.0,-0.0161293427183346
2023-11-17,0.0081469076355608,-0.01409053387121,0.0348753315673013,0.0,-0.014484052489258,0.0165925598972628,0.0,-0.0145988139912253,0.0
2023-11-20,-0.0020306282745639,0.00166827186186,0.0080321596088191,0.0,0.0,-0.017880417631105,0.0085731787048362,-0.0058996558413645,-0.004073338599074
2023-11-21,-0.0040734373907334,0.0,0.0178400143292345,0.0,0.0004169305740625,0.0153455723411478,0.0,0.0,-0.0323546694756631
2023-11-22,0.0,0.0,-0.0118578628997662,0.0,0.0095377022016164,-0.0089229361268627,0.0,0.0,0.0241579691441945
2023-11-23,0.0061040656652972,0.0,-0.0059821514294682,0.0,0.0069916190406984,0.0,0.0,0.0,-0.0004115524466964
2023-11-24,0.0140986254447139,0.0132449328684178,0.0295589145081531,0.0,0.0,-0.0012812575910957,0.0072905679091113,-0.0059348864384373,0.0
2023-11-27,-0.0020019442391972,-0.0024549677049757,-0.0215907567555414,0.0,-0.0069916190406984,0.0,-0.0060717638111752,0.0,-0.0103458551475369
2023-11-28,-0.0202435888410776,0.0,0.007905308308501,0.0,0.0110815646803481,-0.0168070828855887,0.0,0.0,0.0024926825307395
2023-11-29,0.0061162793609969,0.0206189833608637,-0.0019704232017078,0.0,0.0,0.0421249170000881,0.0036474509730271,-0.0029805585103392,0.0123715200618065
2023-11-30,-0.0246927077106483,-0.0008165029576269,-0.0059348851067932,0.0,0.019802698581878,-0.0382212525245425,0.0,0.0,0.0040899053331557
2023-12-01,0.0165294046319661,-0.0008172632257642,0.0098718565766229,0.0,0.0,0.0103360333165773,0.012062851244347,0.0148151007901412,0.0202026813174086
2023-12-04,0.0061285429612692,-0.0148274387908393,0.0,0.0,0.0,0.0190967170301625,0.0107336450282912,0.0145988139912253,-0.0197946556938663
2023-12-05,0.0081137433043569,0.0,-0.0118578628997662,0.0,0.0,-0.0050569446840777,0.0,-0.0087337600493825,-0.0016331953270294
2023-12-06,-0.0121952625479408,-0.0041577783866331,-0.0241460764092203,0.0,0.0299586792598379,-0.006357242257815,-0.0179539536714358,-0.0058650539418428,-0.0065601474870254
2023-12-07,0.0,0.0,0.0040651485713098,0.0,-0.0299586792598379,0.0088889433911787,0.0,0.0116959095038271,0.0219698148579322
2023-12-08,0.0,0.0,0.0,0.0,0.0,0.0,0.0,0.0,0.0
2023-12-11,0.0101729614917696,0.0,0.0180907561584925,0.0,-0.0166724993759186,-0.0178576092753301,0.0,-0.0116959095038272,0.0335179123281823
2023-12-12,0.0160645896940272,0.0206189833608637,-0.0201213373064834,0.0,0.0,0.0216430552127369,0.0012070353368633,-0.0088626962074154,0.0292665583914738
2023-12-13,0.0840188962035556,0.0,0.0161293575564332,0.0,0.0,0.0075282997911098,0.0096038989030137,0.0176473921930129,0.0206580645179859
2023-12-14,-0.0073529681712791,-0.0197861572645514,0.0217615468176757,0.0,0.0,0.0111871755341245,0.031748750454605,0.0029112135182296,0.0546147046802134
2023-12-15,0.009182845181049,0.0206023653632471,0.0032441007088827,0.0,0.0,0.036411765611491,0.0452481852128085,0.002902904487398,0.0531220151117622
2023-12-18,-0.005499811395527,0.0,-0.0106269960332743,0.0,0.0344504891914618,0.0118484922909238,0.0,0.002894431454234,-0.0154726942346033
2023-12-19,0.0343306120620988,0.0454441299078455,0.0127390907939952,0.0,-0.0232567586772347,0.0290211609153746,-0.0209554920815585,0.0114941806357634,0.0293940522676969
2023-12-20,0.0176059746297845,0.0692525305364339,-0.0148781517931081,0.1028094938662209,-0.0043668905108549,0.0270896986194586,0.0,0.0085349119353374,-0.0125872014635307
2023-12-21,-0.0265264802240337,-0.0370409796766547,0.008528856857107,0.0114286958236228,0.0,-0.0270896986194587,0.0046949260649427,-0.0316572840747174,-0.0345912957665758
2023-12-22,0.0489607786209682,0.0,-0.0021254919832229,0.0,-0.0154359290903628,0.0136366354864461,0.0,0.0,0.0
2023-12-25,0.0,0.0,0.0,0.0,0.0,0.0,0.0,0.0,0.0
2023-12-26,0.0101867396745224,0.0469388906740994,0.0042464060664714,0.0,0.0,0.0419951185469905,0.0,0.0173916910158709,0.0
2023-12-27,0.0016876191696871,0.0029049985436416,-0.0170945452224629,0.0,-0.0293142815749573,0.0256424348015596,0.0657087185862213,0.0449514372047576,0.0174450949089763
2023-12-28,-0.0016876191696871,-0.0043605865230919,0.0085838352812202,0.0765400771223344,0.0293142815749574,0.0115366054718201,0.0087336416130255,0.0082079891905747,0.0
2023-12-29,0.0,0.0,0.0,0.0,0.0,0.0,0.0,0.0,0.0
