Date,Open,High,Low,Close,Adj Close,Volume,Dividends,Stock Splits
2020-01-01,79169.0078125,79169.0078125,79169.0078125,79169.0078125,52395.3828125,0,0.0,0.0
2020-01-02,79169.0078125,79169.0078125,79169.0078125,79169.0078125,52395.3828125,0,0.0,0.0
2020-01-03,82553.7265625,82553.7265625,79150.4140625,82553.7265625,54635.46875,1398,0.0,0.0
2020-01-06,82553.7265625,82553.7265625,82553.7265625,82553.7265625,54635.46875,0,0.0,0.0
2020-01-07,79968.6953125,79968.6953125,79968.6953125,79968.6953125,52924.6484375,341,0.0,0.0
2020-01-08,79968.6953125,79968.6953125,79968.6953125,79968.6953125,52924.6484375,341,0.0,0.0
2020-01-09,81010.1484375,81010.1484375,79931.5,81010.1484375,53613.9140625,7707,0.0,0.0
2020-01-10,82665.3125,82665.3125,80470.828125,82665.3125,54709.3046875,9367,0.0,0.0
2020-01-13,80005.890625,82665.3125,79968.6953125,80005.890625,52949.27734375,4356,0.0,0.0
2020-01-14,81084.5390625,81828.4296875,80898.5625,81084.5390625,53663.14453125,10307,0.0,0.0
2020-01-15,81828.4296875,81828.4296875,80898.5625,81828.4296875,54155.44140625,1535,0.0,0.0
2020-01-16,82293.3671875,82553.7265625,81735.4453125,82293.3671875,54463.140625,6931,0.0,0.0
2020-01-17,82293.3671875,82553.7265625,81735.4453125,82293.3671875,54463.140625,6931,0.0,0.0
2020-01-20,80061.6796875,80191.8671875,80061.6796875,80061.6796875,52986.1953125,1208,0.0,0.0
2020-01-21,81363.5,81363.5,80061.6796875,81363.5,53847.7421875,4891,0.0,0.0
2020-01-22,82386.3515625,82386.3515625,82367.7578125,82386.3515625,54524.67578125,537,0.0,0.0
2020-01-23,81363.5,82479.34375,81363.5,81363.5,53847.7421875,3038,0.0,0.0
2020-01-24,82758.3046875,82758.3046875,81363.5,82758.3046875,54770.84765625,7031,0.0,0.0
2020-01-27,81512.28125,82758.3046875,81363.5,81512.28125,53946.2109375,10487,0.0,0.0
2020-01-28,81828.4296875,82739.703125,80005.890625,81828.4296875,54353.86328125,31883,297.55795,0.0
2020-01-29,82181.78125,82293.3671875,81828.4296875,82181.78125,54588.55859375,40131,0.0,0.0
2020-01-30,81419.2890625,81847.03125,81400.6953125,81419.2890625,54082.0859375,17727,0.0,0.0
2020-01-31,82758.3046875,82758.3046875,81382.09375,82758.3046875,54971.53125,73980,0.0,0.0
2020-02-03,82758.3046875,82758.3046875,81679.65625,82758.3046875,54971.53125,1296,0.0,0.0
2020-02-04,82795.5,82795.5,81698.25,82795.5,54996.21875,30356,0.0,0.0
2020-02-05,82758.3046875,83483.6015625,82572.328125,82758.3046875,54971.53125,20320,0.0,0.0
2020-02-06,83409.2109375,83409.2109375,82814.09375,83409.2109375,55403.90234375,15655,0.0,0.0
2020-02-07,83409.2109375,83427.8046875,83390.609375,83409.2109375,55403.90234375,6662,0.0,0.0
2020-02-10,81084.5390625,83316.21875,80935.7578125,81084.5390625,53859.76171875,18507,0.0,0.0
2020-02-11,81326.3046875,83093.0546875,81010.1484375,81326.3046875,54020.32421875,7458,0.0,0.0
2020-02-12,81326.3046875,81326.3046875,81326.3046875,81326.3046875,54020.32421875,65,0.0,0.0
2020-02-13,81772.640625,81772.640625,81735.4453125,81772.640625,54316.8125,3469,0.0,0.0
2020-02-14,83409.2109375,83409.2109375,82739.703125,83409.2109375,55403.90234375,16032,0.0,0.0
2020-02-17,83409.2109375,83409.2109375,83409.2109375,83409.2109375,55403.90234375,43,0.0,0.0
2020-02-18,83409.2109375,83409.2109375,83130.25,83409.2109375,55403.90234375,14661,0.0,0.0
2020-02-19,83446.40625,83446.40625,81884.2265625,83446.40625,55428.57421875,13230,0.0,0.0
2020-02-20,83446.40625,83446.40625,81940.015625,83446.40625,55428.57421875,5208,0.0,0.0
2020-02-21,83353.4140625,83446.40625,81940.015625,83353.4140625,55366.8125,1276,0.0,0.0
2020-02-24,83372.015625,83372.015625,83055.859375,83372.015625,55379.1796875,3187,0.0,0.0
2020-02-25,81995.8125,83316.21875,81977.2109375,81995.8125,54660.1171875,12771,297.55795,0.0
2020-02-26,81828.4296875,82479.34375,81828.4296875,81828.4296875,54548.546875,56178,0.0,0.0
2020-02-27,81047.34375,82293.3671875,81047.34375,81047.34375,54027.84375,23025,0.0,0.0
2020-02-28,80005.890625,80898.5625,80005.890625,80005.890625,53333.6328125,14486,0.0,0.0
2020-03-02,80898.5625,80898.5625,80898.5625,80898.5625,53928.67578125,292,0.0,0.0
2020-03-03,80433.6328125,80898.5625,80433.6328125,80433.6328125,53618.73828125,5070,0.0,0.0
2020-03-04,80489.421875,81772.640625,80489.421875,80489.421875,53655.94140625,828,0.0,0.0
2020-03-05,81791.234375,81791.234375,80898.5625,81791.234375,54523.7578125,2526,0.0,0.0
2020-03-06,81735.4453125,81735.4453125,80619.6015625,81735.4453125,54486.5703125,7368,0.0,0.0
2020-03-09,77179.09375,80489.421875,75784.2890625,77179.09375,51449.1796875,8285,0.0,0.0
2020-03-10,74501.0703125,76714.15625,74501.0703125,74501.0703125,49663.99609375,4349,0.0,0.0
2020-03-11,76249.21875,79857.109375,74389.484375,76249.21875,50829.3203125,22157,0.0,0.0
2020-03-12,75319.3515625,75319.3515625,70688.609375,75319.3515625,50209.4609375,26488,0.0,0.0
2020-03-13,75319.3515625,75319.3515625,70688.609375,75319.3515625,50209.4609375,26488,0.0,0.0
2020-03-16,65090.80078125,69740.140625,65090.80078125,65090.80078125,43390.8984375,6080,0.0,0.0
2020-03-17,68717.2890625,68810.2734375,60441.45703125,68717.2890625,45808.3828125,37722,0.0,0.0
2020-03-18,60441.45703125,61371.32421875,60441.45703125,60441.45703125,40291.546875,7516,0.0,0.0
2020-03-19,57651.8515625,60441.45703125,57651.8515625,57651.8515625,38431.94140625,6507,0.0,0.0
2020-03-20,57651.8515625,60441.45703125,56721.98046875,57651.8515625,38431.94140625,33673,0.0,0.0
2020-03-23,57651.8515625,57651.8515625,57651.8515625,57651.8515625,38431.94140625,0,0.0,0.0
2020-03-24,53932.375,56721.98046875,53932.375,53932.375,35952.46484375,61000,0.0,0.0
2020-03-25,57633.25390625,57651.8515625,53932.375,57633.25390625,38419.53125,58815,0.0,0.0
2020-03-26,57633.25390625,57651.8515625,53932.375,57633.25390625,38419.53125,58815,0.0,0.0
2020-03-27,68959.0546875,68959.0546875,64700.25390625,68959.0546875,46220.125,33530,312.43582,0.0
2020-03-30,68810.2734375,68959.0546875,67768.8203125,68810.2734375,46120.40625,8408,0.0,0.0
2020-03-31,66020.6640625,68791.671875,66020.6640625,66020.6640625,44250.640625,11960,0.0,0.0
2020-04-01,65072.203125,66020.6640625,63714.59375,65072.203125,43614.92578125,8279,0.0,0.0
2020-04-02,69944.7109375,69944.7109375,65053.60546875,69944.7109375,46880.75,7764,0.0,0.0
2020-04-03,70205.078125,70205.078125,69740.140625,70205.078125,47055.28125,3760,0.0,0.0
2020-04-06,71134.9453125,71134.9453125,70205.078125,71134.9453125,47678.53515625,2414,0.0,0.0
2020-04-07,70670.0078125,70855.984375,69740.140625,70670.0078125,47366.8984375,6039,0.0,0.0
2020-04-08,68810.2734375,70670.0078125,68363.9375,68810.2734375,46120.40625,13591,0.0,0.0
2020-04-09,68810.2734375,68810.2734375,68810.2734375,68810.2734375,46120.40625,0,0.0,0.0
2020-04-10,68810.2734375,68810.2734375,68810.2734375,68810.2734375,46120.40625,0,0.0,0.0
2020-04-13,68810.2734375,69740.140625,68810.2734375,68810.2734375,46120.40625,5199,0.0,0.0
2020-04-14,68773.078125,68810.2734375,68773.078125,68773.078125,46095.44921875,9051,0.0,0.0
2020-04-15,68773.078125,68773.078125,68773.078125,68773.078125,46095.44921875,4083,0.0,0.0
2020-04-16,67880.40625,68122.171875,67880.40625,67880.40625,45497.14453125,5778,0.0,0.0
2020-04-17,67861.8046875,67880.40625,65090.80078125,67861.8046875,45484.67578125,4342,0.0,0.0
2020-04-20,67880.40625,67880.40625,67861.8046875,67880.40625,45497.14453125,2360,0.0,0.0
2020-04-21,65090.80078125,66057.859375,65090.80078125,65090.80078125,43627.3984375,17186,0.0,0.0
2020-04-22,64811.83984375,65090.80078125,64160.9296875,64811.83984375,43440.41796875,6814,0.0,0.0
2020-04-23,65090.80078125,65090.80078125,64160.9296875,65090.80078125,43627.3984375,2171,0.0,0.0
2020-04-24,62301.19140625,64160.9296875,62301.19140625,62301.19140625,41757.640625,838,0.0,0.0
2020-04-27,62115.21875,62115.21875,60404.26171875,62115.21875,41842.84765625,12882,312.43582,0.0
2020-04-28,61334.12890625,63231.0625,59976.5234375,61334.12890625,41316.67578125,19693,0.0,0.0
2020-04-29,60515.84375,61352.7265625,59976.5234375,60515.84375,40765.453125,31731,0.0,0.0
2020-04-30,59511.5859375,62059.42578125,59511.5859375,59511.5859375,40088.94140625,22051,0.0,0.0
2020-05-01,59511.5859375,59511.5859375,59511.5859375,59511.5859375,40088.94140625,0,0.0,0.0
2020-05-04,57651.8515625,59585.9765625,57651.8515625,57651.8515625,38836.16796875,8733,0.0,0.0
2020-05-05,59028.0546875,59028.0546875,57651.8515625,59028.0546875,39763.234375,8483,0.0,0.0
2020-05-06,55940.890625,59418.6015625,55940.890625,55940.890625,37683.609375,15259,0.0,0.0
2020-05-07,57651.8515625,58507.328125,57279.90234375,57651.8515625,38836.16796875,9272,0.0,0.0
2020-05-08,58395.74609375,58395.74609375,57651.8515625,58395.74609375,39337.28125,10603,0.0,0.0
2020-05-11,58581.71875,58581.71875,57651.8515625,58581.71875,39462.5625,3320,0.0,0.0
2020-05-12,57651.8515625,57651.8515625,57651.8515625,57651.8515625,38836.16796875,3797,0.0,0.0
2020-05-13,56666.19140625,57577.4609375,54862.24609375,56666.19140625,38172.19140625,12497,0.0,0.0
2020-05-14,55122.609375,55792.11328125,55122.609375,55122.609375,37132.3984375,1242,0.0,0.0
2020-05-15,54490.296875,54862.24609375,54397.30859375,54490.296875,36706.4453125,11482,0.0,0.0
2020-05-18,54862.24609375,55680.52734375,54508.89453125,54862.24609375,36956.99609375,28641,0.0,0.0
2020-05-19,54769.2578125,54955.23046875,54769.2578125,54769.2578125,36894.37109375,20617,0.0,0.0
2020-05-20,55792.11328125,55792.11328125,55792.11328125,55792.11328125,37583.3828125,129,0.0,0.0
2020-05-21,55048.21875,57651.8515625,54676.26953125,55048.21875,37082.2890625,10945,0.0,0.0
2020-05-22,55568.9453125,55587.54296875,54862.24609375,55568.9453125,37433.05859375,4029,0.0,0.0
2020-05-25,55568.9453125,55568.9453125,55568.9453125,55568.9453125,37433.05859375,0,0.0,0.0
2020-05-26,55457.359375,56238.44921875,54862.24609375,55457.359375,37569.12109375,4759,312.43582,0.0
2020-05-27,54862.24609375,55457.359375,54862.24609375,54862.24609375,37165.96484375,3667,0.0,0.0
2020-05-28,54676.26953125,54880.84375,54676.26953125,54676.26953125,37039.984375,22558,0.0,0.0
2020-05-29,53932.375,54862.24609375,53932.375,53932.375,36536.03515625,12280,0.0,0.0
2020-06-01,55606.140625,55792.11328125,55494.5546875,55606.140625,37669.9140625,8318,0.0,0.0
2020-06-02,54862.24609375,55810.7109375,54676.26953125,54862.24609375,37165.96484375,21358,0.0,0.0
2020-06-03,54862.24609375,55810.7109375,54676.26953125,54862.24609375,37165.96484375,21358,0.0,0.0
2020-06-04,56257.046875,56740.578125,56257.046875,56257.046875,38110.87109375,25821,0.0,0.0
2020-06-05,58135.3828125,60069.5078125,56721.98046875,58135.3828125,39383.33203125,56805,0.0,0.0
2020-06-08,60850.59765625,61166.75390625,58395.74609375,60850.59765625,41222.72265625,52880,0.0,0.0
2020-06-09,60069.5078125,61148.15625,60032.3125,60069.5078125,40693.58984375,30278,0.0,0.0
2020-06-10,59511.5859375,60069.5078125,58711.90234375,59511.5859375,40315.61328125,8661,0.0,0.0
2020-06-11,57930.8125,59437.19921875,57651.8515625,57930.8125,39244.73828125,45761,0.0,0.0
2020-06-12,60404.26171875,60906.390625,59046.65234375,60404.26171875,40920.359375,26262,0.0,0.0
2020-06-15,60404.26171875,60404.26171875,60404.26171875,60404.26171875,40920.359375,0,0.0,0.0
2020-06-16,60980.78125,62673.140625,60181.09375,60980.78125,41310.9296875,59144,0.0,0.0
2020-06-17,62264.0,62282.59765625,60720.41796875,62264.0,42180.1953125,14247,0.0,0.0
2020-06-18,63138.07421875,63138.07421875,62301.19140625,63138.07421875,42772.36328125,77153,0.0,0.0
2020-06-19,63695.99609375,63844.7734375,62914.90625,63695.99609375,43150.3125,185313,0.0,0.0
2020-06-22,63695.99609375,63695.99609375,63695.99609375,63695.99609375,43150.3125,0,0.0,0.0
2020-06-23,60553.0390625,63231.0625,60478.65234375,60553.0390625,41021.1484375,7427,0.0,0.0
2020-06-24,59046.65234375,59269.8203125,58581.71875,59046.65234375,40208.11328125,10159,312.43582,0.0
2020-06-25,57651.8515625,58563.12109375,56628.99609375,57651.8515625,39258.3125,33716,0.0,0.0
2020-06-26,57168.3203125,57651.8515625,57168.3203125,57168.3203125,38929.0625,4750,0.0,0.0
2020-06-29,57168.3203125,57168.3203125,57168.3203125,57168.3203125,38929.0625,0,0.0,0.0
2020-06-30,56275.64453125,56647.59375,56275.64453125,56275.64453125,38321.17578125,4968,0.0,0.0
2020-07-01,57391.48828125,57391.48828125,56294.2421875,57391.48828125,39081.02734375,3572,0.0,0.0
2020-07-02,57465.875,57651.8515625,57186.91796875,57465.875,39131.6796875,8974,0.0,0.0
2020-07-03,58153.98046875,58265.5625,57465.875,58153.98046875,39600.25390625,5460,0.0,0.0
2020-07-06,58153.98046875,58581.71875,57633.25390625,58153.98046875,39600.25390625,3797,0.0,0.0
2020-07-07,57763.43359375,58525.92578125,57763.43359375,57763.43359375,39334.296875,4168,0.0,0.0
2020-07-08,59009.45703125,59009.45703125,57837.82421875,59009.45703125,40182.77734375,10343,0.0,0.0
2020-07-09,58581.71875,59195.43359375,58581.71875,58581.71875,39891.53125,10173,0.0,0.0
2020-07-10,59678.96484375,59678.96484375,59139.640625,59678.96484375,40638.6953125,7561,0.0,0.0
2020-07-13,60441.45703125,60441.45703125,59678.96484375,60441.45703125,41157.9296875,8764,0.0,0.0
2020-07-14,61092.36328125,61315.53125,60422.859375,61092.36328125,41601.16015625,5297,0.0,0.0
2020-07-15,61371.32421875,61371.32421875,60441.45703125,61371.32421875,41791.11328125,8821,0.0,0.0
2020-07-16,62115.21875,62226.8046875,61371.32421875,62115.21875,42297.6796875,5353,0.0,0.0
2020-07-17,62115.21875,62115.21875,62022.234375,62115.21875,42297.6796875,9263,0.0,0.0
2020-07-20,62115.21875,62115.21875,62115.21875,62115.21875,42297.6796875,0,0.0,0.0
2020-07-21,62301.19140625,62301.19140625,62096.62109375,62301.19140625,42424.31640625,16465,0.0,0.0
2020-07-22,63231.0625,63231.0625,62301.19140625,63231.0625,43057.51171875,14076,0.0,0.0
2020-07-23,63788.984375,63974.95703125,63231.0625,63788.984375,43437.4296875,14587,0.0,0.0
2020-07-24,63305.453125,64030.75,63305.453125,63305.453125,43108.1796875,6439,0.0,0.0
2020-07-27,63286.85546875,63324.046875,63231.0625,63286.85546875,43095.5078125,9175,0.0,0.0
2020-07-28,63231.0625,63231.0625,62301.19140625,63231.0625,43271.125,1053,312.43582,0.0
2020-07-29,62301.19140625,62301.19140625,62301.19140625,62301.19140625,42634.79296875,11128,0.0,0.0
2020-07-30,61836.2578125,62766.12890625,61427.1171875,61836.2578125,42316.6328125,6395,0.0,0.0
2020-07-31,57726.23828125,61371.32421875,57726.23828125,57726.23828125,39504.0,88218,0.0,0.0
2020-08-03,58767.69140625,59976.5234375,58767.69140625,58767.69140625,40216.6953125,41442,0.0,0.0
2020-08-04,58116.78515625,59604.57421875,58116.78515625,58116.78515625,39771.27734375,17120,0.0,0.0
2020-08-05,58823.484375,59232.625,58823.484375,58823.484375,40254.87890625,2849,0.0,0.0
2020-08-06,59474.39453125,59492.98828125,58674.70703125,59474.39453125,40700.3203125,2553,0.0,0.0
2020-08-07,59474.39453125,59474.39453125,59474.39453125,59474.39453125,40700.3203125,0,0.0,0.0
2020-08-10,59827.7421875,60348.46875,58637.51171875,59827.7421875,40942.13671875,7397,0.0,0.0
2020-08-11,59939.328125,60441.45703125,58711.90234375,59939.328125,41018.5,5871,0.0,0.0
2020-08-12,59846.33984375,59864.9375,58767.69140625,59846.33984375,40954.84375,11185,0.0,0.0
2020-08-13,60404.26171875,61185.3515625,59809.14453125,60404.26171875,41336.66015625,7806,0.0,0.0
2020-08-14,60441.45703125,60441.45703125,60348.46875,60441.45703125,41362.125,3632,0.0,0.0
2020-08-17,60441.45703125,60441.45703125,60441.45703125,60441.45703125,41362.125,0,0.0,0.0
2020-08-18,60887.79296875,61371.32421875,59660.3671875,60887.79296875,41667.5546875,6627,0.0,0.0
2020-08-19,61241.14453125,61371.32421875,60553.0390625,61241.14453125,41909.3671875,12914,0.0,0.0
2020-08-20,62208.20703125,62301.19140625,60832.0,62208.20703125,42571.15625,17154,0.0,0.0
2020-08-21,63045.08984375,63045.08984375,62710.3359375,63045.08984375,43143.875,9987,0.0,0.0
2020-08-24,63045.08984375,63045.08984375,63045.08984375,63045.08984375,43143.875,0,0.0,0.0
2020-08-25,63788.984375,63788.984375,63324.046875,63788.984375,43652.9375,24563,0.0,0.0
2020-08-26,64105.13671875,64160.9296875,63268.2578125,64105.13671875,44085.21875,12101,312.43582,0.0
2020-08-27,64997.8125,65053.60546875,64067.9453125,64997.8125,44699.12109375,18182,0.0,0.0
2020-08-28,64625.86328125,64979.21484375,64625.86328125,64625.86328125,44443.34375,5308,0.0,0.0
2020-08-31,64160.9296875,64160.9296875,63510.0234375,64160.9296875,44123.59765625,15992,0.0,0.0
2020-09-01,64625.86328125,64625.86328125,63695.99609375,64625.86328125,44443.34375,16232,0.0,0.0
2020-09-02,66950.5390625,66950.5390625,64625.86328125,66950.5390625,46042.01953125,6341,0.0,0.0
2020-09-03,64663.05859375,66931.9375,64663.05859375,64663.05859375,44468.90625,12941,0.0,0.0
2020-09-04,64663.05859375,64681.65625,64663.05859375,64663.05859375,44468.90625,1029,0.0,0.0
2020-09-07,64663.05859375,64663.05859375,64663.05859375,64663.05859375,44468.90625,0,0.0,0.0
2020-09-08,64142.33203125,64160.9296875,64142.33203125,64142.33203125,44110.78515625,1555,0.0,0.0
2020-09-09,65090.80078125,65090.80078125,65090.80078125,65090.80078125,44763.06640625,5630,0.0,0.0
2020-09-10,64160.9296875,65183.78515625,63863.37109375,64160.9296875,44123.59765625,9171,0.0,0.0
2020-09-11,64142.33203125,64253.91796875,63547.21875,64142.33203125,44110.78515625,14368,0.0,0.0
2020-09-14,63547.21875,64160.9296875,63547.21875,63547.21875,43701.5390625,8340,0.0,0.0
2020-09-15,62319.7890625,63974.95703125,61892.05078125,62319.7890625,42857.44140625,8246,0.0,0.0
2020-09-16,62747.53125,63231.0625,62301.19140625,62747.53125,43151.5859375,23605,0.0,0.0
2020-09-17,62766.12890625,62766.12890625,62747.53125,62766.12890625,43164.37890625,6823,0.0,0.0
2020-09-18,63212.46484375,63212.46484375,62747.53125,63212.46484375,43471.328125,26345,0.0,0.0
2020-09-21,63510.0234375,63510.0234375,63212.46484375,63510.0234375,43675.95703125,4658,0.0,0.0
2020-09-22,63677.3984375,63695.99609375,62301.19140625,63677.3984375,43791.05859375,3672,0.0,0.0
2020-09-23,64625.86328125,64625.86328125,63231.0625,64625.86328125,44443.34375,9080,0.0,0.0
2020-09-24,64997.8125,64997.8125,64346.90234375,64997.8125,44699.12109375,4517,0.0,0.0
2020-09-25,63231.0625,64291.11328125,63231.0625,63231.0625,43694.15234375,6116,312.43582,0.0
2020-09-28,62356.984375,64625.86328125,62356.984375,62356.984375,43090.13671875,8315,0.0,0.0
2020-09-29,63231.0625,64607.265625,62766.12890625,63231.0625,43694.15234375,2365,0.0,0.0
2020-09-30,64160.9296875,64235.3203125,64142.33203125,64160.9296875,44336.71484375,4084,0.0,0.0
2020-10-01,64160.9296875,64179.52734375,64160.9296875,64160.9296875,44336.71484375,6635,0.0,0.0
2020-10-02,63231.0625,63231.0625,63231.0625,63231.0625,43694.15234375,150,0.0,0.0
2020-10-05,66857.546875,66857.546875,66857.546875,66857.546875,46200.12890625,2055,0.0,0.0
2020-10-06,66206.640625,66392.6171875,66206.640625,66206.640625,45750.34765625,1260,0.0,0.0
2020-10-07,66225.2421875,66234.5390625,66206.640625,66225.2421875,45763.19921875,988,0.0,0.0
2020-10-08,66225.2421875,66234.5390625,66206.640625,66225.2421875,45763.19921875,988,0.0,0.0
2020-10-09,63695.99609375,63751.7890625,62766.12890625,63695.99609375,44015.42578125,12803,0.0,0.0
2020-10-12,63695.99609375,63695.99609375,63695.99609375,63695.99609375,44015.42578125,0,0.0,0.0
2020-10-13,62487.16796875,63695.99609375,62301.19140625,62487.16796875,43180.1015625,4734,0.0,0.0
2020-10-14,60534.44140625,64876.9296875,60534.44140625,60534.44140625,41830.72265625,13551,0.0,0.0
2020-10-15,63221.76171875,63491.42578125,59585.9765625,63221.76171875,43687.73046875,10867,0.0,0.0
2020-10-16,63221.76171875,63221.76171875,62626.6484375,63221.76171875,43687.73046875,14599,0.0,0.0
2020-10-19,63231.0625,63231.0625,63231.0625,63231.0625,43694.15234375,1873,0.0,0.0
2020-10-20,67694.4296875,67694.4296875,63231.0625,67694.4296875,46778.44140625,24631,0.0,0.0
2020-10-21,66950.5390625,66950.5390625,66857.546875,66950.5390625,46264.39453125,14142,0.0,0.0
2020-10-22,66950.5390625,66950.5390625,66857.546875,66950.5390625,46264.39453125,14142,0.0,0.0
2020-10-23,66950.5390625,66950.5390625,66950.5390625,66950.5390625,46264.39453125,25,0.0,0.0
2020-10-26,64681.65625,64681.65625,64681.65625,64681.65625,44696.54296875,283,0.0,0.0
2020-10-27,64690.95703125,67294.5859375,64690.95703125,64690.95703125,44919.94921875,5017,312.43582,0.0
2020-10-28,66020.6640625,66020.6640625,66020.6640625,66020.6640625,45843.27734375,1264,0.0,0.0
2020-10-29,65555.734375,65555.734375,64160.9296875,65555.734375,45520.4296875,9160,0.0,0.0
2020-10-30,63268.2578125,65183.78515625,63268.2578125,63268.2578125,43932.06640625,33418,0.0,0.0
2020-11-02,63268.2578125,63268.2578125,63268.2578125,63268.2578125,43932.06640625,0,0.0,0.0
2020-11-03,63258.95703125,65983.46875,63258.95703125,63258.95703125,43925.60546875,9209,0.0,0.0
2020-11-04,63324.046875,65044.3046875,63231.0625,63324.046875,43970.81640625,3459,0.0,0.0
2020-11-05,65090.80078125,65090.80078125,64346.90234375,65090.80078125,45197.59375,2571,0.0,0.0
2020-11-06,65090.80078125,65090.80078125,64346.90234375,65090.80078125,45197.59375,2571,0.0,0.0
2020-11-09,65276.7734375,67406.171875,65109.39453125,65276.7734375,45326.73828125,19471,0.0,0.0
2020-11-10,64644.4609375,66578.5859375,64644.4609375,64644.4609375,44887.66796875,3385,0.0,0.0
2020-11-11,65425.55078125,65964.875,64449.19140625,65425.55078125,45430.04296875,2997,0.0,0.0
2020-11-12,65155.890625,65462.74609375,65155.890625,65155.890625,45242.78515625,979,0.0,0.0
2020-11-13,64625.86328125,64625.86328125,64625.86328125,64625.86328125,44874.76171875,2444,0.0,0.0
2020-11-16,64625.86328125,64625.86328125,64625.86328125,64625.86328125,44874.76171875,0,0.0,0.0
2020-11-17,66262.4296875,66262.4296875,64756.046875,66262.4296875,46011.15625,9430,0.0,0.0
2020-11-18,66950.5390625,66950.5390625,66718.0703125,66950.5390625,46488.9609375,8208,0.0,0.0
2020-11-19,65713.8125,65713.8125,65713.8125,65713.8125,45630.20703125,283,0.0,0.0
2020-11-20,66485.6015625,66485.6015625,66485.6015625,66485.6015625,46166.109375,249,0.0,0.0
2020-11-23,66485.6015625,66485.6015625,66485.6015625,66485.6015625,46166.109375,701,0.0,0.0
2020-11-24,66950.5390625,66950.5390625,66476.3046875,66950.5390625,46488.9609375,18755,0.0,0.0
2020-11-25,66206.640625,66950.5390625,66206.640625,66206.640625,46187.95703125,10571,312.43582,0.0
2020-11-26,66020.6640625,66197.34375,66020.6640625,66020.6640625,46058.2109375,2604,0.0,0.0
2020-11-27,65555.734375,66020.6640625,65555.734375,65555.734375,45733.8671875,1352,0.0,0.0
2020-11-30,65565.03125,66206.640625,65462.74609375,65565.03125,45740.3515625,13031,0.0,0.0
2020-12-01,67043.5234375,67043.5234375,66104.359375,67043.5234375,46771.78125,12801,0.0,0.0
2020-12-02,66950.5390625,67043.5234375,66950.5390625,66950.5390625,46706.93359375,14537,0.0,0.0
2020-12-03,67229.5,67238.796875,67043.5234375,67229.5,46901.53515625,13520,0.0,0.0
2020-12-04,67229.5,67238.796875,67043.5234375,67229.5,46901.53515625,13520,0.0,0.0
2020-12-07,70660.7109375,71599.875,69358.8984375,70660.7109375,49295.26171875,11593,0.0,0.0
2020-12-08,70660.7109375,70660.7109375,70660.7109375,70660.7109375,49295.26171875,0,0.0,0.0
2020-12-09,70037.703125,72064.8125,69210.1171875,70037.703125,48860.62890625,34240,0.0,0.0
2020-12-10,69182.21875,71320.921875,69182.21875,69182.21875,48263.8125,14500,0.0,0.0
2020-12-11,69777.3359375,69777.3359375,68103.5703125,69777.3359375,48678.9921875,5367,0.0,0.0
2020-12-14,69554.1640625,70670.0078125,69554.1640625,69554.1640625,48523.296875,7740,0.0,0.0
2020-12-15,70130.6875,70130.6875,68819.5703125,70130.6875,48925.5078125,3561,0.0,0.0
2020-12-16,71581.28125,71581.28125,69944.7109375,71581.28125,49937.48828125,14394,0.0,0.0
2020-12-17,70670.0078125,73459.6171875,70670.0078125,70670.0078125,49301.7578125,17487,0.0,0.0
2020-12-18,69944.7109375,71599.875,69935.4140625,69944.7109375,48795.765625,8571,0.0,0.0
2020-12-21,70670.0078125,71302.3203125,67880.40625,70670.0078125,49301.7578125,10996,0.0,0.0
2020-12-22,70651.4140625,70670.0078125,69433.28125,70651.4140625,49288.78125,8859,0.0,0.0
2020-12-23,71116.34375,71599.875,70019.1015625,71116.34375,49613.125,8689,0.0,0.0
2020-12-24,69702.9453125,69702.9453125,69702.9453125,69702.9453125,48841.66015625,157,312.43582,0.0
2020-12-25,69702.9453125,69702.9453125,69702.9453125,69702.9453125,48841.66015625,0,0.0,0.0
2020-12-28,70670.0078125,71571.984375,70670.0078125,70670.0078125,49519.3203125,6563,0.0,0.0
2020-12-29,71395.3046875,71395.3046875,71069.8515625,71395.3046875,50027.5234375,3198,0.0,0.0
2020-12-30,70298.0625,70670.0078125,69777.3359375,70298.0625,49258.6796875,4052,0.0,0.0
2020-12-31,70298.0625,70298.0625,70298.0625,70298.0625,49258.6796875,0,0.0,0.0
2021-01-01,70298.0625,70298.0625,70298.0625,70298.0625,49258.6796875,0,0.0,0.0
2021-01-04,71395.3046875,71395.3046875,69740.140625,71395.3046875,50027.5234375,8321,0.0,0.0
2021-01-05,71971.828125,71971.828125,71227.9296875,71971.828125,50431.484375,3562,0.0,0.0
2021-01-06,71971.828125,72064.8125,71599.875,71971.828125,50431.484375,4809,0.0,0.0
2021-01-07,70716.5,71590.578125,70716.5,70716.5,49551.875,348,0.0,0.0
2021-01-08,71599.875,71599.875,71599.875,71599.875,50170.8515625,4488,0.0,0.0
2021-01-11,71599.875,71599.875,71599.875,71599.875,50170.8515625,0,0.0,0.0
2021-01-12,71878.8359375,72362.3671875,71878.8359375,71878.8359375,50366.3359375,5040,0.0,0.0
2021-01-13,72064.8125,72343.7734375,71618.4765625,72064.8125,50496.640625,7984,0.0,0.0
2021-01-14,72064.8125,73403.8203125,72064.8125,72064.8125,50496.640625,8261,0.0,0.0
2021-01-15,73450.3203125,73924.546875,71599.875,73450.3203125,51467.515625,1289,0.0,0.0
2021-01-18,71618.4765625,73357.328125,71618.4765625,71618.4765625,50183.921875,1211,0.0,0.0
2021-01-19,72938.890625,72938.890625,71888.140625,72938.890625,51109.1328125,2163,0.0,0.0
2021-01-20,76249.21875,76249.21875,73264.34375,76249.21875,53428.703125,9618,0.0,0.0
2021-01-21,75226.3671875,76146.9375,75226.3671875,75226.3671875,52711.99609375,2771,0.0,0.0
2021-01-22,75784.2890625,75784.2890625,74389.484375,75784.2890625,53102.9453125,5214,0.0,0.0
2021-01-25,76119.0390625,76137.640625,75784.2890625,76119.0390625,53337.5,4145,0.0,0.0
2021-01-26,76119.0390625,76119.0390625,76119.0390625,76119.0390625,53557.328125,220,312.43582,0.0
2021-01-27,75691.296875,75691.296875,72594.8359375,75691.296875,53256.375,8419,0.0,0.0
2021-01-28,74045.4296875,74045.4296875,74045.4296875,74045.4296875,52098.33984375,853,0.0,0.0
2021-01-29,77551.0390625,77551.0390625,74389.484375,77551.0390625,54564.87890625,59065,0.0,0.0
2021-02-01,77551.0390625,77551.0390625,77551.0390625,77551.0390625,54564.87890625,0,0.0,0.0
2021-02-02,76807.140625,76807.140625,76202.7265625,76807.140625,54041.47265625,6865,0.0,0.0
2021-02-03,75058.9921875,75058.9921875,72659.9296875,75058.9921875,52811.484375,5046,0.0,0.0
2021-02-04,74668.4453125,75403.0390625,74389.484375,74668.4453125,52536.69921875,7407,0.0,0.0
2021-02-05,74194.2109375,75672.703125,74194.2109375,74194.2109375,52203.01953125,6210,0.0,0.0
2021-02-08,74863.71875,74863.71875,74389.484375,74863.71875,52674.078125,6008,0.0,0.0
2021-02-09,75319.3515625,75319.3515625,75058.9921875,75319.3515625,52994.68359375,7373,0.0,0.0
2021-02-10,74575.4609375,75319.3515625,74389.484375,74575.4609375,52471.26953125,8929,0.0,0.0
2021-02-11,74854.421875,74854.421875,74389.484375,74854.421875,52667.53515625,2950,0.0,0.0
2021-02-12,74659.1484375,74659.1484375,73738.578125,74659.1484375,52530.16015625,3395,0.0,0.0
2021-02-15,77402.2578125,77402.2578125,74761.4296875,77402.2578125,54460.203125,7060,0.0,0.0
2021-02-16,77365.0625,77365.0625,74612.65625,77365.0625,54434.04296875,2682,0.0,0.0
2021-02-17,77458.046875,77458.046875,74780.03125,77458.046875,54499.4453125,1718,0.0,0.0
2021-02-18,76230.625,77160.4921875,74854.421875,76230.625,53635.83984375,1458,0.0,0.0
2021-02-19,74947.40625,74956.703125,74780.03125,74947.40625,52732.953125,6204,0.0,0.0
2021-02-22,75328.6484375,75784.2890625,74110.5234375,75328.6484375,53001.19921875,12994,0.0,0.0
2021-02-23,77114.0,77114.0,74854.421875,77114.0,54483.35546875,8301,312.43582,0.0
2021-02-24,75310.0546875,77086.1015625,74594.0546875,75310.0546875,53208.82421875,4104,0.0,0.0
2021-02-25,74584.7578125,75691.296875,74584.7578125,74584.7578125,52696.3671875,11463,0.0,0.0
2021-02-26,73468.9140625,74575.4609375,73468.9140625,73468.9140625,51908.01171875,5242,0.0,0.0
2021-03-01,73524.703125,75263.5625,72557.640625,73524.703125,51947.40625,2537,0.0,0.0
2021-03-02,73459.6171875,73524.703125,72994.6796875,73459.6171875,51901.421875,9519,0.0,0.0
2021-03-03,73487.515625,73812.96875,73459.6171875,73487.515625,51921.140625,3053,0.0,0.0
2021-03-04,73487.515625,73924.546875,72232.1875,73487.515625,51921.140625,4152,0.0,0.0
2021-03-05,72845.90625,73729.28125,72455.359375,72845.90625,51467.8125,3396,0.0,0.0
2021-03-08,74342.9921875,74770.734375,73459.6171875,74342.9921875,52525.5625,6080,0.0,0.0
2021-03-09,73924.546875,73924.546875,73924.546875,73924.546875,52229.92578125,5103,0.0,0.0
2021-03-10,72697.125,73924.546875,72697.125,72697.125,51362.7109375,7814,0.0,0.0
2021-03-11,72697.125,73003.9765625,72697.125,72697.125,51362.7109375,1950,0.0,0.0
2021-03-12,73348.03125,73348.03125,73348.03125,73348.03125,51822.59375,347,0.0,0.0
2021-03-15,73459.6171875,73459.6171875,73366.6328125,73459.6171875,51901.421875,4552,0.0,0.0
2021-03-16,73664.1875,74752.1328125,73134.1640625,73664.1875,52045.97265625,3824,0.0,0.0
2021-03-17,73664.1875,73664.1875,73664.1875,73664.1875,52045.97265625,7998,0.0,0.0
2021-03-18,73459.6171875,73654.890625,73459.6171875,73459.6171875,51901.421875,9892,0.0,0.0
2021-03-19,72901.6953125,72910.9921875,72901.6953125,72901.6953125,51507.22265625,1836,0.0,0.0
2021-03-22,72901.6953125,72901.6953125,72901.6953125,72901.6953125,51507.22265625,0,0.0,0.0
2021-03-23,72901.6953125,72901.6953125,72873.796875,72901.6953125,51507.22265625,52261,0.0,0.0
2021-03-24,72901.6953125,73180.65625,72901.6953125,72901.6953125,51507.22265625,3252,0.0,0.0
2021-03-25,72901.6953125,72901.6953125,72901.6953125,72901.6953125,51507.22265625,102,0.0,0.0
2021-03-26,73385.2265625,73394.5234375,72901.6953125,73385.2265625,52033.37890625,1384,258.50345,0.0
2021-03-29,73431.71875,73431.71875,72539.046875,73431.71875,52066.33203125,1214,0.0,0.0
2021-03-30,73394.5234375,73394.5234375,73394.5234375,73394.5234375,52039.96875,169,0.0,0.0
2021-03-31,72529.75,72529.75,72529.75,72529.75,51426.7890625,1054,0.0,0.0
2021-04-01,72529.75,72529.75,72529.75,72529.75,51426.7890625,0,0.0,0.0
2021-04-02,72529.75,72529.75,72529.75,72529.75,51426.7890625,0,0.0,0.0
2021-04-05,73273.640625,73273.640625,72976.0859375,73273.640625,51954.2734375,862,0.0,0.0
2021-04-06,73413.125,73413.125,73413.125,73413.125,52053.1640625,160,0.0,0.0
2021-04-07,73394.5234375,73394.5234375,72557.640625,73394.5234375,52039.96875,354,0.0,0.0
2021-04-08,71813.75,72994.6796875,71813.75,71813.75,50919.12890625,14693,0.0,0.0
2021-04-09,71599.875,73069.0703125,71599.875,71599.875,50767.49609375,7123,0.0,0.0
2021-04-12,71599.875,71599.875,71599.875,71599.875,50767.49609375,5865,0.0,0.0
2021-04-13,71590.578125,72250.7890625,71590.578125,71590.578125,50760.90234375,7961,0.0,0.0
2021-04-14,71590.578125,72250.7890625,71590.578125,71590.578125,50760.90234375,7961,0.0,0.0
2021-04-15,72883.09375,72883.09375,71823.046875,72883.09375,51677.3359375,3588,0.0,0.0
2021-04-16,71562.6875,72511.1484375,71562.6875,71562.6875,50741.1015625,3271,0.0,0.0
2021-04-19,71283.7265625,71423.203125,71283.7265625,71283.7265625,50543.328125,8652,0.0,0.0
2021-04-20,71293.0234375,72966.7890625,71283.7265625,71293.0234375,50549.91796875,5248,0.0,0.0
2021-04-21,71190.734375,71293.0234375,71190.734375,71190.734375,50477.3828125,3107,0.0,0.0
2021-04-22,70707.203125,71599.875,70707.203125,70707.203125,50134.53515625,2966,0.0,0.0
2021-04-23,70251.5703125,70679.3125,70251.5703125,70251.5703125,49811.4765625,3640,0.0,0.0
2021-04-26,71320.921875,71320.921875,70316.65625,71320.921875,50569.69140625,5690,0.0,0.0
2021-04-27,72994.6796875,72994.6796875,71246.53125,72994.6796875,51944.72265625,13489,258.50345,0.0
2021-04-28,72222.890625,72697.125,72074.109375,72222.890625,51395.52734375,3804,0.0,0.0
2021-04-29,73385.2265625,73385.2265625,72780.8125,73385.2265625,52222.65234375,1202,0.0,0.0
2021-04-30,72994.6796875,73357.328125,72994.6796875,72994.6796875,51944.72265625,1443,0.0,0.0
2021-05-03,72436.7578125,72436.7578125,71599.875,72436.7578125,51547.69140625,2441,0.0,0.0
2021-05-04,71609.1796875,71720.7578125,71599.875,71609.1796875,50958.76953125,1824,0.0,0.0
2021-05-05,70772.296875,71785.8515625,70772.296875,70772.296875,50363.2421875,2784,0.0,0.0
2021-05-06,70670.0078125,70790.890625,70670.0078125,70670.0078125,50290.4375,575,0.0,0.0
2021-05-07,69740.140625,70353.8515625,69740.140625,69740.140625,49628.7265625,5080,0.0,0.0
2021-05-10,69740.140625,70670.0078125,69656.453125,69740.140625,49628.7265625,4929,0.0,0.0
2021-05-11,69275.2109375,69730.84375,69275.2109375,69275.2109375,49297.8828125,7050,0.0,0.0
2021-05-12,69721.546875,69740.140625,69070.6328125,69721.546875,49615.49609375,9051,0.0,0.0
2021-05-13,69414.6875,69740.140625,69414.6875,69414.6875,49397.12109375,2953,0.0,0.0
2021-05-14,69275.2109375,69423.984375,69275.2109375,69275.2109375,49297.8828125,10744,0.0,0.0
2021-05-17,69275.2109375,69275.2109375,69275.2109375,69275.2109375,49297.8828125,0,0.0,0.0
2021-05-18,69089.234375,69089.234375,68828.8671875,69089.234375,49165.51953125,3533,0.0,0.0
2021-05-19,68494.1171875,69089.234375,68494.1171875,68494.1171875,48742.03515625,1410,0.0,0.0
2021-05-20,67415.46875,67899.0,67415.46875,67415.46875,47974.4375,3648,0.0,0.0
2021-05-21,65462.74609375,66299.625,65090.80078125,65462.74609375,46584.828125,39537,0.0,0.0
2021-05-24,63695.99609375,65090.80078125,63695.99609375,63695.99609375,45327.57421875,9280,0.0,0.0
2021-05-25,63677.3984375,63695.99609375,63221.76171875,63677.3984375,45314.33984375,29923,0.0,0.0
2021-05-26,62301.19140625,63231.0625,61836.2578125,62301.19140625,44515.7265625,15267,258.50345,0.0
2021-05-27,62766.12890625,65090.80078125,62766.12890625,62766.12890625,44847.91796875,1589188,0.0,0.0
2021-05-28,64867.62890625,65081.5,63138.07421875,64867.62890625,46349.48828125,17327,0.0,0.0
2021-05-31,65090.80078125,66950.5390625,65090.80078125,65090.80078125,46508.95703125,3904,0.0,0.0
2021-06-01,66336.8203125,66755.265625,65090.80078125,66336.8203125,47399.265625,8580,0.0,0.0
2021-06-02,66820.3515625,66857.546875,65258.17578125,66820.3515625,47744.75390625,16054,0.0,0.0
2021-06-03,66392.6171875,66467.0078125,65090.80078125,66392.6171875,47439.1328125,10381,0.0,0.0
2021-06-04,66197.34375,66950.5390625,65090.80078125,66197.34375,47299.6015625,7075,0.0,0.0
2021-06-07,66197.34375,66197.34375,66197.34375,66197.34375,47299.6015625,0,0.0,0.0
2021-06-08,66838.953125,67880.40625,64644.4609375,66838.953125,47758.0546875,3862,0.0,0.0
2021-06-09,66950.5390625,66950.5390625,66764.5625,66950.5390625,47837.7890625,172800,0.0,0.0
2021-06-10,67787.4140625,67871.109375,67322.484375,67787.4140625,48435.76171875,1039,0.0,0.0
2021-06-11,65574.328125,67787.4140625,65379.05859375,65574.328125,46854.4609375,2747,0.0,0.0
2021-06-14,65574.328125,65574.328125,65574.328125,65574.328125,46854.4609375,0,0.0,0.0
2021-06-15,66950.5390625,67871.109375,65555.734375,66950.5390625,47837.7890625,1738,0.0,0.0
2021-06-16,66941.234375,66950.5390625,65109.39453125,66941.234375,47831.140625,1068,0.0,0.0
2021-06-17,65434.8515625,65555.734375,65109.39453125,65434.8515625,46754.78515625,3184,0.0,0.0
2021-06-18,65276.7734375,66020.6640625,65276.7734375,65276.7734375,46641.8359375,9166,0.0,0.0
2021-06-21,66002.0703125,66374.015625,65090.80078125,66002.0703125,47160.0859375,32150,0.0,0.0
2021-06-22,65090.80078125,65918.3828125,65090.80078125,65090.80078125,46508.95703125,4027,0.0,0.0
2021-06-23,64625.86328125,65072.203125,64625.86328125,64625.86328125,46176.73828125,4073,0.0,0.0
2021-06-24,65090.80078125,65509.23828125,64625.86328125,65090.80078125,46508.95703125,9527,0.0,0.0
2021-06-25,65546.4375,65788.203125,65090.80078125,65546.4375,47021.265625,5079,258.50345,0.0
2021-06-28,65090.80078125,65555.734375,64811.83984375,65090.80078125,46694.40234375,2347,0.0,0.0
2021-06-29,65035.0078125,65788.203125,64625.86328125,65035.0078125,46654.375,6108,0.0,0.0
2021-06-30,64904.82421875,64904.82421875,63249.66015625,64904.82421875,46560.984375,1060,0.0,0.0
2021-07-01,65555.734375,65555.734375,64616.56640625,65555.734375,47027.9296875,4252,0.0,0.0
2021-07-02,65434.8515625,65434.8515625,65425.55078125,65434.8515625,46941.21875,2340,0.0,0.0
2021-07-05,65434.8515625,65434.8515625,65434.8515625,65434.8515625,46941.21875,0,0.0,0.0
2021-07-06,64160.9296875,65090.80078125,64160.9296875,64160.9296875,46027.33203125,10342,0.0,0.0
2021-07-07,66020.6640625,66020.6640625,65081.5,66020.6640625,47361.44921875,12294,0.0,0.0
2021-07-08,66002.0703125,66020.6640625,65555.734375,66002.0703125,47348.11328125,4689,0.0,0.0
2021-07-09,65983.46875,65983.46875,65555.734375,65983.46875,47334.77734375,1762,0.0,0.0
2021-07-12,65983.46875,65983.46875,65983.46875,65983.46875,47334.77734375,0,0.0,0.0
2021-07-13,66476.3046875,66476.3046875,65927.6796875,66476.3046875,47688.3359375,6354,0.0,0.0
2021-07-14,66290.328125,66485.6015625,66020.6640625,66290.328125,47554.91015625,6421,0.0,0.0
2021-07-15,66290.328125,66290.328125,66290.328125,66290.328125,47554.91015625,140,0.0,0.0
2021-07-16,66262.4296875,66271.734375,66262.4296875,66262.4296875,47534.8984375,1548,0.0,0.0
2021-07-19,65081.5,65555.734375,65081.5,65081.5,46687.72265625,2497,0.0,0.0
2021-07-20,65081.5,65081.5,65081.5,65081.5,46687.72265625,0,0.0,0.0
2021-07-21,64895.52734375,65834.6953125,64895.52734375,64895.52734375,46554.30859375,6019,0.0,0.0
2021-07-22,65537.1328125,65537.1328125,64997.8125,65537.1328125,47014.5859375,2028,0.0,0.0
2021-07-23,65527.8359375,65527.8359375,64532.87890625,65527.8359375,47007.91796875,796,0.0,0.0
2021-07-26,65081.5,65090.80078125,64672.359375,65081.5,46687.72265625,3299,0.0,0.0
2021-07-27,63231.0625,65081.5,62952.1015625,63231.0625,45541.15625,10556,258.50345,0.0
2021-07-28,63835.4765625,64142.33203125,63231.0625,63835.4765625,45976.484375,4603,0.0,0.0
2021-07-29,64969.9140625,64969.9140625,63835.4765625,64969.9140625,46793.54296875,247,0.0,0.0
2021-07-30,63500.72265625,63565.8125,62766.12890625,63500.72265625,45735.38671875,3669,0.0,0.0
2021-08-02,63231.0625,63500.72265625,63231.0625,63231.0625,45541.15625,11388,0.0,0.0
2021-08-03,64886.2265625,64886.2265625,62766.12890625,64886.2265625,46733.265625,8035,0.0,0.0
2021-08-04,63788.984375,64160.9296875,63788.984375,63788.984375,45943.00390625,5617,0.0,0.0
2021-08-05,64346.90234375,64346.90234375,63603.0078125,64346.90234375,46344.8359375,1252,0.0,0.0
2021-08-06,64495.68359375,64495.68359375,63788.984375,64495.68359375,46451.98046875,1744,0.0,0.0
2021-08-09,63342.64453125,64160.9296875,63342.64453125,63342.64453125,45621.53125,467,0.0,0.0
2021-08-10,63407.73828125,63603.0078125,62068.7265625,63407.73828125,45668.40625,4757,0.0,0.0
2021-08-11,62831.21875,64802.5390625,62831.21875,62831.21875,45253.18359375,836,0.0,0.0
2021-08-12,63417.03515625,63956.359375,63417.03515625,63417.03515625,45675.1171875,1655,0.0,0.0
2021-08-13,65081.5,65081.5,63881.96875,65081.5,46873.90625,4828,0.0,0.0
2021-08-16,65081.5,65081.5,65081.5,65081.5,46873.90625,0,0.0,0.0
2021-08-17,66002.0703125,66002.0703125,65090.80078125,66002.0703125,47536.9296875,4613,0.0,0.0
2021-08-18,68150.0625,68615.0,66476.3046875,68150.0625,49083.98828125,4774,0.0,0.0
2021-08-19,66950.5390625,68066.375,66578.5859375,66950.5390625,48220.06640625,8414,0.0,0.0
2021-08-20,67396.875,67415.46875,66941.234375,67396.875,48541.53125,8656,0.0,0.0
2021-08-23,67703.7265625,67787.4140625,67173.703125,67703.7265625,48762.53125,4086,0.0,0.0
2021-08-24,67694.4296875,67694.4296875,67573.546875,67694.4296875,48755.828125,4333,0.0,0.0
2021-08-25,68112.875,68112.875,67759.5234375,68112.875,49057.19140625,5406,0.0,0.0
2021-08-26,68131.46875,68131.46875,68131.46875,68131.46875,49257.53515625,1367,258.50345,0.0
2021-08-27,67871.109375,67871.109375,66559.9921875,67871.109375,49069.3046875,1431,0.0,0.0
2021-08-30,66950.5390625,66950.5390625,66950.5390625,66950.5390625,48403.7578125,2358,0.0,0.0
2021-08-31,65555.734375,66950.5390625,65555.734375,65555.734375,47395.33984375,13843,0.0,0.0
2021-09-01,66485.6015625,66941.234375,66485.6015625,66485.6015625,48067.62109375,1586,0.0,0.0
2021-09-02,66067.1640625,66652.9765625,66020.6640625,66067.1640625,47765.08984375,3512,0.0,0.0
2021-09-03,65193.0859375,66485.6015625,65193.0859375,65193.0859375,47133.16015625,3036,0.0,0.0
2021-09-06,65193.0859375,65193.0859375,65193.0859375,65193.0859375,47133.16015625,2204,0.0,0.0
2021-09-07,65462.74609375,65527.8359375,65286.0703125,65462.74609375,47328.1171875,1174,0.0,0.0
2021-09-08,65565.03125,66662.2734375,65472.046875,65565.03125,47402.078125,1644,0.0,0.0
2021-09-09,66188.046875,66652.9765625,66020.6640625,66188.046875,47852.49609375,7651,0.0,0.0
2021-09-10,66448.40625,66448.40625,66392.6171875,66448.40625,48040.71875,2400,0.0,0.0
2021-09-13,66467.0078125,67415.46875,65565.03125,66467.0078125,48054.18359375,8814,0.0,0.0
2021-09-14,67173.703125,67294.5859375,66467.0078125,67173.703125,48565.09765625,3260,0.0,0.0
2021-09-15,66950.5390625,67136.5078125,65760.3046875,66950.5390625,48403.7578125,13202,0.0,0.0
2021-09-16,69107.828125,69228.7109375,67136.5078125,69107.828125,49963.4296875,28850,0.0,0.0
2021-09-17,68159.3671875,68345.3359375,68159.3671875,68159.3671875,49277.71875,39661,0.0,0.0
2021-09-20,67768.8203125,68243.0546875,66950.5390625,67768.8203125,48995.37109375,42321,0.0,0.0
2021-09-21,67768.8203125,67768.8203125,67768.8203125,67768.8203125,48995.37109375,10,0.0,0.0
2021-09-22,68159.3671875,68159.3671875,67768.8203125,68159.3671875,49277.71875,3072,0.0,0.0
2021-09-23,68159.3671875,68159.3671875,68159.3671875,68159.3671875,49277.71875,45,0.0,0.0
2021-09-24,68159.3671875,68159.3671875,68159.3671875,68159.3671875,49277.71875,143,0.0,0.0
2021-09-27,68159.3671875,68159.3671875,67285.2890625,68159.3671875,49465.31640625,11026,258.50345,0.0
2021-09-28,68233.7578125,68233.7578125,68159.3671875,68233.7578125,49519.3125,1593,0.0,0.0
2021-09-29,67880.40625,68233.7578125,66959.8359375,67880.40625,49262.875,7275,0.0,0.0
2021-09-30,67155.109375,68345.3359375,67155.109375,67155.109375,48736.5,4033,0.0,0.0
2021-10-01,67852.5078125,67871.109375,67694.4296875,67852.5078125,49242.625,2599,0.0,0.0
2021-10-04,67601.4453125,67880.40625,67415.46875,67601.4453125,49060.421875,25427,0.0,0.0
2021-10-05,67043.5234375,68996.25,67043.5234375,67043.5234375,48655.515625,73792,0.0,0.0
2021-10-06,68336.0390625,68336.0390625,66950.5390625,68336.0390625,49593.5390625,11772,0.0,0.0
2021-10-07,69089.234375,69089.234375,68336.0390625,69089.234375,50140.14453125,2718,0.0,0.0
2021-10-08,68624.296875,68624.296875,68624.296875,68624.296875,49802.73046875,1918,0.0,0.0
2021-10-11,68531.3125,69275.2109375,67945.4921875,68531.3125,49735.25,22270,0.0,0.0
2021-10-12,68187.2578125,68252.3515625,67275.9921875,68187.2578125,49485.55859375,2931,0.0,0.0
2021-10-13,68187.2578125,68187.2578125,68187.2578125,68187.2578125,49485.55859375,1,0.0,0.0
2021-10-14,67880.40625,68800.9765625,67852.5078125,67880.40625,49262.875,10887,0.0,0.0
2021-10-15,68800.9765625,68800.9765625,67843.2109375,68800.9765625,49930.9453125,5551,0.0,0.0
2021-10-18,68800.9765625,68800.9765625,68800.9765625,68800.9765625,49930.9453125,0,0.0,0.0
2021-10-19,69061.3359375,69061.3359375,68800.9765625,69061.3359375,50119.88671875,616,0.0,0.0
2021-10-20,68615.0,68754.484375,67843.2109375,68615.0,49795.96484375,10529,0.0,0.0
2021-10-21,68615.0,68615.0,68615.0,68615.0,49795.96484375,722,0.0,0.0
2021-10-22,68336.0390625,68345.3359375,67889.703125,68336.0390625,49593.5390625,3261,0.0,0.0
2021-10-25,68531.3125,68791.671875,67982.6875,68531.3125,49735.25,21628,0.0,0.0
2021-10-26,68819.5703125,68903.2578125,68345.3359375,68819.5703125,50133.546875,13349,258.50345,0.0
2021-10-27,68819.5703125,68819.5703125,68800.9765625,68819.5703125,50133.546875,4000,0.0,0.0
2021-10-28,70660.7109375,70670.0078125,68819.5703125,70660.7109375,51474.78515625,14801,0.0,0.0
2021-10-29,70577.0234375,70577.0234375,70530.53125,70577.0234375,51413.80859375,2085,0.0,0.0
2021-11-01,70577.0234375,70577.0234375,70577.0234375,70577.0234375,51413.80859375,0,0.0,0.0
2021-11-02,69740.140625,71581.28125,69740.140625,69740.140625,50804.16015625,17787,0.0,0.0
2021-11-03,69089.234375,70381.75,69089.234375,69089.234375,50329.984375,2115,0.0,0.0
2021-11-04,68354.640625,68354.640625,68354.640625,68354.640625,49794.87109375,1473,0.0,0.0
2021-11-05,67880.40625,68512.71875,67880.40625,67880.40625,49449.39453125,9874,0.0,0.0
2021-11-08,67954.796875,69089.234375,67954.796875,67954.796875,49503.58203125,2772,0.0,0.0
2021-11-09,69238.015625,69238.015625,67415.46875,69238.015625,50438.375,4241,0.0,0.0
2021-11-10,69182.21875,69182.21875,67062.1171875,69182.21875,50397.7265625,3586,0.0,0.0
2021-11-11,67880.40625,69182.21875,67880.40625,67880.40625,49449.39453125,587,0.0,0.0
2021-11-12,67954.796875,68791.671875,67954.796875,67954.796875,49503.58203125,554,0.0,0.0
2021-11-15,67954.796875,67954.796875,67954.796875,67954.796875,49503.58203125,0,0.0,0.0
2021-11-16,68345.3359375,68419.7265625,67880.40625,68345.3359375,49788.0859375,1832,0.0,0.0
2021-11-17,67415.46875,68447.625,67415.46875,67415.46875,49110.703125,9512,0.0,0.0
2021-11-18,67694.4296875,69089.234375,67694.4296875,67694.4296875,49313.9140625,3810,0.0,0.0
2021-11-19,66959.8359375,67043.5234375,66959.8359375,66959.8359375,48778.78125,1592,0.0,0.0
2021-11-22,66950.5390625,67787.4140625,66950.5390625,66950.5390625,48772.0078125,10473,0.0,0.0
2021-11-23,66113.65625,66485.6015625,66020.6640625,66113.65625,48162.3515625,4480,0.0,0.0
2021-11-24,66020.6640625,66950.5390625,66020.6640625,66020.6640625,48094.609375,3860,0.0,0.0
2021-11-25,66941.234375,66950.5390625,66020.6640625,66941.234375,48956.91796875,2865,258.50345,0.0
2021-11-26,66029.96875,66485.6015625,66029.96875,66029.96875,48290.48046875,1745,0.0,0.0
2021-11-29,66029.96875,66039.265625,66029.96875,66029.96875,48290.48046875,7511,0.0,0.0
2021-11-30,65555.734375,66113.65625,65555.734375,65555.734375,47943.64453125,23073,0.0,0.0
2021-12-01,65090.80078125,66950.5390625,63258.95703125,65090.80078125,47603.62109375,22393,0.0,0.0
2021-12-02,66002.0703125,66020.6640625,64914.125,66002.0703125,48270.06640625,10955,0.0,0.0
2021-12-03,66039.265625,66801.7578125,65146.58984375,66039.265625,48297.265625,4228,0.0,0.0
2021-12-06,65555.734375,66783.15625,65555.734375,65555.734375,47943.64453125,3042,0.0,0.0
2021-12-07,65109.39453125,65695.2109375,65100.09765625,65109.39453125,47617.21875,4283,0.0,0.0
2021-12-08,65109.39453125,65109.39453125,65109.39453125,65109.39453125,47617.21875,0,0.0,0.0
2021-12-09,64467.78515625,65239.578125,64467.78515625,64467.78515625,47147.9765625,11259,0.0,0.0
2021-12-10,64458.48828125,64495.68359375,64458.48828125,64458.48828125,47141.171875,3447,0.0,0.0
2021-12-13,65211.68359375,65537.1328125,64542.17578125,65211.68359375,47692.02734375,8239,0.0,0.0
2021-12-14,64625.86328125,64625.86328125,64625.86328125,64625.86328125,47263.58984375,211,0.0,0.0
2021-12-15,65090.80078125,65537.1328125,65081.5,65090.80078125,47603.62109375,6823,0.0,0.0
2021-12-16,66941.234375,66941.234375,65090.80078125,66941.234375,48956.91796875,9267,0.0,0.0
2021-12-17,66922.640625,66941.234375,65090.80078125,66922.640625,48943.3203125,27341,0.0,0.0
2021-12-20,66476.3046875,66476.3046875,65109.39453125,66476.3046875,48616.8984375,4632,0.0,0.0
2021-12-21,65100.09765625,66476.3046875,65100.09765625,65100.09765625,47610.41015625,10140,0.0,0.0
2021-12-22,66485.6015625,66485.6015625,65090.80078125,66485.6015625,48623.69140625,12345,0.0,0.0
2021-12-23,66857.546875,66857.546875,65276.7734375,66857.546875,48895.71484375,6363,0.0,0.0
2021-12-24,66857.546875,66857.546875,66857.546875,66857.546875,48895.71484375,4,0.0,0.0
2021-12-27,66020.6640625,66020.6640625,65555.734375,66020.6640625,48283.671875,5074,0.0,0.0
2021-12-28,65992.7734375,66020.6640625,65611.5234375,65992.7734375,48452.9765625,1108,258.50345,0.0
2021-12-29,65397.65625,66866.8515625,65397.65625,65397.65625,48016.04296875,3161,0.0,0.0
2021-12-30,65276.7734375,65276.7734375,65276.7734375,65276.7734375,47927.28515625,990,0.0,0.0
2021-12-31,65276.7734375,65276.7734375,65276.7734375,65276.7734375,47927.28515625,0,0.0,0.0
2022-01-03,65276.7734375,65276.7734375,65276.7734375,65276.7734375,47927.28515625,118,0.0,0.0
2022-01-04,65555.734375,66020.6640625,65555.734375,65555.734375,48132.109375,1822,0.0,0.0
2022-01-05,65555.734375,65555.734375,65555.734375,65555.734375,48132.109375,186,0.0,0.0
2022-01-06,65379.05859375,66020.6640625,65379.05859375,65379.05859375,48002.3828125,2790,0.0,0.0
2022-01-07,67322.484375,67322.484375,67322.484375,67322.484375,49429.28125,654,0.0,0.0
2022-01-10,67322.484375,67322.484375,67322.484375,67322.484375,49429.28125,0,0.0,0.0
2022-01-11,68810.2734375,68810.2734375,67368.9765625,68810.2734375,50521.640625,9494,0.0,0.0
2022-01-12,66392.6171875,68810.2734375,66392.6171875,66392.6171875,48746.5625,4959,0.0,0.0
2022-01-13,66401.9140625,67415.46875,66401.9140625,66401.9140625,48753.3828125,5476,0.0,0.0
2022-01-14,65816.09375,67861.8046875,65816.09375,65816.09375,48323.2578125,28733,0.0,0.0
2022-01-17,65816.09375,65816.09375,65816.09375,65816.09375,48323.2578125,0,0.0,0.0
2022-01-18,65816.09375,65816.09375,65816.09375,65816.09375,48323.2578125,0,0.0,0.0
2022-01-19,65816.09375,65816.09375,65816.09375,65816.09375,48323.2578125,0,0.0,0.0
2022-01-20,70205.078125,71423.203125,70205.078125,70205.078125,51545.71875,23293,0.0,0.0
2022-01-21,70670.0078125,71413.90625,69740.140625,70670.0078125,51887.0859375,30216,0.0,0.0
2022-01-24,70763.0,70809.4921875,70670.0078125,70763.0,51955.3671875,3569,0.0,0.0
2022-01-25,71395.3046875,71395.3046875,70670.0078125,71395.3046875,52419.6015625,1630,0.0,0.0
2022-01-26,69768.0390625,71413.90625,69768.0390625,69768.0390625,51410.984375,51122,258.50345,0.0
2022-01-27,70205.078125,70205.078125,69833.125,70205.078125,51733.03515625,2116,0.0,0.0
2022-01-28,70205.078125,70670.0078125,69833.125,70205.078125,51733.03515625,10210,0.0,0.0
2022-01-31,71413.90625,71599.875,71125.6484375,71413.90625,52623.8203125,15376,0.0,0.0
2022-02-01,72157.796875,72157.796875,71413.90625,72157.796875,53171.96484375,10053,0.0,0.0
2022-02-02,69768.0390625,71413.90625,69768.0390625,69768.0390625,51410.984375,6533,0.0,0.0
2022-02-03,70391.046875,71599.875,69814.53125,70391.046875,51870.07421875,2332,0.0,0.0
2022-02-04,71581.28125,71581.28125,70391.046875,71581.28125,52747.1484375,5942,0.0,0.0
2022-02-07,70697.90625,71953.2265625,70670.0078125,70697.90625,52096.19921875,47702,0.0,0.0
2022-02-08,71116.34375,71134.9453125,70763.0,71116.34375,52404.51953125,17352,0.0,0.0
2022-02-09,70911.7734375,70911.7734375,69972.609375,70911.7734375,52253.796875,3938,0.0,0.0
2022-02-10,70670.0078125,70967.5703125,70177.1796875,70670.0078125,52075.63671875,5399,0.0,0.0
2022-02-11,70670.0078125,70670.0078125,69777.3359375,70670.0078125,52075.63671875,5673,0.0,0.0
2022-02-14,69768.0390625,69842.4296875,69768.0390625,69768.0390625,51410.984375,3798,0.0,0.0
2022-02-15,69712.2421875,69740.140625,68931.15625,69712.2421875,51369.88671875,1745,0.0,0.0
2022-02-16,69275.2109375,70670.0078125,69275.2109375,69275.2109375,51047.8359375,17049,0.0,0.0
2022-02-17,70484.0390625,70484.0390625,69554.1640625,70484.0390625,51938.6015625,2896,0.0,0.0
2022-02-18,70260.8671875,70260.8671875,69749.4375,70260.8671875,51774.16015625,1633,0.0,0.0
2022-02-21,69712.2421875,69712.2421875,67415.46875,69712.2421875,51369.88671875,3959,0.0,0.0
2022-02-22,67945.4921875,68903.2578125,67899.0,67945.4921875,50067.98828125,3301,0.0,0.0
2022-02-23,69228.7109375,69228.7109375,69107.828125,69228.7109375,51208.40234375,1339,258.50345,0.0
2022-02-24,68345.3359375,69740.140625,66671.578125,68345.3359375,50554.98046875,10652,0.0,0.0
2022-02-25,68531.3125,68531.3125,68531.3125,68531.3125,50692.5390625,421,0.0,0.0
2022-02-28,67127.2109375,67880.40625,67024.921875,67127.2109375,49653.91015625,14036,0.0,0.0
2022-03-01,66857.546875,67127.2109375,66671.578125,66857.546875,49454.4453125,4292,0.0,0.0
2022-03-02,66848.25,66848.25,65927.6796875,66848.25,49447.5625,13500,0.0,0.0
2022-03-03,67833.9140625,67871.109375,66950.5390625,67833.9140625,50176.66015625,1994,0.0,0.0
2022-03-04,67359.6796875,67359.6796875,67359.6796875,67359.6796875,49825.87890625,814,0.0,0.0
2022-03-07,67833.9140625,67861.8046875,66950.5390625,67833.9140625,50176.66015625,2266,0.0,0.0
2022-03-08,66950.5390625,67833.9140625,66122.953125,66950.5390625,49523.23828125,12896,0.0,0.0
2022-03-09,67778.1171875,67880.40625,66206.640625,67778.1171875,50135.38671875,8808,0.0,0.0
2022-03-10,66299.625,66299.625,66299.625,66299.625,49041.76171875,549256760,0.0,0.0
2022-03-11,66299.625,66299.625,65202.3828125,66299.625,49041.76171875,7731,0.0,0.0
2022-03-14,66857.546875,66950.5390625,66857.546875,66857.546875,49454.4453125,22633,0.0,0.0
2022-03-15,66476.3046875,66485.6015625,66476.3046875,66476.3046875,49172.44921875,2290,0.0,0.0
2022-03-16,65220.98046875,66113.65625,65220.98046875,65220.98046875,48243.87890625,14723,0.0,0.0
2022-03-17,63751.7890625,65220.98046875,63463.52734375,63751.7890625,47157.125,13019,0.0,0.0
2022-03-18,63417.03515625,64244.6171875,63231.0625,63417.03515625,46909.50390625,27345,0.0,0.0
2022-03-21,63417.03515625,63417.03515625,63417.03515625,63417.03515625,46909.50390625,0,0.0,0.0
2022-03-22,63417.03515625,63417.03515625,63417.03515625,63417.03515625,46909.50390625,0,0.0,0.0
2022-03-23,63417.03515625,63417.03515625,63417.03515625,63417.03515625,46909.50390625,0,0.0,0.0
2022-03-24,63417.03515625,63417.03515625,63417.03515625,63417.03515625,46909.50390625,0,0.0,0.0
2022-03-25,63417.03515625,63417.03515625,63417.03515625,63417.03515625,46909.50390625,0,0.0,0.0
2022-03-28,63417.03515625,63417.03515625,63417.03515625,63417.03515625,46909.50390625,0,0.0,0.0
2022-03-29,63417.03515625,63417.03515625,63417.03515625,63417.03515625,46909.50390625,0,0.0,0.0
2022-03-30,63417.03515625,63417.03515625,63417.03515625,63417.03515625,46909.50390625,0,0.0,0.0
2022-03-31,46167.97265625,47423.296875,46074.98828125,46167.97265625,34150.38671875,24658,0.0,0.0
2022-04-01,46679.40234375,46679.40234375,46307.453125,46679.40234375,34528.69921875,77150,0.0,0.0
2022-04-04,46679.40234375,46679.40234375,46679.40234375,46679.40234375,34528.69921875,0,0.0,0.0
2022-04-05,47516.28125,49980.43359375,47144.3359375,47516.28125,35147.7421875,70675,0.0,0.0
2022-04-06,49283.03515625,49283.03515625,47330.30859375,49283.03515625,36454.6015625,20630,0.0,0.0
2022-04-07,49283.03515625,49283.03515625,48464.75,49283.03515625,36454.6015625,101850,0.0,0.0
2022-04-08,49283.03515625,49283.03515625,48455.44921875,49283.03515625,36454.6015625,153854,0.0,0.0
2022-04-11,49840.953125,49840.953125,49366.72265625,49840.953125,36867.28515625,5526,0.0,0.0
2022-04-12,50956.796875,51142.76953125,50203.6015625,50956.796875,37692.6796875,28837,0.0,0.0
2022-04-13,48446.15234375,49292.33203125,48446.15234375,48446.15234375,35835.55859375,2778,0.0,0.0
2022-04-14,48446.15234375,48446.15234375,48446.15234375,48446.15234375,35835.55859375,0,0.0,0.0
2022-04-15,48446.15234375,48446.15234375,48446.15234375,48446.15234375,35835.55859375,0,0.0,0.0
2022-04-18,48715.8125,49422.515625,48715.8125,48715.8125,36035.03515625,11021,0.0,0.0
2022-04-19,48632.125,48641.42578125,48632.125,48632.125,35973.125,2574,0.0,0.0
2022-04-20,48818.09765625,50203.6015625,48632.125,48818.09765625,36110.69921875,9573,0.0,0.0
2022-04-21,48446.15234375,48641.42578125,48446.15234375,48446.15234375,35835.55859375,4570,0.0,0.0
2022-04-22,48241.58203125,48353.1640625,47813.83984375,48241.58203125,35684.23828125,34350,0.0,0.0
2022-04-25,46958.36328125,47795.2421875,46958.36328125,46958.36328125,34735.03515625,21745,0.0,0.0
2022-04-26,47888.23046875,48157.890625,47060.6484375,47888.23046875,35422.87890625,26751,0.0,0.0
2022-04-27,46595.71484375,47795.2421875,46493.4296875,46595.71484375,34466.7890625,17884,0.0,0.0
2022-04-28,46930.46484375,46949.0625,46493.4296875,46930.46484375,34714.41015625,16363,0.0,0.0
2022-04-29,46930.46484375,46949.0625,46493.4296875,46930.46484375,34714.41015625,16363,0.0,0.0
2022-05-02,46865.375,46865.375,46493.4296875,46865.375,34666.265625,7462,0.0,0.0
2022-05-03,45758.83203125,46493.4296875,45563.55859375,45758.83203125,33847.74609375,54660,0.0,0.0
2022-05-04,45554.26171875,46028.4921875,45154.41796875,45554.26171875,33696.4296875,16024,0.0,0.0
2022-05-05,45303.1953125,45563.55859375,45210.2109375,45303.1953125,33510.71484375,6981,0.0,0.0
2022-05-06,45303.1953125,45972.703125,45284.59765625,45303.1953125,33510.71484375,86301,0.0,0.0
2022-05-09,44633.69140625,45284.59765625,43703.8203125,44633.69140625,33015.48828125,33122,0.0,0.0
2022-05-10,45554.26171875,45554.26171875,42773.953125,45554.26171875,33696.4296875,9077,0.0,0.0
2022-05-11,45517.06640625,45517.06640625,43062.2109375,45517.06640625,33668.91015625,5273,0.0,0.0
2022-05-12,44633.69140625,46028.4921875,43834.00390625,44633.69140625,33015.48828125,9407,0.0,0.0
2022-05-13,45098.625,46400.44140625,44642.98828125,45098.625,33359.3984375,20215,0.0,0.0
2022-05-16,48250.87890625,48353.1640625,46121.48046875,48250.87890625,35691.13671875,36560,0.0,0.0
2022-05-17,48632.125,48632.125,47981.21875,48632.125,35973.125,26796,0.0,0.0
2022-05-18,49283.03515625,49376.01953125,48353.1640625,49283.03515625,36454.6015625,14307,0.0,0.0
2022-05-19,47423.296875,49320.2265625,47246.62109375,47423.296875,35078.95703125,25104,0.0,0.0
2022-05-20,49283.03515625,49283.03515625,47888.23046875,49283.03515625,36454.6015625,887,0.0,0.0
2022-05-23,48362.46484375,49273.734375,48362.46484375,48362.46484375,35773.66015625,2070,0.0,0.0
2022-05-24,47953.3203125,48818.09765625,47702.2578125,47953.3203125,35471.01171875,17748,0.0,0.0
2022-05-25,47934.72265625,48111.3984375,47934.72265625,47934.72265625,35457.26953125,21409,0.0,0.0
2022-05-26,49645.68359375,49645.68359375,48353.1640625,49645.68359375,36722.859375,27346,0.0,0.0
2022-05-27,49747.96875,49747.96875,49469.0078125,49747.96875,36798.515625,6454,0.0,0.0
2022-05-30,49747.96875,49747.96875,49747.96875,49747.96875,36798.515625,0,0.0,0.0
2022-05-31,52928.1171875,52928.1171875,50026.9296875,52928.1171875,39150.859375,183588,0.0,0.0
2022-06-01,54862.24609375,55327.1796875,52937.41796875,54862.24609375,40581.55078125,18050,0.0,0.0
2022-06-02,55308.58203125,55308.58203125,53941.67578125,55308.58203125,40911.69140625,52709,0.0,0.0
2022-06-03,56721.98046875,57186.91796875,55308.58203125,56721.98046875,41957.171875,9121,0.0,0.0
2022-06-06,58581.71875,59139.640625,55792.11328125,58581.71875,43332.83203125,89682,0.0,0.0
2022-06-07,58600.31640625,59688.26171875,57651.8515625,58600.31640625,43346.5859375,25478,0.0,0.0
2022-06-08,58386.4453125,58488.73046875,58107.484375,58386.4453125,43188.375,11969,0.0,0.0
2022-06-09,57837.82421875,57847.12109375,57586.7578125,57837.82421875,42782.5703125,9177,0.0,0.0
2022-06-10,57456.578125,57744.8359375,56907.95703125,57456.578125,42500.5625,12289,0.0,0.0
2022-06-13,57186.91796875,57186.91796875,57186.91796875,57186.91796875,42301.09765625,17533,0.0,0.0
2022-06-14,54908.73828125,57186.91796875,54053.2578125,54908.73828125,40615.9296875,25044,0.0,0.0
2022-06-15,49757.265625,57186.91796875,49757.265625,49757.265625,36805.390625,13177,0.0,0.0
2022-06-16,49757.265625,49757.265625,49757.265625,49757.265625,36805.390625,126,0.0,0.0
2022-06-17,51272.953125,57140.421875,51272.953125,51272.953125,37926.53515625,8536,0.0,0.0
2022-06-20,51272.953125,51272.953125,51272.953125,51272.953125,37926.53515625,0,0.0,0.0
2022-06-21,52660.0,53500.0,51120.0,52660.0,41663.2890625,26739,3336.0,1.0754208160999912
2022-06-22,52660.0,53200.0,52000.0,52660.0,41663.2890625,12813,0.0,0.0
2022-06-23,50000.0,52660.0,50000.0,50000.0,39558.77734375,31241,0.0,0.0
2022-06-24,50000.0,52000.0,50000.0,50000.0,39558.77734375,12423,0.0,0.0
2022-06-27,50000.0,50000.0,50000.0,50000.0,39558.77734375,0,0.0,0.0
2022-06-28,50000.0,50000.0,50000.0,50000.0,39558.77734375,0,0.0,0.0
2022-06-29,50000.0,50000.0,50000.0,50000.0,39558.77734375,0,0.0,0.0
2022-06-30,46000.0,47860.0,46000.0,46000.0,36394.0703125,26454,0.0,0.0
2022-07-01,46600.0,47000.0,45990.0,46600.0,36868.77734375,15618,0.0,0.0
2022-07-04,46600.0,46600.0,46600.0,46600.0,36868.77734375,0,0.0,0.0
2022-07-05,46000.0,46800.0,46000.0,46000.0,36394.0703125,4837,0.0,0.0
2022-07-06,46000.0,46800.0,46000.0,46000.0,36394.0703125,4837,0.0,0.0
2022-07-07,46920.0,46920.0,45210.0,46920.0,37121.95703125,21421,0.0,0.0
2022-07-08,46450.0,46450.0,46100.0,46450.0,36750.1015625,8550,0.0,0.0
2022-07-11,46200.0,46510.0,46000.0,46200.0,36552.29296875,11165,0.0,0.0
2022-07-12,45950.0,46000.0,45600.0,45950.0,36354.5078125,14049,0.0,0.0
2022-07-13,45450.0,45950.0,45400.0,45450.0,35958.9296875,6697,0.0,0.0
2022-07-14,43480.0,45020.0,42000.0,43480.0,34400.3125,24986,0.0,0.0
2022-07-15,40600.0,42540.0,40010.0,40600.0,32121.73046875,20277,0.0,0.0
2022-07-18,41400.0,41990.0,40000.0,41400.0,32754.666015625,27607,0.0,0.0
2022-07-19,41500.0,42000.0,41400.0,41500.0,32833.7734375,11749,0.0,0.0
2022-07-20,41500.0,41500.0,41500.0,41500.0,32833.7734375,0,0.0,0.0
2022-07-21,42000.0,42560.0,40810.0,42000.0,33229.375,8499,0.0,0.0
2022-07-22,42000.0,42000.0,42000.0,42000.0,33229.375,1482,0.0,0.0
2022-07-25,41400.0,41400.0,41400.0,41400.0,32754.666015625,706,0.0,0.0
2022-07-26,41400.0,41400.0,41400.0,41400.0,32754.666015625,600,0.0,0.0
2022-07-27,41400.0,41400.0,41400.0,41400.0,32754.666015625,1630,0.0,0.0
2022-07-28,42000.0,42000.0,41990.0,42000.0,33229.375,4014,0.0,0.0
2022-07-29,41500.0,42000.0,41490.0,41500.0,32833.7734375,4418,0.0,0.0
2022-08-01,41790.0,41790.0,40500.0,41790.0,33063.21484375,48034,0.0,0.0
2022-08-02,41790.0,41790.0,41790.0,41790.0,33063.21484375,447,0.0,0.0
2022-08-03,40860.0,41000.0,40850.0,40860.0,32327.435546875,3403,0.0,0.0
2022-08-04,40550.0,40550.0,40550.0,40550.0,32082.162109375,2414,0.0,0.0
2022-08-05,41700.0,41700.0,41600.0,41700.0,32992.01171875,774,0.0,0.0
2022-08-08,43470.0,43470.0,41700.0,43470.0,34392.40625,17844,0.0,0.0
2022-08-09,43440.0,43470.0,42100.0,43440.0,34368.66796875,4598,0.0,0.0
2022-08-10,42600.0,42600.0,41510.0,42600.0,33704.06640625,3968,0.0,0.0
2022-08-11,42000.0,42980.0,41030.0,42000.0,33229.375,5535,0.0,0.0
2022-08-12,41760.0,41960.0,41760.0,41760.0,33039.484375,2107,0.0,0.0
2022-08-15,41760.0,41760.0,41760.0,41760.0,33039.484375,0,0.0,0.0
2022-08-16,41760.0,41760.0,41760.0,41760.0,33039.484375,0,0.0,0.0
2022-08-17,42600.0,43470.0,42060.0,42600.0,33704.06640625,7172,0.0,0.0
2022-08-18,42520.0,42520.0,41980.0,42520.0,33640.77734375,10514,0.0,0.0
2022-08-19,42000.0,42000.0,41000.0,42000.0,33229.375,6636,0.0,0.0
2022-08-22,41000.0,41050.0,41000.0,41000.0,32438.1953125,4373,0.0,0.0
2022-08-23,39530.0,41000.0,37000.0,39530.0,31275.169921875,5559,0.0,0.0
2022-08-24,39400.0,40000.0,39400.0,39400.0,31172.306640625,4389,0.0,0.0
2022-08-25,39400.0,41400.0,39400.0,39400.0,31172.306640625,6841,0.0,0.0
2022-08-26,40000.0,40000.0,39000.0,40000.0,31647.01171875,2789,0.0,0.0
2022-08-29,39900.0,39900.0,39900.0,39900.0,31567.90625,1345,0.0,0.0
2022-08-30,39700.0,39700.0,39700.0,39700.0,31409.669921875,766,0.0,0.0
2022-08-31,40000.0,40000.0,37250.0,40000.0,31647.01171875,17558,0.0,0.0
2022-09-01,36900.0,37610.0,36900.0,36900.0,29194.375,3494,0.0,0.0
2022-09-02,39500.0,39500.0,39500.0,39500.0,31251.4296875,996,0.0,0.0
2022-09-05,39480.0,39480.0,39470.0,39480.0,31235.6171875,1903,0.0,0.0
2022-09-06,38000.0,38010.0,38000.0,38000.0,30064.66796875,1061,0.0,0.0
2022-09-07,37000.0,38000.0,37000.0,37000.0,29273.49609375,9751,0.0,0.0
2022-09-08,36600.0,36600.0,36600.0,36600.0,28957.021484375,1117,0.0,0.0
2022-09-09,36600.0,36600.0,36600.0,36600.0,28957.021484375,601,0.0,0.0
2022-09-12,37000.0,37000.0,36640.0,37000.0,29273.49609375,2403,0.0,0.0
2022-09-13,35800.0,36350.0,35000.0,35800.0,28324.087890625,2128,0.0,0.0
2022-09-14,35800.0,35800.0,35800.0,35800.0,28324.087890625,622,0.0,0.0
2022-09-15,35300.0,35300.0,35300.0,35300.0,27928.498046875,3764,0.0,0.0
2022-09-16,33720.0,35250.0,33720.0,33720.0,26678.431640625,50300,0.0,0.0
2022-09-19,33720.0,34880.0,33000.0,33720.0,26678.431640625,5743,0.0,0.0
2022-09-20,33700.0,33900.0,30400.0,33700.0,26662.61328125,10707,0.0,0.0
2022-09-21,32530.0,33870.0,32000.0,32530.0,25736.93359375,6879,0.0,0.0
2022-09-22,32530.0,32530.0,32530.0,32530.0,25736.93359375,1366,0.0,0.0
2022-09-23,31250.0,33400.0,31250.0,31250.0,24724.232421875,7506,0.0,0.0
2022-09-26,28600.0,30420.0,28600.0,28600.0,22627.6171875,4294,0.0,0.0
2022-09-27,28030.0,30050.0,28030.0,28030.0,22176.646484375,8150,0.0,0.0
2022-09-28,28800.0,29800.0,28500.0,28800.0,22785.85546875,70145,0.0,0.0
2022-09-29,28250.0,28250.0,28100.0,28250.0,22350.7109375,1157,0.0,0.0
2022-09-30,28540.0,28540.0,28250.0,28540.0,22580.150390625,1698,0.0,0.0
2022-10-03,29670.0,29670.0,29670.0,29670.0,23474.1796875,755,0.0,0.0
2022-10-04,30510.0,30510.0,30510.0,30510.0,24138.767578125,963,0.0,0.0
2022-10-05,30700.0,30700.0,30520.0,30700.0,24289.0859375,2090,0.0,0.0
2022-10-06,30700.0,30700.0,30700.0,30700.0,24289.0859375,533,0.0,0.0
2022-10-07,30600.0,30600.0,30600.0,30600.0,24209.970703125,584,0.0,0.0
2022-10-10,30600.0,30600.0,30600.0,30600.0,24209.970703125,124,0.0,0.0
2022-10-11,30600.0,30600.0,30600.0,30600.0,24209.970703125,444,0.0,0.0
2022-10-12,30600.0,30600.0,30600.0,30600.0,24209.970703125,520,0.0,0.0
2022-10-13,29250.0,30390.0,29250.0,29250.0,23141.884765625,1630,0.0,0.0
2022-10-14,30000.0,30000.0,29980.0,30000.0,23735.271484375,916,0.0,0.0
2022-10-17,30000.0,30000.0,30000.0,30000.0,23735.271484375,0,0.0,0.0
2022-10-18,29220.0,29230.0,29200.0,29220.0,23118.146484375,2033,0.0,0.0
2022-10-19,29000.0,30400.0,29000.0,29000.0,22944.08984375,6074,0.0,0.0
2022-10-20,29000.0,30400.0,29000.0,29000.0,22944.08984375,6074,0.0,0.0
2022-10-21,28500.0,28500.0,28500.0,28500.0,22548.498046875,4739,0.0,0.0
2022-10-24,27000.0,28250.0,26350.0,27000.0,21361.73828125,3147,0.0,0.0
2022-10-25,26500.0,27030.0,26500.0,26500.0,20966.146484375,5129,0.0,0.0
2022-10-26,26540.0,27300.0,26540.0,26540.0,20997.794921875,2354,0.0,0.0
2022-10-27,26000.0,26520.0,26000.0,26000.0,20570.5625,10997,0.0,0.0
2022-10-28,26000.0,26100.0,25990.0,26000.0,20570.5625,7851,0.0,0.0
2022-10-31,26000.0,26200.0,25500.0,26000.0,20570.5625,3260,0.0,0.0
2022-11-01,27000.0,27940.0,25500.0,27000.0,21361.73828125,7876,0.0,0.0
2022-11-02,28000.0,28080.0,26700.0,28000.0,22152.91796875,9338,0.0,0.0
2022-11-03,27570.0,28000.0,27570.0,27570.0,21812.70703125,3054,0.0,0.0
2022-11-04,27310.0,27980.0,27000.0,27310.0,21607.005859375,4532,0.0,0.0
2022-11-07,27310.0,27310.0,27310.0,27310.0,21607.005859375,0,0.0,0.0
2022-11-08,28400.0,28400.0,27350.0,28400.0,22469.392578125,4588,0.0,0.0
2022-11-09,28180.0,28480.0,28000.0,28180.0,22295.328125,6884,0.0,0.0
2022-11-10,29990.0,29990.0,28400.0,29990.0,23727.345703125,18329,0.0,0.0
2022-11-11,30000.0,32450.0,30000.0,30000.0,23735.271484375,10984,0.0,0.0
2022-11-14,30000.0,30000.0,30000.0,30000.0,23735.271484375,0,0.0,0.0
2022-11-15,30000.0,30000.0,28800.0,30000.0,23735.271484375,6380,0.0,0.0
2022-11-16,30400.0,30400.0,29010.0,30400.0,24051.734375,8473,0.0,0.0
2022-11-17,29300.0,30400.0,29300.0,29300.0,23181.4453125,3922,0.0,0.0
2022-11-18,30000.0,30490.0,29600.0,30000.0,23735.271484375,5303,0.0,0.0
2022-11-21,31000.0,31000.0,29990.0,31000.0,24526.4375,10071,0.0,0.0
2022-11-22,31000.0,31000.0,29990.0,31000.0,24526.4375,10071,0.0,0.0
2022-11-23,31500.0,31500.0,31500.0,31500.0,24922.0234375,1174152400,0.0,0.0
2022-11-24,31500.0,31500.0,31500.0,31500.0,24922.0234375,0,0.0,0.0
2022-11-25,32500.0,33980.0,32500.0,33980.0,26884.1484375,7693,0.0,0.0
2022-11-28,33750.0,34000.0,33750.0,33900.0,26820.84765625,4461,0.0,0.0
2022-11-29,33105.8515625,33105.8515625,33105.8515625,33105.8515625,26192.537109375,376,0.0,0.0
2022-11-30,32990.0,33000.0,32000.0,32000.0,25317.619140625,92272,0.0,0.0
2022-12-01,32000.0,34000.0,32000.0,34000.0,26899.96484375,82904,0.0,0.0
2022-12-02,34100.0,35010.0,33900.0,33900.0,26820.84765625,13882,0.0,0.0
2022-12-05,33839.1484375,33839.1484375,33839.1484375,33839.1484375,26772.703125,164,0.0,0.0
2022-12-06,33900.0,33900.0,33900.0,33900.0,26820.84765625,17,0.0,0.0
2022-12-07,34000.0,34000.0,34000.0,34000.0,26899.96484375,1188,0.0,0.0
2022-12-08,34000.0,34000.0,34000.0,34000.0,26899.96484375,0,0.0,0.0
2022-12-09,34000.0,34000.0,34000.0,34000.0,26899.96484375,563,0.0,0.0
2022-12-12,33500.0,33500.0,33500.0,33500.0,26504.376953125,920,0.0,0.0
2022-12-13,33500.0,33800.0,33500.0,33800.0,26741.73046875,2538,0.0,0.0
2022-12-14,33200.0,33200.0,30430.0,31910.0,25246.4140625,27034,0.0,0.0
2022-12-15,30600.0,31950.0,30600.0,31950.0,25278.05859375,2274,0.0,0.0
2022-12-16,31870.0,32520.0,31870.0,32520.0,25729.029296875,9203,0.0,0.0
2022-12-19,33790.0,33990.0,33790.0,33990.0,26892.060546875,9455,0.0,0.0
2022-12-20,33990.0,34900.0,33990.0,34900.0,27612.029296875,15944,0.0,0.0
2022-12-21,34980.0,37000.0,34980.0,37000.0,29273.49609375,6450,0.0,0.0
2022-12-22,37000.0,37000.0,36900.0,36900.0,29194.375,4990,0.0,0.0
2022-12-23,36900.0,36900.0,36900.0,36900.0,29194.375,16457,0.0,0.0
2022-12-26,36632.609375,36632.609375,36632.609375,36632.609375,28982.826171875,552,0.0,0.0
2022-12-27,37100.0,39000.0,37100.0,38000.0,30064.66796875,2214,0.0,0.0
2022-12-28,38000.0,40000.0,38000.0,40000.0,31647.01171875,7065,0.0,0.0
2022-12-29,40000.0,40000.0,37000.0,37000.0,29273.49609375,9941,0.0,0.0
2022-12-30,37000.0,37000.0,37000.0,37000.0,29273.49609375,0,0.0,0.0
2023-01-02,38504.01171875,38504.01171875,38504.01171875,38504.01171875,30463.419921875,424,0.0,0.0
2023-01-03,39900.0,39900.0,39900.0,39900.0,31567.90625,1068,0.0,0.0
2023-01-04,39276.62890625,39276.62890625,39276.62890625,39276.62890625,31074.703125,682,0.0,0.0
2023-01-05,39990.0,39990.0,39990.0,39990.0,31639.10546875,987,0.0,0.0
2023-01-06,39900.0,39900.0,39900.0,39900.0,31567.90625,2279,0.0,0.0
2023-01-09,39900.0,39900.0,39900.0,39900.0,31567.90625,0,0.0,0.0
2023-01-10,39600.0,39600.0,39600.0,39600.0,31330.55078125,1086,0.0,0.0
2023-01-11,40000.0,40000.0,40000.0,40000.0,31647.01171875,638,0.0,0.0
2023-01-12,40000.0,40000.0,39100.0,39100.0,30934.958984375,9650,0.0,0.0
2023-01-13,39100.0,39100.0,39100.0,39100.0,30934.958984375,738,0.0,0.0
2023-01-16,38530.8984375,38530.8984375,38530.8984375,38530.8984375,30484.693359375,145,0.0,0.0
2023-01-17,39890.0,40000.0,39890.0,39900.0,31567.90625,4488,0.0,0.0
2023-01-18,41400.0,41400.0,37990.0,40000.0,31647.01171875,5951,0.0,0.0
2023-01-19,38692.73046875,38692.73046875,38692.73046875,38692.73046875,30612.75390625,275,0.0,0.0
2023-01-20,39493.328125,39493.328125,39493.328125,39493.328125,31246.150390625,27,0.0,0.0
2023-01-23,39870.0,40000.0,39870.0,40000.0,31647.01171875,3640,0.0,0.0
2023-01-24,39900.0,39900.0,37530.0,37530.0,29692.822265625,3472,0.0,0.0
2023-01-25,38000.0,38000.0,36300.0,36300.0,28719.677734375,8134,0.0,0.0
2023-01-26,38490.0,38490.0,35860.0,35860.0,28371.5546875,1141,0.0,0.0
2023-01-27,37900.0,37900.0,36800.0,37000.0,29273.49609375,5749,0.0,0.0
2023-01-30,37000.0,37000.0,35330.0,35330.0,27952.2265625,4447,0.0,0.0
2023-01-31,35460.0,35510.0,35420.0,35420.0,28023.439453125,2624,0.0,0.0
2023-02-01,35400.0,35420.0,34050.0,35420.0,28023.439453125,12210,0.0,0.0
2023-02-02,36940.0,36940.0,36000.0,36000.0,28482.31640625,1046,0.0,0.0
2023-02-03,36500.0,36500.0,36500.0,36500.0,28877.90234375,736,0.0,0.0
2023-02-06,35220.0,36480.0,35220.0,36480.0,28862.08203125,1389,0.0,0.0
2023-02-07,35120.0,36100.0,35000.0,36000.0,28482.31640625,5290,0.0,0.0
2023-02-08,35030.0,35030.0,34280.0,34660.0,27422.150390625,8642,0.0,0.0
2023-02-09,34000.0,34000.0,33700.0,33700.0,26662.61328125,2702,0.0,0.0
2023-02-10,33000.0,33000.0,33000.0,33000.0,26108.794921875,749,0.0,0.0
2023-02-13,32970.0,33000.0,32970.0,33000.0,26108.794921875,1514,0.0,0.0
2023-02-14,33000.0,33000.0,32500.0,33000.0,26108.794921875,7639,0.0,0.0
2023-02-15,32900.0,32900.0,32500.0,32500.0,25713.208984375,2053,0.0,0.0
2023-02-16,31762.990234375,31762.990234375,31762.990234375,31762.990234375,25130.10546875,355,0.0,0.0
2023-02-17,31534.900390625,31534.900390625,31534.900390625,31534.900390625,24949.640625,343,0.0,0.0
2023-02-20,32500.0,32500.0,32000.0,32000.0,25317.619140625,3583,0.0,0.0
2023-02-21,31200.0,31200.0,31200.0,31200.0,24684.671875,2109,0.0,0.0
2023-02-22,30810.470703125,30810.470703125,30810.470703125,30810.470703125,24376.486328125,275,0.0,0.0
2023-02-23,30060.0,30060.0,29500.0,29500.0,23339.6796875,4849,0.0,0.0
2023-02-24,30990.0,30990.0,28420.0,28420.0,22485.208984375,5947,0.0,0.0
2023-02-27,28430.0,28430.0,27860.0,27860.0,22042.154296875,5912,0.0,0.0
2023-02-28,27860.0,27860.0,25080.0,25080.0,19842.681640625,23462,0.0,0.0
2023-03-01,25500.0,25500.0,24950.0,24950.0,19739.830078125,130420,0.0,0.0
2023-03-02,24980.0,25710.0,24980.0,25500.0,20174.9765625,15873,0.0,0.0
2023-03-03,25500.0,25700.0,25500.0,25700.0,20333.21875,11551,0.0,0.0
2023-03-06,25600.0,25700.0,25600.0,25700.0,20333.21875,7296,0.0,0.0
2023-03-07,25700.0,25700.0,25690.0,25700.0,20333.21875,10295,0.0,0.0
2023-03-08,25700.0,26990.0,25700.0,26890.0,21274.708984375,39246,0.0,0.0
2023-03-09,27180.0,27500.0,27180.0,27450.0,21717.771484375,7545,0.0,0.0
2023-03-10,27100.0,27100.0,27100.0,27100.0,21440.853515625,1474,0.0,0.0
2023-03-13,26800.0,27100.0,26800.0,26960.0,21330.078125,45259,0.0,0.0
2023-03-14,27790.0,28500.0,27430.0,27800.0,21994.6796875,86483,0.0,0.0
2023-03-15,27800.0,28000.0,27010.0,28000.0,22152.91796875,138046,0.0,0.0
2023-03-16,28000.0,29760.0,28000.0,29760.0,23545.37890625,20426,0.0,0.0
2023-03-17,29500.0,31500.0,29500.0,29760.0,23545.37890625,124351,0.0,0.0
2023-03-20,29760.0,29760.0,29760.0,29760.0,23545.37890625,0,0.0,0.0
2023-03-21,29000.0,29000.0,29000.0,29000.0,22944.08984375,480,0.0,0.0
2023-03-22,29500.0,29500.0,29500.0,29500.0,23339.6796875,831,0.0,0.0
2023-03-23,29363.029296875,29363.029296875,29363.029296875,29363.029296875,23231.31640625,628,0.0,0.0
2023-03-24,28200.0,28790.0,28200.0,28790.0,22777.939453125,77561,0.0,0.0
2023-03-27,29480.0,30000.0,29480.0,29510.0,23347.59375,10470,0.0,0.0
2023-03-28,29650.0,30000.0,29650.0,30000.0,23735.271484375,5723,0.0,0.0
2023-03-29,29020.0,31720.0,29020.0,31720.0,25096.0859375,199270,0.0,0.0
2023-03-30,30530.0,32420.0,30530.0,32420.0,25862.7109375,3672,261.0,0.0
2023-03-31,31642.91015625,31642.91015625,31642.91015625,31642.91015625,25242.8046875,282,0.0,0.0
2023-04-03,31013.259765625,31013.259765625,31013.259765625,31013.259765625,24740.5,430,0.0,0.0
2023-04-04,31109.080078125,31109.080078125,31109.080078125,31109.080078125,24816.939453125,530,0.0,0.0
2023-04-05,32000.0,34400.0,32000.0,32570.0,25982.373046875,3249,0.0,0.0
2023-04-06,32570.0,32570.0,32570.0,32570.0,25982.373046875,0,0.0,0.0
2023-04-07,32570.0,32570.0,32570.0,32570.0,25982.373046875,0,0.0,0.0
2023-04-10,32550.0,32570.0,32040.0,32040.0,25559.57421875,3084,0.0,0.0
2023-04-11,32990.0,33990.0,32280.0,33990.0,27115.1640625,7501,0.0,0.0
2023-04-12,32500.0,32500.0,32500.0,32500.0,25926.537109375,330,0.0,0.0
2023-04-13,32850.0,33730.0,32500.0,33730.0,26907.76171875,4981,0.0,0.0
2023-04-14,34200.0,34200.0,34200.0,34200.0,27282.693359375,0,0.0,0.0
2023-04-17,33790.0,37000.0,33500.0,37000.0,29516.369140625,13417,0.0,0.0
2023-04-18,36780.0,36780.0,34640.0,36700.0,29277.0390625,5257,0.0,0.0
2023-04-19,35300.0,35300.0,35300.0,35300.0,28160.20703125,1824,0.0,0.0
2023-04-20,36190.0,36190.0,34130.0,35590.0,28391.546875,2114,0.0,0.0
2023-04-21,35000.0,35000.0,34010.0,34010.0,27131.119140625,3085,0.0,0.0
2023-04-24,34020.0,34020.0,33600.0,33600.0,26804.048828125,3201,0.0,0.0
2023-04-25,33600.0,33990.0,33600.0,33990.0,27327.443359375,4734,261.0,0.0
2023-04-26,33100.0,33100.0,33100.0,33100.0,26611.89453125,892,0.0,0.0
2023-04-27,31110.0,34100.0,31110.0,34100.0,27415.87890625,34461,0.0,0.0
2023-04-28,34100.0,34400.0,34100.0,34200.0,27496.27734375,20330,0.0,0.0
2023-05-01,34200.0,34200.0,34200.0,34200.0,27496.27734375,0,0.0,0.0
2023-05-02,33970.0,36500.0,33970.0,36500.0,29345.439453125,19760,0.0,0.0
2023-05-03,35900.0,36990.0,35410.0,36990.0,29739.390625,32792,0.0,0.0
2023-05-04,36990.0,37000.0,36010.0,36990.0,29739.390625,9092,0.0,0.0
2023-05-05,37000.0,37000.0,36990.0,36990.0,29739.390625,6527,0.0,0.0
2023-05-08,37000.0,37000.0,37000.0,37000.0,29747.4375,11506,0.0,0.0
2023-05-09,35760.0,35760.0,35760.0,35760.0,28750.5,802,0.0,0.0
2023-05-10,35760.0,36120.0,35760.0,36120.0,29039.9296875,10453,0.0,0.0
2023-05-11,36000.0,36590.0,36000.0,36590.0,29417.806640625,1645,0.0,0.0
2023-05-12,34500.0,36490.0,34500.0,36490.0,29337.40234375,13005,0.0,0.0
2023-05-15,36290.0,36290.0,36290.0,36290.0,29176.611328125,993,0.0,0.0
2023-05-16,36289.109375,36289.109375,36289.109375,36289.109375,29175.890625,56,0.0,0.0
2023-05-17,34992.0703125,34992.0703125,34992.0703125,34992.0703125,28133.091796875,188,0.0,0.0
2023-05-18,35990.0,35990.0,35990.0,35990.0,28935.41015625,1373,0.0,0.0
2023-05-19,35000.0,35000.0,35000.0,35000.0,28139.4609375,211,0.0,0.0
2023-05-22,35000.0,35000.0,35000.0,35000.0,28139.4609375,0,0.0,0.0
2023-05-23,35950.0,35960.0,35950.0,35960.0,28911.29296875,1205,0.0,0.0
2023-05-24,33810.0,33810.0,33810.0,33810.0,27182.724609375,482,0.0,0.0
2023-05-25,34013.421875,34013.421875,34013.421875,34013.421875,27346.265625,117,0.0,0.0
2023-05-26,33881.6796875,33881.6796875,33881.6796875,33881.6796875,27450.994140625,137,261.0,0.0
2023-05-29,34800.0,34800.0,34800.0,34800.0,28195.021484375,835,0.0,0.0
2023-05-30,32090.0,34550.0,32090.0,34550.0,27992.466796875,983,0.0,0.0
2023-05-31,34450.0,34450.0,33800.0,33800.0,27384.8125,22390,0.0,0.0
2023-06-01,32010.0,32500.0,32000.0,32500.0,26331.564453125,16534,0.0,0.0
2023-06-02,32000.0,32950.0,32000.0,32950.0,26696.150390625,4355,0.0,0.0
2023-06-05,33000.0,33550.0,32400.0,33550.0,27182.267578125,230849,0.0,0.0
2023-06-06,33100.0,34390.0,33100.0,34390.0,27862.83984375,16537,0.0,0.0
2023-06-07,34000.0,34170.0,33970.0,34170.0,27684.59375,16768,0.0,0.0
2023-06-08,33536.078125,33536.078125,33536.078125,33536.078125,27170.990234375,1153,0.0,0.0
2023-06-13,33607.890625,33607.890625,33607.890625,33607.890625,27229.173828125,289,0.0,0.0
2023-06-14,33390.0,33390.0,33000.0,33000.0,26736.662109375,1374,0.0,0.0
2023-06-15,32700.0,32700.0,32700.0,32700.0,26493.59765625,1335,0.0,0.0
2023-06-16,32450.0,32450.0,32400.0,32400.0,26250.5390625,2887,0.0,0.0
2023-06-19,32400.0,32400.0,32400.0,32400.0,26250.5390625,0,0.0,0.0
2023-06-20,32400.0390625,32400.0390625,32400.0390625,32400.0390625,26250.57421875,269,0.0,0.0
2023-06-21,32340.0,32340.0,32000.0,32000.0,25926.458984375,4053,0.0,0.0
2023-06-22,33194.0,33194.0,33194.0,33194.0,26893.841796875,5,0.0,0.0
2023-06-23,31200.0,31200.0,30800.0,31200.0,25278.298828125,2178,0.0,0.0
2023-06-26,30310.0,32760.0,30300.0,32760.0,26542.208984375,3869,0.0,0.0
2023-06-27,32750.0,32750.0,31000.0,32750.0,26747.203125,2427,261.0,0.0
2023-06-28,31000.0,31000.0,31000.0,31000.0,25317.966796875,351,0.0,0.0
2023-06-29,32550.0,32550.0,32550.0,32550.0,26583.8671875,517,0.0,0.0
2023-06-30,32186.48046875,32186.48046875,32186.48046875,32186.48046875,26286.970703125,307,0.0,0.0
2023-07-03,32186.48046875,32186.48046875,32186.48046875,32186.48046875,26286.970703125,0,0.0,0.0
2023-07-04,30220.0,31690.0,30000.0,31690.0,25881.490234375,3467,0.0,0.0
2023-07-05,31660.0,31660.0,30000.0,30000.0,24501.2578125,10242,0.0,0.0
2023-07-06,30000.0,30000.0,30000.0,30000.0,24501.2578125,2581,0.0,0.0
2023-07-07,30000.0,30000.0,29990.0,29990.0,24493.08984375,2801,0.0,0.0
2023-07-10,29990.0,29990.0,29500.0,29500.0,24092.904296875,6979,0.0,0.0
2023-07-11,29220.0,29600.0,29220.0,29600.0,24174.568359375,8945,0.0,0.0
2023-07-12,29600.0,29840.0,29600.0,29600.0,24174.568359375,34644,0.0,0.0
2023-07-13,29760.0,30640.0,29760.0,30580.0,24974.94921875,13147,0.0,0.0
2023-07-14,30580.0,30680.0,30580.0,30680.0,25056.619140625,2029,0.0,0.0
2023-07-17,30000.0,30500.0,29810.0,30490.0,24901.44140625,5203,0.0,0.0
2023-07-18,30490.0,30590.0,30470.0,30520.0,24925.947265625,1990,0.0,0.0
2023-07-19,30540.0,31100.0,30330.0,31100.0,25399.63671875,7404,0.0,0.0
2023-07-20,31100.0,31100.0,31100.0,31100.0,25399.63671875,0,0.0,0.0
2023-07-21,30400.0,30900.0,30350.0,30800.0,25154.625,5292,0.0,0.0
2023-07-24,30700.0,30700.0,30400.0,30400.0,24827.94140625,3851,0.0,0.0
2023-07-25,30770.0,30770.0,30110.0,30770.0,25130.12109375,1773,0.0,0.0
2023-07-26,30680.0,30700.0,29650.0,30350.0,24999.15625,9346,261.0,0.0
2023-07-27,30350.0,30790.0,30200.0,30200.0,24875.595703125,2991,0.0,0.0
2023-07-28,29870.0,30180.0,29870.0,30180.0,24859.12890625,1671,0.0,0.0
2023-07-31,30180.0,30180.0,30180.0,30180.0,24859.12890625,0,0.0,0.0
2023-08-01,30560.0,30560.0,30560.0,30560.0,25172.12890625,186,0.0,0.0
2023-08-02,30539.369140625,30539.369140625,30539.369140625,30539.369140625,25155.138671875,254,0.0,0.0
2023-08-03,30010.0,30300.0,29760.0,30300.0,24957.96875,3135,0.0,0.0
2023-08-04,30300.0,30300.0,30300.0,30300.0,24957.96875,0,0.0,0.0
2023-08-07,30300.0,30300.0,30300.0,30300.0,24957.96875,0,0.0,0.0
2023-08-08,30370.0,30500.0,30370.0,30500.0,25122.708984375,2015,0.0,0.0
2023-08-09,30000.0,30000.0,29500.0,29500.0,24299.017578125,8167,0.0,0.0
2023-08-10,29310.0,29780.0,29000.0,29780.0,24529.64453125,10362,0.0,0.0
2023-08-11,29500.0,29800.0,29500.0,29510.0,24307.25,116396330,0.0,0.0
2023-08-14,29150.0,29150.0,28220.0,29000.0,23887.16796875,4377,0.0,0.0
2023-08-15,29620.0,29620.0,29620.0,29620.0,24397.853515625,837,0.0,0.0
2023-08-16,29600.0,29600.0,29600.0,29600.0,24381.37890625,1005,0.0,0.0
2023-08-17,28540.0,28540.0,28540.0,28540.0,23508.265625,1011,0.0,0.0
2023-08-18,29450.0,29450.0,29450.0,29450.0,24257.830078125,750,0.0,0.0
2023-08-21,29450.0,29450.0,29450.0,29450.0,24257.830078125,0,0.0,0.0
2023-08-22,29450.0,29450.0,29450.0,29450.0,24257.830078125,397,0.0,0.0
2023-08-23,29030.0,29030.0,29030.0,29030.0,23911.875,551,0.0,0.0
2023-08-24,28260.0,28260.0,28200.0,28200.0,23228.2109375,4812,0.0,0.0
2023-08-25,28000.0,28010.0,28000.0,28010.0,23071.708984375,3591,0.0,0.0
2023-08-28,28003.330078125,28003.330078125,28003.330078125,28003.330078125,23283.1640625,201,261.0,0.0
2023-08-29,27020.0,27130.0,27020.0,27120.0,22548.72265625,3373,0.0,0.0
2023-08-30,27030.0,27030.0,26520.0,26520.0,22049.859375,7601,0.0,0.0
2023-08-31,26520.0,26720.0,25650.0,25650.0,21326.509765625,6234,0.0,0.0
2023-09-01,25790.0,26970.0,25710.0,26500.0,22033.232421875,12223,0.0,0.0
2023-09-04,26120.0,26810.0,26100.0,26810.0,22290.984375,3998,0.0,0.0
2023-09-05,26780.0,26780.0,25710.0,25710.0,21376.39453125,5896,0.0,0.0
2023-09-06,25710.0,25710.0,25250.0,25250.0,20993.93359375,13736,0.0,0.0
2023-09-07,25900.0,25900.0,24670.0,24990.0,20777.75390625,8090,0.0,0.0
2023-09-08,24990.0,25870.0,24990.0,25600.0,21284.935546875,3061,0.0,0.0
2023-09-11,25900.0,27500.0,25610.0,25900.0,21534.3671875,11133,0.0,0.0
2023-09-12,25510.0,26000.0,25500.0,26000.0,21617.5078125,8490,0.0,0.0
2023-09-13,25350.0,25350.0,24560.0,24560.0,20420.240234375,63960,0.0,0.0
2023-09-14,24600.0,25500.0,24600.0,24600.0,20453.498046875,254169,0.0,0.0
2023-09-15,25000.0,25160.0,24800.0,24980.0,20769.4453125,158150,0.0,0.0
2023-09-18,25420.0,27450.0,25420.0,25520.0,21218.421875,5732,0.0,0.0
2023-09-19,25200.0,25200.0,24750.0,24750.0,20578.20703125,31923,0.0,0.0
2023-09-20,25490.0,25490.0,25000.0,25000.0,20786.07421875,4263,0.0,0.0
2023-09-21,25000.0,25200.0,25000.0,25000.0,20786.07421875,8460,0.0,0.0
2023-09-22,25000.0,25000.0,25000.0,25000.0,20786.07421875,8093,0.0,0.0
2023-09-25,25690.0,25690.0,25300.0,25380.0,21102.021484375,2495,0.0,0.0
2023-09-26,25380.0,25380.0,25000.0,25000.0,21002.048828125,2681,261.0,0.0
2023-09-27,25000.0,25000.0,25000.0,25000.0,21002.048828125,1657,0.0,0.0
2023-09-28,24990.0,25650.0,24990.0,25650.0,21548.103515625,4724,0.0,0.0
2023-09-29,25650.0,25650.0,25200.0,25200.0,21170.064453125,7231,0.0,0.0
2023-10-02,25476.3203125,25476.3203125,25476.3203125,25476.3203125,21402.197265625,585,0.0,0.0
2023-10-03,25220.0,25220.0,25000.0,25000.0,21002.048828125,7727,0.0,0.0
2023-10-04,25030.0,25080.0,25030.0,25080.0,21069.25390625,2097,0.0,0.0
2023-10-05,25090.0,25090.0,25090.0,25090.0,21077.658203125,2038,0.0,0.0
2023-10-06,25000.240234375,25000.240234375,25000.240234375,25000.240234375,21002.244140625,1105,0.0,0.0
2023-10-09,25090.0,25090.0,25090.0,25090.0,21077.658203125,1732,0.0,0.0
2023-10-10,25262.69921875,25262.69921875,25262.69921875,25262.69921875,21222.7421875,274,0.0,0.0
2023-10-11,25110.0,25110.0,25110.0,25110.0,21094.45703125,1642,0.0,0.0
2023-10-12,25490.0,25490.0,25490.0,25490.0,21413.6875,1323,0.0,0.0
2023-10-13,25490.0,25490.0,25490.0,25490.0,21413.6875,1183,0.0,0.0
2023-10-16,25490.0,25490.0,25490.0,25490.0,21413.6875,0,0.0,0.0
2023-10-17,25500.0,25510.0,25500.0,25510.0,21430.48828125,2069,0.0,0.0
2023-10-18,25900.0,25900.0,25900.0,25900.0,21758.119140625,2033,0.0,0.0
2023-10-19,25970.0,25980.0,25900.0,25900.0,21758.119140625,3526,0.0,0.0
2023-10-20,25500.0,25500.0,25500.0,25500.0,21422.09375,2528,0.0,0.0
2023-10-23,25510.0,25510.0,25260.0,25260.0,21220.46484375,4726,0.0,0.0
2023-10-24,25500.0,25500.0,25480.0,25480.0,21405.29296875,1668,0.0,0.0
2023-10-25,24950.0,24950.0,24950.0,24950.0,20960.048828125,2478,0.0,0.0
2023-10-26,24950.0,24950.0,24950.0,24950.0,21181.6171875,1662,261.0,0.0
2023-10-27,25000.0,25000.0,25000.0,25000.0,21224.068359375,1123,0.0,0.0
2023-10-30,25100.0,25100.0,25000.0,25000.0,21224.068359375,7298,0.0,0.0
2023-10-31,24900.0,24900.0,24870.0,24900.0,21139.1796875,4348,0.0,0.0
2023-11-01,24910.0,25000.0,24900.0,25000.0,21224.068359375,3738,0.0,0.0
2023-11-02,24900.0,24900.0,24900.0,24900.0,21139.1796875,1278,0.0,0.0
2023-11-03,24900.0,24900.0,24760.0,24760.0,21020.318359375,4812,0.0,0.0
2023-11-06,24760.0,24760.0,24760.0,24760.0,21020.318359375,0,0.0,0.0
2023-11-07,24700.0,24700.0,24580.0,24580.0,20867.505859375,3001,0.0,0.0
2023-11-08,24580.0,24580.0,24580.0,24580.0,20867.505859375,1320,0.0,0.0
2023-11-09,24580.0,24600.0,24580.0,24600.0,20884.48828125,2978,0.0,0.0
2023-11-10,24640.0,24780.0,24640.0,24780.0,21037.302734375,2169,0.0,0.0
2023-11-13,24780.0,24780.0,24780.0,24780.0,21037.302734375,0,0.0,0.0
2023-11-14,24780.0,24780.0,24780.0,24780.0,21037.302734375,1126,0.0,0.0
2023-11-15,24400.0,24400.0,24400.0,24400.0,20714.705078125,1183,0.0,0.0
2023-11-16,24300.0,24300.0,24300.0,24300.0,20629.796875,1908,0.0,0.0
2023-11-17,24400.0,24400.0,23900.0,23960.0,20341.150390625,11042,0.0,0.0
2023-11-20,23900.0,24000.0,23900.0,24000.0,20375.11328125,8983,0.0,0.0
2023-11-21,23980.0,24000.0,23940.0,24000.0,20375.11328125,13518,0.0,0.0
2023-11-22,24000.0,24000.0,23980.0,24000.0,20375.11328125,8773,0.0,0.0
2023-11-23,24000.0,24000.0,24000.0,24000.0,20375.11328125,2498,0.0,0.0
2023-11-24,24320.0,24320.0,24320.0,24320.0,20646.775390625,1810,0.0,0.0
2023-11-27,24000.0,24000.0,24000.0,24000.0,20596.150390625,2049,261.0,0.0
2023-11-28,24000.0,24000.0,24000.0,24000.0,20596.150390625,2798,0.0,0.0
2023-11-29,24500.0,24500.0,24500.0,24500.0,21025.23046875,7069,0.0,0.0
2023-11-30,24500.0,24500.0,24480.0,24480.0,21008.0703125,2266,0.0,0.0
2023-12-01,24460.0,24460.0,24460.0,24460.0,20990.908203125,1529,0.0,0.0
2023-12-04,24100.0,24100.0,24100.0,24100.0,20681.962890625,3721,0.0,0.0
2023-12-05,24100.0,24100.0,24100.0,24100.0,20681.962890625,1691,0.0,0.0
2023-12-06,24000.0,24000.0,23980.0,24000.0,20596.150390625,3745,0.0,0.0
2023-12-07,24000.0,24000.0,24000.0,24000.0,20596.150390625,330,0.0,0.0
2023-12-08,24000.0,24000.0,24000.0,24000.0,20596.150390625,0,0.0,0.0
2023-12-11,24000.0,24120.0,24000.0,24000.0,20596.150390625,6289,0.0,0.0
2023-12-12,24000.0,24500.0,24000.0,24500.0,21025.23046875,5153,0.0,0.0
2023-12-13,24500.0,24500.0,24480.0,24500.0,21025.23046875,7266,0.0,0.0
2023-12-14,24020.0,24020.0,24020.0,24020.0,20613.310546875,4217,0.0,0.0
2023-12-15,24500.0,24520.0,24500.0,24520.0,21042.3984375,2602,0.0,0.0
2023-12-18,24520.0,24520.0,24520.0,24520.0,21042.3984375,584,0.0,0.0
2023-12-19,24920.0,25660.0,24920.0,25660.0,22020.712890625,13657,0.0,0.0
2023-12-20,25900.0,27500.0,25900.0,27500.0,23599.748046875,27950,0.0,0.0
2023-12-21,28000.0,28040.0,26500.0,26500.0,22741.58203125,9475,0.0,0.0
2023-12-22,26500.0,26500.0,26500.0,26500.0,22741.58203125,2318,0.0,0.0
2023-12-25,26500.0,26500.0,26500.0,26500.0,22741.58203125,0,0.0,0.0
2023-12-26,26500.0,27500.0,26500.0,27500.0,23834.49609375,3759,261.0,0.0
2023-12-27,27600.0,27600.0,27580.0,27580.0,23903.8359375,2002,0.0,0.0
2023-12-28,27480.0,27480.0,27460.0,27460.0,23799.828125,3639,0.0,0.0
2023-12-29,27460.0,27460.0,27460.0,27460.0,23799.828125,0,0.0,0.0
2024-01-01,27460.0,27460.0,27460.0,27460.0,23799.828125,0,0.0,0.0
2024-01-02,28440.0,28440.0,28300.0,28300.0,24527.86328125,1943,0.0,0.0
2024-01-03,28340.0,28340.0,28300.0,28300.0,24527.86328125,4112,0.0,0.0
2024-01-04,28440.0,29200.0,28440.0,28900.0,25047.89453125,11647,0.0,0.0
2024-01-05,28920.0,29460.0,28920.0,29440.0,25515.912109375,11216,0.0,0.0
2024-01-08,29440.0,29440.0,29440.0,29440.0,25515.912109375,0,0.0,0.0
2024-01-09,29300.0,29300.0,28720.0,28720.0,24891.88671875,5559,0.0,0.0
2024-01-10,29300.0,29460.0,29000.0,29000.0,25134.560546875,5529,0.0,0.0
2024-01-11,29400.0,29400.0,29400.0,29400.0,25481.2421875,2363,0.0,0.0
2024-01-12,29280.0,29400.0,29080.0,29400.0,25481.2421875,8786,0.0,0.0
2024-01-15,29400.0,29400.0,29400.0,29400.0,25481.2421875,284,0.0,0.0
2024-01-16,29400.0,29620.0,29400.0,29620.0,25671.923828125,13214,0.0,0.0
2024-01-17,29620.0,29700.0,29620.0,29700.0,25741.2578125,5941,0.0,0.0
2024-01-18,29920.0,29980.0,29920.0,29920.0,25931.931640625,6304,0.0,0.0
2024-01-19,29920.0,29920.0,29860.0,29860.0,25879.9296875,2566,0.0,0.0
2024-01-22,29860.0,29860.0,29860.0,29860.0,25879.9296875,0,0.0,0.0
2024-01-23,30000.0,30280.0,30000.0,30280.0,26243.951171875,7490,0.0,0.0
2024-01-24,30280.0,30280.0,30280.0,30280.0,26243.951171875,0,0.0,0.0
2024-01-25,30280.0,30280.0,30280.0,30280.0,26243.951171875,0,0.0,0.0
2024-01-26,30280.0,30280.0,30280.0,30280.0,26472.126953125,0,261.0,0.0
2024-01-29,30780.0,30780.0,30780.0,30780.0,26909.248046875,813,0.0,0.0
2024-01-30,30020.0,31860.0,30000.0,31860.0,27853.435546875,9419,0.0,0.0
2024-01-31,31800.0,31800.0,31800.0,31800.0,27800.9765625,1941,0.0,0.0
2024-02-01,31760.0,31760.0,31680.0,31680.0,27696.07421875,2172,0.0,0.0
2024-02-02,31680.0,31680.0,31680.0,31680.0,27696.07421875,849,0.0,0.0
2024-02-05,31660.0,31660.0,31660.0,31660.0,27678.5859375,1377,0.0,0.0
2024-02-06,31660.0,31660.0,31000.0,31000.0,27101.5859375,3848,0.0,0.0
2024-02-07,31760.0,31760.0,31760.0,31760.0,27766.01171875,2349,0.0,0.0
2024-02-08,31980.0,32760.0,31980.0,32760.0,28640.25390625,6343,0.0,0.0
2024-02-09,31100.0,31100.0,31100.0,31100.0,27189.001953125,614,0.0,0.0
2024-02-12,31520.0,31520.0,31120.0,31520.0,27556.19140625,1784,0.0,0.0
2024-02-13,31500.0,31500.0,31500.0,31500.0,27538.7109375,1178,0.0,0.0
2024-02-14,30860.0,31500.0,30500.0,31500.0,27538.7109375,8648,0.0,0.0
2024-02-15,31500.0,31500.0,31500.0,31500.0,27538.7109375,4685,0.0,0.0
2024-02-16,31500.0,31500.0,31500.0,31500.0,27538.7109375,1013,0.0,0.0
2024-02-19,30600.0,30600.0,30000.0,30000.0,26227.33984375,6351,0.0,0.0
2024-02-20,31140.0,32000.0,30800.0,31520.0,27556.19140625,10107,0.0,0.0
2024-02-21,32000.0,33480.0,31500.0,33480.0,29269.71484375,24673,0.0,0.0
2024-02-22,32020.0,33460.0,31900.0,33000.0,28850.0703125,9978,0.0,0.0
2024-02-23,32280.0,33000.0,32020.0,32780.0,28657.73828125,4484,0.0,0.0
2024-02-26,31980.0,32500.0,31980.0,32000.0,28200.36328125,30427,261.0,0.0
2024-02-27,31920.0,32100.0,31900.0,31900.0,28112.23828125,8930,0.0,0.0
2024-02-28,31900.0,31900.0,31900.0,31900.0,28112.23828125,403,0.0,0.0
2024-02-29,31600.0,32480.0,31600.0,32480.0,28623.365234375,219036,0.0,0.0
2024-03-01,32000.0,32480.0,32000.0,32480.0,28623.365234375,30353,0.0,0.0
2024-03-04,31520.0,32360.0,31520.0,32360.0,28517.623046875,2025,0.0,0.0
2024-03-05,32360.0,32640.0,32360.0,32640.0,28764.37109375,10181,0.0,0.0
2024-03-06,32560.0,32560.0,32560.0,32560.0,28693.869140625,4751,0.0,0.0
2024-03-07,32000.0,32380.0,31980.0,32380.0,28535.2421875,6594,0.0,0.0
2024-03-08,31640.0,32000.0,31640.0,32000.0,28200.36328125,1548,0.0,0.0
2024-03-11,32000.0,32000.0,32000.0,32000.0,28200.36328125,50,0.0,0.0
2024-03-12,31800.0,31800.0,31300.0,31300.0,27583.482421875,1397,0.0,0.0
2024-03-13,29600.0,30960.0,28600.0,30860.0,27195.7265625,7297,0.0,0.0
2024-03-14,30200.0,30200.0,29440.0,29900.0,26349.712890625,1804,0.0,0.0
2024-03-15,29400.0,29800.0,27500.0,27500.0,24234.6875,37916,0.0,0.0
2024-03-18,28040.0,28040.0,27500.0,27500.0,24234.6875,46581,0.0,0.0
2024-03-19,27600.0,27600.0,27400.0,27500.0,24234.6875,10302,0.0,0.0
2024-03-20,27500.0,27500.0,26820.0,26820.0,23635.43359375,19863,0.0,0.0
2024-03-21,27000.0,27000.0,26880.0,27000.0,23794.052734375,21710,0.0,0.0
2024-03-22,27000.0,27680.0,26820.0,27000.0,23901.166015625,32076,121.0,0.0
2024-03-25,27000.0,27000.0,27000.0,27000.0,23901.166015625,0,0.0,0.0
2024-03-26,26540.0,27000.0,26540.0,26900.0,23812.6484375,4711,0.0,0.0
2024-03-27,26980.0,27020.0,26980.0,27000.0,23901.166015625,13340,0.0,0.0
2024-03-28,27000.0,27000.0,27000.0,27000.0,23901.166015625,0,0.0,0.0
2024-03-29,27000.0,27000.0,27000.0,27000.0,23901.166015625,0,0.0,0.0
2024-04-01,27000.0,27000.0,26600.0,26600.0,23547.08203125,16470,0.0,0.0
2024-04-02,26600.0,27000.0,26900.0,27000.0,23901.166015625,28216,0.0,0.0
2024-04-03,27000.0,27500.0,27100.0,27460.0,24308.376953125,6518,0.0,0.0
2024-04-04,27460.0,28580.0,27760.0,28300.0,25051.966796875,31171,0.0,0.0
2024-04-05,28300.0,28300.0,28100.0,28100.0,24874.919921875,15739,0.0,0.0
2024-04-08,28100.0,28200.0,27800.0,28200.0,24963.447265625,247503,0.0,0.0
2024-04-09,27800.0,28600.0,28420.0,28500.0,25229.013671875,100391,0.0,0.0
2024-04-10,28500.0,30000.0,28500.0,29860.0,26432.923828125,25417,0.0,0.0
2024-04-11,29860.0,29600.0,29000.0,29600.0,26202.765625,100396,0.0,0.0
2024-04-12,29600.0,29800.0,29000.0,29000.0,25671.6328125,22899,0.0,0.0
2024-04-15,29000.0,28800.0,27840.0,28500.0,25229.013671875,7271,0.0,0.0
2024-04-16,28500.0,28880.0,28500.0,28880.0,25565.396484375,4277,0.0,0.0
2024-04-17,28880.0,28740.0,28100.0,28500.0,25229.013671875,17613,0.0,0.0
2024-04-18,28500.0,28480.0,27900.0,27900.0,24697.875,7782,0.0,0.0
2024-04-19,27900.0,29480.0,27900.0,28780.0,25476.876953125,13556,0.0,0.0
2024-04-22,28780.0,28780.0,28120.0,28200.0,24963.447265625,8866,0.0,0.0
2024-04-23,28200.0,28040.0,28040.0,28040.0,24821.806640625,2952,0.0,0.0
2024-04-24,28040.0,28100.0,27860.0,27860.0,24662.466796875,8099,0.0,0.0
2024-04-25,27860.0,27900.0,27500.0,27600.0,24538.88671875,15583,121.0,0.0
2024-04-26,27600.0,28360.0,28100.0,28260.0,25125.68359375,9755,0.0,0.0
2024-04-29,28260.0,28500.0,28500.0,28500.0,25339.064453125,4485,0.0,0.0
2024-04-30,28500.0,28500.0,28300.0,28300.0,25161.24609375,11358,0.0,0.0
2024-05-02,28300.0,28480.0,28300.0,28460.0,25303.50390625,3213,0.0,0.0
2024-05-03,32480.0,32360.0,31520.0,32360.0,28770.95703125,2025,0.0,0.0
2024-05-06,28500.0,28380.0,28100.0,28380.0,25232.373046875,2882,0.0,0.0
2024-05-07,28380.0,28340.0,28300.0,28300.0,25161.24609375,15146,0.0,0.0
2024-05-08,28300.0,28300.0,28100.0,28300.0,25161.24609375,4286,0.0,0.0
2024-05-09,28300.0,28280.0,28020.0,28060.0,24947.861328125,4639,0.0,0.0
2024-05-10,28060.0,28300.0,28060.0,28300.0,25161.24609375,6240,0.0,0.0
2024-05-14,28300.0,28380.0,28240.0,28300.0,25161.24609375,6843,0.0,0.0
2024-05-15,28300.0,28300.0,28260.0,28280.0,25143.466796875,23053,0.0,0.0
2024-05-16,28280.0,28380.0,28100.0,28300.0,25161.24609375,21634,0.0,0.0
2024-05-17,28300.0,28300.0,28300.0,28300.0,25161.24609375,16504,0.0,0.0
2024-05-20,28300.0,28360.0,28100.0,28100.0,24983.423828125,19743,0.0,0.0
2024-05-21,28100.0,28280.0,28060.0,28280.0,25143.466796875,3365,0.0,0.0
2024-05-22,28280.0,28160.0,28000.0,28160.0,25036.77734375,23176,0.0,0.0
2024-05-23,28160.0,28160.0,28160.0,28160.0,25036.77734375,0,0.0,0.0
2024-05-24,27900.0,28260.0,27800.0,28100.0,24983.423828125,4079,0.0,0.0
2024-05-27,28100.0,27700.0,27700.0,27700.0,24627.79296875,5569,0.0,0.0
2024-05-28,27700.0,27700.0,27700.0,27700.0,24735.845703125,682,121.0,0.0
2024-05-29,27700.0,27720.0,27580.0,27580.0,24628.6875,2124,0.0,0.0
2024-05-30,27580.0,28000.0,27980.0,27980.0,24985.8828125,6666,0.0,0.0
2024-05-31,27980.0,28180.0,27000.0,27540.0,24592.966796875,60008,0.0,0.0
2024-06-04,27540.0,27640.0,27640.0,27640.0,24682.267578125,1424,0.0,0.0
2024-06-05,27640.0,27880.0,27020.0,27240.0,24325.068359375,20433,0.0,0.0
2024-06-06,27240.0,28000.0,27640.0,27640.0,24682.267578125,3180,0.0,0.0
2024-06-07,27640.0,27800.0,27520.0,27520.0,24575.111328125,16341,0.0,0.0
2024-06-11,27520.0,27800.0,27060.0,27800.0,24825.14453125,22439,0.0,0.0
2024-06-12,27800.0,27800.0,27000.0,27800.0,24825.14453125,13922,0.0,0.0
2024-06-13,27800.0,27680.0,27480.0,27500.0,24557.24609375,18621,0.0,0.0
2024-06-14,27500.0,27800.0,27000.0,27000.0,24110.748046875,25800,0.0,0.0
2024-06-17,27000.0,27460.0,27040.0,27460.0,24521.52734375,3647,0.0,0.0
2024-06-18,27460.0,27440.0,27340.0,27400.0,24467.9453125,5040,0.0,0.0
2024-06-19,27400.0,27120.0,27000.0,27000.0,24110.748046875,4884,0.0,0.0
2024-06-20,27000.0,27220.0,27000.0,27000.0,24110.748046875,3562,0.0,0.0
2024-06-21,27000.0,27020.0,26000.0,26000.0,23217.763671875,51371,0.0,0.0
2024-06-24,26000.0,27100.0,26500.0,26500.0,23664.25390625,12735,0.0,0.0
2024-06-25,26500.0,27000.0,26400.0,26600.0,23862.513671875,12306,121.0,0.0
2024-06-26,26600.0,26600.0,26600.0,26600.0,23862.513671875,803,0.0,0.0
2024-06-27,26600.0,26600.0,26600.0,26600.0,23862.513671875,525,0.0,0.0
2024-06-28,26600.0,26600.0,26580.0,26600.0,23862.513671875,7657,0.0,0.0
2024-07-02,26600.0,26600.0,26600.0,26600.0,23862.513671875,352,0.0,0.0
2024-07-03,26600.0,26580.0,26020.0,26300.0,23593.380859375,3273,0.0,0.0
2024-07-04,26300.0,26300.0,26300.0,26300.0,23593.380859375,249,0.0,0.0
2024-07-05,26300.0,26120.0,26100.0,26100.0,23413.970703125,3164,0.0,0.0
2024-07-08,26100.0,26180.0,25920.0,25980.0,23306.318359375,30164,0.0,0.0
2024-07-09,25980.0,26000.0,25520.0,25520.0,22893.65625,15100,0.0,0.0
2024-07-10,25520.0,25540.0,25280.0,25280.0,22678.353515625,9097,0.0,0.0
2024-07-11,25280.0,25280.0,25080.0,25080.0,22498.9375,10042,0.0,0.0
2024-07-12,25080.0,25460.0,25000.0,25200.0,22606.5859375,48357,0.0,0.0
2024-07-15,25200.0,25700.0,25420.0,25420.0,22803.951171875,3162,0.0,0.0
2024-07-16,25420.0,25440.0,25300.0,25300.0,22696.296875,8101,0.0,0.0
2024-07-17,25300.0,25560.0,25400.0,25560.0,22929.5390625,2848,0.0,0.0
2024-07-18,25560.0,25420.0,25420.0,25420.0,22803.951171875,4356,0.0,0.0
2024-07-19,25420.0,25600.0,25440.0,25600.0,22965.4296875,3675,0.0,0.0
2024-07-22,25600.0,25600.0,25500.0,25500.0,22875.720703125,9168,0.0,0.0
2024-07-23,25500.0,25700.0,25440.0,25700.0,23055.134765625,2636,0.0,0.0
2024-07-24,25700.0,25480.0,25440.0,25440.0,22821.890625,3482,0.0,0.0
2024-07-25,25440.0,25440.0,25420.0,25420.0,22803.951171875,3798,0.0,0.0
2024-07-26,25420.0,25460.0,25340.0,25400.0,22894.984375,4939,121.0,0.0
2024-07-29,25400.0,25460.0,25440.0,25460.0,22949.076171875,3230,0.0,0.0
2024-07-30,25460.0,25420.0,25020.0,25020.0,22552.46484375,14593,0.0,0.0
2024-07-31,25020.0,25100.0,25000.0,25020.0,22552.46484375,16646,0.0,0.0
2024-08-01,25020.0,25100.0,25000.0,25000.0,22534.435546875,10981,0.0,0.0
2024-08-02,25000.0,25020.0,25000.0,25000.0,22534.435546875,8858,0.0,0.0
2024-08-05,25000.0,24920.0,24000.0,24780.0,22336.13671875,11777,0.0,0.0
2024-08-06,24780.0,24800.0,24600.0,24600.0,22173.8828125,4163,0.0,0.0
2024-08-07,24600.0,24960.0,24800.0,24960.0,22498.3828125,2620,0.0,0.0
2024-08-08,24600.0,24960.0,24800.0,24960.0,22498.3828125,2620,0.0,0.0
2024-08-09,24960.0,25000.0,24980.0,25000.0,22534.435546875,5707,0.0,0.0
2024-08-12,25000.0,24940.0,24940.0,24940.0,22480.35546875,2400,0.0,0.0
2024-08-13,24940.0,25000.0,24900.0,24980.0,22516.408203125,12584,0.0,0.0
2024-08-14,24980.0,25500.0,25000.0,25000.0,22534.435546875,7862,0.0,0.0
2024-08-15,25000.0,25500.0,25100.0,25500.0,22985.130859375,7137,0.0,0.0
2024-08-16,25500.0,25480.0,25480.0,25480.0,22967.099609375,1799,0.0,0.0
2024-08-20,25480.0,25480.0,25480.0,25480.0,22967.099609375,1707,0.0,0.0
2024-08-21,25480.0,26740.0,25760.0,26740.0,24102.837890625,71679,0.0,0.0
2024-08-22,26740.0,27080.0,26000.0,27080.0,24409.3046875,28161,0.0,0.0
2024-08-23,27080.0,27500.0,27000.0,27500.0,24787.880859375,65540,0.0,0.0
2024-08-26,27500.0,28300.0,27500.0,28300.0,25508.982421875,22000,0.0,0.0
2024-08-27,28300.0,28000.0,27900.0,28000.0,25346.943359375,5411,121.0,0.0
2024-08-28,28000.0,28240.0,27900.0,28220.0,25546.095703125,13443,0.0,0.0
2024-08-29,28220.0,28220.0,28220.0,28220.0,25546.095703125,1598,0.0,0.0
2024-08-30,28220.0,29000.0,28000.0,29000.0,26252.19140625,320088,0.0,0.0
2024-09-02,29000.0,29000.0,29000.0,29000.0,26252.19140625,929,0.0,0.0
2024-09-03,29000.0,28440.0,28440.0,28440.0,25745.248046875,3319,0.0,0.0
2024-09-04,28440.0,28200.0,28200.0,28200.0,25527.994140625,6462,0.0,0.0
2024-09-05,28200.0,28300.0,27500.0,28300.0,25618.517578125,13827,0.0,0.0
2024-09-06,28300.0,28260.0,27720.0,28260.0,25582.310546875,1378,0.0,0.0
2024-09-09,28260.0,28240.0,27820.0,27820.0,25184.0,7466,0.0,0.0
2024-09-10,27820.0,28460.0,27600.0,28460.0,25763.357421875,2718,0.0,0.0
2024-09-11,28460.0,28460.0,27660.0,27920.0,25274.51953125,5660,0.0,0.0
2024-09-12,27920.0,28200.0,27660.0,28200.0,25527.994140625,8787,0.0,0.0
2024-09-13,28200.0,28180.0,28000.0,28180.0,25509.8828125,2300,0.0,0.0
2024-09-16,28180.0,28400.0,27880.0,27880.0,25238.314453125,7063,0.0,0.0
2024-09-17,27880.0,28300.0,27740.0,28100.0,25437.466796875,5018,0.0,0.0
2024-09-18,28100.0,28000.0,27620.0,28000.0,25346.943359375,5173,0.0,0.0
2024-09-19,28000.0,28200.0,28000.0,28160.0,25491.783203125,11040,0.0,0.0
2024-09-20,28160.0,28700.0,27900.0,27900.0,25256.419921875,41550,0.0,0.0
2024-09-23,27900.0,27900.0,27700.0,27700.0,25075.37109375,3596,0.0,0.0
2024-09-24,27700.0,28000.0,27200.0,27640.0,25021.052734375,4015,0.0,0.0
2024-09-25,27640.0,27520.0,27240.0,27240.0,24767.37890625,3415,121.0,0.0
2024-09-26,27240.0,27240.0,27240.0,27240.0,24767.37890625,0,0.0,0.0
2024-09-27,27240.0,27960.0,27400.0,27820.0,25294.734375,4445,0.0,0.0
2024-09-30,27820.0,28380.0,27500.0,27720.0,25203.8125,4303,0.0,0.0
2024-10-01,27720.0,28000.0,27700.0,27700.0,25185.625,16730,0.0,0.0
2024-10-02,27700.0,28000.0,27220.0,27220.0,24749.1953125,3082,0.0,0.0
2024-10-03,27220.0,27660.0,27120.0,27660.0,25149.25390625,9958,0.0,0.0
2024-10-04,27660.0,27780.0,27080.0,27780.0,25258.36328125,6508,0.0,0.0
2024-10-07,27780.0,27760.0,27160.0,27160.0,24694.64453125,4512,0.0,0.0
2024-10-08,27160.0,27000.0,27440.0,27440.0,24949.224609375,7860,0.0,0.0
2024-10-09,27440.0,27200.0,25040.0,27200.0,24731.013671875,7214,0.0,0.0
2024-10-10,27200.0,26980.0,26940.0,26940.0,24494.607421875,2882,0.0,0.0
2024-10-11,26940.0,27400.0,27040.0,27400.0,24912.853515625,4212,0.0,0.0
2024-10-15,27400.0,27040.0,27040.0,27040.0,24585.537109375,2287,0.0,0.0
2024-10-16,27040.0,27700.0,26980.0,27580.0,25076.515625,20506,0.0,0.0
2024-10-17,27580.0,27560.0,27020.0,27480.0,24985.591796875,18892,0.0,0.0
2024-10-18,27480.0,28160.0,27300.0,27620.0,25112.88671875,60215,0.0,0.0
2024-10-21,27620.0,28220.0,27600.0,27780.0,25258.36328125,15966,0.0,0.0
2024-10-22,27780.0,28000.0,27600.0,27620.0,25112.88671875,5145,0.0,0.0
2024-10-23,27620.0,27600.0,27500.0,27500.0,25003.779296875,7092,0.0,0.0
2024-10-24,27500.0,27740.0,27740.0,27740.0,25221.990234375,527,0.0,0.0
2024-10-25,27740.0,27520.0,27520.0,27520.0,25021.958984375,1739,0.0,0.0
2024-10-28,27520.0,27700.0,27460.0,27500.0,25114.19921875,25961,121.0,0.0
2024-10-29,27500.0,27480.0,27040.0,27480.0,25095.935546875,3552,0.0,0.0
2024-10-30,27480.0,27500.0,27160.0,27480.0,25095.935546875,6031,0.0,0.0
2024-10-31,27480.0,28220.0,27500.0,28100.0,25662.14453125,23630,0.0,0.0
2024-11-01,28100.0,28300.0,28240.0,28260.0,25808.26953125,16273,0.0,0.0
2024-11-05,28260.0,28400.0,28100.0,28240.0,25789.998046875,9108,0.0,0.0
2024-11-06,28240.0,28100.0,27800.0,27840.0,25424.69921875,6677,0.0,0.0
2024-11-07,27840.0,27800.0,27380.0,27600.0,25205.52734375,4312,0.0,0.0
2024-11-08,27600.0,27600.0,27000.0,27260.0,24895.01953125,9313,0.0,0.0
2024-11-12,27260.0,27500.0,27040.0,27200.0,24840.23046875,6412,0.0,0.0
2024-11-13,27200.0,27280.0,27000.0,27280.0,24913.291015625,9556,0.0,0.0
2024-11-14,27280.0,27200.0,27140.0,27200.0,24840.23046875,2989,0.0,0.0
2024-11-15,27200.0,27280.0,27140.0,27280.0,24913.291015625,4523,0.0,0.0
2024-11-18,27280.0,27480.0,27200.0,27480.0,25095.935546875,11475,0.0,0.0
2024-11-19,27480.0,27400.0,27200.0,27400.0,25022.876953125,5487,0.0,0.0
2024-11-20,27400.0,27300.0,27000.0,27300.0,24931.55078125,15729,0.0,0.0
2024-11-21,27300.0,27480.0,27300.0,27300.0,24931.55078125,68065,0.0,0.0
2024-11-22,27300.0,27780.0,27300.0,27780.0,25369.91015625,19163,0.0,0.0
2024-11-25,27780.0,27340.0,26700.0,26700.0,24383.603515625,249030,0.0,0.0
2024-11-26,26700.0,27400.0,27340.0,27400.0,25136.7890625,43278,121.0,0.0
2024-11-27,27400.0,27500.0,27480.0,27480.0,25210.18359375,2219,0.0,0.0
2024-11-28,27480.0,27500.0,27000.0,27380.0,25118.4453125,39238,0.0,0.0
2024-11-29,27380.0,27480.0,27040.0,27480.0,25210.18359375,4457,0.0,0.0
2024-12-02,27480.0,27480.0,27480.0,27480.0,25210.18359375,998,0.0,0.0
2024-12-03,27480.0,27280.0,27220.0,27220.0,24971.6640625,3741,0.0,0.0
2024-12-04,27220.0,27060.0,27000.0,27020.0,24788.177734375,9416,0.0,0.0
2024-12-05,27020.0,27300.0,26960.0,26960.0,24733.1328125,21791,0.0,0.0
2024-12-06,26960.0,27300.0,27300.0,27300.0,25045.052734375,504,0.0,0.0
2024-12-09,27300.0,27180.0,26900.0,27180.0,24934.962890625,14767,0.0,0.0
2024-12-10,27180.0,26960.0,26900.0,26900.0,24678.091796875,7011,0.0,0.0
2024-12-11,26900.0,26900.0,26820.0,26900.0,24678.091796875,10009,0.0,0.0
2024-12-12,26900.0,26920.0,26920.0,26920.0,24696.439453125,2598,0.0,0.0
2024-12-13,26920.0,26860.0,26700.0,26860.0,24641.3984375,11950,0.0,0.0
2024-12-16,26860.0,26860.0,26740.0,26860.0,24641.3984375,9634,0.0,0.0
2024-12-17,26860.0,26820.0,26820.0,26820.0,24604.701171875,947,0.0,0.0
2024-12-18,26820.0,26860.0,26080.0,26080.0,23925.826171875,25221,0.0,0.0
2024-12-19,26080.0,26140.0,26040.0,26060.0,23907.4765625,11169,0.0,0.0
2024-12-20,26060.0,26700.0,26080.0,26700.0,24494.61328125,5192,0.0,0.0
2024-12-23,26700.0,26680.0,26240.0,26680.0,24476.263671875,3512,0.0,0.0
2024-12-24,26680.0,26240.0,26240.0,26240.0,24182.28125,600,121.0,0.0
2024-12-25,26240.0,26240.0,26240.0,26240.0,24182.28125,0,0.0,0.0
2024-12-26,26240.0,26240.0,26240.0,26240.0,24182.28125,961,0.0,0.0
2024-12-27,26240.0,27000.0,26540.0,26540.0,24458.751953125,3962,0.0,0.0
2024-12-30,26540.0,26860.0,26580.0,26860.0,24753.6640625,3223,0.0,0.0
2024-12-31,26860.0,26860.0,26860.0,26860.0,24753.6640625,0,0.0,0.0
2025-01-02,26860.0,26860.0,26860.0,26860.0,24753.6640625,1726,0.0,0.0
2025-01-03,26860.0,26600.0,26000.0,26500.0,24421.892578125,7686,0.0,0.0
2025-01-07,26500.0,27000.0,26520.0,27000.0,24882.68359375,12131,0.0,0.0
2025-01-08,27000.0,26860.0,26620.0,26860.0,24753.6640625,4586,0.0,0.0
2025-01-09,26860.0,26980.0,26460.0,26900.0,24790.521484375,14171,0.0,0.0
2025-01-10,26900.0,26960.0,26480.0,26860.0,24753.6640625,9583,0.0,0.0
2025-01-13,26860.0,26860.0,26600.0,26600.0,24514.048828125,19364,0.0,0.0
2025-01-14,26600.0,26560.0,26560.0,26560.0,24477.18359375,2157,0.0,0.0
2025-01-15,26560.0,26860.0,26560.0,26600.0,24514.048828125,3168,0.0,0.0
2025-01-16,26600.0,27500.0,27060.0,27500.0,25343.474609375,23400,0.0,0.0
2025-01-17,27500.0,27460.0,27160.0,27200.0,25067.0,9546,0.0,0.0
2025-01-20,27200.0,27460.0,26900.0,27380.0,25232.880859375,16776,0.0,0.0
2025-01-21,27380.0,27380.0,27380.0,27380.0,25232.880859375,0,0.0,0.0
2025-01-22,27400.0,27400.0,27040.0,27400.0,25251.314453125,16694,0.0,0.0
2025-01-23,27400.0,27900.0,27400.0,27900.0,25712.103515625,28929,0.0,0.0
2025-01-24,27900.0,28380.0,27700.0,28000.0,25804.267578125,17585,0.0,0.0
2025-01-27,28000.0,28380.0,27500.0,28220.0,26007.0078125,18197,0.0,0.0
2025-01-28,28220.0,29000.0,28000.0,28880.0,26729.86328125,57594,121.0,0.0
2025-01-29,28880.0,29600.0,29200.0,29400.0,27211.1484375,26042,0.0,0.0
2025-01-30,29400.0,29620.0,29020.0,29020.0,26859.439453125,35424,0.0,0.0
2025-01-31,29020.0,29580.0,29020.0,29500.0,27303.70703125,85483,0.0,0.0
2025-02-03,29500.0,29300.0,29000.0,29040.0,26877.953125,26903,0.0,0.0
2025-02-04,29040.0,29180.0,28900.0,29080.0,26914.97265625,12282,0.0,0.0
2025-02-05,29080.0,29300.0,29080.0,29300.0,27118.59375,20127,0.0,0.0
2025-02-06,29300.0,29140.0,29000.0,29120.0,26951.998046875,8355,0.0,0.0
2025-02-07,29120.0,29080.0,28600.0,28880.0,26729.86328125,36374,0.0,0.0
2025-02-10,28880.0,29020.0,28860.0,29020.0,26859.439453125,15926,0.0,0.0
2025-02-11,29020.0,28900.0,28640.0,28740.0,26600.28515625,10421,0.0,0.0
2025-02-12,28740.0,28800.0,28500.0,28500.0,26378.154296875,16317,0.0,0.0
2025-02-13,28500.0,28540.0,28400.0,28520.0,26396.662109375,72174,0.0,0.0
2025-02-14,28520.0,29260.0,28320.0,29180.0,27007.52734375,18182,0.0,0.0
2025-02-17,29180.0,29900.0,29300.0,29860.0,27636.904296875,13141,0.0,0.0
2025-02-18,29860.0,30760.0,29880.0,30520.0,28247.76171875,40377,0.0,0.0
2025-02-19,27380.0,27460.0,27200.0,27400.0,25360.048828125,6883,0.0,0.0
2025-02-20,31180.0,31700.0,30640.0,30900.0,28599.474609375,32331,0.0,0.0
2025-02-21,30900.0,31400.0,30520.0,30520.0,28247.76171875,17783,0.0,0.0
2025-02-24,30520.0,31100.0,30660.0,31100.0,28784.5859375,19417,0.0,0.0
2025-02-25,31100.0,31100.0,30800.0,30820.0,28636.849609375,16037,121.0,0.0
2025-02-26,30820.0,30980.0,30020.0,30300.0,28153.681640625,21778,0.0,0.0
2025-02-27,30300.0,30080.0,29880.0,30000.0,27874.9296875,15616,0.0,0.0
2025-02-28,30000.0,30000.0,29400.0,29400.0,27317.4296875,34135,0.0,0.0
2025-03-03,29400.0,30000.0,29600.0,30000.0,27874.9296875,9748,0.0,0.0
2025-03-04,30000.0,29900.0,29600.0,29900.0,27782.013671875,11494,0.0,0.0
2025-03-05,29900.0,30000.0,29500.0,29960.0,27837.767578125,6848,0.0,0.0
2025-03-06,29960.0,29960.0,29460.0,29960.0,27837.767578125,9226,0.0,0.0
2025-03-07,29960.0,31880.0,30000.0,30860.0,28674.015625,49555,0.0,0.0
2025-03-10,30860.0,31500.0,30500.0,30800.0,28618.265625,41477,0.0,0.0
2025-03-11,30800.0,30860.0,30320.0,30320.0,28172.263671875,24667,0.0,0.0
2025-03-12,30320.0,30700.0,30300.0,30700.0,28525.34765625,16623,0.0,0.0
2025-03-13,30700.0,30800.0,30300.0,30500.0,28339.515625,8230,0.0,0.0
2025-03-14,30500.0,30800.0,30300.0,30780.0,28599.677734375,10516,0.0,0.0
2025-03-17,30780.0,30780.0,30300.0,30300.0,28153.681640625,10678,0.0,0.0
2025-03-18,30300.0,30780.0,30000.0,30400.0,28246.595703125,21124,0.0,0.0
2025-03-19,30400.0,30400.0,30000.0,30400.0,28246.595703125,11477,0.0,0.0
2025-03-20,30400.0,30800.0,30400.0,30420.0,28265.181640625,43310,0.0,0.0
2025-03-21,30420.0,30420.0,30420.0,30420.0,28265.181640625,0,0.0,0.0
2025-03-24,30420.0,30420.0,30420.0,30420.0,28265.181640625,0,0.0,0.0
2025-03-25,30800.0,31360.0,30700.0,31300.0,29082.845703125,28115,0.0,0.0
2025-03-26,31300.0,31600.0,31000.0,31020.0,28822.677734375,41794,0.0,0.0
2025-03-27,31020.0,31000.0,30460.0,30460.0,28302.34375,3250,0.0,0.0
2025-03-28,30460.0,30760.0,30060.0,30760.0,28718.751953125,4447,146.0,0.0
2025-03-31,30760.0,30720.0,30100.0,30500.0,28476.00390625,12790,0.0,0.0
2025-04-01,30500.0,30960.0,30440.0,30520.0,28494.67578125,14962,0.0,0.0
2025-04-02,30520.0,31820.0,30500.0,31700.0,29596.375,36052,0.0,0.0
2025-04-03,31700.0,31600.0,31000.0,31500.0,29409.64453125,18437,0.0,0.0
2025-04-04,31500.0,31240.0,30580.0,30580.0,28550.693359375,11225,0.0,0.0
2025-04-07,30580.0,30400.0,30000.0,30200.0,28195.9140625,21270,0.0,0.0
2025-04-08,30200.0,30600.0,29500.0,29600.0,27635.73046875,24340,0.0,0.0
2025-04-09,29600.0,30140.0,28600.0,30140.0,28139.892578125,22194,0.0,0.0
2025-04-10,30140.0,29900.0,28600.0,28600.0,26702.08984375,20859,0.0,0.0
2025-04-11,28600.0,29600.0,29340.0,29600.0,27635.73046875,9252,0.0,0.0
2025-04-14,29600.0,29980.0,29640.0,29640.0,27673.07421875,4188,0.0,0.0
2025-04-15,29640.0,30000.0,29640.0,29640.0,27673.07421875,13874,0.0,0.0
2025-04-16,29640.0,29980.0,29700.0,29980.0,27990.515625,2373,0.0,0.0
2025-04-17,29980.0,29980.0,29980.0,29980.0,27990.515625,0,0.0,0.0
2025-04-18,29980.0,29980.0,29980.0,29980.0,27990.515625,0,0.0,0.0
2025-04-21,29980.0,29600.0,29600.0,29600.0,27635.73046875,3991,0.0,0.0
2025-04-22,29600.0,29980.0,29600.0,29900.0,27915.822265625,22336,0.0,0.0
2025-04-23,29900.0,30500.0,29600.0,30500.0,28476.00390625,16606,0.0,0.0
2025-04-24,30500.0,30400.0,30000.0,30100.0,28102.55078125,10169,0.0,0.0
2025-04-25,30100.0,30100.0,30020.0,30100.0,28239.5234375,4899,146.0,0.0
2025-04-28,30100.0,30400.0,30000.0,30000.0,28145.70703125,14086,0.0,0.0
2025-04-29,30000.0,30560.0,29800.0,30560.0,28671.09375,20237,0.0,0.0
2025-04-30,30560.0,30900.0,30200.0,30900.0,28990.078125,31970,0.0,0.0
2025-05-01,30900.0,30900.0,30900.0,30900.0,28990.078125,0,0.0,0.0
2025-05-02,30900.0,30900.0,30700.0,30800.0,28896.255859375,9783,0.0,0.0
2025-05-05,30800.0,31000.0,30800.0,30800.0,28896.255859375,8839,0.0,0.0
2025-05-06,30560.0,30900.0,30200.0,30900.0,28990.078125,31970,0.0,0.0
2025-05-07,30600.0,31000.0,30760.0,31000.0,29083.89453125,19292,0.0,0.0
2025-05-08,31000.0,31800.0,31200.0,31800.0,29834.451171875,33492,0.0,0.0
2025-05-09,31800.0,32400.0,31800.0,32000.0,30022.08203125,13861,0.0,0.0
2025-05-12,32000.0,31500.0,32500.0,32000.0,30022.08203125,33800,0.0,0.0
2025-05-13,32000.0,32000.0,32500.0,32500.0,30491.177734375,20543,0.0,0.0
2025-05-14,32500.0,32500.0,33000.0,32560.0,30547.470703125,13062,0.0,0.0
2025-05-15,32560.0,32500.0,32000.0,32380.0,30378.59765625,7754,0.0,0.0
2025-05-16,32380.0,32700.0,32140.0,32160.0,30172.19921875,5398,0.0,0.0
2025-05-19,32160.0,32600.0,32200.0,32600.0,30585.00390625,7368,0.0,0.0
2025-05-20,32600.0,32900.0,32260.0,32260.0,30266.013671875,8188,0.0,0.0
2025-05-21,32260.0,32900.0,32260.0,32800.0,30772.634765625,9666,0.0,0.0
2025-05-22,32800.0,32760.0,31800.0,32700.0,30678.81640625,14531,0.0,0.0
2025-05-23,32700.0,33000.0,32680.0,33000.0,30960.279296875,13399,0.0,0.0
2025-05-26,33000.0,32700.0,32500.0,32700.0,30678.81640625,7249,0.0,0.0
2025-05-27,32700.0,32880.0,32600.0,32880.0,30986.0390625,8793,146.0,0.0
2025-05-28,32880.0,32500.0,32480.0,32480.0,30609.08203125,8672,0.0,0.0
2025-05-29,32480.0,32520.0,31900.0,31900.0,30062.4921875,6495,0.0,0.0
2025-05-30,31900.0,32600.0,31800.0,32600.0,30722.171875,10564,0.0,0.0
2025-06-03,32600.0,32740.0,32400.0,32740.0,30854.103515625,3424,0.0,0.0
2025-06-04,32740.0,32700.0,32500.0,32500.0,30627.92578125,3657,0.0,0.0
2025-06-05,32500.0,32500.0,32200.0,32500.0,30627.92578125,4073,0.0,0.0
2025-06-06,32500.0,32780.0,32080.0,32780.0,30891.796875,14656,0.0,0.0
2025-06-09,32780.0,32980.0,32500.0,32500.0,30627.92578125,3862,0.0,0.0
2025-06-10,32500.0,32680.0,32000.0,32000.0,30156.7265625,11292,0.0,0.0
2025-06-11,32000.0,32600.0,32180.0,32580.0,30703.322265625,6631,0.0,0.0
2025-06-12,32580.0,32700.0,32500.0,32500.0,30627.92578125,5609,0.0,0.0
2025-06-13,32500.0,32500.0,31960.0,32200.0,30345.212890625,7767,0.0,0.0
2025-06-16,32200.0,32360.0,31820.0,32320.0,30458.294921875,9813,0.0,0.0
2025-06-17,32320.0,32040.0,31820.0,32000.0,30156.7265625,24397,0.0,0.0
2025-06-18,32000.0,32000.0,31840.0,32000.0,30156.7265625,6093,0.0,0.0
2025-06-19,32000.0,32400.0,31900.0,31960.0,30119.03125,9513,0.0,0.0
2025-06-20,31960.0,32400.0,32380.0,32380.0,30514.841796875,3639,0.0,0.0
2025-06-24,32380.0,32400.0,32040.0,32400.0,30533.685546875,12618,146.0,0.0
2025-06-25,32400.0,32400.0,32000.0,32000.0,30156.7265625,11092,0.0,0.0
2025-06-26,32000.0,32100.0,31980.0,31980.0,30137.8828125,7503,0.0,0.0
2025-06-27,31980.0,32000.0,31980.0,32000.0,30156.7265625,2613,0.0,0.0
2025-06-30,32000.0,32000.0,32000.0,32000.0,30156.7265625,0,0.0,0.0
2025-07-01,32000.0,31900.0,31720.0,31880.0,30043.64453125,15326,0.0,0.0
2025-07-02,31880.0,32260.0,31800.0,31800.0,29968.251953125,22399,0.0,0.0
2025-07-03,31800.0,32260.0,31700.0,32000.0,30156.7265625,108215,0.0,0.0
2025-07-04,32000.0,32260.0,32000.0,32000.0,30156.7265625,12151,0.0,0.0
2025-07-07,32000.0,32240.0,31820.0,32000.0,30156.7265625,25715,0.0,0.0
2025-07-08,32000.0,32000.0,32000.0,32000.0,30156.7265625,5185,0.0,0.0
2025-07-09,32000.0,32200.0,32000.0,32000.0,30156.7265625,5133,0.0,0.0
2025-07-10,32000.0,32220.0,31700.0,31700.0,29874.01171875,16240,0.0,0.0
2025-07-11,31700.0,32200.0,32000.0,32200.0,30345.212890625,13701,0.0,0.0
2025-07-14,32200.0,32200.0,32200.0,32200.0,30345.212890625,961,0.0,0.0
2025-07-15,32200.0,32200.0,31780.0,32200.0,30345.212890625,17089,0.0,0.0
2025-07-16,32200.0,32100.0,32100.0,32100.0,30250.97265625,3045,0.0,0.0
2025-07-17,32100.0,32200.0,32020.0,32020.0,30175.576171875,7622,0.0,0.0
2025-07-18,32020.0,32200.0,32000.0,32140.0,30288.666015625,21314,0.0,0.0
2025-07-21,32140.0,32140.0,31840.0,31840.0,30005.9453125,8670,0.0,0.0
2025-07-22,31840.0,32300.0,31920.0,32300.0,30439.44921875,13477,0.0,0.0
2025-07-23,32300.0,32380.0,32000.0,32000.0,30156.7265625,7539,0.0,0.0
2025-07-24,32000.0,32300.0,32280.0,32280.0,30420.599609375,2076,0.0,0.0
2025-07-25,32280.0,32400.0,32000.0,32340.0,30477.14453125,5475,0.0,0.0
2025-07-28,32340.0,32480.0,32000.0,32480.0,30747.892578125,20349,146.0,0.0
2025-07-29,32480.0,32340.0,32000.0,32280.0,30558.560546875,6383,0.0,0.0
2025-07-30,32280.0,32340.0,32140.0,32160.0,30444.958984375,4206,0.0,0.0
2025-07-31,32160.0,32320.0,32000.0,32300.0,30577.4921875,6695,0.0,0.0
2025-08-01,32300.0,32000.0,31820.0,31900.0,30198.828125,19187,0.0,0.0
2025-08-04,31900.0,31900.0,31900.0,31900.0,30198.828125,0,0.0,0.0
2025-08-05,31780.0,32200.0,31840.0,32200.0,30482.82421875,10184,0.0,0.0
2025-08-06,32200.0,32000.0,32000.0,32000.0,30293.4921875,3102,0.0,0.0
2025-08-07,32000.0,32000.0,32000.0,32000.0,30293.4921875,0,0.0,0.0
2025-08-08,32000.0,32300.0,32000.0,32300.0,30577.4921875,13592,0.0,0.0
2025-08-11,32300.0,32700.0,32340.0,32700.0,30956.158203125,113,0.0,0.0
2025-08-12,32700.0,32700.0,33080.0,33040.0,31278.02734375,48724,0.0,0.0
2025-08-13,33040.0,33200.0,33700.0,33700.0,31902.837890625,35686,0.0,0.0
2025-08-14,33700.0,34100.0,33680.0,34100.0,32281.494140625,31500,0.0,0.0
2025-08-15,34100.0,34100.0,33800.0,34060.0,32243.634765625,10149,0.0,0.0
2025-08-19,34060.0,35980.0,34080.0,35000.0,33133.5078125,29669,0.0,0.0
2025-08-20,35000.0,35200.0,34980.0,35000.0,33133.5078125,27463,0.0,0.0
2025-08-21,35000.0,35600.0,35020.0,35600.0,33701.50390625,37695,0.0,0.0
2025-08-22,35600.0,35600.0,35000.0,35580.0,33682.5703125,12548,0.0,0.0
2025-08-25,35580.0,35580.0,35000.0,35000.0,33133.5078125,11973,0.0,0.0
2025-08-26,35000.0,35680.0,34500.0,35680.0,33918.7265625,11982,146.0,0.0
2025-08-27,35680.0,35760.0,35500.0,35500.0,33747.61328125,6391,0.0,0.0
2025-08-28,35500.0,35400.0,35000.0,35000.0,33272.30078125,18144,0.0,0.0
2025-08-29,35000.0,35400.0,35000.0,35120.0,33386.37890625,10023,0.0,0.0
2025-09-01,35120.0,35300.0,35000.0,35300.0,33557.4921875,6340,0.0,0.0
2025-09-02,35300.0,35300.0,35300.0,35300.0,33557.4921875,0,0.0,0.0
2025-09-03,34800.0,35000.0,34640.0,35000.0,33272.30078125,4150,0.0,0.0
2025-09-04,35000.0,35000.0,35000.0,35000.0,33272.30078125,1104,0.0,0.0
2025-09-05,35000.0,35000.0,34800.0,35000.0,33272.30078125,2790,0.0,0.0
2025-09-08,35000.0,35000.0,34760.0,34760.0,33044.15625,5913,0.0,0.0
2025-09-09,34760.0,34980.0,34500.0,34960.0,33234.2734375,7263,0.0,0.0
2025-09-10,34960.0,34900.0,34400.0,34900.0,33177.23046875,11926,0.0,0.0
2025-09-11,34900.0,34720.0,34500.0,34700.0,32987.1015625,5877,0.0,0.0
2025-09-12,34700.0,34700.0,34700.0,34700.0,32987.1015625,1024,0.0,0.0
2025-09-15,34700.0,34980.0,34700.0,34980.0,33253.2890625,5104,0.0,0.0
2025-09-16,34980.0,34800.0,34800.0,34800.0,33082.1640625,2947,0.0,0.0
2025-09-17,34800.0,35800.0,35000.0,35300.0,33557.4921875,20697,0.0,0.0
2025-09-18,35300.0,35140.0,35000.0,35000.0,33272.30078125,60684,0.0,0.0
2025-09-19,35000.0,35560.0,32500.0,32500.0,30895.703125,169212,0.0,0.0
2025-09-22,32500.0,34180.0,33620.0,33820.0,32150.548828125,42591,0.0,0.0
2025-09-23,33820.0,34300.0,33980.0,34000.0,32321.662109375,14165,0.0,0.0
2025-09-24,34000.0,34360.0,33900.0,34320.0,32625.86328125,28895,0.0,0.0
2025-09-25,34320.0,34320.0,34000.0,34180.0,32631.59375,6704,146.0,0.0
2025-09-26,34180.0,34080.0,34000.0,34080.0,32536.123046875,3835,0.0,0.0
2025-09-29,34080.0,34280.0,34000.0,34280.0,32727.060546875,2800,0.0,0.0
2025-09-30,35120.0,35300.0,35000.0,35300.0,33700.85546875,6340,0.0,0.0
2025-10-01,34520.0,34520.0,34520.0,34520.0,32956.1875,21435,0.0,0.0
2025-10-02,34520.0,34700.0,34380.0,34520.0,32956.1875,13810,0.0,0.0
2025-10-03,34520.0,34540.0,34500.0,34540.0,32975.2890625,9973,0.0,0.0
2025-10-06,34540.0,34600.0,34540.0,34600.0,33032.5625,10546,0.0,0.0
2025-10-07,34600.0,34600.0,34600.0,34600.0,33032.5625,4274,0.0,0.0
2025-10-08,34600.0,34860.0,34520.0,34520.0,32956.1875,10698,0.0,0.0
2025-10-09,34520.0,35200.0,34560.0,35000.0,33414.44921875,50194,0.0,0.0
2025-10-10,35000.0,35400.0,34880.0,35000.0,33414.44921875,12287,0.0,0.0
2025-10-14,35000.0,35300.0,35000.0,35300.0,33700.85546875,4116,0.0,0.0
2025-10-15,35300.0,35460.0,35100.0,35380.0,33777.234375,13332,0.0,0.0
2025-10-16,35380.0,36100.0,35520.0,36100.0,34464.61328125,50375,0.0,0.0
2025-10-17,36100.0,36140.0,35740.0,36140.0,34502.8046875,3346,0.0,0.0
2025-10-20,36140.0,36060.0,35500.0,36060.0,34426.4296875,11932,0.0,0.0
2025-10-21,36060.0,36100.0,35520.0,36060.0,34426.4296875,8243,0.0,0.0
2025-10-22,36060.0,36060.0,35600.0,36000.0,34369.14453125,8116,0.0,0.0
2025-10-23,36000.0,36440.0,36000.0,36100.0,34464.61328125,52967,0.0,0.0
2025-10-24,36100.0,36440.0,36100.0,36120.0,34483.7109375,23246,0.0,0.0
2025-10-27,36120.0,38000.0,36440.0,37000.0,35323.83984375,28967,0.0,0.0
2025-10-28,37000.0,38000.0,37200.0,37320.0,35770.4921875,43875,146.0,0.0
2025-10-29,37320.0,38700.0,37480.0,38400.0,36805.6484375,64066,0.0,0.0
2025-10-30,38400.0,38800.0,38000.0,38700.0,37093.19921875,33143,0.0,0.0
2025-10-31,38700.0,38700.0,37620.0,38100.0,36518.10546875,15560,0.0,0.0
2025-11-04,38100.0,38900.0,38340.0,38340.0,36748.1484375,4600,0.0,0.0
2025-11-05,38340.0,38960.0,38120.0,38120.0,36537.28125,15344,0.0,0.0
2025-11-06,38120.0,38600.0,38400.0,38400.0,36805.6484375,12486,0.0,0.0
2025-11-07,38400.0,38700.0,38000.0,38240.0,36652.296875,15737,0.0,0.0
2025-11-10,38240.0,38500.0,38000.0,38500.0,36901.5,9097,0.0,0.0
2025-11-11,38500.0,39040.0,38120.0,38500.0,36901.5,9487,0.0,0.0
2025-11-12,38500.0,38500.0,37940.0,38000.0,36422.26171875,35729,0.0,0.0
2025-11-13,38000.0,38960.0,38500.0,38960.0,37342.40234375,7988,0.0,0.0
2025-11-14,38960.0,39000.0,38380.0,38500.0,36901.5,30598,0.0,0.0
2025-11-18,38500.0,39380.0,38380.0,38420.0,36824.828125,8534,0.0,0.0
2025-11-19,38420.0,38880.0,38500.0,38880.0,37265.7265625,9068,0.0,0.0
2025-11-20,38880.0,39200.0,38600.0,38600.0,36997.3515625,28806,0.0,0.0
2025-11-21,38600.0,38700.0,38220.0,38400.0,36805.6484375,21455,0.0,0.0
2025-11-24,38400.0,38800.0,36740.0,37340.0,35789.6640625,30850,0.0,0.0
2025-11-25,37340.0,38280.0,37340.0,37820.0,36392.02734375,15808,146.0,0.0
2025-11-26,37820.0,38740.0,38260.0,38260.0,36815.4140625,7970,0.0,0.0
2025-11-27,38260.0,38500.0,38300.0,38300.0,36853.91015625,17453,0.0,0.0
2025-11-28,38300.0,38500.0,38300.0,38500.0,37046.35546875,6083,0.0,0.0
2025-12-01,38500.0,38500.0,38200.0,38500.0,37046.35546875,7265,0.0,0.0
2025-12-02,38500.0,38840.0,38500.0,38500.0,37046.35546875,3095,0.0,0.0
2025-12-03,38100.0,38900.0,38340.0,38340.0,36892.39453125,4600,0.0,0.0
2025-12-04,38320.0,38420.0,38200.0,38200.0,36757.68359375,6012,0.0,0.0
2025-12-05,38200.0,38580.0,38240.0,38500.0,37046.35546875,6185,0.0,0.0
2025-12-09,38500.0,38860.0,38380.0,38860.0,37392.7578125,10996,0.0,0.0
2025-12-10,38860.0,39500.0,38900.0,39500.0,38008.6015625,20070,0.0,0.0
2025-12-11,39500.0,39880.0,39200.0,39200.0,37719.921875,7671,0.0,0.0
2025-12-12,39200.0,39100.0,39000.0,39100.0,37623.703125,4001,0.0,0.0
2025-12-15,39100.0,39120.0,38700.0,39000.0,37527.4765625,7902,0.0,0.0
2025-12-16,39000.0,38800.0,38220.0,38220.0,36776.93359375,22076,0.0,0.0
2025-12-17,38220.0,38500.0,38300.0,38320.0,36873.15234375,9723,0.0,0.0
2025-12-18,38320.0,38400.0,38400.0,38400.0,36950.125,3134,0.0,0.0
2025-12-19,38400.0,38500.0,38300.0,38400.0,36950.125,24266,0.0,0.0
2025-12-22,38400.0,39000.0,38300.0,38360.0,36911.64453125,25887,0.0,0.0
2025-12-23,38360.0,40300.0,39000.0,39900.0,38393.4921875,23412,0.0,0.0
2025-12-24,39900.0,39900.0,39900.0,39900.0,38534.5,693,146.0,0.0
2025-12-26,39900.0,40100.0,40000.0,40000.0,38631.0703125,6928,0.0,0.0
2025-12-29,40000.0,40100.0,39100.0,40100.0,38727.6484375,5402,0.0,0.0
2025-12-30,40100.0,39800.0,39000.0,39780.0,38418.60546875,20541,0.0,0.0
2025-12-31,39780.0,39780.0,39780.0,39780.0,38418.60546875,0,0.0,0.0
2026-01-02,39780.0,39000.0,38900.0,38920.0,37588.0390625,4356,0.0,0.0
2026-01-05,38920.0,39480.0,39300.0,39300.0,37955.02734375,19845,0.0,0.0
2026-01-06,39300.0,39680.0,39300.0,39300.0,37955.02734375,33177,0.0,0.0
2026-01-07,39300.0,39500.0,39300.0,39300.0,37955.02734375,3689,0.0,0.0
2026-01-08,39300.0,39400.0,39300.0,39300.0,37955.02734375,5455,0.0,0.0
2026-01-09,39300.0,39300.0,39000.0,39000.0,37665.30078125,10699,0.0,0.0
2026-01-13,39000.0,39000.0,38800.0,38820.0,37491.45703125,20426,0.0,0.0
2026-01-14,38820.0,39880.0,38600.0,39760.0,38399.28515625,142500,0.0,0.0
2026-01-15,39760.0,39980.0,39040.0,39980.0,38611.7578125,17247,0.0,0.0
2026-01-16,39980.0,40980.0,39500.0,40980.0,39577.53515625,60603,0.0,0.0
2026-01-19,40980.0,42200.0,40600.0,42200.0,40755.7890625,43115,0.0,0.0
2026-01-20,42200.0,43480.0,42200.0,42800.0,41335.24609375,22577,0.0,0.0
2026-01-21,42800.0,44400.0,42900.0,43800.0,42301.03125,25972,0.0,0.0
2026-01-22,43800.0,43800.0,42980.0,43000.0,41528.40234375,18440,0.0,0.0
2026-01-23,43000.0,43420.0,42400.0,43420.0,41934.03515625,14252,0.0,0.0
2026-01-26,43420.0,43980.0,42500.0,43960.0,42455.546875,19766,0.0,0.0
2026-01-27,43960.0,44660.0,43680.0,43980.0,42616.41015625,35529,146.0,0.0
2026-01-28,43980.0,44760.0,42000.0,43900.0,42538.8828125,22160,0.0,0.0
2026-01-29,43900.0,43880.0,42900.0,42900.0,41569.890625,18337,0.0,0.0
2026-01-30,42900.0,42940.0,42520.0,42900.0,41569.890625,12937,0.0,0.0
2026-02-02,42900.0,42900.0,41900.0,41920.0,40620.27734375,25822,0.0,0.0
2026-02-03,41920.0,42300.0,41020.0,42000.0,40697.796875,13270,0.0,0.0
2026-02-04,42000.0,42000.0,40600.0,41580.0,40290.8203125,41320,0.0,0.0
2026-02-05,41580.0,41200.0,40540.0,40540.0,39283.0625,13166,0.0,0.0
2026-02-06,40540.0,41700.0,40540.0,40700.0,39438.1015625,5612,0.0,0.0
2026-02-09,40700.0,41680.0,40700.0,41300.0,40019.5,8131,0.0,0.0
2026-02-10,41300.0,41400.0,41300.0,41400.0,40116.3984375,4026,0.0,0.0
2026-02-11,41400.0,41500.0,41020.0,41060.0,39786.93359375,9854,0.0,0.0
2026-02-12,41060.0,41100.0,40200.0,40200.0,38953.609375,16892,0.0,0.0
2026-02-13,40200.0,41000.0,40000.0,41000.0,39728.796875,10776,0.0,0.0
2026-02-16,41000.0,41060.0,41000.0,41000.0,39728.796875,1749,0.0,0.0
2026-02-17,41000.0,41000.0,40020.0,40020.0,38779.1875,9403,0.0,0.0
2026-02-18,40020.0,41400.0,40200.0,41400.0,40116.3984375,17683,0.0,0.0
2026-02-19,41400.0,42500.0,41000.0,42300.0,40988.48828125,17607,0.0,0.0
2026-02-20,42300.0,42300.0,42000.0,42000.0,40697.796875,10425,0.0,0.0
2026-02-23,42000.0,42280.0,41500.0,42000.0,40697.796875,13518,0.0,0.0
2026-02-24,42000.0,42000.0,41300.0,41300.0,40159.1015625,9343,146.0,0.0
2026-02-25,41300.0,41500.0,41300.0,41500.0,40353.578125,3217,0.0,0.0
2026-02-26,41500.0,41100.0,40000.0,40980.0,39847.9375,87153,0.0,0.0
2026-02-27,40980.0,42000.0,39900.0,41500.0,40353.578125,204993,0.0,0.0
2026-03-02,41500.0,40000.0,39200.0,39200.0,38117.1171875,14177,0.0,0.0
2026-03-03,39200.0,39200.0,36020.0,38580.0,37514.23828125,26187,0.0,0.0
2026-03-04,39200.0,39200.0,36020.0,38580.0,37514.23828125,26187,0.0,0.0
2026-03-05,38900.0,40200.0,38920.0,40060.0,38953.3515625,5921,0.0,0.0
2026-03-06,40060.0,38740.0,37300.0,37300.0,36269.59375,12518,0.0,0.0
2026-03-09,37300.0,40000.0,38020.0,39940.0,38836.6640625,12252,0.0,0.0
2026-03-11,40100.0,40500.0,40000.0,40000.0,38895.01171875,5227,0.0,0.0
2026-03-12,40000.0,40080.0,38320.0,39020.0,37942.078125,17704,0.0,0.0
2026-03-13,39020.0,39800.0,38000.0,38000.0,36950.26171875,8744,0.0,0.0
2026-03-16,38000.0,41000.0,39180.0,39300.0,38214.34765625,13103,0.0,0.0
2026-03-17,39300.0,39200.0,38300.0,39200.0,38117.1171875,11628,0.0,0.0
2026-03-18,39200.0,39200.0,38420.0,39200.0,38117.1171875,25734,0.0,0.0
2026-03-19,39200.0,39000.0,37000.0,37520.0,36483.51953125,37484,0.0,0.0
2026-03-20,37520.0,39040.0,34200.0,34200.0,33255.23828125,70550,0.0,0.0
2026-03-24,34200.0,37600.0,36700.0,37380.0,36347.38671875,39153,0.0,0.0
2026-03-25,37380.0,38600.0,37500.0,38240.0,37183.62890625,12730,0.0,0.0
2026-03-26,38240.0,38700.0,37640.0,38700.0,37630.921875,8238,0.0,0.0
2026-03-27,38700.0,38500.0,36600.0,36600.0,35753.3828125,20876,178.0,0.0
2026-03-30,36600.0,38500.0,36860.0,37520.0,36652.1015625,5432,0.0,0.0
2026-03-31,37520.0,37680.0,37100.0,37360.0,36495.80859375,6967,0.0,0.0
2026-04-01,37360.0,38000.0,37900.0,38000.0,37121.0,12273,0.0,0.0
2026-04-02,38000.0,38000.0,38000.0,38000.0,37121.0,0,0.0,0.0
2026-04-03,38000.0,38000.0,38000.0,38000.0,37121.0,0,0.0,0.0
2026-04-06,38000.0,38700.0,37800.0,38600.0,37707.12109375,10334,0.0,0.0
2026-04-07,38600.0,38700.0,38100.0,38100.0,37218.68359375,9639,0.0,0.0
2026-04-08,38100.0,39280.0,38200.0,38920.0,38019.72265625,13756,0.0,0.0
2026-04-09,38920.0,39100.0,38080.0,38660.0,37765.73046875,11991,0.0,0.0
2026-04-10,38920.0,39100.0,38080.0,38660.0,37765.73046875,11991,0.0,0.0
2026-04-13,38660.0,38660.0,38660.0,38660.0,37765.73046875,0,0.0,0.0
2026-04-14,38660.0,38660.0,38660.0,38660.0,37765.73046875,0,0.0,0.0
2026-04-15,40300.0,40240.0,39100.0,39920.0,38996.58984375,10948,0.0,0.0
2026-04-16,39920.0,40460.0,39900.0,40300.0,39367.796875,15268,0.0,0.0
2026-04-17,40300.0,39920.0,39820.0,39880.0,38957.51171875,5750,0.0,0.0
2026-04-20,39880.0,39920.0,39840.0,39900.0,38977.05078125,4950,0.0,0.0
2026-04-21,39900.0,39680.0,39620.0,39620.0,38703.52734375,1604,0.0,0.0
2026-04-22,39620.0,39600.0,39000.0,39480.0,38566.76171875,1871,0.0,0.0
2026-04-23,39480.0,39400.0,38580.0,38620.0,37726.65625,10131,0.0,0.0
2026-04-24,38620.0,39500.0,38440.0,38820.0,37922.03515625,4124,0.0,0.0
2026-04-27,38820.0,38700.0,38200.0,38380.0,37664.9140625,8694,178.0,0.0
2026-04-28,38380.0,38640.0,37500.0,37580.0,36879.8203125,10745,0.0,0.0
2026-04-29,37580.0,38000.0,37600.0,37620.0,36919.07421875,13161,0.0,0.0
2026-04-30,37620.0,38680.0,37960.0,37960.0,37252.7421875,1543,0.0,0.0
2026-05-04,37960.0,37980.0,37000.0,37080.0,36389.13671875,22432,0.0,0.0
2026-05-05,37080.0,37080.0,37080.0,37080.0,36389.13671875,0,0.0,0.0
2026-05-06,37460.0,37740.0,37220.0,37500.0,36801.3125,2027,0.0,0.0
2026-05-07,37500.0,37480.0,37000.0,37060.0,36369.5078125,11027,0.0,0.0
2026-05-08,37060.0,37520.0,37040.0,37400.0,36703.171875,8285,0.0,0.0
2026-05-11,37400.0,39500.0,36680.0,37020.0,36330.25,7740,0.0,0.0
2026-05-12,37020.0,37000.0,36560.0,36580.0,35898.44921875,8670,0.0,0.0
2026-05-13,36117.23046875,36020.0,36580.0,36460.0,35780.6875,9512,0.0,0.0
2026-05-14,36140.0,36800.0,35800.0,36780.0,36094.7265625,15728,0.0,0.0
2026-05-15,36780.0,36800.0,36420.0,36620.0,35937.70703125,2720,0.0,0.0
2026-05-19,36620.0,36300.0,36020.0,36200.0,35525.53125,3101,0.0,0.0
2026-05-20,36200.0,36100.0,35580.0,35600.0,34936.7109375,17553,0.0,0.0
2026-05-21,35600.0,36000.0,35040.0,35520.0,34858.203125,5909,0.0,0.0
2026-05-22,35520.0,36120.0,35460.0,35940.0,35270.375,2910,0.0,0.0
2026-05-25,35940.0,36300.0,35900.0,36140.0,35466.6484375,9870,0.0,0.0
2026-05-26,36140.0,37100.0,36300.0,36940.0,36431.17578125,26488,178.0,0.0
2026-05-27,36940.0,37000.0,36020.0,36460.0,35957.7890625,3459,0.0,0.0
2026-05-28,36460.0,36400.0,36100.0,36120.0,35622.46875,6979,0.0,0.0
2026-06-01,37520.0,38000.0,36500.0,37980.0,37456.85546875,8239,0.0,0.0
2026-06-02,37520.0,38000.0,36500.0,37980.0,37456.85546875,8239,0.0,0.0
2026-06-03,37980.0,38500.0,37500.0,38400.0,37871.06640625,11937,0.0,0.0
2026-06-04,38400.0,39000.0,38000.0,38820.0,38285.28125,12189,0.0,0.0
2026-06-05,37080.0,37580.0,37100.0,37460.0,36944.015625,5323,0.0,0.0
2026-06-08,37460.0,37460.0,37460.0,37460.0,36944.015625,0,0.0,0.0
2026-06-09,37720.0,38100.0,38000.0,38000.0,37476.578125,1799,0.0,0.0
2026-06-10,38000.0,38000.0,37500.0,37940.0,37417.40625,4476,0.0,0.0
2026-06-11,37720.0,39100.0,37400.0,39000.0,38462.8046875,15911,0.0,0.0
2026-06-16,40800.0,40960.0,39000.0,39620.0,39074.26171875,18418,0.0,0.0
2026-06-17,39620.0,40500.0,39920.0,40020.0,39468.75,8760,0.0,0.0
2026-06-18,40020.0,40020.0,40020.0,40020.0,39468.75,0,0.0,0.0
2026-06-19,40020.0,40020.0,40020.0,40020.0,39468.75,0,0.0,0.0
2026-06-22,39960.0,41400.0,39000.0,39000.0,38462.8046875,37810,0.0,0.0
2026-06-23,39000.0,39520.0,38020.0,38420.0,37890.7890625,22387,0.0,0.0
2026-06-24,38420.0,38940.0,38300.0,38400.0,38047.33984375,7464,178.0,0.0
2026-06-25,38400.0,38980.0,38340.0,38440.0,38086.9765625,7113,0.0,0.0
2026-06-26,38440.0,38600.0,38600.0,38600.0,38245.50390625,555,0.0,0.0
2026-06-29,38600.0,38600.0,38600.0,38600.0,38245.50390625,0,0.0,0.0
2026-06-30,38600.0,38820.0,37000.0,37560.0,37215.0546875,9170,0.0,0.0
2026-07-01,37560.0,38320.0,37220.0,37700.0,37353.76953125,6192,0.0,0.0
2026-07-02,37700.0,37460.0,36500.0,37460.0,37115.97265625,9219,0.0,0.0
2026-07-03,37380.0,38480.0,36960.0,37740.0,37393.40234375,4638,0.0,0.0
2026-07-06,37740.0,38520.0,36260.0,37360.0,37016.89453125,12516,0.0,0.0
2026-07-07,37360.0,37680.0,37000.0,37680.0,37333.953125,1307,0.0,0.0
2026-07-08,37680.0,37580.0,37000.0,37160.0,36818.73046875,7654,0.0,0.0
2026-07-09,37160.0,37980.0,36700.0,36920.0,36580.93359375,12721,0.0,0.0
2026-07-10,36920.0,37880.0,36700.0,37880.0,37532.1171875,16048,0.0,0.0
2026-07-14,37880.0,37680.0,37100.0,37500.0,37155.609375,2474,0.0,0.0
2026-07-15,37500.0,37720.0,37600.0,37700.0,37353.76953125,4809,0.0,0.0
2026-07-16,37700.0,37880.0,37500.0,37880.0,37532.1171875,6926,0.0,0.0
2026-07-17,37880.0,37860.0,37520.0,37520.0,37175.42578125,1517,0.0,0.0
2026-07-21,37520.0,37880.0,37520.0,37880.0,37532.1171875,5234,0.0,0.0
2026-07-22,37880.0,38460.0,37500.0,37820.0,37472.66796875,7943,0.0,0.0
2026-07-23,37820.0,37820.0,37400.0,37440.0,37096.15625,5271,0.0,0.0
2026-07-24,37440.0,37440.0,37440.0,37440.0,37096.15625,0,0.0,0.0
2026-07-27,37100.0,37600.0,37500.0,37540.0,37195.23828125,2509,0.0,0.0
2026-07-28,37540.0,37500.0,37440.0,37480.0,37312.7109375,4336,178.0,0.0
2026-07-29,376.0,37500.0,37300.0,37460.0,37292.80078125,4488,0.0,0.0
2026-07-30,37460.0,37500.0,37000.0,37500.0,37332.625,16239,0.0,0.0
2026-07-31,37500.0,39000.0,37500.0,38720.0,38547.1796875,14855,0.0,0.0
2026-08-03,38720.0,38800.0,37900.0,38800.0,38626.8203125,12803,0.0,0.0
2026-08-04,38800.0,39000.0,38400.0,38800.0,38626.8203125,21152,0.0,0.0
2026-08-05,38800.0,38800.0,38680.0,38720.0,38547.1796875,8121,0.0,0.0
2026-08-06,38720.0,39380.0,38580.0,38900.0,38726.375,13209,0.0,0.0
2026-08-07,38900.0,38900.0,38900.0,38900.0,38726.375,0,0.0,0.0
2026-08-10,38900.0,39900.0,38800.0,39000.0,38825.9296875,7930,0.0,0.0
2026-08-11,39000.0,39460.0,38700.0,39100.0,38925.48046875,3857,0.0,0.0
2026-08-12,39100.0,39440.0,39380.0,39380.0,39204.23046875,3042,0.0,0.0
2026-08-13,39380.0,39480.0,38660.0,39060.0,38885.66015625,8778,0.0,0.0
2026-08-14,39060.0,39000.0,38300.0,38320.0,38148.96484375,29500,0.0,0.0
2026-08-18,38320.0,39460.0,38300.0,38840.0,38666.640625,3321,0.0,0.0
2026-08-19,38840.0,39000.0,38660.0,38900.0,38726.375,6068,0.0,0.0
2026-08-20,38900.0,38700.0,37520.0,38620.0,38447.625,12617,0.0,0.0
2026-08-21,38620.0,39000.0,38100.0,39000.0,38825.9296875,16614,0.0,0.0
2026-08-24,39000.0,39980.0,38900.0,39900.0,39721.91015625,17387,0.0,0.0
2026-08-25,39900.0,40000.0,39000.0,39880.0,39702.0,7590,0.0,0.0
2026-08-26,39880.0,40000.0,39240.0,40000.0,40000.0,12892,178.0,0.0
2026-08-27,40000.0,40000.0,39480.0,40000.0,40000.0,8760,0.0,0.0
2026-08-28,40000.0,40000.0,38980.0,39340.0,39340.0,33087,0.0,0.0
2026-08-31,39340.0,39500.0,39360.0,39360.0,39360.0,70546,0.0,0.0
2026-09-01,39360.0,39520.0,38980.0,39320.0,39320.0,11357,0.0,0.0
2026-09-02,39320.0,39360.0,39000.0,39240.0,39240.0,6954,0.0,0.0
2026-09-03,39240.0,39080.0,38800.0,38860.0,38860.0,7322,0.0,0.0
2026-09-04,38860.0,39000.0,38840.0,38860.0,38860.0,11609,0.0,0.0
2026-09-08,39120.0,39360.0,39120.0,39360.0,39360.0,14763,0.0,0.0
2026-09-09,39360.0,39360.0,39000.0,39080.0,39080.0,5856,0.0,0.0
2026-09-10,39080.0,39340.0,38900.0,38960.0,38960.0,35022,0.0,0.0
2026-09-11,38960.0,39280.0,38600.0,38980.0,38980.0,9511,0.0,0.0
2026-09-14,38980.0,39000.0,38100.0,38380.0,38380.0,10063,0.0,0.0
