Date,Open,High,Low,Close,Adj Close,Volume,Dividends,Stock Splits
2020-01-01,4410.0,4410.0,4410.0,4410.0,2793.44189453125,0,0.0,0.0
2020-01-02,4410.0,4410.0,4410.0,4410.0,2793.44189453125,0,0.0,0.0
2020-01-03,4490.0,4490.0,4490.0,4490.0,2844.11669921875,18024,0.0,0.0
2020-01-06,4490.0,4490.0,4490.0,4490.0,2844.11669921875,0,0.0,0.0
2020-01-07,4480.0,4480.0,4460.0,4480.0,2837.781982421875,63027,0.0,0.0
2020-01-08,4475.0,4480.0,4470.0,4475.0,2834.61474609375,48427,0.0,0.0
2020-01-09,4480.0,4500.0,4480.0,4480.0,2837.781982421875,87446,0.0,0.0
2020-01-10,4515.0,4515.0,4475.0,4515.0,2859.952880859375,285957,0.0,0.0
2020-01-13,4460.0,4540.0,4460.0,4460.0,2825.114013671875,169406,0.0,0.0
2020-01-14,4415.0,4475.0,4410.0,4415.0,2796.60986328125,139082,0.0,0.0
2020-01-15,4380.0,4485.0,4380.0,4380.0,2774.439453125,148170,0.0,0.0
2020-01-16,4385.0,4400.0,4380.0,4385.0,2777.606201171875,49211,0.0,0.0
2020-01-17,4385.0,4400.0,4380.0,4385.0,2807.052978515625,49211,46.0,0.0
2020-01-20,4350.0,4360.0,4350.0,4350.0,2784.648193359375,10562,0.0,0.0
2020-01-21,4420.0,4420.0,4365.0,4420.0,2829.45751953125,88680,0.0,0.0
2020-01-22,4480.0,4480.0,4400.0,4480.0,2867.86669921875,39604,0.0,0.0
2020-01-23,4535.0,4545.0,4430.0,4535.0,2903.07568359375,391853,0.0,0.0
2020-01-24,4465.0,4510.0,4465.0,4465.0,2858.265380859375,195439,0.0,0.0
2020-01-27,4490.0,4490.0,4445.0,4490.0,2874.2685546875,219571,0.0,0.0
2020-01-28,4500.0,4500.0,4410.0,4500.0,2880.67041015625,307667,0.0,0.0
2020-01-29,4530.0,4530.0,4495.0,4530.0,2899.875,233004,0.0,0.0
2020-01-30,4530.0,4530.0,4500.0,4530.0,2899.875,113421,0.0,0.0
2020-01-31,4535.0,4535.0,4465.0,4535.0,2903.07568359375,667960,0.0,0.0
2020-02-03,4525.0,4535.0,4515.0,4525.0,2896.674072265625,60989,0.0,0.0
2020-02-04,4500.0,4535.0,4500.0,4500.0,2880.67041015625,148308,0.0,0.0
2020-02-05,4520.0,4520.0,4500.0,4520.0,2893.472900390625,97497,0.0,0.0
2020-02-06,4535.0,4535.0,4500.0,4535.0,2903.07568359375,130523,0.0,0.0
2020-02-07,4450.0,4540.0,4450.0,4450.0,2848.662841796875,113743,0.0,0.0
2020-02-10,4425.0,4450.0,4425.0,4425.0,2832.65869140625,63147,0.0,0.0
2020-02-11,4415.0,4475.0,4415.0,4415.0,2826.257568359375,152463,0.0,0.0
2020-02-12,4440.0,4460.0,4400.0,4440.0,2842.26171875,253356,0.0,0.0
2020-02-13,4460.0,4480.0,4415.0,4460.0,2855.064208984375,66618,0.0,0.0
2020-02-14,4490.0,4515.0,4460.0,4490.0,2874.2685546875,123323,0.0,0.0
2020-02-17,4475.0,4490.0,4470.0,4475.0,2864.666259765625,76499,0.0,0.0
2020-02-18,4540.0,4540.0,4460.0,4540.0,2906.276123046875,203087,0.0,0.0
2020-02-19,4535.0,4540.0,4500.0,4535.0,2903.07568359375,151099,0.0,0.0
2020-02-20,4575.0,4580.0,4465.0,4575.0,2928.681640625,1214259,0.0,0.0
2020-02-21,4700.0,4760.0,4500.0,4700.0,3008.699951171875,1459869,0.0,0.0
2020-02-24,4750.0,4750.0,4555.0,4750.0,3040.707275390625,440989,0.0,0.0
2020-02-25,4805.0,4815.0,4730.0,4805.0,3075.91552734375,785390,0.0,0.0
2020-02-26,4700.0,4850.0,4700.0,4700.0,3008.699951171875,289609,0.0,0.0
2020-02-27,4580.0,4680.0,4535.0,4580.0,2931.88232421875,502930,0.0,0.0
2020-02-28,4500.0,4605.0,4480.0,4500.0,2880.67041015625,224707,0.0,0.0
2020-03-02,4590.0,4595.0,4505.0,4590.0,2938.283935546875,139913,0.0,0.0
2020-03-03,4570.0,4735.0,4505.0,4570.0,2925.48046875,279167,0.0,0.0
2020-03-04,4650.0,4690.0,4580.0,4650.0,2976.69189453125,365326,0.0,0.0
2020-03-05,4600.0,4655.0,4560.0,4600.0,2944.68505859375,274847,0.0,0.0
2020-03-06,4565.0,4585.0,4500.0,4565.0,2922.280029296875,452799,0.0,0.0
2020-03-09,4410.0,4500.0,4250.0,4410.0,2823.05712890625,1569232,0.0,0.0
2020-03-10,4510.0,4560.0,4365.0,4510.0,2887.07177734375,933283,0.0,0.0
2020-03-11,4375.0,4450.0,4375.0,4375.0,2800.65185546875,370902,0.0,0.0
2020-03-12,4100.0,4280.0,4100.0,4100.0,2624.61083984375,512331,0.0,0.0
2020-03-13,4100.0,4280.0,4100.0,4100.0,2624.61083984375,512331,0.0,0.0
2020-03-16,3520.0,3900.0,3520.0,3520.0,2253.32470703125,611147,0.0,0.0
2020-03-17,3620.0,3780.0,3620.0,3620.0,2317.339111328125,41906,0.0,0.0
2020-03-18,3450.0,3680.0,3450.0,3450.0,2208.514404296875,196685,0.0,0.0
2020-03-19,3700.0,3700.0,3600.0,3700.0,2368.551513671875,204795,0.0,0.0
2020-03-20,3655.0,3890.0,3625.0,3655.0,2339.744873046875,756430,0.0,0.0
2020-03-23,3655.0,3655.0,3655.0,3655.0,2339.744873046875,0,0.0,0.0
2020-03-24,3905.0,3905.0,3655.0,3905.0,2499.781494140625,13193,0.0,0.0
2020-03-25,4100.0,4190.0,3905.0,4100.0,2624.61083984375,195052,0.0,0.0
2020-03-26,4100.0,4190.0,3905.0,4100.0,2624.61083984375,195052,0.0,0.0
2020-03-27,4200.0,4330.0,4200.0,4200.0,2688.625244140625,174645,0.0,0.0
2020-03-30,4000.0,4250.0,4000.0,4000.0,2560.595703125,121350,0.0,0.0
2020-03-31,4290.0,4290.0,3950.0,4290.0,2746.238525390625,172689,0.0,0.0
2020-04-01,4120.0,4270.0,3975.0,4120.0,2637.41357421875,427465,0.0,0.0
2020-04-02,4000.0,4120.0,4000.0,4000.0,2560.595703125,315196,0.0,0.0
2020-04-03,4120.0,4235.0,4000.0,4120.0,2637.41357421875,32886,0.0,0.0
2020-04-06,4165.0,4180.0,4165.0,4165.0,2666.219482421875,15648,0.0,0.0
2020-04-07,4105.0,4180.0,4105.0,4105.0,2627.811279296875,431020,0.0,0.0
2020-04-08,4180.0,4180.0,4180.0,4180.0,2675.82275390625,26466,0.0,0.0
2020-04-09,4180.0,4180.0,4180.0,4180.0,2675.82275390625,0,0.0,0.0
2020-04-10,4180.0,4180.0,4180.0,4180.0,2675.82275390625,0,0.0,0.0
2020-04-13,4180.0,4180.0,4180.0,4180.0,2675.82275390625,2983,0.0,0.0
2020-04-14,4290.0,4290.0,4175.0,4290.0,2746.238525390625,238442,0.0,0.0
2020-04-15,4290.0,4290.0,4165.0,4290.0,2746.238525390625,148860,0.0,0.0
2020-04-16,4290.0,4300.0,4290.0,4290.0,2746.238525390625,55099,0.0,0.0
2020-04-17,4300.0,4300.0,4290.0,4300.0,2784.7724609375,76530,49.5,0.0
2020-04-20,4450.0,4450.0,4450.0,4450.0,2881.91552734375,20240,0.0,0.0
2020-04-21,4170.0,4375.0,4145.0,4170.0,2700.5810546875,76808,0.0,0.0
2020-04-22,4200.0,4285.0,4170.0,4200.0,2720.009521484375,675967,0.0,0.0
2020-04-23,4260.0,4260.0,4085.0,4260.0,2758.8681640625,55725,0.0,0.0
2020-04-24,4300.0,4300.0,4155.0,4300.0,2784.7724609375,247782,0.0,0.0
2020-04-27,4170.0,4285.0,4160.0,4170.0,2700.5810546875,36617,0.0,0.0
2020-04-28,4310.0,4345.0,4175.0,4310.0,2791.24853515625,72733,0.0,0.0
2020-04-29,4290.0,4330.0,4270.0,4290.0,2778.296142578125,323406,0.0,0.0
2020-04-30,4200.0,4280.0,4200.0,4200.0,2720.009521484375,63795,0.0,0.0
2020-05-01,4200.0,4200.0,4200.0,4200.0,2720.009521484375,0,0.0,0.0
2020-05-04,4175.0,4200.0,4175.0,4175.0,2703.819580078125,96928,0.0,0.0
2020-05-05,4175.0,4320.0,4175.0,4175.0,2703.819580078125,19547,0.0,0.0
2020-05-06,4200.0,4200.0,4170.0,4200.0,2720.009521484375,332159,0.0,0.0
2020-05-07,4345.0,4345.0,4170.0,4345.0,2813.915771484375,93832,0.0,0.0
2020-05-08,4265.0,4300.0,4265.0,4265.0,2762.105712890625,82927,0.0,0.0
2020-05-11,4170.0,4265.0,4170.0,4170.0,2700.5810546875,106735,0.0,0.0
2020-05-12,4125.0,4285.0,4125.0,4125.0,2671.438232421875,46795,0.0,0.0
2020-05-13,4100.0,4170.0,4020.0,4100.0,2655.24755859375,226252,0.0,0.0
2020-05-14,4040.0,4050.0,4040.0,4040.0,2616.39111328125,52100,0.0,0.0
2020-05-15,4040.0,4040.0,4040.0,4040.0,2616.39111328125,20476,0.0,0.0
2020-05-18,4100.0,4120.0,4070.0,4100.0,2655.24755859375,82630,0.0,0.0
2020-05-19,4040.0,4110.0,4040.0,4040.0,2616.39111328125,33896,0.0,0.0
2020-05-20,4040.0,4040.0,4040.0,4040.0,2616.39111328125,44826,0.0,0.0
2020-05-21,4000.0,4040.0,4000.0,4000.0,2590.486328125,49636,0.0,0.0
2020-05-22,4130.0,4130.0,4130.0,4130.0,2674.676513671875,2500,0.0,0.0
2020-05-25,4130.0,4130.0,4130.0,4130.0,2674.676513671875,0,0.0,0.0
2020-05-26,4100.0,4140.0,4080.0,4100.0,2655.24755859375,48195,0.0,0.0
2020-05-27,4060.0,4100.0,4060.0,4060.0,2629.34326171875,39556,0.0,0.0
2020-05-28,4120.0,4145.0,4000.0,4120.0,2668.200439453125,212922,0.0,0.0
2020-05-29,4080.0,4080.0,4000.0,4080.0,2642.2958984375,274838,0.0,0.0
2020-06-01,4000.0,4080.0,4000.0,4000.0,2590.486328125,141387,0.0,0.0
2020-06-02,4050.0,4050.0,4000.0,4050.0,2622.866943359375,72184,0.0,0.0
2020-06-03,4050.0,4050.0,4000.0,4050.0,2622.866943359375,72184,0.0,0.0
2020-06-04,4250.0,4330.0,4250.0,4250.0,2752.39111328125,177514,0.0,0.0
2020-06-05,4200.0,4320.0,4200.0,4200.0,2720.009521484375,177422,0.0,0.0
2020-06-08,4220.0,4290.0,4205.0,4220.0,2732.96240234375,99008,0.0,0.0
2020-06-09,4255.0,4255.0,4180.0,4255.0,2755.6298828125,356332,0.0,0.0
2020-06-10,4305.0,4305.0,4200.0,4305.0,2788.010986328125,420881,0.0,0.0
2020-06-11,4185.0,4195.0,4185.0,4185.0,2710.296142578125,127627,0.0,0.0
2020-06-12,4195.0,4245.0,4195.0,4195.0,2716.772216796875,159947,0.0,0.0
2020-06-15,4195.0,4195.0,4195.0,4195.0,2716.772216796875,0,0.0,0.0
2020-06-16,4190.0,4215.0,4190.0,4190.0,2713.534423828125,88894,0.0,0.0
2020-06-17,4100.0,4200.0,4100.0,4100.0,2655.24755859375,1062680,0.0,0.0
2020-06-18,4155.0,4155.0,4090.0,4155.0,2690.8671875,424853,0.0,0.0
2020-06-19,4070.0,4165.0,4070.0,4070.0,2635.819580078125,2492396,0.0,0.0
2020-06-22,4070.0,4070.0,4070.0,4070.0,2635.819580078125,0,0.0,0.0
2020-06-23,4060.0,4075.0,4050.0,4060.0,2629.34326171875,805898,0.0,0.0
2020-06-24,4050.0,4050.0,4000.0,4050.0,2622.866943359375,88081,0.0,0.0
2020-06-25,4060.0,4060.0,4025.0,4060.0,2629.34326171875,30475,0.0,0.0
2020-06-26,4060.0,4060.0,4060.0,4060.0,2629.34326171875,5247,0.0,0.0
2020-06-29,4060.0,4060.0,4060.0,4060.0,2629.34326171875,0,0.0,0.0
2020-06-30,4115.0,4115.0,4060.0,4115.0,2664.96240234375,61749,0.0,0.0
2020-07-01,4075.0,4130.0,4075.0,4075.0,2639.05712890625,58675,0.0,0.0
2020-07-02,4080.0,4130.0,4075.0,4080.0,2642.2958984375,742122,0.0,0.0
2020-07-03,4115.0,4130.0,4085.0,4115.0,2664.96240234375,29123,0.0,0.0
2020-07-06,4100.0,4130.0,4090.0,4100.0,2655.24755859375,493196,0.0,0.0
2020-07-07,4110.0,4130.0,4085.0,4110.0,2661.72412109375,122895,0.0,0.0
2020-07-08,4145.0,4145.0,4085.0,4145.0,2684.390869140625,61837,0.0,0.0
2020-07-09,4165.0,4170.0,4115.0,4165.0,2697.34375,309247,0.0,0.0
2020-07-10,4200.0,4235.0,4165.0,4200.0,2720.009521484375,398449,0.0,0.0
2020-07-13,4225.0,4230.0,4200.0,4225.0,2736.200439453125,254247,0.0,0.0
2020-07-14,4180.0,4235.0,4180.0,4180.0,2707.0576171875,288991,0.0,0.0
2020-07-15,4265.0,4280.0,4200.0,4265.0,2762.105712890625,323422,0.0,0.0
2020-07-16,4235.0,4235.0,4180.0,4235.0,2806.169677734375,58966,96.5,0.0
2020-07-17,4290.0,4290.0,4225.0,4290.0,2842.613037109375,328679,0.0,0.0
2020-07-20,4290.0,4290.0,4290.0,4290.0,2842.613037109375,0,0.0,0.0
2020-07-21,4300.0,4300.0,4275.0,4300.0,2849.239501953125,276292,0.0,0.0
2020-07-22,4270.0,4300.0,4270.0,4270.0,2829.361328125,245718,0.0,0.0
2020-07-23,4385.0,4400.0,4305.0,4385.0,2905.561279296875,150674,0.0,0.0
2020-07-24,4310.0,4375.0,4305.0,4310.0,2855.865478515625,91343,0.0,0.0
2020-07-27,4325.0,4325.0,4315.0,4325.0,2865.8046875,91374,0.0,0.0
2020-07-28,4280.0,4305.0,4280.0,4280.0,2835.987060546875,539371,0.0,0.0
2020-07-29,4280.0,4280.0,4200.0,4280.0,2835.987060546875,83036,0.0,0.0
2020-07-30,4280.0,4280.0,4280.0,4280.0,2835.987060546875,33240,0.0,0.0
2020-07-31,4205.0,4230.0,4160.0,4205.0,2786.290771484375,1792938,0.0,0.0
2020-08-03,4140.0,4205.0,4140.0,4140.0,2743.220947265625,73902,0.0,0.0
2020-08-04,4205.0,4205.0,4145.0,4205.0,2786.290771484375,327067,0.0,0.0
2020-08-05,4250.0,4250.0,4105.0,4250.0,2816.108642578125,56179,0.0,0.0
2020-08-06,4295.0,4295.0,4220.0,4295.0,2845.92578125,32217,0.0,0.0
2020-08-07,4295.0,4295.0,4295.0,4295.0,2845.92578125,0,0.0,0.0
2020-08-10,4220.0,4220.0,4220.0,4220.0,2796.22998046875,10363,0.0,0.0
2020-08-11,4275.0,4345.0,4250.0,4275.0,2832.67431640625,522068,0.0,0.0
2020-08-12,4315.0,4315.0,4235.0,4315.0,2859.17822265625,172762,0.0,0.0
2020-08-13,4285.0,4305.0,4285.0,4285.0,2839.300048828125,146354,0.0,0.0
2020-08-14,4325.0,4325.0,4265.0,4325.0,2865.8046875,42529,0.0,0.0
2020-08-17,4325.0,4325.0,4325.0,4325.0,2865.8046875,0,0.0,0.0
2020-08-18,4380.0,4380.0,4335.0,4380.0,2902.248291015625,109183,0.0,0.0
2020-08-19,4375.0,4380.0,4355.0,4375.0,2898.935302734375,106924,0.0,0.0
2020-08-20,4420.0,4450.0,4370.0,4420.0,2928.753173828125,227897,0.0,0.0
2020-08-21,4440.0,4480.0,4375.0,4440.0,2942.005615234375,331890,0.0,0.0
2020-08-24,4440.0,4440.0,4440.0,4440.0,2942.005615234375,0,0.0,0.0
2020-08-25,4590.0,4680.0,4475.0,4590.0,3041.397705078125,239214,0.0,0.0
2020-08-26,4650.0,4650.0,4570.0,4650.0,3081.154052734375,226360,0.0,0.0
2020-08-27,4655.0,4700.0,4650.0,4655.0,3084.466796875,119901,0.0,0.0
2020-08-28,4630.0,4700.0,4625.0,4630.0,3067.902099609375,124245,0.0,0.0
2020-08-31,4640.0,4695.0,4550.0,4640.0,3074.52783203125,267677,0.0,0.0
2020-09-01,4670.0,4725.0,4640.0,4670.0,3094.40673828125,1186439,0.0,0.0
2020-09-02,4655.0,4715.0,4595.0,4655.0,3084.466796875,290264,0.0,0.0
2020-09-03,4640.0,4640.0,4585.0,4640.0,3074.52783203125,94952,0.0,0.0
2020-09-04,4600.0,4640.0,4535.0,4600.0,3048.0234375,144362,0.0,0.0
2020-09-07,4550.0,4550.0,4550.0,4550.0,3014.892333984375,39794,0.0,0.0
2020-09-08,4500.0,4550.0,4460.0,4500.0,2981.761962890625,134966,0.0,0.0
2020-09-09,4480.0,4560.0,4480.0,4480.0,2968.509521484375,164840,0.0,0.0
2020-09-10,4490.0,4535.0,4345.0,4490.0,2975.135986328125,63648,0.0,0.0
2020-09-11,4515.0,4515.0,4405.0,4515.0,2991.701171875,53598,0.0,0.0
2020-09-14,4510.0,4565.0,4500.0,4510.0,2988.3876953125,163795,0.0,0.0
2020-09-15,4480.0,4530.0,4480.0,4480.0,2968.509521484375,72761,0.0,0.0
2020-09-16,4530.0,4530.0,4415.0,4530.0,3001.64111328125,128265,0.0,0.0
2020-09-17,4520.0,4530.0,4500.0,4520.0,2995.014404296875,176609,0.0,0.0
2020-09-18,4545.0,4545.0,4530.0,4545.0,3011.579345703125,279693,0.0,0.0
2020-09-21,4680.0,4680.0,4545.0,4680.0,3101.032470703125,111456,0.0,0.0
2020-09-22,4520.0,4645.0,4500.0,4520.0,2995.014404296875,62816,0.0,0.0
2020-09-23,4475.0,4565.0,4475.0,4475.0,2965.196533203125,62042,0.0,0.0
2020-09-24,4500.0,4630.0,4445.0,4500.0,2981.761962890625,131374,0.0,0.0
2020-09-25,4430.0,4500.0,4430.0,4430.0,2935.37890625,14360,0.0,0.0
2020-09-28,4560.0,4580.0,4445.0,4560.0,3021.51904296875,52036,0.0,0.0
2020-09-29,4525.0,4570.0,4485.0,4525.0,2998.32763671875,35835,0.0,0.0
2020-09-30,4620.0,4620.0,4610.0,4620.0,3061.276123046875,68560,0.0,0.0
2020-10-01,4520.0,4600.0,4520.0,4520.0,2995.014404296875,49810,0.0,0.0
2020-10-02,4645.0,4645.0,4505.0,4645.0,3077.841064453125,28435,0.0,0.0
2020-10-05,4570.0,4570.0,4570.0,4570.0,3028.144775390625,6644,0.0,0.0
2020-10-06,4640.0,4645.0,4570.0,4640.0,3074.52783203125,73552,0.0,0.0
2020-10-07,4630.0,4645.0,4625.0,4630.0,3067.902099609375,93896,0.0,0.0
2020-10-08,4630.0,4645.0,4625.0,4630.0,3067.902099609375,93896,0.0,0.0
2020-10-09,4640.0,4645.0,4639.0,4640.0,3074.52783203125,150681,0.0,0.0
2020-10-12,4640.0,4640.0,4640.0,4640.0,3074.52783203125,0,0.0,0.0
2020-10-13,4600.0,4600.0,4530.0,4600.0,3048.0234375,12685,0.0,0.0
2020-10-14,4640.0,4650.0,4638.0,4640.0,3074.52783203125,712634,0.0,0.0
2020-10-15,4541.0,4565.0,4540.0,4541.0,3008.928955078125,32558,0.0,0.0
2020-10-16,4600.0,4636.0,4541.0,4600.0,3081.614990234375,63449,49.5,0.0
2020-10-19,4600.0,4631.0,4600.0,4600.0,3081.614990234375,18060,0.0,0.0
2020-10-20,4630.0,4630.0,4600.0,4630.0,3101.712890625,96636,0.0,0.0
2020-10-21,4615.0,4688.0,4555.0,4615.0,3091.663818359375,144404,0.0,0.0
2020-10-22,4610.0,4619.0,4600.0,4610.0,3088.314453125,101235,0.0,0.0
2020-10-23,4609.0,4615.0,4609.0,4609.0,3087.64453125,24412,0.0,0.0
2020-10-26,4550.0,4619.0,4550.0,4550.0,3048.119140625,61602,0.0,0.0
2020-10-27,4501.0,4595.0,4501.0,4501.0,3015.292724609375,42095,0.0,0.0
2020-10-28,4450.0,4500.0,4410.0,4450.0,2981.12744140625,25370,0.0,0.0
2020-10-29,4480.0,4480.0,4390.0,4480.0,3001.22509765625,50631,0.0,0.0
2020-10-30,4206.0,4479.0,4206.0,4206.0,2817.66845703125,1496526,0.0,0.0
2020-11-02,4206.0,4206.0,4206.0,4206.0,2817.66845703125,0,0.0,0.0
2020-11-03,4316.0,4369.0,4300.0,4316.0,2891.359375,185821,0.0,0.0
2020-11-04,4355.0,4385.0,4315.0,4355.0,2917.485595703125,127477,0.0,0.0
2020-11-05,4335.0,4377.0,4335.0,4335.0,2904.0869140625,142822,0.0,0.0
2020-11-06,4335.0,4377.0,4335.0,4335.0,2904.0869140625,142822,0.0,0.0
2020-11-09,4430.0,4480.0,4391.0,4430.0,2967.72900390625,146160,0.0,0.0
2020-11-10,4300.0,4430.0,4300.0,4300.0,2880.640380859375,41109,0.0,0.0
2020-11-11,4381.0,4434.0,4320.0,4381.0,2934.904296875,199544,0.0,0.0
2020-11-12,4315.0,4388.0,4315.0,4315.0,2890.688720703125,274373,0.0,0.0
2020-11-13,4350.0,4378.0,4330.0,4350.0,2914.13623046875,116674,0.0,0.0
2020-11-16,4350.0,4350.0,4350.0,4350.0,2914.13623046875,0,0.0,0.0
2020-11-17,4380.0,4429.0,4330.0,4380.0,2934.2333984375,108026,0.0,0.0
2020-11-18,4420.0,4450.0,4361.0,4420.0,2961.0302734375,173801,0.0,0.0
2020-11-19,4440.0,4440.0,4380.0,4440.0,2974.428955078125,47132,0.0,0.0
2020-11-20,4401.0,4443.0,4392.0,4401.0,2948.302001953125,131272,0.0,0.0
2020-11-23,4400.0,4489.0,4400.0,4400.0,2947.632080078125,108130,0.0,0.0
2020-11-24,4437.0,4500.0,4420.0,4437.0,2972.4189453125,537684,0.0,0.0
2020-11-25,4476.0,4477.0,4451.0,4476.0,2998.5458984375,67789,0.0,0.0
2020-11-26,4480.0,4480.0,4470.0,4480.0,3001.22509765625,69879,0.0,0.0
2020-11-27,4500.0,4500.0,4480.0,4500.0,3014.623046875,40834,0.0,0.0
2020-11-30,4500.0,4520.0,4480.0,4500.0,3014.623046875,491199,0.0,0.0
2020-12-01,4619.0,4629.0,4500.0,4619.0,3094.343017578125,812080,0.0,0.0
2020-12-02,4600.0,4630.0,4600.0,4600.0,3081.614990234375,298318,0.0,0.0
2020-12-03,4620.0,4637.0,4580.0,4620.0,3095.013916015625,1123413,0.0,0.0
2020-12-04,4620.0,4637.0,4580.0,4620.0,3095.013916015625,1123413,0.0,0.0
2020-12-07,4738.0,4840.0,4631.0,4738.0,3174.064453125,424115,0.0,0.0
2020-12-08,4738.0,4738.0,4738.0,4738.0,3174.064453125,0,0.0,0.0
2020-12-09,4712.0,4840.0,4712.0,4712.0,3156.64599609375,254304,0.0,0.0
2020-12-10,4610.0,4800.0,4600.0,4610.0,3088.314453125,177022,0.0,0.0
2020-12-11,4601.0,4649.0,4523.0,4601.0,3082.285400390625,204416,0.0,0.0
2020-12-14,4603.0,4750.0,4603.0,4603.0,3083.624755859375,171345,0.0,0.0
2020-12-15,4693.0,4713.0,4620.0,4693.0,3143.91748046875,80406,0.0,0.0
2020-12-16,4670.0,4691.0,4608.0,4670.0,3128.509765625,667460,0.0,0.0
2020-12-17,4705.0,4729.0,4674.0,4705.0,3151.956298828125,220582,0.0,0.0
2020-12-18,4779.0,4779.0,4615.0,4779.0,3201.53076171875,410487,0.0,0.0
2020-12-21,4750.0,4750.0,4600.0,4750.0,3182.10205078125,147618,0.0,0.0
2020-12-22,4670.0,4740.0,4670.0,4670.0,3128.509765625,99831,0.0,0.0
2020-12-23,4690.0,4775.0,4675.0,4690.0,3141.908447265625,140883,0.0,0.0
2020-12-24,4690.0,4775.0,4675.0,4690.0,3141.908447265625,140883,0.0,0.0
2020-12-25,4690.0,4690.0,4690.0,4690.0,3141.908447265625,0,0.0,0.0
2020-12-28,4830.0,4850.0,4700.0,4830.0,3235.695556640625,128565,0.0,0.0
2020-12-29,4870.0,4870.0,4800.0,4870.0,3262.49267578125,92472,0.0,0.0
2020-12-30,4738.0,4899.0,4738.0,4738.0,3174.064453125,91600,0.0,0.0
2020-12-31,4738.0,4738.0,4738.0,4738.0,3174.064453125,0,0.0,0.0
2021-01-01,4738.0,4738.0,4738.0,4738.0,3174.064453125,0,0.0,0.0
2021-01-04,4820.0,4889.0,4755.0,4820.0,3228.996826171875,51970,0.0,0.0
2021-01-05,4820.0,4820.0,4780.0,4820.0,3228.996826171875,57969,0.0,0.0
2021-01-06,4819.0,4820.0,4810.0,4819.0,3228.326416015625,156107,0.0,0.0
2021-01-07,4820.0,4825.0,4800.0,4820.0,3228.996826171875,38232,0.0,0.0
2021-01-08,4780.0,4815.0,4780.0,4780.0,3202.199951171875,36097,0.0,0.0
2021-01-11,4780.0,4780.0,4780.0,4780.0,3202.199951171875,0,0.0,0.0
2021-01-12,4773.0,4780.0,4750.0,4773.0,3197.510986328125,53679,0.0,0.0
2021-01-13,4800.0,4800.0,4725.0,4800.0,3215.598876953125,59757,0.0,0.0
2021-01-14,4780.0,4800.0,4780.0,4780.0,3202.199951171875,292419,0.0,0.0
2021-01-15,4670.0,4785.0,4670.0,4670.0,3192.97021484375,96573,96.5,0.0
2021-01-18,4698.0,4699.0,4630.0,4698.0,3212.1142578125,47580,0.0,0.0
2021-01-19,4685.0,4733.0,4646.0,4685.0,3203.2255859375,161271,0.0,0.0
2021-01-20,4753.0,4753.0,4685.0,4753.0,3249.71875,74934,0.0,0.0
2021-01-21,4814.0,4814.0,4753.0,4814.0,3291.42578125,158315,0.0,0.0
2021-01-22,4800.0,4813.0,4787.0,4800.0,3281.853759765625,333513,0.0,0.0
2021-01-25,4795.0,4810.0,4795.0,4795.0,3278.43603515625,64974,0.0,0.0
2021-01-26,4800.0,4805.0,4700.0,4800.0,3281.853759765625,168631,0.0,0.0
2021-01-27,4790.0,4790.0,4750.0,4790.0,3275.016357421875,67273,0.0,0.0
2021-01-28,4742.0,4745.0,4677.0,4742.0,3242.197998046875,163131,0.0,0.0
2021-01-29,4800.0,4800.0,4643.0,4800.0,3281.853759765625,1606658,0.0,0.0
2021-02-01,4800.0,4800.0,4800.0,4800.0,3281.853759765625,0,0.0,0.0
2021-02-02,4702.0,4749.0,4692.0,4702.0,3214.84912109375,207873,0.0,0.0
2021-02-03,4702.0,4705.0,4702.0,4702.0,3214.84912109375,46073,0.0,0.0
2021-02-04,4708.0,4737.0,4690.0,4708.0,3218.951171875,69305,0.0,0.0
2021-02-05,4807.0,4807.0,4748.0,4807.0,3286.639892578125,246287,0.0,0.0
2021-02-08,4819.0,4820.0,4770.0,4819.0,3294.843505859375,305779,0.0,0.0
2021-02-09,4770.0,4815.0,4755.0,4770.0,3261.34228515625,330295,0.0,0.0
2021-02-10,4754.0,4820.0,4754.0,4754.0,3250.40283203125,46240,0.0,0.0
2021-02-11,4740.0,4755.0,4740.0,4740.0,3240.82958984375,86796,0.0,0.0
2021-02-12,4721.0,4760.0,4721.0,4721.0,3227.839599609375,235681,0.0,0.0
2021-02-15,4738.0,4738.0,4720.0,4738.0,3239.463623046875,36584,0.0,0.0
2021-02-16,4750.0,4750.0,4715.0,4750.0,3247.6669921875,269930,0.0,0.0
2021-02-17,4735.0,4735.0,4720.0,4735.0,3237.412109375,80200,0.0,0.0
2021-02-18,4730.0,4730.0,4700.0,4730.0,3233.992431640625,547341,0.0,0.0
2021-02-19,4700.0,4720.0,4651.0,4700.0,3213.481689453125,153083,0.0,0.0
2021-02-22,4686.0,4692.0,4671.0,4686.0,3203.908935546875,40653,0.0,0.0
2021-02-23,4700.0,4700.0,4665.0,4700.0,3213.481689453125,163167,0.0,0.0
2021-02-24,4800.0,4800.0,4735.0,4800.0,3281.853759765625,148112,0.0,0.0
2021-02-25,4780.0,4820.0,4750.0,4780.0,3268.178955078125,132695,0.0,0.0
2021-02-26,4701.0,4770.0,4701.0,4701.0,3214.16552734375,40531,0.0,0.0
2021-03-01,4740.0,4740.0,4720.0,4740.0,3240.82958984375,43688,0.0,0.0
2021-03-02,4710.0,4750.0,4690.0,4710.0,3220.319091796875,355101,0.0,0.0
2021-03-03,4656.0,4730.0,4656.0,4656.0,3183.39794921875,1079831,0.0,0.0
2021-03-04,4690.0,4690.0,4650.0,4690.0,3206.64501953125,38903,0.0,0.0
2021-03-05,4622.0,4688.0,4622.0,4622.0,3160.150634765625,135260,0.0,0.0
2021-03-08,4698.0,4699.0,4600.0,4698.0,3212.1142578125,60355,0.0,0.0
2021-03-09,4719.0,4719.0,4690.0,4719.0,3226.47216796875,63634,0.0,0.0
2021-03-10,4719.0,4719.0,4617.0,4719.0,3226.47216796875,48113,0.0,0.0
2021-03-11,4799.0,4800.0,4719.0,4799.0,3281.169677734375,230127,0.0,0.0
2021-03-12,4820.0,4830.0,4800.0,4820.0,3295.52783203125,191217,0.0,0.0
2021-03-15,4830.0,4840.0,4805.0,4830.0,3302.36474609375,101876,0.0,0.0
2021-03-16,4820.0,4849.0,4722.0,4820.0,3295.52783203125,110057,0.0,0.0
2021-03-17,4811.0,4848.0,4811.0,4811.0,3289.374755859375,787074,0.0,0.0
2021-03-18,4796.0,4796.0,4720.0,4796.0,3279.118408203125,53657,0.0,0.0
2021-03-19,4780.0,4798.0,4780.0,4780.0,3268.178955078125,1385282,0.0,0.0
2021-03-22,4780.0,4780.0,4780.0,4780.0,3268.178955078125,0,0.0,0.0
2021-03-23,4782.0,4782.0,4653.0,4782.0,3269.546142578125,1563243,0.0,0.0
2021-03-24,4723.0,4796.0,4723.0,4723.0,3229.207275390625,39446,0.0,0.0
2021-03-25,4730.0,4730.0,4720.0,4730.0,3233.992431640625,62217,0.0,0.0
2021-03-26,4732.0,4740.0,4680.0,4732.0,3235.3603515625,103295,0.0,0.0
2021-03-29,4700.0,4731.0,4700.0,4700.0,3213.481689453125,36132,0.0,0.0
2021-03-30,4730.0,4730.0,4680.0,4730.0,3233.992431640625,30696,0.0,0.0
2021-03-31,4651.0,4651.0,4651.0,4651.0,3179.97900390625,20348,0.0,0.0
2021-04-01,4651.0,4651.0,4651.0,4651.0,3179.97900390625,0,0.0,0.0
2021-04-02,4651.0,4651.0,4651.0,4651.0,3179.97900390625,0,0.0,0.0
2021-04-05,4729.0,4730.0,4700.0,4729.0,3233.30908203125,1234090,0.0,0.0
2021-04-06,4714.0,4730.0,4657.0,4714.0,3223.053466796875,346553,0.0,0.0
2021-04-07,4714.0,4733.0,4714.0,4714.0,3223.053466796875,17236,0.0,0.0
2021-04-08,4673.0,4714.0,4673.0,4673.0,3195.02099609375,47494,0.0,0.0
2021-04-09,4652.0,4670.0,4652.0,4652.0,3180.66259765625,6244,0.0,0.0
2021-04-12,4697.0,4698.0,4616.0,4697.0,3211.43017578125,45490,0.0,0.0
2021-04-13,4630.0,4700.0,4630.0,4630.0,3165.62158203125,163301,0.0,0.0
2021-04-14,4630.0,4700.0,4630.0,4630.0,3165.62158203125,163301,0.0,0.0
2021-04-15,4613.0,4651.0,4613.0,4613.0,3153.998291015625,40712,0.0,0.0
2021-04-16,4600.0,4645.0,4600.0,4600.0,3180.618408203125,99821,51.5,0.0
2021-04-19,4542.0,4590.0,4540.0,4542.0,3140.51513671875,66573,0.0,0.0
2021-04-20,4525.0,4588.0,4510.0,4525.0,3128.760498046875,97074,0.0,0.0
2021-04-21,4523.0,4536.0,4500.0,4523.0,3127.377685546875,142490,0.0,0.0
2021-04-22,4500.0,4523.0,4465.0,4500.0,3111.474609375,282100,0.0,0.0
2021-04-23,4406.0,4492.0,4406.0,4406.0,3046.47900390625,100230,0.0,0.0
2021-04-26,4454.0,4454.0,4410.0,4454.0,3079.668212890625,69537,0.0,0.0
2021-04-27,4429.0,4455.0,4429.0,4429.0,3062.382568359375,394908,0.0,0.0
2021-04-28,4401.0,4437.0,4400.0,4401.0,3043.022705078125,242288,0.0,0.0
2021-04-29,4370.0,4412.0,4310.0,4370.0,3021.58740234375,128827,0.0,0.0
2021-04-30,4310.0,4410.0,4301.0,4310.0,2980.100830078125,104214,0.0,0.0
2021-05-03,4150.0,4350.0,4101.0,4150.0,2869.470703125,115716,0.0,0.0
2021-05-04,4197.0,4270.0,4180.0,4197.0,2901.96875,225263,0.0,0.0
2021-05-05,4212.0,4251.0,4212.0,4212.0,2912.33984375,62885,0.0,0.0
2021-05-06,4394.0,4394.0,4260.0,4394.0,3038.182373046875,216296,0.0,0.0
2021-05-07,4360.0,4489.0,4360.0,4360.0,3014.673095703125,80862,0.0,0.0
2021-05-10,4410.0,4446.0,4400.0,4410.0,3049.2451171875,101248,0.0,0.0
2021-05-11,4489.0,4497.0,4341.0,4489.0,3103.86865234375,28330,0.0,0.0
2021-05-12,4350.0,4538.0,4350.0,4350.0,3007.7587890625,139031,0.0,0.0
2021-05-13,4404.0,4404.0,4300.0,4404.0,3045.096435546875,127563,0.0,0.0
2021-05-14,4400.0,4435.0,4375.0,4400.0,3042.331298828125,61636,0.0,0.0
2021-05-17,4400.0,4400.0,4400.0,4400.0,3042.331298828125,0,0.0,0.0
2021-05-18,4370.0,4400.0,4370.0,4370.0,3021.58740234375,24239,0.0,0.0
2021-05-19,4450.0,4450.0,4300.0,4450.0,3076.90283203125,113519,0.0,0.0
2021-05-20,4360.0,4399.0,4300.0,4360.0,3014.673095703125,217998,0.0,0.0
2021-05-21,4363.0,4435.0,4335.0,4363.0,3016.747802734375,40724,0.0,0.0
2021-05-24,4230.0,4301.0,4230.0,4230.0,2924.785400390625,120173,0.0,0.0
2021-05-25,4180.0,4210.0,4150.0,4180.0,2890.214111328125,166494,0.0,0.0
2021-05-26,4070.0,4160.0,4030.0,4070.0,2814.156005859375,155044,0.0,0.0
2021-05-27,3765.0,4140.0,3765.0,3765.0,2603.26708984375,1594011,0.0,0.0
2021-05-28,4176.0,4176.0,3900.0,4176.0,2887.448486328125,1627126,0.0,0.0
2021-05-31,4176.0,4176.0,4176.0,4176.0,2887.448486328125,1829,0.0,0.0
2021-06-01,4245.0,4245.0,4200.0,4245.0,2935.157958984375,614321,0.0,0.0
2021-06-02,4190.0,4244.0,4190.0,4190.0,2897.12890625,20472,0.0,0.0
2021-06-03,4197.0,4238.0,4180.0,4197.0,2901.96875,73779,0.0,0.0
2021-06-04,4250.0,4250.0,4195.0,4250.0,2938.614990234375,80134,0.0,0.0
2021-06-07,4250.0,4250.0,4250.0,4250.0,2938.614990234375,0,0.0,0.0
2021-06-08,4299.0,4300.0,4288.0,4299.0,2972.49560546875,228363,0.0,0.0
2021-06-09,4300.0,4350.0,4300.0,4300.0,2973.1865234375,256615,0.0,0.0
2021-06-10,4303.0,4303.0,4300.0,4303.0,2975.26123046875,35181,0.0,0.0
2021-06-11,4302.0,4345.0,4166.0,4302.0,2974.56982421875,148607,0.0,0.0
2021-06-14,4302.0,4302.0,4302.0,4302.0,2974.56982421875,0,0.0,0.0
2021-06-15,4351.0,4388.0,4351.0,4351.0,3008.4501953125,6685,0.0,0.0
2021-06-16,4350.0,4350.0,4281.0,4350.0,3007.7587890625,310298,0.0,0.0
2021-06-17,4310.0,4350.0,4310.0,4310.0,2980.100830078125,213708,0.0,0.0
2021-06-18,4246.0,4280.0,4246.0,4246.0,2935.8486328125,63597,0.0,0.0
2021-06-21,4153.0,4270.0,4153.0,4153.0,2871.544921875,50213,0.0,0.0
2021-06-22,4080.0,4154.0,4071.0,4080.0,2821.070556640625,159368,0.0,0.0
2021-06-23,4122.0,4170.0,4110.0,4122.0,2850.1103515625,237627,0.0,0.0
2021-06-24,4210.0,4260.0,4000.0,4210.0,2910.957275390625,135963,0.0,0.0
2021-06-25,4210.0,4210.0,4180.0,4210.0,2910.957275390625,73165,0.0,0.0
2021-06-28,4200.0,4210.0,4200.0,4200.0,2904.043212890625,31785,0.0,0.0
2021-06-29,4150.0,4200.0,4150.0,4150.0,2869.470703125,134869,0.0,0.0
2021-06-30,4250.0,4250.0,4150.0,4250.0,2938.614990234375,87339,0.0,0.0
2021-07-01,4166.0,4200.0,4070.0,4166.0,2880.5341796875,292775,0.0,0.0
2021-07-02,4170.0,4200.0,4088.0,4170.0,2883.299560546875,24570,0.0,0.0
2021-07-05,4170.0,4170.0,4170.0,4170.0,2883.299560546875,0,0.0,0.0
2021-07-06,4190.0,4200.0,4150.0,4190.0,2897.12890625,33384,0.0,0.0
2021-07-07,4127.0,4200.0,4127.0,4127.0,2853.56787109375,133326,0.0,0.0
2021-07-08,4179.0,4210.0,4135.0,4179.0,2889.522216796875,307025,0.0,0.0
2021-07-09,4159.0,4181.0,4158.0,4159.0,2875.694091796875,36071,0.0,0.0
2021-07-12,4159.0,4159.0,4159.0,4159.0,2875.694091796875,0,0.0,0.0
2021-07-13,4202.0,4202.0,4202.0,4202.0,2905.42529296875,3520,0.0,0.0
2021-07-14,4200.0,4260.0,4200.0,4200.0,2904.043212890625,18409,0.0,0.0
2021-07-15,4150.0,4152.0,4150.0,4150.0,2924.833740234375,19987,79.5,0.0
2021-07-16,4149.0,4180.0,4123.0,4149.0,2924.12890625,77607,0.0,0.0
2021-07-19,4050.0,4075.0,4020.0,4050.0,2854.355712890625,68950,0.0,0.0
2021-07-20,4050.0,4050.0,4050.0,4050.0,2854.355712890625,0,0.0,0.0
2021-07-21,4076.0,4100.0,4050.0,4076.0,2872.6806640625,191916,0.0,0.0
2021-07-22,4078.0,4100.0,4040.0,4078.0,2874.08935546875,98360,0.0,0.0
2021-07-23,4079.0,4100.0,4078.0,4079.0,2874.794677734375,36883,0.0,0.0
2021-07-26,4097.0,4100.0,4078.0,4097.0,2887.48095703125,151824,0.0,0.0
2021-07-27,4075.0,4158.0,4075.0,4075.0,2871.9755859375,592100,0.0,0.0
2021-07-28,4050.0,4085.0,4050.0,4050.0,2854.355712890625,32322,0.0,0.0
2021-07-29,4085.0,4100.0,4040.0,4085.0,2879.022705078125,35702,0.0,0.0
2021-07-30,4042.0,4042.0,4035.0,4042.0,2848.717529296875,41450,0.0,0.0
2021-08-02,4110.0,4110.0,4110.0,4110.0,2896.642578125,64420,0.0,0.0
2021-08-03,4082.0,4082.0,4082.0,4082.0,2876.908935546875,6879,0.0,0.0
2021-08-04,4087.0,4100.0,4082.0,4087.0,2880.4326171875,43459,0.0,0.0
2021-08-05,4080.0,4087.0,4050.0,4080.0,2875.49951171875,148746,0.0,0.0
2021-08-06,4080.0,4080.0,4080.0,4080.0,2875.49951171875,912,0.0,0.0
2021-08-09,4060.0,4066.0,4060.0,4060.0,2861.4033203125,21800,0.0,0.0
2021-08-10,4021.0,4061.0,4007.0,4021.0,2833.9169921875,152193,0.0,0.0
2021-08-11,4085.0,4095.0,4080.0,4085.0,2879.022705078125,45582,0.0,0.0
2021-08-12,4139.0,4139.0,4035.0,4139.0,2917.0810546875,77746,0.0,0.0
2021-08-13,4100.0,4125.0,4061.0,4100.0,2889.594970703125,64599,0.0,0.0
2021-08-16,4100.0,4100.0,4100.0,4100.0,2889.594970703125,0,0.0,0.0
2021-08-17,4198.0,4200.0,4080.0,4198.0,2958.663330078125,484414,0.0,0.0
2021-08-18,4201.0,4280.0,4160.0,4201.0,2960.777587890625,374832,0.0,0.0
2021-08-19,4170.0,4205.0,4170.0,4170.0,2938.929443359375,108945,0.0,0.0
2021-08-20,4270.0,4300.0,4119.0,4270.0,3009.408203125,455399,0.0,0.0
2021-08-23,4320.0,4335.0,4300.0,4320.0,3044.646240234375,120955,0.0,0.0
2021-08-24,4297.0,4300.0,4251.0,4297.0,3028.4365234375,34060,0.0,0.0
2021-08-25,4370.0,4370.0,4240.0,4370.0,3079.88525390625,83501,0.0,0.0
2021-08-26,4290.0,4303.0,4290.0,4290.0,3023.502685546875,55373,0.0,0.0
2021-08-27,4250.0,4260.0,4248.0,4250.0,2995.31201171875,81180,0.0,0.0
2021-08-30,4300.0,4319.0,4230.0,4300.0,3030.550537109375,49007,0.0,0.0
2021-08-31,4310.0,4314.0,4290.0,4310.0,3037.598388671875,369665,0.0,0.0
2021-09-01,4250.0,4320.0,4250.0,4250.0,2995.31201171875,31477,0.0,0.0
2021-09-02,4338.0,4338.0,4256.0,4338.0,3057.332275390625,58188,0.0,0.0
2021-09-03,4334.0,4334.0,4263.0,4334.0,3054.513671875,5001,0.0,0.0
2021-09-06,4247.0,4247.0,4235.0,4247.0,2993.197998046875,21160,0.0,0.0
2021-09-07,4250.0,4252.0,4250.0,4250.0,2995.31201171875,41845,0.0,0.0
2021-09-08,4226.0,4249.0,4226.0,4226.0,2978.39697265625,41784,0.0,0.0
2021-09-09,4241.0,4250.0,4190.0,4241.0,2988.968994140625,112618,0.0,0.0
2021-09-10,4203.0,4250.0,4203.0,4203.0,2962.1875,56305,0.0,0.0
2021-09-13,4203.0,4203.0,4203.0,4203.0,2962.1875,6069,0.0,0.0
2021-09-14,4150.0,4231.0,4150.0,4150.0,2924.833740234375,270838,0.0,0.0
2021-09-15,4172.0,4230.0,4150.0,4172.0,2940.3388671875,419274,0.0,0.0
2021-09-16,4175.0,4248.0,4175.0,4175.0,2942.453369140625,429920,0.0,0.0
2021-09-17,4260.0,4260.0,4115.0,4260.0,3002.359619140625,918011,0.0,0.0
2021-09-20,4150.0,4200.0,4150.0,4150.0,2924.833740234375,259497,0.0,0.0
2021-09-21,4155.0,4170.0,4135.0,4155.0,2928.358154296875,164168,0.0,0.0
2021-09-22,4180.0,4180.0,4155.0,4180.0,2945.9775390625,70367,0.0,0.0
2021-09-23,4290.0,4290.0,4200.0,4290.0,3023.502685546875,142342,0.0,0.0
2021-09-24,4190.0,4272.0,4190.0,4190.0,2953.025390625,25946,0.0,0.0
2021-09-27,4259.0,4293.0,4221.0,4259.0,3001.65478515625,80475,0.0,0.0
2021-09-28,4240.0,4280.0,4221.0,4240.0,2988.263427734375,69529,0.0,0.0
2021-09-29,4226.0,4280.0,4226.0,4226.0,2978.39697265625,117065,0.0,0.0
2021-09-30,4229.0,4255.0,4229.0,4229.0,2980.511962890625,47741,0.0,0.0
2021-10-01,4231.0,4255.0,4151.0,4231.0,2981.921142578125,16484,0.0,0.0
2021-10-04,4257.0,4320.0,4249.0,4257.0,3000.245361328125,86123,0.0,0.0
2021-10-05,4295.0,4300.0,4265.0,4295.0,3027.0263671875,77130,0.0,0.0
2021-10-06,4270.0,4289.0,4218.0,4270.0,3009.408203125,165560,0.0,0.0
2021-10-07,4325.0,4325.0,4275.0,4325.0,3048.17041015625,157306,0.0,0.0
2021-10-08,4338.0,4350.0,4303.0,4338.0,3057.332275390625,86159,0.0,0.0
2021-10-11,4410.0,4419.0,4305.0,4410.0,3108.076416015625,274235,0.0,0.0
2021-10-12,4380.0,4380.0,4305.0,4380.0,3086.93359375,21358,0.0,0.0
2021-10-13,4370.0,4370.0,4314.0,4370.0,3079.88525390625,443175,0.0,0.0
2021-10-14,4380.0,4400.0,4360.0,4380.0,3144.132080078125,528249,79.5,0.0
2021-10-15,4300.0,4400.0,4299.0,4300.0,3086.704345703125,210537,0.0,0.0
2021-10-18,4300.0,4300.0,4300.0,4300.0,3086.704345703125,0,0.0,0.0
2021-10-19,4300.0,4320.0,4300.0,4300.0,3086.704345703125,105982,0.0,0.0
2021-10-20,4330.0,4350.0,4300.0,4330.0,3108.240234375,95246,0.0,0.0
2021-10-21,4329.0,4330.0,4282.0,4329.0,3107.5224609375,61065,0.0,0.0
2021-10-22,4312.0,4328.0,4286.0,4312.0,3095.31884765625,76798,0.0,0.0
2021-10-25,4274.0,4300.0,4271.0,4274.0,3068.040771484375,22585,0.0,0.0
2021-10-26,4290.0,4295.0,4260.0,4290.0,3079.5263671875,76135,0.0,0.0
2021-10-27,4299.0,4299.0,4294.0,4299.0,3085.9873046875,54362,0.0,0.0
2021-10-28,4289.0,4300.0,4261.0,4289.0,3078.808837890625,126176,0.0,0.0
2021-10-29,4284.0,4284.0,4266.0,4284.0,3075.219482421875,37217,0.0,0.0
2021-11-01,4284.0,4284.0,4284.0,4284.0,3075.219482421875,0,0.0,0.0
2021-11-02,4230.0,4293.0,4230.0,4230.0,3036.4560546875,188136,0.0,0.0
2021-11-03,4280.0,4280.0,4240.0,4280.0,3072.3486328125,36661,0.0,0.0
2021-11-04,4280.0,4280.0,4270.0,4280.0,3072.3486328125,43303,0.0,0.0
2021-11-05,4265.0,4270.0,4262.0,4265.0,3061.580078125,82224,0.0,0.0
2021-11-08,4300.0,4300.0,4265.0,4300.0,3086.704345703125,77964,0.0,0.0
2021-11-09,4300.0,4300.0,4265.0,4300.0,3086.704345703125,93497,0.0,0.0
2021-11-10,4255.0,4286.0,4250.0,4255.0,3054.402099609375,3096010,0.0,0.0
2021-11-11,4245.0,4298.0,4245.0,4245.0,3047.223876953125,145038,0.0,0.0
2021-11-12,4250.0,4275.0,4250.0,4250.0,3050.813232421875,29388,0.0,0.0
2021-11-15,4250.0,4250.0,4250.0,4250.0,3050.813232421875,0,0.0,0.0
2021-11-16,4240.0,4250.0,4200.0,4240.0,3043.634521484375,80042,0.0,0.0
2021-11-17,4228.0,4249.0,4000.0,4228.0,3035.020751953125,473980,0.0,0.0
2021-11-18,4259.0,4259.0,4228.0,4259.0,3057.2734375,28707,0.0,0.0
2021-11-19,4120.0,4201.0,4120.0,4120.0,2957.49365234375,41310,0.0,0.0
2021-11-22,4100.0,4150.0,4100.0,4100.0,2943.13720703125,111540,0.0,0.0
2021-11-23,4099.0,4195.0,4075.0,4099.0,2942.419677734375,9203,0.0,0.0
2021-11-24,4110.0,4115.0,4091.0,4110.0,2950.3154296875,47869,0.0,0.0
2021-11-25,4220.0,4220.0,4100.0,4220.0,3029.27783203125,141298,0.0,0.0
2021-11-26,4150.0,4180.0,4050.0,4150.0,2979.029296875,106865,0.0,0.0
2021-11-29,4145.0,4300.0,4100.0,4145.0,2975.440185546875,415187,0.0,0.0
2021-11-30,4051.0,4177.0,4051.0,4051.0,2907.962646484375,267678,0.0,0.0
2021-12-01,4330.0,4390.0,4190.0,4330.0,3108.240234375,526071,0.0,0.0
2021-12-02,4362.0,4390.0,4340.0,4362.0,3131.21044921875,221248,0.0,0.0
2021-12-03,4364.0,4400.0,4321.0,4364.0,3132.646484375,212245,0.0,0.0
2021-12-06,4315.0,4360.0,4306.0,4315.0,3097.472412109375,54463,0.0,0.0
2021-12-07,4275.0,4315.0,4272.0,4275.0,3068.75927734375,30782,0.0,0.0
2021-12-08,4275.0,4275.0,4275.0,4275.0,3068.75927734375,0,0.0,0.0
2021-12-09,4300.0,4300.0,4230.0,4300.0,3086.704345703125,51341,0.0,0.0
2021-12-10,4275.0,4300.0,4220.0,4275.0,3068.75927734375,38676,0.0,0.0
2021-12-13,4289.0,4289.0,4201.0,4289.0,3078.808837890625,42552,0.0,0.0
2021-12-14,4250.0,4250.0,4201.0,4250.0,3050.813232421875,25566,0.0,0.0
2021-12-15,4251.0,4289.0,4251.0,4251.0,3051.53076171875,17241,0.0,0.0
2021-12-16,4328.0,4337.0,4290.0,4328.0,3106.80419921875,87848,0.0,0.0
2021-12-17,4160.0,4255.0,4160.0,4160.0,2986.20751953125,188959,0.0,0.0
2021-12-20,4247.0,4247.0,4125.0,4247.0,3048.65966796875,253324,0.0,0.0
2021-12-21,4160.0,4235.0,4160.0,4160.0,2986.20751953125,31152,0.0,0.0
2021-12-22,4190.0,4297.0,4100.0,4190.0,3007.74267578125,166678,0.0,0.0
2021-12-23,4249.0,4249.0,4200.0,4249.0,3050.094970703125,9338,0.0,0.0
2021-12-24,4249.0,4249.0,4249.0,4249.0,3050.094970703125,2700,0.0,0.0
2021-12-27,4240.0,4293.0,4240.0,4240.0,3043.634521484375,29212,0.0,0.0
2021-12-28,4200.0,4212.0,4200.0,4200.0,3014.9208984375,47427,0.0,0.0
2021-12-29,4257.0,4257.0,4253.0,4257.0,3055.83837890625,13780,0.0,0.0
2021-12-30,4184.0,4250.0,4184.0,4184.0,3003.435302734375,19143,0.0,0.0
2021-12-31,4184.0,4184.0,4184.0,4184.0,3003.435302734375,0,0.0,0.0
2022-01-03,4218.0,4218.0,4202.0,4218.0,3027.842041015625,18530,0.0,0.0
2022-01-04,4257.0,4257.0,4249.0,4257.0,3055.83837890625,31766,0.0,0.0
2022-01-05,4270.0,4276.0,4270.0,4270.0,3065.169921875,18459,0.0,0.0
2022-01-06,4170.0,4182.0,4170.0,4170.0,2993.3857421875,18212,0.0,0.0
2022-01-07,4150.0,4192.0,4100.0,4150.0,2979.029296875,137055,0.0,0.0
2022-01-10,4150.0,4150.0,4150.0,4150.0,2979.029296875,0,0.0,0.0
2022-01-11,4150.0,4240.0,4150.0,4150.0,2979.029296875,20510,0.0,0.0
2022-01-12,4220.0,4318.0,4217.0,4220.0,3029.27783203125,185681,0.0,0.0
2022-01-13,4270.0,4313.0,4250.0,4270.0,3065.169921875,275099,0.0,0.0
2022-01-14,4153.0,4300.0,4153.0,4153.0,3017.576904296875,393979,51.5,0.0
2022-01-17,4153.0,4153.0,4153.0,4153.0,3017.576904296875,0,0.0,0.0
2022-01-18,4153.0,4153.0,4153.0,4153.0,3017.576904296875,0,0.0,0.0
2022-01-19,4153.0,4153.0,4153.0,4153.0,3017.576904296875,0,0.0,0.0
2022-01-20,4695.0,4727.0,4668.0,4695.0,3411.3955078125,177397,0.0,0.0
2022-01-21,4502.0,4651.0,4500.0,4502.0,3271.161376953125,593955,0.0,0.0
2022-01-24,4469.0,4499.0,4424.0,4469.0,3247.18359375,195781,0.0,0.0
2022-01-25,4439.0,4475.0,4400.0,4439.0,3225.385009765625,91462,0.0,0.0
2022-01-26,4366.0,4469.0,4366.0,4366.0,3172.34375,182258,0.0,0.0
2022-01-27,4322.0,4469.0,4322.0,4322.0,3140.372802734375,209877,0.0,0.0
2022-01-28,4360.0,4420.0,4335.0,4360.0,3167.984130859375,339164,0.0,0.0
2022-01-31,4387.0,4400.0,4365.0,4387.0,3187.602294921875,130035,0.0,0.0
2022-02-01,4305.0,4370.0,4300.0,4305.0,3128.02099609375,139683,0.0,0.0
2022-02-02,4252.0,4357.0,4240.0,4252.0,3089.510986328125,206857,0.0,0.0
2022-02-03,4290.0,4320.0,4240.0,4290.0,3117.121337890625,79576,0.0,0.0
2022-02-04,4260.0,4320.0,4260.0,4260.0,3095.32373046875,325411,0.0,0.0
2022-02-07,4320.0,4328.0,4280.0,4320.0,3138.91943359375,140303,0.0,0.0
2022-02-08,4314.0,4314.0,4267.0,4314.0,3134.559814453125,51288,0.0,0.0
2022-02-09,4277.0,4300.0,4242.0,4277.0,3107.67529296875,140291,0.0,0.0
2022-02-10,4250.0,4268.0,4220.0,4250.0,3088.057861328125,230953,0.0,0.0
2022-02-11,4272.0,4276.0,4220.0,4272.0,3104.042236328125,110636,0.0,0.0
2022-02-14,4220.0,4273.0,4220.0,4220.0,3066.259765625,115150,0.0,0.0
2022-02-15,4206.0,4275.0,4160.0,4206.0,3056.08740234375,90790,0.0,0.0
2022-02-16,4200.0,4300.0,4130.0,4200.0,3051.7275390625,140032,0.0,0.0
2022-02-17,4236.0,4236.0,4150.0,4236.0,3077.885009765625,122598,0.0,0.0
2022-02-18,4211.0,4240.0,4157.0,4211.0,3059.720458984375,146254,0.0,0.0
2022-02-21,4189.0,4207.0,4176.0,4189.0,3043.735107421875,55420,0.0,0.0
2022-02-22,4180.0,4205.0,4140.0,4180.0,3037.19580078125,197047,0.0,0.0
2022-02-23,4160.0,4210.0,4160.0,4160.0,3022.663330078125,258804,0.0,0.0
2022-02-24,4140.0,4160.0,4100.0,4140.0,3008.131103515625,380868,0.0,0.0
2022-02-25,4200.0,4210.0,4190.0,4200.0,3051.7275390625,152864,0.0,0.0
2022-02-28,4180.0,4299.0,4180.0,4180.0,3037.19580078125,190403,0.0,0.0
2022-03-01,4166.0,4255.0,4162.0,4166.0,3027.0234375,134694,0.0,0.0
2022-03-02,4152.0,4177.0,4103.0,4152.0,3016.8505859375,331223,0.0,0.0
2022-03-03,4150.0,4183.0,4150.0,4150.0,3015.3974609375,211564,0.0,0.0
2022-03-04,4160.0,4175.0,4150.0,4160.0,3022.663330078125,266092,0.0,0.0
2022-03-07,4225.0,4252.0,4175.0,4225.0,3069.892578125,249275,0.0,0.0
2022-03-08,4257.0,4270.0,4223.0,4257.0,3093.14404296875,309366,0.0,0.0
2022-03-09,4310.0,4318.0,4245.0,4310.0,3131.6533203125,213581,0.0,0.0
2022-03-10,4300.0,4300.0,4300.0,4300.0,3124.38720703125,992865662,0.0,0.0
2022-03-11,4300.0,4310.0,4260.0,4300.0,3124.38720703125,231822,0.0,0.0
2022-03-14,4260.0,4330.0,4260.0,4260.0,3095.32373046875,88112,0.0,0.0
2022-03-15,4388.0,4388.0,4329.0,4388.0,3188.328125,157093,0.0,0.0
2022-03-16,4325.0,4430.0,4289.0,4325.0,3142.552734375,1469035,0.0,0.0
2022-03-17,4310.0,4350.0,4293.0,4310.0,3131.6533203125,58271,0.0,0.0
2022-03-18,4360.0,4399.0,4320.0,4360.0,3167.984130859375,247735,0.0,0.0
2022-03-21,4360.0,4360.0,4360.0,4360.0,3167.984130859375,0,0.0,0.0
2022-03-22,4326.0,4395.0,4326.0,4326.0,3143.279296875,43742,0.0,0.0
2022-03-23,4395.0,4395.0,4358.0,4395.0,3193.414306640625,71427,0.0,0.0
2022-03-24,4378.0,4394.0,4361.0,4378.0,3181.06201171875,1126436,0.0,0.0
2022-03-25,4395.0,4395.0,4365.0,4395.0,3193.414306640625,269386,0.0,0.0
2022-03-28,4400.0,4420.0,4395.0,4400.0,3197.04833984375,841628,0.0,0.0
2022-03-29,4400.0,4469.0,4370.0,4400.0,3197.04833984375,252402,0.0,0.0
2022-03-30,4400.0,4469.0,4370.0,4400.0,3197.04833984375,252402,0.0,0.0
2022-03-31,4360.0,4420.0,4360.0,4360.0,3167.984130859375,25485,0.0,0.0
2022-04-01,4403.0,4417.0,4370.0,4403.0,3199.2275390625,118029,0.0,0.0
2022-04-04,4403.0,4403.0,4403.0,4403.0,3199.2275390625,0,0.0,0.0
2022-04-05,4400.0,4460.0,4400.0,4400.0,3197.04833984375,133040,0.0,0.0
2022-04-06,4381.0,4400.0,4381.0,4381.0,3183.2421875,204758,0.0,0.0
2022-04-07,4366.0,4417.0,4366.0,4366.0,3172.34375,111180,0.0,0.0
2022-04-08,4380.0,4383.0,4363.0,4380.0,3182.51611328125,957423,0.0,0.0
2022-04-11,4380.0,4380.0,4300.0,4380.0,3182.51611328125,26260,0.0,0.0
2022-04-12,4380.0,4380.0,4300.0,4380.0,3182.51611328125,26260,0.0,0.0
2022-04-13,4365.0,4365.0,4285.0,4365.0,3228.559326171875,58134,77.25,0.0
2022-04-14,4365.0,4365.0,4365.0,4365.0,3228.559326171875,0,0.0,0.0
2022-04-15,4365.0,4365.0,4365.0,4365.0,3228.559326171875,0,0.0,0.0
2022-04-18,4271.0,4365.0,4271.0,4271.0,3159.0322265625,72856,0.0,0.0
2022-04-19,4300.0,4300.0,4250.0,4300.0,3180.48193359375,310476,0.0,0.0
2022-04-20,4270.0,4300.0,4251.0,4270.0,3158.29296875,53558,0.0,0.0
2022-04-21,4261.0,4338.0,4250.0,4261.0,3151.6357421875,735428,0.0,0.0
2022-04-22,4270.0,4310.0,4262.0,4270.0,3158.29296875,189214,0.0,0.0
2022-04-25,4290.0,4300.0,4250.0,4290.0,3173.085205078125,424795,0.0,0.0
2022-04-26,4300.0,4300.0,4261.0,4300.0,3180.48193359375,160526,0.0,0.0
2022-04-27,4290.0,4305.0,4256.0,4290.0,3173.085205078125,170846,0.0,0.0
2022-04-28,4352.0,4352.0,4251.0,4352.0,3218.943359375,209098,0.0,0.0
2022-04-29,4352.0,4352.0,4251.0,4352.0,3218.943359375,209098,0.0,0.0
2022-05-02,4200.0,4272.0,4200.0,4200.0,3106.516845703125,137986,0.0,0.0
2022-05-03,4161.0,4220.0,4152.0,4161.0,3077.670654296875,193748,0.0,0.0
2022-05-04,4181.0,4266.0,4160.0,4181.0,3092.4638671875,85136,0.0,0.0
2022-05-05,4190.0,4250.0,4190.0,4190.0,3099.12060546875,84828,0.0,0.0
2022-05-06,4180.0,4260.0,4180.0,4180.0,3091.724609375,90264,0.0,0.0
2022-05-09,4219.0,4288.0,4161.0,4219.0,3120.571044921875,71322,0.0,0.0
2022-05-10,4200.0,4299.0,4161.0,4200.0,3106.516845703125,127080,0.0,0.0
2022-05-11,4151.0,4170.0,4151.0,4151.0,3070.2744140625,54860,0.0,0.0
2022-05-12,4168.0,4250.0,4165.0,4168.0,3082.848876953125,213116,0.0,0.0
2022-05-13,4155.0,4173.0,4155.0,4155.0,3073.233642578125,132918,0.0,0.0
2022-05-16,4209.0,4209.0,4155.0,4209.0,3113.174072265625,15902,0.0,0.0
2022-05-17,4190.0,4200.0,4157.0,4190.0,3099.12060546875,110697,0.0,0.0
2022-05-18,4170.0,4195.0,4157.0,4170.0,3084.32763671875,270920,0.0,0.0
2022-05-19,4160.0,4165.0,4160.0,4160.0,3076.93115234375,153505,0.0,0.0
2022-05-20,4190.0,4230.0,4190.0,4190.0,3099.12060546875,48040,0.0,0.0
2022-05-23,4225.0,4239.0,4190.0,4225.0,3125.008056640625,80853,0.0,0.0
2022-05-24,4218.0,4218.0,4180.0,4218.0,3119.830810546875,61551,0.0,0.0
2022-05-25,4150.0,4192.0,4150.0,4150.0,3069.53466796875,109202,0.0,0.0
2022-05-26,4170.0,4190.0,4155.0,4170.0,3084.32763671875,67362,0.0,0.0
2022-05-27,4200.0,4200.0,4160.0,4200.0,3106.516845703125,70222,0.0,0.0
2022-05-30,4200.0,4200.0,4200.0,4200.0,3106.516845703125,0,0.0,0.0
2022-05-31,4400.0,4400.0,4250.0,4400.0,3254.447021484375,415947,0.0,0.0
2022-06-01,4300.0,4380.0,4300.0,4300.0,3180.48193359375,61281,0.0,0.0
2022-06-02,4348.0,4348.0,4276.0,4348.0,3215.98486328125,48413,0.0,0.0
2022-06-03,4262.0,4350.0,4262.0,4262.0,3152.375732421875,207695,0.0,0.0
2022-06-06,4250.0,4310.0,4250.0,4250.0,3143.499755859375,109048,0.0,0.0
2022-06-07,4250.0,4290.0,4185.0,4250.0,3143.499755859375,246390,0.0,0.0
2022-06-08,4220.0,4270.0,4220.0,4220.0,3121.31005859375,180454,0.0,0.0
2022-06-09,4220.0,4250.0,4172.0,4220.0,3121.31005859375,461233,0.0,0.0
2022-06-10,4218.0,4218.0,4170.0,4218.0,3119.830810546875,128910,0.0,0.0
2022-06-13,4060.0,4190.0,4060.0,4060.0,3002.966552734375,183116,0.0,0.0
2022-06-14,4100.0,4100.0,4063.0,4100.0,3032.552734375,132513,0.0,0.0
2022-06-15,4042.0,4150.0,4041.0,4042.0,2989.653076171875,134325,0.0,0.0
2022-06-16,4023.0,4060.0,4022.0,4023.0,2975.599609375,97336,0.0,0.0
2022-06-17,4030.0,4100.0,4023.0,4030.0,2980.777099609375,154643,0.0,0.0
2022-06-20,4030.0,4030.0,4030.0,4030.0,2980.777099609375,0,0.0,0.0
2022-06-21,3830.0,4000.0,3728.0,3830.0,2832.84814453125,434813,0.0,0.0
2022-06-22,3900.0,3905.0,3890.0,3900.0,2884.623291015625,256469,0.0,0.0
2022-06-23,3720.0,3910.0,3670.0,3720.0,2751.487060546875,172170,0.0,0.0
2022-06-24,3761.0,3850.0,3761.0,3761.0,2781.81201171875,140936,0.0,0.0
2022-06-27,3761.0,3761.0,3761.0,3761.0,2781.81201171875,0,0.0,0.0
2022-06-28,3761.0,3761.0,3761.0,3761.0,2781.81201171875,0,0.0,0.0
2022-06-29,3761.0,3761.0,3761.0,3761.0,2781.81201171875,0,0.0,0.0
2022-06-30,3800.0,3970.0,3766.0,3800.0,2810.657958984375,95224,0.0,0.0
2022-07-01,3970.0,3970.0,3760.0,3970.0,2936.3984375,180108,0.0,0.0
2022-07-04,3970.0,3970.0,3970.0,3970.0,2936.3984375,0,0.0,0.0
2022-07-05,3900.0,4050.0,3850.0,3900.0,2884.623291015625,172031,0.0,0.0
2022-07-06,3900.0,4050.0,3850.0,3900.0,2884.623291015625,172031,0.0,0.0
2022-07-07,3998.0,4035.0,3940.0,3998.0,2957.1083984375,108812,0.0,0.0
2022-07-08,3935.0,4020.0,3823.0,3935.0,2910.5107421875,68699,0.0,0.0
2022-07-11,3845.0,3941.0,3845.0,3845.0,2843.942626953125,118609,0.0,0.0
2022-07-12,3881.0,3989.0,3851.0,3881.0,2870.570068359375,131178,0.0,0.0
2022-07-13,3776.0,3898.0,3772.0,3776.0,2849.627685546875,104464,77.25,0.0
2022-07-14,3700.0,3776.0,3681.0,3700.0,2792.27294921875,122554,0.0,0.0
2022-07-15,3720.0,3765.0,3720.0,3720.0,2807.36669921875,24769,0.0,0.0
2022-07-18,3730.0,3800.0,3730.0,3730.0,2814.913330078125,125255,0.0,0.0
2022-07-19,3730.0,3730.0,3730.0,3730.0,2814.913330078125,7684,0.0,0.0
2022-07-20,3730.0,3730.0,3730.0,3730.0,2814.913330078125,0,0.0,0.0
2022-07-21,3738.0,3742.0,3660.0,3738.0,2820.950439453125,89484,0.0,0.0
2022-07-22,3712.0,3738.0,3712.0,3712.0,2801.328857421875,53240,0.0,0.0
2022-07-25,3818.0,3818.0,3650.0,3818.0,2881.323974609375,126049,0.0,0.0
2022-07-26,3800.0,3800.0,3685.0,3800.0,2867.73974609375,33882,0.0,0.0
2022-07-27,3700.0,3789.0,3659.0,3700.0,2792.27294921875,107824,0.0,0.0
2022-07-28,3599.0,3719.0,3570.0,3599.0,2716.051513671875,1926749,0.0,0.0
2022-07-29,3540.0,3650.0,3531.0,3540.0,2671.526123046875,248464,0.0,0.0
2022-08-01,3480.0,3540.0,3480.0,3480.0,2626.24609375,165877,0.0,0.0
2022-08-02,3450.0,3535.0,3450.0,3450.0,2603.605712890625,153763,0.0,0.0
2022-08-03,3481.0,3534.0,3462.0,3481.0,2627.000732421875,95015,0.0,0.0
2022-08-04,3535.0,3535.0,3481.0,3535.0,2667.7529296875,61274,0.0,0.0
2022-08-05,3534.0,3544.0,3410.0,3534.0,2666.99755859375,49875,0.0,0.0
2022-08-08,3595.0,3650.0,3534.0,3595.0,2713.032958984375,904360,0.0,0.0
2022-08-09,3600.0,3619.0,3595.0,3600.0,2716.805908203125,162677,0.0,0.0
2022-08-10,3582.0,3699.0,3582.0,3582.0,2703.222412109375,609487,0.0,0.0
2022-08-11,3630.0,3649.0,3600.0,3630.0,2739.446533203125,124561,0.0,0.0
2022-08-12,3583.0,3630.0,3583.0,3583.0,2703.97705078125,198827,0.0,0.0
2022-08-15,3583.0,3583.0,3583.0,3583.0,2703.97705078125,0,0.0,0.0
2022-08-16,3583.0,3583.0,3583.0,3583.0,2703.97705078125,0,0.0,0.0
2022-08-17,3549.0,3560.0,3490.0,3549.0,2678.31787109375,611071,0.0,0.0
2022-08-18,3516.0,3550.0,3510.0,3516.0,2653.41357421875,728398,0.0,0.0
2022-08-19,3499.0,3511.0,3495.0,3499.0,2640.58447265625,167341,0.0,0.0
2022-08-22,3475.0,3599.0,3475.0,3475.0,2622.47265625,42505,0.0,0.0
2022-08-23,3450.0,3482.0,3450.0,3450.0,2603.605712890625,54779,0.0,0.0
2022-08-24,3340.0,3450.0,3340.0,3340.0,2520.5927734375,103969,0.0,0.0
2022-08-25,3400.0,3434.0,3352.0,3400.0,2565.872314453125,129869,0.0,0.0
2022-08-26,3450.0,3450.0,3450.0,3450.0,2603.605712890625,18003,0.0,0.0
2022-08-29,3365.0,3377.0,3354.0,3365.0,2539.458984375,88774,0.0,0.0
2022-08-30,3299.0,3345.0,3280.0,3299.0,2489.65087890625,128377,0.0,0.0
2022-08-31,3298.0,3337.0,3250.0,3298.0,2488.896240234375,272374,0.0,0.0
2022-09-01,3275.0,3275.0,3207.0,3275.0,2471.53857421875,30041,0.0,0.0
2022-09-02,3237.0,3275.0,3237.0,3237.0,2442.862060546875,97497,0.0,0.0
2022-09-05,3250.0,3280.0,3250.0,3250.0,2452.672119140625,104212,0.0,0.0
2022-09-06,3280.0,3280.0,3220.0,3280.0,2475.312255859375,80455,0.0,0.0
2022-09-07,3300.0,3300.0,3300.0,3300.0,2490.40576171875,58864,0.0,0.0
2022-09-08,3200.0,3360.0,3021.0,3200.0,2414.938720703125,137690,0.0,0.0
2022-09-09,3187.0,3200.0,3187.0,3187.0,2405.1279296875,35842,0.0,0.0
2022-09-12,3260.0,3297.0,3187.0,3260.0,2460.218994140625,43664,0.0,0.0
2022-09-13,3280.0,3280.0,3280.0,3280.0,2475.312255859375,51699,0.0,0.0
2022-09-14,3185.0,3270.0,3185.0,3185.0,2403.619140625,129306,0.0,0.0
2022-09-15,3187.0,3187.0,3000.0,3187.0,2405.1279296875,167333,0.0,0.0
2022-09-16,2900.0,3058.0,2900.0,2900.0,2188.538330078125,415306,0.0,0.0
2022-09-19,2940.0,3100.0,2902.0,2940.0,2218.72509765625,195680,0.0,0.0
2022-09-20,2985.0,3000.0,2800.0,2985.0,2252.68505859375,211462,0.0,0.0
2022-09-21,2973.0,3000.0,2970.0,2973.0,2243.62890625,269573,0.0,0.0
2022-09-22,2971.0,2974.0,2971.0,2971.0,2242.1201171875,367096,0.0,0.0
2022-09-23,2959.0,2960.0,2900.0,2959.0,2233.063720703125,57974,0.0,0.0
2022-09-26,2850.0,2956.0,2820.0,2850.0,2150.804443359375,76110,0.0,0.0
2022-09-27,2890.0,2927.0,2830.0,2890.0,2180.991455078125,54955,0.0,0.0
2022-09-28,2825.0,2855.0,2797.0,2825.0,2131.938232421875,209848,0.0,0.0
2022-09-29,2818.0,2820.0,2750.0,2818.0,2126.655517578125,343223,0.0,0.0
2022-09-30,2813.0,2850.0,2813.0,2813.0,2122.8818359375,87787,0.0,0.0
2022-10-03,2812.0,2828.0,2808.0,2812.0,2122.1279296875,165595,0.0,0.0
2022-10-04,2897.0,2900.0,2828.0,2897.0,2186.274169921875,208451,0.0,0.0
2022-10-05,2945.0,2945.0,2895.0,2945.0,2222.4990234375,79180,0.0,0.0
2022-10-06,2955.0,2955.0,2955.0,2955.0,2230.045166015625,18047,0.0,0.0
2022-10-07,2965.0,2965.0,2962.0,2965.0,2237.591552734375,41383,0.0,0.0
2022-10-10,2954.0,2965.0,2954.0,2954.0,2229.290283203125,24792,0.0,0.0
2022-10-11,2901.0,2958.0,2901.0,2901.0,2189.29296875,28493,0.0,0.0
2022-10-12,2980.0,2985.0,2950.0,2980.0,2248.911865234375,107967,0.0,0.0
2022-10-13,2917.0,2950.0,2917.0,2917.0,2259.9521484375,59009,77.25,0.0
2022-10-14,2902.0,2930.0,2901.0,2902.0,2248.331298828125,61774,0.0,0.0
2022-10-17,2902.0,2902.0,2902.0,2902.0,2248.331298828125,0,0.0,0.0
2022-10-18,2900.0,2904.0,2860.0,2900.0,2246.78125,160783,0.0,0.0
2022-10-19,2852.0,2900.0,2850.0,2852.0,2209.59326171875,137140,0.0,0.0
2022-10-20,2852.0,2900.0,2850.0,2852.0,2209.59326171875,137140,0.0,0.0
2022-10-21,2787.0,2900.0,2760.0,2787.0,2159.234130859375,314620,0.0,0.0
2022-10-24,2711.0,2800.0,2690.0,2711.0,2100.353271484375,72055,0.0,0.0
2022-10-25,2720.0,2749.0,2715.0,2720.0,2107.325927734375,75808,0.0,0.0
2022-10-26,2702.0,2800.0,2702.0,2702.0,2093.38037109375,135879,0.0,0.0
2022-10-27,2750.0,2750.0,2706.0,2750.0,2130.568359375,86563,0.0,0.0
2022-10-28,2750.0,2819.0,2700.0,2750.0,2130.568359375,146481,0.0,0.0
2022-10-31,2775.0,2800.0,2760.0,2775.0,2149.93701171875,234979,0.0,0.0
2022-11-01,2868.0,2899.0,2842.0,2868.0,2221.989501953125,303928,0.0,0.0
2022-11-02,2877.0,2899.0,2877.0,2877.0,2228.961669921875,119112,0.0,0.0
2022-11-03,2900.0,2935.0,2877.0,2900.0,2246.78125,84393,0.0,0.0
2022-11-04,2900.0,2989.0,2900.0,2900.0,2246.78125,60489,0.0,0.0
2022-11-07,2900.0,2900.0,2900.0,2900.0,2246.78125,0,0.0,0.0
2022-11-08,2850.0,2944.0,2850.0,2850.0,2208.04345703125,96623,0.0,0.0
2022-11-09,2834.0,2860.0,2834.0,2834.0,2195.6474609375,145186,0.0,0.0
2022-11-10,2949.0,2995.0,2851.0,2949.0,2284.743896484375,52208,0.0,0.0
2022-11-11,2880.0,2994.0,2880.0,2880.0,2231.2861328125,50946,0.0,0.0
2022-11-14,2880.0,2880.0,2880.0,2880.0,2231.2861328125,0,0.0,0.0
2022-11-15,3100.0,3100.0,2850.0,3100.0,2401.731689453125,164112,0.0,0.0
2022-11-16,3050.0,3190.0,3050.0,3050.0,2362.994384765625,154654,0.0,0.0
2022-11-17,3049.0,3100.0,3017.0,3049.0,2362.21923828125,69732,0.0,0.0
2022-11-18,3050.0,3065.0,3050.0,3050.0,2362.994384765625,76552,0.0,0.0
2022-11-21,3035.0,3050.0,2990.0,3035.0,2351.37255859375,105861,0.0,0.0
2022-11-22,3035.0,3050.0,2990.0,3035.0,2351.37255859375,105861,0.0,0.0
2022-11-23,3050.0,3050.0,3050.0,3050.0,2362.994384765625,386058539,0.0,0.0
2022-11-24,3050.0,3050.0,3050.0,3050.0,2362.994384765625,0,0.0,0.0
2022-11-25,3050.0,3050.0,3050.0,3050.0,2362.994384765625,0,0.0,0.0
2022-11-28,3043.0,3077.0,3042.0,3077.0,2383.912353515625,103524,0.0,0.0
2022-11-29,2921.0,3059.0,2905.0,3059.0,2369.966796875,41033,0.0,0.0
2022-11-30,3084.0,3084.0,2925.0,2925.0,2266.150146484375,120509,0.0,0.0
2022-12-01,2960.0,2960.0,2910.0,2910.0,2254.52880859375,757787,0.0,0.0
2022-12-02,2925.0,3000.0,2920.0,2970.0,2301.01416015625,541599,0.0,0.0
2022-12-05,2920.0,2920.0,2920.0,2920.0,2262.276611328125,17288,0.0,0.0
2022-12-06,2853.0,2853.0,2853.0,2853.0,2210.368408203125,7229,0.0,0.0
2022-12-07,2850.0,2870.0,2801.0,2801.0,2170.080810546875,66550,0.0,0.0
2022-12-08,2801.0,2801.0,2801.0,2801.0,2170.080810546875,0,0.0,0.0
2022-12-09,2984.0,2984.0,2810.0,2810.0,2177.05322265625,44940,0.0,0.0
2022-12-12,2840.0,2840.0,2802.0,2802.0,2170.855712890625,56087,0.0,0.0
2022-12-13,2850.0,2850.0,2808.0,2808.0,2175.50390625,57374,0.0,0.0
2022-12-14,2800.0,2856.0,2740.0,2740.0,2122.82080078125,109251,0.0,0.0
2022-12-15,2740.0,2820.0,2691.0,2691.0,2084.858154296875,135211,0.0,0.0
2022-12-16,2725.0,2725.0,2600.0,2600.0,2014.3553466796875,119223,0.0,0.0
2022-12-19,2570.0,2600.0,2532.0,2540.0,1967.8701171875,208841,0.0,0.0
2022-12-20,2611.0,2620.0,2542.0,2550.0,1975.6177978515625,123193,0.0,0.0
2022-12-21,2620.0,2650.0,2601.0,2648.0,2051.543701171875,112741,0.0,0.0
2022-12-22,2635.0,2640.0,2632.0,2636.0,2042.24658203125,125066,0.0,0.0
2022-12-23,2660.0,2670.0,2656.0,2670.0,2068.588134765625,28569,0.0,0.0
2022-12-26,2650.0,2670.0,2640.0,2670.0,2068.588134765625,32582,0.0,0.0
2022-12-27,2700.0,2769.0,2700.0,2769.0,2145.288330078125,51275,0.0,0.0
2022-12-28,2797.0,2797.0,2701.0,2730.0,2115.073486328125,34078,0.0,0.0
2022-12-29,2789.0,2790.0,2779.0,2780.0,2153.811279296875,100665,0.0,0.0
2022-12-30,2780.0,2780.0,2780.0,2780.0,2153.811279296875,0,0.0,0.0
2023-01-02,2801.0,2801.0,2780.0,2780.0,2153.811279296875,29951,0.0,0.0
2023-01-03,2782.0,2799.0,2782.0,2799.0,2168.53125,28911,0.0,0.0
2023-01-04,2798.0,2798.0,2790.0,2790.0,2161.55859375,54510,0.0,0.0
2023-01-05,2799.0,2800.0,2781.0,2781.0,2154.58544921875,48694,0.0,0.0
2023-01-06,2860.0,2860.0,2802.0,2849.0,2207.26904296875,49165,0.0,0.0
2023-01-09,2849.0,2849.0,2849.0,2849.0,2207.26904296875,0,0.0,0.0
2023-01-10,2849.0,2919.0,2849.0,2900.0,2246.78125,74236,0.0,0.0
2023-01-11,2930.0,2970.0,2900.0,2963.0,2295.590576171875,188824,0.0,0.0
2023-01-12,2989.0,2990.0,2970.0,2988.0,2314.959228515625,68923,0.0,0.0
2023-01-13,2815.0,2904.0,2815.0,2904.0,2309.5908203125,20742,77.25,0.0
2023-01-16,2882.0,2882.0,2882.0,2882.0,2292.09375,20655,0.0,0.0
2023-01-17,2880.0,2890.0,2880.0,2890.0,2298.45654296875,12849,0.0,0.0
2023-01-18,2942.0,2995.0,2891.0,2900.0,2306.409912109375,75943,0.0,0.0
2023-01-19,2900.0,2905.0,2900.0,2900.0,2306.409912109375,200745,0.0,0.0
2023-01-20,2901.0,2930.0,2901.0,2902.0,2308.0009765625,81818,0.0,0.0
2023-01-23,2850.0,2855.0,2847.0,2847.0,2264.258056640625,31843,0.0,0.0
2023-01-24,2842.0,2842.0,2760.0,2768.0,2201.42822265625,112065,0.0,0.0
2023-01-25,2800.0,2800.0,2700.0,2700.0,2147.34716796875,129197,0.0,0.0
2023-01-26,2680.0,2690.0,2615.0,2615.0,2079.745361328125,111128,0.0,0.0
2023-01-27,2615.0,2667.0,2602.0,2650.0,2107.581298828125,183604,0.0,0.0
2023-01-30,2613.0,2630.0,2612.0,2612.0,2077.359375,173551,0.0,0.0
2023-01-31,2612.0,2612.0,2600.0,2600.0,2067.8154296875,51716,0.0,0.0
2023-02-01,2600.0,2600.0,2533.0,2535.0,2016.1204833984375,58870,0.0,0.0
2023-02-02,2501.0,2549.0,2400.0,2518.0,2002.5997314453125,264941,0.0,0.0
2023-02-03,2515.0,2530.0,2502.0,2502.0,1989.8748779296875,113719,0.0,0.0
2023-02-06,2533.0,2533.0,2470.0,2470.0,1964.424560546875,102046,0.0,0.0
2023-02-07,2480.0,2523.0,2480.0,2494.0,1983.51220703125,85978,0.0,0.0
2023-02-08,2496.0,2499.0,2444.0,2444.0,1943.7464599609375,89033,0.0,0.0
2023-02-09,2450.0,2450.0,2380.0,2380.0,1892.8466796875,72617,0.0,0.0
2023-02-10,2400.0,2400.0,2350.0,2350.0,1868.9874267578125,58703,0.0,0.0
2023-02-13,2355.0,2355.0,2152.0,2277.0,1810.928955078125,117376,0.0,0.0
2023-02-14,2280.0,2290.0,2053.0,2140.0,1701.9713134765625,615451,0.0,0.0
2023-02-15,2160.0,2160.0,2055.0,2090.0,1662.20556640625,300065,0.0,0.0
2023-02-16,2160.0,2280.0,2127.0,2145.0,1705.94775390625,947299,0.0,0.0
2023-02-17,2150.0,2168.0,2120.0,2168.0,1724.2401123046875,166842,0.0,0.0
2023-02-20,2240.0,2240.0,2200.0,2235.0,1777.5262451171875,76780,0.0,0.0
2023-02-21,2220.0,2220.0,2119.0,2119.0,1685.2696533203125,428165,0.0,0.0
2023-02-22,2170.0,2178.0,2161.0,2173.0,1728.2166748046875,168884,0.0,0.0
2023-02-23,2199.0,2244.0,2181.0,2233.0,1775.9359130859375,403649,0.0,0.0
2023-02-24,2201.0,2237.0,2201.0,2237.0,1779.11669921875,61301,0.0,0.0
2023-02-27,2230.0,2550.0,2230.0,2415.0,1920.6829833984375,777792,0.0,0.0
2023-02-28,2243.0,2500.0,2243.0,2422.0,1926.249755859375,244584,0.0,0.0
2023-03-01,2301.0,2560.0,2301.0,2550.0,2028.0498046875,112978,0.0,0.0
2023-03-02,2500.0,2550.0,2500.0,2510.0,1996.2371826171875,36034,0.0,0.0
2023-03-03,2599.0,2721.0,2599.0,2629.0,2090.8798828125,614219,0.0,0.0
2023-03-06,2630.0,2695.0,2630.0,2688.0,2137.803466796875,137316,0.0,0.0
2023-03-07,2692.0,2712.0,2675.0,2680.0,2131.440673828125,189079,0.0,0.0
2023-03-08,2661.0,2661.0,2600.0,2600.0,2067.8154296875,186258,0.0,0.0
2023-03-09,2600.0,2600.0,2500.0,2500.0,1988.2838134765625,122545,0.0,0.0
2023-03-10,2500.0,2500.0,2450.0,2450.0,1948.5181884765625,98067,0.0,0.0
2023-03-13,2410.0,2490.0,2400.0,2420.0,1924.6590576171875,111130,0.0,0.0
2023-03-14,2480.0,2555.0,2480.0,2555.0,2032.02685546875,82310,0.0,0.0
2023-03-15,2555.0,2700.0,2540.0,2700.0,2147.34716796875,835907,0.0,0.0
2023-03-16,2700.0,2910.0,2700.0,2870.0,2282.55078125,2808407,0.0,0.0
2023-03-17,2800.0,2848.0,2770.0,2848.0,2265.053466796875,678465,0.0,0.0
2023-03-20,2848.0,2848.0,2848.0,2848.0,2265.053466796875,0,0.0,0.0
2023-03-21,2770.0,2820.0,2751.0,2800.0,2226.87841796875,69033,0.0,0.0
2023-03-22,2736.0,2736.0,2730.0,2730.0,2171.20654296875,56824,0.0,0.0
2023-03-23,2718.0,2790.0,2700.0,2790.0,2218.925537109375,40386,0.0,0.0
2023-03-24,2850.0,2850.0,2710.0,2750.0,2187.11279296875,2136811,0.0,0.0
2023-03-27,2750.0,2840.0,2700.0,2800.0,2226.87841796875,246634,0.0,0.0
2023-03-28,2840.0,2840.0,2813.0,2813.0,2237.2177734375,442091,0.0,0.0
2023-03-29,2800.0,2850.0,2751.0,2850.0,2266.643798828125,142922,0.0,0.0
2023-03-30,2840.0,2865.0,2811.0,2859.0,2273.8017578125,140681,0.0,0.0
2023-03-31,2801.0,2900.0,2752.0,2900.0,2306.409912109375,162355,0.0,0.0
2023-04-03,2970.0,2970.0,2905.0,2950.0,2346.175048828125,131574,0.0,0.0
2023-04-04,2980.0,2993.0,2920.0,2920.0,2322.316162109375,48162,0.0,0.0
2023-04-05,3000.0,3050.0,2999.0,3050.0,2425.706787109375,172385,0.0,0.0
2023-04-06,3050.0,3050.0,3050.0,3050.0,2425.706787109375,0,0.0,0.0
2023-04-07,3050.0,3050.0,3050.0,3050.0,2425.706787109375,0,0.0,0.0
2023-04-10,3080.0,3099.0,3070.0,3095.0,2461.495849609375,169997,0.0,0.0
2023-04-11,3100.0,3119.0,3070.0,3117.0,2478.99267578125,857380,0.0,0.0
2023-04-12,3055.0,3090.0,3031.0,3090.0,2457.519287109375,76726,0.0,0.0
2023-04-13,3057.0,3089.0,3057.0,3088.0,2455.928466796875,124938,0.0,0.0
2023-04-14,3050.0,3077.0,3001.0,3077.0,2504.562744140625,0,70.75,0.0
2023-04-17,2802.0,3075.0,2802.0,2971.0,2418.28271484375,171116,0.0,0.0
2023-04-18,3001.0,3040.0,2970.0,2970.0,2417.468505859375,80796,0.0,0.0
2023-04-19,2950.0,3048.0,2950.0,3044.0,2477.702392578125,236076,0.0,0.0
2023-04-20,3018.080078125,3018.080078125,3018.080078125,3018.080078125,2456.6044921875,6339,0.0,0.0
2023-04-21,2902.0,3000.0,2902.0,2990.0,2433.748291015625,330218,0.0,0.0
2023-04-24,2993.0,2999.0,2960.0,2960.0,2409.329345703125,80564,0.0,0.0
2023-04-25,2951.0,2951.0,2950.0,2950.0,2401.18994140625,58330,0.0,0.0
2023-04-26,2980.0,3019.0,2970.0,2970.0,2417.468505859375,94307,0.0,0.0
2023-04-27,2807.0,2820.0,2805.0,2820.0,2295.37451171875,33622,0.0,0.0
2023-04-28,2825.0,2920.0,2825.0,2920.0,2376.77099609375,144976,0.0,0.0
2023-05-01,2920.0,2920.0,2920.0,2920.0,2376.77099609375,0,0.0,0.0
2023-05-02,2950.0,2950.0,2833.0,2900.0,2360.49169921875,121538,0.0,0.0
2023-05-03,2890.0,2905.0,2880.0,2899.0,2359.677978515625,130867,0.0,0.0
2023-05-04,2821.0,2870.0,2810.0,2870.0,2336.072998046875,107467,0.0,0.0
2023-05-05,2872.0,2872.0,2805.0,2805.0,2283.165283203125,39376,0.0,0.0
2023-05-08,2806.0,2808.0,2806.0,2808.0,2285.60693359375,41297,0.0,0.0
2023-05-09,2808.0,2825.0,2700.0,2700.0,2197.69921875,54521,0.0,0.0
2023-05-10,2743.39990234375,2743.39990234375,2743.39990234375,2743.39990234375,2233.02490234375,2261,0.0,0.0
2023-05-11,2722.0,2722.0,2666.0,2666.0,2170.024169921875,52085,0.0,0.0
2023-05-12,2675.0,2700.0,2667.0,2700.0,2197.69921875,124461,0.0,0.0
2023-05-15,2754.800048828125,2754.800048828125,2754.800048828125,2754.800048828125,2242.3037109375,3841,0.0,0.0
2023-05-16,2675.929931640625,2675.929931640625,2675.929931640625,2675.929931640625,2178.106689453125,4153,0.0,0.0
2023-05-17,2611.0,2695.0,2611.0,2695.0,2193.629150390625,25814,0.0,0.0
2023-05-18,2696.0,2700.0,2696.0,2700.0,2197.69921875,42389,0.0,0.0
2023-05-19,2700.0,2700.0,2700.0,2700.0,2197.69921875,26867,0.0,0.0
2023-05-22,2700.0,2700.0,2700.0,2700.0,2197.69921875,0,0.0,0.0
2023-05-23,2728.0,2728.0,2728.0,2728.0,2220.490234375,14736,0.0,0.0
2023-05-24,2690.0,2690.0,2587.0,2587.0,2105.721435546875,27691,0.0,0.0
2023-05-25,2600.0,2600.0,2600.0,2600.0,2116.302978515625,11846,0.0,0.0
2023-05-26,2600.0,2600.0,2599.0,2599.0,2115.48876953125,32704,0.0,0.0
2023-05-29,2607.489990234375,2607.489990234375,2607.489990234375,2607.489990234375,2122.399658203125,4837,0.0,0.0
2023-05-30,2603.0,2603.0,2601.0,2601.0,2117.116943359375,33679,0.0,0.0
2023-05-31,2610.0,2700.0,2515.0,2700.0,2197.69921875,382727,0.0,0.0
2023-06-01,2690.0,2780.0,2690.0,2690.0,2189.5595703125,113625,0.0,0.0
2023-06-02,2670.0,2847.0,2660.0,2840.0,2311.65380859375,469191,0.0,0.0
2023-06-05,2800.0,2865.0,2800.0,2800.0,2279.095703125,69281,0.0,0.0
2023-06-06,2824.0,2920.0,2805.0,2840.0,2311.65380859375,419961,0.0,0.0
2023-06-07,2880.0,2880.0,2780.0,2780.0,2262.816162109375,414824,0.0,0.0
2023-06-08,2729.0,2779.0,2601.0,2775.0,2258.74609375,47867,0.0,0.0
2023-06-13,2740.0,2881.0,2722.0,2881.0,2345.02587890625,102227,0.0,0.0
2023-06-14,2799.0,2800.0,2799.0,2800.0,2279.095703125,50415,0.0,0.0
2023-06-15,2750.0,2869.0,2750.0,2860.0,2327.933349609375,48336,0.0,0.0
2023-06-16,2780.0,2780.0,2740.0,2740.0,2230.258056640625,39761,0.0,0.0
2023-06-19,2740.0,2740.0,2740.0,2740.0,2230.258056640625,0,0.0,0.0
2023-06-20,2740.0,2762.0,2740.0,2747.0,2235.954833984375,151399,0.0,0.0
2023-06-21,2750.0,2750.0,2735.0,2735.0,2226.188232421875,28878,0.0,0.0
2023-06-22,2712.0,2740.0,2710.0,2740.0,2230.258056640625,33565,0.0,0.0
2023-06-23,2685.0,2685.0,2685.0,2685.0,2185.489501953125,6942,0.0,0.0
2023-06-26,2692.7900390625,2692.7900390625,2692.7900390625,2692.7900390625,2191.830078125,7898,0.0,0.0
2023-06-27,2660.0,2685.0,2660.0,2680.0,2181.41943359375,86549,0.0,0.0
2023-06-28,2680.0,2700.0,2680.0,2700.0,2197.69921875,28577,0.0,0.0
2023-06-29,2680.0,2680.0,2680.0,2680.0,2181.41943359375,9595,0.0,0.0
2023-06-30,2680.0,2680.0,2620.0,2680.0,2181.41943359375,61963,0.0,0.0
2023-07-03,2680.0,2680.0,2680.0,2680.0,2181.41943359375,0,0.0,0.0
2023-07-04,2660.0,2660.0,2660.0,2660.0,2165.140869140625,28642,0.0,0.0
2023-07-05,2700.0,2700.0,2660.0,2687.0,2187.117431640625,65022,0.0,0.0
2023-07-06,2650.0,2690.0,2650.0,2690.0,2189.5595703125,31055,0.0,0.0
2023-07-07,2690.0,2690.0,2679.0,2680.0,2181.41943359375,71193,0.0,0.0
2023-07-10,2701.0,2701.0,2680.0,2700.0,2197.69921875,48618,0.0,0.0
2023-07-11,2700.0,2730.0,2690.0,2728.0,2220.490234375,244429,0.0,0.0
2023-07-12,2744.0,2758.0,2744.0,2758.0,2244.908935546875,162697,0.0,0.0
2023-07-13,2718.0,2744.0,2718.0,2740.0,2288.976318359375,172335,70.75,0.0
2023-07-14,2730.0,2737.0,2720.0,2720.0,2272.267578125,32893,0.0,0.0
2023-07-17,2701.0,2710.0,2632.0,2680.0,2238.851806640625,62755,0.0,0.0
2023-07-18,2680.0,2700.0,2651.0,2652.0,2215.46142578125,51881,0.0,0.0
2023-07-19,2670.0,2719.0,2670.0,2680.0,2238.851806640625,195784,0.0,0.0
2023-07-20,2680.0,2680.0,2680.0,2680.0,2238.851806640625,0,0.0,0.0
2023-07-21,2716.0,2716.0,2680.0,2700.0,2255.560302734375,104471,0.0,0.0
2023-07-24,2650.0,2700.0,2650.0,2680.0,2238.851806640625,54919,0.0,0.0
2023-07-25,2660.0,2698.0,2650.0,2650.0,2213.790283203125,31492,0.0,0.0
2023-07-26,2650.0,2650.0,2615.0,2620.0,2188.728759765625,107190,0.0,0.0
2023-07-27,2650.0,2650.0,2650.0,2650.0,2213.790283203125,80395,0.0,0.0
2023-07-28,2650.0,2650.0,2650.0,2650.0,2213.790283203125,4348,0.0,0.0
2023-07-31,2650.0,2650.0,2650.0,2650.0,2213.790283203125,0,0.0,0.0
2023-08-01,2640.0,2640.0,2640.0,2640.0,2205.436767578125,26653,0.0,0.0
2023-08-02,2620.0,2620.0,2560.0,2592.22998046875,2165.530029296875,128756,0.0,0.0
2023-08-03,2581.0,2610.0,2580.0,2600.0,2172.02099609375,112597,0.0,0.0
2023-08-04,2600.0,2600.0,2600.0,2600.0,2172.02099609375,0,0.0,0.0
2023-08-07,2600.0,2600.0,2600.0,2600.0,2172.02099609375,0,0.0,0.0
2023-08-08,2612.0,2612.0,2560.0,2560.0,2138.605224609375,51675,0.0,0.0
2023-08-09,2585.0,2600.0,2575.0,2585.0,2159.48974609375,249361,0.0,0.0
2023-08-10,2560.0,2562.0,2510.0,2510.0,2096.835693359375,91090,0.0,0.0
2023-08-11,2514.0,2600.0,2514.0,2585.0,2159.48974609375,320070719,0.0,0.0
2023-08-14,2516.0,2552.0,2516.0,2550.0,2130.2509765625,27505,0.0,0.0
2023-08-15,2552.0,2552.0,2549.0,2549.0,2129.41552734375,44609,0.0,0.0
2023-08-16,2550.0,2600.0,2550.0,2600.0,2172.02099609375,47109,0.0,0.0
2023-08-17,2560.0,2600.0,2550.0,2550.0,2130.2509765625,37970,0.0,0.0
2023-08-18,2540.0,2540.0,2510.0,2510.0,2096.835693359375,60734,0.0,0.0
2023-08-21,2510.0,2510.0,2510.0,2510.0,2096.835693359375,0,0.0,0.0
2023-08-22,2512.0,2580.0,2512.0,2580.0,2155.313232421875,55249,0.0,0.0
2023-08-23,2540.0,2550.0,2450.0,2503.0,2090.98779296875,78981,0.0,0.0
2023-08-24,2550.0,2550.0,2500.0,2500.0,2088.4814453125,36277,0.0,0.0
2023-08-25,2502.0,2550.0,2502.0,2550.0,2130.2509765625,54457,0.0,0.0
2023-08-28,2520.0,2522.0,2520.0,2520.0,2105.189453125,21640,0.0,0.0
2023-08-29,2502.0,2502.0,2465.0,2485.0,2075.950927734375,511259,0.0,0.0
2023-08-30,2480.0,2549.0,2480.0,2482.0,2073.444091796875,151276,0.0,0.0
2023-08-31,2452.0,2500.0,2450.0,2450.0,2046.7119140625,460100,0.0,0.0
2023-09-01,2455.0,2455.0,2250.0,2450.0,2046.7119140625,127853,0.0,0.0
2023-09-04,2450.0,2450.0,2332.0,2332.0,1948.1356201171875,127321,0.0,0.0
2023-09-05,2360.0,2445.0,2360.0,2370.0,1979.8802490234375,104813,0.0,0.0
2023-09-06,2300.0,2385.0,2290.0,2316.0,1934.769287109375,149773,0.0,0.0
2023-09-07,2313.0,2328.0,2240.0,2240.0,1871.2791748046875,199065,0.0,0.0
2023-09-08,2250.0,2260.0,2228.0,2230.0,1862.9254150390625,105333,0.0,0.0
2023-09-11,2250.0,2250.0,2232.0,2250.0,1879.63330078125,92974,0.0,0.0
2023-09-12,2300.0,2332.0,2300.0,2330.0,1946.4649658203125,104052,0.0,0.0
2023-09-13,2290.0,2290.0,2290.0,2290.0,1913.0491943359375,45852,0.0,0.0
2023-09-14,2290.0,2290.0,2200.0,2200.0,1837.8638916015625,76742,0.0,0.0
2023-09-15,2220.0,2238.0,2210.0,2210.0,1846.2177734375,783828,0.0,0.0
2023-09-18,2370.0,2370.0,2307.0,2307.0,1927.2508544921875,83830,0.0,0.0
2023-09-19,2335.0,2370.0,2255.0,2370.0,1979.8802490234375,242941,0.0,0.0
2023-09-20,2369.0,2399.0,2355.0,2355.0,1967.349853515625,117554,0.0,0.0
2023-09-21,2273.0,2349.0,2273.0,2300.0,1921.40283203125,95798,0.0,0.0
2023-09-22,2324.43994140625,2324.43994140625,2324.43994140625,2324.43994140625,1941.81982421875,14234,0.0,0.0
2023-09-25,2310.0,2310.0,2300.0,2300.0,1921.40283203125,99599,0.0,0.0
2023-09-26,2313.0,2480.0,2313.0,2480.0,2071.77392578125,111266,0.0,0.0
2023-09-27,2479.0,2599.0,2479.0,2539.0,2121.061767578125,305085,0.0,0.0
2023-09-28,2540.0,2630.0,2540.0,2600.0,2172.02099609375,215516,0.0,0.0
2023-09-29,2563.0,2579.0,2541.0,2579.0,2154.4775390625,299453,0.0,0.0
2023-10-02,2590.0,2590.0,2500.0,2500.0,2088.4814453125,136753,0.0,0.0
2023-10-03,2500.0,2500.0,2481.0,2481.0,2072.609130859375,54279,0.0,0.0
2023-10-04,2482.0,2482.0,2401.0,2401.0,2005.7783203125,126324,0.0,0.0
2023-10-05,2442.0,2450.0,2400.0,2400.0,2004.942626953125,245162,0.0,0.0
2023-10-06,2446.0,2446.0,2396.0,2396.0,2001.6011962890625,125173,0.0,0.0
2023-10-09,2399.0,2450.0,2395.0,2400.0,2004.942626953125,171753,0.0,0.0
2023-10-10,2406.0,2442.0,2390.0,2399.0,2004.10693359375,426180,0.0,0.0
2023-10-11,2400.0,2440.0,2386.0,2400.0,2004.942626953125,226018,0.0,0.0
2023-10-12,2301.0,2415.0,2301.0,2340.0,2014.1956787109375,263919,70.75,0.0
2023-10-13,2340.0,2400.0,2340.0,2400.0,2065.841552734375,42071,0.0,0.0
2023-10-16,2400.0,2400.0,2400.0,2400.0,2065.841552734375,0,0.0,0.0
2023-10-17,2400.0,2445.0,2400.0,2430.0,2091.664306640625,861603,0.0,0.0
2023-10-18,2440.0,2500.0,2440.0,2500.0,2151.918212890625,203125,0.0,0.0
2023-10-19,2510.0,2578.0,2503.0,2511.0,2161.386474609375,257452,0.0,0.0
2023-10-20,2511.0,2630.0,2500.0,2570.0,2212.172119140625,523266,0.0,0.0
2023-10-23,2510.0,2600.0,2510.0,2510.0,2160.52587890625,113991,0.0,0.0
2023-10-24,2522.0,2522.0,2522.0,2522.0,2170.855224609375,29450,0.0,0.0
2023-10-25,2501.0,2519.0,2480.0,2480.0,2134.703125,37828,0.0,0.0
2023-10-26,2480.0,2480.0,2400.0,2400.0,2065.841552734375,92407,0.0,0.0
2023-10-27,2406.0,2430.0,2404.0,2404.0,2069.28466796875,88136,0.0,0.0
2023-10-30,2435.0,2435.0,2396.0,2396.0,2062.3984375,112962,0.0,0.0
2023-10-31,2428.409912109375,2428.409912109375,2428.409912109375,2428.409912109375,2090.29638671875,8620,0.0,0.0
2023-11-01,2396.0,2430.0,2350.0,2380.0,2048.6259765625,151646,0.0,0.0
2023-11-02,2423.0,2423.0,2423.0,2423.0,2085.6396484375,25523,0.0,0.0
2023-11-03,2355.0,2355.0,2355.0,2355.0,2027.107177734375,22827,0.0,0.0
2023-11-06,2355.0,2355.0,2355.0,2355.0,2027.107177734375,0,0.0,0.0
2023-11-07,2350.0,2387.0,2350.0,2387.0,2054.651611328125,56228,0.0,0.0
2023-11-08,2385.0,2385.0,2380.0,2380.0,2048.6259765625,30558,0.0,0.0
2023-11-09,2365.0,2410.0,2365.0,2410.0,2074.449462890625,57946,0.0,0.0
2023-11-10,2385.0,2450.0,2380.0,2450.0,2108.8798828125,86449,0.0,0.0
2023-11-13,2450.0,2450.0,2450.0,2450.0,2108.8798828125,0,0.0,0.0
2023-11-14,2450.0,2450.0,2450.0,2450.0,2108.8798828125,37713,0.0,0.0
2023-11-15,2385.0,2385.0,2350.0,2380.0,2048.6259765625,120809,0.0,0.0
2023-11-16,2400.0,2445.0,2355.0,2445.0,2104.576171875,59807,0.0,0.0
2023-11-17,2445.0,2470.0,2420.0,2465.0,2121.7919921875,338030,0.0,0.0
2023-11-20,2475.0,2475.0,2420.0,2460.0,2117.48779296875,83496,0.0,0.0
2023-11-21,2400.0,2450.0,2400.0,2450.0,2108.8798828125,257695,0.0,0.0
2023-11-22,2490.0,2495.0,2430.0,2450.0,2108.8798828125,226432,0.0,0.0
2023-11-23,2460.0,2465.0,2425.0,2465.0,2121.7919921875,77620,0.0,0.0
2023-11-24,2465.0,2500.0,2465.0,2500.0,2151.918212890625,471498,0.0,0.0
2023-11-27,2475.0,2495.0,2435.0,2495.0,2147.614501953125,72330,0.0,0.0
2023-11-28,2450.0,2475.0,2440.0,2445.0,2104.576171875,77970,0.0,0.0
2023-11-29,2435.0,2460.0,2430.0,2460.0,2117.48779296875,71059,0.0,0.0
2023-11-30,2440.0,2440.0,2350.0,2400.0,2065.841552734375,2056271,0.0,0.0
2023-12-01,2420.0,2450.0,2420.0,2440.0,2100.2724609375,81621,0.0,0.0
2023-12-04,2435.0,2455.0,2430.0,2455.0,2113.18359375,127784,0.0,0.0
2023-12-05,2455.0,2495.0,2450.0,2475.0,2130.399169921875,150678,0.0,0.0
2023-12-06,2410.0,2460.0,2355.0,2445.0,2104.576171875,78868,0.0,0.0
2023-12-07,2375.0,2445.0,2375.0,2445.0,2104.576171875,59847,0.0,0.0
2023-12-08,2445.0,2445.0,2445.0,2445.0,2104.576171875,0,0.0,0.0
2023-12-11,2465.0,2470.0,2415.0,2470.0,2126.09521484375,113570,0.0,0.0
2023-12-12,2515.0,2535.0,2470.0,2510.0,2160.52587890625,349674,0.0,0.0
2023-12-13,2515.0,2740.0,2515.0,2730.0,2349.894775390625,965107,0.0,0.0
2023-12-14,2720.0,2800.0,2710.0,2710.0,2332.679443359375,822843,0.0,0.0
2023-12-15,2750.0,2750.0,2660.0,2735.0,2354.19873046875,219113,0.0,0.0
2023-12-18,2740.0,2745.0,2680.0,2720.0,2341.28662109375,270199,0.0,0.0
2023-12-19,2710.0,2845.0,2685.0,2815.0,2423.06005859375,591701,0.0,0.0
2023-12-20,2800.0,2900.0,2800.0,2865.0,2466.09814453125,1105754,0.0,0.0
2023-12-21,2870.0,2870.0,2790.0,2790.0,2401.541259765625,327634,0.0,0.0
2023-12-22,2845.0,2975.0,2840.0,2930.0,2522.048583984375,691341,0.0,0.0
2023-12-25,2930.0,2930.0,2930.0,2930.0,2522.048583984375,0,0.0,0.0
2023-12-26,2945.0,2970.0,2945.0,2960.0,2547.871337890625,204720,0.0,0.0
2023-12-27,2965.0,3000.0,2950.0,2965.0,2552.1748046875,387833,0.0,0.0
2023-12-28,2995.0,2995.0,2960.0,2960.0,2547.871337890625,384268,0.0,0.0
2023-12-29,2960.0,2960.0,2960.0,2960.0,2547.871337890625,0,0.0,0.0
2024-01-01,2960.0,2960.0,2960.0,2960.0,2547.871337890625,0,0.0,0.0
2024-01-02,2995.0,3045.0,2980.0,3045.0,2621.03662109375,199932,0.0,0.0
2024-01-03,3050.0,3140.0,3025.0,3100.0,2668.37890625,550471,0.0,0.0
2024-01-04,3135.0,3185.0,3120.0,3155.0,2715.72119140625,473049,0.0,0.0
2024-01-05,3155.0,3190.0,3140.0,3140.0,2702.8095703125,859356,0.0,0.0
2024-01-08,3140.0,3140.0,3140.0,3140.0,2702.8095703125,0,0.0,0.0
2024-01-09,3145.0,3160.0,3070.0,3150.0,2711.4169921875,934033,0.0,0.0
2024-01-10,3150.0,3180.0,3130.0,3150.0,2711.4169921875,275877,0.0,0.0
2024-01-11,3130.0,3140.0,3100.0,3135.0,2698.505859375,822312,0.0,0.0
2024-01-12,3075.0,3140.0,3075.0,3140.0,2765.21435546875,315311,70.75,0.0
2024-01-15,3130.0,3170.0,3130.0,3160.0,2782.826904296875,232454,0.0,0.0
2024-01-16,3160.0,3245.0,3155.0,3245.0,2857.681640625,279868,0.0,0.0
2024-01-17,3245.0,3350.0,3245.0,3260.0,2870.89111328125,1120495,0.0,0.0
2024-01-18,3300.0,3320.0,3260.0,3300.0,2906.116943359375,332514,0.0,0.0
2024-01-19,3220.0,3270.0,3200.0,3230.0,2844.471923828125,328089,0.0,0.0
2024-01-22,3230.0,3230.0,3230.0,3230.0,2844.471923828125,0,0.0,0.0
2024-01-23,3305.0,3320.0,3290.0,3320.0,2923.729736328125,268563,0.0,0.0
2024-01-24,3320.0,3320.0,3320.0,3320.0,2923.729736328125,0,0.0,0.0
2024-01-25,3320.0,3320.0,3320.0,3320.0,2923.729736328125,0,0.0,0.0
2024-01-26,3320.0,3320.0,3320.0,3320.0,2923.729736328125,0,0.0,0.0
2024-01-29,3355.0,3390.0,3290.0,3290.0,2897.31005859375,385906,0.0,0.0
2024-01-30,3300.0,3330.0,3260.0,3330.0,2932.53662109375,195598,0.0,0.0
2024-01-31,3325.0,3335.0,3310.0,3315.0,2919.32666015625,139997,0.0,0.0
2024-02-01,3370.0,3370.0,3165.0,3190.0,2809.246337890625,416908,0.0,0.0
2024-02-02,3220.0,3230.0,3210.0,3210.0,2826.85888671875,270846,0.0,0.0
2024-02-05,3220.0,3220.0,3175.0,3205.0,2822.455810546875,98182,0.0,0.0
2024-02-06,3170.0,3205.0,3135.0,3205.0,2822.455810546875,204555,0.0,0.0
2024-02-07,3210.0,3260.0,3210.0,3250.0,2862.0849609375,338277,0.0,0.0
2024-02-08,3250.0,3250.0,3230.0,3250.0,2862.0849609375,91690,0.0,0.0
2024-02-09,3250.0,3250.0,3170.0,3240.0,2853.2783203125,104881,0.0,0.0
2024-02-12,3200.0,3200.0,3160.0,3160.0,2782.826904296875,50189,0.0,0.0
2024-02-13,3140.0,3140.0,3090.0,3090.0,2721.181884765625,274859,0.0,0.0
2024-02-14,3085.0,3085.0,3075.0,3085.0,2716.779296875,35646,0.0,0.0
2024-02-15,3100.0,3190.0,3100.0,3135.0,2760.811279296875,191438,0.0,0.0
2024-02-16,3240.0,3240.0,3190.0,3200.0,2818.052978515625,368191,0.0,0.0
2024-02-19,3200.0,3200.0,3150.0,3200.0,2818.052978515625,89312,0.0,0.0
2024-02-20,3200.0,3370.0,3200.0,3360.0,2958.955322265625,914519,0.0,0.0
2024-02-21,3335.0,3480.0,3310.0,3450.0,3038.21337890625,460876,0.0,0.0
2024-02-22,3450.0,3500.0,3400.0,3470.0,3055.825927734375,503339,0.0,0.0
2024-02-23,3465.0,3620.0,3415.0,3605.0,3174.71240234375,605710,0.0,0.0
2024-02-26,3605.0,3830.0,3570.0,3830.0,3372.856689453125,1125804,0.0,0.0
2024-02-27,3800.0,3830.0,3680.0,3680.0,3240.7607421875,595622,0.0,0.0
2024-02-28,3680.0,3730.0,3605.0,3620.0,3187.922119140625,759255,0.0,0.0
2024-02-29,3660.0,3750.0,3615.0,3750.0,3302.4052734375,4398918,0.0,0.0
2024-03-01,3615.0,3775.0,3615.0,3730.0,3284.792724609375,1395947,0.0,0.0
2024-03-04,3655.0,3830.0,3655.0,3820.0,3364.05029296875,515293,0.0,0.0
2024-03-05,3770.0,3890.0,3770.0,3850.0,3390.4697265625,327091,0.0,0.0
2024-03-06,3840.0,3900.0,3840.0,3865.0,3403.678955078125,401568,0.0,0.0
2024-03-07,3870.0,3900.0,3865.0,3900.0,3434.501708984375,217631,0.0,0.0
2024-03-08,3900.0,3945.0,3900.0,3925.0,3456.517578125,221878,0.0,0.0
2024-03-11,3905.0,3915.0,3875.0,3900.0,3434.501708984375,153741,0.0,0.0
2024-03-12,3915.0,3940.0,3865.0,3900.0,3434.501708984375,191639,0.0,0.0
2024-03-13,3890.0,3890.0,3880.0,3880.0,3416.888916015625,122083,0.0,0.0
2024-03-14,3880.0,3880.0,3835.0,3835.0,3377.260009765625,165578,0.0,0.0
2024-03-15,3840.0,3870.0,3500.0,3500.0,3082.245361328125,3558941,0.0,0.0
2024-03-18,3845.0,3845.0,3700.0,3720.0,3275.986328125,563291,0.0,0.0
2024-03-19,3725.0,3820.0,3725.0,3820.0,3364.05029296875,745085,0.0,0.0
2024-03-20,3860.0,3890.0,3800.0,3810.0,3355.243896484375,275103,0.0,0.0
2024-03-21,3835.0,3885.0,3800.0,3880.0,3416.888916015625,251036,0.0,0.0
2024-03-22,3890.0,3915.0,3875.0,3915.0,3447.71142578125,236674,0.0,0.0
2024-03-25,3915.0,3915.0,3915.0,3915.0,3447.71142578125,0,0.0,0.0
2024-03-26,3930.0,3955.0,3860.0,3860.0,3399.276123046875,350392,0.0,0.0
2024-03-27,3900.0,3980.0,3900.0,3935.0,3465.324462890625,348771,0.0,0.0
2024-03-28,3935.0,3935.0,3935.0,3935.0,3465.324462890625,0,0.0,0.0
2024-03-29,3935.0,3935.0,3935.0,3935.0,3465.324462890625,0,0.0,0.0
2024-04-01,3945.0,3975.0,3900.0,3950.0,3478.53369140625,275013,0.0,0.0
2024-04-02,3950.0,4040.0,3950.0,4000.0,3522.56591796875,1668049,0.0,0.0
2024-04-03,4000.0,4055.0,4010.0,4050.0,3566.597900390625,564491,0.0,0.0
2024-04-04,4050.0,4160.0,4050.0,4150.0,3654.661865234375,852961,0.0,0.0
2024-04-05,4150.0,4260.0,4145.0,4205.0,3703.097412109375,375421,0.0,0.0
2024-04-08,4205.0,4230.0,4125.0,4230.0,3725.113525390625,247282,0.0,0.0
2024-04-09,4200.0,4315.0,4200.0,4290.0,3777.951904296875,846842,0.0,0.0
2024-04-10,4290.0,4340.0,4140.0,4250.0,3742.725830078125,518003,0.0,0.0
2024-04-11,4250.0,4300.0,4220.0,4300.0,3786.758056640625,2164093,0.0,0.0
2024-04-12,4300.0,4300.0,4280.0,4280.0,3769.1455078125,225625,0.0,0.0
2024-04-15,4280.0,4280.0,4230.0,4240.0,3733.919677734375,540385,0.0,0.0
2024-04-16,4240.0,4240.0,3860.0,4160.0,3663.468505859375,546834,0.0,0.0
2024-04-17,4160.0,4160.0,4050.0,4050.0,3566.597900390625,393891,0.0,0.0
2024-04-18,4050.0,4050.0,3965.0,3995.0,3518.16259765625,335689,0.0,0.0
2024-04-19,3995.0,4150.0,3950.0,4080.0,3664.097900390625,329979,77.5,0.0
2024-04-22,4080.0,4040.0,4000.0,4015.0,3605.723876953125,200425,0.0,0.0
2024-04-23,4015.0,4150.0,4060.0,4150.0,3726.9619140625,172414,0.0,0.0
2024-04-24,4150.0,4120.0,4070.0,4070.0,3655.117431640625,70932,0.0,0.0
2024-04-25,4070.0,4150.0,4050.0,4140.0,3717.981689453125,175717,0.0,0.0
2024-04-26,4140.0,4200.0,4140.0,4190.0,3762.885009765625,599038,0.0,0.0
2024-04-29,4190.0,4210.0,4125.0,4150.0,3726.9619140625,276310,0.0,0.0
2024-04-30,4150.0,4150.0,4110.0,4125.0,3704.5107421875,108703,0.0,0.0
2024-05-02,4125.0,4170.0,4090.0,4160.0,3735.94287109375,237313,0.0,0.0
2024-05-03,3730.0,3830.0,3655.0,3820.0,3430.60107421875,515293,0.0,0.0
2024-05-06,4200.0,4190.0,4075.0,4190.0,3762.885009765625,92607,0.0,0.0
2024-05-07,4190.0,4180.0,4100.0,4180.0,3753.904541015625,195483,0.0,0.0
2024-05-08,4180.0,4190.0,4100.0,4190.0,3762.885009765625,195215,0.0,0.0
2024-05-09,4190.0,4210.0,4160.0,4205.0,3776.355712890625,394389,0.0,0.0
2024-05-10,4205.0,4250.0,4205.0,4205.0,3776.355712890625,246003,0.0,0.0
2024-05-14,4205.0,4290.0,4210.0,4290.0,3852.691162109375,352342,0.0,0.0
2024-05-15,4290.0,4330.0,4300.0,4310.0,3870.65234375,469256,0.0,0.0
2024-05-16,4310.0,4370.0,4310.0,4370.0,3924.535888671875,225460,0.0,0.0
2024-05-17,4370.0,4375.0,4310.0,4350.0,3906.575439453125,294376,0.0,0.0
2024-05-20,4350.0,4390.0,4345.0,4380.0,3933.5166015625,298398,0.0,0.0
2024-05-21,4380.0,4375.0,4300.0,4375.0,3929.026123046875,265221,0.0,0.0
2024-05-22,4375.0,4390.0,4315.0,4390.0,3942.4970703125,273564,0.0,0.0
2024-05-23,4390.0,4390.0,4390.0,4390.0,3942.4970703125,0,0.0,0.0
2024-05-24,4295.0,4375.0,4295.0,4375.0,3929.026123046875,130525,0.0,0.0
2024-05-27,4375.0,4370.0,4305.0,4370.0,3924.535888671875,106058,0.0,0.0
2024-05-28,4370.0,4380.0,4300.0,4370.0,3924.535888671875,171247,0.0,0.0
2024-05-29,4370.0,4375.0,4350.0,4370.0,3924.535888671875,215983,0.0,0.0
2024-05-30,4370.0,4380.0,4370.0,4380.0,3933.5166015625,295091,0.0,0.0
2024-05-31,4380.0,4385.0,4300.0,4300.0,3861.671630859375,856227,0.0,0.0
2024-06-04,4300.0,4330.0,4300.0,4305.0,3866.161865234375,533172,0.0,0.0
2024-06-05,4305.0,4325.0,4265.0,4265.0,3830.23974609375,472715,0.0,0.0
2024-06-06,4265.0,4250.0,4065.0,4180.0,3753.904541015625,488687,0.0,0.0
2024-06-07,4180.0,4200.0,4110.0,4150.0,3726.9619140625,279949,0.0,0.0
2024-06-11,4150.0,4150.0,4140.0,4150.0,3726.9619140625,137522,0.0,0.0
2024-06-12,4150.0,4140.0,4070.0,4070.0,3655.117431640625,408089,0.0,0.0
2024-06-13,4070.0,4100.0,4050.0,4050.0,3637.156005859375,157841,0.0,0.0
2024-06-14,4050.0,4120.0,4000.0,4115.0,3695.5302734375,273521,0.0,0.0
2024-06-17,4115.0,4080.0,4020.0,4020.0,3610.214111328125,178166,0.0,0.0
2024-06-18,4020.0,4080.0,4045.0,4050.0,3637.156005859375,160301,0.0,0.0
2024-06-19,4050.0,4090.0,4000.0,4090.0,3673.078125,76045,0.0,0.0
2024-06-20,4090.0,4060.0,4025.0,4045.0,3632.66552734375,136487,0.0,0.0
2024-06-21,4045.0,4100.0,4000.0,4100.0,3682.05908203125,350075,0.0,0.0
2024-06-24,4100.0,4120.0,4035.0,4120.0,3700.0205078125,144111,0.0,0.0
2024-06-25,4120.0,4145.0,4085.0,4145.0,3722.4716796875,60224,0.0,0.0
2024-06-26,4145.0,4190.0,4060.0,4060.0,3646.136474609375,200137,0.0,0.0
2024-06-27,4060.0,4075.0,4045.0,4060.0,3646.136474609375,148878,0.0,0.0
2024-06-28,4060.0,4100.0,4070.0,4100.0,3682.05908203125,52081,0.0,0.0
2024-07-02,4100.0,4100.0,4020.0,4035.0,3623.68505859375,148569,0.0,0.0
2024-07-03,4035.0,4100.0,4095.0,4100.0,3682.05908203125,132394,0.0,0.0
2024-07-04,4100.0,4100.0,4060.0,4100.0,3682.05908203125,68856,0.0,0.0
2024-07-05,4100.0,4120.0,4100.0,4120.0,3700.0205078125,98414,0.0,0.0
2024-07-08,4120.0,4165.0,4120.0,4165.0,3740.433349609375,152214,0.0,0.0
2024-07-09,4165.0,4175.0,4110.0,4175.0,3749.414306640625,142411,0.0,0.0
2024-07-10,4175.0,4200.0,3800.0,4170.0,3744.923828125,110615,0.0,0.0
2024-07-11,4170.0,4270.0,4115.0,4270.0,3834.730224609375,228470,0.0,0.0
2024-07-12,4270.0,4320.0,4215.0,4320.0,3879.63330078125,209792,0.0,0.0
2024-07-15,4320.0,4320.0,4250.0,4265.0,3830.23974609375,176510,0.0,0.0
2024-07-16,4265.0,4265.0,4235.0,4235.0,3803.297607421875,158293,0.0,0.0
2024-07-17,4235.0,4245.0,4140.0,4140.0,3717.981689453125,161076,0.0,0.0
2024-07-18,4140.0,4220.0,4200.0,4220.0,3789.826904296875,151053,0.0,0.0
2024-07-19,4220.0,4185.0,4045.0,4185.0,3828.708251953125,111058,77.5,0.0
2024-07-22,4185.0,4220.0,4150.0,4195.0,3837.85693359375,99340,0.0,0.0
2024-07-23,4195.0,4150.0,4080.0,4080.0,3732.647705078125,101454,0.0,0.0
2024-07-24,4080.0,4100.0,4080.0,4100.0,3750.94482421875,21856,0.0,0.0
2024-07-25,4100.0,4095.0,4095.0,4095.0,3746.370361328125,9235,0.0,0.0
2024-07-26,4095.0,4100.0,4020.0,4020.0,3677.755859375,55793,0.0,0.0
2024-07-29,4020.0,4000.0,3950.0,4000.0,3659.45849609375,683862,0.0,0.0
2024-07-30,4000.0,4000.0,3960.0,3960.0,3622.864013671875,524535,0.0,0.0
2024-07-31,3960.0,4000.0,3960.0,3960.0,3622.864013671875,430790,0.0,0.0
2024-08-01,3960.0,4000.0,3980.0,4000.0,3659.45849609375,134450,0.0,0.0
2024-08-02,4000.0,4000.0,3980.0,3980.0,3641.1611328125,42030,0.0,0.0
2024-08-05,3980.0,3900.0,3870.0,3870.0,3540.52587890625,64816,0.0,0.0
2024-08-06,3870.0,4000.0,3850.0,3920.0,3586.269287109375,125128,0.0,0.0
2024-08-07,3920.0,4095.0,3995.0,4050.0,3705.20166015625,129162,0.0,0.0
2024-08-08,3920.0,4095.0,3995.0,4050.0,3705.20166015625,129162,0.0,0.0
2024-08-09,4050.0,4140.0,4020.0,4140.0,3787.539794921875,197573,0.0,0.0
2024-08-12,4140.0,4130.0,4075.0,4130.0,3778.391357421875,237535,0.0,0.0
2024-08-13,4130.0,4160.0,4105.0,4160.0,3805.8369140625,167708,0.0,0.0
2024-08-14,4160.0,4215.0,4160.0,4210.0,3851.580078125,200562,0.0,0.0
2024-08-15,4210.0,4210.0,4140.0,4200.0,3842.431640625,159425,0.0,0.0
2024-08-16,4200.0,4200.0,4130.0,4200.0,3842.431640625,119381,0.0,0.0
2024-08-20,4200.0,4190.0,4150.0,4185.0,3828.708251953125,90713,0.0,0.0
2024-08-21,4185.0,4180.0,4180.0,4180.0,3824.13427734375,77070,0.0,0.0
2024-08-22,4180.0,4165.0,4130.0,4130.0,3778.391357421875,473955,0.0,0.0
2024-08-23,4130.0,4150.0,4000.0,4000.0,3659.45849609375,129162,0.0,0.0
2024-08-26,4000.0,4100.0,4000.0,4100.0,3750.94482421875,86556,0.0,0.0
2024-08-27,4100.0,4070.0,4040.0,4070.0,3723.4990234375,94933,0.0,0.0
2024-08-28,4070.0,4070.0,4025.0,4070.0,3723.4990234375,90891,0.0,0.0
2024-08-29,4070.0,4070.0,4020.0,4020.0,3677.755859375,67276,0.0,0.0
2024-08-30,4020.0,4050.0,4000.0,4050.0,3705.20166015625,212349,0.0,0.0
2024-09-02,4050.0,4050.0,4005.0,4005.0,3664.032958984375,74777,0.0,0.0
2024-09-03,4005.0,4050.0,4025.0,4025.0,3682.330078125,116775,0.0,0.0
2024-09-04,4025.0,4030.0,3960.0,3960.0,3622.864013671875,209417,0.0,0.0
2024-09-05,3960.0,4000.0,3970.0,4000.0,3659.45849609375,190614,0.0,0.0
2024-09-06,4000.0,4000.0,4000.0,4000.0,3659.45849609375,159259,0.0,0.0
2024-09-09,4000.0,4000.0,3915.0,3915.0,3581.695068359375,105849,0.0,0.0
2024-09-10,3915.0,3960.0,3920.0,3920.0,3586.269287109375,103872,0.0,0.0
2024-09-11,3920.0,3950.0,3920.0,3920.0,3586.269287109375,84144,0.0,0.0
2024-09-12,3920.0,3955.0,3915.0,3955.0,3618.28955078125,143462,0.0,0.0
2024-09-13,3955.0,3950.0,3920.0,3920.0,3586.269287109375,289821,0.0,0.0
2024-09-16,3920.0,3920.0,3890.0,3890.0,3558.8232421875,140218,0.0,0.0
2024-09-17,3890.0,3900.0,3850.0,3885.0,3554.2490234375,126460,0.0,0.0
2024-09-18,3885.0,3850.0,3800.0,3850.0,3522.22900390625,119911,0.0,0.0
2024-09-19,3850.0,3850.0,3770.0,3845.0,3517.654541015625,470074,0.0,0.0
2024-09-20,3845.0,3980.0,3800.0,3980.0,3641.1611328125,3518634,0.0,0.0
2024-09-23,3980.0,3950.0,3925.0,3950.0,3613.71484375,94593,0.0,0.0
2024-09-24,3950.0,3950.0,3945.0,3950.0,3613.71484375,97303,0.0,0.0
2024-09-25,3950.0,3950.0,3945.0,3945.0,3609.14111328125,86365,0.0,0.0
2024-09-26,3945.0,3950.0,3950.0,3950.0,3613.71484375,62494,0.0,0.0
2024-09-27,3950.0,3950.0,3880.0,3900.0,3567.971923828125,144818,0.0,0.0
2024-09-30,3900.0,3945.0,3900.0,3915.0,3581.695068359375,114757,0.0,0.0
2024-10-01,3915.0,3960.0,3945.0,3960.0,3622.864013671875,95603,0.0,0.0
2024-10-02,3960.0,3965.0,3935.0,3950.0,3613.71484375,71968,0.0,0.0
2024-10-03,3950.0,3950.0,3905.0,3950.0,3613.71484375,141102,0.0,0.0
2024-10-04,3950.0,3950.0,3910.0,3940.0,3604.566650390625,93844,0.0,0.0
2024-10-07,3940.0,3960.0,3920.0,3920.0,3586.269287109375,88847,0.0,0.0
2024-10-08,3920.0,3905.0,3960.0,3960.0,3622.864013671875,85793,0.0,0.0
2024-10-09,3960.0,3995.0,3950.0,3995.0,3654.88427734375,59900,0.0,0.0
2024-10-10,3995.0,4000.0,3965.0,3965.0,3627.438232421875,75984,0.0,0.0
2024-10-11,3965.0,3985.0,3965.0,3985.0,3645.735595703125,93609,0.0,0.0
2024-10-15,3985.0,3970.0,3935.0,3950.0,3613.71484375,100601,0.0,0.0
2024-10-16,3950.0,4000.0,3950.0,3980.0,3641.1611328125,216022,0.0,0.0
2024-10-17,3980.0,4015.0,3980.0,4000.0,3659.45849609375,174965,0.0,0.0
2024-10-18,4000.0,4010.0,3950.0,3965.0,3699.108642578125,145416,77.5,0.0
2024-10-21,3965.0,3950.0,3915.0,3915.0,3652.46142578125,47393,0.0,0.0
2024-10-22,3915.0,3910.0,3700.0,3825.0,3568.496826171875,139705,0.0,0.0
2024-10-23,3825.0,3850.0,3780.0,3785.0,3531.179443359375,119585,0.0,0.0
2024-10-24,3785.0,3785.0,3785.0,3785.0,3531.179443359375,12224,0.0,0.0
2024-10-25,3785.0,3865.0,3810.0,3810.0,3554.5029296875,31955,0.0,0.0
2024-10-28,3810.0,3850.0,3810.0,3850.0,3591.8203125,36200,0.0,0.0
2024-10-29,3850.0,3805.0,3780.0,3780.0,3526.514404296875,38554,0.0,0.0
2024-10-30,3780.0,3790.0,3785.0,3785.0,3531.179443359375,259642,0.0,0.0
2024-10-31,3785.0,3800.0,3700.0,3780.0,3526.514404296875,143943,0.0,0.0
2024-11-01,3780.0,3775.0,3750.0,3750.0,3498.5263671875,51383,0.0,0.0
2024-11-05,3750.0,3800.0,3760.0,3795.0,3540.5087890625,95851,0.0,0.0
2024-11-06,3795.0,3770.0,3700.0,3725.0,3475.20263671875,170937,0.0,0.0
2024-11-07,3725.0,3745.0,3705.0,3740.0,3489.19677734375,170044,0.0,0.0
2024-11-08,3740.0,3740.0,3700.0,3715.0,3465.87353515625,117613,0.0,0.0
2024-11-12,3715.0,3715.0,3660.0,3660.0,3414.56201171875,126963,0.0,0.0
2024-11-13,3660.0,3685.0,3600.0,3635.0,3391.23828125,110756,0.0,0.0
2024-11-14,3635.0,3645.0,3600.0,3605.0,3363.249755859375,129139,0.0,0.0
2024-11-15,3605.0,3635.0,3550.0,3565.0,3325.93212890625,165633,0.0,0.0
2024-11-18,3565.0,3580.0,3560.0,3565.0,3325.93212890625,315526,0.0,0.0
2024-11-19,3565.0,3605.0,3555.0,3605.0,3363.249755859375,465640,0.0,0.0
2024-11-20,3605.0,3650.0,3590.0,3620.0,3377.244140625,313613,0.0,0.0
2024-11-21,3620.0,3730.0,3620.0,3645.0,3400.567626953125,235716,0.0,0.0
2024-11-22,3645.0,3645.0,3610.0,3645.0,3400.567626953125,350704,0.0,0.0
2024-11-25,3645.0,3665.0,3500.0,3500.0,3265.291259765625,3120378,0.0,0.0
2024-11-26,3500.0,3600.0,3580.0,3585.0,3344.591064453125,821207,0.0,0.0
2024-11-27,3585.0,3600.0,3580.0,3580.0,3339.926513671875,171075,0.0,0.0
2024-11-28,3580.0,3600.0,3580.0,3590.0,3349.255859375,264591,0.0,0.0
2024-11-29,3590.0,3600.0,3570.0,3590.0,3349.255859375,327243,0.0,0.0
2024-12-02,3590.0,3585.0,3500.0,3550.0,3311.938232421875,369136,0.0,0.0
2024-12-03,3550.0,3600.0,3500.0,3505.0,3269.955810546875,262731,0.0,0.0
2024-12-04,3505.0,3540.0,3480.0,3505.0,3269.955810546875,466144,0.0,0.0
2024-12-05,3505.0,3535.0,3505.0,3520.0,3283.950439453125,156726,0.0,0.0
2024-12-06,3520.0,3520.0,3500.0,3520.0,3283.950439453125,111610,0.0,0.0
2024-12-09,3520.0,3515.0,3470.0,3510.0,3274.62060546875,160469,0.0,0.0
2024-12-10,3510.0,3515.0,3465.0,3475.0,3241.968017578125,247406,0.0,0.0
2024-12-11,3475.0,3510.0,3490.0,3490.0,3255.9619140625,114322,0.0,0.0
2024-12-12,3490.0,3500.0,3490.0,3500.0,3265.291259765625,87332,0.0,0.0
2024-12-13,3500.0,3505.0,3480.0,3505.0,3269.955810546875,275302,0.0,0.0
2024-12-16,3505.0,3505.0,3500.0,3505.0,3269.955810546875,104672,0.0,0.0
2024-12-17,3505.0,3505.0,3495.0,3500.0,3265.291259765625,98245,0.0,0.0
2024-12-18,3500.0,3535.0,3495.0,3500.0,3265.291259765625,193178,0.0,0.0
2024-12-19,3500.0,3550.0,3475.0,3525.0,3288.615234375,259271,0.0,0.0
2024-12-20,3525.0,3520.0,3485.0,3520.0,3283.950439453125,255196,0.0,0.0
2024-12-23,3520.0,3580.0,3520.0,3570.0,3330.59716796875,209501,0.0,0.0
2024-12-24,3570.0,3620.0,3570.0,3620.0,3377.244140625,121032,0.0,0.0
2024-12-25,3620.0,3620.0,3620.0,3620.0,3377.244140625,0,0.0,0.0
2024-12-26,3620.0,3675.0,3630.0,3665.0,3419.2265625,142021,0.0,0.0
2024-12-27,3665.0,3700.0,3680.0,3685.0,3437.885498046875,142174,0.0,0.0
2024-12-30,3685.0,3720.0,3680.0,3680.0,3433.220703125,219306,0.0,0.0
2024-12-31,3680.0,3680.0,3680.0,3680.0,3433.220703125,0,0.0,0.0
2025-01-02,3680.0,3730.0,3700.0,3730.0,3479.86767578125,124091,0.0,0.0
2025-01-03,3730.0,3735.0,3720.0,3730.0,3479.86767578125,156136,0.0,0.0
2025-01-07,3730.0,3795.0,3720.0,3740.0,3489.19677734375,327845,0.0,0.0
2025-01-08,3740.0,3800.0,3725.0,3730.0,3479.86767578125,223630,0.0,0.0
2025-01-09,3730.0,3760.0,3750.0,3750.0,3498.5263671875,98769,0.0,0.0
2025-01-10,3750.0,3765.0,3745.0,3765.0,3512.5205078125,134759,0.0,0.0
2025-01-13,3765.0,3815.0,3770.0,3815.0,3559.16748046875,305846,0.0,0.0
2025-01-14,3815.0,3820.0,3790.0,3805.0,3549.838134765625,77905,0.0,0.0
2025-01-15,3805.0,3790.0,3760.0,3775.0,3521.849853515625,138065,0.0,0.0
2025-01-16,3775.0,3790.0,3705.0,3750.0,3498.5263671875,178746,0.0,0.0
2025-01-17,3750.0,3690.0,3675.0,3680.0,3505.671142578125,77962,77.5,0.0
2025-01-20,3680.0,3680.0,3660.0,3675.0,3500.907958984375,822393,0.0,0.0
2025-01-21,3675.0,3675.0,3675.0,3675.0,3500.907958984375,0,0.0,0.0
2025-01-22,3680.0,3680.0,3675.0,3675.0,3500.907958984375,172207,0.0,0.0
2025-01-23,3675.0,3675.0,3675.0,3675.0,3500.907958984375,41539,0.0,0.0
2025-01-24,3675.0,3665.0,3645.0,3660.0,3486.61865234375,230456,0.0,0.0
2025-01-27,3660.0,3660.0,3630.0,3640.0,3467.565673828125,164854,0.0,0.0
2025-01-28,3640.0,3670.0,3620.0,3625.0,3453.276611328125,242021,0.0,0.0
2025-01-29,3625.0,3670.0,3615.0,3625.0,3453.276611328125,420408,0.0,0.0
2025-01-30,3625.0,3740.0,3635.0,3720.0,3543.776123046875,1745975,0.0,0.0
2025-01-31,3720.0,3730.0,3670.0,3720.0,3543.776123046875,343411,0.0,0.0
2025-02-03,3720.0,3720.0,3670.0,3710.0,3534.24951171875,235852,0.0,0.0
2025-02-04,3710.0,3735.0,3670.0,3695.0,3519.96044921875,368690,0.0,0.0
2025-02-05,3695.0,3685.0,3670.0,3680.0,3505.671142578125,748441,0.0,0.0
2025-02-06,3680.0,3700.0,3665.0,3690.0,3515.197265625,251762,0.0,0.0
2025-02-07,3690.0,3690.0,3670.0,3680.0,3505.671142578125,130916,0.0,0.0
2025-02-10,3680.0,3690.0,3620.0,3655.0,3481.85546875,342249,0.0,0.0
2025-02-11,3655.0,3680.0,3630.0,3680.0,3505.671142578125,347695,0.0,0.0
2025-02-12,3680.0,3675.0,3635.0,3675.0,3500.907958984375,137936,0.0,0.0
2025-02-13,3675.0,3670.0,3645.0,3670.0,3496.14501953125,98912,0.0,0.0
2025-02-14,3670.0,3675.0,3650.0,3650.0,3477.092041015625,44048,0.0,0.0
2025-02-17,3650.0,3700.0,3635.0,3700.0,3524.7236328125,162442,0.0,0.0
2025-02-18,3700.0,3685.0,3660.0,3680.0,3505.671142578125,226237,0.0,0.0
2025-02-19,3675.0,3700.0,3670.0,3680.0,3505.671142578125,137934,0.0,0.0
2025-02-20,3740.0,3795.0,3700.0,3750.0,3572.35498046875,1820094,0.0,0.0
2025-02-21,3750.0,3750.0,3710.0,3730.0,3553.302490234375,403305,0.0,0.0
2025-02-24,3730.0,3900.0,3750.0,3790.0,3610.4599609375,2022633,0.0,0.0
2025-02-25,3790.0,3795.0,3740.0,3790.0,3610.4599609375,1084929,0.0,0.0
2025-02-26,3790.0,3840.0,3700.0,3735.0,3558.0654296875,744646,0.0,0.0
2025-02-27,3735.0,3780.0,3680.0,3730.0,3553.302490234375,319357,0.0,0.0
2025-02-28,3730.0,3755.0,3680.0,3700.0,3524.7236328125,265355,0.0,0.0
2025-03-03,3700.0,3725.0,3640.0,3690.0,3515.197265625,306419,0.0,0.0
2025-03-04,3690.0,3725.0,3635.0,3725.0,3548.539306640625,316477,0.0,0.0
2025-03-05,3725.0,3740.0,3700.0,3730.0,3553.302490234375,461001,0.0,0.0
2025-03-06,3730.0,3740.0,3710.0,3730.0,3553.302490234375,405306,0.0,0.0
2025-03-07,3730.0,3765.0,3725.0,3760.0,3581.881103515625,643821,0.0,0.0
2025-03-10,3760.0,3770.0,3730.0,3735.0,3558.0654296875,254229,0.0,0.0
2025-03-11,3735.0,3740.0,3700.0,3700.0,3524.7236328125,352202,0.0,0.0
2025-03-12,3700.0,3765.0,3725.0,3765.0,3586.64453125,199648,0.0,0.0
2025-03-13,3765.0,3770.0,3740.0,3770.0,3591.40771484375,107557,0.0,0.0
2025-03-14,3770.0,3800.0,3770.0,3800.0,3619.986572265625,285226,0.0,0.0
2025-03-17,3800.0,3895.0,3800.0,3890.0,3705.722900390625,461472,0.0,0.0
2025-03-18,3890.0,3890.0,3830.0,3885.0,3700.959716796875,162003,0.0,0.0
2025-03-19,3885.0,3890.0,3840.0,3880.0,3696.196533203125,179741,0.0,0.0
2025-03-20,3880.0,3885.0,3835.0,3850.0,3667.61767578125,123995,0.0,0.0
2025-03-21,3850.0,3850.0,3850.0,3850.0,3667.61767578125,0,0.0,0.0
2025-03-24,3850.0,3850.0,3850.0,3850.0,3667.61767578125,0,0.0,0.0
2025-03-25,3885.0,3900.0,3840.0,3895.0,3710.486083984375,290088,0.0,0.0
2025-03-26,3895.0,3885.0,3815.0,3885.0,3700.959716796875,182272,0.0,0.0
2025-03-27,3885.0,3900.0,3840.0,3900.0,3715.2490234375,508837,0.0,0.0
2025-03-28,3900.0,3940.0,3880.0,3940.0,3753.354248046875,303169,0.0,0.0
2025-03-31,3940.0,3940.0,3880.0,3940.0,3753.354248046875,516271,0.0,0.0
2025-04-01,3940.0,3995.0,3930.0,3985.0,3796.22265625,298533,0.0,0.0
2025-04-02,3985.0,4045.0,3955.0,4020.0,3829.564697265625,1027915,0.0,0.0
2025-04-03,4020.0,4030.0,3970.0,4005.0,3815.275146484375,343241,0.0,0.0
2025-04-04,4005.0,4030.0,3965.0,4015.0,3824.80126953125,708478,0.0,0.0
2025-04-07,4015.0,4030.0,3970.0,4030.0,3839.0908203125,402136,0.0,0.0
2025-04-08,4030.0,4050.0,4020.0,4030.0,3839.0908203125,541019,0.0,0.0
2025-04-09,4030.0,4070.0,3960.0,4070.0,3877.196044921875,296812,0.0,0.0
2025-04-10,4070.0,4070.0,3980.0,3985.0,3796.22265625,305734,0.0,0.0
2025-04-11,3985.0,3995.0,3950.0,3950.0,3762.880615234375,181050,0.0,0.0
2025-04-14,3950.0,4030.0,3980.0,4030.0,3839.0908203125,130880,0.0,0.0
2025-04-15,4030.0,4070.0,4005.0,4005.0,3815.275146484375,283518,0.0,0.0
2025-04-16,4005.0,4015.0,3920.0,4000.0,3859.6611328125,107056,51.0,0.0
2025-04-17,4000.0,4000.0,4000.0,4000.0,3859.6611328125,0,0.0,0.0
2025-04-18,4000.0,4000.0,4000.0,4000.0,3859.6611328125,0,0.0,0.0
2025-04-21,4000.0,4020.0,3990.0,4000.0,3859.6611328125,122654,0.0,0.0
2025-04-22,4000.0,4035.0,3955.0,3955.0,3816.23974609375,134007,0.0,0.0
2025-04-23,3955.0,3990.0,3890.0,3915.0,3777.643310546875,669191,0.0,0.0
2025-04-24,3915.0,3955.0,3860.0,3890.0,3753.5205078125,240531,0.0,0.0
2025-04-25,3890.0,3895.0,3890.0,3890.0,3753.5205078125,241777,0.0,0.0
2025-04-28,3890.0,3920.0,3890.0,3890.0,3753.5205078125,114101,0.0,0.0
2025-04-29,3890.0,3920.0,3910.0,3920.0,3782.4677734375,247543,0.0,0.0
2025-04-30,3920.0,4020.0,3920.0,4020.0,3878.95947265625,131932,0.0,0.0
2025-05-01,4020.0,4020.0,4020.0,4020.0,3878.95947265625,0,0.0,0.0
2025-05-02,4020.0,4030.0,3855.0,4000.0,3859.6611328125,55816,0.0,0.0
2025-05-05,4000.0,4030.0,4000.0,4025.0,3883.783935546875,275247,0.0,0.0
2025-05-06,3920.0,4020.0,3920.0,4020.0,3878.95947265625,131932,0.0,0.0
2025-05-07,4025.0,4090.0,4045.0,4075.0,3932.02978515625,572999,0.0,0.0
2025-05-08,4075.0,4090.0,4060.0,4080.0,3936.854248046875,242004,0.0,0.0
2025-05-09,4080.0,4170.0,4050.0,4150.0,4004.3984375,278857,0.0,0.0
2025-05-12,4150.0,4100.0,4165.0,4165.0,4018.872314453125,235686,0.0,0.0
2025-05-13,4165.0,4165.0,4255.0,4255.0,4105.71435546875,405008,0.0,0.0
2025-05-14,4255.0,4240.0,4425.0,4425.0,4269.75048828125,533045,0.0,0.0
2025-05-15,4425.0,4390.0,4330.0,4340.0,4187.732421875,155049,0.0,0.0
2025-05-16,4340.0,4320.0,4220.0,4320.0,4168.43408203125,258041,0.0,0.0
2025-05-19,4320.0,4320.0,4270.0,4315.0,4163.60888671875,161574,0.0,0.0
2025-05-20,4315.0,4300.0,4260.0,4300.0,4149.1357421875,104608,0.0,0.0
2025-05-21,4300.0,4330.0,4260.0,4330.0,4178.0830078125,98229,0.0,0.0
2025-05-22,4330.0,4330.0,4300.0,4310.0,4158.78466796875,161519,0.0,0.0
2025-05-23,4310.0,4415.0,4320.0,4410.0,4255.2763671875,208621,0.0,0.0
2025-05-26,4410.0,4410.0,4390.0,4395.0,4240.80224609375,87520,0.0,0.0
2025-05-27,4395.0,4400.0,4360.0,4390.0,4235.97802734375,202697,0.0,0.0
2025-05-28,4390.0,4390.0,4300.0,4300.0,4149.1357421875,280737,0.0,0.0
2025-05-29,4300.0,4400.0,4325.0,4400.0,4245.626953125,136547,0.0,0.0
2025-05-30,4400.0,4350.0,4220.0,4220.0,4071.9423828125,632153,0.0,0.0
2025-06-03,4220.0,4385.0,4240.0,4385.0,4231.1533203125,159266,0.0,0.0
2025-06-04,4385.0,4390.0,4345.0,4380.0,4226.3291015625,123371,0.0,0.0
2025-06-05,4380.0,4425.0,4380.0,4405.0,4250.45166015625,438622,0.0,0.0
2025-06-06,4405.0,4445.0,4400.0,4445.0,4289.048828125,160232,0.0,0.0
2025-06-09,4445.0,4465.0,4400.0,4420.0,4264.92578125,139388,0.0,0.0
2025-06-10,4420.0,4580.0,4400.0,4560.0,4400.01416015625,524785,0.0,0.0
2025-06-11,4560.0,4570.0,4500.0,4550.0,4390.365234375,160104,0.0,0.0
2025-06-12,4550.0,4600.0,4500.0,4505.0,4346.943359375,157277,0.0,0.0
2025-06-13,4505.0,4520.0,4490.0,4490.0,4332.4697265625,243437,0.0,0.0
2025-06-16,4490.0,4530.0,4470.0,4500.0,4342.11865234375,523501,0.0,0.0
2025-06-17,4500.0,4575.0,4500.0,4500.0,4342.11865234375,396847,0.0,0.0
2025-06-18,4500.0,4530.0,4505.0,4530.0,4371.06640625,128699,0.0,0.0
2025-06-19,4530.0,4550.0,4490.0,4500.0,4342.11865234375,918011,0.0,0.0
2025-06-20,4500.0,4500.0,4355.0,4500.0,4342.11865234375,400618,0.0,0.0
2025-06-24,4500.0,4700.0,4495.0,4700.0,4535.1015625,293320,0.0,0.0
2025-06-25,4700.0,4695.0,4600.0,4605.0,4443.4345703125,238298,0.0,0.0
2025-06-26,4605.0,4600.0,4575.0,4575.0,4414.48681640625,322478,0.0,0.0
2025-06-27,4575.0,4580.0,4500.0,4500.0,4342.11865234375,151987,0.0,0.0
2025-06-30,4500.0,4500.0,4500.0,4500.0,4342.11865234375,0,0.0,0.0
2025-07-01,4500.0,4610.0,4575.0,4575.0,4414.48681640625,120768,0.0,0.0
2025-07-02,4575.0,4570.0,4550.0,4550.0,4390.365234375,333157,0.0,0.0
2025-07-03,4550.0,4570.0,4510.0,4570.0,4409.66259765625,123677,0.0,0.0
2025-07-04,4570.0,4550.0,4550.0,4550.0,4390.365234375,104235,0.0,0.0
2025-07-07,4550.0,4550.0,4495.0,4505.0,4346.943359375,162974,0.0,0.0
2025-07-08,4505.0,4550.0,4480.0,4480.0,4322.82080078125,145582,0.0,0.0
2025-07-09,4480.0,4525.0,4500.0,4500.0,4342.11865234375,119776,0.0,0.0
2025-07-10,4500.0,4520.0,4500.0,4520.0,4361.41748046875,102177,0.0,0.0
2025-07-11,4520.0,4535.0,4500.0,4535.0,4375.89111328125,143420,0.0,0.0
2025-07-14,4535.0,4555.0,4505.0,4555.0,4395.189453125,81754,0.0,0.0
2025-07-15,4555.0,4700.0,4550.0,4700.0,4535.1015625,178108,0.0,0.0
2025-07-16,4700.0,4800.0,4600.0,4800.0,4631.59326171875,180465,0.0,0.0
2025-07-17,4800.0,4895.0,4710.0,4895.0,4723.259765625,467144,0.0,0.0
2025-07-18,4895.0,4850.0,4760.0,4800.0,4669.75244140625,150870,40.0,0.0
2025-07-21,4800.0,4805.0,4610.0,4610.0,4484.908203125,143997,0.0,0.0
2025-07-22,4610.0,4710.0,4650.0,4655.0,4528.6875,89250,0.0,0.0
2025-07-23,4655.0,4735.0,4680.0,4680.0,4553.0087890625,111040,0.0,0.0
2025-07-24,4680.0,4750.0,4680.0,4750.0,4621.10986328125,89561,0.0,0.0
2025-07-25,4750.0,4740.0,4685.0,4685.0,4557.873046875,194398,0.0,0.0
2025-07-28,4685.0,4800.0,4700.0,4780.0,4650.29541015625,280738,0.0,0.0
2025-07-29,4780.0,4760.0,4680.0,4680.0,4553.0087890625,635691,0.0,0.0
2025-07-30,4680.0,4765.0,4690.0,4690.0,4562.7373046875,144693,0.0,0.0
2025-07-31,4690.0,4700.0,4700.0,4700.0,4572.46630859375,37079,0.0,0.0
2025-08-01,4700.0,4805.0,4680.0,4805.0,4674.6171875,259141,0.0,0.0
2025-08-04,4805.0,4805.0,4805.0,4805.0,4674.6171875,0,0.0,0.0
2025-08-05,4725.0,4710.0,4710.0,4710.0,4582.1953125,27402,0.0,0.0
2025-08-06,4710.0,4710.0,4700.0,4710.0,4582.1953125,28381,0.0,0.0
2025-08-07,4710.0,4710.0,4710.0,4710.0,4582.1953125,0,0.0,0.0
2025-08-08,4710.0,4900.0,4780.0,4900.0,4767.0390625,251065,0.0,0.0
2025-08-11,4900.0,4950.0,4805.0,4940.0,4805.9541015625,253,0.0,0.0
2025-08-12,4940.0,4850.0,4930.0,4920.0,4786.49658203125,176495,0.0,0.0
2025-08-13,4920.0,4870.0,4910.0,4870.0,4737.85302734375,93646,0.0,0.0
2025-08-14,4870.0,4950.0,4775.0,4775.0,4645.43115234375,243663,0.0,0.0
2025-08-15,4775.0,4885.0,4840.0,4885.0,4752.4462890625,148673,0.0,0.0
2025-08-19,4885.0,4840.0,4800.0,4805.0,4674.6171875,181256,0.0,0.0
2025-08-20,4805.0,4885.0,4805.0,4810.0,4679.4814453125,83034,0.0,0.0
2025-08-21,4810.0,4810.0,4780.0,4780.0,4650.29541015625,128657,0.0,0.0
2025-08-22,4780.0,4800.0,4755.0,4800.0,4669.75244140625,90482,0.0,0.0
2025-08-25,4800.0,4750.0,4680.0,4680.0,4553.0087890625,327267,0.0,0.0
2025-08-26,4680.0,4795.0,4680.0,4750.0,4621.10986328125,260113,0.0,0.0
2025-08-27,4750.0,4795.0,4745.0,4790.0,4660.0244140625,77744,0.0,0.0
2025-08-28,4790.0,4800.0,4655.0,4790.0,4660.0244140625,176547,0.0,0.0
2025-08-29,4790.0,4790.0,4665.0,4790.0,4660.0244140625,114681,0.0,0.0
2025-09-01,4790.0,4800.0,4740.0,4800.0,4669.75244140625,107935,0.0,0.0
2025-09-02,4800.0,4800.0,4800.0,4800.0,4669.75244140625,0,0.0,0.0
2025-09-03,4795.0,4750.0,4705.0,4705.0,4577.33056640625,111636,0.0,0.0
2025-09-04,4705.0,4760.0,4700.0,4725.0,4596.7880859375,107846,0.0,0.0
2025-09-05,4725.0,4725.0,4720.0,4725.0,4596.7880859375,147965,0.0,0.0
2025-09-08,4725.0,4775.0,4710.0,4770.0,4640.56689453125,166819,0.0,0.0
2025-09-09,4770.0,4750.0,4705.0,4745.0,4616.24560546875,111728,0.0,0.0
2025-09-10,4745.0,4765.0,4720.0,4765.0,4635.7021484375,139530,0.0,0.0
2025-09-11,4765.0,4840.0,4705.0,4840.0,4708.66748046875,176378,0.0,0.0
2025-09-12,4840.0,4780.0,4740.0,4740.0,4611.380859375,134090,0.0,0.0
2025-09-15,4740.0,4755.0,4500.0,4500.0,4377.89306640625,894707,0.0,0.0
2025-09-16,4500.0,4580.0,4500.0,4500.0,4377.89306640625,319324,0.0,0.0
2025-09-17,4500.0,4520.0,4300.0,4410.0,4290.33544921875,590369,0.0,0.0
2025-09-18,4410.0,4580.0,4380.0,4520.0,4397.35107421875,1906086,0.0,0.0
2025-09-19,4520.0,4585.0,4525.0,4550.0,4426.53662109375,2037922,0.0,0.0
2025-09-22,4550.0,4730.0,4580.0,4725.0,4596.7880859375,370048,0.0,0.0
2025-09-23,4725.0,4785.0,4675.0,4775.0,4645.43115234375,386427,0.0,0.0
2025-09-24,4775.0,4820.0,4750.0,4785.0,4655.15966796875,372051,0.0,0.0
2025-09-25,4785.0,4775.0,4730.0,4775.0,4645.43115234375,168790,0.0,0.0
2025-09-26,4775.0,4775.0,4705.0,4775.0,4645.43115234375,153737,0.0,0.0
2025-09-29,4775.0,4775.0,4690.0,4715.0,4587.05908203125,96623,0.0,0.0
2025-09-30,4790.0,4800.0,4740.0,4800.0,4669.75244140625,107935,0.0,0.0
2025-10-01,4700.0,4625.0,4595.0,4625.0,4499.50146484375,59476,0.0,0.0
2025-10-02,4625.0,4630.0,4630.0,4630.0,4504.3662109375,43711,0.0,0.0
2025-10-03,4630.0,4745.0,4635.0,4670.0,4543.2802734375,152997,0.0,0.0
2025-10-06,4670.0,4755.0,4705.0,4710.0,4582.1953125,147263,0.0,0.0
2025-10-07,4710.0,4760.0,4760.0,4760.0,4630.837890625,27899,0.0,0.0
2025-10-08,4760.0,4795.0,4710.0,4795.0,4664.88818359375,93213,0.0,0.0
2025-10-09,4795.0,4835.0,4785.0,4825.0,4694.07470703125,145841,0.0,0.0
2025-10-10,4825.0,4830.0,4795.0,4830.0,4698.9384765625,171454,0.0,0.0
2025-10-14,4830.0,4850.0,4830.0,4830.0,4698.9384765625,101410,0.0,0.0
2025-10-15,4830.0,4860.0,4810.0,4855.0,4723.26025390625,461377,0.0,0.0
2025-10-16,4855.0,4855.0,4825.0,4830.0,4698.9384765625,166402,0.0,0.0
2025-10-17,4830.0,4870.0,4820.0,4870.0,4777.41796875,212830,40.0,0.0
2025-10-20,4870.0,4870.0,4820.0,4840.0,4747.98828125,249155,0.0,0.0
2025-10-21,4840.0,4870.0,4830.0,4870.0,4777.41796875,109372,0.0,0.0
2025-10-22,4870.0,4890.0,4810.0,4890.0,4797.03759765625,140201,0.0,0.0
2025-10-23,4890.0,4920.0,4895.0,4895.0,4801.9423828125,142851,0.0,0.0
2025-10-24,4895.0,5000.0,4890.0,5000.0,4904.94677734375,249422,0.0,0.0
2025-10-27,5000.0,5090.0,4900.0,4900.0,4806.84716796875,604418,0.0,0.0
2025-10-28,4900.0,4930.0,4900.0,4900.0,4806.84716796875,111713,0.0,0.0
2025-10-29,4900.0,4995.0,4890.0,4915.0,4821.5625,296418,0.0,0.0
2025-10-30,4915.0,4915.0,4880.0,4910.0,4816.65771484375,62837,0.0,0.0
2025-10-31,4910.0,4910.0,4880.0,4890.0,4797.03759765625,70244,0.0,0.0
2025-11-04,4890.0,4865.0,4855.0,4865.0,4772.51318359375,42165,0.0,0.0
2025-11-05,4865.0,4885.0,4850.0,4865.0,4772.51318359375,126343,0.0,0.0
2025-11-06,4865.0,4890.0,4845.0,4860.0,4767.60791015625,622981,0.0,0.0
2025-11-07,4860.0,4855.0,4850.0,4850.0,4757.79833984375,97823,0.0,0.0
2025-11-10,4850.0,4900.0,4850.0,4900.0,4806.84716796875,67697,0.0,0.0
2025-11-11,4900.0,4950.0,4865.0,4915.0,4821.5625,150267,0.0,0.0
2025-11-12,4915.0,4935.0,4900.0,4930.0,4836.27734375,115105,0.0,0.0
2025-11-13,4930.0,4950.0,4900.0,4945.0,4850.9921875,124188,0.0,0.0
2025-11-14,4945.0,4950.0,4860.0,4950.0,4855.89697265625,80088,0.0,0.0
2025-11-18,4950.0,4920.0,4860.0,4860.0,4767.60791015625,186840,0.0,0.0
2025-11-19,4860.0,4915.0,4865.0,4880.0,4787.2275390625,125313,0.0,0.0
2025-11-20,4880.0,4935.0,4880.0,4880.0,4787.2275390625,202545,0.0,0.0
2025-11-21,4880.0,4890.0,4640.0,4700.0,4610.6494140625,591345,0.0,0.0
2025-11-24,4700.0,4745.0,4635.0,4635.0,4546.8857421875,710395,0.0,0.0
2025-11-25,4635.0,4735.0,4655.0,4730.0,4640.07958984375,333445,0.0,0.0
2025-11-26,4730.0,4790.0,4730.0,4790.0,4698.9384765625,171301,0.0,0.0
2025-11-27,4790.0,4825.0,4740.0,4800.0,4708.74853515625,162961,0.0,0.0
2025-11-28,4800.0,4945.0,4810.0,4945.0,4850.9921875,237828,0.0,0.0
2025-12-01,4945.0,4905.0,4870.0,4900.0,4806.84716796875,131675,0.0,0.0
2025-12-02,4900.0,4905.0,4870.0,4905.0,4811.7529296875,187359,0.0,0.0
2025-12-03,4890.0,4865.0,4855.0,4865.0,4772.51318359375,42165,0.0,0.0
2025-12-04,4850.0,4950.0,4855.0,4950.0,4855.89697265625,222188,0.0,0.0
2025-12-05,4950.0,4965.0,4850.0,4965.0,4870.61181640625,221963,0.0,0.0
2025-12-09,4965.0,4965.0,4925.0,4950.0,4855.89697265625,117842,0.0,0.0
2025-12-10,4950.0,4990.0,4910.0,4910.0,4816.65771484375,224257,0.0,0.0
2025-12-11,4910.0,4950.0,4900.0,4935.0,4841.18212890625,280905,0.0,0.0
2025-12-12,4935.0,5000.0,4905.0,5000.0,4904.94677734375,125051,0.0,0.0
2025-12-15,5000.0,5050.0,4965.0,4965.0,4870.61181640625,122315,0.0,0.0
2025-12-16,4965.0,4995.0,4860.0,4950.0,4855.89697265625,204448,0.0,0.0
2025-12-17,4950.0,5000.0,4880.0,4930.0,4836.27734375,334805,0.0,0.0
2025-12-18,4930.0,4990.0,4865.0,4865.0,4772.51318359375,221365,0.0,0.0
2025-12-19,4865.0,4945.0,4860.0,4885.0,4792.1328125,217258,0.0,0.0
2025-12-22,4885.0,4925.0,4890.0,4900.0,4806.84716796875,168079,0.0,0.0
2025-12-23,4900.0,4990.0,4900.0,4915.0,4821.5625,233504,0.0,0.0
2025-12-24,4915.0,4970.0,4915.0,4950.0,4855.89697265625,115091,0.0,0.0
2025-12-26,4950.0,4900.0,4850.0,4900.0,4806.84716796875,366506,155.0,0.0
2025-12-29,4900.0,4930.0,4865.0,4930.0,4836.27734375,162784,0.0,0.0
2025-12-30,4930.0,4980.0,4900.0,4900.0,4806.84716796875,143090,0.0,0.0
2025-12-31,4900.0,4900.0,4900.0,4900.0,4806.84716796875,0,0.0,0.0
2026-01-02,4900.0,4925.0,4830.0,4900.0,4806.84716796875,82911,0.0,0.0
2026-01-05,4900.0,4950.0,4885.0,4930.0,4836.27734375,169272,0.0,0.0
2026-01-06,4930.0,5060.0,4935.0,5060.0,4963.8056640625,571999,0.0,0.0
2026-01-07,5060.0,5000.0,4950.0,5000.0,4904.94677734375,98540,0.0,0.0
2026-01-08,5000.0,5000.0,4985.0,5000.0,4904.94677734375,70754,0.0,0.0
2026-01-09,5000.0,5050.0,4980.0,5050.0,4953.99609375,170542,0.0,0.0
2026-01-13,5050.0,5100.0,5010.0,5060.0,4963.8056640625,325286,0.0,0.0
2026-01-14,5060.0,5090.0,4985.0,4985.0,4890.2314453125,269322,0.0,0.0
2026-01-15,4985.0,5060.0,4990.0,5060.0,4963.8056640625,193666,0.0,0.0
2026-01-16,5060.0,5070.0,5000.0,5060.0,5003.35791015625,204135,40.0,0.0
2026-01-19,5060.0,5080.0,5010.0,5080.0,5023.13427734375,145935,0.0,0.0
2026-01-20,5080.0,5090.0,5040.0,5090.0,5033.0224609375,456442,0.0,0.0
2026-01-21,5090.0,5090.0,5050.0,5090.0,5033.0224609375,361211,0.0,0.0
2026-01-22,5090.0,5100.0,5060.0,5080.0,5023.13427734375,238009,0.0,0.0
2026-01-23,5080.0,5100.0,5060.0,5090.0,5033.0224609375,451808,0.0,0.0
2026-01-26,5090.0,5090.0,5050.0,5080.0,5023.13427734375,469439,0.0,0.0
2026-01-27,5080.0,5100.0,5070.0,5100.0,5042.91015625,500619,0.0,0.0
2026-01-28,5100.0,5240.0,5090.0,5240.0,5181.34326171875,1314315,0.0,0.0
2026-01-29,5240.0,5250.0,5160.0,5250.0,5191.2314453125,304755,0.0,0.0
2026-01-30,5250.0,5270.0,5200.0,5260.0,5201.119140625,238960,0.0,0.0
2026-02-02,5260.0,5230.0,5110.0,5120.0,5062.6865234375,348805,0.0,0.0
2026-02-03,5120.0,5190.0,5050.0,5100.0,5042.91015625,176930,0.0,0.0
2026-02-04,5100.0,5060.0,4950.0,4970.0,4914.36572265625,274332,0.0,0.0
2026-02-05,4970.0,5040.0,4950.0,5040.0,4983.58203125,220814,0.0,0.0
2026-02-06,5040.0,5030.0,4950.0,4960.0,4904.4775390625,85923,0.0,0.0
2026-02-09,4960.0,5000.0,4870.0,4960.0,4904.4775390625,425878,0.0,0.0
2026-02-10,4960.0,4980.0,4960.0,4980.0,4924.25341796875,80854,0.0,0.0
2026-02-11,4980.0,4940.0,4850.0,4850.0,4795.708984375,343945,0.0,0.0
2026-02-12,4850.0,4890.0,4800.0,4870.0,4815.48486328125,123242,0.0,0.0
2026-02-13,4870.0,5090.0,4855.0,5060.0,5003.35791015625,206972,0.0,0.0
2026-02-16,5060.0,4910.0,4910.0,4910.0,4855.037109375,33801,0.0,0.0
2026-02-17,4910.0,4990.0,4855.0,4990.0,4934.1416015625,91052,0.0,0.0
2026-02-18,4990.0,4985.0,4950.0,4975.0,4919.3095703125,60928,0.0,0.0
2026-02-19,4975.0,4990.0,4980.0,4990.0,4934.1416015625,94205,0.0,0.0
2026-02-20,4990.0,5080.0,4985.0,5080.0,5023.13427734375,518485,0.0,0.0
2026-02-23,5080.0,5080.0,5040.0,5060.0,5003.35791015625,1503428,0.0,0.0
2026-02-24,5060.0,5100.0,5040.0,5060.0,5003.35791015625,282477,0.0,0.0
2026-02-25,5060.0,5100.0,5040.0,5080.0,5023.13427734375,242304,0.0,0.0
2026-02-26,5080.0,5080.0,4980.0,5000.0,4944.02978515625,1399850,0.0,0.0
2026-02-27,5000.0,4980.0,4835.0,4835.0,4780.876953125,181679,0.0,0.0
2026-03-02,4835.0,4840.0,4510.0,4510.0,4459.5146484375,192749,0.0,0.0
2026-03-03,4510.0,4900.0,4310.0,4900.0,4845.14892578125,296945,0.0,0.0
2026-03-04,4510.0,4900.0,4310.0,4900.0,4845.14892578125,296945,0.0,0.0
2026-03-05,4700.0,4890.0,4755.0,4760.0,4706.71630859375,148018,0.0,0.0
2026-03-06,4760.0,4870.0,4745.0,4870.0,4815.48486328125,159850,0.0,0.0
2026-03-09,4870.0,4990.0,4800.0,4990.0,4934.1416015625,161932,0.0,0.0
2026-03-11,5010.0,5090.0,5050.0,5050.0,4993.47021484375,45465,0.0,0.0
2026-03-12,5050.0,5000.0,4965.0,5000.0,4944.02978515625,77385,0.0,0.0
2026-03-13,5000.0,5000.0,4850.0,4850.0,4795.708984375,185502,0.0,0.0
2026-03-16,4850.0,4970.0,4905.0,4915.0,4859.9814453125,47385,0.0,0.0
2026-03-17,4915.0,4995.0,4660.0,4660.0,4607.8359375,474027,0.0,0.0
2026-03-18,4660.0,4785.0,4660.0,4700.0,4647.38818359375,129034,0.0,0.0
2026-03-19,4700.0,4680.0,4410.0,4500.0,4449.626953125,313071,0.0,0.0
2026-03-20,4500.0,4720.0,4300.0,4300.0,4251.86572265625,1032321,0.0,0.0
2026-03-24,4300.0,6510.0,4900.0,5040.0,4983.58203125,3970593,0.0,0.0
2026-03-25,5040.0,5530.0,5000.0,5210.0,5151.67919921875,1111419,0.0,0.0
2026-03-26,5210.0,5500.0,5300.0,5460.0,5398.88037109375,637920,0.0,0.0
2026-03-27,5460.0,5590.0,5200.0,5200.0,5141.791015625,616679,0.0,0.0
2026-03-30,5200.0,5350.0,5200.0,5200.0,5141.791015625,78855,0.0,0.0
2026-03-31,5200.0,5320.0,5200.0,5300.0,5240.67138671875,78668,0.0,0.0
2026-04-01,5300.0,5380.0,5250.0,5280.0,5220.8955078125,131983,0.0,0.0
2026-04-02,5280.0,5280.0,5280.0,5280.0,5220.8955078125,0,0.0,0.0
2026-04-03,5280.0,5280.0,5280.0,5280.0,5220.8955078125,0,0.0,0.0
2026-04-06,5280.0,5490.0,5280.0,5480.0,5418.65673828125,324002,0.0,0.0
2026-04-07,5480.0,5500.0,5390.0,5490.0,5428.54443359375,181615,0.0,0.0
2026-04-08,5490.0,5590.0,5480.0,5550.0,5487.873046875,443970,0.0,0.0
2026-04-09,5550.0,5600.0,5550.0,5600.0,5537.3134765625,428301,0.0,0.0
2026-04-10,5550.0,5600.0,5550.0,5600.0,5537.3134765625,428301,0.0,0.0
2026-04-13,5600.0,5600.0,5600.0,5600.0,5537.3134765625,0,0.0,0.0
2026-04-14,5600.0,5600.0,5600.0,5600.0,5537.3134765625,0,0.0,0.0
2026-04-15,5750.0,5790.0,5690.0,5690.0,5626.3056640625,513479,0.0,0.0
2026-04-16,5690.0,5770.0,5680.0,5700.0,5636.19384765625,484269,0.0,0.0
2026-04-17,5700.0,5700.0,5600.0,5600.0,5537.3134765625,288121,0.0,0.0
2026-04-20,5600.0,5700.0,5540.0,5540.0,5477.98486328125,330886,0.0,0.0
2026-04-21,5540.0,5630.0,5320.0,5440.0,5379.1044921875,277562,0.0,0.0
2026-04-22,5440.0,5550.0,5400.0,5490.0,5428.54443359375,195283,0.0,0.0
2026-04-23,5490.0,5570.0,5300.0,5360.0,5300.0,149920,0.0,0.0
2026-04-24,5360.0,5480.0,5120.0,5240.0,5181.34326171875,219016,0.0,0.0
2026-04-27,5240.0,5340.0,5190.0,5200.0,5141.791015625,34870,0.0,0.0
2026-04-28,5200.0,5420.0,5020.0,5200.0,5141.791015625,114142,0.0,0.0
2026-04-29,5200.0,5100.0,4950.0,4950.0,4894.58935546875,1033111,0.0,0.0
2026-04-30,4950.0,5040.0,4910.0,4990.0,4934.1416015625,169902,0.0,0.0
2026-05-04,4990.0,5090.0,4915.0,4980.0,4924.25341796875,206026,0.0,0.0
2026-05-05,4980.0,4980.0,4980.0,4980.0,4924.25341796875,0,0.0,0.0
2026-05-06,5020.0,5090.0,4950.0,4950.0,4894.58935546875,255999,0.0,0.0
2026-05-07,4950.0,5000.0,4900.0,4900.0,4845.14892578125,288046,0.0,0.0
2026-05-08,4900.0,4950.0,4850.0,4850.0,4795.708984375,461852,0.0,0.0
2026-05-11,4850.0,4970.0,4875.0,4900.0,4845.14892578125,270992,0.0,0.0
2026-05-12,4900.0,4990.0,4830.0,4830.0,4775.9326171875,437833,0.0,0.0
2026-05-13,4891.53955078125,4805.0,4830.0,4965.0,4909.42138671875,178996,0.0,0.0
2026-05-14,4960.0,5150.0,4960.0,5010.0,4953.91796875,445829,0.0,0.0
2026-05-15,5010.0,5080.0,4800.0,4935.0,4879.75732421875,211804,0.0,0.0
2026-05-19,4935.0,4940.0,4880.0,4890.0,4835.26123046875,156858,0.0,0.0
2026-05-20,4890.0,4900.0,4705.0,4740.0,4686.9404296875,419018,0.0,0.0
2026-05-21,4740.0,4895.0,4700.0,4810.0,4756.15673828125,281043,0.0,0.0
2026-05-22,4810.0,4790.0,4720.0,4740.0,4686.9404296875,131399,0.0,0.0
2026-05-25,4740.0,4750.0,4630.0,4630.0,4578.17138671875,418033,0.0,0.0
2026-05-26,4630.0,4890.0,4650.0,4810.0,4756.15673828125,502788,0.0,0.0
2026-05-27,4810.0,4895.0,4740.0,4820.0,4766.04443359375,317653,0.0,0.0
2026-05-28,4820.0,4860.0,4580.0,4800.0,4746.2685546875,179691,0.0,0.0
2026-06-01,4700.0,4875.0,4725.0,4780.0,4726.49267578125,443315,0.0,0.0
2026-06-02,4700.0,4875.0,4725.0,4780.0,4726.49267578125,443315,0.0,0.0
2026-06-03,4780.0,4925.0,4800.0,4925.0,4869.869140625,553649,0.0,0.0
2026-06-04,4925.0,5000.0,4880.0,4960.0,4904.4775390625,328095,0.0,0.0
2026-06-05,4980.0,5100.0,4990.0,5020.0,4963.8056640625,466674,0.0,0.0
2026-06-08,5020.0,5020.0,5020.0,5020.0,4963.8056640625,0,0.0,0.0
2026-06-09,4975.0,5300.0,4980.0,5300.0,5240.67138671875,680750,0.0,0.0
2026-06-10,5300.0,5280.0,5120.0,5170.0,5112.126953125,228521,0.0,0.0
2026-06-11,404.0,5260.0,4940.0,4950.0,4894.58935546875,717439,0.0,0.0
2026-06-12,4950.0,4950.0,4950.0,4950.0,4894.58935546875,0,0.0,0.0
2026-06-15,4950.0,4950.0,4950.0,4950.0,4894.58935546875,0,0.0,0.0
2026-06-16,5200.0,5300.0,5000.0,5100.0,5042.91015625,262702,0.0,0.0
2026-06-17,5100.0,5100.0,5100.0,5100.0,5042.91015625,0,0.0,0.0
2026-06-18,5100.0,5100.0,5100.0,5100.0,5042.91015625,0,0.0,0.0
2026-06-19,5100.0,5100.0,5100.0,5100.0,5042.91015625,0,0.0,0.0
2026-06-22,5200.0,5380.0,5010.0,5090.0,5033.0224609375,819647,0.0,0.0
2026-06-23,5090.0,5130.0,5020.0,5080.0,5023.13427734375,222134,0.0,0.0
2026-06-24,5080.0,5090.0,4945.0,5090.0,5033.0224609375,355738,0.0,0.0
2026-06-25,5090.0,5140.0,4980.0,5000.0,4944.02978515625,313333,0.0,0.0
2026-06-26,5000.0,5090.0,4970.0,5070.0,5013.24609375,199430,0.0,0.0
2026-06-29,5070.0,5070.0,5070.0,5070.0,5013.24609375,0,0.0,0.0
2026-06-30,5070.0,5140.0,4985.0,5080.0,5023.13427734375,245443,0.0,0.0
2026-07-01,5080.0,5110.0,4930.0,5090.0,5033.0224609375,190699,0.0,0.0
2026-07-02,5090.0,5140.0,5010.0,5020.0,4963.8056640625,260445,0.0,0.0
2026-07-03,5020.0,5130.0,5040.0,5040.0,4983.58203125,136937,0.0,0.0
2026-07-06,5040.0,5050.0,4915.0,4940.0,4884.701171875,229993,0.0,0.0
2026-07-07,4940.0,5100.0,4915.0,5080.0,5023.13427734375,171742,0.0,0.0
2026-07-08,5080.0,5110.0,4970.0,5030.0,4973.69384765625,216551,0.0,0.0
2026-07-09,5030.0,5190.0,5010.0,5180.0,5122.0146484375,142199,0.0,0.0
2026-07-10,5180.0,5380.0,5120.0,5380.0,5319.77587890625,456083,0.0,0.0
2026-07-14,5380.0,5400.0,5190.0,5260.0,5201.119140625,191880,0.0,0.0
2026-07-15,5260.0,5360.0,5190.0,5360.0,5300.0,142978,0.0,0.0
2026-07-16,5360.0,5280.0,5110.0,5280.0,5280.0,190610,60.0,0.0
2026-07-17,5280.0,5280.0,5190.0,5270.0,5270.0,112116,0.0,0.0
2026-07-21,5270.0,5320.0,5020.0,5200.0,5200.0,191854,0.0,0.0
2026-07-22,5200.0,5200.0,5160.0,5170.0,5170.0,144430,0.0,0.0
2026-07-23,5170.0,5150.0,5060.0,5100.0,5100.0,116175,0.0,0.0
2026-07-24,5100.0,5100.0,5100.0,5100.0,5100.0,0,0.0,0.0
2026-07-27,4950.0,5190.0,4880.0,4895.0,4895.0,68975,0.0,0.0
2026-07-28,4895.0,4880.0,4825.0,4875.0,4875.0,76081,0.0,0.0
2026-07-29,37540.0,5040.0,4825.0,4875.0,4875.0,58560,0.0,0.0
2026-07-30,4875.0,4865.0,4830.0,4845.0,4845.0,137439,0.0,0.0
2026-07-31,4845.0,5050.0,4815.0,5010.0,5010.0,349106,0.0,0.0
2026-08-03,5010.0,5100.0,4905.0,4950.0,4950.0,92742,0.0,0.0
2026-08-04,4950.0,5020.0,4905.0,4945.0,4945.0,119533,0.0,0.0
2026-08-05,4945.0,4950.0,4920.0,4930.0,4930.0,146946,0.0,0.0
2026-08-06,4930.0,5050.0,4990.0,4995.0,4995.0,348249,0.0,0.0
2026-08-07,4995.0,4995.0,4995.0,4995.0,4995.0,0,0.0,0.0
2026-08-10,4995.0,5000.0,4835.0,4900.0,4900.0,243890,0.0,0.0
2026-08-11,4900.0,4915.0,4865.0,4900.0,4900.0,137120,0.0,0.0
2026-08-12,4900.0,4975.0,4850.0,4955.0,4955.0,134273,0.0,0.0
2026-08-13,4955.0,4985.0,4900.0,4905.0,4905.0,71549,0.0,0.0
2026-08-14,4905.0,4960.0,4825.0,4960.0,4960.0,221899,0.0,0.0
2026-08-18,4960.0,4990.0,4840.0,4970.0,4970.0,153930,0.0,0.0
2026-08-19,4970.0,4940.0,4815.0,4885.0,4885.0,206529,0.0,0.0
2026-08-20,4885.0,4895.0,4820.0,4820.0,4820.0,105894,0.0,0.0
2026-08-21,4820.0,4850.0,4800.0,4810.0,4810.0,202253,0.0,0.0
2026-08-24,4810.0,4905.0,4800.0,4805.0,4805.0,150838,0.0,0.0
2026-08-25,4805.0,4850.0,4750.0,4795.0,4795.0,177393,0.0,0.0
2026-08-26,4795.0,4800.0,4730.0,4755.0,4755.0,157971,0.0,0.0
2026-08-27,4755.0,4800.0,4750.0,4760.0,4760.0,146433,0.0,0.0
2026-08-28,4760.0,4800.0,4720.0,4795.0,4795.0,120863,0.0,0.0
2026-08-31,4795.0,4830.0,4740.0,4830.0,4830.0,117792,0.0,0.0
2026-09-01,4830.0,4870.0,4780.0,4780.0,4780.0,149420,0.0,0.0
2026-09-02,4780.0,4805.0,4700.0,4750.0,4750.0,1208531,0.0,0.0
2026-09-03,4750.0,4780.0,4745.0,4760.0,4760.0,53271,0.0,0.0
2026-09-04,4760.0,4780.0,4715.0,4750.0,4750.0,136549,0.0,0.0
2026-09-08,4795.0,4850.0,4755.0,4800.0,4800.0,432373,0.0,0.0
2026-09-09,4800.0,4880.0,4800.0,4850.0,4850.0,364114,0.0,0.0
2026-09-10,4850.0,5020.0,4835.0,5020.0,5020.0,475474,0.0,0.0
2026-09-11,5020.0,5020.0,4800.0,4800.0,4800.0,220360,0.0,0.0
2026-09-14,4800.0,4940.0,4870.0,4930.0,4930.0,188356,0.0,0.0
