Date,Open,High,Low,Close,Adj Close,Volume,Dividends,Stock Splits
2020-01-01,3315.0,3315.0,3315.0,3315.0,1491.2252197265625,0,0.0,0.0
2020-01-02,3315.0,3315.0,3315.0,3315.0,1491.2252197265625,0,0.0,0.0
2020-01-03,3380.0,3380.0,3335.0,3380.0,1520.4647216796875,7724860,0.0,0.0
2020-01-06,3380.0,3380.0,3380.0,3380.0,1520.4647216796875,0,0.0,0.0
2020-01-07,3360.0,3395.0,3325.0,3360.0,1511.46826171875,6097335,0.0,0.0
2020-01-08,3325.0,3360.0,3300.0,3325.0,1495.7236328125,15799402,0.0,0.0
2020-01-09,3345.0,3350.0,3300.0,3345.0,1504.7205810546875,2358976,0.0,0.0
2020-01-10,3400.0,3410.0,3300.0,3400.0,1529.4615478515625,8254121,0.0,0.0
2020-01-13,3420.0,3425.0,3385.0,3420.0,1538.458740234375,3948381,0.0,0.0
2020-01-14,3405.0,3435.0,3370.0,3405.0,1531.7110595703125,10348555,0.0,0.0
2020-01-15,3395.0,3415.0,3375.0,3395.0,1527.2125244140625,10545147,0.0,0.0
2020-01-16,3405.0,3420.0,3385.0,3405.0,1531.7110595703125,4263274,0.0,0.0
2020-01-17,3405.0,3420.0,3385.0,3405.0,1531.7110595703125,4263274,0.0,0.0
2020-01-20,3385.0,3385.0,3370.0,3385.0,1522.714111328125,1249626,0.0,0.0
2020-01-21,3360.0,3380.0,3355.0,3360.0,1511.46826171875,4162755,0.0,0.0
2020-01-22,3330.0,3355.0,3330.0,3330.0,1497.97265625,3946234,0.0,0.0
2020-01-23,3315.0,3330.0,3285.0,3315.0,1491.2252197265625,5523224,0.0,0.0
2020-01-24,3290.0,3305.0,3285.0,3290.0,1479.9791259765625,5848873,0.0,0.0
2020-01-27,3205.0,3285.0,3195.0,3205.0,1441.742431640625,17911845,0.0,0.0
2020-01-28,3190.0,3220.0,3190.0,3190.0,1434.9949951171875,9741845,0.0,0.0
2020-01-29,3195.0,3215.0,3185.0,3195.0,1437.2440185546875,6951412,0.0,0.0
2020-01-30,3200.0,3200.0,3145.0,3200.0,1439.4932861328125,9469906,0.0,0.0
2020-01-31,3180.0,3210.0,3140.0,3180.0,1430.4964599609375,19502919,0.0,0.0
2020-02-03,3140.0,3160.0,3120.0,3140.0,1412.5030517578125,7113412,0.0,0.0
2020-02-04,3185.0,3225.0,3170.0,3185.0,1432.74560546875,6751347,0.0,0.0
2020-02-05,3190.0,3235.0,3190.0,3190.0,1434.9949951171875,8119290,0.0,0.0
2020-02-06,3195.0,3205.0,3155.0,3195.0,1437.2440185546875,6321212,0.0,0.0
2020-02-07,3215.0,3220.0,3180.0,3215.0,1446.2412109375,3225700,0.0,0.0
2020-02-10,3215.0,3225.0,3195.0,3215.0,1446.2412109375,2706843,0.0,0.0
2020-02-11,3290.0,3295.0,3220.0,3290.0,1479.9791259765625,6594906,0.0,0.0
2020-02-12,3375.0,3395.0,3290.0,3375.0,1518.2159423828125,11129921,0.0,0.0
2020-02-13,3360.0,3380.0,3335.0,3360.0,1511.46826171875,5160683,0.0,0.0
2020-02-14,3325.0,3375.0,3310.0,3325.0,1495.7236328125,4912203,0.0,0.0
2020-02-17,3355.0,3355.0,3320.0,3355.0,1509.21875,881320,0.0,0.0
2020-02-18,3365.0,3365.0,3315.0,3365.0,1513.7174072265625,8252194,0.0,0.0
2020-02-19,3460.0,3460.0,3365.0,3460.0,1556.4521484375,9608802,0.0,0.0
2020-02-20,3435.0,3495.0,3435.0,3435.0,1545.2060546875,10651758,0.0,0.0
2020-02-21,3425.0,3440.0,3400.0,3425.0,1540.707763671875,7169948,0.0,0.0
2020-02-24,3330.0,3375.0,3300.0,3330.0,1497.97265625,7712437,0.0,0.0
2020-02-25,3300.0,3350.0,3290.0,3300.0,1484.4774169921875,15117172,0.0,0.0
2020-02-26,3285.0,3355.0,3270.0,3285.0,1477.7298583984375,16865710,0.0,0.0
2020-02-27,3120.0,3275.0,3035.0,3120.0,1403.5062255859375,29340734,0.0,0.0
2020-02-28,3105.0,3235.0,3000.0,3105.0,1396.7586669921875,16511945,0.0,0.0
2020-03-02,3060.0,3180.0,3055.0,3060.0,1376.5155029296875,9566943,0.0,0.0
2020-03-03,3040.0,3135.0,2985.0,3040.0,1367.5184326171875,9011373,0.0,0.0
2020-03-04,3160.0,3170.0,3060.0,3160.0,1421.499755859375,8163611,0.0,0.0
2020-03-05,3175.0,3195.0,3100.0,3175.0,1428.247314453125,9583301,0.0,0.0
2020-03-06,2965.0,3150.0,2950.0,2965.0,1333.7806396484375,24604844,0.0,0.0
2020-03-09,2370.0,2950.0,2255.0,2370.0,1066.1248779296875,22069066,0.0,0.0
2020-03-10,2330.0,2570.0,2290.0,2330.0,1048.1312255859375,20140007,0.0,0.0
2020-03-11,2230.0,2355.0,2185.0,2230.0,1003.14697265625,13011176,0.0,0.0
2020-03-12,1940.0,2100.0,1905.0,1940.0,872.69287109375,10344282,0.0,0.0
2020-03-13,1940.0,2100.0,1905.0,1940.0,872.69287109375,10344282,0.0,0.0
2020-03-16,1725.0,1960.0,1705.0,1725.0,775.9769897460938,10747456,0.0,0.0
2020-03-17,1575.0,1710.0,1575.0,1575.0,708.5006103515625,13772260,0.0,0.0
2020-03-18,1380.0,1570.0,1300.0,1380.0,620.781494140625,10864759,0.0,0.0
2020-03-19,1420.0,1495.0,1340.0,1420.0,638.7752075195312,11059614,0.0,0.0
2020-03-20,1485.0,1640.0,1450.0,1485.0,668.0148315429688,23972474,0.0,0.0
2020-03-23,1485.0,1485.0,1485.0,1485.0,668.0148315429688,0,0.0,0.0
2020-03-24,1615.0,1680.0,1480.0,1615.0,726.4943237304688,11955457,0.0,0.0
2020-03-25,1810.0,1890.0,1640.0,1810.0,814.21337890625,11207523,0.0,0.0
2020-03-26,1810.0,1890.0,1640.0,1810.0,814.21337890625,11207523,0.0,0.0
2020-03-27,1860.0,1980.0,1730.0,1860.0,836.7055053710938,10404293,0.0,0.0
2020-03-30,1830.0,1850.0,1700.0,1830.0,823.210205078125,10355161,0.0,0.0
2020-03-31,1900.0,1980.0,1885.0,1900.0,854.6991577148438,12181603,0.0,0.0
2020-04-01,1840.0,1900.0,1810.0,1840.0,827.7086181640625,7069486,0.0,0.0
2020-04-02,2080.0,2165.0,1900.0,2080.0,935.6707763671875,13563088,0.0,0.0
2020-04-03,2270.0,2270.0,2085.0,2270.0,1021.1405029296875,16688585,0.0,0.0
2020-04-06,2260.0,2315.0,2180.0,2260.0,1016.6422119140625,10533034,0.0,0.0
2020-04-07,2230.0,2385.0,2215.0,2230.0,1003.14697265625,10777565,0.0,0.0
2020-04-08,2360.0,2360.0,2210.0,2360.0,1061.62646484375,10307472,0.0,0.0
2020-04-09,2360.0,2360.0,2360.0,2360.0,1061.62646484375,0,0.0,0.0
2020-04-10,2360.0,2360.0,2360.0,2360.0,1061.62646484375,0,0.0,0.0
2020-04-13,2250.0,2400.0,2245.0,2250.0,1012.143798828125,11564770,0.0,0.0
2020-04-14,2225.0,2275.0,2210.0,2225.0,1000.897705078125,8853810,0.0,0.0
2020-04-15,2095.0,2210.0,2025.0,2095.0,942.4182739257812,13033038,0.0,0.0
2020-04-16,2090.0,2150.0,2065.0,2090.0,940.1691284179688,12347568,0.0,0.0
2020-04-17,1950.0,2060.0,1910.0,1950.0,959.8585815429688,16118621,180.0,0.0
2020-04-20,1905.0,2135.0,1800.0,1905.0,937.7078247070312,16782644,0.0,0.0
2020-04-21,1840.0,1885.0,1750.0,1840.0,905.712646484375,10735447,0.0,0.0
2020-04-22,1920.0,1950.0,1860.0,1920.0,945.0916137695312,9170947,0.0,0.0
2020-04-23,1980.0,2010.0,1935.0,1980.0,974.6256103515625,11894067,0.0,0.0
2020-04-24,1910.0,1985.0,1865.0,1910.0,940.1691284179688,6921465,0.0,0.0
2020-04-27,1950.0,2000.0,1850.0,1950.0,959.8585815429688,7096405,0.0,0.0
2020-04-28,2075.0,2075.0,1950.0,2075.0,1021.387939453125,16011029,0.0,0.0
2020-04-29,2070.0,2175.0,2070.0,2070.0,1018.9268798828125,9963145,0.0,0.0
2020-04-30,2090.0,2115.0,1990.0,2090.0,1028.771484375,12267171,0.0,0.0
2020-05-01,2090.0,2090.0,2090.0,2090.0,1028.771484375,0,0.0,0.0
2020-05-04,1960.0,2000.0,1900.0,1960.0,964.7809448242188,8665862,0.0,0.0
2020-05-05,1985.0,2075.0,1965.0,1985.0,977.0867309570312,9909915,0.0,0.0
2020-05-06,1950.0,2000.0,1930.0,1950.0,959.8585815429688,10692926,0.0,0.0
2020-05-07,1975.0,2025.0,1960.0,1975.0,972.1644287109375,14827973,0.0,0.0
2020-05-08,2040.0,2085.0,1990.0,2040.0,1004.1597900390625,10319435,0.0,0.0
2020-05-11,2065.0,2080.0,2040.0,2065.0,1016.4656372070312,6220042,0.0,0.0
2020-05-12,1995.0,2085.0,1995.0,1995.0,982.0090942382812,6818728,0.0,0.0
2020-05-13,1920.0,1995.0,1880.0,1920.0,945.0916137695312,8963520,0.0,0.0
2020-05-14,1930.0,1985.0,1855.0,1930.0,950.0137329101562,7392449,0.0,0.0
2020-05-15,1930.0,1995.0,1930.0,1930.0,950.0137329101562,3589475,0.0,0.0
2020-05-18,2050.0,2075.0,1975.0,2050.0,1009.0820922851562,10044395,0.0,0.0
2020-05-19,1985.0,2045.0,1965.0,1985.0,977.0867309570312,7930509,0.0,0.0
2020-05-20,2030.0,2050.0,2015.0,2030.0,999.2373657226562,3290415,0.0,0.0
2020-05-21,2000.0,2035.0,1980.0,2000.0,984.47021484375,4135495,0.0,0.0
2020-05-22,1970.0,1995.0,1935.0,1970.0,969.703369140625,3517980,0.0,0.0
2020-05-25,1970.0,1970.0,1970.0,1970.0,969.703369140625,0,0.0,0.0
2020-05-26,1990.0,2030.0,1975.0,1990.0,979.5479125976562,4726377,0.0,0.0
2020-05-27,2005.0,2015.0,1950.0,2005.0,986.9315185546875,8228583,0.0,0.0
2020-05-28,1990.0,2015.0,1960.0,1990.0,979.5479125976562,7849505,0.0,0.0
2020-05-29,1990.0,1990.0,1920.0,1990.0,979.5479125976562,29863458,0.0,0.0
2020-06-01,2005.0,2015.0,1945.0,2005.0,986.9315185546875,7844708,0.0,0.0
2020-06-02,2035.0,2055.0,2000.0,2035.0,1001.6986083984375,11383701,0.0,0.0
2020-06-03,2035.0,2055.0,2000.0,2035.0,1001.6986083984375,11383701,0.0,0.0
2020-06-04,2160.0,2165.0,2110.0,2160.0,1063.2279052734375,11007653,0.0,0.0
2020-06-05,2345.0,2345.0,2165.0,2345.0,1154.2913818359375,16488874,0.0,0.0
2020-06-08,2430.0,2430.0,2350.0,2430.0,1196.1314697265625,9945161,0.0,0.0
2020-06-09,2400.0,2415.0,2320.0,2400.0,1181.364501953125,8945287,0.0,0.0
2020-06-10,2285.0,2375.0,2285.0,2285.0,1124.757080078125,10134344,0.0,0.0
2020-06-11,2060.0,2240.0,2060.0,2060.0,1014.0044555664062,10533204,0.0,0.0
2020-06-12,2125.0,2145.0,2080.0,2125.0,1045.999755859375,7234884,0.0,0.0
2020-06-15,2125.0,2125.0,2125.0,2125.0,1045.999755859375,0,0.0,0.0
2020-06-16,2250.0,2260.0,2170.0,2250.0,1107.5291748046875,10245848,0.0,0.0
2020-06-17,2145.0,2235.0,2145.0,2145.0,1055.8443603515625,9196768,0.0,0.0
2020-06-18,2115.0,2190.0,2105.0,2115.0,1041.0772705078125,6715724,0.0,0.0
2020-06-19,2140.0,2180.0,2135.0,2140.0,1053.38330078125,28699680,0.0,0.0
2020-06-22,2140.0,2140.0,2140.0,2140.0,1053.38330078125,0,0.0,0.0
2020-06-23,2155.0,2180.0,2125.0,2155.0,1060.7667236328125,7059430,0.0,0.0
2020-06-24,2090.0,2150.0,2035.0,2090.0,1028.771484375,5958456,0.0,0.0
2020-06-25,2095.0,2105.0,2060.0,2095.0,1031.232666015625,5052016,0.0,0.0
2020-06-26,2070.0,2090.0,2060.0,2070.0,1018.9268798828125,4530295,0.0,0.0
2020-06-29,2070.0,2070.0,2070.0,2070.0,1018.9268798828125,0,0.0,0.0
2020-06-30,2075.0,2120.0,2050.0,2075.0,1021.387939453125,4237837,0.0,0.0
2020-07-01,2060.0,2120.0,2060.0,2060.0,1014.0044555664062,3908052,0.0,0.0
2020-07-02,2080.0,2110.0,2060.0,2080.0,1023.8492431640625,4356721,0.0,0.0
2020-07-03,2100.0,2100.0,2075.0,2100.0,1033.6939697265625,521127,0.0,0.0
2020-07-06,2110.0,2130.0,2075.0,2110.0,1038.6162109375,5537955,0.0,0.0
2020-07-07,2060.0,2090.0,2055.0,2060.0,1014.0044555664062,10383304,0.0,0.0
2020-07-08,2090.0,2090.0,2045.0,2090.0,1028.771484375,7976028,0.0,0.0
2020-07-09,2035.0,2080.0,2020.0,2035.0,1001.6986083984375,11185829,0.0,0.0
2020-07-10,2080.0,2080.0,2020.0,2080.0,1023.8492431640625,8891607,0.0,0.0
2020-07-13,2100.0,2105.0,2080.0,2100.0,1033.6939697265625,9305887,0.0,0.0
2020-07-14,2155.0,2165.0,2065.0,2155.0,1060.7667236328125,6960499,0.0,0.0
2020-07-15,2150.0,2185.0,2125.0,2150.0,1058.3056640625,7334693,0.0,0.0
2020-07-16,2180.0,2180.0,2105.0,2180.0,1073.0726318359375,5270454,0.0,0.0
2020-07-17,2220.0,2230.0,2155.0,2220.0,1092.761962890625,8701282,0.0,0.0
2020-07-20,2220.0,2220.0,2220.0,2220.0,1092.761962890625,0,0.0,0.0
2020-07-21,2245.0,2260.0,2185.0,2245.0,1105.0677490234375,7677988,0.0,0.0
2020-07-22,2230.0,2240.0,2210.0,2230.0,1097.6844482421875,4847476,0.0,0.0
2020-07-23,2225.0,2245.0,2215.0,2225.0,1095.2232666015625,3316759,0.0,0.0
2020-07-24,2220.0,2235.0,2205.0,2220.0,1092.761962890625,2071057,0.0,0.0
2020-07-27,2245.0,2245.0,2200.0,2245.0,1105.0677490234375,4069203,0.0,0.0
2020-07-28,2225.0,2265.0,2200.0,2225.0,1095.2232666015625,6319852,0.0,0.0
2020-07-29,2250.0,2250.0,2225.0,2250.0,1107.5291748046875,3325585,0.0,0.0
2020-07-30,2195.0,2215.0,2155.0,2195.0,1080.4561767578125,9467433,0.0,0.0
2020-07-31,2080.0,2210.0,2080.0,2080.0,1023.8492431640625,24437213,0.0,0.0
2020-08-03,2140.0,2175.0,2125.0,2140.0,1053.38330078125,15750884,0.0,0.0
2020-08-04,2195.0,2225.0,2100.0,2195.0,1080.4561767578125,11020072,0.0,0.0
2020-08-05,2200.0,2260.0,2180.0,2200.0,1082.9173583984375,9774071,0.0,0.0
2020-08-06,2170.0,2210.0,2165.0,2170.0,1068.150146484375,3797025,0.0,0.0
2020-08-07,2170.0,2170.0,2170.0,2170.0,1068.150146484375,0,0.0,0.0
2020-08-10,2190.0,2205.0,2180.0,2190.0,1077.994873046875,818180,0.0,0.0
2020-08-11,2165.0,2215.0,2165.0,2165.0,1065.6890869140625,5764333,0.0,0.0
2020-08-12,2225.0,2225.0,2185.0,2225.0,1095.2232666015625,5649771,0.0,0.0
2020-08-13,2180.0,2210.0,2180.0,2180.0,1073.0726318359375,2689853,0.0,0.0
2020-08-14,2200.0,2200.0,2175.0,2200.0,1082.9173583984375,2036156,0.0,0.0
2020-08-17,2200.0,2200.0,2200.0,2200.0,1082.9173583984375,0,0.0,0.0
2020-08-18,2220.0,2220.0,2180.0,2220.0,1092.761962890625,12192692,0.0,0.0
2020-08-19,2180.0,2215.0,2180.0,2180.0,1073.0726318359375,10589268,0.0,0.0
2020-08-20,2165.0,2175.0,2140.0,2165.0,1065.6890869140625,7954303,0.0,0.0
2020-08-21,2180.0,2180.0,2150.0,2180.0,1073.0726318359375,7749558,0.0,0.0
2020-08-24,2180.0,2180.0,2180.0,2180.0,1073.0726318359375,0,0.0,0.0
2020-08-25,2245.0,2260.0,2220.0,2245.0,1105.0677490234375,7440790,0.0,0.0
2020-08-26,2195.0,2270.0,2195.0,2195.0,1080.4561767578125,12395444,0.0,0.0
2020-08-27,2160.0,2195.0,2150.0,2160.0,1063.2279052734375,8988562,0.0,0.0
2020-08-28,2175.0,2190.0,2155.0,2175.0,1070.6114501953125,4404734,0.0,0.0
2020-08-31,2190.0,2190.0,2135.0,2190.0,1077.994873046875,16761532,0.0,0.0
2020-09-01,2210.0,2210.0,2135.0,2210.0,1087.8397216796875,23874773,0.0,0.0
2020-09-02,2175.0,2210.0,2160.0,2175.0,1070.6114501953125,13493395,0.0,0.0
2020-09-03,2165.0,2175.0,2125.0,2165.0,1065.6890869140625,7216291,0.0,0.0
2020-09-04,2145.0,2170.0,2130.0,2145.0,1055.8443603515625,2826449,0.0,0.0
2020-09-07,2140.0,2155.0,2130.0,2140.0,1053.38330078125,1177698,0.0,0.0
2020-09-08,2080.0,2130.0,2075.0,2080.0,1023.8492431640625,11068581,0.0,0.0
2020-09-09,2080.0,2115.0,2080.0,2080.0,1023.8492431640625,7373185,0.0,0.0
2020-09-10,2015.0,2075.0,2015.0,2015.0,991.8539428710938,12231527,0.0,0.0
2020-09-11,2025.0,2055.0,2005.0,2025.0,996.7760620117188,5017679,0.0,0.0
2020-09-14,2010.0,2035.0,1995.0,2010.0,989.3927001953125,6719901,0.0,0.0
2020-09-15,2045.0,2050.0,2015.0,2045.0,1006.6209716796875,12386675,0.0,0.0
2020-09-16,2050.0,2075.0,2035.0,2050.0,1009.0820922851562,7633052,0.0,0.0
2020-09-17,2065.0,2065.0,2020.0,2065.0,1016.4656372070312,7486941,0.0,0.0
2020-09-18,2115.0,2115.0,2050.0,2115.0,1041.0772705078125,31691332,0.0,0.0
2020-09-21,2020.0,2065.0,2005.0,2020.0,994.3150024414062,11736328,0.0,0.0
2020-09-22,2010.0,2035.0,2000.0,2010.0,989.3927001953125,26218671,0.0,0.0
2020-09-23,1985.0,2010.0,1985.0,1985.0,977.0867309570312,22119689,0.0,0.0
2020-09-24,1950.0,1985.0,1945.0,1950.0,959.8585815429688,10533574,0.0,0.0
2020-09-25,1920.0,1945.0,1910.0,1920.0,945.0916137695312,9715293,0.0,0.0
2020-09-28,1970.0,1985.0,1945.0,1970.0,969.703369140625,5748586,0.0,0.0
2020-09-29,1920.0,1965.0,1910.0,1920.0,945.0916137695312,9396424,0.0,0.0
2020-09-30,1895.0,1940.0,1880.0,1895.0,932.78564453125,7099240,0.0,0.0
2020-10-01,1875.0,1885.0,1860.0,1875.0,922.9408569335938,15904373,0.0,0.0
2020-10-02,1910.0,1920.0,1835.0,1910.0,940.1691284179688,6743466,0.0,0.0
2020-10-05,1910.0,1939.0,1902.0,1910.0,940.1691284179688,5746505,0.0,0.0
2020-10-06,1907.0,1960.0,1907.0,1907.0,938.6924438476562,7743203,0.0,0.0
2020-10-07,1911.0,1915.0,1866.0,1911.0,940.661376953125,7623991,0.0,0.0
2020-10-08,1911.0,1915.0,1866.0,1911.0,940.661376953125,7623991,0.0,0.0
2020-10-09,1938.0,1972.0,1925.0,1938.0,953.9518432617188,4220206,0.0,0.0
2020-10-12,1938.0,1938.0,1938.0,1938.0,953.9518432617188,0,0.0,0.0
2020-10-13,1900.0,1920.0,1874.0,1900.0,935.2467651367188,7712532,0.0,0.0
2020-10-14,1890.0,1907.0,1886.0,1890.0,930.3245239257812,4060661,0.0,0.0
2020-10-15,1879.0,1887.0,1839.0,1879.0,924.9097900390625,8739012,0.0,0.0
2020-10-16,1880.0,1890.0,1847.0,1880.0,925.4019775390625,6809216,0.0,0.0
2020-10-19,1872.0,1916.0,1865.0,1872.0,921.4642333984375,8643602,0.0,0.0
2020-10-20,1893.0,1900.0,1870.0,1893.0,931.8011474609375,4842262,0.0,0.0
2020-10-21,1842.0,1897.0,1840.0,1842.0,906.6971435546875,11967396,0.0,0.0
2020-10-22,1880.0,1880.0,1837.0,1880.0,925.4019775390625,5366874,0.0,0.0
2020-10-23,1860.0,1861.0,1842.0,1860.0,915.5572509765625,3768861,0.0,0.0
2020-10-26,1849.0,1851.0,1810.0,1849.0,910.1427001953125,8026668,0.0,0.0
2020-10-27,1830.0,1830.0,1811.0,1830.0,900.790283203125,9979732,0.0,0.0
2020-10-28,1715.0,1820.0,1715.0,1715.0,844.1832885742188,19294360,0.0,0.0
2020-10-29,1747.0,1750.0,1615.0,1747.0,859.9346923828125,7487469,0.0,0.0
2020-10-30,1791.0,1791.0,1731.0,1791.0,881.5931396484375,14066645,0.0,0.0
2020-11-02,1791.0,1791.0,1791.0,1791.0,881.5931396484375,0,0.0,0.0
2020-11-03,1822.0,1848.0,1795.0,1822.0,896.8524169921875,6239928,0.0,0.0
2020-11-04,1870.0,1886.0,1810.0,1870.0,920.479736328125,8774101,0.0,0.0
2020-11-05,1850.0,1893.0,1850.0,1850.0,910.6351318359375,4760886,0.0,0.0
2020-11-06,1850.0,1893.0,1850.0,1850.0,910.6351318359375,4760886,0.0,0.0
2020-11-09,1938.0,1990.0,1870.0,1938.0,953.9518432617188,25395667,0.0,0.0
2020-11-10,1982.0,1982.0,1937.0,1982.0,975.6101684570312,8743850,0.0,0.0
2020-11-11,2015.0,2025.0,1990.0,2015.0,991.8539428710938,7797342,0.0,0.0
2020-11-12,1974.0,2020.0,1952.0,1974.0,971.6721801757812,8862495,0.0,0.0
2020-11-13,2000.0,2000.0,1953.0,2000.0,984.47021484375,4624405,0.0,0.0
2020-11-16,2000.0,2000.0,2000.0,2000.0,984.47021484375,0,0.0,0.0
2020-11-17,2135.0,2135.0,2020.0,2135.0,1050.9219970703125,28212249,0.0,0.0
2020-11-18,2124.0,2177.0,2115.0,2124.0,1045.50732421875,14202593,0.0,0.0
2020-11-19,2145.0,2159.0,2101.0,2145.0,1055.8443603515625,8014181,0.0,0.0
2020-11-20,2153.0,2153.0,2128.0,2153.0,1059.7823486328125,5132119,0.0,0.0
2020-11-23,2200.0,2200.0,2160.0,2200.0,1082.9173583984375,14339461,0.0,0.0
2020-11-24,2242.0,2257.0,2200.0,2242.0,1103.5911865234375,19051745,0.0,0.0
2020-11-25,2252.0,2260.0,2206.0,2252.0,1108.5135498046875,11882465,0.0,0.0
2020-11-26,2210.0,2239.0,2210.0,2210.0,1087.8397216796875,3883406,0.0,0.0
2020-11-27,2172.0,2230.0,2160.0,2172.0,1069.134765625,14551255,0.0,0.0
2020-11-30,2081.0,2188.0,2081.0,2081.0,1024.3414306640625,37338399,0.0,0.0
2020-12-01,2129.0,2136.0,2102.0,2129.0,1047.9686279296875,7171086,0.0,0.0
2020-12-02,2145.0,2181.0,2124.0,2145.0,1055.8443603515625,11971241,0.0,0.0
2020-12-03,2120.0,2160.0,2116.0,2120.0,1043.5384521484375,29317116,0.0,0.0
2020-12-04,2120.0,2160.0,2116.0,2120.0,1043.5384521484375,29317116,0.0,0.0
2020-12-07,2210.0,2235.0,2169.0,2210.0,1087.8397216796875,7718216,0.0,0.0
2020-12-08,2210.0,2210.0,2210.0,2210.0,1087.8397216796875,0,0.0,0.0
2020-12-09,2235.0,2252.0,2204.0,2235.0,1100.1456298828125,15162004,0.0,0.0
2020-12-10,2305.0,2319.0,2240.0,2305.0,1134.60205078125,23136611,0.0,0.0
2020-12-11,2310.0,2310.0,2256.0,2310.0,1137.0631103515625,11398898,0.0,0.0
2020-12-14,2287.0,2335.0,2264.0,2287.0,1125.741943359375,12270306,0.0,0.0
2020-12-15,2295.0,2305.0,2258.0,2295.0,1129.6796875,10130165,0.0,0.0
2020-12-16,2359.0,2359.0,2277.0,2359.0,1161.182861328125,12159557,0.0,0.0
2020-12-17,2370.0,2380.0,2354.0,2370.0,1166.597412109375,10115209,0.0,0.0
2020-12-18,2326.0,2373.0,2326.0,2326.0,1144.9390869140625,22098196,0.0,0.0
2020-12-21,2215.0,2310.0,2215.0,2215.0,1090.301025390625,15482687,0.0,0.0
2020-12-22,2240.0,2265.0,2215.0,2240.0,1102.606689453125,6341993,0.0,0.0
2020-12-23,2297.0,2300.0,2275.0,2297.0,1130.6641845703125,3999868,0.0,0.0
2020-12-24,2287.0,2289.0,2254.0,2287.0,1125.741943359375,987014,0.0,0.0
2020-12-25,2287.0,2287.0,2287.0,2287.0,1125.741943359375,0,0.0,0.0
2020-12-28,2278.0,2300.0,2259.0,2278.0,1121.3116455078125,4514790,0.0,0.0
2020-12-29,2289.0,2291.0,2257.0,2289.0,1126.7261962890625,4353100,0.0,0.0
2020-12-30,2245.0,2289.0,2245.0,2245.0,1105.0677490234375,2994874,0.0,0.0
2020-12-31,2245.0,2245.0,2245.0,2245.0,1105.0677490234375,0,0.0,0.0
2021-01-01,2245.0,2245.0,2245.0,2245.0,1105.0677490234375,0,0.0,0.0
2021-01-04,2242.0,2269.0,2213.0,2242.0,1103.5911865234375,4040858,0.0,0.0
2021-01-05,2292.0,2317.0,2238.0,2292.0,1128.2030029296875,17309698,0.0,0.0
2021-01-06,2308.0,2320.0,2275.0,2308.0,1136.078857421875,9275133,0.0,0.0
2021-01-07,2373.0,2380.0,2315.0,2373.0,1168.073974609375,10947046,0.0,0.0
2021-01-08,2399.0,2402.0,2336.0,2399.0,1180.8720703125,9130572,0.0,0.0
2021-01-11,2399.0,2399.0,2399.0,2399.0,1180.8720703125,0,0.0,0.0
2021-01-12,2459.0,2459.0,2395.0,2459.0,1210.4063720703125,17953674,0.0,0.0
2021-01-13,2438.0,2468.0,2420.0,2438.0,1200.0692138671875,10619672,0.0,0.0
2021-01-14,2484.0,2491.0,2440.0,2484.0,1222.7120361328125,17946399,0.0,0.0
2021-01-15,2420.0,2474.0,2413.0,2420.0,1191.209228515625,25652138,0.0,0.0
2021-01-18,2440.0,2440.0,2380.0,2440.0,1201.0538330078125,2229417,0.0,0.0
2021-01-19,2450.0,2469.0,2425.0,2450.0,1205.9759521484375,6482433,0.0,0.0
2021-01-20,2437.0,2466.0,2429.0,2437.0,1199.5771484375,9723064,0.0,0.0
2021-01-21,2408.0,2452.0,2402.0,2408.0,1185.30224609375,12308330,0.0,0.0
2021-01-22,2354.0,2390.0,2330.0,2354.0,1158.7215576171875,6359694,0.0,0.0
2021-01-25,2324.0,2352.0,2300.0,2324.0,1143.95458984375,9991787,0.0,0.0
2021-01-26,2364.0,2375.0,2324.0,2364.0,1163.643798828125,6229063,0.0,0.0
2021-01-27,2230.0,2320.0,2221.0,2230.0,1097.6844482421875,25125885,0.0,0.0
2021-01-28,2145.0,2237.0,2143.0,2145.0,1055.8443603515625,15718698,0.0,0.0
2021-01-29,2030.0,2140.0,2030.0,2030.0,999.2373657226562,31092376,0.0,0.0
2021-02-01,2030.0,2030.0,2030.0,2030.0,999.2373657226562,0,0.0,0.0
2021-02-02,2091.0,2157.0,2091.0,2091.0,1029.2637939453125,17363428,0.0,0.0
2021-02-03,2090.0,2150.0,2090.0,2090.0,1028.771484375,11235339,0.0,0.0
2021-02-04,2135.0,2135.0,2088.0,2135.0,1050.9219970703125,5469669,0.0,0.0
2021-02-05,2155.0,2177.0,2135.0,2155.0,1060.7667236328125,7015243,0.0,0.0
2021-02-08,2200.0,2210.0,2160.0,2200.0,1082.9173583984375,11647576,0.0,0.0
2021-02-09,2203.0,2211.0,2183.0,2203.0,1084.3941650390625,9574735,0.0,0.0
2021-02-10,2195.0,2200.0,2176.0,2195.0,1080.4561767578125,5506776,0.0,0.0
2021-02-11,2140.0,2180.0,2138.0,2140.0,1053.38330078125,4313112,0.0,0.0
2021-02-12,2150.0,2162.0,2120.0,2150.0,1058.3056640625,5864980,0.0,0.0
2021-02-15,2190.0,2200.0,2169.0,2190.0,1077.994873046875,1318624,0.0,0.0
2021-02-16,2210.0,2219.0,2189.0,2210.0,1087.8397216796875,8810049,0.0,0.0
2021-02-17,2200.0,2224.0,2181.0,2200.0,1082.9173583984375,13240489,0.0,0.0
2021-02-18,2156.0,2213.0,2156.0,2156.0,1061.2589111328125,15456250,0.0,0.0
2021-02-19,2165.0,2172.0,2146.0,2165.0,1065.6890869140625,18141689,0.0,0.0
2021-02-22,2233.0,2242.0,2155.0,2233.0,1099.1612548828125,18274283,0.0,0.0
2021-02-23,2291.0,2305.0,2200.0,2291.0,1127.7108154296875,12504238,0.0,0.0
2021-02-24,2309.0,2325.0,2260.0,2309.0,1136.571044921875,11899639,0.0,0.0
2021-02-25,2280.0,2349.0,2280.0,2280.0,1122.2960205078125,11391994,0.0,0.0
2021-02-26,2250.0,2260.0,2200.0,2250.0,1107.5291748046875,8797301,0.0,0.0
2021-03-01,2246.0,2293.0,2246.0,2246.0,1105.5601806640625,4622065,0.0,0.0
2021-03-02,2245.0,2275.0,2240.0,2245.0,1105.0677490234375,4334480,0.0,0.0
2021-03-03,2255.0,2283.0,2254.0,2255.0,1109.990234375,12689731,0.0,0.0
2021-03-04,2279.0,2335.0,2249.0,2279.0,1121.8038330078125,17902729,0.0,0.0
2021-03-05,2400.0,2420.0,2300.0,2400.0,1181.364501953125,29174819,0.0,0.0
2021-03-08,2347.0,2420.0,2335.0,2347.0,1155.2760009765625,7693085,0.0,0.0
2021-03-09,2339.0,2347.0,2310.0,2339.0,1151.3380126953125,10445352,0.0,0.0
2021-03-10,2373.0,2379.0,2310.0,2373.0,1168.073974609375,5881588,0.0,0.0
2021-03-11,2368.0,2403.0,2368.0,2368.0,1165.61279296875,8898569,0.0,0.0
2021-03-12,2378.0,2384.0,2356.0,2378.0,1170.5352783203125,5568620,0.0,0.0
2021-03-15,2480.0,2480.0,2380.0,2480.0,1220.7431640625,24149551,0.0,0.0
2021-03-16,2460.0,2480.0,2446.0,2460.0,1210.8984375,8982507,0.0,0.0
2021-03-17,2457.0,2480.0,2435.0,2457.0,1209.4217529296875,6262461,0.0,0.0
2021-03-18,2350.0,2445.0,2320.0,2350.0,1156.7525634765625,17131001,0.0,0.0
2021-03-19,2370.0,2412.0,2306.0,2370.0,1166.597412109375,25816964,0.0,0.0
2021-03-22,2370.0,2370.0,2370.0,2370.0,1166.597412109375,0,0.0,0.0
2021-03-23,2281.0,2350.0,2274.0,2281.0,1122.7884521484375,6630157,0.0,0.0
2021-03-24,2333.0,2380.0,2310.0,2333.0,1148.384765625,6774272,0.0,0.0
2021-03-25,2315.0,2331.0,2281.0,2315.0,1139.5242919921875,9231560,0.0,0.0
2021-03-26,2351.0,2367.0,2342.0,2351.0,1157.2449951171875,8817050,0.0,0.0
2021-03-29,2388.0,2390.0,2348.0,2388.0,1175.457275390625,6566877,0.0,0.0
2021-03-30,2373.0,2379.0,2359.0,2373.0,1168.073974609375,3213145,0.0,0.0
2021-03-31,2366.0,2380.0,2330.0,2366.0,1164.62841796875,4416833,0.0,0.0
2021-04-01,2366.0,2366.0,2366.0,2366.0,1164.62841796875,0,0.0,0.0
2021-04-02,2366.0,2366.0,2366.0,2366.0,1164.62841796875,0,0.0,0.0
2021-04-05,2325.0,2340.0,2300.0,2325.0,1144.4468994140625,4522847,0.0,0.0
2021-04-06,2289.0,2354.0,2289.0,2289.0,1126.7261962890625,5471644,0.0,0.0
2021-04-07,2337.0,2344.0,2273.0,2337.0,1150.353515625,6996672,0.0,0.0
2021-04-08,2281.0,2319.0,2281.0,2281.0,1122.7884521484375,11337712,0.0,0.0
2021-04-09,2260.0,2298.0,2255.0,2260.0,1112.4515380859375,6046526,0.0,0.0
2021-04-12,2287.0,2290.0,2260.0,2287.0,1125.741943359375,3661122,0.0,0.0
2021-04-13,2280.0,2300.0,2274.0,2280.0,1122.2960205078125,5259855,0.0,0.0
2021-04-14,2280.0,2300.0,2274.0,2280.0,1122.2960205078125,5259855,0.0,0.0
2021-04-15,2319.0,2331.0,2306.0,2319.0,1141.4935302734375,2192639,0.0,0.0
2021-04-16,2301.0,2317.0,2292.0,2301.0,1140.99755859375,5415036,17.0,0.0
2021-04-19,2300.0,2319.0,2290.0,2300.0,1140.5015869140625,2267381,0.0,0.0
2021-04-20,2281.0,2300.0,2253.0,2281.0,1131.0802001953125,14066953,0.0,0.0
2021-04-21,2262.0,2270.0,2245.0,2262.0,1121.6585693359375,14922111,0.0,0.0
2021-04-22,2250.0,2267.0,2247.0,2250.0,1115.7081298828125,3524786,0.0,0.0
2021-04-23,2228.0,2256.0,2224.0,2228.0,1104.798828125,5199199,0.0,0.0
2021-04-26,2270.0,2287.0,2220.0,2270.0,1125.6256103515625,7838254,0.0,0.0
2021-04-27,2287.0,2302.0,2269.0,2287.0,1134.0552978515625,7795390,0.0,0.0
2021-04-28,2332.0,2339.0,2290.0,2332.0,1156.369384765625,9592224,0.0,0.0
2021-04-29,2310.0,2374.0,2310.0,2310.0,1145.4603271484375,6363904,0.0,0.0
2021-04-30,2210.0,2299.0,2210.0,2210.0,1095.8731689453125,33073566,0.0,0.0
2021-05-03,2219.0,2267.0,2200.0,2219.0,1100.3360595703125,9009088,0.0,0.0
2021-05-04,2225.0,2254.0,2213.0,2225.0,1103.3111572265625,5700811,0.0,0.0
2021-05-05,2288.0,2297.0,2240.0,2288.0,1134.55126953125,10639359,0.0,0.0
2021-05-06,2288.0,2297.0,2240.0,2288.0,1134.55126953125,10639359,0.0,0.0
2021-05-07,2288.0,2313.0,2243.0,2288.0,1134.55126953125,5011242,0.0,0.0
2021-05-10,2357.0,2364.0,2310.0,2357.0,1168.7662353515625,9735462,0.0,0.0
2021-05-11,2315.0,2350.0,2270.0,2315.0,1147.9398193359375,6642099,0.0,0.0
2021-05-12,2370.0,2383.0,2305.0,2370.0,1175.212646484375,11853518,0.0,0.0
2021-05-13,2301.0,2370.0,2283.0,2301.0,1140.99755859375,5126794,0.0,0.0
2021-05-14,2387.0,2394.0,2330.0,2387.0,1183.6424560546875,8700156,0.0,0.0
2021-05-17,2387.0,2387.0,2387.0,2387.0,1183.6424560546875,0,0.0,0.0
2021-05-18,2355.0,2418.0,2331.0,2355.0,1167.7744140625,6444461,0.0,0.0
2021-05-19,2347.0,2355.0,2292.0,2347.0,1163.8074951171875,10008144,0.0,0.0
2021-05-20,2314.0,2335.0,2290.0,2314.0,1147.44384765625,6535738,0.0,0.0
2021-05-21,2285.0,2345.0,2285.0,2285.0,1133.0635986328125,7898337,0.0,0.0
2021-05-24,2294.0,2315.0,2285.0,2294.0,1137.5264892578125,3220281,0.0,0.0
2021-05-25,2235.0,2288.0,2235.0,2235.0,1108.27001953125,6167530,0.0,0.0
2021-05-26,2220.0,2234.0,2210.0,2220.0,1100.8321533203125,1703125,0.0,0.0
2021-05-27,2220.0,2220.0,2151.0,2220.0,1100.8321533203125,23711641,0.0,0.0
2021-05-28,2211.0,2243.0,2195.0,2211.0,1096.369140625,6988095,0.0,0.0
2021-05-31,2190.0,2228.0,2190.0,2190.0,1085.9559326171875,3704266,0.0,0.0
2021-06-01,2276.0,2290.0,2230.0,2276.0,1128.600830078125,4841267,0.0,0.0
2021-06-02,2340.0,2355.0,2278.0,2340.0,1160.33642578125,6774011,0.0,0.0
2021-06-03,2360.0,2369.0,2340.0,2360.0,1170.25390625,4383687,0.0,0.0
2021-06-04,2355.0,2370.0,2333.0,2355.0,1167.7744140625,4948889,0.0,0.0
2021-06-07,2355.0,2355.0,2355.0,2355.0,1167.7744140625,0,0.0,0.0
2021-06-08,2396.0,2396.0,2325.0,2396.0,1188.1051025390625,5233325,0.0,0.0
2021-06-09,2370.0,2410.0,2360.0,2370.0,1175.212646484375,6410795,0.0,0.0
2021-06-10,2385.0,2403.0,2370.0,2385.0,1182.6505126953125,6954690,0.0,0.0
2021-06-11,2391.0,2403.0,2365.0,2391.0,1185.6258544921875,2198754,0.0,0.0
2021-06-14,2391.0,2391.0,2391.0,2391.0,1185.6258544921875,0,0.0,0.0
2021-06-15,2439.0,2439.0,2380.0,2439.0,1209.4276123046875,12097174,0.0,0.0
2021-06-16,2409.0,2440.0,2405.0,2409.0,1194.5516357421875,5183658,0.0,0.0
2021-06-17,2392.0,2425.0,2362.0,2392.0,1186.1214599609375,4533111,0.0,0.0
2021-06-18,2397.0,2405.0,2355.0,2397.0,1188.60107421875,13496476,0.0,0.0
2021-06-21,2460.0,2474.0,2394.0,2460.0,1219.8408203125,12336283,0.0,0.0
2021-06-22,2481.0,2492.0,2441.0,2481.0,1230.2542724609375,7765307,0.0,0.0
2021-06-23,2522.0,2545.0,2494.0,2522.0,1250.584716796875,8200864,0.0,0.0
2021-06-24,2750.0,2780.0,2545.0,2750.0,1363.64306640625,22177460,0.0,0.0
2021-06-25,2770.0,2790.0,2730.0,2770.0,1373.560791015625,7662470,0.0,0.0
2021-06-28,2718.0,2740.0,2680.0,2718.0,1347.775390625,7146398,0.0,0.0
2021-06-29,2717.0,2743.0,2706.0,2717.0,1347.2794189453125,3165714,0.0,0.0
2021-06-30,2722.0,2746.0,2712.0,2722.0,1349.7591552734375,5484442,0.0,0.0
2021-07-01,2819.0,2819.0,2757.0,2819.0,1397.8583984375,7286301,0.0,0.0
2021-07-02,2851.0,2875.0,2770.0,2851.0,1413.7261962890625,4169352,0.0,0.0
2021-07-05,2851.0,2851.0,2851.0,2851.0,1413.7261962890625,0,0.0,0.0
2021-07-06,2789.0,2875.0,2775.0,2789.0,1382.982177734375,8427012,0.0,0.0
2021-07-07,2800.0,2811.0,2758.0,2800.0,1388.4368896484375,5504496,0.0,0.0
2021-07-08,2753.0,2800.0,2745.0,2753.0,1365.1309814453125,9243599,0.0,0.0
2021-07-09,2761.0,2799.0,2750.0,2761.0,1369.097900390625,4282806,0.0,0.0
2021-07-12,2750.0,2753.0,2730.0,2750.0,1363.64306640625,5325467,0.0,0.0
2021-07-13,2720.0,2757.0,2710.0,2720.0,1348.767333984375,5483532,0.0,0.0
2021-07-14,2650.0,2730.0,2650.0,2650.0,1314.0562744140625,9931511,0.0,0.0
2021-07-15,2570.0,2653.0,2565.0,2570.0,1274.386474609375,18393886,0.0,0.0
2021-07-16,2560.0,2602.0,2530.0,2560.0,1269.4278564453125,11464922,0.0,0.0
2021-07-19,2448.0,2540.0,2440.0,2448.0,1213.8905029296875,13624527,0.0,0.0
2021-07-20,2448.0,2448.0,2448.0,2448.0,1213.8905029296875,0,0.0,0.0
2021-07-21,2535.0,2548.0,2489.0,2535.0,1257.03125,9624067,0.0,0.0
2021-07-22,2550.0,2558.0,2529.0,2550.0,1264.4693603515625,3372672,0.0,0.0
2021-07-23,2551.0,2551.0,2491.0,2551.0,1264.9652099609375,4656611,0.0,0.0
2021-07-26,2597.0,2615.0,2551.0,2597.0,1287.7750244140625,3486441,0.0,0.0
2021-07-27,2600.0,2609.0,2572.0,2600.0,1289.2626953125,3549917,0.0,0.0
2021-07-28,2611.0,2630.0,2585.0,2611.0,1294.7174072265625,3603332,0.0,0.0
2021-07-29,2646.0,2664.0,2620.0,2646.0,1312.07275390625,4509669,0.0,0.0
2021-07-30,2633.0,2635.0,2592.0,2633.0,1305.62646484375,4253278,0.0,0.0
2021-08-02,2598.0,2660.0,2570.0,2598.0,1288.2708740234375,7127962,0.0,0.0
2021-08-03,2620.0,2620.0,2513.0,2620.0,1299.1800537109375,6638848,0.0,0.0
2021-08-04,2564.0,2640.0,2546.0,2564.0,1271.4114990234375,7124338,0.0,0.0
2021-08-05,2527.0,2592.0,2519.0,2527.0,1253.064208984375,5401185,0.0,0.0
2021-08-06,2547.0,2547.0,2510.0,2547.0,1262.9818115234375,6271514,0.0,0.0
2021-08-09,2590.0,2590.0,2496.0,2590.0,1284.3038330078125,2652671,0.0,0.0
2021-08-10,2598.0,2624.0,2591.0,2598.0,1288.2708740234375,3192339,0.0,0.0
2021-08-11,2639.0,2639.0,2589.0,2639.0,1308.6015625,4483199,0.0,0.0
2021-08-12,2622.0,2670.0,2580.0,2622.0,1300.1717529296875,14421133,0.0,0.0
2021-08-13,2586.0,2606.0,2561.0,2586.0,1282.3203125,10136567,0.0,0.0
2021-08-16,2586.0,2586.0,2586.0,2586.0,1282.3203125,0,0.0,0.0
2021-08-17,2580.0,2580.0,2490.0,2580.0,1279.34521484375,16809775,0.0,0.0
2021-08-18,2568.0,2611.0,2560.0,2568.0,1273.3948974609375,19940777,0.0,0.0
2021-08-19,2520.0,2540.0,2470.0,2520.0,1249.5928955078125,26281811,0.0,0.0
2021-08-20,2536.0,2550.0,2480.0,2536.0,1257.52685546875,8752103,0.0,0.0
2021-08-23,2644.0,2644.0,2551.0,2644.0,1311.0811767578125,13498886,0.0,0.0
2021-08-24,2671.0,2690.0,2648.0,2671.0,1324.469482421875,7433555,0.0,0.0
2021-08-25,2676.0,2681.0,2662.0,2676.0,1326.94873046875,5720906,0.0,0.0
2021-08-26,2632.0,2675.0,2630.0,2632.0,1305.130615234375,4769304,0.0,0.0
2021-08-27,2660.0,2676.0,2640.0,2660.0,1319.014892578125,3745459,0.0,0.0
2021-08-30,2649.0,2660.0,2500.0,2649.0,1313.560302734375,6052363,0.0,0.0
2021-08-31,2643.0,2645.0,2611.0,2643.0,1310.5850830078125,13546721,0.0,0.0
2021-09-01,2590.0,2632.0,2585.0,2590.0,1284.3038330078125,5798273,0.0,0.0
2021-09-02,2670.0,2674.0,2625.0,2670.0,1323.9737548828125,7577854,0.0,0.0
2021-09-03,2635.0,2665.0,2618.0,2635.0,1306.6181640625,4592535,0.0,0.0
2021-09-06,2634.0,2640.0,2625.0,2634.0,1306.1221923828125,460789,0.0,0.0
2021-09-07,2606.0,2645.0,2604.0,2606.0,1292.238037109375,5045330,0.0,0.0
2021-09-08,2593.0,2631.0,2581.0,2593.0,1285.7916259765625,9486900,0.0,0.0
2021-09-09,2570.0,2625.0,2548.0,2570.0,1274.386474609375,7113355,0.0,0.0
2021-09-10,2553.0,2600.0,2541.0,2553.0,1265.9569091796875,8577128,0.0,0.0
2021-09-13,2572.0,2602.0,2550.0,2572.0,1275.3782958984375,3619237,0.0,0.0
2021-09-14,2550.0,2590.0,2530.0,2550.0,1264.4693603515625,10547815,0.0,0.0
2021-09-15,2620.0,2640.0,2579.0,2620.0,1299.1800537109375,9324577,0.0,0.0
2021-09-16,2615.0,2619.0,2561.0,2615.0,1296.7008056640625,8998709,0.0,0.0
2021-09-17,2566.0,2600.0,2563.0,2566.0,1272.403076171875,32807519,0.0,0.0
2021-09-20,2520.0,2555.0,2501.0,2520.0,1249.5928955078125,10274992,0.0,0.0
2021-09-21,2529.0,2554.0,2515.0,2529.0,1254.055908203125,6917834,0.0,0.0
2021-09-22,2570.0,2579.0,2548.0,2570.0,1274.386474609375,5159582,0.0,0.0
2021-09-23,2590.0,2604.0,2570.0,2590.0,1284.3038330078125,3826854,0.0,0.0
2021-09-24,2550.0,2587.0,2540.0,2550.0,1264.4693603515625,3225890,0.0,0.0
2021-09-27,2671.0,2690.0,2560.0,2671.0,1324.469482421875,24689828,0.0,0.0
2021-09-28,2699.0,2761.0,2671.0,2699.0,1338.3536376953125,14934689,0.0,0.0
2021-09-29,2706.0,2720.0,2691.0,2706.0,1341.824951171875,6867408,0.0,0.0
2021-09-30,2734.0,2735.0,2670.0,2734.0,1355.70947265625,9121455,0.0,0.0
2021-10-01,2769.0,2781.0,2720.0,2769.0,1373.064697265625,12980976,0.0,0.0
2021-10-04,2825.0,2846.0,2776.0,2825.0,1400.8336181640625,13932200,0.0,0.0
2021-10-05,2810.0,2865.0,2810.0,2810.0,1393.3955078125,13280293,0.0,0.0
2021-10-06,2810.0,2810.0,2757.0,2810.0,1393.3955078125,7350961,0.0,0.0
2021-10-07,2860.0,2885.0,2803.0,2860.0,1418.18896484375,15713380,0.0,0.0
2021-10-08,2908.0,2920.0,2880.0,2908.0,1441.9908447265625,8837314,0.0,0.0
2021-10-11,2944.0,2982.0,2930.0,2944.0,1459.842041015625,6445357,0.0,0.0
2021-10-12,2904.0,2960.0,2904.0,2904.0,1440.0074462890625,5264251,0.0,0.0
2021-10-13,2909.0,2920.0,2883.0,2909.0,1442.4866943359375,8213428,0.0,0.0
2021-10-14,2918.0,2950.0,2912.0,2918.0,1446.94921875,8191706,0.0,0.0
2021-10-15,2960.0,2960.0,2920.0,2960.0,1467.77587890625,6910787,0.0,0.0
2021-10-18,2960.0,2960.0,2960.0,2960.0,1467.77587890625,0,0.0,0.0
2021-10-19,2953.0,2990.0,2922.0,2953.0,1464.3050537109375,6660039,0.0,0.0
2021-10-20,2937.0,2960.0,2931.0,2937.0,1456.37109375,3977754,0.0,0.0
2021-10-21,2910.0,2929.0,2875.0,2910.0,1442.9825439453125,8166633,0.0,0.0
2021-10-22,2890.0,2905.0,2886.0,2890.0,1433.065185546875,5456653,0.0,0.0
2021-10-25,2890.0,2920.0,2866.0,2890.0,1433.065185546875,6206129,0.0,0.0
2021-10-26,2930.0,2930.0,2870.0,2930.0,1452.8997802734375,9554915,0.0,0.0
2021-10-27,2867.0,2925.0,2860.0,2867.0,1421.66015625,11161810,0.0,0.0
2021-10-28,2890.0,2898.0,2850.0,2890.0,1433.065185546875,6982868,0.0,0.0
2021-10-29,2847.0,2880.0,2830.0,2847.0,1411.7425537109375,14648307,0.0,0.0
2021-11-01,2847.0,2847.0,2847.0,2847.0,1411.7425537109375,0,0.0,0.0
2021-11-02,2854.0,2869.0,2847.0,2854.0,1415.2135009765625,6747707,0.0,0.0
2021-11-03,2890.0,2890.0,2840.0,2890.0,1433.065185546875,8941835,0.0,0.0
2021-11-04,2871.0,2950.0,2865.0,2871.0,1423.6435546875,9498288,0.0,0.0
2021-11-05,2877.0,2890.0,2877.0,2877.0,1426.618896484375,4637018,0.0,0.0
2021-11-08,2923.0,2923.0,2870.0,2923.0,1449.428955078125,5640906,0.0,0.0
2021-11-09,2937.0,2945.0,2894.0,2937.0,1456.37109375,6463581,0.0,0.0
2021-11-10,2880.0,2956.0,2860.0,2880.0,1428.106201171875,12135058,0.0,0.0
2021-11-11,2864.0,2909.0,2855.0,2864.0,1420.17236328125,4441965,0.0,0.0
2021-11-12,2840.0,2876.0,2820.0,2840.0,1408.271484375,4057950,0.0,0.0
2021-11-15,2840.0,2840.0,2840.0,2840.0,1408.271484375,0,0.0,0.0
2021-11-16,2760.0,2840.0,2760.0,2760.0,1368.601806640625,5613888,0.0,0.0
2021-11-17,2770.0,2781.0,2711.0,2770.0,1373.560791015625,6306844,0.0,0.0
2021-11-18,2759.0,2759.0,2703.0,2759.0,1368.1060791015625,8222251,0.0,0.0
2021-11-19,2645.0,2730.0,2640.0,2645.0,1311.576904296875,9313395,0.0,0.0
2021-11-22,2620.0,2675.0,2620.0,2620.0,1299.1800537109375,4203864,0.0,0.0
2021-11-23,2660.0,2668.0,2647.0,2660.0,1319.014892578125,3979993,0.0,0.0
2021-11-24,2684.0,2684.0,2664.0,2684.0,1330.915771484375,1700213,0.0,0.0
2021-11-25,2670.0,2687.0,2662.0,2670.0,1323.9737548828125,624426,0.0,0.0
2021-11-26,2536.0,2660.0,2503.0,2536.0,1257.52685546875,11299503,0.0,0.0
2021-11-29,2595.0,2629.0,2570.0,2595.0,1286.783447265625,19034738,0.0,0.0
2021-11-30,2600.0,2600.0,2541.0,2600.0,1289.2626953125,23596991,0.0,0.0
2021-12-01,2600.0,2720.0,2600.0,2600.0,1289.2626953125,9450523,0.0,0.0
2021-12-02,2659.0,2675.0,2580.0,2659.0,1318.51904296875,6131027,0.0,0.0
2021-12-03,2661.0,2709.0,2654.0,2661.0,1319.5107421875,10709235,0.0,0.0
2021-12-06,2688.0,2719.0,2680.0,2688.0,1332.8992919921875,3074555,0.0,0.0
2021-12-07,2720.0,2735.0,2700.0,2720.0,1348.767333984375,3416560,0.0,0.0
2021-12-08,2720.0,2720.0,2720.0,2720.0,1348.767333984375,0,0.0,0.0
2021-12-09,2710.0,2727.0,2701.0,2710.0,1343.8087158203125,3482371,0.0,0.0
2021-12-10,2707.0,2729.0,2688.0,2707.0,1342.3206787109375,3069361,0.0,0.0
2021-12-13,2631.0,2700.0,2631.0,2631.0,1304.6346435546875,2947731,0.0,0.0
2021-12-14,2613.0,2642.0,2613.0,2613.0,1295.7091064453125,2719016,0.0,0.0
2021-12-15,2600.0,2619.0,2581.0,2600.0,1289.2626953125,1950102,0.0,0.0
2021-12-16,2643.0,2643.0,2581.0,2643.0,1310.5850830078125,8036244,0.0,0.0
2021-12-17,2645.0,2660.0,2600.0,2645.0,1311.576904296875,14456509,0.0,0.0
2021-12-20,2581.0,2600.0,2555.0,2581.0,1279.8411865234375,8685943,0.0,0.0
2021-12-21,2597.0,2631.0,2585.0,2597.0,1287.7750244140625,3217651,0.0,0.0
2021-12-22,2651.0,2651.0,2590.0,2651.0,1314.552001953125,2600757,0.0,0.0
2021-12-23,2650.0,2681.0,2640.0,2650.0,1314.0562744140625,1044193,0.0,0.0
2021-12-24,2647.0,2647.0,2640.0,2647.0,1312.5684814453125,103836,0.0,0.0
2021-12-27,2698.0,2698.0,2623.0,2698.0,1337.85791015625,1568017,0.0,0.0
2021-12-28,2695.0,2730.0,2670.0,2695.0,1336.370361328125,1882670,0.0,0.0
2021-12-29,2700.0,2700.0,2655.0,2700.0,1338.849609375,1240317,0.0,0.0
2021-12-30,2690.0,2700.0,2645.0,2690.0,1333.8909912109375,1872967,0.0,0.0
2021-12-31,2690.0,2690.0,2690.0,2690.0,1333.8909912109375,0,0.0,0.0
2022-01-03,2720.0,2728.0,2651.0,2720.0,1348.767333984375,1485217,0.0,0.0
2022-01-04,2740.0,2752.0,2720.0,2740.0,1358.6845703125,1835536,0.0,0.0
2022-01-05,2660.0,2759.0,2651.0,2660.0,1319.014892578125,3494795,0.0,0.0
2022-01-06,2615.0,2693.0,2605.0,2615.0,1296.7008056640625,2915271,0.0,0.0
2022-01-07,2651.0,2690.0,2615.0,2651.0,1314.552001953125,1891873,0.0,0.0
2022-01-10,2651.0,2651.0,2651.0,2651.0,1314.552001953125,0,0.0,0.0
2022-01-11,2761.0,2764.0,2633.0,2761.0,1369.097900390625,5376506,0.0,0.0
2022-01-12,2790.0,2820.0,2750.0,2790.0,1383.47802734375,6445367,0.0,0.0
2022-01-13,2798.0,2808.0,2740.0,2798.0,1387.4451904296875,12694470,0.0,0.0
2022-01-14,2801.0,2850.0,2765.0,2801.0,1388.9326171875,16307521,0.0,0.0
2022-01-17,2801.0,2801.0,2801.0,2801.0,1388.9326171875,0,0.0,0.0
2022-01-18,2801.0,2801.0,2801.0,2801.0,1388.9326171875,0,0.0,0.0
2022-01-19,2801.0,2801.0,2801.0,2801.0,1388.9326171875,0,0.0,0.0
2022-01-20,2906.0,2990.0,2900.0,2906.0,1440.998779296875,8401319,0.0,0.0
2022-01-21,2851.0,2905.0,2829.0,2851.0,1413.7261962890625,13863443,0.0,0.0
2022-01-24,2824.0,2837.0,2790.0,2824.0,1400.33740234375,13372595,0.0,0.0
2022-01-25,2895.0,2910.0,2801.0,2895.0,1435.54443359375,11362812,0.0,0.0
2022-01-26,2891.0,2950.0,2890.0,2891.0,1433.5609130859375,11891193,0.0,0.0
2022-01-27,2905.0,2938.0,2880.0,2905.0,1440.5029296875,4163245,0.0,0.0
2022-01-28,2886.0,2950.0,2878.0,2886.0,1431.08154296875,5774786,0.0,0.0
2022-01-31,2905.0,2930.0,2865.0,2905.0,1440.5029296875,6130784,0.0,0.0
2022-02-01,2882.0,2917.0,2875.0,2882.0,1429.097900390625,5063447,0.0,0.0
2022-02-02,2889.0,2908.0,2876.0,2889.0,1432.5692138671875,6617229,0.0,0.0
2022-02-03,2838.0,2890.0,2817.0,2838.0,1407.27978515625,4880281,0.0,0.0
2022-02-04,2901.0,2949.0,2846.0,2901.0,1438.5196533203125,9715789,0.0,0.0
2022-02-07,2934.0,2937.0,2890.0,2934.0,1454.88330078125,7396143,0.0,0.0
2022-02-08,2915.0,2985.0,2890.0,2915.0,1445.4617919921875,8901783,0.0,0.0
2022-02-09,2899.0,2919.0,2884.0,2899.0,1437.52783203125,2794938,0.0,0.0
2022-02-10,2850.0,2937.0,2850.0,2850.0,1413.230224609375,7209811,0.0,0.0
2022-02-11,2972.0,2972.0,2870.0,2972.0,1473.7264404296875,13695401,0.0,0.0
2022-02-14,2946.0,2970.0,2911.0,2946.0,1460.8338623046875,11582281,0.0,0.0
2022-02-15,2918.0,2934.0,2881.0,2918.0,1446.94921875,15178169,0.0,0.0
2022-02-16,3017.0,3050.0,2940.0,3017.0,1496.04052734375,36605391,0.0,0.0
2022-02-17,3015.0,3037.0,2991.0,3015.0,1495.048828125,6267680,0.0,0.0
2022-02-18,2997.0,3015.0,2980.0,2997.0,1486.1231689453125,4793160,0.0,0.0
2022-02-21,3009.0,3012.0,2990.0,3009.0,1492.073486328125,3813654,0.0,0.0
2022-02-22,3025.0,3077.0,3004.0,3025.0,1500.00732421875,13491882,0.0,0.0
2022-02-23,3054.0,3073.0,3011.0,3054.0,1514.3876953125,5149743,0.0,0.0
2022-02-24,3056.0,3149.0,3025.0,3056.0,1515.379638671875,13387186,0.0,0.0
2022-02-25,3064.0,3064.0,3020.0,3064.0,1519.346435546875,5739641,0.0,0.0
2022-02-28,3263.0,3263.0,3012.0,3263.0,1618.0247802734375,34517449,0.0,0.0
2022-03-01,3239.0,3349.0,3180.0,3239.0,1606.1239013671875,16216845,0.0,0.0
2022-03-02,3176.0,3332.0,3151.0,3176.0,1574.884033203125,10980706,0.0,0.0
2022-03-03,3204.0,3229.0,3120.0,3204.0,1588.768310546875,12463616,0.0,0.0
2022-03-04,3340.0,3343.0,3210.0,3340.0,1656.2069091796875,16244962,0.0,0.0
2022-03-07,3400.0,3403.0,3338.0,3400.0,1685.9591064453125,24658241,0.0,0.0
2022-03-08,3390.0,3475.0,3290.0,3390.0,1681.0,19963431,0.0,0.0
2022-03-09,3271.0,3360.0,3240.0,3271.0,1621.991455078125,15815327,0.0,0.0
2022-03-10,3400.0,3400.0,3400.0,3400.0,1685.9591064453125,40710260840,0.0,0.0
2022-03-11,3400.0,3420.0,3358.0,3400.0,1685.9591064453125,11974382,0.0,0.0
2022-03-14,3207.0,3370.0,3185.0,3207.0,1590.2559814453125,19354640,0.0,0.0
2022-03-15,3200.0,3203.0,3066.0,3200.0,1586.7847900390625,19914296,0.0,0.0
2022-03-16,3180.0,3252.0,3158.0,3180.0,1576.8673095703125,9235072,0.0,0.0
2022-03-17,3335.0,3340.0,3215.0,3335.0,1653.7274169921875,12913446,0.0,0.0
2022-03-18,3270.0,3333.0,3260.0,3270.0,1621.4957275390625,23470109,0.0,0.0
2022-03-21,3270.0,3270.0,3270.0,3270.0,1621.4957275390625,0,0.0,0.0
2022-03-22,3359.0,3370.0,3321.0,3359.0,1665.628173828125,4465475,0.0,0.0
2022-03-23,3530.0,3569.0,3370.0,3530.0,1750.4222412109375,23689512,0.0,0.0
2022-03-24,3535.0,3550.0,3477.0,3535.0,1752.9014892578125,13642896,0.0,0.0
2022-03-25,3590.0,3610.0,3499.0,3590.0,1780.1741943359375,11197149,0.0,0.0
2022-03-28,3500.0,3550.0,3479.0,3500.0,1735.5458984375,6932464,0.0,0.0
2022-03-29,3479.0,3490.0,3414.0,3479.0,1725.132568359375,10327164,0.0,0.0
2022-03-30,3479.0,3490.0,3414.0,3479.0,1725.132568359375,10327164,0.0,0.0
2022-03-31,3538.0,3538.0,3486.0,3538.0,1754.388916015625,8624478,0.0,0.0
2022-04-01,3530.0,3598.0,3518.0,3530.0,1750.4222412109375,9923633,0.0,0.0
2022-04-04,3530.0,3530.0,3530.0,3530.0,1750.4222412109375,0,0.0,0.0
2022-04-05,3607.0,3620.0,3533.0,3607.0,1788.6041259765625,6643194,0.0,0.0
2022-04-06,3543.0,3660.0,3541.0,3543.0,1756.8681640625,12412293,0.0,0.0
2022-04-07,3610.0,3610.0,3529.0,3610.0,1790.0916748046875,5507741,0.0,0.0
2022-04-08,3570.0,3646.0,3570.0,3570.0,1770.2567138671875,12116893,0.0,0.0
2022-04-11,3527.0,3589.0,3515.0,3527.0,1748.9344482421875,5125297,0.0,0.0
2022-04-12,3580.0,3625.0,3560.0,3580.0,1775.2154541015625,5706343,0.0,0.0
2022-04-13,3346.0,3520.0,3330.0,3346.0,1799.9608154296875,8603801,280.0,0.0
2022-04-14,3346.0,3346.0,3346.0,3346.0,1799.9608154296875,0,0.0,0.0
2022-04-15,3346.0,3346.0,3346.0,3346.0,1799.9608154296875,0,0.0,0.0
2022-04-18,3333.0,3397.0,3321.0,3333.0,1792.967529296875,9585332,0.0,0.0
2022-04-19,3349.0,3359.0,3303.0,3349.0,1801.5750732421875,9382755,0.0,0.0
2022-04-20,3399.0,3399.0,3331.0,3399.0,1828.471923828125,13838365,0.0,0.0
2022-04-21,3314.0,3430.0,3292.0,3314.0,1782.7467041015625,14071159,0.0,0.0
2022-04-22,3355.0,3355.0,3280.0,3355.0,1804.8023681640625,12121244,0.0,0.0
2022-04-25,3280.0,3316.0,3210.0,3280.0,1764.45654296875,16781329,0.0,0.0
2022-04-26,3246.0,3328.0,3246.0,3246.0,1746.16650390625,10587178,0.0,0.0
2022-04-27,3280.0,3309.0,3212.0,3280.0,1764.45654296875,9823025,0.0,0.0
2022-04-28,3320.0,3326.0,3244.0,3320.0,1785.974365234375,6758303,0.0,0.0
2022-04-29,3320.0,3326.0,3244.0,3320.0,1785.974365234375,6758303,0.0,0.0
2022-05-02,3252.0,3252.0,3169.0,3252.0,1749.3941650390625,6976007,0.0,0.0
2022-05-03,3313.0,3324.0,3233.0,3313.0,1782.208740234375,9994912,0.0,0.0
2022-05-04,3425.0,3435.0,3319.0,3425.0,1842.4583740234375,19448935,0.0,0.0
2022-05-05,3315.0,3480.0,3306.0,3315.0,1783.28466796875,9724254,0.0,0.0
2022-05-06,3278.0,3332.0,3261.0,3278.0,1763.380859375,3961668,0.0,0.0
2022-05-09,3095.0,3250.0,3090.0,3095.0,1664.9368896484375,14981554,0.0,0.0
2022-05-10,3079.0,3165.0,3027.0,3079.0,1656.3299560546875,6817853,0.0,0.0
2022-05-11,3080.0,3180.0,3080.0,3080.0,1656.8677978515625,15293357,0.0,0.0
2022-05-12,3050.0,3100.0,3028.0,3050.0,1640.7296142578125,7438751,0.0,0.0
2022-05-13,3102.0,3132.0,3072.0,3102.0,1668.7025146484375,7706578,0.0,0.0
2022-05-16,3100.0,3153.0,3090.0,3100.0,1667.6265869140625,9137923,0.0,0.0
2022-05-17,3085.0,3125.0,3085.0,3085.0,1659.557373046875,9933418,0.0,0.0
2022-05-18,2892.0,3101.0,2872.0,2892.0,1555.7344970703125,15353061,0.0,0.0
2022-05-19,2800.0,2930.0,2800.0,2800.0,1506.2437744140625,10094070,0.0,0.0
2022-05-20,2839.0,2863.0,2740.0,2839.0,1527.2232666015625,7977121,0.0,0.0
2022-05-23,2890.0,2911.0,2790.0,2890.0,1554.6585693359375,5337946,0.0,0.0
2022-05-24,2877.0,2902.0,2841.0,2877.0,1547.665283203125,3297405,0.0,0.0
2022-05-25,2915.0,2943.0,2880.0,2915.0,1568.10693359375,5706392,0.0,0.0
2022-05-26,2950.0,2994.0,2915.0,2950.0,1586.93505859375,5791234,0.0,0.0
2022-05-27,2999.0,3000.0,2910.0,2999.0,1613.2945556640625,4954261,0.0,0.0
2022-05-30,2999.0,2999.0,2999.0,2999.0,1613.2945556640625,0,0.0,0.0
2022-05-31,3120.0,3307.0,3000.0,3120.0,1678.3853759765625,46273560,0.0,0.0
2022-06-01,3298.0,3300.0,3220.0,3298.0,1774.1396484375,11246594,0.0,0.0
2022-06-02,3252.0,3280.0,3240.0,3252.0,1749.3941650390625,7132586,0.0,0.0
2022-06-03,3300.0,3307.0,3223.0,3300.0,1775.2154541015625,11597736,0.0,0.0
2022-06-06,3269.0,3320.0,3260.0,3269.0,1758.539306640625,4598283,0.0,0.0
2022-06-07,3290.0,3293.0,3257.0,3290.0,1769.8359375,7170384,0.0,0.0
2022-06-08,3250.0,3299.0,3250.0,3250.0,1748.3184814453125,4921973,0.0,0.0
2022-06-09,3175.0,3244.0,3175.0,3175.0,1707.972412109375,8733067,0.0,0.0
2022-06-10,3150.0,3170.0,3101.0,3150.0,1694.5240478515625,6344693,0.0,0.0
2022-06-13,3000.0,3170.0,3000.0,3000.0,1613.83203125,9141484,0.0,0.0
2022-06-14,2970.0,3068.0,2935.0,2970.0,1597.694091796875,6088210,0.0,0.0
2022-06-15,2970.0,3068.0,2935.0,2970.0,1597.694091796875,6088210,0.0,0.0
2022-06-16,2815.0,2865.0,2800.0,2815.0,1514.3126220703125,11726058,0.0,0.0
2022-06-17,2760.0,2815.0,2685.0,2760.0,1484.7255859375,39523174,0.0,0.0
2022-06-20,2760.0,2760.0,2760.0,2760.0,1484.7255859375,0,0.0,0.0
2022-06-21,2431.0,2710.0,2373.0,2431.0,1307.7420654296875,25004815,0.0,0.0
2022-06-22,2321.0,2401.0,2300.0,2321.0,1248.568115234375,12483075,0.0,0.0
2022-06-23,2005.0,2300.0,2005.0,2005.0,1162.7398681640625,26266483,168.0,0.0
2022-06-24,2139.0,2160.0,2020.0,2139.0,1240.449462890625,11747960,0.0,0.0
2022-06-27,2139.0,2139.0,2139.0,2139.0,1240.449462890625,0,0.0,0.0
2022-06-28,2139.0,2139.0,2139.0,2139.0,1240.449462890625,0,0.0,0.0
2022-06-29,2139.0,2139.0,2139.0,2139.0,1240.449462890625,0,0.0,0.0
2022-06-30,2253.0,2311.0,2228.0,2253.0,1306.560302734375,9054237,0.0,0.0
2022-07-01,2350.0,2350.0,2227.0,2350.0,1362.8125,10699220,0.0,0.0
2022-07-04,2350.0,2350.0,2350.0,2350.0,1362.8125,0,0.0,0.0
2022-07-05,2173.0,2390.0,2135.0,2173.0,1260.1666259765625,8613559,0.0,0.0
2022-07-06,2173.0,2390.0,2135.0,2173.0,1260.1666259765625,8613559,0.0,0.0
2022-07-07,2280.0,2280.0,2200.0,2280.0,1322.218017578125,4971410,0.0,0.0
2022-07-08,2300.0,2301.0,2225.0,2300.0,1333.8165283203125,5030759,0.0,0.0
2022-07-11,2290.0,2312.0,2236.0,2290.0,1328.0172119140625,7095067,0.0,0.0
2022-07-12,2296.0,2328.0,2240.0,2296.0,1331.496826171875,19966931,0.0,0.0
2022-07-13,2267.0,2309.0,2190.0,2267.0,1314.6793212890625,5508819,0.0,0.0
2022-07-14,2130.0,2248.0,2106.0,2130.0,1235.230224609375,8270276,0.0,0.0
2022-07-15,2098.0,2150.0,2085.0,2098.0,1216.6724853515625,5832165,0.0,0.0
2022-07-18,2125.0,2151.0,2094.0,2125.0,1232.3304443359375,4644568,0.0,0.0
2022-07-19,2200.0,2202.0,2115.0,2200.0,1275.824462890625,5127802,0.0,0.0
2022-07-20,2200.0,2200.0,2200.0,2200.0,1275.824462890625,0,0.0,0.0
2022-07-21,2131.0,2189.0,2100.0,2131.0,1235.8099365234375,7409333,0.0,0.0
2022-07-22,2060.0,2149.0,2060.0,2060.0,1194.6356201171875,4512408,0.0,0.0
2022-07-25,2177.0,2177.0,2080.0,2177.0,1262.4862060546875,2817647,0.0,0.0
2022-07-26,2200.0,2249.0,2182.0,2200.0,1275.824462890625,2764700,0.0,0.0
2022-07-27,2280.0,2280.0,2153.0,2280.0,1322.218017578125,4067297,0.0,0.0
2022-07-28,2273.0,2299.0,2203.0,2273.0,1318.15869140625,3606294,0.0,0.0
2022-07-29,2280.0,2345.0,2280.0,2280.0,1322.218017578125,7960916,0.0,0.0
2022-08-01,2250.0,2271.0,2206.0,2250.0,1304.8204345703125,3705747,0.0,0.0
2022-08-02,2300.0,2323.0,2272.0,2300.0,1333.8165283203125,14759269,0.0,0.0
2022-08-03,2295.0,2304.0,2246.0,2295.0,1330.9168701171875,9795816,0.0,0.0
2022-08-04,2203.0,2320.0,2163.0,2203.0,1277.5643310546875,12296777,0.0,0.0
2022-08-05,2250.0,2250.0,2200.0,2250.0,1304.8204345703125,4967710,0.0,0.0
2022-08-08,2315.0,2328.0,2203.0,2315.0,1342.515380859375,5045596,0.0,0.0
2022-08-09,2335.0,2355.0,2315.0,2335.0,1354.113525390625,6248690,0.0,0.0
2022-08-10,2320.0,2333.0,2292.0,2320.0,1345.4149169921875,4250261,0.0,0.0
2022-08-11,2340.0,2349.0,2323.0,2340.0,1357.0133056640625,3434744,0.0,0.0
2022-08-12,2348.0,2348.0,2291.0,2348.0,1361.6527099609375,3481580,0.0,0.0
2022-08-15,2348.0,2348.0,2348.0,2348.0,1361.6527099609375,0,0.0,0.0
2022-08-16,2348.0,2348.0,2348.0,2348.0,1361.6527099609375,0,0.0,0.0
2022-08-17,2270.0,2294.0,2244.0,2270.0,1316.4188232421875,4789225,0.0,0.0
2022-08-18,2323.0,2337.0,2291.0,2323.0,1347.154541015625,13500923,0.0,0.0
2022-08-19,2267.0,2322.0,2267.0,2267.0,1314.6793212890625,2992851,0.0,0.0
2022-08-22,2298.0,2304.0,2245.0,2298.0,1332.6566162109375,3761761,0.0,0.0
2022-08-23,2410.0,2425.0,2299.0,2410.0,1397.6077880859375,13877097,0.0,0.0
2022-08-24,2460.0,2473.0,2397.0,2460.0,1426.6036376953125,6358022,0.0,0.0
2022-08-25,2460.0,2480.0,2420.0,2460.0,1426.6036376953125,4671873,0.0,0.0
2022-08-26,2418.0,2440.0,2380.0,2418.0,1402.2470703125,9272266,0.0,0.0
2022-08-29,2472.0,2485.0,2407.0,2472.0,1433.5626220703125,9155932,0.0,0.0
2022-08-30,2384.0,2456.0,2355.0,2384.0,1382.52978515625,9900741,0.0,0.0
2022-08-31,2257.0,2362.0,2257.0,2257.0,1308.8800048828125,23852106,0.0,0.0
2022-09-01,2210.0,2257.0,2180.0,2210.0,1281.6236572265625,7260050,0.0,0.0
2022-09-02,2298.0,2305.0,2217.0,2298.0,1332.6566162109375,4997266,0.0,0.0
2022-09-05,2334.0,2360.0,2306.0,2334.0,1353.53369140625,1089796,0.0,0.0
2022-09-06,2336.0,2370.0,2320.0,2336.0,1354.693603515625,2978120,0.0,0.0
2022-09-07,2273.0,2320.0,2250.0,2273.0,1318.15869140625,4054581,0.0,0.0
2022-09-08,2240.0,2295.0,2235.0,2240.0,1299.021240234375,5573422,0.0,0.0
2022-09-09,2332.0,2355.0,2282.0,2332.0,1352.373779296875,5190574,0.0,0.0
2022-09-12,2398.0,2435.0,2335.0,2398.0,1390.648681640625,4305164,0.0,0.0
2022-09-13,2389.0,2406.0,2359.0,2389.0,1385.4293212890625,5586669,0.0,0.0
2022-09-14,2399.0,2450.0,2390.0,2399.0,1391.228515625,7384883,0.0,0.0
2022-09-15,2305.0,2400.0,2300.0,2305.0,1336.7161865234375,5064177,0.0,0.0
2022-09-16,2300.0,2305.0,2223.0,2300.0,1333.8165283203125,21572838,0.0,0.0
2022-09-19,2280.0,2290.0,2218.0,2280.0,1322.218017578125,2612146,0.0,0.0
2022-09-20,2221.0,2250.0,2218.0,2221.0,1288.0028076171875,7905464,0.0,0.0
2022-09-21,2180.0,2250.0,2177.0,2180.0,1264.2259521484375,7001838,0.0,0.0
2022-09-22,2209.0,2244.0,2175.0,2209.0,1281.0438232421875,4102971,0.0,0.0
2022-09-23,2034.0,2156.0,2034.0,2034.0,1179.5576171875,9944859,0.0,0.0
2022-09-26,1970.0,2050.0,1940.0,1970.0,1142.44287109375,5590268,0.0,0.0
2022-09-27,2019.0,2093.0,1992.0,2019.0,1170.8590087890625,4025883,0.0,0.0
2022-09-28,2061.0,2061.0,1994.0,2061.0,1195.2156982421875,3738569,0.0,0.0
2022-09-29,2080.0,2083.0,1995.0,2080.0,1206.2340087890625,2743619,0.0,0.0
2022-09-30,2074.0,2115.0,2050.0,2074.0,1202.7545166015625,3932254,0.0,0.0
2022-10-03,2180.0,2180.0,2115.0,2180.0,1264.2259521484375,6272451,0.0,0.0
2022-10-04,2297.0,2297.0,2180.0,2297.0,1332.07666015625,7237401,0.0,0.0
2022-10-05,2325.0,2335.0,2240.0,2325.0,1348.314453125,10043541,0.0,0.0
2022-10-06,2372.0,2378.0,2325.0,2372.0,1375.5706787109375,10533768,0.0,0.0
2022-10-07,2340.0,2402.0,2329.0,2340.0,1357.0133056640625,6702153,0.0,0.0
2022-10-10,2258.0,2351.0,2240.0,2258.0,1309.4599609375,4409461,0.0,0.0
2022-10-11,2179.0,2243.0,2172.0,2179.0,1263.6461181640625,5892516,0.0,0.0
2022-10-12,2163.0,2198.0,2141.0,2163.0,1254.367431640625,4927800,0.0,0.0
2022-10-13,2210.0,2244.0,2134.0,2210.0,1281.6236572265625,6309464,0.0,0.0
2022-10-14,2160.0,2204.0,2160.0,2160.0,1252.627685546875,4774223,0.0,0.0
2022-10-17,2160.0,2160.0,2160.0,2160.0,1252.627685546875,0,0.0,0.0
2022-10-18,2250.0,2250.0,2100.0,2250.0,1304.8204345703125,6116479,0.0,0.0
2022-10-19,2314.0,2330.0,2254.0,2314.0,1341.935302734375,12400647,0.0,0.0
2022-10-20,2314.0,2330.0,2254.0,2314.0,1341.935302734375,12400647,0.0,0.0
2022-10-21,2353.0,2353.0,2291.0,2353.0,1364.5523681640625,18944675,0.0,0.0
2022-10-24,2300.0,2355.0,2295.0,2300.0,1333.8165283203125,7370038,0.0,0.0
2022-10-25,2295.0,2320.0,2270.0,2295.0,1330.9168701171875,6051687,0.0,0.0
2022-10-26,2297.0,2338.0,2263.0,2297.0,1332.07666015625,7506813,0.0,0.0
2022-10-27,2320.0,2350.0,2290.0,2320.0,1345.4149169921875,9223454,0.0,0.0
2022-10-28,2410.0,2415.0,2335.0,2410.0,1397.6077880859375,17374042,0.0,0.0
2022-10-31,2450.0,2450.0,2364.0,2450.0,1420.8043212890625,9966124,0.0,0.0
2022-11-01,2555.0,2582.0,2450.0,2555.0,1481.696044921875,15593405,0.0,0.0
2022-11-02,2489.0,2560.0,2481.0,2489.0,1443.42138671875,6792140,0.0,0.0
2022-11-03,2450.0,2487.0,2420.0,2450.0,1420.8043212890625,4026780,0.0,0.0
2022-11-04,2540.0,2544.0,2500.0,2540.0,1472.997314453125,5616093,0.0,0.0
2022-11-07,2540.0,2540.0,2540.0,2540.0,1472.997314453125,0,0.0,0.0
2022-11-08,2550.0,2560.0,2505.0,2550.0,1478.7967529296875,3792341,0.0,0.0
2022-11-09,2401.0,2599.0,2400.0,2401.0,1392.388427734375,8928254,0.0,0.0
2022-11-10,2599.0,2599.0,2352.0,2599.0,1507.2127685546875,13999872,0.0,0.0
2022-11-11,2385.0,2450.0,2252.0,2385.0,1383.109619140625,42656376,0.0,0.0
2022-11-14,2385.0,2385.0,2385.0,2385.0,1383.109619140625,0,0.0,0.0
2022-11-15,2509.0,2530.0,2424.0,2509.0,1455.019775390625,28127413,0.0,0.0
2022-11-16,2410.0,2520.0,2410.0,2410.0,1397.6077880859375,17874188,0.0,0.0
2022-11-17,2500.0,2500.0,2400.0,2500.0,1449.8004150390625,10933896,0.0,0.0
2022-11-18,2469.0,2500.0,2436.0,2469.0,1431.822998046875,7813398,0.0,0.0
2022-11-21,2382.0,2436.0,2303.0,2382.0,1381.369873046875,13172050,0.0,0.0
2022-11-22,2382.0,2436.0,2303.0,2382.0,1381.369873046875,13172050,0.0,0.0
2022-11-23,2460.0,2460.0,2460.0,2460.0,1426.6036376953125,15320143413,0.0,0.0
2022-11-24,2460.0,2460.0,2460.0,2460.0,1426.6036376953125,0,0.0,0.0
2022-11-25,2494.0,2546.0,2457.0,2457.0,1424.864013671875,11708659,0.0,0.0
2022-11-28,2431.0,2457.0,2402.0,2433.0,1410.9459228515625,18856433,0.0,0.0
2022-11-29,2449.0,2487.0,2449.0,2478.0,1437.0421142578125,16195668,0.0,0.0
2022-11-30,2445.0,2510.0,2290.0,2290.0,1328.0172119140625,308627836,0.0,0.0
2022-12-01,2300.0,2307.0,2190.0,2300.0,1333.8165283203125,147003134,0.0,0.0
2022-12-02,2300.0,2339.0,2270.0,2307.0,1337.8760986328125,11840118,0.0,0.0
2022-12-05,2329.0,2340.0,2202.0,2239.0,1298.4412841796875,8478467,0.0,0.0
2022-12-06,2200.0,2250.0,2200.0,2250.0,1304.8204345703125,3484172,0.0,0.0
2022-12-07,2236.0,2284.0,2200.0,2240.0,1299.021240234375,11886847,0.0,0.0
2022-12-08,2240.0,2240.0,2240.0,2240.0,1299.021240234375,0,0.0,0.0
2022-12-09,2228.0,2239.0,2180.0,2195.0,1272.9246826171875,12477101,0.0,0.0
2022-12-12,2180.0,2219.0,2165.0,2214.0,1283.943359375,2347822,0.0,0.0
2022-12-13,2220.0,2265.0,2220.0,2240.0,1299.021240234375,5329134,0.0,0.0
2022-12-14,2240.0,2244.0,2190.0,2197.0,1274.0845947265625,11606278,0.0,0.0
2022-12-15,2197.0,2214.0,2151.0,2183.0,1265.9656982421875,4272355,0.0,0.0
2022-12-16,2205.0,2205.0,2112.0,2146.0,1244.5086669921875,4650468,0.0,0.0
2022-12-19,2160.0,2205.0,2133.0,2180.0,1264.2259521484375,16255879,0.0,0.0
2022-12-20,2200.0,2242.0,2200.0,2230.0,1293.2220458984375,12021096,0.0,0.0
2022-12-21,2250.0,2294.0,2245.0,2280.0,1322.218017578125,30554239,0.0,0.0
2022-12-22,2271.0,2280.0,2206.0,2258.0,1309.4599609375,2952942,0.0,0.0
2022-12-23,2258.0,2258.0,2258.0,2258.0,1309.4599609375,0,0.0,0.0
2022-12-26,2338.0,2338.0,2290.0,2321.0,1345.9947509765625,1135993,0.0,0.0
2022-12-27,2358.0,2400.0,2350.0,2400.0,1391.80859375,15275167,0.0,0.0
2022-12-28,2410.0,2410.0,2363.0,2379.0,1379.6302490234375,2433228,0.0,0.0
2022-12-29,2370.0,2424.0,2370.0,2420.0,1403.4068603515625,6856768,0.0,0.0
2022-12-30,2420.0,2420.0,2420.0,2420.0,1403.4068603515625,0,0.0,0.0
2023-01-02,2440.0,2487.0,2440.0,2479.0,1437.6221923828125,1474560,0.0,0.0
2023-01-03,2485.0,2510.0,2380.0,2380.0,1380.2099609375,8883437,0.0,0.0
2023-01-04,2380.0,2466.0,2340.0,2415.0,1400.50732421875,14320260,0.0,0.0
2023-01-05,2431.0,2514.0,2428.0,2510.0,1455.599609375,9307020,0.0,0.0
2023-01-06,2515.0,2657.0,2515.0,2646.0,1534.468994140625,21712400,0.0,0.0
2023-01-09,2646.0,2646.0,2646.0,2646.0,1534.468994140625,0,0.0,0.0
2023-01-10,2700.0,2700.0,2574.0,2685.0,1557.0858154296875,8389320,0.0,0.0
2023-01-11,2700.0,2725.0,2636.0,2665.0,1545.4871826171875,10383564,0.0,0.0
2023-01-12,2640.0,2729.0,2640.0,2694.0,1562.3050537109375,16049836,0.0,0.0
2023-01-13,2700.0,2740.0,2675.0,2714.0,1573.903564453125,8619623,0.0,0.0
2023-01-16,2712.0,2722.0,2694.0,2700.0,1565.784423828125,400070,0.0,0.0
2023-01-17,2725.0,2734.0,2701.0,2716.0,1575.0633544921875,4391571,0.0,0.0
2023-01-18,2730.0,2854.0,2730.0,2803.0,1625.5162353515625,12467371,0.0,0.0
2023-01-19,2810.0,2814.0,2761.0,2766.0,1604.0592041015625,4342351,0.0,0.0
2023-01-20,2751.0,2785.0,2746.0,2749.0,1594.2008056640625,4671757,0.0,0.0
2023-01-23,2800.0,2811.0,2726.0,2737.0,1587.24169921875,6986901,0.0,0.0
2023-01-24,2761.0,2761.0,2670.0,2670.0,1548.386962890625,9074076,0.0,0.0
2023-01-25,2651.0,2689.0,2630.0,2664.0,1544.9073486328125,11432596,0.0,0.0
2023-01-26,2715.0,2715.0,2674.0,2693.0,1561.7249755859375,4177451,0.0,0.0
2023-01-27,2651.0,2651.0,2575.0,2607.0,1511.8521728515625,17102952,0.0,0.0
2023-01-30,2600.0,2605.0,2560.0,2590.0,1501.9932861328125,7138778,0.0,0.0
2023-01-31,2573.0,2669.0,2570.0,2669.0,1547.806884765625,6765146,0.0,0.0
2023-02-01,2633.0,2664.0,2572.0,2573.0,1492.1346435546875,9267539,0.0,0.0
2023-02-02,2600.0,2600.0,2502.0,2525.0,1464.298583984375,7972438,0.0,0.0
2023-02-03,2539.0,2570.0,2530.0,2537.0,1471.2574462890625,4054828,0.0,0.0
2023-02-06,2540.0,2588.0,2490.0,2577.0,1494.4544677734375,4339228,0.0,0.0
2023-02-07,2580.0,2615.0,2539.0,2610.0,1513.591796875,9271012,0.0,0.0
2023-02-08,2610.0,2661.0,2580.0,2582.0,1497.35400390625,6591305,0.0,0.0
2023-02-09,2560.0,2560.0,2480.0,2500.0,1449.8004150390625,15347845,0.0,0.0
2023-02-10,2510.0,2629.0,2510.0,2629.0,1524.610107421875,10479063,0.0,0.0
2023-02-13,2615.0,2630.0,2602.0,2612.0,1514.75146484375,3704363,0.0,0.0
2023-02-14,2593.0,2626.0,2580.0,2580.0,1496.194091796875,3650026,0.0,0.0
2023-02-15,2570.0,2595.0,2548.0,2595.0,1504.89306640625,5464723,0.0,0.0
2023-02-16,2560.0,2668.0,2560.0,2620.0,1519.390869140625,6622766,0.0,0.0
2023-02-17,2600.0,2600.0,2531.0,2536.0,1470.677490234375,4895456,0.0,0.0
2023-02-20,2589.0,2589.0,2536.0,2551.0,1479.376708984375,216139,0.0,0.0
2023-02-21,2550.0,2604.0,2550.0,2588.0,1500.83349609375,4331156,0.0,0.0
2023-02-22,2560.0,2580.0,2535.0,2536.0,1470.677490234375,4313119,0.0,0.0
2023-02-23,2568.0,2641.0,2550.0,2612.0,1514.75146484375,7625165,0.0,0.0
2023-02-24,2564.0,2626.0,2535.0,2620.0,1519.390869140625,4829578,0.0,0.0
2023-02-27,2592.0,2695.0,2592.0,2685.0,1557.0858154296875,7412112,0.0,0.0
2023-02-28,2700.0,2753.0,2690.0,2698.0,1564.624755859375,10760292,0.0,0.0
2023-03-01,2750.0,2769.0,2675.0,2715.0,1574.483154296875,20111742,0.0,0.0
2023-03-02,2760.0,2775.0,2671.0,2685.0,1557.0858154296875,7299509,0.0,0.0
2023-03-03,2665.0,2737.0,2660.0,2725.0,1580.2823486328125,4622687,0.0,0.0
2023-03-06,2739.0,2760.0,2718.0,2740.0,1588.9814453125,4586106,0.0,0.0
2023-03-07,2714.0,2759.0,2674.0,2685.0,1557.0858154296875,3520665,0.0,0.0
2023-03-08,2736.0,2736.0,2670.0,2682.0,1555.345947265625,2735097,0.0,0.0
2023-03-09,2706.0,2737.0,2630.0,2632.0,1526.3499755859375,3896396,0.0,0.0
2023-03-10,2680.0,2680.0,2550.0,2550.0,1478.7967529296875,5144534,0.0,0.0
2023-03-13,2540.0,2559.0,2460.0,2462.0,1427.7635498046875,4864747,0.0,0.0
2023-03-14,2473.0,2556.0,2473.0,2482.0,1439.36181640625,8010652,0.0,0.0
2023-03-15,2480.0,2480.0,2362.0,2397.0,1390.0687255859375,15027576,0.0,0.0
2023-03-16,2445.0,2464.0,2370.0,2370.0,1374.4110107421875,9236815,0.0,0.0
2023-03-17,2407.0,2407.0,2347.0,2400.0,1391.80859375,7243872,0.0,0.0
2023-03-20,2400.0,2400.0,2400.0,2400.0,1391.80859375,0,0.0,0.0
2023-03-21,2404.0,2457.0,2404.0,2456.0,1424.2840576171875,2656243,0.0,0.0
2023-03-22,2450.0,2470.0,2400.0,2408.0,1396.4478759765625,4543865,0.0,0.0
2023-03-23,2419.0,2425.0,2289.0,2292.0,1329.177001953125,8728507,0.0,0.0
2023-03-24,2280.0,2302.0,2250.0,2297.0,1332.07666015625,2886134,0.0,0.0
2023-03-27,2320.0,2339.0,2271.0,2339.0,1356.433349609375,3538882,0.0,0.0
2023-03-28,2320.0,2429.0,2320.0,2388.0,1384.8492431640625,2498340,0.0,0.0
2023-03-29,2411.0,2412.0,2380.0,2382.0,1381.369873046875,2167508,0.0,0.0
2023-03-30,2403.0,2432.0,2387.0,2421.0,1403.98681640625,3071543,0.0,0.0
2023-03-31,2448.0,2475.0,2442.0,2450.0,1420.8043212890625,3719322,0.0,0.0
2023-04-03,2470.0,2590.0,2470.0,2552.0,1479.9564208984375,9371127,0.0,0.0
2023-04-04,2570.0,2590.0,2513.0,2516.0,1459.079345703125,4966824,0.0,0.0
2023-04-05,2537.0,2542.0,2490.0,2540.0,1472.997314453125,1483413,0.0,0.0
2023-04-06,2540.0,2540.0,2540.0,2540.0,1472.997314453125,0,0.0,0.0
2023-04-07,2540.0,2540.0,2540.0,2540.0,1472.997314453125,0,0.0,0.0
2023-04-10,2539.0,2546.0,2516.0,2519.0,1460.819091796875,2932430,0.0,0.0
2023-04-11,2530.0,2580.0,2530.0,2580.0,1496.194091796875,5116689,0.0,0.0
2023-04-12,2580.0,2600.0,2553.0,2580.0,1496.194091796875,6354579,0.0,0.0
2023-04-13,2581.0,2605.0,2563.0,2563.0,1486.3355712890625,1633921,0.0,0.0
2023-04-14,2591.0,2591.0,2543.0,2560.0,1484.595458984375,0,0.0,0.0
2023-04-17,2580.0,2609.0,2554.0,2556.0,1482.2760009765625,4362363,0.0,0.0
2023-04-18,2570.0,2585.0,2551.0,2552.0,1479.9564208984375,4410073,0.0,0.0
2023-04-19,2550.0,2560.0,2521.0,2545.0,1475.8970947265625,2257821,0.0,0.0
2023-04-20,2531.0,2551.0,2513.0,2520.0,1461.3988037109375,6702508,0.0,0.0
2023-04-21,2510.0,2510.0,2320.0,2320.0,1459.92626953125,4636042,197.66,0.0
2023-04-24,2322.0,2405.0,2322.0,2385.0,1500.8294677734375,4944020,0.0,0.0
2023-04-25,2330.0,2386.0,2200.0,2235.0,1406.4376220703125,13644209,0.0,0.0
2023-04-26,2240.0,2241.0,2160.0,2197.0,1382.525146484375,17871151,0.0,0.0
2023-04-27,2180.0,2208.0,2150.0,2188.0,1376.861572265625,7471579,0.0,0.0
2023-04-28,2188.0,2300.0,2180.0,2288.0,1439.7894287109375,5599669,0.0,0.0
2023-05-01,2288.0,2288.0,2288.0,2288.0,1439.7894287109375,0,0.0,0.0
2023-05-02,2202.0,2208.0,2067.0,2073.0,1304.4947509765625,13816971,0.0,0.0
2023-05-03,2050.0,2076.0,2005.0,2045.0,1286.8748779296875,8038527,0.0,0.0
2023-05-04,2045.0,2050.0,1984.0,1990.0,1252.264404296875,9881513,0.0,0.0
2023-05-05,2050.0,2100.0,2050.0,2081.0,1309.5286865234375,5986789,0.0,0.0
2023-05-08,2113.0,2113.0,2052.0,2060.0,1296.31396484375,2877842,0.0,0.0
2023-05-09,2022.0,2095.0,2020.0,2087.0,1313.3045654296875,3485287,0.0,0.0
2023-05-10,2100.0,2100.0,2065.0,2079.0,1308.2703857421875,1632876,0.0,0.0
2023-05-11,2090.0,2111.0,2050.0,2090.0,1315.1923828125,5735378,0.0,0.0
2023-05-12,2108.0,2140.0,2088.0,2125.0,1337.217041015625,4617782,0.0,0.0
2023-05-15,2101.0,2117.0,2080.0,2089.0,1314.5628662109375,1896365,0.0,0.0
2023-05-16,2100.0,2112.0,2060.0,2064.0,1298.8309326171875,2894034,0.0,0.0
2023-05-17,2097.0,2128.0,2087.0,2104.0,1324.002197265625,3505405,0.0,0.0
2023-05-18,2110.0,2113.0,2069.0,2113.0,1329.665771484375,2979190,0.0,0.0
2023-05-19,2115.0,2142.0,2112.0,2135.0,1343.510009765625,2164202,0.0,0.0
2023-05-22,2135.0,2135.0,2135.0,2135.0,1343.510009765625,0,0.0,0.0
2023-05-23,2140.0,2168.0,2113.0,2121.0,1334.699951171875,2039006,0.0,0.0
2023-05-24,2134.0,2136.0,2091.0,2115.0,1330.92431640625,1375488,0.0,0.0
2023-05-25,2085.0,2092.0,2061.0,2086.0,1312.675048828125,1853350,0.0,0.0
2023-05-26,2090.0,2096.0,2041.0,2065.0,1299.4603271484375,992708,0.0,0.0
2023-05-29,2065.0,2080.0,2051.0,2060.0,1296.31396484375,294344,0.0,0.0
2023-05-30,2070.0,2070.0,1990.0,2016.0,1268.6256103515625,5553440,0.0,0.0
2023-05-31,2008.0,2036.0,1980.0,2036.0,1281.211181640625,3241967,0.0,0.0
2023-06-01,2036.0,2105.0,2036.0,2064.0,1298.8309326171875,1730206,0.0,0.0
2023-06-02,2112.0,2121.0,2090.0,2116.0,1331.553466796875,2059397,0.0,0.0
2023-06-05,2129.0,2168.0,2081.0,2090.0,1315.1923828125,1646721,0.0,0.0
2023-06-06,2085.0,2143.0,2049.0,2143.0,1348.5439453125,2777808,0.0,0.0
2023-06-07,2145.0,2196.0,2143.0,2170.0,1365.53466796875,2716894,0.0,0.0
2023-06-08,2176.0,2180.0,2132.0,2171.0,1366.1636962890625,3050800,0.0,0.0
2023-06-13,2150.0,2188.0,2126.0,2134.0,1342.8804931640625,1997559,0.0,0.0
2023-06-14,2164.0,2164.0,2132.0,2143.0,1348.5439453125,1530465,0.0,0.0
2023-06-15,2160.0,2194.0,2153.0,2153.0,1354.8367919921875,2787163,0.0,0.0
2023-06-16,2170.0,2200.0,2140.0,2200.0,1384.4130859375,9259418,0.0,0.0
2023-06-19,2200.0,2200.0,2200.0,2200.0,1384.4130859375,0,0.0,0.0
2023-06-20,2151.0,2164.0,2110.0,2134.0,1342.8804931640625,5475954,0.0,0.0
2023-06-21,2160.0,2205.0,2160.0,2185.0,1374.9736328125,4023686,0.0,0.0
2023-06-22,2148.0,2190.0,2139.0,2148.0,1351.6905517578125,2222590,0.0,0.0
2023-06-23,2133.0,2178.0,2130.0,2140.0,1346.65625,2057088,0.0,0.0
2023-06-26,2140.0,2185.0,2140.0,2185.0,1374.9736328125,1250225,0.0,0.0
2023-06-27,2175.0,2176.0,2140.0,2140.0,1346.65625,2534263,0.0,0.0
2023-06-28,2150.0,2150.0,2130.0,2150.0,1352.948974609375,1729947,0.0,0.0
2023-06-29,2152.0,2160.0,2132.0,2153.0,1354.8367919921875,3885081,0.0,0.0
2023-06-30,2155.0,2157.0,2138.0,2140.0,1346.65625,2786231,0.0,0.0
2023-07-03,2140.0,2140.0,2140.0,2140.0,1346.65625,0,0.0,0.0
2023-07-04,2160.0,2160.0,2137.0,2137.0,1344.7684326171875,242094,0.0,0.0
2023-07-05,2169.0,2174.0,2137.0,2137.0,1344.7684326171875,1698983,0.0,0.0
2023-07-06,2130.0,2136.0,2098.0,2130.0,1340.3636474609375,1362332,0.0,0.0
2023-07-07,2111.0,2160.0,2111.0,2160.0,1359.2418212890625,4169861,0.0,0.0
2023-07-10,2157.0,2170.0,2148.0,2157.0,1357.35400390625,2674017,0.0,0.0
2023-07-11,2167.0,2214.0,2165.0,2214.0,1393.222900390625,8395624,0.0,0.0
2023-07-12,2215.0,2244.0,2215.0,2236.0,1407.0670166015625,2811015,0.0,0.0
2023-07-13,2236.0,2282.0,2226.0,2236.0,1407.0670166015625,5176500,0.0,0.0
2023-07-14,2242.0,2260.0,2162.0,2167.0,1363.646728515625,3534854,0.0,0.0
2023-07-17,2158.0,2196.0,2155.0,2166.0,1363.0174560546875,1900688,0.0,0.0
2023-07-18,2165.0,2203.0,2165.0,2186.0,1375.60302734375,974314,0.0,0.0
2023-07-19,2197.0,2208.0,2174.0,2181.0,1372.45654296875,3890027,0.0,0.0
2023-07-20,2181.0,2181.0,2181.0,2181.0,1372.45654296875,0,0.0,0.0
2023-07-21,2200.0,2209.0,2170.0,2192.0,1379.3787841796875,2083141,0.0,0.0
2023-07-24,2206.0,2237.0,2206.0,2219.0,1396.369140625,4709605,0.0,0.0
2023-07-25,2225.0,2243.0,2215.0,2243.0,1411.4718017578125,10164221,0.0,0.0
2023-07-26,2219.0,2236.0,2219.0,2224.0,1399.5157470703125,3579686,0.0,0.0
2023-07-27,2223.0,2225.0,2190.0,2199.0,1383.78369140625,2183614,0.0,0.0
2023-07-28,2199.0,2218.0,2184.0,2206.0,1388.1885986328125,2395808,0.0,0.0
2023-07-31,2206.0,2206.0,2206.0,2206.0,1388.1885986328125,0,0.0,0.0
2023-08-01,2300.0,2312.0,2282.0,2290.0,1441.048095703125,2997101,0.0,0.0
2023-08-02,2285.0,2300.0,2240.0,2261.090087890625,1422.855712890625,2962515,0.0,0.0
2023-08-03,2283.0,2338.0,2282.0,2330.0,1466.2191162109375,6699148,0.0,0.0
2023-08-04,2330.0,2330.0,2330.0,2330.0,1466.2191162109375,0,0.0,0.0
2023-08-07,2330.0,2330.0,2330.0,2330.0,1466.2191162109375,0,0.0,0.0
2023-08-08,2290.0,2365.0,2286.0,2365.0,1488.243896484375,2835644,0.0,0.0
2023-08-09,2325.0,2325.0,2230.0,2284.0,1437.2724609375,8513993,0.0,0.0
2023-08-10,2272.0,2299.0,2250.0,2270.0,1428.46240234375,2157838,0.0,0.0
2023-08-11,2279.0,2301.0,2279.0,2300.0,1447.3408203125,4085,0.0,0.0
2023-08-14,2280.0,2293.0,2266.0,2275.0,1431.60888671875,1327110,0.0,0.0
2023-08-15,2270.0,2309.0,2264.0,2265.0,1425.3160400390625,2308542,0.0,0.0
2023-08-16,2278.0,2307.0,2278.0,2307.0,1451.745849609375,3670828,0.0,0.0
2023-08-17,2309.0,2317.0,2288.0,2297.0,1445.4530029296875,589643,0.0,0.0
2023-08-18,2288.0,2330.0,2270.0,2330.0,1466.2191162109375,1326201,0.0,0.0
2023-08-21,2330.0,2330.0,2330.0,2330.0,1466.2191162109375,0,0.0,0.0
2023-08-22,2326.0,2332.0,2310.0,2324.0,1462.443603515625,2365736,0.0,0.0
2023-08-23,2290.0,2332.0,2268.0,2310.0,1453.6336669921875,1838690,0.0,0.0
2023-08-24,2322.0,2325.0,2293.0,2304.0,1449.85791015625,4138161,0.0,0.0
2023-08-25,2317.0,2317.0,2300.0,2310.0,1453.6336669921875,7548139,0.0,0.0
2023-08-28,2324.0,2360.0,2324.0,2345.0,1475.658203125,5446812,0.0,0.0
2023-08-29,2330.0,2390.0,2330.0,2390.0,1503.975830078125,5360637,0.0,0.0
2023-08-30,2394.0,2456.0,2394.0,2440.0,1535.4398193359375,4698598,0.0,0.0
2023-08-31,2455.0,2460.0,2357.0,2357.0,1483.2095947265625,8043923,0.0,0.0
2023-09-01,2394.0,2411.0,2380.0,2385.0,1500.8294677734375,988501,0.0,0.0
2023-09-04,2404.0,2404.0,2360.0,2370.0,1491.390380859375,264509,0.0,0.0
2023-09-05,2400.0,2443.0,2400.0,2416.0,1520.3370361328125,3513747,0.0,0.0
2023-09-06,2444.0,2460.0,2410.0,2421.0,1523.4835205078125,4406266,0.0,0.0
2023-09-07,2420.0,2424.0,2380.0,2385.0,1500.8294677734375,3539191,0.0,0.0
2023-09-08,2372.0,2440.0,2372.0,2429.0,1528.517822265625,3378947,0.0,0.0
2023-09-11,2439.0,2439.0,2393.0,2396.0,1507.7515869140625,2430673,0.0,0.0
2023-09-12,2420.0,2458.0,2410.0,2453.0,1543.6204833984375,5899237,0.0,0.0
2023-09-13,2420.0,2421.0,2398.0,2409.0,1515.93212890625,2775262,0.0,0.0
2023-09-14,2425.0,2461.0,2415.0,2456.0,1545.50830078125,4456154,0.0,0.0
2023-09-15,2460.0,2477.0,2411.0,2411.0,1517.1907958984375,8248170,0.0,0.0
2023-09-18,2459.0,2465.0,2427.0,2442.0,1536.698486328125,2094746,0.0,0.0
2023-09-19,2450.0,2490.0,2437.0,2489.0,1566.2744140625,5320123,0.0,0.0
2023-09-20,2485.0,2539.0,2485.0,2513.0,1581.3770751953125,7651789,0.0,0.0
2023-09-21,2519.0,2540.0,2400.0,2468.0,1553.0594482421875,6845300,0.0,0.0
2023-09-22,2400.0,2400.0,2300.0,2330.0,1593.8709716796875,12185823,197.66,0.0
2023-09-25,2372.0,2405.0,2320.0,2364.0,1617.1290283203125,9026013,0.0,0.0
2023-09-26,2331.0,2345.0,2276.0,2307.0,1578.1375732421875,15081201,0.0,0.0
2023-09-27,2307.0,2365.0,2307.0,2350.0,1607.55224609375,13683348,0.0,0.0
2023-09-28,2342.0,2377.0,2333.0,2333.0,1595.9232177734375,6752718,0.0,0.0
2023-09-29,2340.0,2365.0,2336.0,2365.0,1617.8131103515625,5947252,0.0,0.0
2023-10-02,2365.0,2379.0,2315.0,2322.0,1588.3983154296875,7263625,0.0,0.0
2023-10-03,2328.0,2397.0,2328.0,2375.0,1624.65380859375,3929995,0.0,0.0
2023-10-04,2328.0,2330.0,2309.0,2312.0,1581.5577392578125,6808446,0.0,0.0
2023-10-05,2324.0,2367.0,2320.0,2321.0,1587.71435546875,2323044,0.0,0.0
2023-10-06,2350.0,2368.0,2327.0,2359.0,1613.708740234375,5006039,0.0,0.0
2023-10-09,2375.0,2481.0,2375.0,2480.0,1696.4805908203125,9458486,0.0,0.0
2023-10-10,2457.0,2484.0,2435.0,2483.0,1698.5328369140625,1472519,0.0,0.0
2023-10-11,2460.0,2507.0,2460.0,2507.0,1714.950439453125,4191759,0.0,0.0
2023-10-12,2516.0,2540.0,2492.0,2540.0,1737.524658203125,8764499,0.0,0.0
2023-10-13,2540.0,2610.0,2540.0,2585.0,1768.3076171875,6325395,0.0,0.0
2023-10-16,2585.0,2585.0,2585.0,2585.0,1768.3076171875,0,0.0,0.0
2023-10-17,2585.0,2632.0,2585.0,2606.0,1782.6728515625,1474056,0.0,0.0
2023-10-18,2615.0,2645.0,2614.0,2645.0,1809.351318359375,3205582,0.0,0.0
2023-10-19,2625.0,2649.0,2590.0,2619.0,1791.565673828125,5958099,0.0,0.0
2023-10-20,2620.0,2629.0,2570.0,2575.0,1761.4669189453125,7005109,0.0,0.0
2023-10-23,2570.0,2570.0,2525.0,2525.0,1727.263671875,2671569,0.0,0.0
2023-10-24,2540.0,2560.0,2504.0,2520.0,1723.8431396484375,2457161,0.0,0.0
2023-10-25,2541.0,2552.0,2526.0,2542.0,1738.892578125,1636778,0.0,0.0
2023-10-26,2520.0,2520.0,2475.0,2475.0,1693.060302734375,3692565,0.0,0.0
2023-10-27,2474.0,2498.0,2452.0,2470.0,1689.6400146484375,1191949,0.0,0.0
2023-10-30,2450.0,2462.0,2378.0,2395.0,1638.3350830078125,2829265,0.0,0.0
2023-10-31,2410.0,2460.0,2407.0,2423.0,1657.48876953125,5020434,0.0,0.0
2023-11-01,2452.0,2480.0,2447.0,2480.0,1696.4805908203125,6001824,0.0,0.0
2023-11-02,2485.0,2515.0,2480.0,2480.0,1696.4805908203125,1228867,0.0,0.0
2023-11-03,2476.0,2485.0,2430.0,2460.0,1682.79931640625,2410303,0.0,0.0
2023-11-06,2460.0,2460.0,2460.0,2460.0,1682.79931640625,0,0.0,0.0
2023-11-07,2400.0,2540.0,2340.0,2340.0,1600.7115478515625,7028953,0.0,0.0
2023-11-08,2350.0,2385.0,2325.0,2335.0,1597.2911376953125,3140392,0.0,0.0
2023-11-09,2350.0,2425.0,2350.0,2350.0,1607.55224609375,3248223,0.0,0.0
2023-11-10,2355.0,2365.0,2320.0,2350.0,1607.55224609375,2714615,0.0,0.0
2023-11-13,2350.0,2350.0,2350.0,2350.0,1607.55224609375,0,0.0,0.0
2023-11-14,2385.0,2390.0,2360.0,2370.0,1621.233642578125,2136750,0.0,0.0
2023-11-15,2380.0,2405.0,2380.0,2395.0,1638.3350830078125,5642606,0.0,0.0
2023-11-16,2400.0,2405.0,2360.0,2395.0,1638.3350830078125,7083452,0.0,0.0
2023-11-17,2420.0,2535.0,2420.0,2480.0,1696.4805908203125,15778986,0.0,0.0
2023-11-20,2505.0,2550.0,2480.0,2500.0,1710.161865234375,4925112,0.0,0.0
2023-11-21,2505.0,2550.0,2500.0,2545.0,1740.9449462890625,3394906,0.0,0.0
2023-11-22,2515.0,2520.0,2480.0,2515.0,1720.4229736328125,3351513,0.0,0.0
2023-11-23,2520.0,2520.0,2480.0,2500.0,1710.161865234375,685504,0.0,0.0
2023-11-24,2520.0,2575.0,2520.0,2575.0,1761.4669189453125,6234950,0.0,0.0
2023-11-27,2475.0,2545.0,2475.0,2520.0,1723.8431396484375,3056721,0.0,0.0
2023-11-28,2520.0,2555.0,2520.0,2540.0,1737.524658203125,1439171,0.0,0.0
2023-11-29,2555.0,2555.0,2535.0,2535.0,1734.1043701171875,2550560,0.0,0.0
2023-11-30,2570.0,2590.0,2510.0,2520.0,1723.8431396484375,2879024,0.0,0.0
2023-12-01,2530.0,2550.0,2530.0,2545.0,1740.9449462890625,1148199,0.0,0.0
2023-12-04,2540.0,2545.0,2500.0,2545.0,1740.9449462890625,2766644,0.0,0.0
2023-12-05,2530.0,2550.0,2515.0,2515.0,1720.4229736328125,4096468,0.0,0.0
2023-12-06,2510.0,2525.0,2455.0,2455.0,1679.3790283203125,4633742,0.0,0.0
2023-12-07,2465.0,2500.0,2465.0,2465.0,1686.2198486328125,3090924,0.0,0.0
2023-12-08,2465.0,2465.0,2465.0,2465.0,1686.2198486328125,0,0.0,0.0
2023-12-11,2510.0,2560.0,2505.0,2510.0,1717.00244140625,3834050,0.0,0.0
2023-12-12,2500.0,2510.0,2460.0,2460.0,1682.79931640625,3633423,0.0,0.0
2023-12-13,2490.0,2515.0,2460.0,2500.0,1710.161865234375,4871093,0.0,0.0
2023-12-14,2500.0,2595.0,2500.0,2555.0,1747.7855224609375,6758435,0.0,0.0
2023-12-15,2500.0,2500.0,2365.0,2365.0,1753.4647216796875,5102460,197.66,0.0
2023-12-18,2400.0,2400.0,2340.0,2340.0,1734.9293212890625,2216390,0.0,0.0
2023-12-19,2365.0,2385.0,2340.0,2370.0,1757.172119140625,7175601,0.0,0.0
2023-12-20,2380.0,2380.0,2315.0,2335.0,1731.22216796875,5785343,0.0,0.0
2023-12-21,2315.0,2370.0,2315.0,2355.0,1746.0506591796875,6531896,0.0,0.0
2023-12-22,2355.0,2375.0,2335.0,2350.0,1742.3433837890625,4392751,0.0,0.0
2023-12-25,2350.0,2350.0,2350.0,2350.0,1742.3433837890625,0,0.0,0.0
2023-12-26,2360.0,2370.0,2335.0,2360.0,1749.7578125,2872866,0.0,0.0
2023-12-27,2360.0,2365.0,2320.0,2320.0,1720.1007080078125,1521621,0.0,0.0
2023-12-28,2320.0,2340.0,2300.0,2340.0,1734.9293212890625,1282756,0.0,0.0
2023-12-29,2340.0,2340.0,2340.0,2340.0,1734.9293212890625,0,0.0,0.0
2024-01-01,2340.0,2340.0,2340.0,2340.0,1734.9293212890625,0,0.0,0.0
2024-01-02,2340.0,2370.0,2335.0,2355.0,1746.0506591796875,740229,0.0,0.0
2024-01-03,2365.0,2420.0,2360.0,2420.0,1794.2431640625,2824764,0.0,0.0
2024-01-04,2440.0,2450.0,2405.0,2405.0,1783.121826171875,7680764,0.0,0.0
2024-01-05,2420.0,2450.0,2420.0,2445.0,1812.7786865234375,2593112,0.0,0.0
2024-01-08,2445.0,2445.0,2445.0,2445.0,1812.7786865234375,0,0.0,0.0
2024-01-09,2425.0,2425.0,2385.0,2395.0,1775.7073974609375,6205275,0.0,0.0
2024-01-10,2380.0,2390.0,2345.0,2345.0,1738.6363525390625,3053737,0.0,0.0
2024-01-11,2370.0,2375.0,2350.0,2355.0,1746.0506591796875,1809844,0.0,0.0
2024-01-12,2370.0,2390.0,2360.0,2375.0,1760.879150390625,2884748,0.0,0.0
2024-01-15,2375.0,2375.0,2360.0,2375.0,1760.879150390625,427263,0.0,0.0
2024-01-16,2370.0,2370.0,2320.0,2335.0,1731.22216796875,4253709,0.0,0.0
2024-01-17,2320.0,2325.0,2305.0,2315.0,1716.393798828125,5092743,0.0,0.0
2024-01-18,2320.0,2320.0,2290.0,2300.0,1705.2723388671875,4888401,0.0,0.0
2024-01-19,2295.0,2295.0,2250.0,2280.0,1690.44384765625,4223169,0.0,0.0
2024-01-22,2280.0,2280.0,2280.0,2280.0,1690.44384765625,0,0.0,0.0
2024-01-23,2255.0,2300.0,2255.0,2295.0,1701.565185546875,4438261,0.0,0.0
2024-01-24,2295.0,2295.0,2295.0,2295.0,1701.565185546875,0,0.0,0.0
2024-01-25,2295.0,2295.0,2295.0,2295.0,1701.565185546875,0,0.0,0.0
2024-01-26,2295.0,2295.0,2295.0,2295.0,1701.565185546875,0,0.0,0.0
2024-01-29,2345.0,2400.0,2345.0,2395.0,1775.7073974609375,3334508,0.0,0.0
2024-01-30,2375.0,2400.0,2375.0,2390.0,1772.0003662109375,2041122,0.0,0.0
2024-01-31,2380.0,2395.0,2335.0,2335.0,1731.22216796875,5674933,0.0,0.0
2024-02-01,2370.0,2400.0,2325.0,2345.0,1738.6363525390625,2856567,0.0,0.0
2024-02-02,2325.0,2340.0,2320.0,2320.0,1720.1007080078125,1329585,0.0,0.0
2024-02-05,2325.0,2335.0,2305.0,2320.0,1720.1007080078125,1307406,0.0,0.0
2024-02-06,2350.0,2360.0,2315.0,2355.0,1746.0506591796875,1728880,0.0,0.0
2024-02-07,2355.0,2365.0,2340.0,2365.0,1753.4647216796875,1985107,0.0,0.0
2024-02-08,2375.0,2380.0,2340.0,2340.0,1734.9293212890625,7357052,0.0,0.0
2024-02-09,2335.0,2335.0,2305.0,2315.0,1716.393798828125,3991935,0.0,0.0
2024-02-12,2330.0,2350.0,2310.0,2310.0,1712.6866455078125,3416185,0.0,0.0
2024-02-13,2315.0,2315.0,2275.0,2275.0,1686.73681640625,3168712,0.0,0.0
2024-02-14,2285.0,2310.0,2275.0,2275.0,1686.73681640625,2353063,0.0,0.0
2024-02-15,2260.0,2315.0,2260.0,2295.0,1701.565185546875,4545594,0.0,0.0
2024-02-16,2300.0,2315.0,2300.0,2305.0,1708.9793701171875,3215751,0.0,0.0
2024-02-19,2290.0,2305.0,2270.0,2270.0,1683.029541015625,355978,0.0,0.0
2024-02-20,2300.0,2320.0,2275.0,2280.0,1690.44384765625,2612608,0.0,0.0
2024-02-21,2305.0,2330.0,2295.0,2330.0,1727.5150146484375,5196637,0.0,0.0
2024-02-22,2290.0,2350.0,2290.0,2340.0,1734.9293212890625,2135737,0.0,0.0
2024-02-23,2310.0,2340.0,2305.0,2330.0,1727.5150146484375,1395482,0.0,0.0
2024-02-26,2340.0,2350.0,2325.0,2345.0,1738.6363525390625,4085477,0.0,0.0
2024-02-27,2340.0,2370.0,2340.0,2360.0,1749.7578125,2181966,0.0,0.0
2024-02-28,2360.0,2380.0,2300.0,2300.0,1705.2723388671875,4521562,0.0,0.0
2024-02-29,2315.0,2320.0,2290.0,2290.0,1697.8580322265625,3385269,0.0,0.0
2024-03-01,2280.0,2290.0,2200.0,2240.0,1660.787109375,9331162,0.0,0.0
2024-03-04,2210.0,2210.0,2120.0,2120.0,1571.816162109375,19324407,0.0,0.0
2024-03-05,2120.0,2135.0,2095.0,2095.0,1553.28076171875,6639850,0.0,0.0
2024-03-06,2150.0,2150.0,2085.0,2085.0,1545.8663330078125,4092863,0.0,0.0
2024-03-07,2090.0,2115.0,2085.0,2090.0,1549.573486328125,5057413,0.0,0.0
2024-03-08,2080.0,2080.0,2050.0,2055.0,1523.6236572265625,5733447,0.0,0.0
2024-03-11,2050.0,2075.0,2020.0,2060.0,1527.330810546875,7513846,0.0,0.0
2024-03-12,2060.0,2090.0,2050.0,2075.0,1538.4522705078125,4786471,0.0,0.0
2024-03-13,2100.0,2115.0,2080.0,2080.0,1542.159423828125,3251229,0.0,0.0
2024-03-14,2085.0,2120.0,2070.0,2120.0,1571.816162109375,7189970,0.0,0.0
2024-03-15,2120.0,2210.0,2105.0,2210.0,1638.5443115234375,46520253,0.0,0.0
2024-03-18,2110.0,2160.0,2100.0,2100.0,1556.98779296875,4839131,0.0,0.0
2024-03-19,2120.0,2140.0,2110.0,2120.0,1571.816162109375,1504884,0.0,0.0
2024-03-20,2105.0,2140.0,2105.0,2125.0,1575.5234375,1157509,0.0,0.0
2024-03-21,2135.0,2140.0,2120.0,2125.0,1575.5234375,2224496,0.0,0.0
2024-03-22,2130.0,2130.0,2085.0,2115.0,1568.109130859375,2823812,0.0,0.0
2024-03-25,2115.0,2115.0,2115.0,2115.0,1568.109130859375,0,0.0,0.0
2024-03-26,2080.0,2130.0,1995.0,1995.0,1596.926025390625,9764642,156.0,0.0
2024-03-27,2015.0,2075.0,2015.0,2075.0,1660.9630126953125,2506698,0.0,0.0
2024-03-28,2075.0,2075.0,2075.0,2075.0,1660.9630126953125,0,0.0,0.0
2024-03-29,2075.0,2075.0,2075.0,2075.0,1660.9630126953125,0,0.0,0.0
2024-04-01,2100.0,2190.0,2100.0,2190.0,1753.016357421875,5859130,0.0,0.0
2024-04-02,2190.0,2255.0,2170.0,2245.0,1797.041748046875,8688457,0.0,0.0
2024-04-03,2245.0,2290.0,2245.0,2290.0,1833.062744140625,5243795,0.0,0.0
2024-04-04,2290.0,2320.0,2225.0,2320.0,1857.07666015625,12176907,0.0,0.0
2024-04-05,2320.0,2300.0,2260.0,2290.0,1833.062744140625,4071398,0.0,0.0
2024-04-08,2290.0,2300.0,2255.0,2300.0,1841.0675048828125,7340985,0.0,0.0
2024-04-09,2255.0,2300.0,2260.0,2280.0,1825.05810546875,12903501,0.0,0.0
2024-04-10,2280.0,2345.0,2240.0,2245.0,1797.041748046875,16875100,0.0,0.0
2024-04-11,2245.0,2330.0,2260.0,2260.0,1809.048828125,35746674,0.0,0.0
2024-04-12,2260.0,2350.0,2240.0,2240.0,1793.03955078125,11415649,0.0,0.0
2024-04-15,2240.0,2290.0,2240.0,2240.0,1793.03955078125,2029360,0.0,0.0
2024-04-16,2240.0,2270.0,2235.0,2240.0,1793.03955078125,2888028,0.0,0.0
2024-04-17,2240.0,2265.0,2230.0,2230.0,1785.034912109375,1793681,0.0,0.0
2024-04-18,2230.0,2265.0,2225.0,2225.0,1781.032470703125,6072825,0.0,0.0
2024-04-19,2225.0,2280.0,2230.0,2240.0,1793.03955078125,4595170,0.0,0.0
2024-04-22,2240.0,2270.0,2240.0,2260.0,1809.048828125,2334478,0.0,0.0
2024-04-23,2260.0,2295.0,2260.0,2275.0,1821.0555419921875,3659440,0.0,0.0
2024-04-24,2275.0,2300.0,2270.0,2300.0,1841.0675048828125,3212078,0.0,0.0
2024-04-25,2300.0,2315.0,2295.0,2305.0,1845.06982421875,3233638,0.0,0.0
2024-04-26,2305.0,2320.0,2295.0,2300.0,1841.0675048828125,3367269,0.0,0.0
2024-04-29,2300.0,2325.0,2300.0,2310.0,1849.0721435546875,1441847,0.0,0.0
2024-04-30,2310.0,2310.0,2280.0,2280.0,1825.05810546875,2532463,0.0,0.0
2024-05-02,2280.0,2270.0,2245.0,2255.0,1805.04638671875,2631900,0.0,0.0
2024-05-03,2240.0,2210.0,2120.0,2120.0,1696.98388671875,19324407,0.0,0.0
2024-05-06,2260.0,2280.0,2250.0,2250.0,1801.044189453125,1538075,0.0,0.0
2024-05-07,2250.0,2280.0,2250.0,2270.0,1817.0535888671875,1794703,0.0,0.0
2024-05-08,2270.0,2290.0,2230.0,2280.0,1825.05810546875,4268678,0.0,0.0
2024-05-09,2280.0,2325.0,2275.0,2280.0,1825.05810546875,6212654,0.0,0.0
2024-05-10,2280.0,2300.0,2280.0,2265.0,1813.051025390625,1623748,0.0,0.0
2024-05-14,2265.0,2320.0,2250.0,2320.0,1857.07666015625,2646558,0.0,0.0
2024-05-15,2320.0,2305.0,2245.0,2285.0,1829.0606689453125,5450341,0.0,0.0
2024-05-16,2285.0,2305.0,2290.0,2300.0,1841.0675048828125,2902612,0.0,0.0
2024-05-17,2300.0,2330.0,2280.0,2320.0,1857.07666015625,5087485,0.0,0.0
2024-05-20,2320.0,2360.0,2325.0,2340.0,1873.0860595703125,4943778,0.0,0.0
2024-05-21,2340.0,2375.0,2325.0,2340.0,1873.0860595703125,4842768,0.0,0.0
2024-05-22,2340.0,2335.0,2265.0,2270.0,1817.0535888671875,3575054,0.0,0.0
2024-05-23,2270.0,2270.0,2270.0,2270.0,1817.0535888671875,0,0.0,0.0
2024-05-24,2295.0,2340.0,2270.0,2305.0,1845.06982421875,3863187,0.0,0.0
2024-05-27,2305.0,2300.0,2285.0,2300.0,1841.0675048828125,617530,0.0,0.0
2024-05-28,2300.0,2380.0,2300.0,2380.0,1905.1044921875,12831748,0.0,0.0
2024-05-29,2380.0,2385.0,2365.0,2375.0,1901.1021728515625,3468339,0.0,0.0
2024-05-30,2375.0,2405.0,2350.0,2350.0,1881.0906982421875,4044530,0.0,0.0
2024-05-31,2350.0,2385.0,2360.0,2360.0,1889.09521484375,24241779,0.0,0.0
2024-06-04,2360.0,2370.0,2310.0,2370.0,1897.099853515625,2807299,0.0,0.0
2024-06-05,2370.0,2375.0,2350.0,2350.0,1881.0906982421875,2708666,0.0,0.0
2024-06-06,2350.0,2375.0,2355.0,2365.0,1893.09765625,4076719,0.0,0.0
2024-06-07,2365.0,2385.0,2355.0,2360.0,1889.09521484375,2497038,0.0,0.0
2024-06-11,2360.0,2385.0,2360.0,2360.0,1889.09521484375,11030569,0.0,0.0
2024-06-12,2360.0,2410.0,2365.0,2385.0,1909.1068115234375,2905209,0.0,0.0
2024-06-13,2385.0,2420.0,2390.0,2405.0,1925.1163330078125,8104328,0.0,0.0
2024-06-14,2405.0,2430.0,2395.0,2400.0,1921.11376953125,3673384,0.0,0.0
2024-06-17,2400.0,2510.0,2420.0,2430.0,1945.1278076171875,7160858,0.0,0.0
2024-06-18,2430.0,2470.0,2425.0,2445.0,1957.1348876953125,10713094,0.0,0.0
2024-06-19,2445.0,2460.0,2425.0,2430.0,1945.1278076171875,2262115,0.0,0.0
2024-06-20,2430.0,2375.0,2295.0,2330.0,1993.02880859375,14674196,156.0,0.0
2024-06-21,2330.0,2325.0,2295.0,2295.0,1963.0908203125,6947967,0.0,0.0
2024-06-24,2295.0,2400.0,2290.0,2400.0,2052.9052734375,10451423,0.0,0.0
2024-06-25,2400.0,2350.0,2290.0,2300.0,1967.36767578125,10609494,0.0,0.0
2024-06-26,2300.0,2320.0,2280.0,2315.0,1980.1982421875,4831613,0.0,0.0
2024-06-27,2315.0,2325.0,2280.0,2325.0,1988.752197265625,3107771,0.0,0.0
2024-06-28,2325.0,2340.0,2310.0,2320.0,1984.47509765625,3160569,0.0,0.0
2024-07-02,2320.0,2325.0,2280.0,2295.0,1963.0908203125,5244266,0.0,0.0
2024-07-03,2295.0,2315.0,2290.0,2290.0,1958.813720703125,657438,0.0,0.0
2024-07-04,2290.0,2295.0,2280.0,2280.0,1950.260009765625,576494,0.0,0.0
2024-07-05,2280.0,2320.0,2280.0,2295.0,1963.0908203125,1181503,0.0,0.0
2024-07-08,2295.0,2290.0,2260.0,2260.0,1933.1524658203125,1759779,0.0,0.0
2024-07-09,2260.0,2265.0,2235.0,2240.0,1916.044921875,2124227,0.0,0.0
2024-07-10,2240.0,2240.0,2150.0,2210.0,1890.3836669921875,1432778,0.0,0.0
2024-07-11,2210.0,2240.0,2205.0,2240.0,1916.044921875,2316263,0.0,0.0
2024-07-12,2240.0,2215.0,2190.0,2190.0,1873.276123046875,1614329,0.0,0.0
2024-07-15,2190.0,2220.0,2180.0,2220.0,1898.9373779296875,1884204,0.0,0.0
2024-07-16,2220.0,2220.0,2180.0,2180.0,1864.7222900390625,1360136,0.0,0.0
2024-07-17,2180.0,2220.0,2180.0,2185.0,1868.9990234375,2822705,0.0,0.0
2024-07-18,2185.0,2210.0,2180.0,2180.0,1864.7222900390625,2168709,0.0,0.0
2024-07-19,2180.0,2200.0,2180.0,2180.0,1864.7222900390625,703052,0.0,0.0
2024-07-22,2180.0,2175.0,2145.0,2165.0,1851.8914794921875,1558937,0.0,0.0
2024-07-23,2165.0,2160.0,2120.0,2120.0,1813.399658203125,2484596,0.0,0.0
2024-07-24,2120.0,2170.0,2125.0,2135.0,1826.2303466796875,5984209,0.0,0.0
2024-07-25,2135.0,2155.0,2120.0,2140.0,1830.5072021484375,2479672,0.0,0.0
2024-07-26,2140.0,2155.0,2130.0,2145.0,1834.7840576171875,1136815,0.0,0.0
2024-07-29,2145.0,2150.0,2110.0,2130.0,1821.953369140625,1603264,0.0,0.0
2024-07-30,2130.0,2150.0,2115.0,2130.0,1821.953369140625,3138473,0.0,0.0
2024-07-31,2130.0,2180.0,2145.0,2175.0,1860.4453125,3125676,0.0,0.0
2024-08-01,2175.0,2175.0,2110.0,2120.0,1813.399658203125,1339193,0.0,0.0
2024-08-02,2120.0,2105.0,2055.0,2060.0,1762.0770263671875,2243567,0.0,0.0
2024-08-05,2060.0,2040.0,1965.0,2040.0,1744.969482421875,5015388,0.0,0.0
2024-08-06,2040.0,2100.0,2025.0,2060.0,1762.0770263671875,2244090,0.0,0.0
2024-08-07,2060.0,2110.0,2070.0,2085.0,1783.46142578125,938096,0.0,0.0
2024-08-08,2060.0,2110.0,2070.0,2085.0,1783.46142578125,938096,0.0,0.0
2024-08-09,2085.0,2140.0,2090.0,2135.0,1826.2303466796875,747871,0.0,0.0
2024-08-12,2135.0,2160.0,2105.0,2155.0,1843.3377685546875,1442585,0.0,0.0
2024-08-13,2155.0,2140.0,2095.0,2110.0,1804.8458251953125,2087310,0.0,0.0
2024-08-14,2110.0,2105.0,2040.0,2040.0,1744.969482421875,2125074,0.0,0.0
2024-08-15,2040.0,2100.0,2065.0,2085.0,1783.46142578125,2325725,0.0,0.0
2024-08-16,2085.0,2090.0,2070.0,2085.0,1783.46142578125,475665,0.0,0.0
2024-08-20,2085.0,2070.0,2025.0,2035.0,1740.692626953125,2147502,0.0,0.0
2024-08-21,2035.0,2050.0,2030.0,2040.0,1744.969482421875,4599954,0.0,0.0
2024-08-22,2040.0,2065.0,2035.0,2035.0,1740.692626953125,1785861,0.0,0.0
2024-08-23,2035.0,2065.0,2045.0,2055.0,1757.8001708984375,1636368,0.0,0.0
2024-08-26,2055.0,2090.0,2060.0,2075.0,1774.90771484375,3993178,0.0,0.0
2024-08-27,2075.0,2095.0,2060.0,2060.0,1762.0770263671875,538198,0.0,0.0
2024-08-28,2060.0,2065.0,2040.0,2055.0,1757.8001708984375,4906030,0.0,0.0
2024-08-29,2055.0,2080.0,2045.0,2045.0,1749.246337890625,1394222,0.0,0.0
2024-08-30,2045.0,2055.0,2030.0,2055.0,1757.8001708984375,4814784,0.0,0.0
2024-09-02,2055.0,2055.0,2020.0,2055.0,1757.8001708984375,541167,0.0,0.0
2024-09-03,2055.0,2040.0,1980.0,1995.0,1706.4776611328125,4664982,0.0,0.0
2024-09-04,1995.0,1995.0,1920.0,1920.0,1642.32421875,4184691,0.0,0.0
2024-09-05,1920.0,1955.0,1920.0,1925.0,1646.60107421875,3050805,0.0,0.0
2024-09-06,1925.0,1940.0,1910.0,1930.0,1650.8779296875,2036101,0.0,0.0
2024-09-09,1930.0,1945.0,1910.0,1915.0,1638.04736328125,632904,0.0,0.0
2024-09-10,1915.0,1915.0,1850.0,1885.0,1612.385986328125,2647945,0.0,0.0
2024-09-11,1885.0,1925.0,1890.0,1905.0,1629.4935302734375,2824013,0.0,0.0
2024-09-12,1905.0,1935.0,1900.0,1930.0,1650.8779296875,1878299,0.0,0.0
2024-09-13,1930.0,1935.0,1905.0,1910.0,1633.7703857421875,1802042,0.0,0.0
2024-09-16,1910.0,1965.0,1900.0,1960.0,1676.539306640625,880390,0.0,0.0
2024-09-17,1960.0,1975.0,1945.0,1955.0,1672.262451171875,1827731,0.0,0.0
2024-09-18,1955.0,1955.0,1905.0,1905.0,1629.4935302734375,1175718,0.0,0.0
2024-09-19,1905.0,1945.0,1895.0,1905.0,1629.4935302734375,2961596,0.0,0.0
2024-09-20,1905.0,1905.0,1870.0,1890.0,1616.662841796875,13528138,0.0,0.0
2024-09-23,1890.0,1930.0,1890.0,1920.0,1642.32421875,1265822,0.0,0.0
2024-09-24,1920.0,1945.0,1920.0,1940.0,1659.4317626953125,747060,0.0,0.0
2024-09-25,1940.0,1905.0,1840.0,1840.0,1573.89404296875,6687027,0.0,0.0
2024-09-26,1840.0,1900.0,1820.0,1900.0,1625.2166748046875,428813,0.0,0.0
2024-09-27,1900.0,1895.0,1845.0,1885.0,1612.385986328125,1126465,0.0,0.0
2024-09-30,1885.0,1885.0,1855.0,1880.0,1608.109130859375,647242,0.0,0.0
2024-10-01,1880.0,1925.0,1855.0,1895.0,1620.9398193359375,4063372,0.0,0.0
2024-10-02,1895.0,1950.0,1870.0,1875.0,1603.8321533203125,3356663,0.0,0.0
2024-10-03,1875.0,1905.0,1870.0,1905.0,1629.4935302734375,6255158,0.0,0.0
2024-10-04,1905.0,1925.0,1875.0,1890.0,1616.662841796875,8587882,0.0,0.0
2024-10-07,1890.0,1925.0,1910.0,1910.0,1633.7703857421875,2953727,0.0,0.0
2024-10-08,1910.0,1820.0,1915.0,1825.0,1561.0633544921875,4439792,0.0,0.0
2024-10-09,1825.0,1850.0,1815.0,1840.0,1573.89404296875,716014,0.0,0.0
2024-10-10,1840.0,1870.0,1845.0,1845.0,1578.1708984375,563418,0.0,0.0
2024-10-11,1845.0,1855.0,1830.0,1845.0,1578.1708984375,661262,0.0,0.0
2024-10-15,1845.0,1840.0,1780.0,1780.0,1522.5714111328125,3092248,0.0,0.0
2024-10-16,1780.0,1795.0,1760.0,1760.0,1505.4638671875,1938916,0.0,0.0
2024-10-17,1760.0,1760.0,1730.0,1740.0,1488.3563232421875,1646150,0.0,0.0
2024-10-18,1740.0,1765.0,1730.0,1760.0,1505.4638671875,1035365,0.0,0.0
2024-10-21,1760.0,1775.0,1710.0,1725.0,1475.525634765625,1518111,0.0,0.0
2024-10-22,1725.0,1740.0,1725.0,1735.0,1484.079345703125,597438,0.0,0.0
2024-10-23,1735.0,1735.0,1710.0,1720.0,1471.248779296875,747123,0.0,0.0
2024-10-24,1720.0,1740.0,1720.0,1730.0,1479.802490234375,646270,0.0,0.0
2024-10-25,1730.0,1755.0,1730.0,1735.0,1484.079345703125,4161780,0.0,0.0
2024-10-28,1735.0,1770.0,1705.0,1760.0,1505.4638671875,1120545,0.0,0.0
2024-10-29,1760.0,1755.0,1720.0,1735.0,1484.079345703125,3534444,0.0,0.0
2024-10-30,1735.0,1755.0,1720.0,1720.0,1471.248779296875,8237601,0.0,0.0
2024-10-31,1720.0,1720.0,1680.0,1700.0,1454.1412353515625,1906006,0.0,0.0
2024-11-01,1700.0,1710.0,1680.0,1680.0,1437.03369140625,1279462,0.0,0.0
2024-11-05,1680.0,1680.0,1655.0,1660.0,1419.9261474609375,1430781,0.0,0.0
2024-11-06,1660.0,1700.0,1650.0,1700.0,1454.1412353515625,3067020,0.0,0.0
2024-11-07,1700.0,1670.0,1640.0,1660.0,1419.9261474609375,4492120,0.0,0.0
2024-11-08,1660.0,1650.0,1590.0,1590.0,1360.0498046875,3504709,0.0,0.0
2024-11-12,1590.0,1660.0,1620.0,1650.0,1411.3724365234375,4035537,0.0,0.0
2024-11-13,1650.0,1660.0,1615.0,1660.0,1419.9261474609375,3101555,0.0,0.0
2024-11-14,1660.0,1755.0,1665.0,1725.0,1475.525634765625,7040349,0.0,0.0
2024-11-15,1725.0,1770.0,1740.0,1745.0,1492.6331787109375,6779903,0.0,0.0
2024-11-18,1745.0,1790.0,1750.0,1785.0,1526.8482666015625,22336343,0.0,0.0
2024-11-19,1785.0,1785.0,1755.0,1780.0,1522.5714111328125,2001199,0.0,0.0
2024-11-20,1780.0,1790.0,1755.0,1755.0,1501.1868896484375,1979812,0.0,0.0
2024-11-21,1755.0,1800.0,1780.0,1800.0,1539.678955078125,4562757,0.0,0.0
2024-11-22,1800.0,1850.0,1805.0,1830.0,1565.3402099609375,3612013,0.0,0.0
2024-11-25,1830.0,1815.0,1760.0,1815.0,1552.509521484375,6776122,0.0,0.0
2024-11-26,1815.0,1790.0,1750.0,1760.0,1505.4638671875,2917605,0.0,0.0
2024-11-27,1760.0,1790.0,1765.0,1770.0,1514.017578125,1754730,0.0,0.0
2024-11-28,1770.0,1780.0,1770.0,1780.0,1522.5714111328125,390661,0.0,0.0
2024-11-29,1780.0,1800.0,1760.0,1800.0,1539.678955078125,3718837,0.0,0.0
2024-12-02,1800.0,1800.0,1750.0,1775.0,1518.29443359375,4060471,0.0,0.0
2024-12-03,1775.0,1785.0,1760.0,1780.0,1522.5714111328125,2344916,0.0,0.0
2024-12-04,1780.0,1790.0,1755.0,1755.0,1501.1868896484375,2169505,0.0,0.0
2024-12-05,1755.0,1780.0,1765.0,1770.0,1514.017578125,1427475,0.0,0.0
2024-12-06,1770.0,1780.0,1720.0,1730.0,1479.802490234375,2833974,0.0,0.0
2024-12-09,1730.0,1815.0,1750.0,1790.0,1531.1251220703125,10208273,0.0,0.0
2024-12-10,1790.0,1840.0,1815.0,1830.0,1565.3402099609375,2440404,0.0,0.0
2024-12-11,1830.0,1825.0,1800.0,1810.0,1548.232666015625,1677639,0.0,0.0
2024-12-12,1810.0,1815.0,1775.0,1815.0,1552.509521484375,958522,0.0,0.0
2024-12-13,1815.0,1815.0,1775.0,1780.0,1522.5714111328125,3068223,0.0,0.0
2024-12-16,1780.0,1770.0,1725.0,1730.0,1479.802490234375,7011190,0.0,0.0
2024-12-17,1730.0,1740.0,1700.0,1740.0,1488.3563232421875,1890078,0.0,0.0
2024-12-18,1740.0,1725.0,1685.0,1685.0,1441.310546875,1717497,0.0,0.0
2024-12-19,1685.0,1715.0,1670.0,1680.0,1437.03369140625,3845811,0.0,0.0
2024-12-20,1680.0,1690.0,1650.0,1650.0,1411.3724365234375,8584660,0.0,0.0
2024-12-23,1650.0,1685.0,1640.0,1685.0,1441.310546875,1414658,0.0,0.0
2024-12-24,1685.0,1690.0,1640.0,1660.0,1419.9261474609375,427333,0.0,0.0
2024-12-25,1660.0,1660.0,1660.0,1660.0,1419.9261474609375,0,0.0,0.0
2024-12-26,1660.0,1675.0,1655.0,1660.0,1419.9261474609375,595134,0.0,0.0
2024-12-27,1660.0,1690.0,1650.0,1660.0,1419.9261474609375,2455787,0.0,0.0
2024-12-30,1660.0,1705.0,1675.0,1675.0,1432.7567138671875,796963,0.0,0.0
2024-12-31,1675.0,1675.0,1675.0,1675.0,1432.7567138671875,0,0.0,0.0
2025-01-02,1675.0,1800.0,1745.0,1795.0,1535.4019775390625,5690478,0.0,0.0
2025-01-03,1795.0,1800.0,1780.0,1790.0,1531.1251220703125,1991499,0.0,0.0
2025-01-07,1790.0,1860.0,1825.0,1845.0,1578.1708984375,6148714,0.0,0.0
2025-01-08,1845.0,1850.0,1815.0,1840.0,1573.89404296875,1725998,0.0,0.0
2025-01-09,1840.0,1830.0,1810.0,1815.0,1552.509521484375,1112204,0.0,0.0
2025-01-10,1815.0,1880.0,1845.0,1845.0,1578.1708984375,4006996,0.0,0.0
2025-01-13,1845.0,1890.0,1820.0,1850.0,1582.44775390625,4788347,0.0,0.0
2025-01-14,1850.0,1845.0,1820.0,1840.0,1573.89404296875,2406434,0.0,0.0
2025-01-15,1840.0,1845.0,1820.0,1845.0,1578.1708984375,10338857,0.0,0.0
2025-01-16,1845.0,1885.0,1845.0,1870.0,1599.5552978515625,3936881,0.0,0.0
2025-01-17,1870.0,1880.0,1815.0,1835.0,1569.6170654296875,8482854,0.0,0.0
2025-01-20,1835.0,1840.0,1815.0,1820.0,1556.7864990234375,1641805,0.0,0.0
2025-01-21,1820.0,1820.0,1820.0,1820.0,1556.7864990234375,0,0.0,0.0
2025-01-22,1820.0,1810.0,1760.0,1760.0,1505.4638671875,5040785,0.0,0.0
2025-01-23,1760.0,1785.0,1765.0,1775.0,1518.29443359375,2638860,0.0,0.0
2025-01-24,1775.0,1775.0,1745.0,1760.0,1505.4638671875,5654547,0.0,0.0
2025-01-27,1760.0,1800.0,1725.0,1795.0,1535.4019775390625,9959234,0.0,0.0
2025-01-28,1795.0,1825.0,1790.0,1825.0,1561.0633544921875,8983614,0.0,0.0
2025-01-29,1825.0,1885.0,1810.0,1885.0,1612.385986328125,12692696,0.0,0.0
2025-01-30,1885.0,2025.0,1890.0,2025.0,1732.1387939453125,22648361,0.0,0.0
2025-01-31,2025.0,2025.0,1960.0,1960.0,1676.539306640625,17141900,0.0,0.0
2025-02-03,1960.0,2005.0,1940.0,2005.0,1715.0313720703125,2920247,0.0,0.0
2025-02-04,2005.0,2055.0,1980.0,2050.0,1753.523193359375,5200889,0.0,0.0
2025-02-05,2050.0,2030.0,1985.0,1985.0,1697.9237060546875,17537852,0.0,0.0
2025-02-06,1985.0,2015.0,1980.0,2000.0,1710.7545166015625,5446841,0.0,0.0
2025-02-07,2000.0,2020.0,1990.0,2000.0,1710.7545166015625,3282657,0.0,0.0
2025-02-10,2000.0,2050.0,2020.0,2020.0,1727.8619384765625,4444287,0.0,0.0
2025-02-11,2020.0,2040.0,2020.0,2030.0,1736.4156494140625,3506718,0.0,0.0
2025-02-12,2030.0,2040.0,1990.0,1990.0,1702.2005615234375,9519472,0.0,0.0
2025-02-13,1990.0,2110.0,2010.0,2095.0,1792.0152587890625,15457668,0.0,0.0
2025-02-14,2095.0,2125.0,2090.0,2125.0,1817.676513671875,3199198,0.0,0.0
2025-02-17,2125.0,2260.0,2105.0,2230.0,1907.4912109375,4441204,0.0,0.0
2025-02-18,2230.0,2245.0,2160.0,2230.0,1907.4912109375,17805153,0.0,0.0
2025-02-19,1820.0,1830.0,1780.0,1820.0,1556.7864990234375,5592990,0.0,0.0
2025-02-20,2245.0,2250.0,2210.0,2235.0,1911.7679443359375,12814092,0.0,0.0
2025-02-21,2235.0,2245.0,2140.0,2145.0,1834.7840576171875,9039781,0.0,0.0
2025-02-24,2145.0,2155.0,2105.0,2145.0,1834.7840576171875,4330893,0.0,0.0
2025-02-25,2145.0,2160.0,2100.0,2125.0,1817.676513671875,8157125,0.0,0.0
2025-02-26,2125.0,2150.0,2080.0,2090.0,1787.73828125,10524933,0.0,0.0
2025-02-27,2090.0,2110.0,2045.0,2050.0,1753.523193359375,8568866,0.0,0.0
2025-02-28,2050.0,2075.0,1995.0,2060.0,1762.0770263671875,25055930,0.0,0.0
2025-03-03,2060.0,2075.0,1950.0,1960.0,1676.539306640625,9521760,0.0,0.0
2025-03-04,1960.0,1955.0,1880.0,1885.0,1612.385986328125,18968701,0.0,0.0
2025-03-05,1885.0,1945.0,1885.0,1930.0,1650.8779296875,8718919,0.0,0.0
2025-03-06,1930.0,2015.0,1925.0,2000.0,1710.7545166015625,9321401,0.0,0.0
2025-03-07,2000.0,2060.0,2000.0,2060.0,1762.0770263671875,7431758,0.0,0.0
2025-03-10,2060.0,2060.0,2015.0,2025.0,1732.1387939453125,6324735,0.0,0.0
2025-03-11,2025.0,2050.0,1970.0,1980.0,1693.6468505859375,15499528,0.0,0.0
2025-03-12,1980.0,2020.0,1970.0,2015.0,1723.5850830078125,13591930,0.0,0.0
2025-03-13,2015.0,2045.0,2005.0,2010.0,1719.3082275390625,7539898,0.0,0.0
2025-03-14,2010.0,2085.0,2010.0,2080.0,1779.1845703125,9224946,0.0,0.0
2025-03-17,2080.0,2130.0,2080.0,2120.0,1813.399658203125,12412693,0.0,0.0
2025-03-18,2120.0,2130.0,2095.0,2110.0,1804.8458251953125,12011148,0.0,0.0
2025-03-19,2110.0,2130.0,2080.0,2130.0,1821.953369140625,6555059,0.0,0.0
2025-03-20,2130.0,2150.0,2100.0,2100.0,1796.2921142578125,17109325,0.0,0.0
2025-03-21,2100.0,2100.0,2100.0,2100.0,1796.2921142578125,0,0.0,0.0
2025-03-24,2100.0,2100.0,2100.0,2100.0,1796.2921142578125,0,0.0,0.0
2025-03-25,2130.0,2130.0,2105.0,2120.0,1813.399658203125,9493281,0.0,0.0
2025-03-26,2120.0,2160.0,2125.0,2150.0,1839.0609130859375,10502581,0.0,0.0
2025-03-27,2150.0,2180.0,2145.0,2175.0,1860.4453125,12692383,0.0,0.0
2025-03-28,2175.0,2190.0,2120.0,2140.0,1830.5072021484375,28850075,0.0,0.0
2025-03-31,2140.0,2090.0,2010.0,2075.0,1868.323974609375,19199615,107.0,0.0
2025-04-01,2075.0,2090.0,2055.0,2085.0,1877.327880859375,9610095,0.0,0.0
2025-04-02,2085.0,2095.0,2060.0,2080.0,1872.825927734375,9290128,0.0,0.0
2025-04-03,2080.0,2040.0,1980.0,2000.0,1800.794189453125,20826287,0.0,0.0
2025-04-04,2000.0,1990.0,1850.0,1930.0,1737.7662353515625,54501723,0.0,0.0
2025-04-07,1930.0,1990.0,1850.0,1940.0,1746.770263671875,55479178,0.0,0.0
2025-04-08,1940.0,1990.0,1780.0,1810.0,1629.7186279296875,57471470,0.0,0.0
2025-04-09,1810.0,1935.0,1750.0,1920.0,1728.7623291015625,74757896,0.0,0.0
2025-04-10,1920.0,1900.0,1785.0,1785.0,1607.208740234375,49388670,0.0,0.0
2025-04-11,1785.0,1900.0,1805.0,1875.0,1688.244384765625,32591354,0.0,0.0
2025-04-14,1875.0,1940.0,1890.0,1920.0,1728.7623291015625,17479862,0.0,0.0
2025-04-15,1920.0,1945.0,1915.0,1920.0,1728.7623291015625,20061010,0.0,0.0
2025-04-16,1920.0,1945.0,1905.0,1905.0,1715.25634765625,11657294,0.0,0.0
2025-04-17,1905.0,1905.0,1905.0,1905.0,1715.25634765625,0,0.0,0.0
2025-04-18,1905.0,1905.0,1905.0,1905.0,1715.25634765625,0,0.0,0.0
2025-04-21,1905.0,1930.0,1910.0,1925.0,1733.2642822265625,14394503,0.0,0.0
2025-04-22,1925.0,1955.0,1930.0,1935.0,1742.268310546875,29817440,0.0,0.0
2025-04-23,1935.0,1920.0,1840.0,1840.0,1753.7054443359375,16845013,107.0,0.0
2025-04-24,1840.0,1860.0,1830.0,1840.0,1753.7054443359375,12025099,0.0,0.0
2025-04-25,1840.0,1845.0,1830.0,1830.0,1744.1744384765625,5891954,0.0,0.0
2025-04-28,1830.0,1840.0,1785.0,1785.0,1701.284912109375,13686253,0.0,0.0
2025-04-29,1785.0,1785.0,1735.0,1750.0,1667.9263916015625,23774938,0.0,0.0
2025-04-30,1750.0,1750.0,1690.0,1725.0,1644.098876953125,18731262,0.0,0.0
2025-05-01,1725.0,1725.0,1725.0,1725.0,1644.098876953125,0,0.0,0.0
2025-05-02,1725.0,1745.0,1685.0,1735.0,1653.6298828125,28924414,0.0,0.0
2025-05-05,1735.0,1720.0,1685.0,1695.0,1615.505859375,14822939,0.0,0.0
2025-05-06,1750.0,1750.0,1690.0,1725.0,1644.098876953125,18731262,0.0,0.0
2025-05-07,1690.0,1745.0,1685.0,1690.0,1610.7403564453125,22627721,0.0,0.0
2025-05-08,1690.0,1730.0,1695.0,1720.0,1639.3333740234375,11248780,0.0,0.0
2025-05-09,1720.0,1755.0,1720.0,1720.0,1639.3333740234375,10029601,0.0,0.0
2025-05-12,1720.0,1730.0,1775.0,1750.0,1667.9263916015625,13208060,0.0,0.0
2025-05-13,1750.0,1750.0,1840.0,1820.0,1734.6434326171875,20816250,0.0,0.0
2025-05-14,1820.0,1795.0,1820.0,1820.0,1734.6434326171875,7918073,0.0,0.0
2025-05-15,1820.0,1810.0,1765.0,1800.0,1715.5814208984375,10033855,0.0,0.0
2025-05-16,1800.0,1815.0,1790.0,1810.0,1725.1124267578125,10598864,0.0,0.0
2025-05-19,1810.0,1805.0,1760.0,1805.0,1720.346923828125,14194029,0.0,0.0
2025-05-20,1805.0,1800.0,1785.0,1790.0,1706.0504150390625,3903816,0.0,0.0
2025-05-21,1790.0,1800.0,1765.0,1775.0,1691.75390625,5591416,0.0,0.0
2025-05-22,1775.0,1785.0,1745.0,1780.0,1696.5194091796875,7506414,0.0,0.0
2025-05-23,1780.0,1785.0,1765.0,1780.0,1696.5194091796875,6757212,0.0,0.0
2025-05-26,1780.0,1780.0,1760.0,1760.0,1677.4573974609375,1454986,0.0,0.0
2025-05-27,1760.0,1795.0,1780.0,1780.0,1696.5194091796875,10301724,0.0,0.0
2025-05-28,1780.0,1805.0,1755.0,1780.0,1696.5194091796875,4702661,0.0,0.0
2025-05-29,1780.0,1800.0,1765.0,1795.0,1710.81591796875,11207441,0.0,0.0
2025-05-30,1795.0,1785.0,1740.0,1740.0,1658.3953857421875,14594127,0.0,0.0
2025-06-03,1740.0,1775.0,1745.0,1775.0,1691.75390625,8952279,0.0,0.0
2025-06-04,1775.0,1820.0,1765.0,1765.0,1682.222900390625,17930722,0.0,0.0
2025-06-05,1765.0,1790.0,1780.0,1780.0,1696.5194091796875,4104641,0.0,0.0
2025-06-06,1780.0,1855.0,1805.0,1845.0,1758.470947265625,22162751,0.0,0.0
2025-06-09,1845.0,1870.0,1820.0,1850.0,1763.2364501953125,12510863,0.0,0.0
2025-06-10,1850.0,1915.0,1865.0,1895.0,1806.1259765625,23720124,0.0,0.0
2025-06-11,1895.0,1945.0,1900.0,1930.0,1839.4844970703125,25064844,0.0,0.0
2025-06-12,1930.0,1950.0,1920.0,1925.0,1834.718994140625,16235985,0.0,0.0
2025-06-13,1925.0,2010.0,1930.0,1985.0,1891.905029296875,37469994,0.0,0.0
2025-06-16,1985.0,2010.0,1935.0,1945.0,1853.781005859375,11664256,0.0,0.0
2025-06-17,1945.0,1975.0,1950.0,1965.0,1872.843017578125,10186830,0.0,0.0
2025-06-18,1965.0,2000.0,1960.0,1970.0,1877.6085205078125,20539485,0.0,0.0
2025-06-19,1970.0,2005.0,1980.0,1995.0,1901.4361572265625,7736483,0.0,0.0
2025-06-20,1995.0,2025.0,1980.0,2000.0,1906.20166015625,41313399,0.0,0.0
2025-06-24,2000.0,1975.0,1895.0,1920.0,1829.9534912109375,34036422,0.0,0.0
2025-06-25,1920.0,1920.0,1895.0,1900.0,1810.8914794921875,16019508,0.0,0.0
2025-06-26,1900.0,1895.0,1850.0,1880.0,1791.8294677734375,12965965,0.0,0.0
2025-06-27,1880.0,1870.0,1815.0,1820.0,1734.6434326171875,19453795,0.0,0.0
2025-06-30,1820.0,1820.0,1820.0,1820.0,1734.6434326171875,0,0.0,0.0
2025-07-01,1820.0,1825.0,1795.0,1795.0,1710.81591796875,12641882,0.0,0.0
2025-07-02,1795.0,1860.0,1815.0,1855.0,1768.001953125,10474713,0.0,0.0
2025-07-03,1855.0,1855.0,1815.0,1820.0,1734.6434326171875,11210667,0.0,0.0
2025-07-04,1820.0,1835.0,1820.0,1835.0,1748.93994140625,2169661,0.0,0.0
2025-07-07,1835.0,1825.0,1795.0,1800.0,1715.5814208984375,14699819,0.0,0.0
2025-07-08,1800.0,1855.0,1810.0,1845.0,1758.470947265625,13015151,0.0,0.0
2025-07-09,1845.0,1845.0,1800.0,1805.0,1720.346923828125,15000006,0.0,0.0
2025-07-10,1805.0,1815.0,1785.0,1810.0,1725.1124267578125,8182177,0.0,0.0
2025-07-11,1810.0,1830.0,1795.0,1820.0,1734.6434326171875,17391676,0.0,0.0
2025-07-14,1820.0,1820.0,1790.0,1795.0,1710.81591796875,27326362,0.0,0.0
2025-07-15,1795.0,1835.0,1790.0,1795.0,1710.81591796875,8167648,0.0,0.0
2025-07-16,1795.0,1795.0,1760.0,1795.0,1710.81591796875,25188417,0.0,0.0
2025-07-17,1795.0,1800.0,1790.0,1790.0,1706.0504150390625,18975469,0.0,0.0
2025-07-18,1790.0,1810.0,1775.0,1775.0,1691.75390625,13510896,0.0,0.0
2025-07-21,1775.0,1805.0,1770.0,1795.0,1710.81591796875,9557245,0.0,0.0
2025-07-22,1795.0,1800.0,1780.0,1780.0,1696.5194091796875,6280303,0.0,0.0
2025-07-23,1780.0,1805.0,1785.0,1800.0,1715.5814208984375,7691758,0.0,0.0
2025-07-24,1800.0,1790.0,1755.0,1755.0,1672.69189453125,14286923,0.0,0.0
2025-07-25,1755.0,1780.0,1755.0,1765.0,1682.222900390625,6705531,0.0,0.0
2025-07-28,1765.0,1800.0,1775.0,1795.0,1710.81591796875,17814512,0.0,0.0
2025-07-29,1795.0,1820.0,1785.0,1805.0,1720.346923828125,9997563,0.0,0.0
2025-07-30,1805.0,1805.0,1775.0,1775.0,1691.75390625,8656278,0.0,0.0
2025-07-31,1775.0,1785.0,1755.0,1755.0,1672.69189453125,6452690,0.0,0.0
2025-08-01,1755.0,1755.0,1715.0,1720.0,1639.3333740234375,17703513,0.0,0.0
2025-08-04,1720.0,1720.0,1720.0,1720.0,1639.3333740234375,0,0.0,0.0
2025-08-05,1715.0,1740.0,1715.0,1735.0,1653.6298828125,5684723,0.0,0.0
2025-08-06,1735.0,1760.0,1745.0,1750.0,1667.9263916015625,12824633,0.0,0.0
2025-08-07,1750.0,1750.0,1750.0,1750.0,1667.9263916015625,0,0.0,0.0
2025-08-08,1750.0,1750.0,1725.0,1740.0,1658.3953857421875,15513990,0.0,0.0
2025-08-11,1740.0,1755.0,1715.0,1725.0,1644.098876953125,748,0.0,0.0
2025-08-12,1725.0,1715.0,1740.0,1725.0,1644.098876953125,7430512,0.0,0.0
2025-08-13,1725.0,1715.0,1765.0,1755.0,1672.69189453125,13821733,0.0,0.0
2025-08-14,1755.0,1775.0,1745.0,1770.0,1686.9884033203125,13691826,0.0,0.0
2025-08-15,1770.0,1805.0,1760.0,1800.0,1715.5814208984375,11632096,0.0,0.0
2025-08-19,1800.0,1810.0,1790.0,1805.0,1720.346923828125,27060822,0.0,0.0
2025-08-20,1805.0,1825.0,1800.0,1805.0,1720.346923828125,13587474,0.0,0.0
2025-08-21,1805.0,1810.0,1785.0,1805.0,1720.346923828125,14617813,0.0,0.0
2025-08-22,1805.0,1850.0,1805.0,1850.0,1763.2364501953125,16750708,0.0,0.0
2025-08-25,1850.0,1850.0,1825.0,1850.0,1763.2364501953125,9215725,0.0,0.0
2025-08-26,1850.0,1855.0,1840.0,1840.0,1753.7054443359375,18809778,0.0,0.0
2025-08-27,1840.0,1855.0,1845.0,1850.0,1763.2364501953125,6347502,0.0,0.0
2025-08-28,1850.0,1880.0,1845.0,1880.0,1791.8294677734375,8132486,0.0,0.0
2025-08-29,1880.0,1890.0,1870.0,1890.0,1801.3604736328125,6541200,0.0,0.0
2025-09-01,1890.0,1885.0,1870.0,1885.0,1796.594970703125,1329622,0.0,0.0
2025-09-02,1885.0,1885.0,1885.0,1885.0,1796.594970703125,0,0.0,0.0
2025-09-03,1865.0,1870.0,1805.0,1805.0,1720.346923828125,12739464,0.0,0.0
2025-09-04,1805.0,1815.0,1795.0,1815.0,1729.8779296875,6641582,0.0,0.0
2025-09-05,1815.0,1805.0,1785.0,1800.0,1715.5814208984375,6705355,0.0,0.0
2025-09-08,1800.0,1810.0,1790.0,1810.0,1725.1124267578125,6638944,0.0,0.0
2025-09-09,1810.0,1850.0,1810.0,1820.0,1734.6434326171875,8369030,0.0,0.0
2025-09-10,1820.0,1850.0,1815.0,1845.0,1758.470947265625,9467784,0.0,0.0
2025-09-11,1845.0,1840.0,1805.0,1810.0,1725.1124267578125,5741612,0.0,0.0
2025-09-12,1810.0,1820.0,1790.0,1790.0,1706.0504150390625,14373281,0.0,0.0
2025-09-15,1790.0,1810.0,1785.0,1810.0,1725.1124267578125,4010434,0.0,0.0
2025-09-16,1810.0,1825.0,1805.0,1815.0,1729.8779296875,2586373,0.0,0.0
2025-09-17,1815.0,1820.0,1805.0,1805.0,1720.346923828125,5548160,0.0,0.0
2025-09-18,1805.0,1810.0,1760.0,1760.0,1677.4573974609375,15158742,0.0,0.0
2025-09-19,1760.0,1770.0,1730.0,1730.0,1648.8643798828125,19439275,0.0,0.0
2025-09-22,1730.0,1750.0,1720.0,1740.0,1658.3953857421875,5789552,0.0,0.0
2025-09-23,1740.0,1815.0,1750.0,1815.0,1729.8779296875,10934748,0.0,0.0
2025-09-24,1815.0,1870.0,1820.0,1865.0,1777.532958984375,16344509,0.0,0.0
2025-09-25,1865.0,1875.0,1855.0,1860.0,1772.7674560546875,6744924,0.0,0.0
2025-09-26,1860.0,1865.0,1830.0,1845.0,1758.470947265625,5591379,0.0,0.0
2025-09-29,1845.0,1870.0,1795.0,1800.0,1715.5814208984375,5781929,0.0,0.0
2025-09-30,1890.0,1885.0,1870.0,1885.0,1796.594970703125,1329622,0.0,0.0
2025-10-01,1790.0,1815.0,1785.0,1785.0,1701.284912109375,3781254,0.0,0.0
2025-10-02,1785.0,1790.0,1755.0,1760.0,1677.4573974609375,17196333,0.0,0.0
2025-10-03,1760.0,1780.0,1770.0,1775.0,1691.75390625,2862836,0.0,0.0
2025-10-06,1775.0,1790.0,1760.0,1790.0,1706.0504150390625,4489950,0.0,0.0
2025-10-07,1790.0,1770.0,1755.0,1760.0,1677.4573974609375,4938103,0.0,0.0
2025-10-08,1760.0,1775.0,1755.0,1760.0,1677.4573974609375,5862519,0.0,0.0
2025-10-09,1760.0,1780.0,1755.0,1755.0,1672.69189453125,4759757,0.0,0.0
2025-10-10,1755.0,1760.0,1715.0,1730.0,1648.8643798828125,14675375,0.0,0.0
2025-10-14,1730.0,1760.0,1725.0,1725.0,1644.098876953125,19304487,0.0,0.0
2025-10-15,1725.0,1750.0,1730.0,1740.0,1658.3953857421875,9406431,0.0,0.0
2025-10-16,1740.0,1745.0,1725.0,1725.0,1644.098876953125,10040809,0.0,0.0
2025-10-17,1725.0,1740.0,1710.0,1740.0,1658.3953857421875,6298174,0.0,0.0
2025-10-20,1740.0,1725.0,1705.0,1710.0,1629.8023681640625,9938686,0.0,0.0
2025-10-21,1710.0,1730.0,1685.0,1685.0,1605.974853515625,11728233,0.0,0.0
2025-10-22,1685.0,1720.0,1675.0,1720.0,1639.3333740234375,15778239,0.0,0.0
2025-10-23,1720.0,1780.0,1720.0,1775.0,1691.75390625,9128441,0.0,0.0
2025-10-24,1775.0,1795.0,1765.0,1770.0,1686.9884033203125,7973784,0.0,0.0
2025-10-27,1770.0,1785.0,1760.0,1780.0,1696.5194091796875,6892168,0.0,0.0
2025-10-28,1780.0,1810.0,1770.0,1805.0,1720.346923828125,11400668,0.0,0.0
2025-10-29,1805.0,1820.0,1800.0,1810.0,1725.1124267578125,7774299,0.0,0.0
2025-10-30,1810.0,1810.0,1790.0,1800.0,1715.5814208984375,8262977,0.0,0.0
2025-10-31,1800.0,1805.0,1780.0,1780.0,1696.5194091796875,7245727,0.0,0.0
2025-11-04,1780.0,1800.0,1765.0,1800.0,1715.5814208984375,7895806,0.0,0.0
2025-11-05,1800.0,1830.0,1800.0,1830.0,1744.1744384765625,7751893,0.0,0.0
2025-11-06,1830.0,1830.0,1800.0,1830.0,1744.1744384765625,13625023,0.0,0.0
2025-11-07,1830.0,1865.0,1820.0,1865.0,1777.532958984375,15052886,0.0,0.0
2025-11-10,1865.0,1865.0,1805.0,1860.0,1772.7674560546875,13478046,0.0,0.0
2025-11-11,1860.0,1905.0,1850.0,1890.0,1801.3604736328125,16199484,0.0,0.0
2025-11-12,1890.0,1885.0,1850.0,1880.0,1791.8294677734375,6685620,0.0,0.0
2025-11-13,1880.0,1890.0,1870.0,1870.0,1782.2984619140625,9752243,0.0,0.0
2025-11-14,1870.0,1980.0,1855.0,1950.0,1858.5465087890625,26794130,0.0,0.0
2025-11-18,1950.0,1990.0,1940.0,1980.0,1887.1395263671875,12718659,0.0,0.0
2025-11-19,1980.0,1960.0,1930.0,1945.0,1853.781005859375,15382037,0.0,0.0
2025-11-20,1945.0,1970.0,1900.0,1900.0,1810.8914794921875,15976147,0.0,0.0
2025-11-21,1900.0,1915.0,1860.0,1860.0,1772.7674560546875,12754829,0.0,0.0
2025-11-24,1860.0,1860.0,1810.0,1815.0,1729.8779296875,14935664,0.0,0.0
2025-11-25,1815.0,1890.0,1790.0,1845.0,1758.470947265625,23141203,0.0,0.0
2025-11-26,1845.0,1870.0,1840.0,1845.0,1758.470947265625,18912032,0.0,0.0
2025-11-27,1845.0,1865.0,1855.0,1865.0,1777.532958984375,1034889,0.0,0.0
2025-11-28,1865.0,1880.0,1830.0,1880.0,1791.8294677734375,7019293,0.0,0.0
2025-12-01,1880.0,1910.0,1845.0,1895.0,1806.1259765625,9487910,0.0,0.0
2025-12-02,1895.0,1895.0,1875.0,1890.0,1801.3604736328125,8426480,0.0,0.0
2025-12-03,1780.0,1800.0,1765.0,1800.0,1715.5814208984375,7895806,0.0,0.0
2025-12-04,1910.0,1920.0,1905.0,1905.0,1815.656982421875,5084424,0.0,0.0
2025-12-05,1905.0,1935.0,1905.0,1905.0,1815.656982421875,8608503,0.0,0.0
2025-12-09,1905.0,1935.0,1915.0,1935.0,1844.25,6333614,0.0,0.0
2025-12-10,1935.0,1920.0,1880.0,1895.0,1806.1259765625,10383207,0.0,0.0
2025-12-11,1895.0,1885.0,1850.0,1865.0,1777.532958984375,10069244,0.0,0.0
2025-12-12,1865.0,1870.0,1840.0,1865.0,1777.532958984375,4023869,0.0,0.0
2025-12-15,1865.0,1865.0,1835.0,1845.0,1758.470947265625,3279105,0.0,0.0
2025-12-16,1845.0,1830.0,1800.0,1800.0,1715.5814208984375,18821367,0.0,0.0
2025-12-17,1800.0,1825.0,1800.0,1815.0,1729.8779296875,4913216,0.0,0.0
2025-12-18,1815.0,1820.0,1785.0,1785.0,1701.284912109375,5477837,0.0,0.0
2025-12-19,1785.0,1805.0,1765.0,1765.0,1682.222900390625,16535275,0.0,0.0
2025-12-22,1765.0,1785.0,1770.0,1770.0,1686.9884033203125,6172153,0.0,0.0
2025-12-23,1770.0,1800.0,1770.0,1800.0,1715.5814208984375,10114072,0.0,0.0
2025-12-24,1800.0,1800.0,1775.0,1800.0,1715.5814208984375,2535156,0.0,0.0
2025-12-26,1800.0,1800.0,1790.0,1800.0,1715.5814208984375,3687708,0.0,0.0
2025-12-29,1800.0,1845.0,1785.0,1845.0,1758.470947265625,5404949,0.0,0.0
2025-12-30,1845.0,1875.0,1830.0,1870.0,1782.2984619140625,9273452,0.0,0.0
2025-12-31,1870.0,1870.0,1870.0,1870.0,1782.2984619140625,0,0.0,0.0
2026-01-02,1870.0,1930.0,1870.0,1920.0,1829.9534912109375,18162718,0.0,0.0
2026-01-05,1920.0,2030.0,1885.0,2020.0,1925.263671875,32326762,0.0,0.0
2026-01-06,2020.0,2120.0,2020.0,2020.0,1925.263671875,49503750,0.0,0.0
2026-01-07,2020.0,2020.0,1965.0,1965.0,1872.843017578125,16865223,0.0,0.0
2026-01-08,1965.0,2010.0,1960.0,1995.0,1901.4361572265625,14465584,0.0,0.0
2026-01-09,1995.0,2035.0,1995.0,2010.0,1915.732666015625,13980083,0.0,0.0
2026-01-13,2010.0,2100.0,2035.0,2065.0,1968.1531982421875,19520792,0.0,0.0
2026-01-14,2065.0,2160.0,2065.0,2125.0,2025.3392333984375,35481205,0.0,0.0
2026-01-15,2125.0,2170.0,2075.0,2165.0,2063.463134765625,27999306,0.0,0.0
2026-01-16,2165.0,2275.0,2165.0,2265.0,2158.773193359375,40565445,0.0,0.0
2026-01-19,2265.0,2270.0,2220.0,2270.0,2163.538818359375,13149683,0.0,0.0
2026-01-20,2270.0,2335.0,2240.0,2315.0,2206.428466796875,30208320,0.0,0.0
2026-01-21,2315.0,2370.0,2320.0,2345.0,2235.021484375,37655167,0.0,0.0
2026-01-22,2345.0,2335.0,2200.0,2200.0,2096.82177734375,32608607,0.0,0.0
2026-01-23,2200.0,2290.0,2205.0,2275.0,2168.30419921875,17696743,0.0,0.0
2026-01-26,2275.0,2355.0,2275.0,2350.0,2239.786865234375,19474997,0.0,0.0
2026-01-27,2350.0,2420.0,2340.0,2355.0,2244.552490234375,40595529,0.0,0.0
2026-01-28,2355.0,2400.0,2300.0,2340.0,2230.255859375,33060616,0.0,0.0
2026-01-29,2340.0,2405.0,2310.0,2320.0,2211.19384765625,33141644,0.0,0.0
2026-01-30,2320.0,2345.0,2285.0,2300.0,2192.1318359375,30194485,0.0,0.0
2026-02-02,2300.0,2280.0,2205.0,2235.0,2130.18017578125,20824614,0.0,0.0
2026-02-03,2235.0,2280.0,2245.0,2260.0,2154.0078125,26881236,0.0,0.0
2026-02-04,2260.0,2290.0,2150.0,2225.0,2120.649169921875,38376331,0.0,0.0
2026-02-05,2225.0,2225.0,2170.0,2170.0,2068.228759765625,16500796,0.0,0.0
2026-02-06,2170.0,2240.0,2160.0,2240.0,2134.94580078125,14923038,0.0,0.0
2026-02-09,2240.0,2290.0,2215.0,2250.0,2144.476806640625,25356422,0.0,0.0
2026-02-10,2250.0,2250.0,2180.0,2215.0,2111.1181640625,26631637,0.0,0.0
2026-02-11,2215.0,2265.0,2215.0,2230.0,2125.414794921875,15795153,0.0,0.0
2026-02-12,2230.0,2230.0,2155.0,2185.0,2082.525146484375,15282556,0.0,0.0
2026-02-13,2185.0,2195.0,2165.0,2190.0,2087.290771484375,6808892,0.0,0.0
2026-02-16,2190.0,2240.0,2205.0,2235.0,2130.18017578125,4873524,0.0,0.0
2026-02-17,2235.0,2205.0,2150.0,2175.0,2072.994140625,28234661,0.0,0.0
2026-02-18,2175.0,2215.0,2180.0,2215.0,2111.1181640625,19195248,0.0,0.0
2026-02-19,2215.0,2325.0,2220.0,2315.0,2206.428466796875,28487144,0.0,0.0
2026-02-20,2315.0,2350.0,2255.0,2310.0,2201.662841796875,24356129,0.0,0.0
2026-02-23,2310.0,2390.0,2315.0,2330.0,2220.724853515625,34174824,0.0,0.0
2026-02-24,2330.0,2330.0,2290.0,2300.0,2192.1318359375,18609383,0.0,0.0
2026-02-25,2300.0,2345.0,2260.0,2330.0,2220.724853515625,27295823,0.0,0.0
2026-02-26,2330.0,2310.0,2245.0,2250.0,2144.476806640625,18910787,0.0,0.0
2026-02-27,2250.0,2305.0,2225.0,2240.0,2134.94580078125,24613295,0.0,0.0
2026-03-02,2240.0,2360.0,2265.0,2280.0,2173.06982421875,33105541,0.0,0.0
2026-03-03,2280.0,2330.0,2215.0,2215.0,2111.1181640625,22509070,0.0,0.0
2026-03-04,2280.0,2330.0,2215.0,2215.0,2111.1181640625,22509070,0.0,0.0
2026-03-05,2180.0,2395.0,2190.0,2370.0,2258.848876953125,48627921,0.0,0.0
2026-03-06,2370.0,2500.0,2380.0,2425.0,2311.26953125,45176352,0.0,0.0
2026-03-09,2425.0,2510.0,2385.0,2390.0,2277.910888671875,45633557,0.0,0.0
2026-03-11,2400.0,2505.0,2400.0,2500.0,2382.751953125,24699873,0.0,0.0
2026-03-12,2500.0,2590.0,2510.0,2570.0,2449.468994140625,48742761,0.0,0.0
2026-03-13,2570.0,2595.0,2520.0,2555.0,2435.172607421875,20203764,0.0,0.0
2026-03-16,2555.0,2635.0,2530.0,2615.0,2492.358642578125,24488988,0.0,0.0
2026-03-17,2615.0,2725.0,2610.0,2720.0,2592.43408203125,27083429,0.0,0.0
2026-03-18,2720.0,2770.0,2700.0,2700.0,2573.3720703125,24508158,0.0,0.0
2026-03-19,2700.0,2830.0,2665.0,2675.0,2549.544677734375,68504625,0.0,0.0
2026-03-20,2675.0,2820.0,2630.0,2820.0,2687.744140625,105571194,0.0,0.0
2026-03-24,2820.0,2740.0,2675.0,2685.0,2559.07568359375,13163461,0.0,0.0
2026-03-25,2685.0,2745.0,2620.0,2745.0,2616.26171875,23937313,0.0,0.0
2026-03-26,2745.0,2780.0,2700.0,2700.0,2573.3720703125,18840377,0.0,0.0
2026-03-27,2700.0,2780.0,2700.0,2765.0,2635.32373046875,35924355,0.0,0.0
2026-03-30,2765.0,2830.0,2725.0,2760.0,2630.55810546875,9906195,0.0,0.0
2026-03-31,2760.0,2845.0,2660.0,2800.0,2668.68212890625,13522981,0.0,0.0
2026-04-01,2800.0,2760.0,2625.0,2640.0,2516.18603515625,25228429,0.0,0.0
2026-04-02,2640.0,2640.0,2640.0,2640.0,2516.18603515625,0,0.0,0.0
2026-04-03,2640.0,2640.0,2640.0,2640.0,2516.18603515625,0,0.0,0.0
2026-04-06,2640.0,2770.0,2655.0,2735.0,2606.730712890625,17764081,0.0,0.0
2026-04-07,2735.0,2800.0,2670.0,2690.0,2563.841064453125,20028673,0.0,0.0
2026-04-08,2690.0,2585.0,2445.0,2580.0,2459.0,32754171,0.0,0.0
2026-04-09,2580.0,2600.0,2525.0,2555.0,2435.172607421875,18896838,0.0,0.0
2026-04-10,2580.0,2600.0,2525.0,2555.0,2435.172607421875,18896838,0.0,0.0
2026-04-13,2555.0,2555.0,2555.0,2555.0,2435.172607421875,0,0.0,0.0
2026-04-14,2555.0,2555.0,2555.0,2555.0,2435.172607421875,0,0.0,0.0
2026-04-15,2415.0,2455.0,2370.0,2370.0,2258.848876953125,13805937,0.0,0.0
2026-04-16,2370.0,2485.0,2380.0,2470.0,2354.158935546875,32149364,0.0,0.0
2026-04-17,2470.0,2440.0,2325.0,2435.0,2320.800537109375,42410630,0.0,0.0
2026-04-20,2435.0,2485.0,2430.0,2435.0,2320.800537109375,18116545,0.0,0.0
2026-04-21,2435.0,2535.0,2455.0,2530.0,2411.344970703125,21990909,0.0,0.0
2026-04-22,2530.0,2600.0,2540.0,2550.0,2430.406982421875,19234485,0.0,0.0
2026-04-23,2550.0,2615.0,2530.0,2580.0,2459.0,29356907,0.0,0.0
2026-04-24,2580.0,2525.0,2445.0,2455.0,2455.0,11123116,121.0,0.0
2026-04-27,2455.0,2495.0,2365.0,2370.0,2370.0,23785885,0.0,0.0
2026-04-28,2370.0,2470.0,2380.0,2400.0,2400.0,17293611,0.0,0.0
2026-04-29,2400.0,2525.0,2420.0,2500.0,2500.0,35831214,0.0,0.0
2026-04-30,2500.0,2600.0,2440.0,2600.0,2600.0,30182854,0.0,0.0
2026-05-04,2600.0,2620.0,2540.0,2620.0,2620.0,18233609,0.0,0.0
2026-05-05,2620.0,2620.0,2620.0,2620.0,2620.0,0,0.0,0.0
2026-05-06,2620.0,2550.0,2475.0,2475.0,2475.0,22960432,0.0,0.0
2026-05-07,2475.0,2480.0,2390.0,2430.0,2430.0,26205934,0.0,0.0
2026-05-08,2430.0,2435.0,2350.0,2350.0,2350.0,25958660,0.0,0.0
2026-05-11,2350.0,2430.0,2370.0,2410.0,2410.0,16379805,0.0,0.0
2026-05-12,2410.0,2480.0,2425.0,2465.0,2465.0,23570760,0.0,0.0
2026-05-13,2494.800537109375,2425.0,2465.0,2535.0,2535.0,34446802,0.0,0.0
2026-05-14,2425.0,2520.0,2420.0,2485.0,2485.0,33853293,0.0,0.0
2026-05-15,2485.0,2540.0,2455.0,2480.0,2480.0,24761299,0.0,0.0
2026-05-19,2480.0,2640.0,2570.0,2640.0,2640.0,43920976,0.0,0.0
2026-05-20,2640.0,2660.0,2540.0,2545.0,2545.0,42277401,0.0,0.0
2026-05-21,2545.0,2610.0,2500.0,2575.0,2575.0,21791696,0.0,0.0
2026-05-22,2575.0,2565.0,2500.0,2545.0,2545.0,22640950,0.0,0.0
2026-05-25,2545.0,2590.0,2450.0,2535.0,2535.0,5555571,0.0,0.0
2026-05-26,2535.0,2755.0,2495.0,2730.0,2730.0,67086408,0.0,0.0
2026-05-27,2730.0,2715.0,2655.0,2715.0,2715.0,36136049,0.0,0.0
2026-05-28,2715.0,2755.0,2660.0,2695.0,2695.0,35063550,0.0,0.0
2026-06-01,2890.0,2900.0,2830.0,2870.0,2870.0,24066210,0.0,0.0
2026-06-02,2890.0,2900.0,2830.0,2870.0,2870.0,24066210,0.0,0.0
2026-06-03,2870.0,2880.0,2775.0,2800.0,2800.0,19327979,0.0,0.0
2026-06-04,2800.0,2800.0,2725.0,2800.0,2800.0,28274108,0.0,0.0
2026-06-05,2620.0,2660.0,2565.0,2620.0,2620.0,29381978,0.0,0.0
2026-06-08,2620.0,2620.0,2620.0,2620.0,2620.0,0,0.0,0.0
2026-06-09,2725.0,2850.0,2700.0,2835.0,2835.0,55541842,0.0,0.0
2026-06-10,2835.0,3000.0,2840.0,2885.0,2885.0,43982499,0.0,0.0
2026-06-11,2885.0,2935.0,2820.0,2835.0,2835.0,33614551,0.0,0.0
2026-06-16,2875.0,2725.0,2645.0,2725.0,2725.0,45031731,0.0,0.0
2026-06-17,2725.0,2760.0,2690.0,2725.0,2725.0,43338793,0.0,0.0
2026-06-18,2725.0,2725.0,2725.0,2725.0,2725.0,0,0.0,0.0
2026-06-19,2725.0,2725.0,2725.0,2725.0,2725.0,0,0.0,0.0
2026-06-22,3050.0,3080.0,2700.0,2790.0,2790.0,103685107,0.0,0.0
2026-06-23,2790.0,2790.0,2655.0,2655.0,2655.0,27675388,0.0,0.0
2026-06-24,2655.0,2640.0,2485.0,2505.0,2505.0,72935359,0.0,0.0
2026-06-25,2505.0,2545.0,2450.0,2500.0,2500.0,29325185,0.0,0.0
2026-06-26,2500.0,2570.0,2465.0,2560.0,2560.0,52408561,0.0,0.0
2026-06-29,2560.0,2560.0,2560.0,2560.0,2560.0,0,0.0,0.0
2026-06-30,2560.0,2560.0,2415.0,2435.0,2435.0,22320212,0.0,0.0
2026-07-01,2435.0,2495.0,2410.0,2440.0,2440.0,27562214,0.0,0.0
2026-07-02,2440.0,2505.0,2420.0,2470.0,2470.0,21477157,0.0,0.0
2026-07-03,2470.0,2550.0,2485.0,2550.0,2550.0,8997932,0.0,0.0
2026-07-06,2550.0,2550.0,2415.0,2435.0,2435.0,14287783,0.0,0.0
2026-07-07,2435.0,2465.0,2385.0,2430.0,2430.0,23531151,0.0,0.0
2026-07-08,2430.0,2575.0,2500.0,2550.0,2550.0,22550321,0.0,0.0
2026-07-09,2550.0,2550.0,2485.0,2535.0,2535.0,28961664,0.0,0.0
2026-07-10,2535.0,2545.0,2480.0,2545.0,2545.0,30296450,0.0,0.0
2026-07-14,2545.0,2630.0,2570.0,2630.0,2630.0,30970192,0.0,0.0
2026-07-15,2630.0,2650.0,2585.0,2590.0,2590.0,22624785,0.0,0.0
2026-07-16,2590.0,2605.0,2535.0,2575.0,2575.0,60953983,0.0,0.0
2026-07-17,2575.0,2625.0,2580.0,2625.0,2625.0,39825714,0.0,0.0
2026-07-21,2625.0,2720.0,2645.0,2650.0,2650.0,30950805,0.0,0.0
2026-07-22,2650.0,2740.0,2655.0,2655.0,2655.0,16640752,0.0,0.0
2026-07-23,2655.0,2740.0,2605.0,2605.0,2605.0,30336764,0.0,0.0
2026-07-24,2605.0,2605.0,2605.0,2605.0,2605.0,0,0.0,0.0
2026-07-27,2590.0,2580.0,2505.0,2525.0,2525.0,30229733,0.0,0.0
2026-07-28,2525.0,2545.0,2480.0,2540.0,2540.0,27332265,0.0,0.0
2026-07-29,2540.0,2645.0,2585.0,2620.0,2620.0,30235575,0.0,0.0
2026-07-30,2620.0,2680.0,2590.0,2680.0,2680.0,18948217,0.0,0.0
2026-07-31,2680.0,2700.0,2650.0,2675.0,2675.0,20783887,0.0,0.0
2026-08-03,2675.0,2695.0,2620.0,2685.0,2685.0,16512606,0.0,0.0
2026-08-04,2685.0,2665.0,2580.0,2630.0,2630.0,45539536,0.0,0.0
2026-08-05,2630.0,2680.0,2590.0,2595.0,2595.0,31140989,0.0,0.0
2026-08-06,2595.0,2770.0,2630.0,2770.0,2770.0,37219890,0.0,0.0
2026-08-07,2770.0,2770.0,2770.0,2770.0,2770.0,0,0.0,0.0
2026-08-10,2770.0,2735.0,2680.0,2680.0,2680.0,30951468,0.0,0.0
2026-08-11,2680.0,2700.0,2635.0,2660.0,2660.0,25524095,0.0,0.0
2026-08-12,2660.0,2665.0,2630.0,2655.0,2655.0,20139348,0.0,0.0
2026-08-13,2655.0,2700.0,2560.0,2700.0,2700.0,28519367,0.0,0.0
2026-08-14,2700.0,2745.0,2690.0,2695.0,2695.0,24592733,0.0,0.0
2026-08-18,2695.0,2770.0,2710.0,2750.0,2750.0,11716752,0.0,0.0
2026-08-19,2750.0,2775.0,2715.0,2720.0,2720.0,13382828,0.0,0.0
2026-08-20,2720.0,2780.0,2695.0,2695.0,2695.0,17232526,0.0,0.0
2026-08-21,2695.0,2715.0,2650.0,2650.0,2650.0,12725891,0.0,0.0
2026-08-24,2650.0,2690.0,2600.0,2690.0,2690.0,17409723,0.0,0.0
2026-08-25,2690.0,2650.0,2605.0,2605.0,2605.0,18610466,0.0,0.0
2026-08-26,2605.0,2620.0,2575.0,2575.0,2575.0,17391659,0.0,0.0
2026-08-27,2575.0,2650.0,2565.0,2630.0,2630.0,14622007,0.0,0.0
2026-08-28,2630.0,2670.0,2620.0,2645.0,2645.0,13400095,0.0,0.0
2026-08-31,2645.0,2720.0,2650.0,2660.0,2660.0,40276705,0.0,0.0
2026-09-01,2660.0,2775.0,2680.0,2755.0,2755.0,34724269,0.0,0.0
2026-09-02,2755.0,2770.0,2710.0,2765.0,2765.0,23048970,0.0,0.0
2026-09-03,2765.0,2805.0,2690.0,2690.0,2690.0,18487102,0.0,0.0
2026-09-04,2690.0,2730.0,2660.0,2700.0,2700.0,22438880,0.0,0.0
2026-09-08,2735.0,2775.0,2740.0,2770.0,2770.0,14419563,0.0,0.0
2026-09-09,2770.0,2800.0,2755.0,2760.0,2760.0,20414749,0.0,0.0
2026-09-10,2760.0,2810.0,2760.0,2790.0,2790.0,24232670,0.0,0.0
2026-09-11,2790.0,2770.0,2705.0,2730.0,2730.0,12787273,0.0,0.0
2026-09-14,2730.0,2790.0,2735.0,2765.0,2765.0,20191891,0.0,0.0
