Date,Open,High,Low,Close,Adj Close,Volume,Dividends,Stock Splits
2020-01-01,259.0,259.0,259.0,259.0,259.0,0,0.0,0.0
2020-01-02,259.0,259.0,259.0,259.0,259.0,0,0.0,0.0
2020-01-03,260.0,260.0,260.0,260.0,260.0,98534,0.0,0.0
2020-01-06,260.0,260.0,260.0,260.0,260.0,0,0.0,0.0
2020-01-07,260.0,260.0,259.0,260.0,260.0,390501,0.0,0.0
2020-01-08,260.0,260.0,255.0,260.0,260.0,773079,0.0,0.0
2020-01-09,274.0,274.0,262.0,274.0,274.0,982059,0.0,0.0
2020-01-10,274.0,274.0,270.0,274.0,274.0,386084,0.0,0.0
2020-01-13,270.0,274.0,267.0,270.0,270.0,369637,0.0,0.0
2020-01-14,262.0,265.0,262.0,262.0,262.0,227637,0.0,0.0
2020-01-15,268.0,268.0,259.0,268.0,268.0,523081,0.0,0.0
2020-01-16,265.0,265.0,253.0,265.0,265.0,731665,0.0,0.0
2020-01-17,265.0,265.0,253.0,265.0,265.0,731665,0.0,0.0
2020-01-20,252.0,252.0,252.0,252.0,252.0,71084,0.0,0.0
2020-01-21,265.0,265.0,257.0,265.0,265.0,1019438,0.0,0.0
2020-01-22,265.0,267.0,264.0,265.0,265.0,3825729,0.0,0.0
2020-01-23,259.0,265.0,257.0,259.0,259.0,317439,0.0,0.0
2020-01-24,257.0,259.0,256.0,257.0,257.0,408983,0.0,0.0
2020-01-27,250.0,256.0,250.0,250.0,250.0,345523,0.0,0.0
2020-01-28,250.0,250.0,250.0,250.0,250.0,41005,0.0,0.0
2020-01-29,251.0,251.0,251.0,251.0,251.0,63983,0.0,0.0
2020-01-30,250.0,251.0,250.0,250.0,250.0,196037,0.0,0.0
2020-01-31,258.0,260.0,258.0,258.0,258.0,231048,0.0,0.0
2020-02-03,260.0,260.0,251.0,260.0,260.0,160786,0.0,0.0
2020-02-04,260.0,260.0,260.0,260.0,260.0,6541,0.0,0.0
2020-02-05,260.0,260.0,260.0,260.0,260.0,38483,0.0,0.0
2020-02-06,252.0,252.0,251.0,252.0,252.0,1141511,0.0,0.0
2020-02-07,252.0,252.0,252.0,252.0,252.0,11279,0.0,0.0
2020-02-10,252.0,256.0,252.0,252.0,252.0,1372989,0.0,0.0
2020-02-11,252.0,252.0,252.0,252.0,252.0,260787,0.0,0.0
2020-02-12,252.0,252.0,252.0,252.0,252.0,17200,0.0,0.0
2020-02-13,252.0,252.0,252.0,252.0,252.0,5351,0.0,0.0
2020-02-14,252.0,252.0,252.0,252.0,252.0,124283,0.0,0.0
2020-02-17,252.0,252.0,252.0,252.0,252.0,253,0.0,0.0
2020-02-18,257.0,257.0,257.0,257.0,257.0,73047,0.0,0.0
2020-02-19,266.0,269.0,259.0,266.0,266.0,2831522,0.0,0.0
2020-02-20,253.0,267.0,253.0,253.0,253.0,51192407,0.0,0.0
2020-02-21,257.0,265.0,256.0,257.0,257.0,1952784,0.0,0.0
2020-02-24,254.0,255.0,251.0,254.0,254.0,788938,0.0,0.0
2020-02-25,256.0,256.0,255.0,256.0,256.0,249330,0.0,0.0
2020-02-26,250.0,256.0,250.0,250.0,250.0,1585685,0.0,0.0
2020-02-27,245.0,247.0,242.0,245.0,245.0,670865,0.0,0.0
2020-02-28,246.0,246.0,246.0,246.0,246.0,319963,0.0,0.0
2020-03-02,246.0,246.0,246.0,246.0,246.0,115220,0.0,0.0
2020-03-03,241.0,244.0,241.0,241.0,241.0,377972,0.0,0.0
2020-03-04,240.0,241.0,240.0,240.0,240.0,282205,0.0,0.0
2020-03-05,241.0,241.0,241.0,241.0,241.0,104445,0.0,0.0
2020-03-06,233.0,241.0,233.0,233.0,233.0,849953,0.0,0.0
2020-03-09,229.0,230.0,221.0,229.0,229.0,935157,0.0,0.0
2020-03-10,235.0,241.0,230.0,235.0,235.0,756127,0.0,0.0
2020-03-11,220.0,223.0,220.0,220.0,220.0,329685,0.0,0.0
2020-03-12,209.0,209.0,209.0,209.0,209.0,82026,0.0,0.0
2020-03-13,209.0,209.0,209.0,209.0,209.0,82026,0.0,0.0
2020-03-16,209.0,209.0,209.0,209.0,209.0,127794,0.0,0.0
2020-03-17,197.0,199.0,197.0,197.0,197.0,305759,0.0,0.0
2020-03-18,171.0,197.0,171.0,171.0,171.0,670636,0.0,0.0
2020-03-19,170.0,178.0,170.0,170.0,170.0,857279,0.0,0.0
2020-03-20,170.0,170.0,170.0,170.0,170.0,120000,0.0,0.0
2020-03-23,170.0,170.0,170.0,170.0,170.0,0,0.0,0.0
2020-03-24,170.0,170.0,170.0,170.0,170.0,414084,0.0,0.0
2020-03-25,187.0,187.0,180.0,187.0,187.0,798190,0.0,0.0
2020-03-26,187.0,187.0,180.0,187.0,187.0,798190,0.0,0.0
2020-03-27,187.0,187.0,184.0,187.0,187.0,208902,0.0,0.0
2020-03-30,170.0,199.0,170.0,170.0,170.0,760810,0.0,0.0
2020-03-31,177.0,181.0,169.0,177.0,177.0,2941062,0.0,0.0
2020-04-01,177.0,179.0,175.0,177.0,177.0,485400,0.0,0.0
2020-04-02,187.0,188.0,187.0,187.0,187.0,170261,0.0,0.0
2020-04-03,189.0,189.0,189.0,189.0,189.0,166866,0.0,0.0
2020-04-06,190.0,196.0,190.0,190.0,190.0,290788,0.0,0.0
2020-04-07,190.0,190.0,190.0,190.0,190.0,328557,0.0,0.0
2020-04-08,195.0,199.0,195.0,195.0,195.0,1062982,0.0,0.0
2020-04-09,195.0,195.0,195.0,195.0,195.0,0,0.0,0.0
2020-04-10,195.0,195.0,195.0,195.0,195.0,0,0.0,0.0
2020-04-13,207.0,207.0,197.0,207.0,207.0,211140,0.0,0.0
2020-04-14,217.0,218.0,209.0,217.0,217.0,883081,0.0,0.0
2020-04-15,215.0,215.0,205.0,215.0,215.0,1702758,0.0,0.0
2020-04-16,215.0,215.0,215.0,215.0,215.0,14550,0.0,0.0
2020-04-17,215.0,215.0,214.0,215.0,215.0,166642,0.0,0.0
2020-04-20,214.0,222.0,205.0,214.0,214.0,2838834,0.0,0.0
2020-04-21,209.0,209.0,205.0,209.0,209.0,2519244,0.0,0.0
2020-04-22,205.0,210.0,205.0,205.0,205.0,360819,0.0,0.0
2020-04-23,210.0,218.0,210.0,210.0,210.0,349814,0.0,0.0
2020-04-24,221.0,221.0,221.0,221.0,221.0,137500,0.0,0.0
2020-04-27,227.0,229.0,220.0,227.0,227.0,1348911,0.0,0.0
2020-04-28,221.0,221.0,220.0,221.0,221.0,347738,0.0,0.0
2020-04-29,221.0,221.0,221.0,221.0,221.0,65868,0.0,0.0
2020-04-30,218.0,220.0,218.0,218.0,218.0,701427,0.0,0.0
2020-05-01,218.0,218.0,218.0,218.0,218.0,0,0.0,0.0
2020-05-04,210.0,218.0,207.0,210.0,210.0,206115,0.0,0.0
2020-05-05,205.0,206.0,204.0,205.0,205.0,628978,0.0,0.0
2020-05-06,205.0,205.0,205.0,205.0,205.0,245476,0.0,0.0
2020-05-07,205.0,206.0,205.0,205.0,205.0,136213,0.0,0.0
2020-05-08,203.0,206.0,203.0,203.0,203.0,2356457,0.0,0.0
2020-05-11,203.0,203.0,203.0,203.0,203.0,136580,0.0,0.0
2020-05-12,203.0,203.0,203.0,203.0,203.0,34559,0.0,0.0
2020-05-13,200.0,202.0,200.0,200.0,200.0,16544000,0.0,0.0
2020-05-14,200.0,200.0,200.0,200.0,200.0,42458,0.0,0.0
2020-05-15,195.0,195.0,195.0,195.0,195.0,115800,0.0,0.0
2020-05-18,200.0,204.0,200.0,200.0,200.0,1604823,0.0,0.0
2020-05-19,202.0,210.0,200.0,202.0,202.0,455604,0.0,0.0
2020-05-20,209.0,209.0,209.0,209.0,209.0,40000,0.0,0.0
2020-05-21,200.0,204.0,200.0,200.0,200.0,418404,0.0,0.0
2020-05-22,196.0,196.0,190.0,196.0,196.0,373649,0.0,0.0
2020-05-25,196.0,196.0,196.0,196.0,196.0,0,0.0,0.0
2020-05-26,199.0,200.0,199.0,199.0,199.0,122000,0.0,0.0
2020-05-27,192.0,192.0,192.0,192.0,192.0,73700,0.0,0.0
2020-05-28,190.0,193.0,190.0,190.0,190.0,348319,0.0,0.0
2020-05-29,190.0,190.0,190.0,190.0,190.0,321382,0.0,0.0
2020-06-01,200.0,200.0,199.0,200.0,200.0,443264,0.0,0.0
2020-06-02,194.0,199.0,193.0,194.0,194.0,263250,0.0,0.0
2020-06-03,194.0,199.0,193.0,194.0,194.0,263250,0.0,0.0
2020-06-04,215.0,215.0,210.0,215.0,215.0,2848093,0.0,0.0
2020-06-05,219.0,219.0,216.0,219.0,219.0,685446,0.0,0.0
2020-06-08,212.0,220.0,212.0,212.0,212.0,1282183,0.0,0.0
2020-06-09,207.0,209.0,205.0,207.0,207.0,750728,0.0,0.0
2020-06-10,203.0,206.0,201.0,203.0,203.0,611874,0.0,0.0
2020-06-11,195.0,200.0,195.0,195.0,195.0,1253280,0.0,0.0
2020-06-12,200.0,203.0,200.0,200.0,200.0,787284,0.0,0.0
2020-06-15,200.0,200.0,200.0,200.0,200.0,0,0.0,0.0
2020-06-16,200.0,205.0,195.0,200.0,200.0,1140800,0.0,0.0
2020-06-17,201.0,201.0,201.0,201.0,201.0,160119,0.0,0.0
2020-06-18,201.0,201.0,201.0,201.0,201.0,43200,0.0,0.0
2020-06-19,201.0,201.0,200.0,201.0,201.0,373000,0.0,0.0
2020-06-22,201.0,201.0,201.0,201.0,201.0,0,0.0,0.0
2020-06-23,202.0,202.0,195.0,202.0,202.0,612955,0.0,0.0
2020-06-24,208.0,208.0,200.0,208.0,208.0,1297724,0.0,0.0
2020-06-25,215.0,215.0,210.0,215.0,215.0,1475732,0.0,0.0
2020-06-26,215.0,215.0,215.0,215.0,215.0,40373,0.0,0.0
2020-06-29,215.0,215.0,215.0,215.0,215.0,0,0.0,0.0
2020-06-30,213.0,213.0,205.0,213.0,213.0,1052000,0.0,0.0
2020-07-01,220.0,220.0,215.0,220.0,220.0,361014,0.0,0.0
2020-07-02,219.0,224.0,219.0,219.0,219.0,252036,0.0,0.0
2020-07-03,219.0,219.0,219.0,219.0,219.0,10000,0.0,0.0
2020-07-06,219.0,219.0,219.0,219.0,219.0,43041,0.0,0.0
2020-07-07,220.0,220.0,210.0,220.0,220.0,711443,0.0,0.0
2020-07-08,220.0,220.0,220.0,220.0,220.0,643809,0.0,0.0
2020-07-09,214.0,215.0,214.0,214.0,214.0,327194,0.0,0.0
2020-07-10,219.0,223.0,219.0,219.0,219.0,1656382,0.0,0.0
2020-07-13,218.0,219.0,218.0,218.0,218.0,225297,0.0,0.0
2020-07-14,219.0,219.0,219.0,219.0,219.0,289868,0.0,0.0
2020-07-15,220.0,220.0,219.0,220.0,220.0,253550,0.0,0.0
2020-07-16,214.0,219.0,213.0,214.0,214.0,269495,0.0,0.0
2020-07-17,220.0,220.0,220.0,220.0,220.0,952245,0.0,0.0
2020-07-20,220.0,220.0,220.0,220.0,220.0,0,0.0,0.0
2020-07-21,220.0,220.0,220.0,220.0,220.0,43000,0.0,0.0
2020-07-22,215.0,217.0,215.0,215.0,215.0,348744,0.0,0.0
2020-07-23,220.0,222.0,218.0,220.0,220.0,2054848,0.0,0.0
2020-07-24,220.0,220.0,220.0,220.0,220.0,336410,0.0,0.0
2020-07-27,220.0,223.0,215.0,220.0,220.0,2777424,0.0,0.0
2020-07-28,218.0,220.0,217.0,218.0,218.0,1861454,0.0,0.0
2020-07-29,220.0,220.0,215.0,220.0,220.0,1936881,0.0,0.0
2020-07-30,221.0,221.0,220.0,221.0,221.0,1121351,0.0,0.0
2020-07-31,200.0,218.0,200.0,200.0,200.0,20813053,0.0,0.0
2020-08-03,209.0,209.0,200.0,209.0,209.0,724815,0.0,0.0
2020-08-04,209.0,209.0,206.0,209.0,209.0,173772,0.0,0.0
2020-08-05,210.0,210.0,205.0,210.0,210.0,155951,0.0,0.0
2020-08-06,205.0,205.0,205.0,205.0,205.0,527858,0.0,0.0
2020-08-07,205.0,205.0,205.0,205.0,205.0,0,0.0,0.0
2020-08-10,205.0,206.0,205.0,205.0,205.0,187402,0.0,0.0
2020-08-11,205.0,205.0,205.0,205.0,205.0,272040,0.0,0.0
2020-08-12,203.0,205.0,203.0,203.0,203.0,585977,0.0,0.0
2020-08-13,203.0,203.0,203.0,203.0,203.0,139387,0.0,0.0
2020-08-14,199.0,199.0,199.0,199.0,199.0,194686,0.0,0.0
2020-08-17,199.0,199.0,199.0,199.0,199.0,0,0.0,0.0
2020-08-18,205.0,205.0,205.0,205.0,205.0,149001,0.0,0.0
2020-08-19,209.0,209.0,209.0,209.0,209.0,108726,0.0,0.0
2020-08-20,209.0,209.0,209.0,209.0,209.0,112598,0.0,0.0
2020-08-21,205.0,207.0,203.0,205.0,205.0,2000252,0.0,0.0
2020-08-24,205.0,205.0,205.0,205.0,205.0,0,0.0,0.0
2020-08-25,208.0,208.0,203.0,208.0,208.0,522899,0.0,0.0
2020-08-26,210.0,212.0,209.0,210.0,210.0,1712901,0.0,0.0
2020-08-27,211.0,211.0,209.0,211.0,211.0,980627,0.0,0.0
2020-08-28,212.0,215.0,210.0,212.0,212.0,1150683,0.0,0.0
2020-08-31,212.0,212.0,209.0,212.0,212.0,702020,0.0,0.0
2020-09-01,212.0,212.0,202.0,212.0,212.0,325317,0.0,0.0
2020-09-02,213.0,215.0,213.0,213.0,213.0,1609347,0.0,0.0
2020-09-03,207.0,212.0,207.0,207.0,207.0,354352,0.0,0.0
2020-09-04,207.0,207.0,207.0,207.0,207.0,15614,0.0,0.0
2020-09-07,208.0,208.0,208.0,208.0,208.0,251112,0.0,0.0
2020-09-08,207.0,208.0,207.0,207.0,207.0,228610,0.0,0.0
2020-09-09,212.0,212.0,209.0,212.0,212.0,653507,0.0,0.0
2020-09-10,212.0,212.0,204.0,212.0,212.0,248465,0.0,0.0
2020-09-11,212.0,212.0,212.0,212.0,212.0,79549,0.0,0.0
2020-09-14,211.0,211.0,205.0,211.0,211.0,155406,0.0,0.0
2020-09-15,210.0,210.0,210.0,210.0,210.0,300891,0.0,0.0
2020-09-16,210.0,210.0,210.0,210.0,210.0,65811,0.0,0.0
2020-09-17,206.0,206.0,206.0,206.0,206.0,83797,0.0,0.0
2020-09-18,213.0,213.0,205.0,213.0,213.0,716963,0.0,0.0
2020-09-21,212.0,212.0,212.0,212.0,212.0,50782,0.0,0.0
2020-09-22,212.0,212.0,212.0,212.0,212.0,16176,0.0,0.0
2020-09-23,212.0,212.0,212.0,212.0,212.0,47307,0.0,0.0
2020-09-24,212.0,212.0,212.0,212.0,212.0,50421,0.0,0.0
2020-09-25,203.0,207.0,203.0,203.0,203.0,281344,0.0,0.0
2020-09-28,205.0,205.0,205.0,205.0,205.0,60662,0.0,0.0
2020-09-29,205.0,205.0,205.0,205.0,205.0,38200,0.0,0.0
2020-09-30,211.0,211.0,205.0,211.0,211.0,329602,0.0,0.0
2020-10-01,206.0,206.0,206.0,206.0,206.0,102292,0.0,0.0
2020-10-02,206.0,206.0,206.0,206.0,206.0,9579,0.0,0.0
2020-10-05,210.60000610351562,210.60000610351562,210.60000610351562,210.60000610351562,210.60000610351562,151913,0.0,0.0
2020-10-06,206.0,211.0,206.0,206.0,206.0,194119,0.0,0.0
2020-10-07,203.0,203.10000610351562,203.0,203.0,203.0,203299,0.0,0.0
2020-10-08,203.0,203.10000610351562,203.0,203.0,203.0,203299,0.0,0.0
2020-10-09,203.0,203.0,203.0,203.0,203.0,2331,0.0,0.0
2020-10-12,203.0,203.0,203.0,203.0,203.0,0,0.0,0.0
2020-10-13,200.0,202.39999389648438,196.0,200.0,200.0,577000,0.0,0.0
2020-10-14,199.0,199.0,199.0,199.0,199.0,81512,0.0,0.0
2020-10-15,196.0,196.3000030517578,196.0,196.0,196.0,97471,0.0,0.0
2020-10-16,196.0,196.0,196.0,196.0,196.0,66571,0.0,0.0
2020-10-19,196.0,196.0,196.0,196.0,196.0,19549,0.0,0.0
2020-10-20,200.0,200.89999389648438,200.0,200.0,200.0,916296,0.0,0.0
2020-10-21,200.0,200.0,200.0,200.0,200.0,6355,0.0,0.0
2020-10-22,193.10000610351562,198.60000610351562,193.10000610351562,193.10000610351562,193.10000610351562,233258,0.0,0.0
2020-10-23,203.0,203.0,203.0,203.0,203.0,36500,0.0,0.0
2020-10-26,203.0,203.0,203.0,203.0,203.0,18977,0.0,0.0
2020-10-27,203.0,203.0,203.0,203.0,203.0,4775,0.0,0.0
2020-10-28,203.0,203.0,203.0,203.0,203.0,43671,0.0,0.0
2020-10-29,197.6999969482422,197.6999969482422,192.0,197.6999969482422,197.6999969482422,344074,0.0,0.0
2020-10-30,199.89999389648438,200.0,199.89999389648438,199.89999389648438,199.89999389648438,1720607,0.0,0.0
2020-11-02,199.89999389648438,199.89999389648438,199.89999389648438,199.89999389648438,199.89999389648438,0,0.0,0.0
2020-11-03,200.0,200.0,200.0,200.0,200.0,839581,0.0,0.0
2020-11-04,200.0,200.0,200.0,200.0,200.0,71044,0.0,0.0
2020-11-05,200.0,200.0,200.0,200.0,200.0,249,0.0,0.0
2020-11-06,200.0,200.0,200.0,200.0,200.0,249,0.0,0.0
2020-11-09,205.0,205.0,197.0,205.0,205.0,1069727,0.0,0.0
2020-11-10,205.0,205.0,205.0,205.0,205.0,74139,0.0,0.0
2020-11-11,205.0,205.0,205.0,205.0,205.0,42379,0.0,0.0
2020-11-12,202.0,202.0,202.0,202.0,202.0,80571,0.0,0.0
2020-11-13,200.0,201.0,200.0,200.0,200.0,354295,0.0,0.0
2020-11-16,200.0,200.0,200.0,200.0,200.0,0,0.0,0.0
2020-11-17,204.0,204.0,200.0,204.0,204.0,11900908,0.0,0.0
2020-11-18,204.0,206.39999389648438,200.0,204.0,204.0,17876867,0.0,0.0
2020-11-19,210.0,215.0,206.0,210.0,210.0,1787319,0.0,0.0
2020-11-20,206.10000610351562,206.10000610351562,205.10000610351562,206.10000610351562,206.10000610351562,185301,0.0,0.0
2020-11-23,205.1999969482422,206.0,205.1999969482422,205.1999969482422,205.1999969482422,119934,0.0,0.0
2020-11-24,210.5,212.0,206.8000030517578,210.5,210.5,949851,0.0,0.0
2020-11-25,211.10000610351562,211.10000610351562,211.10000610351562,211.10000610351562,211.10000610351562,90002,0.0,0.0
2020-11-26,209.5,213.0,209.5,209.5,209.5,515148,0.0,0.0
2020-11-27,209.5,209.5,209.5,209.5,209.5,13888,0.0,0.0
2020-11-30,210.0,211.0,209.89999389648438,210.0,210.0,964326,0.0,0.0
2020-12-01,213.89999389648438,213.89999389648438,212.5,213.89999389648438,213.89999389648438,534038,0.0,0.0
2020-12-02,214.0,214.0,214.0,214.0,214.0,723482,0.0,0.0
2020-12-03,213.89999389648438,213.89999389648438,211.0,213.89999389648438,213.89999389648438,298140,0.0,0.0
2020-12-04,213.89999389648438,213.89999389648438,211.0,213.89999389648438,213.89999389648438,298140,0.0,0.0
2020-12-07,218.0,220.0,217.0,218.0,218.0,961181,0.0,0.0
2020-12-08,218.0,218.0,218.0,218.0,218.0,0,0.0,0.0
2020-12-09,218.0,220.0,218.0,218.0,218.0,888221,0.0,0.0
2020-12-10,216.0,218.0,216.0,216.0,216.0,826128,0.0,0.0
2020-12-11,212.3000030517578,215.1999969482422,212.3000030517578,212.3000030517578,212.3000030517578,553576,0.0,0.0
2020-12-14,212.39999389648438,214.0,212.39999389648438,212.39999389648438,212.39999389648438,519944,0.0,0.0
2020-12-15,212.0,214.0,212.0,212.0,212.0,282458,0.0,0.0
2020-12-16,216.89999389648438,217.0,210.5,216.89999389648438,216.89999389648438,2226222,0.0,0.0
2020-12-17,216.6999969482422,216.6999969482422,215.89999389648438,216.6999969482422,216.6999969482422,678829,0.0,0.0
2020-12-18,217.60000610351562,217.60000610351562,213.8000030517578,217.60000610351562,217.60000610351562,179413,0.0,0.0
2020-12-21,214.0,214.0,210.0,214.0,214.0,1451869,0.0,0.0
2020-12-22,214.0,214.0,214.0,214.0,214.0,32555,0.0,0.0
2020-12-23,216.0,216.0,213.1999969482422,216.0,216.0,1051898,0.0,0.0
2020-12-24,216.0,216.0,213.1999969482422,216.0,216.0,1051898,0.0,0.0
2020-12-25,216.0,216.0,216.0,216.0,216.0,0,0.0,0.0
2020-12-28,213.0,213.0,213.0,213.0,213.0,176434,0.0,0.0
2020-12-29,216.0,217.6999969482422,212.89999389648438,216.0,216.0,668622,0.0,0.0
2020-12-30,217.0,217.0,217.0,217.0,217.0,404196,0.0,0.0
2020-12-31,217.0,217.0,217.0,217.0,217.0,0,0.0,0.0
2021-01-01,217.0,217.0,217.0,217.0,217.0,0,0.0,0.0
2021-01-04,213.0,216.0,213.0,213.0,213.0,317066,0.0,0.0
2021-01-05,215.0,215.0,213.0,215.0,215.0,372131,0.0,0.0
2021-01-06,218.0,218.1999969482422,216.5,218.0,218.0,712268,0.0,0.0
2021-01-07,213.0,216.0,213.0,213.0,213.0,791081,0.0,0.0
2021-01-08,215.1999969482422,217.89999389648438,215.0,215.1999969482422,215.1999969482422,840290,0.0,0.0
2021-01-11,215.1999969482422,215.1999969482422,215.1999969482422,215.1999969482422,215.1999969482422,0,0.0,0.0
2021-01-12,214.3000030517578,215.10000610351562,214.3000030517578,214.3000030517578,214.3000030517578,520995,0.0,0.0
2021-01-13,214.39999389648438,216.0,214.39999389648438,214.39999389648438,214.39999389648438,1059726,0.0,0.0
2021-01-14,215.0,215.0,214.5,215.0,215.0,561658,0.0,0.0
2021-01-15,214.3000030517578,215.0,214.3000030517578,214.3000030517578,214.3000030517578,542586,0.0,0.0
2021-01-18,214.3000030517578,214.3000030517578,214.3000030517578,214.3000030517578,214.3000030517578,23914,0.0,0.0
2021-01-19,213.10000610351562,215.0,213.10000610351562,213.10000610351562,213.10000610351562,457395,0.0,0.0
2021-01-20,213.10000610351562,213.10000610351562,213.10000610351562,213.10000610351562,213.10000610351562,15324,0.0,0.0
2021-01-21,214.0,214.0,214.0,214.0,214.0,82557,0.0,0.0
2021-01-22,214.10000610351562,214.8000030517578,213.10000610351562,214.10000610351562,214.10000610351562,727921,0.0,0.0
2021-01-25,214.10000610351562,214.10000610351562,214.10000610351562,214.10000610351562,214.10000610351562,135830,0.0,0.0
2021-01-26,214.10000610351562,214.10000610351562,214.10000610351562,214.10000610351562,214.10000610351562,12422,0.0,0.0
2021-01-27,214.10000610351562,214.10000610351562,214.10000610351562,214.10000610351562,214.10000610351562,73382,0.0,0.0
2021-01-28,214.10000610351562,214.10000610351562,214.10000610351562,214.10000610351562,214.10000610351562,1956,0.0,0.0
2021-01-29,210.0,213.89999389648438,200.0,210.0,210.0,17693659,0.0,0.0
2021-02-01,210.0,210.0,210.0,210.0,210.0,0,0.0,0.0
2021-02-02,214.0,214.0,205.0,214.0,214.0,3655035,0.0,0.0
2021-02-03,214.0,214.0,214.0,214.0,214.0,168,0.0,0.0
2021-02-04,212.10000610351562,212.10000610351562,212.10000610351562,212.10000610351562,212.10000610351562,106118,0.0,0.0
2021-02-05,212.10000610351562,212.10000610351562,212.10000610351562,212.10000610351562,212.10000610351562,38769,0.0,0.0
2021-02-08,213.5,213.5,206.0,213.5,213.5,457136,0.0,0.0
2021-02-09,215.0,215.0,214.5,215.0,215.0,711717,0.0,0.0
2021-02-10,230.0,230.0,214.8000030517578,230.0,230.0,4648114,0.0,0.0
2021-02-11,240.0,240.0,229.3000030517578,240.0,240.0,5273719,0.0,0.0
2021-02-12,245.5,248.0,235.0,245.5,245.5,4524216,0.0,0.0
2021-02-15,235.10000610351562,242.0,234.10000610351562,235.10000610351562,235.10000610351562,341289,0.0,0.0
2021-02-16,234.0,235.0,234.0,234.0,234.0,414767,0.0,0.0
2021-02-17,234.0,234.0,234.0,234.0,234.0,69274,0.0,0.0
2021-02-18,238.6999969482422,238.6999969482422,234.89999389648438,238.6999969482422,238.6999969482422,348030,0.0,0.0
2021-02-19,238.0,238.0,229.89999389648438,238.0,238.0,373179,0.0,0.0
2021-02-22,238.0,238.0,230.0,238.0,238.0,194016,0.0,0.0
2021-02-23,235.0,235.10000610351562,229.10000610351562,235.0,235.0,677599,0.0,0.0
2021-02-24,235.0,235.0,235.0,235.0,235.0,27087,0.0,0.0
2021-02-25,231.0,231.0,227.1999969482422,231.0,231.0,591686,0.0,0.0
2021-02-26,226.0,232.0,223.10000610351562,226.0,226.0,911624,0.0,0.0
2021-03-01,230.0,232.0,230.0,230.0,230.0,105207,0.0,0.0
2021-03-02,230.0,230.0,230.0,230.0,230.0,29935,0.0,0.0
2021-03-03,227.0,227.0,223.0,227.0,227.0,827261,0.0,0.0
2021-03-04,219.0,221.39999389648438,219.0,219.0,219.0,722399,0.0,0.0
2021-03-05,239.0,239.0,216.89999389648438,239.0,239.0,1042603,0.0,0.0
2021-03-08,230.0,230.0,230.0,230.0,230.0,114696,0.0,0.0
2021-03-09,232.0,232.0,232.0,232.0,232.0,178575,0.0,0.0
2021-03-10,223.0,232.0,223.0,223.0,223.0,229832,0.0,0.0
2021-03-11,218.10000610351562,223.3000030517578,218.10000610351562,218.10000610351562,218.10000610351562,525419,0.0,0.0
2021-03-12,218.10000610351562,218.10000610351562,218.10000610351562,218.10000610351562,218.10000610351562,55100,0.0,0.0
2021-03-15,221.10000610351562,221.10000610351562,218.60000610351562,221.10000610351562,221.10000610351562,99458,0.0,0.0
2021-03-16,226.0,226.0,226.0,226.0,226.0,269726,0.0,0.0
2021-03-17,223.5,223.5,220.0,223.5,223.5,239581,0.0,0.0
2021-03-18,218.0,220.0,218.0,218.0,218.0,1063316,0.0,0.0
2021-03-19,215.0,219.0,215.0,215.0,215.0,885371,0.0,0.0
2021-03-22,215.0,215.0,215.0,215.0,215.0,0,0.0,0.0
2021-03-23,211.10000610351562,215.0,211.10000610351562,211.10000610351562,211.10000610351562,246922,0.0,0.0
2021-03-24,217.89999389648438,218.0,217.89999389648438,217.89999389648438,217.89999389648438,123844,0.0,0.0
2021-03-25,217.89999389648438,217.89999389648438,217.89999389648438,217.89999389648438,217.89999389648438,12981,0.0,0.0
2021-03-26,217.89999389648438,217.89999389648438,217.89999389648438,217.89999389648438,217.89999389648438,3911,0.0,0.0
2021-03-29,217.0,217.0,217.0,217.0,217.0,120026,0.0,0.0
2021-03-30,221.5,221.5,214.0,221.5,221.5,95093,0.0,0.0
2021-03-31,221.0,221.3000030517578,221.0,221.0,221.0,122080,0.0,0.0
2021-04-01,221.0,221.0,221.0,221.0,221.0,0,0.0,0.0
2021-04-02,221.0,221.0,221.0,221.0,221.0,0,0.0,0.0
2021-04-05,221.0,221.0,221.0,221.0,221.0,1840,0.0,0.0
2021-04-06,221.0,221.0,221.0,221.0,221.0,9840,0.0,0.0
2021-04-07,221.0,221.0,221.0,221.0,221.0,4657,0.0,0.0
2021-04-08,221.0,221.0,221.0,221.0,221.0,37981,0.0,0.0
2021-04-09,220.0,220.0,213.0,220.0,220.0,324963,0.0,0.0
2021-04-12,222.0,222.0,222.0,222.0,222.0,156349,0.0,0.0
2021-04-13,222.0,222.0,222.0,222.0,222.0,44249,0.0,0.0
2021-04-14,222.0,222.0,222.0,222.0,222.0,44249,0.0,0.0
2021-04-15,219.89999389648438,219.89999389648438,219.89999389648438,219.89999389648438,219.89999389648438,36532,0.0,0.0
2021-04-16,219.89999389648438,219.89999389648438,219.89999389648438,219.89999389648438,219.89999389648438,48074,0.0,0.0
2021-04-19,215.10000610351562,215.10000610351562,215.10000610351562,215.10000610351562,215.10000610351562,78909,0.0,0.0
2021-04-20,215.10000610351562,215.10000610351562,215.10000610351562,215.10000610351562,215.10000610351562,46785,0.0,0.0
2021-04-21,215.60000610351562,215.60000610351562,215.60000610351562,215.60000610351562,215.60000610351562,159988,0.0,0.0
2021-04-22,215.60000610351562,215.60000610351562,215.60000610351562,215.60000610351562,215.60000610351562,27556,0.0,0.0
2021-04-23,215.60000610351562,215.60000610351562,215.60000610351562,215.60000610351562,215.60000610351562,21109,0.0,0.0
2021-04-26,215.60000610351562,215.60000610351562,215.60000610351562,215.60000610351562,215.60000610351562,12450,0.0,0.0
2021-04-27,213.0,213.0,213.0,213.0,213.0,95165,0.0,0.0
2021-04-28,213.0,213.0,213.0,213.0,213.0,115765,0.0,0.0
2021-04-29,215.0,215.0,215.0,215.0,215.0,140695,0.0,0.0
2021-04-30,218.0,218.0,211.10000610351562,218.0,218.0,711771,0.0,0.0
2021-05-03,210.0,212.10000610351562,210.0,210.0,210.0,436062,0.0,0.0
2021-05-04,210.0,210.0,210.0,210.0,210.0,25436,0.0,0.0
2021-05-05,210.0,210.0,210.0,210.0,210.0,32429,0.0,0.0
2021-05-06,210.0,210.0,210.0,210.0,210.0,20136,0.0,0.0
2021-05-07,212.0,212.0,210.0,212.0,212.0,409365,0.0,0.0
2021-05-10,218.0,218.0,210.0,218.0,218.0,655791,0.0,0.0
2021-05-11,211.89999389648438,216.89999389648438,206.0,211.89999389648438,211.89999389648438,505850,0.0,0.0
2021-05-12,211.89999389648438,211.89999389648438,211.89999389648438,211.89999389648438,211.89999389648438,43205,0.0,0.0
2021-05-13,215.0,215.0,215.0,215.0,215.0,197968,0.0,0.0
2021-05-14,214.89999389648438,214.89999389648438,205.10000610351562,214.89999389648438,214.89999389648438,320482,0.0,0.0
2021-05-17,214.89999389648438,214.89999389648438,214.89999389648438,214.89999389648438,214.89999389648438,0,0.0,0.0
2021-05-18,214.89999389648438,214.89999389648438,214.89999389648438,214.89999389648438,214.89999389648438,35075,0.0,0.0
2021-05-19,214.89999389648438,214.89999389648438,214.89999389648438,214.89999389648438,214.89999389648438,29019,0.0,0.0
2021-05-20,209.89999389648438,209.89999389648438,200.5,209.89999389648438,209.89999389648438,348693,0.0,0.0
2021-05-21,209.89999389648438,209.89999389648438,209.89999389648438,209.89999389648438,209.89999389648438,9973,0.0,0.0
2021-05-24,202.0,202.0,202.0,202.0,202.0,368743,0.0,0.0
2021-05-25,200.0,200.0,200.0,200.0,200.0,184027,0.0,0.0
2021-05-26,200.0,200.0,200.0,200.0,200.0,184027,0.0,0.0
2021-05-27,208.0,208.0,203.0,208.0,208.0,3423062,0.0,0.0
2021-05-28,208.0,208.0,197.0,208.0,208.0,481703,0.0,0.0
2021-05-31,208.0,208.0,208.0,208.0,208.0,22387,0.0,0.0
2021-06-01,210.89999389648438,210.89999389648438,210.89999389648438,210.89999389648438,210.89999389648438,59251,0.0,0.0
2021-06-02,213.0,213.0,211.0,213.0,213.0,257936,0.0,0.0
2021-06-03,213.0,213.0,213.0,213.0,213.0,18763,0.0,0.0
2021-06-04,213.0,213.0,213.0,213.0,213.0,8438,0.0,0.0
2021-06-07,213.0,213.0,213.0,213.0,213.0,0,0.0,0.0
2021-06-08,213.0,213.0,213.0,213.0,213.0,637,0.0,0.0
2021-06-09,212.8000030517578,212.8000030517578,202.3000030517578,212.8000030517578,212.8000030517578,111193,0.0,0.0
2021-06-10,203.0,203.0,203.0,203.0,203.0,137731,0.0,0.0
2021-06-11,206.0,206.0,206.0,206.0,206.0,130177,0.0,0.0
2021-06-14,206.0,206.0,206.0,206.0,206.0,0,0.0,0.0
2021-06-15,205.0,208.0,205.0,205.0,205.0,173843,0.0,0.0
2021-06-16,203.10000610351562,203.10000610351562,203.10000610351562,203.10000610351562,203.10000610351562,59321,0.0,0.0
2021-06-17,203.10000610351562,203.10000610351562,203.10000610351562,203.10000610351562,203.10000610351562,320,0.0,0.0
2021-06-18,200.0,200.0,200.0,200.0,200.0,127996,0.0,0.0
2021-06-21,201.0,201.0,201.0,201.0,201.0,173640,0.0,0.0
2021-06-22,201.0,201.0,201.0,201.0,201.0,79181,0.0,0.0
2021-06-23,201.0,201.0,201.0,201.0,201.0,2000,0.0,0.0
2021-06-24,201.0,201.0,201.0,201.0,201.0,284843,0.0,0.0
2021-06-25,209.1999969482422,209.89999389648438,203.0,209.1999969482422,209.1999969482422,293071,0.0,0.0
2021-06-28,208.10000610351562,208.10000610351562,208.10000610351562,208.10000610351562,208.10000610351562,52783,0.0,0.0
2021-06-29,208.10000610351562,208.10000610351562,208.10000610351562,208.10000610351562,208.10000610351562,33698,0.0,0.0
2021-06-30,208.89999389648438,208.89999389648438,199.89999389648438,208.89999389648438,208.89999389648438,279090,0.0,0.0
2021-07-01,208.89999389648438,208.89999389648438,208.89999389648438,208.89999389648438,208.89999389648438,90374,0.0,0.0
2021-07-02,207.0,207.0,201.0,207.0,207.0,128239,0.0,0.0
2021-07-05,207.0,207.0,207.0,207.0,207.0,0,0.0,0.0
2021-07-06,207.0,207.0,207.0,207.0,207.0,67631,0.0,0.0
2021-07-07,207.0,207.0,207.0,207.0,207.0,22938,0.0,0.0
2021-07-08,203.0,203.0,200.10000610351562,203.0,203.0,888478,0.0,0.0
2021-07-09,200.0,203.0,200.0,200.0,200.0,260928,0.0,0.0
2021-07-12,200.0,200.0,200.0,200.0,200.0,0,0.0,0.0
2021-07-13,200.5,200.5,200.5,200.5,200.5,24654,0.0,0.0
2021-07-14,200.5,200.5,200.5,200.5,200.5,57817,0.0,0.0
2021-07-15,200.0,200.0,199.0,200.0,200.0,434992,0.0,0.0
2021-07-16,196.10000610351562,200.0,196.10000610351562,196.10000610351562,196.10000610351562,167244,0.0,0.0
2021-07-19,196.10000610351562,196.10000610351562,196.10000610351562,196.10000610351562,196.10000610351562,25807,0.0,0.0
2021-07-20,196.10000610351562,196.10000610351562,196.10000610351562,196.10000610351562,196.10000610351562,0,0.0,0.0
2021-07-21,196.10000610351562,196.10000610351562,196.10000610351562,196.10000610351562,196.10000610351562,17334,0.0,0.0
2021-07-22,199.89999389648438,199.89999389648438,199.89999389648438,199.89999389648438,199.89999389648438,38872,0.0,0.0
2021-07-23,199.89999389648438,199.89999389648438,199.89999389648438,199.89999389648438,199.89999389648438,59796,0.0,0.0
2021-07-26,196.0,196.0,196.0,196.0,196.0,215192,0.0,0.0
2021-07-27,196.0,196.0,196.0,196.0,196.0,8493,0.0,0.0
2021-07-28,194.5,194.5,194.5,194.5,194.5,134528,0.0,0.0
2021-07-29,194.89999389648438,194.89999389648438,193.0,194.89999389648438,194.89999389648438,216936,0.0,0.0
2021-07-30,194.0,194.0,193.0,194.0,194.0,352011,0.0,0.0
2021-08-02,194.0,194.0,194.0,194.0,194.0,6904,0.0,0.0
2021-08-03,194.0,194.0,194.0,194.0,194.0,24878,0.0,0.0
2021-08-04,197.0,197.0,185.89999389648438,197.0,197.0,157631,0.0,0.0
2021-08-05,197.0,197.0,197.0,197.0,197.0,22307,0.0,0.0
2021-08-06,197.0,197.0,197.0,197.0,197.0,5043,0.0,0.0
2021-08-09,197.0,197.0,197.0,197.0,197.0,3398,0.0,0.0
2021-08-10,197.0,197.0,197.0,197.0,197.0,713,0.0,0.0
2021-08-11,193.89999389648438,193.89999389648438,180.6999969482422,193.89999389648438,193.89999389648438,191055,0.0,0.0
2021-08-12,193.89999389648438,193.89999389648438,193.89999389648438,193.89999389648438,193.89999389648438,11136,0.0,0.0
2021-08-13,200.0,200.0,196.8000030517578,200.0,200.0,507760,0.0,0.0
2021-08-16,200.0,200.0,200.0,200.0,200.0,0,0.0,0.0
2021-08-17,200.0,200.0,200.0,200.0,200.0,137832,0.0,0.0
2021-08-18,196.5,200.0,196.5,196.5,196.5,478329,0.0,0.0
2021-08-19,196.5,196.5,196.5,196.5,196.5,113177,0.0,0.0
2021-08-20,196.5,196.5,196.5,196.5,196.5,18213,0.0,0.0
2021-08-23,199.0,199.0,199.0,199.0,199.0,157420,0.0,0.0
2021-08-24,199.60000610351562,199.8000030517578,190.10000610351562,199.60000610351562,199.60000610351562,489759,0.0,0.0
2021-08-25,203.8000030517578,204.0,195.39999389648438,203.8000030517578,203.8000030517578,349034,0.0,0.0
2021-08-26,203.5,204.89999389648438,203.5,203.5,203.5,823216,0.0,0.0
2021-08-27,203.5,203.5,203.5,203.5,203.5,79754,0.0,0.0
2021-08-30,203.5,203.5,203.5,203.5,203.5,15123,0.0,0.0
2021-08-31,202.0,202.0,202.0,202.0,202.0,249637,0.0,0.0
2021-09-01,202.0,202.0,202.0,202.0,202.0,133869,0.0,0.0
2021-09-02,202.10000610351562,202.10000610351562,202.10000610351562,202.10000610351562,202.10000610351562,56250,0.0,0.0
2021-09-03,202.10000610351562,202.10000610351562,202.10000610351562,202.10000610351562,202.10000610351562,26264,0.0,0.0
2021-09-06,202.10000610351562,202.10000610351562,202.10000610351562,202.10000610351562,202.10000610351562,67448,0.0,0.0
2021-09-07,200.0,200.0,193.0,200.0,200.0,436962,0.0,0.0
2021-09-08,199.89999389648438,199.89999389648438,199.89999389648438,199.89999389648438,199.89999389648438,90485,0.0,0.0
2021-09-09,199.89999389648438,199.89999389648438,199.89999389648438,199.89999389648438,199.89999389648438,101768,0.0,0.0
2021-09-10,200.0,200.0,200.0,200.0,200.0,101358,0.0,0.0
2021-09-13,200.0,200.0,199.0,200.0,200.0,430063,0.0,0.0
2021-09-14,195.0,195.0,195.0,195.0,195.0,201688,0.0,0.0
2021-09-15,195.0,195.0,195.0,195.0,195.0,114307,0.0,0.0
2021-09-16,199.89999389648438,199.89999389648438,192.0,199.89999389648438,199.89999389648438,398745,0.0,0.0
2021-09-17,199.89999389648438,199.89999389648438,199.89999389648438,199.89999389648438,199.89999389648438,27380,0.0,0.0
2021-09-20,199.89999389648438,199.89999389648438,199.89999389648438,199.89999389648438,199.89999389648438,58692,0.0,0.0
2021-09-21,194.0,194.0,194.0,194.0,194.0,88854,0.0,0.0
2021-09-22,199.60000610351562,199.60000610351562,197.89999389648438,199.60000610351562,199.60000610351562,266966,0.0,0.0
2021-09-23,198.8000030517578,198.8000030517578,192.3000030517578,198.8000030517578,198.8000030517578,160584,0.0,0.0
2021-09-24,197.89999389648438,197.89999389648438,193.1999969482422,197.89999389648438,197.89999389648438,133425,0.0,0.0
2021-09-27,197.8000030517578,197.8000030517578,195.0,197.8000030517578,197.8000030517578,647283,0.0,0.0
2021-09-28,197.8000030517578,197.8000030517578,197.8000030517578,197.8000030517578,197.8000030517578,116071,0.0,0.0
2021-09-29,197.8000030517578,197.8000030517578,197.8000030517578,197.8000030517578,197.8000030517578,59495,0.0,0.0
2021-09-30,200.0,200.0,193.3000030517578,200.0,200.0,1932074,0.0,0.0
2021-10-01,200.0,200.0,200.0,200.0,200.0,27425,0.0,0.0
2021-10-04,195.0,199.89999389648438,195.0,195.0,195.0,920451,0.0,0.0
2021-10-05,195.0,197.0,195.0,195.0,195.0,343531,0.0,0.0
2021-10-06,198.89999389648438,198.89999389648438,198.89999389648438,198.89999389648438,198.89999389648438,146937,0.0,0.0
2021-10-07,198.89999389648438,198.89999389648438,195.0,198.89999389648438,198.89999389648438,448426,0.0,0.0
2021-10-08,198.89999389648438,198.89999389648438,198.89999389648438,198.89999389648438,198.89999389648438,4729,0.0,0.0
2021-10-11,198.0,198.0,196.0,198.0,198.0,571024,0.0,0.0
2021-10-12,197.89999389648438,197.89999389648438,195.0,197.89999389648438,197.89999389648438,293056,0.0,0.0
2021-10-13,194.0,197.0,194.0,194.0,194.0,243636,0.0,0.0
2021-10-14,200.0,200.0,197.89999389648438,200.0,200.0,533973,0.0,0.0
2021-10-15,199.8000030517578,199.8000030517578,195.3000030517578,199.8000030517578,199.8000030517578,405916,0.0,0.0
2021-10-18,199.8000030517578,199.8000030517578,199.8000030517578,199.8000030517578,199.8000030517578,0,0.0,0.0
2021-10-19,195.1999969482422,198.0,195.1999969482422,195.1999969482422,195.1999969482422,225750,0.0,0.0
2021-10-20,198.0,198.0,197.8000030517578,198.0,198.0,784592,0.0,0.0
2021-10-21,199.6999969482422,199.6999969482422,198.0,199.6999969482422,199.6999969482422,360677,0.0,0.0
2021-10-22,198.89999389648438,198.89999389648438,195.10000610351562,198.89999389648438,198.89999389648438,411396,0.0,0.0
2021-10-25,197.89999389648438,197.89999389648438,197.89999389648438,197.89999389648438,197.89999389648438,81778,0.0,0.0
2021-10-26,197.89999389648438,197.89999389648438,197.89999389648438,197.89999389648438,197.89999389648438,7803,0.0,0.0
2021-10-27,201.8000030517578,201.8000030517578,201.8000030517578,201.8000030517578,201.8000030517578,177105,0.0,0.0
2021-10-28,201.8000030517578,201.8000030517578,195.0,201.8000030517578,201.8000030517578,966566,0.0,0.0
2021-10-29,201.0,201.0,198.0,201.0,201.0,268472,0.0,0.0
2021-11-01,201.0,201.0,201.0,201.0,201.0,0,0.0,0.0
2021-11-02,201.0,201.0,201.0,201.0,201.0,147696,0.0,0.0
2021-11-03,201.0,201.0,201.0,201.0,201.0,21326,0.0,0.0
2021-11-04,201.0,201.0,201.0,201.0,201.0,62724,0.0,0.0
2021-11-05,201.0,201.0,201.0,201.0,201.0,80381,0.0,0.0
2021-11-08,201.0,201.0,201.0,201.0,201.0,29230,0.0,0.0
2021-11-09,201.0,201.0,196.0,201.0,201.0,313804,0.0,0.0
2021-11-10,201.0,201.0,201.0,201.0,201.0,19137,0.0,0.0
2021-11-11,199.0,199.0,199.0,199.0,199.0,55147,0.0,0.0
2021-11-12,197.89999389648438,197.89999389648438,192.10000610351562,197.89999389648438,197.89999389648438,276230,0.0,0.0
2021-11-15,197.89999389648438,197.89999389648438,197.89999389648438,197.89999389648438,197.89999389648438,0,0.0,0.0
2021-11-16,197.89999389648438,197.89999389648438,197.89999389648438,197.89999389648438,197.89999389648438,77189,0.0,0.0
2021-11-17,197.89999389648438,197.89999389648438,197.89999389648438,197.89999389648438,197.89999389648438,114704,0.0,0.0
2021-11-18,197.89999389648438,197.89999389648438,197.89999389648438,197.89999389648438,197.89999389648438,114704,0.0,0.0
2021-11-19,197.89999389648438,197.89999389648438,197.89999389648438,197.89999389648438,197.89999389648438,73967,0.0,0.0
2021-11-22,197.89999389648438,197.89999389648438,197.89999389648438,197.89999389648438,197.89999389648438,22958,0.0,0.0
2021-11-23,194.10000610351562,194.10000610351562,194.10000610351562,194.10000610351562,194.10000610351562,60648,0.0,0.0
2021-11-24,196.0,196.0,192.0,196.0,196.0,300781,0.0,0.0
2021-11-25,192.10000610351562,192.10000610351562,192.10000610351562,192.10000610351562,192.10000610351562,136757,0.0,0.0
2021-11-26,192.5,192.5,192.5,192.5,192.5,131776,0.0,0.0
2021-11-29,195.0,195.89999389648438,189.5,195.0,195.0,395392,0.0,0.0
2021-11-30,194.8000030517578,194.8000030517578,190.0,194.8000030517578,194.8000030517578,225107,0.0,0.0
2021-12-01,192.0,192.0,191.0,192.0,192.0,98686,0.0,0.0
2021-12-02,192.0,192.0,192.0,192.0,192.0,138623,0.0,0.0
2021-12-03,190.10000610351562,190.10000610351562,190.10000610351562,190.10000610351562,190.10000610351562,157831,0.0,0.0
2021-12-06,191.0,191.0,191.0,191.0,191.0,146212,0.0,0.0
2021-12-07,192.0,193.89999389648438,185.0,192.0,192.0,1079342,0.0,0.0
2021-12-08,192.0,192.0,192.0,192.0,192.0,0,0.0,0.0
2021-12-09,191.0,191.0,191.0,191.0,191.0,317932,0.0,0.0
2021-12-10,186.10000610351562,186.10000610351562,186.10000610351562,186.10000610351562,186.10000610351562,161963,0.0,0.0
2021-12-13,186.5,186.5,186.5,186.5,186.5,110590,0.0,0.0
2021-12-14,186.5,186.5,186.5,186.5,186.5,10092,0.0,0.0
2021-12-15,185.0,186.5,185.0,185.0,185.0,180371,0.0,0.0
2021-12-16,190.0,190.0,186.0,190.0,190.0,745250,0.0,0.0
2021-12-17,190.0,190.0,190.0,190.0,190.0,244920,0.0,0.0
2021-12-20,190.0,190.0,190.0,190.0,190.0,11768,0.0,0.0
2021-12-21,190.0,193.0,190.0,190.0,190.0,202808,0.0,0.0
2021-12-22,190.0,190.0,190.0,190.0,190.0,1945,0.0,0.0
2021-12-23,190.0,190.0,190.0,190.0,190.0,6147,0.0,0.0
2021-12-24,190.0,190.0,190.0,190.0,190.0,4585,0.0,0.0
2021-12-27,190.0,190.0,190.0,190.0,190.0,15799,0.0,0.0
2021-12-28,190.0,190.0,188.0,190.0,190.0,226206,0.0,0.0
2021-12-29,190.0,190.0,190.0,190.0,190.0,26327,0.0,0.0
2021-12-30,190.0,190.0,190.0,190.0,190.0,10219,0.0,0.0
2021-12-31,190.0,190.0,190.0,190.0,190.0,0,0.0,0.0
2022-01-03,194.8000030517578,194.8000030517578,194.6999969482422,194.8000030517578,194.8000030517578,192985,0.0,0.0
2022-01-04,195.89999389648438,195.89999389648438,195.0,195.89999389648438,195.89999389648438,235688,0.0,0.0
2022-01-05,195.89999389648438,195.89999389648438,195.89999389648438,195.89999389648438,195.89999389648438,75826,0.0,0.0
2022-01-06,190.0,194.0,190.0,190.0,190.0,405019,0.0,0.0
2022-01-07,190.0,190.0,190.0,190.0,190.0,235911,0.0,0.0
2022-01-10,190.0,190.0,190.0,190.0,190.0,0,0.0,0.0
2022-01-11,190.0,190.0,190.0,190.0,190.0,19198,0.0,0.0
2022-01-12,188.0,188.0,188.0,188.0,188.0,58396,0.0,0.0
2022-01-13,188.0,188.0,187.0,188.0,188.0,207966,0.0,0.0
2022-01-14,188.0,188.0,188.0,188.0,188.0,104614,0.0,0.0
2022-01-17,188.0,188.0,188.0,188.0,188.0,0,0.0,0.0
2022-01-18,188.0,188.0,188.0,188.0,188.0,0,0.0,0.0
2022-01-19,188.0,188.0,188.0,188.0,188.0,0,0.0,0.0
2022-01-20,190.0,190.0,188.0,190.0,190.0,241741,0.0,0.0
2022-01-21,192.0,192.0,186.0,192.0,192.0,1102726,0.0,0.0
2022-01-24,187.0,189.0,187.0,187.0,187.0,292839,0.0,0.0
2022-01-25,187.0,187.0,187.0,187.0,187.0,49052,0.0,0.0
2022-01-26,187.0,188.0,187.0,187.0,187.0,393880,0.0,0.0
2022-01-27,189.89999389648438,189.89999389648438,186.0,189.89999389648438,189.89999389648438,293862,0.0,0.0
2022-01-28,190.0,190.0,187.0,190.0,190.0,226895,0.0,0.0
2022-01-31,189.89999389648438,190.0,187.10000610351562,189.89999389648438,189.89999389648438,282554,0.0,0.0
2022-02-01,187.0,188.0,187.0,187.0,187.0,340848,0.0,0.0
2022-02-02,186.0,187.0,186.0,186.0,186.0,364197,0.0,0.0
2022-02-03,186.0,186.0,186.0,186.0,186.0,40223,0.0,0.0
2022-02-04,183.10000610351562,185.10000610351562,183.10000610351562,183.10000610351562,183.10000610351562,433721,0.0,0.0
2022-02-07,183.10000610351562,183.10000610351562,183.10000610351562,183.10000610351562,183.10000610351562,58374,0.0,0.0
2022-02-08,188.0,188.0,183.10000610351562,188.0,188.0,322532,0.0,0.0
2022-02-09,187.39999389648438,187.39999389648438,180.0,187.39999389648438,187.39999389648438,518273,0.0,0.0
2022-02-10,187.39999389648438,187.39999389648438,187.39999389648438,187.39999389648438,187.39999389648438,79805,0.0,0.0
2022-02-11,187.39999389648438,187.39999389648438,187.39999389648438,187.39999389648438,187.39999389648438,49824,0.0,0.0
2022-02-14,188.0,188.0,188.0,188.0,188.0,213236,0.0,0.0
2022-02-15,180.60000610351562,182.10000610351562,180.5,180.60000610351562,180.60000610351562,576804,0.0,0.0
2022-02-16,184.5,184.5,184.5,184.5,184.5,247542,0.0,0.0
2022-02-17,184.0,184.0,181.1999969482422,184.0,184.0,336936,0.0,0.0
2022-02-18,182.0,183.0,181.0,182.0,182.0,224311,0.0,0.0
2022-02-21,182.0,182.0,182.0,182.0,182.0,11894,0.0,0.0
2022-02-22,182.0,182.0,182.0,182.0,182.0,137158,0.0,0.0
2022-02-23,182.0,182.0,182.0,182.0,182.0,26178,0.0,0.0
2022-02-24,182.0,182.0,182.0,182.0,182.0,127601,0.0,0.0
2022-02-25,182.0,182.0,182.0,182.0,182.0,22994,0.0,0.0
2022-02-28,180.0,180.0,180.0,180.0,180.0,141285,0.0,0.0
2022-03-01,182.3000030517578,182.3000030517578,182.3000030517578,182.3000030517578,182.3000030517578,123035,0.0,0.0
2022-03-02,182.3000030517578,182.3000030517578,182.3000030517578,182.3000030517578,182.3000030517578,89235,0.0,0.0
2022-03-03,192.0,192.0,180.0,192.0,192.0,2489232,0.0,0.0
2022-03-04,192.0,192.0,192.0,192.0,192.0,20226,0.0,0.0
2022-03-07,192.0,192.0,192.0,192.0,192.0,49987,0.0,0.0
2022-03-08,192.0,192.0,192.0,192.0,192.0,247503,0.0,0.0
2022-03-09,191.0,191.0,180.0,191.0,191.0,855155,0.0,0.0
2022-03-10,182.0,182.0,182.0,182.0,182.0,17187786,0.0,0.0
2022-03-11,182.0,182.0,182.0,182.0,182.0,94016,0.0,0.0
2022-03-14,187.5,188.10000610351562,187.5,187.5,187.5,297662,0.0,0.0
2022-03-15,187.5,187.5,187.5,187.5,187.5,100701,0.0,0.0
2022-03-16,181.0,182.1999969482422,181.0,181.0,181.0,1229833,0.0,0.0
2022-03-17,181.0,181.0,181.0,181.0,181.0,4975,0.0,0.0
2022-03-18,182.1999969482422,187.0,180.0,182.1999969482422,182.1999969482422,1149438,0.0,0.0
2022-03-21,182.1999969482422,182.1999969482422,182.1999969482422,182.1999969482422,182.1999969482422,0,0.0,0.0
2022-03-22,182.1999969482422,182.1999969482422,182.1999969482422,182.1999969482422,182.1999969482422,24952,0.0,0.0
2022-03-23,182.1999969482422,182.1999969482422,182.1999969482422,182.1999969482422,182.1999969482422,9093,0.0,0.0
2022-03-24,182.1999969482422,182.1999969482422,182.1999969482422,182.1999969482422,182.1999969482422,77497,0.0,0.0
2022-03-25,182.0,182.10000610351562,182.0,182.0,182.0,210682,0.0,0.0
2022-03-28,182.0,182.0,182.0,182.0,182.0,43435,0.0,0.0
2022-03-29,182.0,182.0,182.0,182.0,182.0,302036,0.0,0.0
2022-03-30,182.0,182.0,182.0,182.0,182.0,302036,0.0,0.0
2022-03-31,181.0,181.0,181.0,181.0,181.0,100741,0.0,0.0
2022-04-01,184.89999389648438,184.89999389648438,184.0,184.89999389648438,184.89999389648438,138644,0.0,0.0
2022-04-04,184.89999389648438,184.89999389648438,184.89999389648438,184.89999389648438,184.89999389648438,0,0.0,0.0
2022-04-05,184.89999389648438,184.89999389648438,184.89999389648438,184.89999389648438,184.89999389648438,101080,0.0,0.0
2022-04-06,184.60000610351562,184.60000610351562,177.0,184.60000610351562,184.60000610351562,399521,0.0,0.0
2022-04-07,184.60000610351562,184.60000610351562,184.60000610351562,184.60000610351562,184.60000610351562,137055,0.0,0.0
2022-04-08,184.60000610351562,184.60000610351562,184.60000610351562,184.60000610351562,184.60000610351562,61626,0.0,0.0
2022-04-11,184.60000610351562,184.60000610351562,184.60000610351562,184.60000610351562,184.60000610351562,6059,0.0,0.0
2022-04-12,182.89999389648438,182.89999389648438,182.89999389648438,182.89999389648438,182.89999389648438,123099,0.0,0.0
2022-04-13,182.89999389648438,182.89999389648438,182.89999389648438,182.89999389648438,182.89999389648438,11713,0.0,0.0
2022-04-14,182.89999389648438,182.89999389648438,182.89999389648438,182.89999389648438,182.89999389648438,0,0.0,0.0
2022-04-15,182.89999389648438,182.89999389648438,182.89999389648438,182.89999389648438,182.89999389648438,0,0.0,0.0
2022-04-18,180.0,180.0,180.0,180.0,180.0,465934,0.0,0.0
2022-04-19,180.0,180.0,180.0,180.0,180.0,794199,0.0,0.0
2022-04-20,180.0,180.0,180.0,180.0,180.0,27050,0.0,0.0
2022-04-21,180.0,180.0,180.0,180.0,180.0,47051,0.0,0.0
2022-04-22,180.0,180.0,180.0,180.0,180.0,251438,0.0,0.0
2022-04-25,180.0,180.0,180.0,180.0,180.0,241911,0.0,0.0
2022-04-26,177.0,177.0,177.0,177.0,177.0,136424,0.0,0.0
2022-04-27,177.0,177.0,177.0,177.0,177.0,82636,0.0,0.0
2022-04-28,177.0,177.0,177.0,177.0,177.0,38561,0.0,0.0
2022-04-29,177.0,177.0,177.0,177.0,177.0,38561,0.0,0.0
2022-05-02,175.0,175.0,175.0,175.0,175.0,95668,0.0,0.0
2022-05-03,175.0,175.0,175.0,175.0,175.0,50888,0.0,0.0
2022-05-04,175.0,175.0,175.0,175.0,175.0,20693,0.0,0.0
2022-05-05,175.0,175.0,175.0,175.0,175.0,8115,0.0,0.0
2022-05-06,175.0,175.0,175.0,175.0,175.0,46274,0.0,0.0
2022-05-09,170.0,174.0,170.0,170.0,170.0,381139,0.0,0.0
2022-05-10,160.0,162.0,160.0,160.0,160.0,350498,0.0,0.0
2022-05-11,165.0,165.0,158.0,165.0,165.0,293571,0.0,0.0
2022-05-12,170.0,170.0,169.0,170.0,170.0,299933,0.0,0.0
2022-05-13,171.0,171.0,171.0,171.0,171.0,84825,0.0,0.0
2022-05-16,175.0,175.0,175.0,175.0,175.0,71965,0.0,0.0
2022-05-17,180.0,180.0,180.0,180.0,180.0,172205,0.0,0.0
2022-05-18,169.0,171.0,169.0,169.0,169.0,1278827,0.0,0.0
2022-05-19,169.0,169.0,169.0,169.0,169.0,24301,0.0,0.0
2022-05-20,159.1999969482422,159.1999969482422,159.1999969482422,159.1999969482422,159.1999969482422,195844,0.0,0.0
2022-05-23,159.3000030517578,162.0,159.3000030517578,159.3000030517578,159.3000030517578,528917,0.0,0.0
2022-05-24,165.0,165.89999389648438,151.0,165.0,165.0,667849,0.0,0.0
2022-05-25,165.0,165.0,165.0,165.0,165.0,31843,0.0,0.0
2022-05-26,161.10000610351562,161.10000610351562,161.10000610351562,161.10000610351562,161.10000610351562,100840,0.0,0.0
2022-05-27,162.0,163.0,162.0,162.0,162.0,248028,0.0,0.0
2022-05-30,162.0,162.0,162.0,162.0,162.0,0,0.0,0.0
2022-05-31,152.5,168.0,152.5,152.5,152.5,2149654,0.0,0.0
2022-06-01,161.0,161.0,155.0,161.0,161.0,932513,0.0,0.0
2022-06-02,163.8000030517578,163.8000030517578,163.8000030517578,163.8000030517578,163.8000030517578,212970,0.0,0.0
2022-06-03,165.0,165.0,163.89999389648438,165.0,165.0,853537,0.0,0.0
2022-06-06,165.0,165.0,165.0,165.0,165.0,18632,0.0,0.0
2022-06-07,165.0,165.0,161.0,165.0,165.0,449910,0.0,0.0
2022-06-08,165.0,165.0,165.0,165.0,165.0,13648,0.0,0.0
2022-06-09,165.0,165.0,165.0,165.0,165.0,84823,0.0,0.0
2022-06-10,165.0,165.0,165.0,165.0,165.0,39543,0.0,0.0
2022-06-13,156.0,156.5,156.0,156.0,156.0,285343,0.0,0.0
2022-06-14,160.0,160.0,160.0,160.0,160.0,1031329,0.0,0.0
2022-06-15,156.0,156.0,155.0,156.0,156.0,242550,0.0,0.0
2022-06-16,156.0,156.0,156.0,156.0,156.0,42940,0.0,0.0
2022-06-17,155.0,159.89999389648438,155.0,155.0,155.0,368660,0.0,0.0
2022-06-20,155.0,155.0,155.0,155.0,155.0,0,0.0,0.0
2022-06-21,155.0,155.0,150.0,155.0,155.0,668035,0.0,0.0
2022-06-22,158.5,158.5,155.0,158.5,158.5,217121,0.0,0.0
2022-06-23,158.0,158.0,147.0,158.0,158.0,811647,0.0,0.0
2022-06-24,157.89999389648438,157.89999389648438,148.5,157.89999389648438,157.89999389648438,182891,0.0,0.0
2022-06-27,157.89999389648438,157.89999389648438,157.89999389648438,157.89999389648438,157.89999389648438,0,0.0,0.0
2022-06-28,157.89999389648438,157.89999389648438,157.89999389648438,157.89999389648438,157.89999389648438,0,0.0,0.0
2022-06-29,157.89999389648438,157.89999389648438,157.89999389648438,157.89999389648438,157.89999389648438,0,0.0,0.0
2022-06-30,170.0,170.0,170.0,170.0,170.0,19775,0.0,0.0
2022-07-01,170.0,170.0,170.0,170.0,170.0,44815,0.0,0.0
2022-07-04,170.0,170.0,170.0,170.0,170.0,0,0.0,0.0
2022-07-05,170.0,170.0,170.0,170.0,170.0,6704,0.0,0.0
2022-07-06,170.0,170.0,170.0,170.0,170.0,6704,0.0,0.0
2022-07-07,170.0,170.0,170.0,170.0,170.0,53031,0.0,0.0
2022-07-08,159.0,159.0,154.5,159.0,159.0,412111,0.0,0.0
2022-07-11,159.0,159.0,159.0,159.0,159.0,186737,0.0,0.0
2022-07-12,159.0,159.0,159.0,159.0,159.0,48307,0.0,0.0
2022-07-13,159.0,159.0,159.0,159.0,159.0,2317,0.0,0.0
2022-07-14,159.0,159.0,159.0,159.0,159.0,43118,0.0,0.0
2022-07-15,159.0,159.0,159.0,159.0,159.0,20377,0.0,0.0
2022-07-18,156.0,156.0,147.0,156.0,156.0,325412,0.0,0.0
2022-07-19,153.0,153.0,153.0,153.0,153.0,186483,0.0,0.0
2022-07-20,153.0,153.0,153.0,153.0,153.0,0,0.0,0.0
2022-07-21,145.3000030517578,145.3000030517578,145.3000030517578,145.3000030517578,145.3000030517578,121924,0.0,0.0
2022-07-22,145.3000030517578,145.3000030517578,145.3000030517578,145.3000030517578,145.3000030517578,39318,0.0,0.0
2022-07-25,154.89999389648438,154.89999389648438,153.5,154.89999389648438,154.89999389648438,266816,0.0,0.0
2022-07-26,161.0,161.0,158.0,161.0,161.0,610560,0.0,0.0
2022-07-27,169.0,169.0,169.0,169.0,169.0,129422,0.0,0.0
2022-07-28,169.0,169.0,169.0,169.0,169.0,56964,0.0,0.0
2022-07-29,169.0,169.0,169.0,169.0,169.0,15128,0.0,0.0
2022-08-01,169.0,169.0,169.0,169.0,169.0,51622,0.0,0.0
2022-08-02,169.0,169.0,169.0,169.0,169.0,1684,0.0,0.0
2022-08-03,169.0,169.0,169.0,169.0,169.0,20192,0.0,0.0
2022-08-04,169.0,169.0,169.0,169.0,169.0,12919,0.0,0.0
2022-08-05,169.0,169.0,169.0,169.0,169.0,3447,0.0,0.0
2022-08-08,169.0,169.0,169.0,169.0,169.0,42363,0.0,0.0
2022-08-09,169.0,169.0,169.0,169.0,169.0,616,0.0,0.0
2022-08-10,169.0,169.0,169.0,169.0,169.0,13300,0.0,0.0
2022-08-11,169.0,169.0,169.0,169.0,169.0,37453,0.0,0.0
2022-08-12,169.0,169.0,169.0,169.0,169.0,15171,0.0,0.0
2022-08-15,169.0,169.0,169.0,169.0,169.0,0,0.0,0.0
2022-08-16,169.0,169.0,169.0,169.0,169.0,0,0.0,0.0
2022-08-17,169.0,169.0,169.0,169.0,169.0,37574,0.0,0.0
2022-08-18,169.0,169.0,169.0,169.0,169.0,13944,0.0,0.0
2022-08-19,159.0,159.0,152.5,159.0,159.0,169810,0.0,0.0
2022-08-22,159.0,159.0,159.0,159.0,159.0,67667,0.0,0.0
2022-08-23,159.0,159.0,159.0,159.0,159.0,23367,0.0,0.0
2022-08-24,159.0,159.0,159.0,159.0,159.0,29133,0.0,0.0
2022-08-25,159.0,159.0,159.0,159.0,159.0,46864,0.0,0.0
2022-08-26,159.0,159.0,159.0,159.0,159.0,18482,0.0,0.0
2022-08-29,151.0,151.0,151.0,151.0,151.0,70329,0.0,0.0
2022-08-30,151.0,151.0,151.0,151.0,151.0,62992,0.0,0.0
2022-08-31,148.10000610351562,148.10000610351562,148.10000610351562,148.10000610351562,148.10000610351562,120061,0.0,0.0
2022-09-01,148.10000610351562,148.10000610351562,148.10000610351562,148.10000610351562,148.10000610351562,49298,0.0,0.0
2022-09-02,140.10000610351562,140.10000610351562,140.10000610351562,140.10000610351562,140.10000610351562,170002,0.0,0.0
2022-09-05,140.3000030517578,140.3000030517578,140.3000030517578,140.3000030517578,140.3000030517578,182771,0.0,0.0
2022-09-06,140.3000030517578,140.3000030517578,140.3000030517578,140.3000030517578,140.3000030517578,20580,0.0,0.0
2022-09-07,140.3000030517578,140.3000030517578,140.3000030517578,140.3000030517578,140.3000030517578,81542,0.0,0.0
2022-09-08,140.3000030517578,140.3000030517578,140.3000030517578,140.3000030517578,140.3000030517578,15510,0.0,0.0
2022-09-09,140.3000030517578,140.3000030517578,140.3000030517578,140.3000030517578,140.3000030517578,22773,0.0,0.0
2022-09-12,140.3000030517578,140.3000030517578,140.3000030517578,140.3000030517578,140.3000030517578,70746,0.0,0.0
2022-09-13,140.3000030517578,140.3000030517578,140.3000030517578,140.3000030517578,140.3000030517578,65140,0.0,0.0
2022-09-14,140.3000030517578,140.3000030517578,140.3000030517578,140.3000030517578,140.3000030517578,20658,0.0,0.0
2022-09-15,140.3000030517578,140.3000030517578,140.3000030517578,140.3000030517578,140.3000030517578,4472,0.0,0.0
2022-09-16,140.3000030517578,140.3000030517578,140.3000030517578,140.3000030517578,140.3000030517578,100000,0.0,0.0
2022-09-19,140.3000030517578,140.3000030517578,140.3000030517578,140.3000030517578,140.3000030517578,6182,0.0,0.0
2022-09-20,140.3000030517578,140.3000030517578,140.3000030517578,140.3000030517578,140.3000030517578,39130,0.0,0.0
2022-09-21,140.3000030517578,140.3000030517578,140.3000030517578,140.3000030517578,140.3000030517578,330,0.0,0.0
2022-09-22,140.0,140.0,140.0,140.0,140.0,167412,0.0,0.0
2022-09-23,140.0,140.0,140.0,140.0,140.0,33649,0.0,0.0
2022-09-26,135.0,135.0,135.0,135.0,135.0,51923,0.0,0.0
2022-09-27,135.0,135.0,135.0,135.0,135.0,25664,0.0,0.0
2022-09-28,135.0,135.0,135.0,135.0,135.0,29511,0.0,0.0
2022-09-29,135.0,135.0,135.0,135.0,135.0,117262,0.0,0.0
2022-09-30,144.0,144.0,144.0,144.0,144.0,393464,0.0,0.0
2022-10-03,144.0,144.0,144.0,144.0,144.0,13798,0.0,0.0
2022-10-04,144.0,144.0,144.0,144.0,144.0,1236,0.0,0.0
2022-10-05,144.0,144.0,144.0,144.0,144.0,44171,0.0,0.0
2022-10-06,144.0,144.0,144.0,144.0,144.0,175239,0.0,0.0
2022-10-07,144.0,144.0,144.0,144.0,144.0,2476,0.0,0.0
2022-10-10,144.0,144.0,144.0,144.0,144.0,15812,0.0,0.0
2022-10-11,144.0,144.0,144.0,144.0,144.0,1341,0.0,0.0
2022-10-12,144.0,144.0,144.0,144.0,144.0,743,0.0,0.0
2022-10-13,144.0,144.0,144.0,144.0,144.0,11662,0.0,0.0
2022-10-14,144.0,144.0,144.0,144.0,144.0,3322,0.0,0.0
2022-10-17,144.0,144.0,144.0,144.0,144.0,0,0.0,0.0
2022-10-18,123.0999984741211,123.0999984741211,123.0,123.0999984741211,123.0999984741211,731303,0.0,0.0
2022-10-19,123.0999984741211,123.0999984741211,123.0999984741211,123.0999984741211,123.0999984741211,438100,0.0,0.0
2022-10-20,123.0999984741211,123.0999984741211,123.0999984741211,123.0999984741211,123.0999984741211,438100,0.0,0.0
2022-10-21,123.5999984741211,123.5999984741211,123.5999984741211,123.5999984741211,123.5999984741211,143783,0.0,0.0
2022-10-24,118.0,118.0,101.0,118.0,118.0,224932,0.0,0.0
2022-10-25,118.0,118.0,118.0,118.0,118.0,96474,0.0,0.0
2022-10-26,118.0,118.0,118.0,118.0,118.0,14900,0.0,0.0
2022-10-27,118.0,118.0,118.0,118.0,118.0,13455,0.0,0.0
2022-10-28,118.0,118.0,118.0,118.0,118.0,40728,0.0,0.0
2022-10-31,118.0,118.0,118.0,118.0,118.0,27232,0.0,0.0
2022-11-01,118.0,118.0,118.0,118.0,118.0,56278,0.0,0.0
2022-11-02,118.0,118.0,118.0,118.0,118.0,64617,0.0,0.0
2022-11-03,118.0,118.0,118.0,118.0,118.0,1515,0.0,0.0
2022-11-04,105.0,105.0,105.0,105.0,105.0,97073,0.0,0.0
2022-11-07,105.0,105.0,105.0,105.0,105.0,0,0.0,0.0
2022-11-08,101.5,101.5,101.5,101.5,101.5,300252,0.0,0.0
2022-11-09,102.0,102.0,101.0,102.0,102.0,357224,0.0,0.0
2022-11-10,108.9000015258789,108.9000015258789,108.9000015258789,108.9000015258789,108.9000015258789,296488,0.0,0.0
2022-11-11,108.9000015258789,108.9000015258789,108.9000015258789,108.9000015258789,108.9000015258789,25820,0.0,0.0
2022-11-14,108.9000015258789,108.9000015258789,108.9000015258789,108.9000015258789,108.9000015258789,0,0.0,0.0
2022-11-15,108.9000015258789,108.9000015258789,108.9000015258789,108.9000015258789,108.9000015258789,38720,0.0,0.0
2022-11-16,108.9000015258789,108.9000015258789,108.9000015258789,108.9000015258789,108.9000015258789,10000,0.0,0.0
2022-11-17,108.9000015258789,108.9000015258789,108.9000015258789,108.9000015258789,108.9000015258789,5302,0.0,0.0
2022-11-18,108.9000015258789,108.9000015258789,108.9000015258789,108.9000015258789,108.9000015258789,316,0.0,0.0
2022-11-21,111.0,111.0,111.0,111.0,111.0,674925,0.0,0.0
2022-11-22,111.0,111.0,111.0,111.0,111.0,674925,0.0,0.0
2022-11-23,115.0999984741211,115.0999984741211,115.0999984741211,115.0999984741211,115.0999984741211,8019944,0.0,0.0
2022-11-24,115.0999984741211,115.0999984741211,115.0999984741211,115.0999984741211,115.0999984741211,0,0.0,0.0
2022-11-25,110.30000305175781,110.30000305175781,110.30000305175781,110.30000305175781,110.30000305175781,1017236,0.0,0.0
2022-11-28,112.0,112.0,112.0,112.0,112.0,1688,0.0,0.0
2022-11-29,110.7300033569336,110.7300033569336,110.7300033569336,110.7300033569336,110.7300033569336,6744,0.0,0.0
2022-11-30,120.0,120.0,120.0,120.0,120.0,251634,0.0,0.0
2022-12-01,120.0,120.0,120.0,120.0,120.0,339949,0.0,0.0
2022-12-02,125.0,125.0,125.0,125.0,125.0,27930,0.0,0.0
2022-12-05,120.0,120.0,120.0,120.0,120.0,276962,0.0,0.0
2022-12-06,117.06999969482422,117.06999969482422,117.06999969482422,117.06999969482422,117.06999969482422,1953,0.0,0.0
2022-12-07,119.25,119.25,119.25,119.25,119.25,36925,0.0,0.0
2022-12-08,119.25,119.25,119.25,119.25,119.25,0,0.0,0.0
2022-12-09,119.23999786376953,119.23999786376953,119.23999786376953,119.23999786376953,119.23999786376953,4573,0.0,0.0
2022-12-12,119.8499984741211,119.8499984741211,119.8499984741211,119.8499984741211,119.8499984741211,12594,0.0,0.0
2022-12-13,112.0,112.0,112.0,112.0,112.0,191236,0.0,0.0
2022-12-14,118.01000213623047,118.01000213623047,118.01000213623047,118.01000213623047,118.01000213623047,18100,0.0,0.0
2022-12-15,114.08000183105469,114.08000183105469,114.08000183105469,114.08000183105469,114.08000183105469,8700,0.0,0.0
2022-12-16,112.0,112.0,112.0,112.0,112.0,3009,0.0,0.0
2022-12-19,105.36000061035156,105.36000061035156,105.36000061035156,105.36000061035156,105.36000061035156,15141,0.0,0.0
2022-12-20,112.44000244140625,112.44000244140625,112.44000244140625,112.44000244140625,112.44000244140625,1787,0.0,0.0
2022-12-21,108.9000015258789,108.9000015258789,108.9000015258789,108.9000015258789,108.9000015258789,306622,0.0,0.0
2022-12-22,108.0,108.0,108.0,108.0,108.0,57190,0.0,0.0
2022-12-23,108.0,108.0,108.0,108.0,108.0,147271,0.0,0.0
2022-12-26,108.23999786376953,108.23999786376953,108.23999786376953,108.23999786376953,108.23999786376953,6183,0.0,0.0
2022-12-27,102.83000183105469,102.83000183105469,102.83000183105469,102.83000183105469,102.83000183105469,14006,0.0,0.0
2022-12-28,106.0,106.0,106.0,106.0,106.0,3038,0.0,0.0
2022-12-29,119.69999694824219,119.69999694824219,119.69999694824219,119.69999694824219,119.69999694824219,55000,0.0,0.0
2022-12-30,119.69999694824219,119.69999694824219,119.69999694824219,119.69999694824219,119.69999694824219,0,0.0,0.0
2023-01-02,119.69999694824219,119.69999694824219,119.69999694824219,119.69999694824219,119.69999694824219,0,0.0,0.0
2023-01-03,108.0,108.0,108.0,108.0,108.0,5800,0.0,0.0
2023-01-04,109.91000366210938,109.91000366210938,109.91000366210938,109.91000366210938,109.91000366210938,4863,0.0,0.0
2023-01-05,108.11000061035156,108.11000061035156,108.11000061035156,108.11000061035156,108.11000061035156,56615,0.0,0.0
2023-01-06,106.87000274658203,106.87000274658203,106.87000274658203,106.87000274658203,106.87000274658203,8424,0.0,0.0
2023-01-09,106.87000274658203,106.87000274658203,106.87000274658203,106.87000274658203,106.87000274658203,0,0.0,0.0
2023-01-10,106.0,106.0,106.0,106.0,106.0,1298,0.0,0.0
2023-01-11,119.0,119.0,119.0,119.0,119.0,167400,0.0,0.0
2023-01-12,110.0999984741211,110.0999984741211,110.0999984741211,110.0999984741211,110.0999984741211,56793,0.0,0.0
2023-01-13,118.58999633789062,118.58999633789062,118.58999633789062,118.58999633789062,118.58999633789062,68518,0.0,0.0
2023-01-16,117.41999816894531,117.41999816894531,117.41999816894531,117.41999816894531,117.41999816894531,30255,0.0,0.0
2023-01-17,112.12000274658203,112.12000274658203,112.12000274658203,112.12000274658203,112.12000274658203,7187,0.0,0.0
2023-01-18,112.95999908447266,112.95999908447266,112.95999908447266,112.95999908447266,112.95999908447266,6846,0.0,0.0
2023-01-19,118.05999755859375,118.05999755859375,118.05999755859375,118.05999755859375,118.05999755859375,28342,0.0,0.0
2023-01-20,108.62000274658203,108.62000274658203,108.62000274658203,108.62000274658203,108.62000274658203,3602,0.0,0.0
2023-01-23,112.62999725341797,112.62999725341797,112.62999725341797,112.62999725341797,112.62999725341797,4159,0.0,0.0
2023-01-24,111.38999938964844,111.38999938964844,111.38999938964844,111.38999938964844,111.38999938964844,12485,0.0,0.0
2023-01-25,111.86000061035156,111.86000061035156,111.86000061035156,111.86000061035156,111.86000061035156,36045,0.0,0.0
2023-01-26,118.79000091552734,118.79000091552734,118.79000091552734,118.79000091552734,118.79000091552734,124820,0.0,0.0
2023-01-27,110.36000061035156,110.36000061035156,110.36000061035156,110.36000061035156,110.36000061035156,36716,0.0,0.0
2023-01-30,114.4800033569336,114.4800033569336,114.4800033569336,114.4800033569336,114.4800033569336,99240,0.0,0.0
2023-01-31,108.0,108.0,108.0,108.0,108.0,83145,0.0,0.0
2023-02-01,109.88999938964844,109.88999938964844,109.88999938964844,109.88999938964844,109.88999938964844,4004,0.0,0.0
2023-02-02,107.87999725341797,107.87999725341797,107.87999725341797,107.87999725341797,107.87999725341797,74796,0.0,0.0
2023-02-03,118.69999694824219,118.69999694824219,118.69999694824219,118.69999694824219,118.69999694824219,1376,0.0,0.0
2023-02-06,116.0,116.0,116.0,116.0,116.0,2000,0.0,0.0
2023-02-07,111.44999694824219,111.44999694824219,111.44999694824219,111.44999694824219,111.44999694824219,7751,0.0,0.0
2023-02-08,110.41000366210938,110.41000366210938,110.41000366210938,110.41000366210938,110.41000366210938,4889,0.0,0.0
2023-02-09,110.41000366210938,110.41000366210938,110.41000366210938,110.41000366210938,110.41000366210938,0,0.0,0.0
2023-02-10,110.41000366210938,110.41000366210938,110.41000366210938,110.41000366210938,110.41000366210938,0,0.0,0.0
2023-02-13,109.9800033569336,109.9800033569336,109.9800033569336,109.9800033569336,109.9800033569336,30659,0.0,0.0
2023-02-14,110.0,110.0,110.0,110.0,110.0,277,0.0,0.0
2023-02-15,110.0,110.0,110.0,110.0,110.0,320,0.0,0.0
2023-02-16,110.0,110.0,110.0,110.0,110.0,0,0.0,0.0
2023-02-17,107.0999984741211,107.0999984741211,107.0999984741211,107.0999984741211,107.0999984741211,55147,0.0,0.0
2023-02-20,107.0999984741211,107.0999984741211,107.0999984741211,107.0999984741211,107.0999984741211,0,0.0,0.0
2023-02-21,107.0999984741211,107.0999984741211,107.0999984741211,107.0999984741211,107.0999984741211,1930,0.0,0.0
2023-02-22,107.0999984741211,107.0999984741211,107.0999984741211,107.0999984741211,107.0999984741211,0,0.0,0.0
2023-02-23,107.0999984741211,107.0999984741211,107.0999984741211,107.0999984741211,107.0999984741211,727,0.0,0.0
2023-02-24,107.0999984741211,107.0999984741211,107.0999984741211,107.0999984741211,107.0999984741211,901,0.0,0.0
2023-02-27,107.0999984741211,107.0999984741211,107.0999984741211,107.0999984741211,107.0999984741211,399,0.0,0.0
2023-02-28,107.0999984741211,107.0999984741211,107.0999984741211,107.0999984741211,107.0999984741211,10355,0.0,0.0
2023-03-01,107.0999984741211,107.0999984741211,107.0999984741211,107.0999984741211,107.0999984741211,1560,0.0,0.0
2023-03-02,107.08000183105469,107.08000183105469,107.08000183105469,107.08000183105469,107.08000183105469,1888,0.0,0.0
2023-03-03,107.0999984741211,107.0999984741211,107.0999984741211,107.0999984741211,107.0999984741211,5777,0.0,0.0
2023-03-06,107.0999984741211,107.0999984741211,107.0999984741211,107.0999984741211,107.0999984741211,14704,0.0,0.0
2023-03-07,107.0999984741211,111.0999984741211,107.0999984741211,111.0999984741211,111.0999984741211,433507,0.0,0.0
2023-03-08,120.0,120.0,120.0,120.0,120.0,80342,0.0,0.0
2023-03-09,119.9000015258789,119.9000015258789,119.9000015258789,119.9000015258789,119.9000015258789,200,0.0,0.0
2023-03-10,115.0,115.0,115.0,115.0,115.0,347,0.0,0.0
2023-03-13,115.29000091552734,115.29000091552734,115.29000091552734,115.29000091552734,115.29000091552734,2715,0.0,0.0
2023-03-14,108.18000030517578,108.18000030517578,108.18000030517578,108.18000030517578,108.18000030517578,12882,0.0,0.0
2023-03-15,106.0,116.0,106.0,116.0,116.0,296424,0.0,0.0
2023-03-16,118.0,118.0,118.0,118.0,118.0,130,0.0,0.0
2023-03-17,105.62999725341797,105.62999725341797,105.62999725341797,105.62999725341797,105.62999725341797,7710,0.0,0.0
2023-03-20,105.62999725341797,105.62999725341797,105.62999725341797,105.62999725341797,105.62999725341797,0,0.0,0.0
2023-03-21,110.0,110.0,110.0,110.0,110.0,2527,0.0,0.0
2023-03-22,108.19999694824219,108.19999694824219,108.19999694824219,108.19999694824219,108.19999694824219,4814,0.0,0.0
2023-03-23,108.19999694824219,108.19999694824219,108.19999694824219,108.19999694824219,108.19999694824219,0,0.0,0.0
2023-03-24,104.7699966430664,104.7699966430664,104.7699966430664,104.7699966430664,104.7699966430664,17131,0.0,0.0
2023-03-27,104.9800033569336,104.9800033569336,104.9800033569336,104.9800033569336,104.9800033569336,27729,0.0,0.0
2023-03-28,113.33999633789062,113.33999633789062,113.33999633789062,113.33999633789062,113.33999633789062,34284,0.0,0.0
2023-03-29,104.7699966430664,104.7699966430664,104.7699966430664,104.7699966430664,104.7699966430664,28610,0.0,0.0
2023-03-30,114.0,114.0,114.0,114.0,114.0,512348,0.0,0.0
2023-03-31,105.4800033569336,105.4800033569336,105.4800033569336,105.4800033569336,105.4800033569336,11670,0.0,0.0
2023-04-03,119.30999755859375,119.30999755859375,119.30999755859375,119.30999755859375,119.30999755859375,49604,0.0,0.0
2023-04-04,107.0,107.0,107.0,107.0,107.0,153984,0.0,0.0
2023-04-05,108.66999816894531,108.66999816894531,108.66999816894531,108.66999816894531,108.66999816894531,59491,0.0,0.0
2023-04-06,108.66999816894531,108.66999816894531,108.66999816894531,108.66999816894531,108.66999816894531,0,0.0,0.0
2023-04-07,108.66999816894531,108.66999816894531,108.66999816894531,108.66999816894531,108.66999816894531,0,0.0,0.0
2023-04-10,113.5999984741211,113.5999984741211,113.5999984741211,113.5999984741211,113.5999984741211,16949,0.0,0.0
2023-04-11,112.0,112.0,112.0,112.0,112.0,222042,0.0,0.0
2023-04-12,108.70999908447266,108.70999908447266,108.70999908447266,108.70999908447266,108.70999908447266,101211,0.0,0.0
2023-04-13,112.0,112.0,112.0,112.0,112.0,237787,0.0,0.0
2023-04-14,115.83000183105469,115.83000183105469,115.83000183105469,115.83000183105469,115.83000183105469,0,0.0,0.0
2023-04-17,111.37000274658203,111.37000274658203,111.37000274658203,111.37000274658203,111.37000274658203,27162,0.0,0.0
2023-04-18,104.80000305175781,104.80000305175781,104.80000305175781,104.80000305175781,104.80000305175781,203337,0.0,0.0
2023-04-19,105.01000213623047,105.01000213623047,105.01000213623047,105.01000213623047,105.01000213623047,11745,0.0,0.0
2023-04-20,107.7699966430664,107.7699966430664,107.7699966430664,107.7699966430664,107.7699966430664,85490,0.0,0.0
2023-04-21,106.0,106.0,106.0,106.0,106.0,19141,0.0,0.0
2023-04-24,107.93000030517578,107.93000030517578,107.93000030517578,107.93000030517578,107.93000030517578,22833,0.0,0.0
2023-04-25,105.51000213623047,105.51000213623047,105.51000213623047,105.51000213623047,105.51000213623047,99088,0.0,0.0
2023-04-26,105.0,105.0,105.0,105.0,105.0,11739,0.0,0.0
2023-04-27,104.33999633789062,104.33999633789062,104.33999633789062,104.33999633789062,104.33999633789062,9174,0.0,0.0
2023-04-28,105.0,105.0,105.0,105.0,105.0,866730,0.0,0.0
2023-05-01,105.0,105.0,105.0,105.0,105.0,0,0.0,0.0
2023-05-02,105.0,105.0,105.0,105.0,105.0,8239,0.0,0.0
2023-05-03,103.80000305175781,103.80000305175781,103.80000305175781,103.80000305175781,103.80000305175781,16336,0.0,0.0
2023-05-04,110.0,110.0,110.0,110.0,110.0,101432,0.0,0.0
2023-05-05,107.91999816894531,107.91999816894531,107.91999816894531,107.91999816894531,107.91999816894531,104103,0.0,0.0
2023-05-08,107.7699966430664,107.7699966430664,107.7699966430664,107.7699966430664,107.7699966430664,35000,0.0,0.0
2023-05-09,109.77999877929688,109.77999877929688,109.77999877929688,109.77999877929688,109.77999877929688,1205,0.0,0.0
2023-05-10,105.37999725341797,105.37999725341797,105.37999725341797,105.37999725341797,105.37999725341797,1724,0.0,0.0
2023-05-11,105.0,105.0,105.0,105.0,105.0,18709,0.0,0.0
2023-05-12,103.5,103.5,103.5,103.5,103.5,8678,0.0,0.0
2023-05-15,102.22000122070312,102.22000122070312,102.22000122070312,102.22000122070312,102.22000122070312,52540,0.0,0.0
2023-05-16,102.22000122070312,102.22000122070312,102.22000122070312,102.22000122070312,102.22000122070312,0,0.0,0.0
2023-05-17,102.87000274658203,102.87000274658203,102.87000274658203,102.87000274658203,102.87000274658203,2148,0.0,0.0
2023-05-18,103.77999877929688,103.77999877929688,103.77999877929688,103.77999877929688,103.77999877929688,2076,0.0,0.0
2023-05-19,100.88999938964844,100.88999938964844,100.88999938964844,100.88999938964844,100.88999938964844,46645,0.0,0.0
2023-05-22,100.88999938964844,100.88999938964844,100.88999938964844,100.88999938964844,100.88999938964844,0,0.0,0.0
2023-05-23,95.33999633789062,95.33999633789062,95.33999633789062,95.33999633789062,95.33999633789062,95547,0.0,0.0
2023-05-24,92.77999877929688,92.77999877929688,92.77999877929688,92.77999877929688,92.77999877929688,6016,0.0,0.0
2023-05-25,92.55999755859375,92.55999755859375,92.55999755859375,92.55999755859375,92.55999755859375,19136,0.0,0.0
2023-05-26,92.5,92.5,92.5,92.5,92.5,13525,0.0,0.0
2023-05-29,100.88999938964844,100.88999938964844,100.88999938964844,100.88999938964844,100.88999938964844,10217,0.0,0.0
2023-05-30,100.0,100.0,100.0,100.0,100.0,953,0.0,0.0
2023-05-31,95.87000274658203,95.87000274658203,95.87000274658203,95.87000274658203,95.87000274658203,37742,0.0,0.0
2023-06-01,100.05000305175781,100.05000305175781,100.05000305175781,100.05000305175781,100.05000305175781,2178,0.0,0.0
2023-06-02,100.0,100.0,100.0,100.0,100.0,223442,0.0,0.0
2023-06-05,99.98999786376953,99.98999786376953,99.98999786376953,99.98999786376953,99.98999786376953,57056,0.0,0.0
2023-06-06,99.97000122070312,99.97000122070312,99.97000122070312,99.97000122070312,99.97000122070312,131450,0.0,0.0
2023-06-07,95.0,95.0,95.0,95.0,95.0,668773,0.0,0.0
2023-06-08,99.93000030517578,99.93000030517578,99.93000030517578,99.93000030517578,99.93000030517578,5113,0.0,0.0
2023-06-13,95.0,95.0,95.0,95.0,95.0,33609,0.0,0.0
2023-06-14,94.97000122070312,94.97000122070312,94.97000122070312,94.97000122070312,94.97000122070312,131461,0.0,0.0
2023-06-15,95.0,95.0,95.0,95.0,95.0,25908,0.0,0.0
2023-06-16,90.8499984741211,90.8499984741211,90.8499984741211,90.8499984741211,90.8499984741211,91711,0.0,0.0
2023-06-19,90.8499984741211,90.8499984741211,90.8499984741211,90.8499984741211,90.8499984741211,0,0.0,0.0
2023-06-20,92.2300033569336,92.2300033569336,92.2300033569336,92.2300033569336,92.2300033569336,153289,0.0,0.0
2023-06-21,94.9000015258789,94.9000015258789,94.9000015258789,94.9000015258789,94.9000015258789,10120,0.0,0.0
2023-06-22,94.31999969482422,94.31999969482422,94.31999969482422,94.31999969482422,94.31999969482422,12707,0.0,0.0
2023-06-23,94.80000305175781,94.80000305175781,94.80000305175781,94.80000305175781,94.80000305175781,5904,0.0,0.0
2023-06-26,92.19999694824219,92.19999694824219,92.19999694824219,92.19999694824219,92.19999694824219,26948,0.0,0.0
2023-06-27,91.76000213623047,91.76000213623047,91.76000213623047,91.76000213623047,91.76000213623047,29207,0.0,0.0
2023-06-28,90.0,90.0,90.0,90.0,90.0,1142912,0.0,0.0
2023-06-29,90.0,90.0,90.0,90.0,90.0,191022,0.0,0.0
2023-06-30,85.30000305175781,85.30000305175781,85.30000305175781,85.30000305175781,85.30000305175781,34391,0.0,0.0
2023-07-03,85.30000305175781,85.30000305175781,85.30000305175781,85.30000305175781,85.30000305175781,0,0.0,0.0
2023-07-04,90.0,90.0,90.0,90.0,90.0,200501,0.0,0.0
2023-07-05,90.0,90.0,90.0,90.0,90.0,1303,0.0,0.0
2023-07-06,90.0,90.0,90.0,90.0,90.0,0,0.0,0.0
2023-07-07,89.0999984741211,89.0999984741211,89.0999984741211,89.0999984741211,89.0999984741211,43824,0.0,0.0
2023-07-10,87.30000305175781,87.30000305175781,87.30000305175781,87.30000305175781,87.30000305175781,4487,0.0,0.0
2023-07-11,90.0,90.0,90.0,90.0,90.0,2842,0.0,0.0
2023-07-12,89.26000213623047,89.26000213623047,89.26000213623047,89.26000213623047,89.26000213623047,20495,0.0,0.0
2023-07-13,90.0,90.0,90.0,90.0,90.0,13344,0.0,0.0
2023-07-14,89.93000030517578,89.93000030517578,89.93000030517578,89.93000030517578,89.93000030517578,2850,0.0,0.0
2023-07-17,90.0,90.0,90.0,90.0,90.0,2718,0.0,0.0
2023-07-18,84.9000015258789,85.0,84.9000015258789,85.0,85.0,447168,0.0,0.0
2023-07-19,85.0,85.0,85.0,85.0,85.0,130890,0.0,0.0
2023-07-20,85.0,85.0,85.0,85.0,85.0,0,0.0,0.0
2023-07-21,84.16999816894531,84.16999816894531,84.16999816894531,84.16999816894531,84.16999816894531,21605,0.0,0.0
2023-07-24,85.0,85.0,85.0,85.0,85.0,331735,0.0,0.0
2023-07-25,85.0,85.0,85.0,85.0,85.0,40791,0.0,0.0
2023-07-26,85.0,85.0,85.0,85.0,85.0,69744,0.0,0.0
2023-07-27,85.0,87.0,85.0,85.0,85.0,1537170,0.0,0.0
2023-07-28,84.9000015258789,84.9000015258789,84.9000015258789,84.9000015258789,84.9000015258789,212236,0.0,0.0
2023-07-31,84.9000015258789,84.9000015258789,84.9000015258789,84.9000015258789,84.9000015258789,0,0.0,0.0
2023-08-01,84.9000015258789,84.9000015258789,84.9000015258789,84.9000015258789,84.9000015258789,94308,0.0,0.0
2023-08-02,84.9000015258789,84.9000015258789,84.9000015258789,84.88999938964844,84.88999938964844,3564609,0.0,0.0
2023-08-03,82.30000305175781,83.0,82.30000305175781,83.0,83.0,681875,0.0,0.0
2023-08-04,83.0,83.0,83.0,83.0,83.0,0,0.0,0.0
2023-08-07,83.0,83.0,83.0,83.0,83.0,0,0.0,0.0
2023-08-08,88.9000015258789,88.9000015258789,83.0,83.0,83.0,728268,0.0,0.0
2023-08-09,85.0,85.0,85.0,85.0,85.0,130665,0.0,0.0
2023-08-10,85.0999984741211,85.0999984741211,85.0999984741211,85.0999984741211,85.0999984741211,2210,0.0,0.0
2023-08-11,85.0,85.0,85.0,85.0,85.0,65934150,0.0,0.0
2023-08-14,85.0,85.0,85.0,85.0,85.0,37629,0.0,0.0
2023-08-15,85.0,85.0,85.0,85.0,85.0,7280,0.0,0.0
2023-08-16,85.0,85.0,85.0,85.0,85.0,10150,0.0,0.0
2023-08-17,85.0,85.0,85.0,85.0,85.0,29549,0.0,0.0
2023-08-18,81.3499984741211,81.3499984741211,81.3499984741211,81.3499984741211,81.3499984741211,167719,0.0,0.0
2023-08-21,81.3499984741211,81.3499984741211,81.3499984741211,81.3499984741211,81.3499984741211,0,0.0,0.0
2023-08-22,85.0,85.0,85.0,85.0,85.0,120812,0.0,0.0
2023-08-23,81.19999694824219,85.0,81.19999694824219,85.0,85.0,692592,0.0,0.0
2023-08-24,85.0,85.0,85.0,85.0,85.0,11119,0.0,0.0
2023-08-25,86.16999816894531,86.16999816894531,86.16999816894531,86.16999816894531,86.16999816894531,50556,0.0,0.0
2023-08-28,80.19999694824219,80.19999694824219,80.19999694824219,80.19999694824219,80.19999694824219,10074,0.0,0.0
2023-08-29,82.02999877929688,82.02999877929688,82.02999877929688,82.02999877929688,82.02999877929688,53946,0.0,0.0
2023-08-30,84.0999984741211,84.0999984741211,84.0999984741211,84.0999984741211,84.0999984741211,13968,0.0,0.0
2023-08-31,83.41999816894531,83.41999816894531,83.41999816894531,83.41999816894531,83.41999816894531,32602,0.0,0.0
2023-09-01,83.94999694824219,83.94999694824219,83.94999694824219,83.94999694824219,83.94999694824219,7412,0.0,0.0
2023-09-04,83.94999694824219,83.94999694824219,83.94999694824219,83.94999694824219,83.94999694824219,0,0.0,0.0
2023-09-05,80.0,80.0,80.0,80.0,80.0,2888,0.0,0.0
2023-09-06,85.0,85.0,85.0,85.0,85.0,21006,0.0,0.0
2023-09-07,84.5,84.5,84.5,84.5,84.5,46055,0.0,0.0
2023-09-08,85.0,85.0,85.0,85.0,85.0,6947,0.0,0.0
2023-09-11,82.38999938964844,82.38999938964844,82.38999938964844,82.38999938964844,82.38999938964844,60618,0.0,0.0
2023-09-12,82.38999938964844,82.38999938964844,82.38999938964844,82.38999938964844,82.38999938964844,0,0.0,0.0
2023-09-13,82.38999938964844,82.38999938964844,82.38999938964844,82.38999938964844,82.38999938964844,0,0.0,0.0
2023-09-14,85.0,85.0,85.0,85.0,85.0,3789,0.0,0.0
2023-09-15,70.61000061035156,70.61000061035156,70.61000061035156,70.61000061035156,70.61000061035156,14695,0.0,0.0
2023-09-18,75.48999786376953,75.48999786376953,75.48999786376953,75.48999786376953,75.48999786376953,32643,0.0,0.0
2023-09-19,85.0,85.0,85.0,85.0,85.0,3389,0.0,0.0
2023-09-20,80.0,80.0,80.0,80.0,80.0,186,0.0,0.0
2023-09-21,85.0,85.0,85.0,85.0,85.0,3273,0.0,0.0
2023-09-22,61.0,61.0,61.0,61.0,61.0,8254,0.0,0.0
2023-09-25,80.0,80.0,80.0,80.0,80.0,500,0.0,0.0
2023-09-26,80.0,80.0,80.0,80.0,80.0,0,0.0,0.0
2023-09-27,85.0,85.0,85.0,85.0,85.0,26293,0.0,0.0
2023-09-28,85.0,85.0,85.0,85.0,85.0,73799,0.0,0.0
2023-09-29,80.0,80.0,80.0,80.0,80.0,74451,0.0,0.0
2023-10-02,80.0,80.0,80.0,80.0,80.0,15000,0.0,0.0
2023-10-03,85.0,85.0,85.0,85.0,85.0,10175,0.0,0.0
2023-10-04,78.12999725341797,78.12999725341797,78.12999725341797,78.12999725341797,78.12999725341797,30000,0.0,0.0
2023-10-05,73.5999984741211,73.5999984741211,73.5999984741211,73.5999984741211,73.5999984741211,13082,0.0,0.0
2023-10-06,68.26000213623047,68.26000213623047,68.26000213623047,68.26000213623047,68.26000213623047,6488,0.0,0.0
2023-10-09,78.94999694824219,80.0,78.94999694824219,80.0,80.0,483134,0.0,0.0
2023-10-10,77.0,77.0,77.0,77.0,77.0,321692,0.0,0.0
2023-10-11,77.0,77.0,77.0,77.0,77.0,84235,0.0,0.0
2023-10-12,79.91999816894531,79.91999816894531,79.91999816894531,79.91999816894531,79.91999816894531,15407,0.0,0.0
2023-10-13,77.0,77.0,77.0,77.0,77.0,9720,0.0,0.0
2023-10-16,77.0,77.0,77.0,77.0,77.0,0,0.0,0.0
2023-10-17,77.0,77.0,77.0,77.0,77.0,69293,0.0,0.0
2023-10-18,76.37000274658203,76.37000274658203,76.37000274658203,76.37000274658203,76.37000274658203,106737,0.0,0.0
2023-10-19,77.0,77.0,77.0,77.0,77.0,100273,0.0,0.0
2023-10-20,77.0,77.0,77.0,77.0,77.0,27190,0.0,0.0
2023-10-23,76.47000122070312,76.47000122070312,76.47000122070312,76.47000122070312,76.47000122070312,16224,0.0,0.0
2023-10-24,77.0,77.0,77.0,77.0,77.0,144721,0.0,0.0
2023-10-25,77.0,77.0,77.0,77.0,77.0,0,0.0,0.0
2023-10-26,77.0,77.0,77.0,77.0,77.0,138717,0.0,0.0
2023-10-27,78.69999694824219,78.69999694824219,78.69999694824219,78.69999694824219,78.69999694824219,182254,0.0,0.0
2023-10-30,78.69999694824219,78.69999694824219,78.69999694824219,78.69999694824219,78.69999694824219,184526,0.0,0.0
2023-10-31,72.25,72.25,72.25,72.25,72.25,201100,0.0,0.0
2023-11-01,78.69999694824219,78.69999694824219,78.69999694824219,78.69999694824219,78.69999694824219,1221,0.0,0.0
2023-11-02,78.69999694824219,78.69999694824219,78.69999694824219,78.69999694824219,78.69999694824219,380,0.0,0.0
2023-11-03,78.69999694824219,78.69999694824219,78.69999694824219,78.69999694824219,78.69999694824219,201490,0.0,0.0
2023-11-06,78.69999694824219,78.69999694824219,78.69999694824219,78.69999694824219,78.69999694824219,0,0.0,0.0
2023-11-07,78.69999694824219,78.69999694824219,78.69999694824219,78.69999694824219,78.69999694824219,1325,0.0,0.0
2023-11-08,78.5,78.5,78.5,78.5,78.5,267888,0.0,0.0
2023-11-09,78.5,78.5,78.5,78.5,78.5,3371,0.0,0.0
2023-11-10,78.5,78.5,78.5,78.5,78.5,0,0.0,0.0
2023-11-13,78.5,78.5,78.5,78.5,78.5,0,0.0,0.0
2023-11-14,78.5,78.5,78.5,78.5,78.5,229585,0.0,0.0
2023-11-15,78.5,78.5,78.5,78.5,78.5,108814,0.0,0.0
2023-11-16,78.5,78.5,78.5,78.5,78.5,20000,0.0,0.0
2023-11-17,78.5,78.5,78.5,78.5,78.5,16653,0.0,0.0
2023-11-20,78.5,78.5,78.5,78.5,78.5,125694,0.0,0.0
2023-11-21,78.5,78.5,78.5,78.5,78.5,5292,0.0,0.0
2023-11-22,78.5,78.5,78.5,78.5,78.5,439,0.0,0.0
2023-11-23,78.5,78.5,78.5,78.5,78.5,10696,0.0,0.0
2023-11-24,78.5,78.5,78.5,78.5,78.5,50000,0.0,0.0
2023-11-27,78.5,78.5,78.5,78.5,78.5,6307,0.0,0.0
2023-11-28,78.5,78.5,78.5,78.5,78.5,16275,0.0,0.0
2023-11-29,78.5,78.5,78.5,78.5,78.5,8837,0.0,0.0
2023-11-30,78.5,78.5,78.5,78.5,78.5,7483,0.0,0.0
2023-12-01,78.5,78.5,78.5,78.5,78.5,407,0.0,0.0
2023-12-04,78.5,78.5,78.5,78.5,78.5,18315,0.0,0.0
2023-12-05,78.5,78.5,78.5,78.5,78.5,23070,0.0,0.0
2023-12-06,78.5,78.5,78.5,78.5,78.5,9990,0.0,0.0
2023-12-07,78.5,78.5,78.5,78.5,78.5,215142,0.0,0.0
2023-12-08,78.5,78.5,78.5,78.5,78.5,0,0.0,0.0
2023-12-11,78.5,78.5,78.5,78.5,78.5,467989,0.0,0.0
2023-12-12,78.5,78.5,78.5,78.5,78.5,334329,0.0,0.0
2023-12-13,78.5,78.5,78.5,78.5,78.5,135712,0.0,0.0
2023-12-14,78.5,78.5,78.5,78.5,78.5,287950,0.0,0.0
2023-12-15,78.5,78.5,78.5,78.5,78.5,22297,0.0,0.0
2023-12-18,78.5,78.5,78.5,78.5,78.5,39047,0.0,0.0
2023-12-19,78.5,78.5,78.5,78.5,78.5,403538,0.0,0.0
2023-12-20,78.0,87.0,78.0,87.0,87.0,532513,0.0,0.0
2023-12-21,88.0,88.0,88.0,88.0,88.0,604469,0.0,0.0
2023-12-22,88.0,88.0,88.0,88.0,88.0,432,0.0,0.0
2023-12-25,88.0,88.0,88.0,88.0,88.0,0,0.0,0.0
2023-12-26,88.0,88.0,88.0,88.0,88.0,166276,0.0,0.0
2023-12-27,88.0,88.0,88.0,88.0,88.0,9966,0.0,0.0
2023-12-28,95.0,95.0,95.0,95.0,95.0,174691,0.0,0.0
2023-12-29,95.0,95.0,95.0,95.0,95.0,0,0.0,0.0
2024-01-01,95.0,95.0,95.0,95.0,95.0,0,0.0,0.0
2024-01-02,95.0,95.0,95.0,95.0,95.0,211304,0.0,0.0
2024-01-03,95.0,95.0,95.0,95.0,95.0,8569,0.0,0.0
2024-01-04,95.0,95.0,95.0,95.0,95.0,190173,0.0,0.0
2024-01-05,91.0,91.0,91.0,91.0,91.0,325156,0.0,0.0
2024-01-08,91.0,91.0,91.0,91.0,91.0,0,0.0,0.0
2024-01-09,91.0,91.0,91.0,91.0,91.0,103347,0.0,0.0
2024-01-10,91.0,91.0,91.0,91.0,91.0,96095,0.0,0.0
2024-01-11,88.0,88.0,88.0,88.0,88.0,301311,0.0,0.0
2024-01-12,88.0,88.0,88.0,88.0,88.0,319136,0.0,0.0
2024-01-15,88.0,88.0,88.0,88.0,88.0,147486,0.0,0.0
2024-01-16,90.0,106.0,90.0,106.0,106.0,3058694,0.0,0.0
2024-01-17,109.0,109.0,108.0,108.0,108.0,1454591,0.0,0.0
2024-01-18,108.0,108.0,108.0,108.0,108.0,97275,0.0,0.0
2024-01-19,108.0,108.0,108.0,108.0,108.0,64801,0.0,0.0
2024-01-22,108.0,108.0,108.0,108.0,108.0,0,0.0,0.0
2024-01-23,104.12999725341797,104.12999725341797,104.12999725341797,104.12999725341797,104.12999725341797,114417,0.0,0.0
2024-01-24,104.12999725341797,104.12999725341797,104.12999725341797,104.12999725341797,104.12999725341797,0,0.0,0.0
2024-01-25,104.12999725341797,104.12999725341797,104.12999725341797,104.12999725341797,104.12999725341797,0,0.0,0.0
2024-01-26,104.12999725341797,104.12999725341797,104.12999725341797,104.12999725341797,104.12999725341797,0,0.0,0.0
2024-01-29,108.0,108.0,108.0,108.0,108.0,189857,0.0,0.0
2024-01-30,108.0,108.0,108.0,108.0,108.0,56919,0.0,0.0
2024-01-31,106.0,106.0,106.0,106.0,106.0,788055,0.0,0.0
2024-02-01,106.0,106.0,106.0,106.0,106.0,106759,0.0,0.0
2024-02-02,106.0,106.0,106.0,106.0,106.0,103300,0.0,0.0
2024-02-05,106.0,106.0,106.0,106.0,106.0,53371,0.0,0.0
2024-02-06,106.0,106.0,106.0,106.0,106.0,63814,0.0,0.0
2024-02-07,106.0,106.0,106.0,106.0,106.0,9392,0.0,0.0
2024-02-08,106.0,106.0,106.0,106.0,106.0,80118,0.0,0.0
2024-02-09,106.0,106.0,106.0,106.0,106.0,100814,0.0,0.0
2024-02-12,106.0,106.0,106.0,106.0,106.0,345,0.0,0.0
2024-02-13,106.0,106.0,106.0,106.0,106.0,16248,0.0,0.0
2024-02-14,106.0,106.0,106.0,106.0,106.0,0,0.0,0.0
2024-02-15,106.0,106.0,106.0,106.0,106.0,479,0.0,0.0
2024-02-16,106.0,106.0,106.0,106.0,106.0,70775,0.0,0.0
2024-02-19,106.0,106.0,106.0,106.0,106.0,5063,0.0,0.0
2024-02-20,106.0,106.0,106.0,106.0,106.0,140256,0.0,0.0
2024-02-21,106.0,106.0,106.0,106.0,106.0,18469,0.0,0.0
2024-02-22,106.0,106.0,106.0,106.0,106.0,6840,0.0,0.0
2024-02-23,106.0,106.0,106.0,106.0,106.0,46794,0.0,0.0
2024-02-26,90.5,95.0,90.5,95.0,95.0,806480,0.0,0.0
2024-02-27,95.0,95.0,95.0,95.0,95.0,200530,0.0,0.0
2024-02-28,95.0,95.0,95.0,95.0,95.0,149499,0.0,0.0
2024-02-29,95.0,95.0,95.0,95.0,95.0,167850,0.0,0.0
2024-03-01,95.0,95.0,95.0,95.0,95.0,147144,0.0,0.0
2024-03-04,95.0,95.0,95.0,95.0,95.0,86733,0.0,0.0
2024-03-05,95.0,95.0,95.0,95.0,95.0,139682,0.0,0.0
2024-03-06,95.0,95.0,95.0,95.0,95.0,359986,0.0,0.0
2024-03-07,95.0,95.0,95.0,95.0,95.0,131123,0.0,0.0
2024-03-08,95.0,95.0,95.0,95.0,95.0,33665,0.0,0.0
2024-03-11,95.0,95.0,95.0,95.0,95.0,290000,0.0,0.0
2024-03-12,95.0,95.0,95.0,95.0,95.0,11221,0.0,0.0
2024-03-13,95.0,95.0,95.0,95.0,95.0,5098,0.0,0.0
2024-03-14,95.0,95.0,95.0,95.0,95.0,23605,0.0,0.0
2024-03-15,95.0,95.0,95.0,95.0,95.0,55455,0.0,0.0
2024-03-18,95.0,95.0,95.0,95.0,95.0,57488,0.0,0.0
2024-03-19,95.0,95.0,95.0,95.0,95.0,20820,0.0,0.0
2024-03-20,95.0,95.0,95.0,95.0,95.0,56156,0.0,0.0
2024-03-21,95.0,95.0,95.0,95.0,95.0,8954,0.0,0.0
2024-03-22,95.0,95.0,95.0,95.0,95.0,56100,0.0,0.0
2024-03-26,95.0,95.0,95.0,95.0,95.0,59229,0.0,0.0
2024-03-27,95.0,95.0,95.0,95.0,95.0,6560,0.0,0.0
2024-03-28,95.0,95.0,95.0,95.0,95.0,0,0.0,0.0
2024-03-29,95.0,95.0,95.0,95.0,95.0,0,0.0,0.0
2024-04-01,95.0,95.0,95.0,95.0,95.0,32150,0.0,0.0
2024-04-02,95.0,95.0,95.0,95.0,95.0,284408,0.0,0.0
2024-04-03,95.0,95.0,95.0,95.0,95.0,47103,0.0,0.0
2024-04-04,95.0,95.0,95.0,95.0,95.0,34854,0.0,0.0
2024-04-05,95.0,95.0,95.0,95.0,95.0,5605,0.0,0.0
2024-04-08,95.0,95.0,95.0,95.0,95.0,0,0.0,0.0
2024-04-09,95.0,95.0,95.0,95.0,95.0,229777,0.0,0.0
2024-04-10,95.0,100.0,100.0,100.0,100.0,404348,0.0,0.0
2024-04-11,100.0,100.0,100.0,100.0,100.0,1642896,0.0,0.0
2024-04-12,100.0,100.0,100.0,100.0,100.0,114285,0.0,0.0
2024-04-15,100.0,100.0,100.0,100.0,100.0,84764,0.0,0.0
2024-04-16,100.0,100.0,100.0,100.0,100.0,31123,0.0,0.0
2024-04-17,100.0,100.0,100.0,100.0,100.0,12045,0.0,0.0
2024-04-18,100.0,100.0,100.0,100.0,100.0,57083,0.0,0.0
2024-04-19,100.0,100.0,100.0,100.0,100.0,0,0.0,0.0
2024-04-22,100.0,100.0,100.0,100.0,100.0,87844,0.0,0.0
2024-04-23,100.0,100.0,100.0,100.0,100.0,11062,0.0,0.0
2024-04-24,100.0,100.0,100.0,100.0,100.0,10100,0.0,0.0
2024-04-25,100.0,100.0,100.0,100.0,100.0,3176,0.0,0.0
2024-04-26,100.0,100.0,100.0,100.0,100.0,1131,0.0,0.0
2024-04-29,100.0,100.0,100.0,100.0,100.0,97298,0.0,0.0
2024-04-30,100.0,100.0,100.0,100.0,100.0,46851,0.0,0.0
2024-05-02,100.0,100.0,100.0,100.0,100.0,6135,0.0,0.0
2024-05-03,95.0,95.0,95.0,95.0,95.0,86733,0.0,0.0
2024-05-06,100.0,100.0,100.0,100.0,100.0,3907,0.0,0.0
2024-05-07,100.0,100.0,100.0,100.0,100.0,18722,0.0,0.0
2024-05-08,100.0,100.0,100.0,100.0,100.0,115066,0.0,0.0
2024-05-09,100.0,100.0,100.0,100.0,100.0,4070,0.0,0.0
2024-05-10,100.0,100.0,100.0,100.0,100.0,2521,0.0,0.0
2024-05-14,100.0,100.0,100.0,100.0,100.0,21313,0.0,0.0
2024-05-15,100.0,100.0,100.0,100.0,100.0,14370,0.0,0.0
2024-05-16,100.0,100.0,100.0,100.0,100.0,31299,0.0,0.0
2024-05-17,100.0,100.0,100.0,100.0,100.0,256923,0.0,0.0
2024-05-20,100.0,100.0,100.0,100.0,100.0,83991,0.0,0.0
2024-05-21,100.0,100.0,100.0,100.0,100.0,936870,0.0,0.0
2024-05-22,100.0,100.0,100.0,100.0,100.0,302887,0.0,0.0
2024-05-23,100.0,100.0,100.0,100.0,100.0,0,0.0,0.0
2024-05-24,100.0,100.0,100.0,100.0,100.0,75560,0.0,0.0
2024-05-27,100.0,100.0,100.0,100.0,100.0,11146,0.0,0.0
2024-05-28,100.0,100.0,100.0,100.0,100.0,0,0.0,0.0
2024-05-29,100.0,99.0,90.0,90.0,90.0,1428514,0.0,0.0
2024-05-30,90.0,99.0,96.0,96.0,96.0,663194,0.0,0.0
2024-05-31,96.0,90.0,90.0,90.0,90.0,370778,0.0,0.0
2024-06-04,90.0,93.0,90.0,90.0,90.0,951210,0.0,0.0
2024-06-05,90.0,95.0,90.0,95.0,95.0,2365250,0.0,0.0
2024-06-06,95.0,95.0,95.0,95.0,95.0,157,0.0,0.0
2024-06-07,95.0,95.0,95.0,95.0,95.0,10073,0.0,0.0
2024-06-11,95.0,95.0,95.0,95.0,95.0,7975,0.0,0.0
2024-06-12,95.0,95.0,95.0,95.0,95.0,81874,0.0,0.0
2024-06-13,95.0,95.0,95.0,95.0,95.0,23326,0.0,0.0
2024-06-14,95.0,95.0,95.0,95.0,95.0,30485,0.0,0.0
2024-06-17,95.0,95.0,95.0,95.0,95.0,7497,0.0,0.0
2024-06-18,95.0,95.0,95.0,95.0,95.0,8002,0.0,0.0
2024-06-19,95.0,95.0,95.0,95.0,95.0,60109,0.0,0.0
2024-06-20,95.0,95.0,95.0,95.0,95.0,11077,0.0,0.0
2024-06-21,95.0,95.0,95.0,95.0,95.0,19714,0.0,0.0
2024-06-24,95.0,95.0,95.0,95.0,95.0,33885,0.0,0.0
2024-06-25,95.0,95.0,95.0,95.0,95.0,9516,0.0,0.0
2024-06-26,95.0,95.0,95.0,95.0,95.0,0,0.0,0.0
2024-06-27,95.0,95.0,95.0,95.0,95.0,180898,0.0,0.0
2024-06-28,95.0,95.0,95.0,95.0,95.0,46436,0.0,0.0
2024-07-02,95.0,95.0,95.0,95.0,95.0,9710,0.0,0.0
2024-07-03,95.0,95.0,95.0,95.0,95.0,4540,0.0,0.0
2024-07-04,95.0,95.0,95.0,95.0,95.0,28498,0.0,0.0
2024-07-05,95.0,95.0,95.0,95.0,95.0,87585,0.0,0.0
2024-07-08,95.0,95.0,95.0,95.0,95.0,32623,0.0,0.0
2024-07-09,95.0,95.0,95.0,95.0,95.0,8247,0.0,0.0
2024-07-10,95.0,95.0,95.0,95.0,95.0,119117,0.0,0.0
2024-07-11,95.0,95.0,95.0,95.0,95.0,37500,0.0,0.0
2024-07-12,95.0,95.0,95.0,95.0,95.0,187138,0.0,0.0
2024-07-15,95.0,95.0,95.0,95.0,95.0,1106,0.0,0.0
2024-07-16,95.0,95.0,95.0,95.0,95.0,91800,0.0,0.0
2024-07-17,95.0,95.0,95.0,95.0,95.0,6426,0.0,0.0
2024-07-18,95.0,95.0,95.0,95.0,95.0,953,0.0,0.0
2024-07-19,95.0,84.0,84.0,84.0,84.0,2441710,0.0,0.0
2024-07-22,84.0,84.0,84.0,84.0,84.0,179580,0.0,0.0
2024-07-23,84.0,84.0,84.0,84.0,84.0,16332,0.0,0.0
2024-07-24,84.0,80.0,80.0,80.0,80.0,859023,0.0,0.0
2024-07-25,80.0,80.0,80.0,80.0,80.0,38739,0.0,0.0
2024-07-26,80.0,80.0,80.0,80.0,80.0,43294,0.0,0.0
2024-07-29,80.0,80.0,80.0,80.0,80.0,8192,0.0,0.0
2024-07-30,80.0,81.5,81.5,81.5,81.5,1644868,0.0,0.0
2024-07-31,81.5,81.5,81.5,81.5,81.5,106585,0.0,0.0
2024-08-01,81.5,81.5,81.5,81.5,81.5,52005,0.0,0.0
2024-08-02,81.5,81.5,81.5,81.5,81.5,6078,0.0,0.0
2024-08-05,81.5,81.5,81.5,81.5,81.5,80164,0.0,0.0
2024-08-06,81.5,81.5,81.5,81.5,81.5,2472,0.0,0.0
2024-08-07,81.5,81.5,81.5,81.5,81.5,35470,0.0,0.0
2024-08-08,81.5,81.5,81.5,81.5,81.5,35470,0.0,0.0
2024-08-09,81.5,81.5,81.5,81.5,81.5,88329,0.0,0.0
2024-08-12,81.5,81.5,81.5,81.5,81.5,2522,0.0,0.0
2024-08-13,81.5,81.5,81.5,81.5,81.5,10802,0.0,0.0
2024-08-14,81.5,81.5,81.5,81.5,81.5,39430,0.0,0.0
2024-08-15,81.5,81.5,81.5,81.5,81.5,17795,0.0,0.0
2024-08-16,81.5,81.5,81.5,81.5,81.5,16725,0.0,0.0
2024-08-20,81.5,81.5,81.5,81.5,81.5,25557,0.0,0.0
2024-08-21,81.5,81.5,81.5,81.5,81.5,0,0.0,0.0
2024-08-22,81.5,81.5,81.5,81.5,81.5,182361,0.0,0.0
2024-08-23,81.5,81.5,81.5,81.5,81.5,27232,0.0,0.0
2024-08-26,81.5,81.5,81.5,81.5,81.5,20881,0.0,0.0
2024-08-27,81.5,81.5,81.5,81.5,81.5,296834,0.0,0.0
2024-08-28,81.5,81.5,81.5,81.5,81.5,58006,0.0,0.0
2024-08-29,81.5,81.5,81.5,81.5,81.5,77923,0.0,0.0
2024-08-30,81.5,81.5,81.5,81.5,81.5,40881,0.0,0.0
2024-09-02,81.5,81.5,81.5,81.5,81.5,20849,0.0,0.0
2024-09-03,81.5,81.5,81.5,81.5,81.5,107708,0.0,0.0
2024-09-04,81.5,81.5,81.5,81.5,81.5,141167,0.0,0.0
2024-09-05,81.5,81.5,81.0,81.0,81.0,997951,0.0,0.0
2024-09-06,81.0,81.0,81.0,81.0,81.0,5386,0.0,0.0
2024-09-09,81.0,85.5,80.0,85.5,85.5,370994,0.0,0.0
2024-09-10,85.5,85.5,85.5,85.5,85.5,11538,0.0,0.0
2024-09-11,85.5,80.0,80.0,80.0,80.0,516637,0.0,0.0
2024-09-12,80.0,80.0,80.0,80.0,80.0,1000,0.0,0.0
2024-09-13,80.0,80.0,80.0,80.0,80.0,20549,0.0,0.0
2024-09-16,80.0,80.0,80.0,80.0,80.0,42620,0.0,0.0
2024-09-17,80.0,80.0,80.0,80.0,80.0,0,0.0,0.0
2024-09-18,80.0,80.0,80.0,80.0,80.0,39745,0.0,0.0
2024-09-19,80.0,80.0,80.0,80.0,80.0,100087,0.0,0.0
2024-09-20,80.0,80.0,80.0,80.0,80.0,20587,0.0,0.0
2024-09-23,80.0,80.0,80.0,80.0,80.0,15566,0.0,0.0
2024-09-24,80.0,80.0,80.0,80.0,80.0,183467,0.0,0.0
2024-09-25,80.0,75.0,75.0,75.0,75.0,623584,0.0,0.0
2024-09-26,75.0,75.0,75.0,75.0,75.0,953,0.0,0.0
2024-09-27,75.0,75.0,75.0,75.0,75.0,91754,0.0,0.0
2024-09-30,75.0,80.0,80.0,80.0,80.0,456990,0.0,0.0
2024-10-01,80.0,80.0,80.0,80.0,80.0,25367,0.0,0.0
2024-10-02,80.0,80.0,80.0,80.0,80.0,156177,0.0,0.0
2024-10-03,80.0,80.0,80.0,80.0,80.0,3624,0.0,0.0
2024-10-04,80.0,80.0,80.0,80.0,80.0,6413,0.0,0.0
2024-10-07,80.0,80.0,80.0,80.0,80.0,25678,0.0,0.0
2024-10-08,80.0,80.0,80.0,80.0,80.0,51025,0.0,0.0
2024-10-09,80.0,80.0,80.0,80.0,80.0,27223,0.0,0.0
2024-10-10,80.0,80.0,80.0,80.0,80.0,47066,0.0,0.0
2024-10-11,80.0,80.0,80.0,80.0,80.0,29300,0.0,0.0
2024-10-15,80.0,80.0,80.0,80.0,80.0,24790,0.0,0.0
2024-10-16,80.0,80.0,80.0,80.0,80.0,11257,0.0,0.0
2024-10-17,80.0,80.0,80.0,80.0,80.0,10186,0.0,0.0
2024-10-18,80.0,80.0,80.0,80.0,80.0,45357,0.0,0.0
2024-10-21,80.0,80.0,80.0,80.0,80.0,113896,0.0,0.0
2024-10-22,80.0,80.0,80.0,80.0,80.0,79363,0.0,0.0
2024-10-23,80.0,80.0,80.0,80.0,80.0,1068475,0.0,0.0
2024-10-24,80.0,80.0,80.0,80.0,80.0,430,0.0,0.0
2024-10-25,80.0,80.0,80.0,80.0,80.0,7076,0.0,0.0
2024-10-28,80.0,80.0,80.0,80.0,80.0,34512,0.0,0.0
2024-10-29,80.0,80.0,80.0,80.0,80.0,6330,0.0,0.0
2024-10-30,80.0,80.0,80.0,80.0,80.0,43209,0.0,0.0
2024-10-31,80.0,80.0,80.0,80.0,80.0,131051,0.0,0.0
2024-11-01,80.0,80.0,80.0,80.0,80.0,1250,0.0,0.0
2024-11-05,80.0,80.0,80.0,80.0,80.0,2185,0.0,0.0
2024-11-06,80.0,80.0,80.0,80.0,80.0,45034,0.0,0.0
2024-11-07,80.0,80.0,80.0,80.0,80.0,31593,0.0,0.0
2024-11-08,80.0,80.0,80.0,80.0,80.0,35818,0.0,0.0
2024-11-12,80.0,80.0,80.0,80.0,80.0,5652,0.0,0.0
2024-11-13,80.0,80.0,80.0,80.0,80.0,52647,0.0,0.0
2024-11-14,80.0,80.0,80.0,80.0,80.0,59252,0.0,0.0
2024-11-15,80.0,80.0,80.0,80.0,80.0,120139,0.0,0.0
2024-11-18,80.0,80.0,80.0,80.0,80.0,62798,0.0,0.0
2024-11-19,80.0,80.0,80.0,80.0,80.0,68662,0.0,0.0
2024-11-20,80.0,80.0,80.0,80.0,80.0,2621,0.0,0.0
2024-11-21,80.0,80.0,80.0,80.0,80.0,20714,0.0,0.0
2024-11-22,80.0,79.5,79.5,79.5,79.5,574157,0.0,0.0
2024-11-25,79.5,79.5,79.5,79.5,79.5,205019,0.0,0.0
2024-11-26,79.5,79.5,79.5,79.5,79.5,1753,0.0,0.0
2024-11-27,79.5,79.5,79.5,79.5,79.5,6783,0.0,0.0
2024-11-28,79.5,74.0,74.0,74.0,74.0,380429,0.0,0.0
2024-11-29,74.0,74.0,74.0,74.0,74.0,63776,0.0,0.0
2024-12-02,74.0,74.0,74.0,74.0,74.0,60643,0.0,0.0
2024-12-03,74.0,74.0,74.0,74.0,74.0,42893,0.0,0.0
2024-12-04,74.0,74.0,74.0,74.0,74.0,40513,0.0,0.0
2024-12-05,74.0,74.0,74.0,74.0,74.0,33558,0.0,0.0
2024-12-06,74.0,74.0,74.0,74.0,74.0,89566,0.0,0.0
2024-12-09,74.0,74.0,74.0,74.0,74.0,72840,0.0,0.0
2024-12-10,74.0,74.0,74.0,74.0,74.0,176549,0.0,0.0
2024-12-11,74.0,74.0,74.0,74.0,74.0,137495,0.0,0.0
2024-12-12,74.0,74.0,74.0,74.0,74.0,476275,0.0,0.0
2024-12-13,74.0,74.0,74.0,74.0,74.0,137800,0.0,0.0
2024-12-16,74.0,74.0,74.0,74.0,74.0,496774,0.0,0.0
2024-12-17,74.0,74.0,74.0,74.0,74.0,24713,0.0,0.0
2024-12-18,74.0,74.0,74.0,74.0,74.0,102454,0.0,0.0
2024-12-19,74.0,74.0,74.0,74.0,74.0,43100,0.0,0.0
2024-12-20,74.0,74.0,74.0,74.0,74.0,62450,0.0,0.0
2024-12-23,74.0,74.0,74.0,74.0,74.0,63067,0.0,0.0
2024-12-24,74.0,74.0,74.0,74.0,74.0,66112,0.0,0.0
2024-12-25,74.0,74.0,74.0,74.0,74.0,0,0.0,0.0
2024-12-26,74.0,74.0,74.0,74.0,74.0,14457,0.0,0.0
2024-12-27,74.0,74.0,74.0,74.0,74.0,43685,0.0,0.0
2024-12-30,74.0,74.0,74.0,74.0,74.0,2075,0.0,0.0
2024-12-31,74.0,74.0,74.0,74.0,74.0,0,0.0,0.0
2025-01-02,74.0,74.0,74.0,74.0,74.0,31522,0.0,0.0
2025-01-03,74.0,74.0,74.0,74.0,74.0,151428,0.0,0.0
2025-01-07,74.0,74.0,74.0,74.0,74.0,103380,0.0,0.0
2025-01-08,74.0,74.0,74.0,74.0,74.0,304130,0.0,0.0
2025-01-09,74.0,74.0,74.0,74.0,74.0,254720,0.0,0.0
2025-01-10,74.0,74.0,74.0,74.0,74.0,24043,0.0,0.0
2025-01-13,74.0,74.0,74.0,74.0,74.0,16869,0.0,0.0
2025-01-14,74.0,74.0,74.0,74.0,74.0,108910,0.0,0.0
2025-01-15,74.0,74.0,74.0,74.0,74.0,76751,0.0,0.0
2025-01-16,74.0,74.0,74.0,74.0,74.0,92475,0.0,0.0
2025-01-17,74.0,74.0,74.0,74.0,74.0,95450,0.0,0.0
2025-01-20,74.0,68.0,68.0,68.0,68.0,965376,0.0,0.0
2025-01-21,68.0,68.0,68.0,68.0,68.0,0,0.0,0.0
2025-01-22,68.0,68.0,68.0,68.0,68.0,1653123,0.0,0.0
2025-01-23,68.0,68.0,68.0,68.0,68.0,8028,0.0,0.0
2025-01-24,68.0,68.0,68.0,68.0,68.0,766542,0.0,0.0
2025-01-27,68.0,68.0,68.0,68.0,68.0,15164,0.0,0.0
2025-01-28,68.0,68.0,68.0,68.0,68.0,2039292,0.0,0.0
2025-01-29,68.0,68.0,68.0,68.0,68.0,748751,0.0,0.0
2025-01-30,68.0,68.0,68.0,68.0,68.0,336364,0.0,0.0
2025-01-31,68.0,68.0,68.0,68.0,68.0,213085,0.0,0.0
2025-02-03,68.0,68.0,68.0,68.0,68.0,1216488,0.0,0.0
2025-02-04,68.0,68.0,68.0,68.0,68.0,471403,0.0,0.0
2025-02-05,68.0,68.0,68.0,68.0,68.0,93509,0.0,0.0
2025-02-06,68.0,68.0,68.0,68.0,68.0,20658,0.0,0.0
2025-02-07,68.0,68.0,68.0,68.0,68.0,249526,0.0,0.0
2025-02-10,68.0,68.0,68.0,68.0,68.0,31767,0.0,0.0
2025-02-11,68.0,68.0,68.0,68.0,68.0,329905,0.0,0.0
2025-02-12,68.0,68.0,68.0,68.0,68.0,871658,0.0,0.0
2025-02-13,68.0,68.0,68.0,68.0,68.0,160676,0.0,0.0
2025-02-14,68.0,68.0,68.0,68.0,68.0,1705750,0.0,0.0
2025-02-17,68.0,68.0,68.0,68.0,68.0,130471,0.0,0.0
2025-02-18,68.0,68.0,68.0,68.0,68.0,282209,0.0,0.0
2025-02-19,68.0,68.0,68.0,68.0,68.0,71750,0.0,0.0
2025-02-20,68.0,68.0,68.0,68.0,68.0,1958202,0.0,0.0
2025-02-21,68.0,68.0,68.0,68.0,68.0,1701102,0.0,0.0
2025-02-24,68.0,68.0,68.0,68.0,68.0,254697,0.0,0.0
2025-02-25,68.0,68.0,68.0,68.0,68.0,258164,0.0,0.0
2025-02-26,68.0,59.0,52.0,52.0,52.0,7799436,0.0,0.0
2025-02-27,52.0,59.0,55.5,59.0,59.0,5255317,0.0,0.0
2025-02-28,59.0,59.0,59.0,59.0,59.0,1340540,0.0,0.0
2025-03-03,59.0,59.0,59.0,59.0,59.0,50806,0.0,0.0
2025-03-04,59.0,59.0,59.0,59.0,59.0,322864,0.0,0.0
2025-03-05,59.0,59.0,59.0,59.0,59.0,19081,0.0,0.0
2025-03-06,59.0,55.0,55.0,55.0,55.0,1081077,0.0,0.0
2025-03-07,55.0,52.5,52.0,52.0,52.0,1680874,0.0,0.0
2025-03-10,52.0,52.0,52.0,52.0,52.0,850508,0.0,0.0
2025-03-11,52.0,52.0,52.0,52.0,52.0,178383,0.0,0.0
2025-03-12,52.0,52.0,52.0,52.0,52.0,28699,0.0,0.0
2025-03-13,52.0,52.0,52.0,52.0,52.0,106292,0.0,0.0
2025-03-14,52.0,52.0,52.0,52.0,52.0,11039,0.0,0.0
2025-03-17,52.0,52.0,52.0,52.0,52.0,19300,0.0,0.0
2025-03-18,52.0,52.0,52.0,52.0,52.0,313242,0.0,0.0
2025-03-19,52.0,52.0,52.0,52.0,52.0,14911,0.0,0.0
2025-03-20,52.0,52.0,52.0,52.0,52.0,200280,0.0,0.0
2025-03-21,52.0,52.0,52.0,52.0,52.0,0,0.0,0.0
2025-03-24,52.0,52.0,52.0,52.0,52.0,0,0.0,0.0
2025-03-25,52.0,50.0,50.0,50.0,50.0,494429,0.0,0.0
2025-03-26,50.0,50.0,50.0,50.0,50.0,167539,0.0,0.0
2025-03-27,50.0,46.5,46.5,46.5,46.5,1970077,0.0,0.0
2025-03-28,46.5,46.5,46.5,46.5,46.5,29477,0.0,0.0
2025-03-31,46.5,46.5,46.5,46.5,46.5,90000,0.0,0.0
2025-04-01,46.5,51.0,51.0,51.0,51.0,518746,0.0,0.0
2025-04-02,51.0,51.0,51.0,51.0,51.0,29250,0.0,0.0
2025-04-03,51.0,51.0,51.0,51.0,51.0,361605,0.0,0.0
2025-04-04,51.0,51.0,51.0,51.0,51.0,273307,0.0,0.0
2025-04-07,51.0,51.0,51.0,51.0,51.0,43232,0.0,0.0
2025-04-08,51.0,51.0,51.0,51.0,51.0,47471,0.0,0.0
2025-04-09,51.0,51.0,51.0,51.0,51.0,47749,0.0,0.0
2025-04-10,51.0,51.0,51.0,51.0,51.0,1602,0.0,0.0
2025-04-11,51.0,51.0,51.0,51.0,51.0,245960,0.0,0.0
2025-04-14,51.0,51.0,51.0,51.0,51.0,172000,0.0,0.0
2025-04-15,51.0,51.0,51.0,51.0,51.0,88872,0.0,0.0
2025-04-16,51.0,51.0,51.0,51.0,51.0,102802,0.0,0.0
2025-04-17,51.0,51.0,51.0,51.0,51.0,0,0.0,0.0
2025-04-18,51.0,51.0,51.0,51.0,51.0,0,0.0,0.0
2025-04-21,51.0,51.0,51.0,51.0,51.0,194192,0.0,0.0
2025-04-22,51.0,51.0,51.0,51.0,51.0,75154,0.0,0.0
2025-04-23,51.0,51.0,51.0,51.0,51.0,152242,0.0,0.0
2025-04-24,51.0,51.0,51.0,51.0,51.0,115233,0.0,0.0
2025-04-25,51.0,51.0,51.0,51.0,51.0,212223,0.0,0.0
2025-04-28,51.0,51.0,51.0,51.0,51.0,185273,0.0,0.0
2025-04-29,51.0,51.0,51.0,51.0,51.0,306262,0.0,0.0
2025-04-30,51.0,51.0,51.0,51.0,51.0,537822,0.0,0.0
2025-05-01,51.0,51.0,51.0,51.0,51.0,0,0.0,0.0
2025-05-02,51.0,51.0,51.0,51.0,51.0,17817,0.0,0.0
2025-05-05,51.0,51.0,51.0,51.0,51.0,75672,0.0,0.0
2025-05-06,51.0,51.0,51.0,51.0,51.0,537822,0.0,0.0
2025-05-07,51.0,51.0,51.0,51.0,51.0,418668,0.0,0.0
2025-05-08,51.0,51.0,51.0,51.0,51.0,424200,0.0,0.0
2025-05-09,51.0,51.0,51.0,51.0,51.0,209533,0.0,0.0
2025-05-12,51.0,50.0,54.0,54.0,54.0,2611619,0.0,0.0
2025-05-13,54.0,54.0,54.0,54.0,54.0,201217,0.0,0.0
2025-05-14,54.0,53.0,53.0,53.0,53.0,1518117,0.0,0.0
2025-05-15,53.0,53.0,53.0,53.0,53.0,54401,0.0,0.0
2025-05-16,53.0,53.0,53.0,53.0,53.0,144397,0.0,0.0
2025-05-19,53.0,53.0,53.0,53.0,53.0,6231,0.0,0.0
2025-05-20,53.0,53.0,53.0,53.0,53.0,573011,0.0,0.0
2025-05-21,53.0,57.0,57.0,57.0,57.0,237689,0.0,0.0
2025-05-22,57.0,57.0,57.0,57.0,57.0,28106,0.0,0.0
2025-05-23,57.0,57.0,57.0,57.0,57.0,48297,0.0,0.0
2025-05-26,57.0,57.0,57.0,57.0,57.0,30809,0.0,0.0
2025-05-27,57.0,57.0,57.0,57.0,57.0,91115,0.0,0.0
2025-05-28,57.0,57.0,57.0,57.0,57.0,101384,0.0,0.0
2025-05-29,57.0,57.0,57.0,57.0,57.0,61130,0.0,0.0
2025-05-30,57.0,57.0,57.0,57.0,57.0,185083,0.0,0.0
2025-06-03,57.0,57.0,57.0,57.0,57.0,56659,0.0,0.0
2025-06-04,57.0,57.0,57.0,57.0,57.0,44147,0.0,0.0
2025-06-05,57.0,55.0,55.0,55.0,55.0,1067396,0.0,0.0
2025-06-06,55.0,55.0,55.0,55.0,55.0,374043,0.0,0.0
2025-06-09,55.0,55.0,55.0,55.0,55.0,3966,0.0,0.0
2025-06-10,55.0,55.0,55.0,55.0,55.0,233787,0.0,0.0
2025-06-11,55.0,55.0,55.0,55.0,55.0,6476,0.0,0.0
2025-06-12,55.0,55.0,55.0,55.0,55.0,26793,0.0,0.0
2025-06-13,55.0,55.0,55.0,55.0,55.0,39350,0.0,0.0
2025-06-16,55.0,55.0,55.0,55.0,55.0,89275,0.0,0.0
2025-06-17,55.0,55.0,55.0,55.0,55.0,18120,0.0,0.0
2025-06-18,55.0,55.0,55.0,55.0,55.0,17273,0.0,0.0
2025-06-19,55.0,55.0,55.0,55.0,55.0,72946,0.0,0.0
2025-06-20,55.0,55.0,55.0,55.0,55.0,31897,0.0,0.0
2025-06-24,55.0,55.0,55.0,55.0,55.0,1350,0.0,0.0
2025-06-25,55.0,55.0,55.0,55.0,55.0,66483,0.0,0.0
2025-06-26,55.0,55.0,55.0,55.0,55.0,224674,0.0,0.0
2025-06-27,55.0,55.0,55.0,55.0,55.0,14702,0.0,0.0
2025-06-30,55.0,55.0,55.0,55.0,55.0,0,0.0,0.0
2025-07-01,55.0,57.0,57.0,57.0,57.0,857991,0.0,0.0
2025-07-02,57.0,57.0,57.0,57.0,57.0,123073,0.0,0.0
2025-07-03,57.0,57.0,57.0,57.0,57.0,14581,0.0,0.0
2025-07-04,57.0,55.0,55.0,55.0,55.0,893134,0.0,0.0
2025-07-07,55.0,55.0,55.0,55.0,55.0,80218,0.0,0.0
2025-07-08,55.0,55.0,55.0,55.0,55.0,25930,0.0,0.0
2025-07-09,55.0,55.0,55.0,55.0,55.0,0,0.0,0.0
2025-07-10,55.0,55.0,55.0,55.0,55.0,1773,0.0,0.0
2025-07-11,55.0,55.0,55.0,55.0,55.0,48105,0.0,0.0
2025-07-14,55.0,55.0,55.0,55.0,55.0,4173,0.0,0.0
2025-07-15,55.0,55.0,55.0,55.0,55.0,2458,0.0,0.0
2025-07-16,55.0,55.0,55.0,55.0,55.0,51741,0.0,0.0
2025-07-17,55.0,55.0,55.0,55.0,55.0,405277,0.0,0.0
2025-07-18,55.0,52.5,52.5,52.5,52.5,352058,0.0,0.0
2025-07-21,52.5,52.5,52.5,52.5,52.5,280300,0.0,0.0
2025-07-22,52.5,52.5,52.5,52.5,52.5,315953,0.0,0.0
2025-07-23,52.5,52.5,52.5,52.5,52.5,18388,0.0,0.0
2025-07-24,52.5,52.5,52.5,52.5,52.5,0,0.0,0.0
2025-07-25,52.5,52.5,52.5,52.5,52.5,300,0.0,0.0
2025-07-28,52.5,52.5,52.5,52.5,52.5,44449,0.0,0.0
2025-07-29,52.5,52.5,52.5,52.5,52.5,170590,0.0,0.0
2025-07-30,52.5,52.5,52.5,52.5,52.5,3100,0.0,0.0
2025-07-31,52.5,52.5,52.5,52.5,52.5,5219,0.0,0.0
2025-08-01,52.5,52.5,52.5,52.5,52.5,138420,0.0,0.0
2025-08-04,52.5,52.5,52.5,52.5,52.5,0,0.0,0.0
2025-08-05,52.5,52.5,52.5,52.5,52.5,77785,0.0,0.0
2025-08-06,52.5,52.5,52.5,52.5,52.5,100496,0.0,0.0
2025-08-08,52.5,52.5,52.5,52.5,52.5,184790,0.0,0.0
2025-08-11,52.5,52.5,52.5,52.5,52.5,7,0.0,0.0
2025-08-12,52.5,52.5,52.5,52.5,52.5,164504,0.0,0.0
2025-08-13,52.5,49.5,49.5,49.5,49.5,204329,0.0,0.0
2025-08-14,49.5,49.5,49.5,49.5,49.5,80589,0.0,0.0
2025-08-15,49.5,49.5,49.5,49.5,49.5,117392,0.0,0.0
2025-08-19,49.5,49.5,49.5,49.5,49.5,77319,0.0,0.0
2025-08-20,49.5,49.5,49.5,49.5,49.5,160810,0.0,0.0
2025-08-21,49.5,50.0,50.0,50.0,50.0,1239411,0.0,0.0
2025-08-22,50.0,50.0,50.0,50.0,50.0,219360,0.0,0.0
2025-08-25,50.0,50.0,50.0,50.0,50.0,176774,0.0,0.0
2025-08-26,50.0,50.0,50.0,50.0,50.0,61224,0.0,0.0
2025-08-27,50.0,50.0,50.0,50.0,50.0,13270,0.0,0.0
2025-08-28,50.0,50.0,50.0,50.0,50.0,391342,0.0,0.0
2025-08-29,50.0,50.0,50.0,50.0,50.0,21298,0.0,0.0
2025-09-01,50.0,50.0,50.0,50.0,50.0,384609,0.0,0.0
2025-09-02,50.0,50.0,50.0,50.0,50.0,0,0.0,0.0
2025-09-03,50.0,50.0,50.0,50.0,50.0,178029,0.0,0.0
2025-09-04,50.0,50.0,50.0,50.0,50.0,13651,0.0,0.0
2025-09-05,50.0,50.0,50.0,50.0,50.0,82722,0.0,0.0
2025-09-08,50.0,50.0,50.0,50.0,50.0,31984,0.0,0.0
2025-09-09,50.0,50.0,50.0,50.0,50.0,73204,0.0,0.0
2025-09-10,50.0,50.0,50.0,50.0,50.0,440,0.0,0.0
2025-09-11,50.0,50.0,50.0,50.0,50.0,10000,0.0,0.0
2025-09-12,50.0,50.0,50.0,50.0,50.0,128960,0.0,0.0
2025-09-15,50.0,50.0,50.0,50.0,50.0,1703,0.0,0.0
2025-09-16,50.0,50.0,50.0,50.0,50.0,820,0.0,0.0
2025-09-17,50.0,50.0,50.0,50.0,50.0,6390,0.0,0.0
2025-09-18,50.0,50.0,50.0,50.0,50.0,13248,0.0,0.0
2025-09-19,50.0,50.0,50.0,50.0,50.0,1276998,0.0,0.0
2025-09-22,50.0,50.0,50.0,50.0,50.0,122331,0.0,0.0
2025-09-23,50.0,50.0,50.0,50.0,50.0,0,0.0,0.0
2025-09-24,50.0,50.0,50.0,50.0,50.0,20180,0.0,0.0
2025-09-25,50.0,50.0,50.0,50.0,50.0,112487,0.0,0.0
2025-09-26,50.0,50.0,50.0,50.0,50.0,4565,0.0,0.0
2025-09-29,50.0,50.0,50.0,50.0,50.0,129500,0.0,0.0
2025-09-30,50.0,50.0,50.0,50.0,50.0,384609,0.0,0.0
2025-10-01,50.0,50.0,50.0,50.0,50.0,74092,0.0,0.0
2025-10-02,50.0,50.0,50.0,50.0,50.0,107793,0.0,0.0
2025-10-03,50.0,50.0,50.0,50.0,50.0,31902,0.0,0.0
2025-10-06,50.0,50.0,50.0,50.0,50.0,1121734,0.0,0.0
2025-10-07,50.0,50.0,50.0,50.0,50.0,67595,0.0,0.0
2025-10-08,50.0,50.0,50.0,50.0,50.0,912,0.0,0.0
2025-10-09,50.0,50.0,50.0,50.0,50.0,25682,0.0,0.0
2025-10-10,50.0,50.0,50.0,50.0,50.0,57494,0.0,0.0
2025-10-14,50.0,50.0,50.0,50.0,50.0,9243,0.0,0.0
2025-10-15,50.0,50.0,50.0,50.0,50.0,29607,0.0,0.0
2025-10-16,50.0,50.0,50.0,50.0,50.0,301500,0.0,0.0
2025-10-17,50.0,50.0,50.0,50.0,50.0,24472,0.0,0.0
2025-10-20,50.0,50.0,50.0,50.0,50.0,36951,0.0,0.0
2025-10-21,50.0,50.0,50.0,50.0,50.0,3302,0.0,0.0
2025-10-22,50.0,50.0,50.0,50.0,50.0,102986,0.0,0.0
2025-10-23,50.0,50.0,50.0,50.0,50.0,6166,0.0,0.0
2025-10-24,50.0,50.0,50.0,50.0,50.0,0,0.0,0.0
2025-10-27,50.0,50.0,50.0,50.0,50.0,301112,0.0,0.0
2025-10-28,50.0,50.0,50.0,50.0,50.0,23644,0.0,0.0
2025-10-29,50.0,50.0,50.0,50.0,50.0,272530,0.0,0.0
2025-10-30,50.0,50.0,50.0,50.0,50.0,420599,0.0,0.0
2025-10-31,50.0,50.0,50.0,50.0,50.0,883,0.0,0.0
2025-11-04,50.0,50.0,50.0,50.0,50.0,35970,0.0,0.0
2025-11-05,50.0,50.0,50.0,50.0,50.0,10555,0.0,0.0
2025-11-06,50.0,50.0,50.0,50.0,50.0,138847,0.0,0.0
2025-11-07,50.0,50.0,50.0,50.0,50.0,639924,0.0,0.0
2025-11-10,50.0,50.0,50.0,50.0,50.0,37088,0.0,0.0
2025-11-11,50.0,50.0,50.0,50.0,50.0,196961,0.0,0.0
2025-11-12,50.0,50.0,50.0,50.0,50.0,55690,0.0,0.0
2025-11-13,50.0,50.0,50.0,50.0,50.0,433341,0.0,0.0
2025-11-14,50.0,50.0,50.0,50.0,50.0,82792,0.0,0.0
2025-11-18,50.0,50.0,50.0,50.0,50.0,152099,0.0,0.0
2025-11-19,50.0,50.0,50.0,50.0,50.0,76519,0.0,0.0
2025-11-20,50.0,50.0,50.0,50.0,50.0,337869,0.0,0.0
2025-11-21,50.0,50.0,50.0,50.0,50.0,330770,0.0,0.0
2025-11-24,50.0,50.0,50.0,50.0,50.0,382932,0.0,0.0
2025-11-25,50.0,50.0,50.0,50.0,50.0,44551,0.0,0.0
2025-11-26,50.0,50.0,50.0,50.0,50.0,221578,0.0,0.0
2025-11-27,50.0,50.0,50.0,50.0,50.0,34890,0.0,0.0
2025-11-28,50.0,46.5,46.5,46.5,46.5,224363,0.0,0.0
2025-12-01,46.5,46.5,46.5,46.5,46.5,151937,0.0,0.0
2025-12-02,46.5,46.5,46.5,46.5,46.5,13271,0.0,0.0
2025-12-03,50.0,50.0,50.0,50.0,50.0,35970,0.0,0.0
2025-12-04,46.5,46.5,46.5,46.5,46.5,51560,0.0,0.0
2025-12-05,46.5,46.5,46.5,46.5,46.5,10947,0.0,0.0
2025-12-09,46.5,46.5,46.5,46.5,46.5,81906,0.0,0.0
2025-12-10,46.5,46.5,46.5,46.5,46.5,109969,0.0,0.0
2025-12-11,46.5,46.5,46.5,46.5,46.5,214792,0.0,0.0
2025-12-12,46.5,46.5,46.5,46.5,46.5,51787,0.0,0.0
2025-12-15,46.5,46.5,46.5,46.5,46.5,327897,0.0,0.0
2025-12-16,46.5,46.5,46.5,46.5,46.5,143395,0.0,0.0
2025-12-17,46.5,46.5,46.5,46.5,46.5,9142,0.0,0.0
2025-12-18,46.5,46.5,46.5,46.5,46.5,57824,0.0,0.0
2025-12-19,46.5,46.5,46.5,46.5,46.5,21067,0.0,0.0
2025-12-22,46.5,46.5,46.5,46.5,46.5,21205,0.0,0.0
2025-12-23,46.5,46.5,46.5,46.5,46.5,150526,0.0,0.0
2025-12-24,46.5,46.5,46.5,46.5,46.5,14744,0.0,0.0
2025-12-25,46.5,46.5,46.5,46.5,46.5,0,0.0,0.0
2025-12-26,46.5,46.5,46.5,46.5,46.5,37015,0.0,0.0
2025-12-29,46.5,46.5,46.5,46.5,46.5,77766,0.0,0.0
2025-12-30,46.5,46.5,46.5,46.5,46.5,52358,0.0,0.0
2025-12-31,46.5,46.5,46.5,46.5,46.5,0,0.0,0.0
2026-01-02,46.5,46.5,46.5,46.5,46.5,29831,0.0,0.0
2026-01-05,46.5,46.5,46.5,46.5,46.5,47616,0.0,0.0
2026-01-06,46.5,46.5,46.5,46.5,46.5,201789,0.0,0.0
2026-01-07,46.5,46.5,46.5,46.5,46.5,1694,0.0,0.0
2026-01-08,46.5,46.5,46.5,46.5,46.5,19908,0.0,0.0
2026-01-09,46.5,46.5,46.5,46.5,46.5,10809,0.0,0.0
2026-01-13,46.5,46.5,46.5,46.5,46.5,597347,0.0,0.0
2026-01-14,46.5,46.5,46.5,46.5,46.5,6559,0.0,0.0
2026-01-15,46.5,46.5,46.5,46.5,46.5,62421,0.0,0.0
2026-01-16,46.5,46.5,46.5,46.5,46.5,5943,0.0,0.0
2026-01-19,46.5,46.5,46.5,46.5,46.5,193984,0.0,0.0
2026-01-20,46.5,46.5,46.5,46.5,46.5,62500,0.0,0.0
2026-01-21,46.5,46.5,46.5,46.5,46.5,403896,0.0,0.0
2026-01-22,46.5,46.5,46.5,46.5,46.5,289462,0.0,0.0
2026-01-23,46.5,46.5,46.5,46.5,46.5,209812,0.0,0.0
2026-01-26,46.5,46.5,46.5,46.5,46.5,19187,0.0,0.0
2026-01-27,46.5,46.5,46.5,46.5,46.5,373515,0.0,0.0
2026-01-28,46.5,50.0,50.0,50.0,50.0,753722,0.0,0.0
2026-01-29,50.0,50.0,50.0,50.0,50.0,593437,0.0,0.0
2026-01-30,50.0,50.0,50.0,50.0,50.0,125714,0.0,0.0
2026-02-02,50.0,50.0,50.0,50.0,50.0,1355979,0.0,0.0
2026-02-03,50.0,50.0,50.0,50.0,50.0,414462,0.0,0.0
2026-02-04,50.0,50.0,50.0,50.0,50.0,262682,0.0,0.0
2026-02-05,50.0,50.0,50.0,50.0,50.0,219362,0.0,0.0
2026-02-06,50.0,50.0,50.0,50.0,50.0,17236,0.0,0.0
2026-02-09,50.0,50.0,50.0,50.0,50.0,109054,0.0,0.0
2026-02-10,50.0,50.0,50.0,50.0,50.0,51127,0.0,0.0
2026-02-11,50.0,50.0,50.0,50.0,50.0,10125,0.0,0.0
2026-02-12,50.0,50.0,50.0,50.0,50.0,14584,0.0,0.0
2026-02-13,50.0,50.0,50.0,50.0,50.0,5520,0.0,0.0
2026-02-16,50.0,50.0,50.0,50.0,50.0,175811,0.0,0.0
2026-02-17,50.0,50.0,50.0,50.0,50.0,111999,0.0,0.0
2026-02-18,50.0,50.0,50.0,50.0,50.0,35519,0.0,0.0
2026-02-19,50.0,50.0,50.0,50.0,50.0,80114,0.0,0.0
2026-02-20,50.0,50.0,50.0,50.0,50.0,66503,0.0,0.0
2026-02-23,50.0,50.0,50.0,50.0,50.0,1049110,0.0,0.0
2026-02-24,50.0,50.0,50.0,50.0,50.0,33606,0.0,0.0
2026-02-25,50.0,50.0,50.0,50.0,50.0,9822,0.0,0.0
2026-02-26,50.0,49.79999923706055,49.79999923706055,49.79999923706055,49.79999923706055,282188,0.0,0.0
2026-02-27,49.79999923706055,49.79999923706055,49.79999923706055,49.79999923706055,49.79999923706055,151728,0.0,0.0
2026-03-02,49.79999923706055,48.099998474121094,48.099998474121094,48.099998474121094,48.099998474121094,624706,0.0,0.0
2026-03-03,48.099998474121094,48.099998474121094,48.099998474121094,48.099998474121094,48.099998474121094,69826,0.0,0.0
2026-03-04,48.099998474121094,48.099998474121094,48.099998474121094,48.099998474121094,48.099998474121094,69826,0.0,0.0
2026-03-05,48.099998474121094,55.0,55.0,55.0,55.0,516293,0.0,0.0
2026-03-06,55.0,55.0,55.0,55.0,55.0,140278,0.0,0.0
2026-03-09,55.0,55.0,55.0,55.0,55.0,172035,0.0,0.0
2026-03-11,55.0,50.0,50.0,50.0,50.0,929304,0.0,0.0
2026-03-12,50.0,50.0,50.0,50.0,50.0,19823,0.0,0.0
2026-03-13,50.0,50.0,50.0,50.0,50.0,55890,0.0,0.0
2026-03-16,50.0,50.0,50.0,50.0,50.0,4051134,0.0,0.0
2026-03-17,50.0,50.0,50.0,50.0,50.0,5158792,0.0,0.0
2026-03-18,50.0,50.0,50.0,50.0,50.0,39790,0.0,0.0
2026-03-19,50.0,50.0,50.0,50.0,50.0,104057,0.0,0.0
2026-03-20,50.0,50.0,50.0,50.0,50.0,95838,0.0,0.0
2026-03-24,50.0,50.0,50.0,50.0,50.0,4245626,0.0,0.0
2026-03-25,50.0,50.0,50.0,50.0,50.0,24456,0.0,0.0
2026-03-26,50.0,50.0,50.0,50.0,50.0,53077,0.0,0.0
2026-03-27,50.0,50.0,50.0,50.0,50.0,2836,0.0,0.0
2026-03-30,50.0,50.0,50.0,50.0,50.0,6091,0.0,0.0
2026-03-31,50.0,50.0,50.0,50.0,50.0,15669,0.0,0.0
2026-04-01,50.0,50.0,50.0,50.0,50.0,6967,0.0,0.0
2026-04-02,50.0,50.0,50.0,50.0,50.0,0,0.0,0.0
2026-04-03,50.0,50.0,50.0,50.0,50.0,0,0.0,0.0
2026-04-06,50.0,50.0,50.0,50.0,50.0,18201,0.0,0.0
2026-04-07,50.0,51.5,50.0,51.5,51.5,397918,0.0,0.0
2026-04-08,51.5,51.5,51.5,51.5,51.5,115620,0.0,0.0
2026-04-09,51.5,51.5,51.5,51.5,51.5,204000,0.0,0.0
2026-04-10,51.5,51.5,51.5,51.5,51.5,204000,0.0,0.0
2026-04-13,51.5,51.5,51.5,51.5,51.5,0,0.0,0.0
2026-04-14,51.5,51.5,51.5,51.5,51.5,0,0.0,0.0
2026-04-15,51.5,55.0,52.0,54.5,54.5,1115101,0.0,0.0
2026-04-16,54.5,54.5,54.5,54.5,54.5,171728,0.0,0.0
2026-04-17,54.5,54.5,54.5,54.5,54.5,169966,0.0,0.0
2026-04-20,54.5,54.5,54.5,54.5,54.5,151672,0.0,0.0
2026-04-21,54.5,54.5,54.5,54.5,54.5,90292,0.0,0.0
2026-04-22,54.5,54.5,54.5,54.5,54.5,87328,0.0,0.0
2026-04-23,54.5,54.5,54.5,54.5,54.5,48730,0.0,0.0
2026-04-24,54.5,54.5,54.5,54.5,54.5,63642,0.0,0.0
2026-04-27,54.5,54.5,54.5,54.5,54.5,35429,0.0,0.0
2026-04-28,54.5,54.5,54.5,54.5,54.5,23536,0.0,0.0
2026-04-29,54.5,53.0,53.0,53.0,53.0,1103431,0.0,0.0
2026-04-30,53.0,53.0,53.0,53.0,53.0,101938,0.0,0.0
2026-05-04,53.0,53.0,53.0,53.0,53.0,267706,0.0,0.0
2026-05-05,53.0,53.0,53.0,53.0,53.0,0,0.0,0.0
2026-05-06,52.5,52.5,52.5,52.5,52.5,289289,0.0,0.0
2026-05-07,52.5,52.5,52.5,52.5,52.5,23984,0.0,0.0
2026-05-08,52.5,52.5,52.5,52.5,52.5,12384,0.0,0.0
2026-05-11,52.5,52.5,52.5,52.5,52.5,29719,0.0,0.0
2026-05-12,52.5,52.5,52.5,52.5,52.5,57515,0.0,0.0
2026-05-13,52.5,52.5,52.5,52.5,52.5,0,0.0,0.0
2026-05-14,52.5,54.5,52.0,53.0,53.0,2893304,0.0,0.0
2026-05-15,53.0,54.5,54.5,54.5,54.5,218207,0.0,0.0
2026-05-19,54.5,53.5,53.5,53.5,53.5,133293,0.0,0.0
2026-05-20,53.5,53.5,53.5,53.5,53.5,11346,0.0,0.0
2026-05-21,53.5,53.5,53.5,53.5,53.5,5735,0.0,0.0
2026-05-22,53.5,54.5,53.5,54.5,54.5,1623111,0.0,0.0
2026-05-25,54.5,54.5,54.5,54.5,54.5,5599,0.0,0.0
2026-05-26,54.5,54.5,54.5,54.5,54.5,17365,0.0,0.0
2026-05-27,54.5,54.5,54.5,54.5,54.5,7000,0.0,0.0
2026-05-28,54.5,54.5,54.5,54.5,54.5,463413,0.0,0.0
2026-06-01,54.5,54.5,54.5,54.5,54.5,50688,0.0,0.0
2026-06-02,54.5,54.5,54.5,54.5,54.5,50688,0.0,0.0
2026-06-03,54.5,54.0,53.5,54.0,54.0,2449482,0.0,0.0
2026-06-04,54.0,55.5,55.5,55.5,55.5,215493,0.0,0.0
2026-06-05,53.0,52.5,52.5,52.5,52.5,224457,0.0,0.0
2026-06-08,52.5,52.5,52.5,52.5,52.5,0,0.0,0.0
2026-06-09,55.5,55.5,55.5,55.5,55.5,79095,0.0,0.0
2026-06-10,55.5,55.5,55.5,55.5,55.5,5538,0.0,0.0
2026-06-11,55.5,53.0,52.5,52.5,52.5,557230,0.0,0.0
2026-06-16,52.5,52.5,52.5,52.5,52.5,74749,0.0,0.0
2026-06-17,52.5,52.5,52.5,52.5,52.5,183401,0.0,0.0
2026-06-18,52.5,52.5,52.5,52.5,52.5,0,0.0,0.0
2026-06-19,52.5,52.5,52.5,52.5,52.5,0,0.0,0.0
2026-06-22,52.0,55.0,51.0,55.0,55.0,1011840,0.0,0.0
2026-06-23,55.0,63.5,57.5,63.0,63.0,3606774,0.0,0.0
2026-06-24,63.0,63.5,63.5,63.5,63.5,89486,0.0,0.0
2026-06-25,63.5,70.0,66.0,70.0,70.0,451691,0.0,0.0
2026-06-26,70.0,93.0,75.0,82.0,82.0,6377243,0.0,0.0
2026-06-29,82.0,82.0,82.0,82.0,82.0,0,0.0,0.0
2026-06-30,82.0,99.0,92.0,95.5,95.5,3518131,0.0,0.0
2026-07-01,95.5,105.0,100.0,101.0,101.0,3271446,0.0,0.0
2026-07-02,101.0,104.0,74.5,81.0,81.0,2777032,0.0,0.0
2026-07-03,79.0,83.0,79.5,83.0,83.0,632951,0.0,0.0
2026-07-06,83.0,94.0,74.5,78.0,78.0,2215717,0.0,0.0
2026-07-07,78.0,81.5,75.0,77.0,77.0,882569,0.0,0.0
2026-07-08,77.0,77.0,77.0,77.0,77.0,66812,0.0,0.0
2026-07-09,77.0,75.0,74.0,75.0,75.0,378965,0.0,0.0
2026-07-10,75.0,75.0,75.0,75.0,75.0,139072,0.0,0.0
2026-07-14,75.0,75.0,75.0,75.0,75.0,320381,0.0,0.0
2026-07-15,75.0,71.0,70.5,70.5,70.5,609809,0.0,0.0
2026-07-16,70.5,70.5,70.5,70.5,70.5,178451,0.0,0.0
2026-07-17,70.5,71.0,71.0,71.0,71.0,222615,0.0,0.0
2026-07-21,71.0,70.5,70.5,70.5,70.5,191267,0.0,0.0
2026-07-22,70.5,68.0,65.0,65.0,65.0,1276150,0.0,0.0
2026-07-23,65.0,65.0,64.5,65.0,65.0,372998,0.0,0.0
2026-07-24,65.0,65.0,65.0,65.0,65.0,0,0.0,0.0
2026-07-27,68.5,68.5,68.5,68.5,68.5,99541,0.0,0.0
2026-07-28,68.5,72.0,68.5,72.0,72.0,518566,0.0,0.0
2026-07-29,72.0,72.0,72.0,72.0,72.0,93052,0.0,0.0
2026-07-30,72.0,70.0,70.0,70.0,70.0,372253,0.0,0.0
2026-07-31,70.0,70.5,70.0,70.5,70.5,361856,0.0,0.0
2026-08-03,70.5,75.0,75.0,75.0,75.0,406850,0.0,0.0
2026-08-04,75.0,75.0,75.0,75.0,75.0,54679,0.0,0.0
2026-08-05,75.0,75.0,75.0,75.0,75.0,128974,0.0,0.0
2026-08-06,75.0,75.0,75.0,75.0,75.0,89513,0.0,0.0
2026-08-07,75.0,75.0,75.0,75.0,75.0,0,0.0,0.0
2026-08-10,75.0,75.0,75.0,75.0,75.0,118596,0.0,0.0
2026-08-11,75.0,75.0,75.0,75.0,75.0,88305,0.0,0.0
2026-08-12,75.0,75.0,75.0,75.0,75.0,6810,0.0,0.0
2026-08-13,75.0,75.0,75.0,75.0,75.0,2451,0.0,0.0
2026-08-14,75.0,75.0,75.0,75.0,75.0,457040,0.0,0.0
2026-08-18,75.0,75.0,72.5,72.5,72.5,465557,0.0,0.0
2026-08-19,72.5,73.0,71.0,73.0,73.0,536078,0.0,0.0
2026-08-20,73.0,73.0,73.0,73.0,73.0,92312,0.0,0.0
2026-08-21,73.0,72.5,71.5,71.5,71.5,392744,0.0,0.0
2026-08-24,71.5,75.5,74.0,75.0,75.0,1124853,0.0,0.0
2026-08-25,75.0,89.0,77.0,85.0,85.0,1089179,0.0,0.0
2026-08-26,85.0,92.0,89.0,90.5,90.5,1923559,0.0,0.0
2026-08-27,90.5,90.5,90.5,90.5,90.5,55913,0.0,0.0
2026-08-28,90.5,94.0,90.0,94.0,94.0,352924,0.0,0.0
2026-08-31,94.0,91.0,91.0,91.0,91.0,205052,0.0,0.0
2026-09-01,91.0,86.0,83.0,84.0,84.0,982857,0.0,0.0
2026-09-02,84.0,110.0,86.0,109.0,109.0,4019927,0.0,0.0
2026-09-03,109.0,139.0,110.0,127.0,127.0,8956768,0.0,0.0
2026-09-04,127.0,122.0,120.0,122.0,122.0,1001778,0.0,0.0
2026-09-08,142.0,142.0,135.0,136.0,136.0,1473025,0.0,0.0
2026-09-09,137.0,142.0,134.0,137.0,137.0,842655,0.0,0.0
2026-09-10,137.0,135.0,126.0,127.0,127.0,1563709,0.0,0.0
2026-09-11,127.0,127.0,120.0,120.0,120.0,2776295,0.0,0.0
2026-09-14,120.0,126.0,124.0,126.0,126.0,675301,0.0,0.0
