Date,Open,High,Low,Close,Adj Close,Volume,Dividends,Stock Splits
2020-01-01,77000.0,77000.0,77000.0,77000.0,59214.125,0,0.0,0.0
2020-01-02,77000.0,77000.0,77000.0,77000.0,59214.125,0,0.0,0.0
2020-01-03,79000.0,79000.0,79000.0,79000.0,60752.13671875,189,0.0,0.0
2020-01-06,79000.0,79000.0,79000.0,79000.0,60752.13671875,0,0.0,0.0
2020-01-07,79000.0,79000.0,79000.0,79000.0,60752.13671875,2349,0.0,0.0
2020-01-08,79000.0,79500.0,79000.0,79000.0,60752.13671875,3499,0.0,0.0
2020-01-09,79000.0,79000.0,79000.0,79000.0,60830.68359375,2797,102.0,0.0
2020-01-10,79000.0,79000.0,79000.0,79000.0,60830.68359375,2797,0.0,0.0
2020-01-13,79000.0,79000.0,79000.0,79000.0,60830.68359375,150,0.0,0.0
2020-01-14,79000.0,79480.0,79000.0,79000.0,60830.68359375,18097,0.0,0.0
2020-01-15,79000.0,79000.0,79000.0,79000.0,60830.68359375,4295,0.0,0.0
2020-01-16,79000.0,79000.0,79000.0,79000.0,60830.68359375,4295,0.0,0.0
2020-01-17,79000.0,79000.0,79000.0,79000.0,60830.68359375,0,0.0,0.0
2020-01-20,79000.0,79000.0,79000.0,79000.0,60830.68359375,0,0.0,0.0
2020-01-21,78980.0,78980.0,78840.0,78980.0,60815.31640625,3453,0.0,0.0
2020-01-22,77000.0,78000.0,77000.0,77000.0,59290.6953125,493,0.0,0.0
2020-01-23,77000.0,77000.0,77000.0,77000.0,59290.6953125,5000,0.0,0.0
2020-01-24,77000.0,78000.0,77000.0,77000.0,59290.6953125,1319,0.0,0.0
2020-01-27,77000.0,77000.0,77000.0,77000.0,59290.6953125,0,0.0,0.0
2020-01-28,77000.0,77000.0,77000.0,77000.0,59290.6953125,0,0.0,0.0
2020-01-29,78500.0,78500.0,78500.0,78500.0,60445.7109375,150,0.0,0.0
2020-01-30,78500.0,78500.0,78500.0,78500.0,60445.7109375,500,0.0,0.0
2020-01-31,78500.0,78500.0,78500.0,78500.0,60445.7109375,500,0.0,0.0
2020-02-03,79000.0,79000.0,79000.0,79000.0,60830.68359375,5473,0.0,0.0
2020-02-04,79300.0,79300.0,79300.0,79300.0,61061.7109375,3152,0.0,0.0
2020-02-05,79300.0,79300.0,79300.0,79300.0,61061.7109375,756,0.0,0.0
2020-02-06,80000.0,80900.0,79500.0,80000.0,61600.7265625,508,0.0,0.0
2020-02-07,80900.0,80900.0,80000.0,80900.0,62293.71484375,11054,0.0,0.0
2020-02-10,81500.0,81500.0,81500.0,81500.0,62755.72265625,806,0.0,0.0
2020-02-11,82000.0,82000.0,82000.0,82000.0,63219.8359375,345,102.0,0.0
2020-02-12,82000.0,82000.0,82000.0,82000.0,63219.8359375,345,0.0,0.0
2020-02-13,81100.0,82980.0,81100.0,81100.0,62525.984375,2447,0.0,0.0
2020-02-14,81500.0,81500.0,81100.0,81500.0,62834.35546875,571,0.0,0.0
2020-02-17,82000.0,82000.0,82000.0,82000.0,63219.8359375,2583,0.0,0.0
2020-02-18,85000.0,85000.0,82000.0,85000.0,65532.7890625,4367,0.0,0.0
2020-02-19,88500.0,88980.0,84000.0,88500.0,68231.1640625,33152,0.0,0.0
2020-02-20,88400.0,88500.0,88400.0,88400.0,68154.0703125,1459,0.0,0.0
2020-02-21,87500.0,88000.0,86500.0,87500.0,67460.203125,6076,0.0,0.0
2020-02-24,85000.0,85000.0,85000.0,85000.0,65532.7890625,10250,0.0,0.0
2020-02-25,85000.0,85000.0,85000.0,85000.0,65532.7890625,6115,0.0,0.0
2020-02-26,83120.0,85000.0,83120.0,83120.0,64083.36328125,4650,0.0,0.0
2020-02-27,82020.0,83160.0,81100.0,82020.0,63235.24609375,13943,0.0,0.0
2020-02-28,82000.0,82000.0,82000.0,82000.0,63219.8359375,804,0.0,0.0
2020-03-02,84000.0,84000.0,84000.0,84000.0,64761.8203125,9000,0.0,0.0
2020-03-03,83200.0,83200.0,83200.0,83200.0,64145.0234375,879,0.0,0.0
2020-03-04,83200.0,83200.0,83200.0,83200.0,64145.0234375,879,0.0,0.0
2020-03-05,83200.0,83200.0,83200.0,83200.0,64145.0234375,204,0.0,0.0
2020-03-06,80000.0,82500.0,80000.0,80000.0,61677.90625,4080,0.0,0.0
2020-03-09,79000.0,79000.0,79000.0,79000.0,60906.9140625,1000,0.0,0.0
2020-03-10,76000.0,76000.0,76000.0,76000.0,58669.76953125,150,102.0,0.0
2020-03-11,74000.0,74000.0,74000.0,74000.0,57125.8203125,318,0.0,0.0
2020-03-12,68000.0,72500.0,68000.0,68000.0,52494.0,1109,0.0,0.0
2020-03-13,68000.0,72500.0,68000.0,68000.0,52494.0,1109,0.0,0.0
2020-03-16,68000.0,68000.0,68000.0,68000.0,52494.0,0,0.0,0.0
2020-03-17,68000.0,68000.0,61260.0,68000.0,52494.0,3165,0.0,0.0
2020-03-18,62000.0,62000.0,62000.0,62000.0,47862.16796875,285,0.0,0.0
2020-03-19,56500.0,60540.0,56500.0,56500.0,43616.33984375,4614,0.0,0.0
2020-03-20,55500.0,57000.0,55500.0,55500.0,42844.3671875,6864,0.0,0.0
2020-03-23,55500.0,55500.0,55500.0,55500.0,42844.3671875,0,0.0,0.0
2020-03-24,55500.0,55500.0,55500.0,55500.0,42844.3671875,100,0.0,0.0
2020-03-25,55000.0,56000.0,54500.0,55000.0,42458.39453125,6399,0.0,0.0
2020-03-26,55000.0,56000.0,54500.0,55000.0,42458.39453125,6399,0.0,0.0
2020-03-27,59500.0,59500.0,59500.0,59500.0,45932.2421875,1608,0.0,0.0
2020-03-30,59400.0,59520.0,59300.0,59400.0,45855.0625,2176,0.0,0.0
2020-03-31,59000.0,59020.0,59000.0,59000.0,45546.2578125,2358,0.0,0.0
2020-04-01,58000.0,58500.0,58000.0,58000.0,44774.296875,2309,0.0,0.0
2020-04-02,58500.0,58500.0,58500.0,58500.0,45160.26953125,500,0.0,0.0
2020-04-03,58500.0,58500.0,58500.0,58500.0,45160.26953125,40,0.0,0.0
2020-04-06,58500.0,58500.0,58500.0,58500.0,45160.26953125,0,0.0,0.0
2020-04-07,60620.0,64000.0,60620.0,60620.0,46939.28515625,4368,177.5,0.0
2020-04-08,60000.0,60700.0,59000.0,60000.0,46459.19921875,22116,0.0,0.0
2020-04-09,60000.0,60000.0,60000.0,60000.0,46459.19921875,0,0.0,0.0
2020-04-10,60000.0,60000.0,60000.0,60000.0,46459.19921875,0,0.0,0.0
2020-04-13,59000.0,59500.0,59000.0,59000.0,45684.859375,2210,0.0,0.0
2020-04-14,60000.0,62960.0,60000.0,60000.0,46459.19921875,9120,0.0,0.0
2020-04-15,59000.0,60300.0,59000.0,59000.0,45684.859375,7675,0.0,0.0
2020-04-16,60000.0,60000.0,59000.0,60000.0,46459.19921875,2564,0.0,0.0
2020-04-17,61900.0,61900.0,61200.0,61900.0,47930.41015625,724,0.0,0.0
2020-04-20,61000.0,61000.0,60020.0,61000.0,47233.515625,276,0.0,0.0
2020-04-21,59500.0,61000.0,59500.0,59500.0,46072.046875,6478,0.0,0.0
2020-04-22,59000.0,59080.0,59000.0,59000.0,45684.859375,1215,0.0,0.0
2020-04-23,58980.0,59000.0,58980.0,58980.0,45669.39453125,2376,0.0,0.0
2020-04-24,58000.0,58980.0,58000.0,58000.0,44910.55859375,6218,0.0,0.0
2020-04-27,56700.0,58000.0,56700.0,56700.0,43903.94140625,3725,0.0,0.0
2020-04-28,58300.0,58300.0,58300.0,58300.0,45142.86328125,328,0.0,0.0
2020-04-29,59680.0,59680.0,59500.0,59680.0,46211.41015625,3182,0.0,0.0
2020-04-30,58100.0,59000.0,58100.0,58100.0,44988.00390625,996,0.0,0.0
2020-05-01,58100.0,58100.0,58100.0,58100.0,44988.00390625,0,0.0,0.0
2020-05-04,56700.0,56700.0,56700.0,56700.0,43903.94140625,402,0.0,0.0
2020-05-05,56700.0,56700.0,56700.0,56700.0,43903.94140625,402,0.0,0.0
2020-05-06,56300.0,56320.0,56300.0,56300.0,43594.23046875,800,0.0,0.0
2020-05-07,56300.0,56320.0,56300.0,56300.0,43594.23046875,800,0.0,0.0
2020-05-08,57600.0,57600.0,56300.0,57600.0,44600.82421875,700,0.0,0.0
2020-05-11,56400.0,56420.0,56300.0,56400.0,43759.0,1907,115.0,0.0
2020-05-12,56400.0,56400.0,56400.0,56400.0,43759.0,223,0.0,0.0
2020-05-13,54000.0,56300.0,54000.0,54000.0,41896.92578125,1899,0.0,0.0
2020-05-14,53000.0,53880.0,53000.0,53000.0,41121.06640625,1972,0.0,0.0
2020-05-15,53000.0,53000.0,53000.0,53000.0,41121.06640625,297,0.0,0.0
2020-05-18,53000.0,53000.0,53000.0,53000.0,41121.06640625,0,0.0,0.0
2020-05-19,55000.0,55000.0,55000.0,55000.0,42672.8046875,574,0.0,0.0
2020-05-20,55000.0,56980.0,55000.0,55000.0,42672.8046875,5125,0.0,0.0
2020-05-21,55000.0,56980.0,55000.0,55000.0,42672.8046875,5125,0.0,0.0
2020-05-22,55000.0,55000.0,55000.0,55000.0,42672.8046875,500,0.0,0.0
2020-05-25,55000.0,55000.0,55000.0,55000.0,42672.8046875,0,0.0,0.0
2020-05-26,55120.0,55500.0,55120.0,55120.0,42765.8984375,2050,0.0,0.0
2020-05-27,57960.0,57960.0,57960.0,57960.0,44969.37890625,332,0.0,0.0
2020-05-28,57960.0,57960.0,57960.0,57960.0,44969.37890625,67,0.0,0.0
2020-05-29,57000.0,57000.0,57000.0,57000.0,44224.51953125,190,0.0,0.0
2020-06-01,57000.0,57000.0,57000.0,57000.0,44224.51953125,38,0.0,0.0
2020-06-02,60020.0,60020.0,60020.0,60020.0,46567.66796875,212,0.0,0.0
2020-06-03,60020.0,60020.0,60020.0,60020.0,46567.66796875,212,0.0,0.0
2020-06-04,62020.0,62020.0,61520.0,62020.0,48119.40625,470,0.0,0.0
2020-06-05,63980.0,64000.0,63980.0,63980.0,49640.11328125,1054,0.0,0.0
2020-06-08,64800.0,65000.0,64800.0,64800.0,50276.33203125,2900,0.0,0.0
2020-06-09,63600.0,64100.0,61520.0,63600.0,49432.984375,5264,115.0,0.0
2020-06-10,61520.0,64000.0,61520.0,61520.0,47816.3203125,2206,0.0,0.0
2020-06-11,61000.0,63000.0,61000.0,61000.0,47412.1484375,3254,0.0,0.0
2020-06-12,72140.0,72140.0,67100.0,72140.0,56070.69140625,9850,0.0,0.0
2020-06-15,72140.0,72140.0,72140.0,72140.0,56070.69140625,0,0.0,0.0
2020-06-16,74000.0,75000.0,73500.0,74000.0,57516.38671875,10470,0.0,0.0
2020-06-17,73960.0,74000.0,72000.0,73960.0,57485.2578125,3621,0.0,0.0
2020-06-18,70500.0,72000.0,70120.0,70500.0,54796.01171875,645,0.0,0.0
2020-06-19,68520.0,73000.0,68520.0,68520.0,53257.07421875,7292,0.0,0.0
2020-06-22,68520.0,68520.0,68520.0,68520.0,53257.07421875,0,0.0,0.0
2020-06-23,66000.0,67600.0,63700.0,66000.0,51298.39453125,7220,0.0,0.0
2020-06-24,63940.0,65000.0,63940.0,63940.0,49697.265625,2370,0.0,0.0
2020-06-25,63940.0,63940.0,63940.0,63940.0,49697.265625,125,0.0,0.0
2020-06-26,63940.0,63940.0,63940.0,63940.0,49697.265625,69,0.0,0.0
2020-06-29,63940.0,63940.0,63940.0,63940.0,49697.265625,0,0.0,0.0
2020-06-30,63940.0,63940.0,63940.0,63940.0,49697.265625,36,0.0,0.0
2020-07-01,63940.0,63940.0,63940.0,63940.0,49697.265625,36,0.0,0.0
2020-07-02,60000.0,63000.0,60000.0,60000.0,46634.8828125,1040,0.0,0.0
2020-07-03,60000.0,63000.0,60000.0,60000.0,46634.8828125,1040,0.0,0.0
2020-07-06,61500.0,61600.0,60800.0,61500.0,47800.76171875,6950,0.0,0.0
2020-07-07,64500.0,64500.0,63000.0,64500.0,50132.5078125,484,0.0,0.0
2020-07-08,64900.0,64900.0,64500.0,64900.0,50443.41796875,1520,0.0,0.0
2020-07-09,65000.0,65000.0,64980.0,65000.0,50610.81640625,1000,115.0,0.0
2020-07-10,65560.0,65560.0,65000.0,65560.0,51046.87109375,1500,0.0,0.0
2020-07-13,66500.0,66500.0,66500.0,66500.0,51778.7734375,1089,0.0,0.0
2020-07-14,67000.0,67900.0,67000.0,67000.0,52168.09765625,1411,0.0,0.0
2020-07-15,66880.0,66980.0,66880.0,66880.0,52074.6484375,2151,0.0,0.0
2020-07-16,66780.0,66780.0,66780.0,66780.0,51996.7890625,1028,0.0,0.0
2020-07-17,66780.0,66780.0,66780.0,66780.0,51996.7890625,1028,0.0,0.0
2020-07-20,66780.0,66780.0,66780.0,66780.0,51996.7890625,0,0.0,0.0
2020-07-21,66860.0,66860.0,66860.0,66860.0,52059.09765625,150,0.0,0.0
2020-07-22,66720.0,66720.0,66720.0,66720.0,51950.05859375,3000,0.0,0.0
2020-07-23,66380.0,66380.0,66000.0,66380.0,51685.33203125,3530,0.0,0.0
2020-07-24,66800.0,67000.0,66380.0,66800.0,52012.36328125,4438,0.0,0.0
2020-07-27,66800.0,66800.0,64200.0,66800.0,52012.36328125,2378,0.0,0.0
2020-07-28,65500.0,65500.0,65480.0,65500.0,51000.13671875,795,0.0,0.0
2020-07-29,65500.0,65500.0,65480.0,65500.0,51000.13671875,795,0.0,0.0
2020-07-30,63400.0,63400.0,63400.0,63400.0,49365.0234375,378,0.0,0.0
2020-07-31,65480.0,65480.0,65480.0,65480.0,50984.5546875,502,0.0,0.0
2020-08-03,63540.0,63560.0,63540.0,63540.0,49474.0234375,660,0.0,0.0
2020-08-04,63520.0,63520.0,63520.0,63520.0,49458.44140625,264,0.0,0.0
2020-08-05,64480.0,64480.0,64480.0,64480.0,50205.9375,205,0.0,0.0
2020-08-06,64500.0,64500.0,63400.0,64500.0,50221.49609375,3260,0.0,0.0
2020-08-07,64500.0,64500.0,64500.0,64500.0,50221.49609375,0,0.0,0.0
2020-08-10,64500.0,64500.0,64500.0,64500.0,50221.49609375,0,0.0,0.0
2020-08-11,64500.0,64500.0,64500.0,64500.0,50311.20703125,170,115.0,0.0
2020-08-12,64500.0,64500.0,64500.0,64500.0,50311.20703125,170,0.0,0.0
2020-08-13,64500.0,64500.0,64480.0,64500.0,50311.20703125,1080,0.0,0.0
2020-08-14,63000.0,63000.0,63000.0,63000.0,49141.1875,940,0.0,0.0
2020-08-17,63000.0,63000.0,63000.0,63000.0,49141.1875,0,0.0,0.0
2020-08-18,63000.0,63000.0,63000.0,63000.0,49141.1875,0,0.0,0.0
2020-08-19,63100.0,63200.0,63100.0,63100.0,49219.1875,795,0.0,0.0
2020-08-20,63100.0,63200.0,63100.0,63100.0,49219.1875,795,0.0,0.0
2020-08-21,64500.0,64500.0,64500.0,64500.0,50311.20703125,1905,0.0,0.0
2020-08-24,64500.0,64500.0,64500.0,64500.0,50311.20703125,0,0.0,0.0
2020-08-25,65500.0,65500.0,64900.0,65500.0,51091.234375,2396,0.0,0.0
2020-08-26,66000.0,66000.0,65980.0,66000.0,51481.2421875,1402,0.0,0.0
2020-08-27,66180.0,66180.0,66180.0,66180.0,51621.65234375,300,0.0,0.0
2020-08-28,66200.0,66200.0,66180.0,66200.0,51637.24609375,501,0.0,0.0
2020-08-31,65100.0,66460.0,65100.0,65100.0,50779.23046875,1244,0.0,0.0
2020-09-01,65500.0,65980.0,64980.0,65500.0,51091.234375,1464,0.0,0.0
2020-09-02,66000.0,66420.0,65080.0,66000.0,51481.2421875,2434,0.0,0.0
2020-09-03,66000.0,66400.0,66000.0,66000.0,51481.2421875,1354,0.0,0.0
2020-09-04,65520.0,66380.0,65520.0,65520.0,51106.8359375,1742,0.0,0.0
2020-09-07,65520.0,65520.0,65520.0,65520.0,51106.8359375,681,0.0,0.0
2020-09-08,65000.0,65020.0,65000.0,65000.0,50701.2265625,215,0.0,0.0
2020-09-09,65500.0,65500.0,65400.0,65500.0,51181.7890625,1299,115.0,0.0
2020-09-10,65500.0,65500.0,65000.0,65500.0,51181.7890625,1103,0.0,0.0
2020-09-11,64500.0,64520.0,64500.0,64500.0,50400.38671875,1808,0.0,0.0
2020-09-14,64000.0,64500.0,64000.0,64000.0,50009.68359375,1590,0.0,0.0
2020-09-15,64000.0,64000.0,63000.0,64000.0,50009.68359375,5475,0.0,0.0
2020-09-16,64480.0,64500.0,64000.0,64480.0,50384.75390625,7523,0.0,0.0
2020-09-17,65460.0,65460.0,65460.0,65460.0,51150.5390625,1554,0.0,0.0
2020-09-18,64020.0,64020.0,64020.0,64020.0,50025.30859375,1158,0.0,0.0
2020-09-21,65000.0,65000.0,64020.0,65000.0,50791.0859375,3260,0.0,0.0
2020-09-22,65000.0,65000.0,64980.0,65000.0,50791.0859375,1882,0.0,0.0
2020-09-23,64000.0,64020.0,64000.0,64000.0,50009.68359375,2654,0.0,0.0
2020-09-24,64500.0,64500.0,63900.0,64500.0,50400.38671875,1775,0.0,0.0
2020-09-25,64480.0,64480.0,63800.0,64480.0,50384.75390625,2280,0.0,0.0
2020-09-28,64000.0,64520.0,64000.0,64000.0,50009.68359375,1648,0.0,0.0
2020-09-29,63760.0,64000.0,63760.0,63760.0,49822.15625,1440,0.0,0.0
2020-09-30,63000.0,63760.0,63000.0,63000.0,49228.26953125,2000,0.0,0.0
2020-10-01,63100.0,63100.0,63100.0,63100.0,49306.42578125,497,0.0,0.0
2020-10-02,63100.0,63100.0,63100.0,63100.0,49306.42578125,497,0.0,0.0
2020-10-05,63100.0,63100.0,63100.0,63100.0,49306.42578125,88,0.0,0.0
2020-10-06,63500.0,64000.0,63500.0,63500.0,49618.9921875,580,0.0,0.0
2020-10-07,63500.0,64000.0,63500.0,63500.0,49618.9921875,580,0.0,0.0
2020-10-08,63500.0,63500.0,63500.0,63500.0,49758.0703125,0,177.5,0.0
2020-10-09,64000.0,64000.0,64000.0,64000.0,50149.86328125,260,0.0,0.0
2020-10-12,64000.0,64000.0,64000.0,64000.0,50149.86328125,0,0.0,0.0
2020-10-13,63000.0,63100.0,63000.0,63000.0,49366.27734375,4323,0.0,0.0
2020-10-14,63000.0,63000.0,63000.0,63000.0,49366.27734375,1875,0.0,0.0
2020-10-15,63000.0,63000.0,63000.0,63000.0,49366.27734375,135,0.0,0.0
2020-10-16,63000.0,63000.0,63000.0,63000.0,49366.27734375,1620,0.0,0.0
2020-10-19,63000.0,63000.0,63000.0,63000.0,49366.27734375,2900,0.0,0.0
2020-10-20,63000.0,63000.0,63000.0,63000.0,49366.27734375,3802,0.0,0.0
2020-10-21,63000.0,63000.0,63000.0,63000.0,49366.27734375,5329,0.0,0.0
2020-10-22,62000.0,62000.0,62000.0,62000.0,48582.6875,4900,0.0,0.0
2020-10-23,62000.0,62000.0,62000.0,62000.0,48582.6875,60,0.0,0.0
2020-10-26,62000.0,62000.0,62000.0,62000.0,48582.6875,0,0.0,0.0
2020-10-27,62000.0,62000.0,62000.0,62000.0,48582.6875,98,0.0,0.0
2020-10-28,62000.0,62000.0,62000.0,62000.0,48582.6875,98,0.0,0.0
2020-10-29,60000.0,62000.0,60000.0,60000.0,47015.50390625,2961,0.0,0.0
2020-10-30,61000.0,61000.0,61000.0,61000.0,47799.08984375,2368,0.0,0.0
2020-11-02,61000.0,61000.0,61000.0,61000.0,47799.08984375,0,0.0,0.0
2020-11-03,61000.0,61000.0,61000.0,61000.0,47799.08984375,194,0.0,0.0
2020-11-04,61000.0,61000.0,61000.0,61000.0,47799.08984375,3971,0.0,0.0
2020-11-05,61000.0,61000.0,61000.0,61000.0,47799.08984375,429,0.0,0.0
2020-11-06,61000.0,61000.0,61000.0,61000.0,47799.08984375,429,0.0,0.0
2020-11-09,62000.0,62000.0,62000.0,62000.0,48582.6875,36689,0.0,0.0
2020-11-10,61700.0,62000.0,61700.0,61700.0,48437.4453125,3907,115.0,0.0
2020-11-11,62000.0,62000.0,62000.0,62000.0,48672.9765625,662,0.0,0.0
2020-11-12,61500.0,61900.0,61500.0,61500.0,48280.4296875,1193,0.0,0.0
2020-11-13,61500.0,61500.0,61500.0,61500.0,48280.4296875,434,0.0,0.0
2020-11-16,61500.0,61500.0,61500.0,61500.0,48280.4296875,0,0.0,0.0
2020-11-17,62000.0,62000.0,62000.0,62000.0,48672.9765625,1784,0.0,0.0
2020-11-18,62000.0,62000.0,62000.0,62000.0,48672.9765625,4144,0.0,0.0
2020-11-19,62000.0,62000.0,61940.0,62000.0,48672.9765625,11005,0.0,0.0
2020-11-20,62000.0,62000.0,62000.0,62000.0,48672.9765625,5753,0.0,0.0
2020-11-23,62000.0,62000.0,61500.0,62000.0,48672.9765625,2652,0.0,0.0
2020-11-24,63500.0,64200.0,62000.0,63500.0,49850.5390625,17593,0.0,0.0
2020-11-25,62500.0,63500.0,62500.0,62500.0,49065.48046875,1806,0.0,0.0
2020-11-26,62500.0,62500.0,62500.0,62500.0,49065.48046875,74,0.0,0.0
2020-11-27,63000.0,63000.0,63000.0,63000.0,49458.015625,2690,0.0,0.0
2020-11-30,62520.0,62520.0,62520.0,62520.0,49081.19140625,240,0.0,0.0
2020-12-01,62520.0,62520.0,62520.0,62520.0,49081.19140625,60,0.0,0.0
2020-12-02,64390.0,64460.0,64000.0,64390.0,50549.22265625,3457,0.0,0.0
2020-12-03,64390.0,64400.0,64000.0,64390.0,50549.22265625,7247,0.0,0.0
2020-12-04,64390.0,64400.0,64000.0,64390.0,50549.22265625,7247,0.0,0.0
2020-12-07,65540.0,65980.0,65490.0,65540.0,51452.04296875,7324,0.0,0.0
2020-12-08,65540.0,65540.0,65540.0,65540.0,51452.04296875,0,0.0,0.0
2020-12-09,65600.0,65980.0,65600.0,65600.0,51589.66796875,5168,115.0,0.0
2020-12-10,66600.0,67000.0,65960.0,66600.0,52376.09765625,29229,0.0,0.0
2020-12-11,66000.0,66330.0,66000.0,66000.0,51904.2421875,3535,0.0,0.0
2020-12-14,66000.0,66000.0,66000.0,66000.0,51904.2421875,101,0.0,0.0
2020-12-15,67900.0,67900.0,66470.0,67900.0,53398.44140625,14241,0.0,0.0
2020-12-16,68190.0,68200.0,67900.0,68190.0,53626.51171875,30675,0.0,0.0
2020-12-17,69000.0,69000.0,68190.0,69000.0,54263.515625,12947,0.0,0.0
2020-12-18,67000.0,70000.0,66800.0,67000.0,52690.66796875,18927,0.0,0.0
2020-12-21,65550.0,66800.0,65100.0,65550.0,51550.34765625,5164,0.0,0.0
2020-12-22,66010.0,66010.0,66010.0,66010.0,51912.07421875,100,0.0,0.0
2020-12-23,66980.0,66980.0,66960.0,66980.0,52674.91796875,1692,0.0,0.0
2020-12-24,66650.0,66650.0,66650.0,66650.0,52415.41796875,466,0.0,0.0
2020-12-25,66650.0,66650.0,66650.0,66650.0,52415.41796875,0,0.0,0.0
2020-12-28,67000.0,67000.0,66750.0,67000.0,52690.66796875,1419,0.0,0.0
2020-12-29,67000.0,67000.0,66550.0,67000.0,52690.66796875,2845,0.0,0.0
2020-12-30,67000.0,67000.0,66550.0,67000.0,52690.66796875,3200,0.0,0.0
2020-12-31,67000.0,67000.0,67000.0,67000.0,52690.66796875,0,0.0,0.0
2021-01-01,67000.0,67000.0,67000.0,67000.0,52690.66796875,0,0.0,0.0
2021-01-04,66610.0,67000.0,66610.0,66610.0,52383.9609375,2335,0.0,0.0
2021-01-05,66500.0,66510.0,66500.0,66500.0,52297.4453125,2600,0.0,0.0
2021-01-06,67000.0,67000.0,67000.0,67000.0,52690.66796875,360,0.0,0.0
2021-01-07,66600.0,66990.0,66600.0,66600.0,52376.09765625,4345,0.0,0.0
2021-01-08,66700.0,66900.0,66600.0,66700.0,52545.4609375,1520,115.0,0.0
2021-01-11,66700.0,66700.0,66700.0,66700.0,52545.4609375,0,0.0,0.0
2021-01-12,67000.0,67000.0,67000.0,67000.0,52781.80078125,2300,0.0,0.0
2021-01-13,67000.0,67040.0,66950.0,67000.0,52781.80078125,17148,0.0,0.0
2021-01-14,66500.0,66900.0,66500.0,66500.0,52387.90234375,690,0.0,0.0
2021-01-15,66990.0,66990.0,66600.0,66990.0,52773.92578125,2990,0.0,0.0
2021-01-18,66990.0,66990.0,66990.0,66990.0,52773.92578125,0,0.0,0.0
2021-01-19,66990.0,67000.0,66890.0,66990.0,52773.92578125,9714,0.0,0.0
2021-01-20,66980.0,66990.0,66900.0,66980.0,52766.04296875,1666,0.0,0.0
2021-01-21,66990.0,66990.0,66900.0,66990.0,52773.92578125,2079,0.0,0.0
2021-01-22,66990.0,66990.0,66990.0,66990.0,52773.92578125,248,0.0,0.0
2021-01-25,66180.0,66190.0,66180.0,66180.0,52135.8203125,823,0.0,0.0
2021-01-26,66100.0,66100.0,66100.0,66100.0,52072.7890625,146,0.0,0.0
2021-01-27,65150.0,66030.0,65020.0,65150.0,51324.39453125,4096,0.0,0.0
2021-01-28,65110.0,65110.0,65030.0,65110.0,51292.8671875,1695,0.0,0.0
2021-01-29,65000.0,65300.0,65000.0,65000.0,51206.22265625,2026,0.0,0.0
2021-02-01,65000.0,65000.0,65000.0,65000.0,51206.22265625,0,0.0,0.0
2021-02-02,65000.0,65000.0,64800.0,65000.0,51206.22265625,986,0.0,0.0
2021-02-03,64900.0,64900.0,64900.0,64900.0,51127.4453125,110,0.0,0.0
2021-02-04,64900.0,64900.0,64900.0,64900.0,51127.4453125,110,0.0,0.0
2021-02-05,64900.0,64900.0,64900.0,64900.0,51127.4453125,301,0.0,0.0
2021-02-08,64880.0,64880.0,64500.0,64880.0,51111.67578125,954,0.0,0.0
2021-02-09,64600.0,64600.0,64600.0,64600.0,50981.4765625,188,115.0,0.0
2021-02-10,64620.0,65600.0,64620.0,64620.0,50997.24609375,982,0.0,0.0
2021-02-11,64620.0,64620.0,64620.0,64620.0,50997.24609375,46,0.0,0.0
2021-02-12,64620.0,64630.0,64620.0,64620.0,50997.24609375,1000,0.0,0.0
2021-02-15,65000.0,65000.0,65000.0,65000.0,51297.1484375,298,0.0,0.0
2021-02-16,65000.0,65000.0,65000.0,65000.0,51297.1484375,848,0.0,0.0
2021-02-17,65000.0,65000.0,64050.0,65000.0,51297.1484375,1621,0.0,0.0
2021-02-18,64600.0,64600.0,64600.0,64600.0,50981.4765625,99,0.0,0.0
2021-02-19,64600.0,64600.0,64600.0,64600.0,50981.4765625,99,0.0,0.0
2021-02-22,64600.0,64600.0,64600.0,64600.0,50981.4765625,20,0.0,0.0
2021-02-23,64010.0,64500.0,64000.0,64010.0,50515.8515625,2068,0.0,0.0
2021-02-24,65000.0,65000.0,64100.0,65000.0,51297.1484375,4355,0.0,0.0
2021-02-25,64000.0,64550.0,64000.0,64000.0,50507.95703125,2592,0.0,0.0
2021-02-26,63800.0,63900.0,63800.0,63800.0,50350.12890625,516,0.0,0.0
2021-03-01,63800.0,63800.0,63800.0,63800.0,50350.12890625,386,0.0,0.0
2021-03-02,63800.0,63800.0,63800.0,63800.0,50350.12890625,160,0.0,0.0
2021-03-03,64400.0,64400.0,63800.0,64400.0,50823.625,3432,0.0,0.0
2021-03-04,64000.0,64000.0,64000.0,64000.0,50507.95703125,133,0.0,0.0
2021-03-05,64000.0,64500.0,64000.0,64000.0,50507.95703125,2276,0.0,0.0
2021-03-08,64000.0,64000.0,64000.0,64000.0,50507.95703125,0,0.0,0.0
2021-03-09,64000.0,64000.0,64000.0,64000.0,50598.87890625,0,115.0,0.0
2021-03-10,64700.0,64700.0,64620.0,64700.0,51152.3046875,309,0.0,0.0
2021-03-11,64700.0,64700.0,64620.0,64700.0,51152.3046875,309,0.0,0.0
2021-03-12,64700.0,64700.0,64700.0,64700.0,51152.3046875,0,0.0,0.0
2021-03-15,63700.0,64000.0,63700.0,63700.0,50361.703125,4800,0.0,0.0
2021-03-16,63400.0,63800.0,63400.0,63400.0,50124.51953125,8895,0.0,0.0
2021-03-17,63400.0,63400.0,63400.0,63400.0,50124.51953125,10,0.0,0.0
2021-03-18,63490.0,63600.0,63490.0,63490.0,50195.66796875,1726,0.0,0.0
2021-03-19,63100.0,63400.0,63100.0,63100.0,49887.32421875,1841,0.0,0.0
2021-03-22,63100.0,63100.0,63100.0,63100.0,49887.32421875,0,0.0,0.0
2021-03-23,63100.0,63100.0,63100.0,63100.0,49887.32421875,122,0.0,0.0
2021-03-24,63500.0,63500.0,63500.0,63500.0,50203.57421875,349,0.0,0.0
2021-03-25,63500.0,63500.0,63500.0,63500.0,50203.57421875,349,0.0,0.0
2021-03-26,63500.0,63500.0,63500.0,63500.0,50203.57421875,1301,0.0,0.0
2021-03-29,63500.0,63600.0,63500.0,63500.0,50203.57421875,366,0.0,0.0
2021-03-30,65000.0,65020.0,63500.0,65000.0,51389.49609375,25908,0.0,0.0
2021-03-31,65000.0,65900.0,64990.0,65000.0,51389.49609375,18052,0.0,0.0
2021-04-01,65000.0,65000.0,65000.0,65000.0,51389.49609375,0,0.0,0.0
2021-04-02,65000.0,65000.0,65000.0,65000.0,51389.49609375,0,0.0,0.0
2021-04-05,65000.0,65000.0,65000.0,65000.0,51389.49609375,3524,0.0,0.0
2021-04-06,64890.0,65000.0,64890.0,64890.0,51302.53125,1066,0.0,0.0
2021-04-07,65600.0,65600.0,65590.0,65600.0,51863.84375,1158,0.0,0.0
2021-04-08,71000.0,71000.0,65600.0,71000.0,56133.13671875,149205,0.0,0.0
2021-04-09,71760.0,73500.0,69100.0,71760.0,56878.18359375,41551,180.0,0.0
2021-04-12,71000.0,71100.0,70000.0,71000.0,56275.8046875,11425,0.0,0.0
2021-04-13,71000.0,71000.0,69500.0,71000.0,56275.8046875,3812,0.0,0.0
2021-04-14,71000.0,71000.0,69500.0,71000.0,56275.8046875,3812,0.0,0.0
2021-04-15,71000.0,71000.0,70000.0,71000.0,56275.8046875,10217,0.0,0.0
2021-04-16,71000.0,71000.0,71000.0,71000.0,56275.8046875,67,0.0,0.0
2021-04-19,71800.0,71800.0,71800.0,71800.0,56909.8984375,175,0.0,0.0
2021-04-20,71790.0,71790.0,70990.0,71790.0,56901.96484375,4067,0.0,0.0
2021-04-21,72500.0,72500.0,71790.0,72500.0,57464.7265625,2646,0.0,0.0
2021-04-22,71700.0,71800.0,71700.0,71700.0,56830.64453125,2241,0.0,0.0
2021-04-23,71520.0,72490.0,71520.0,71520.0,56687.953125,3280,0.0,0.0
2021-04-26,72180.0,72180.0,71580.0,72180.0,57211.1015625,3134,0.0,0.0
2021-04-27,72290.0,72290.0,72290.0,72290.0,57298.27734375,609,0.0,0.0
2021-04-28,72400.0,72500.0,72400.0,72400.0,57385.47265625,261,0.0,0.0
2021-04-29,72240.0,72240.0,72240.0,72240.0,57258.65625,495,0.0,0.0
2021-04-30,72190.0,72240.0,70130.0,72190.0,57219.01171875,6241,0.0,0.0
2021-05-03,71300.0,72000.0,70000.0,71300.0,56513.60546875,6818,0.0,0.0
2021-05-04,72000.0,72000.0,70000.0,72000.0,57068.4140625,13037,0.0,0.0
2021-05-05,74700.0,74800.0,72400.0,74700.0,59208.484375,16645,0.0,0.0
2021-05-06,76860.0,77000.0,72000.0,76860.0,60920.5390625,32379,0.0,0.0
2021-05-07,76630.0,76800.0,76620.0,76630.0,60738.25390625,3316,0.0,0.0
2021-05-10,76000.0,76500.0,75500.0,76000.0,60238.90625,2587,0.0,0.0
2021-05-11,76010.0,76500.0,75500.0,76010.0,60339.69921875,8941,117.0,0.0
2021-05-12,76010.0,76500.0,75500.0,76010.0,60339.69921875,8941,0.0,0.0
2021-05-13,76000.0,76000.0,75800.0,76000.0,60331.7578125,400,0.0,0.0
2021-05-14,75390.0,76000.0,74900.0,75390.0,59847.53515625,6628,0.0,0.0
2021-05-17,75390.0,75390.0,75390.0,75390.0,59847.53515625,0,0.0,0.0
2021-05-18,77850.0,78290.0,75400.0,77850.0,61800.37890625,41667,0.0,0.0
2021-05-19,78880.0,78880.0,77840.0,78880.0,62618.04296875,17012,0.0,0.0
2021-05-20,78780.0,79120.0,78400.0,78780.0,62538.62109375,13729,0.0,0.0
2021-05-21,80000.0,80380.0,77000.0,80000.0,63507.13671875,100472,0.0,0.0
2021-05-24,81980.0,82100.0,80470.0,81980.0,65078.92578125,184634,0.0,0.0
2021-05-25,79000.0,82500.0,77610.0,79000.0,62713.28125,241450,0.0,0.0
2021-05-26,78500.0,78500.0,75010.0,78500.0,62316.3671875,95802,0.0,0.0
2021-05-27,79000.0,79000.0,77000.0,79000.0,62713.28125,828277,0.0,0.0
2021-05-28,75000.0,77000.0,74200.0,75000.0,59537.95703125,9832,0.0,0.0
2021-05-31,76490.0,76490.0,74000.0,76490.0,60720.74609375,1492,0.0,0.0
2021-06-01,76000.0,76490.0,75440.0,76000.0,60331.7578125,1586,0.0,0.0
2021-06-02,75460.0,75480.0,75460.0,75460.0,59903.109375,4729,0.0,0.0
2021-06-03,75000.0,75000.0,75000.0,75000.0,59537.95703125,2746,0.0,0.0
2021-06-04,75000.0,75000.0,75000.0,75000.0,59537.95703125,2746,0.0,0.0
2021-06-07,75000.0,75000.0,75000.0,75000.0,59537.95703125,0,0.0,0.0
2021-06-08,73000.0,73000.0,73000.0,73000.0,58040.77734375,575,117.0,0.0
2021-06-09,73000.0,73000.0,73000.0,73000.0,58040.77734375,3,0.0,0.0
2021-06-10,72000.0,72000.0,72000.0,72000.0,57245.69921875,516,0.0,0.0
2021-06-11,74000.0,74000.0,70000.0,74000.0,58835.87890625,3696,0.0,0.0
2021-06-14,74000.0,74000.0,74000.0,74000.0,58835.87890625,0,0.0,0.0
2021-06-15,72000.0,74000.0,72000.0,72000.0,57245.69921875,1545,0.0,0.0
2021-06-16,72500.0,72500.0,72500.0,72500.0,57643.2578125,133,0.0,0.0
2021-06-17,72000.0,72500.0,72000.0,72000.0,57245.69921875,4308,0.0,0.0
2021-06-18,72000.0,72000.0,72000.0,72000.0,57245.69921875,47,0.0,0.0
2021-06-21,70500.0,70500.0,70100.0,70500.0,56053.08984375,346,0.0,0.0
2021-06-22,70100.0,70100.0,70100.0,70100.0,55735.07421875,4493,0.0,0.0
2021-06-23,70000.0,70000.0,70000.0,70000.0,55655.55078125,5157,0.0,0.0
2021-06-24,70000.0,70000.0,69500.0,70000.0,55655.55078125,4675,0.0,0.0
2021-06-25,70000.0,70000.0,70000.0,70000.0,55655.55078125,190,0.0,0.0
2021-06-28,70000.0,70000.0,69980.0,70000.0,55655.55078125,35861,0.0,0.0
2021-06-29,70000.0,70000.0,70000.0,70000.0,55655.55078125,22,0.0,0.0
2021-06-30,70000.0,70000.0,69600.0,70000.0,55655.55078125,2374,0.0,0.0
2021-07-01,70000.0,70000.0,69520.0,70000.0,55655.55078125,1955,0.0,0.0
2021-07-02,70000.0,70000.0,69600.0,70000.0,55655.55078125,828,0.0,0.0
2021-07-05,70000.0,70000.0,70000.0,70000.0,55655.55078125,0,0.0,0.0
2021-07-06,70000.0,70000.0,69990.0,70000.0,55655.55078125,2604,0.0,0.0
2021-07-07,70000.0,70000.0,69900.0,70000.0,55655.55078125,815,0.0,0.0
2021-07-08,69500.0,69990.0,69500.0,69500.0,55258.02734375,2323,0.0,0.0
2021-07-09,70000.0,70000.0,69000.0,70000.0,55749.40625,3589,117.0,0.0
2021-07-12,70000.0,70000.0,70000.0,70000.0,55749.40625,1,0.0,0.0
2021-07-13,70000.0,70000.0,70000.0,70000.0,55749.40625,1,0.0,0.0
2021-07-14,70000.0,70000.0,70000.0,70000.0,55749.40625,3978,0.0,0.0
2021-07-15,70000.0,70000.0,70000.0,70000.0,55749.40625,3000,0.0,0.0
2021-07-16,70000.0,70000.0,70000.0,70000.0,55749.40625,13,0.0,0.0
2021-07-19,69500.0,69500.0,69500.0,69500.0,55351.1875,895,0.0,0.0
2021-07-20,69500.0,69500.0,69500.0,69500.0,55351.1875,0,0.0,0.0
2021-07-21,69500.0,69500.0,69500.0,69500.0,55351.1875,559,0.0,0.0
2021-07-22,69500.0,69500.0,69500.0,69500.0,55351.1875,412,0.0,0.0
2021-07-23,69500.0,69500.0,69500.0,69500.0,55351.1875,412,0.0,0.0
2021-07-26,69500.0,69500.0,69500.0,69500.0,55351.1875,2213,0.0,0.0
2021-07-27,69990.0,69990.0,69990.0,69990.0,55741.44140625,391,0.0,0.0
2021-07-28,65050.0,69500.0,65050.0,65050.0,51807.12890625,5460,0.0,0.0
2021-07-29,65050.0,65050.0,65050.0,65050.0,51807.12890625,51,0.0,0.0
2021-07-30,68000.0,68000.0,68000.0,68000.0,54156.55859375,495,0.0,0.0
2021-08-02,68000.0,68000.0,68000.0,68000.0,54156.55859375,0,0.0,0.0
2021-08-03,68000.0,68000.0,68000.0,68000.0,54156.55859375,6020,0.0,0.0
2021-08-04,66520.0,68000.0,66520.0,66520.0,52977.859375,6891,0.0,0.0
2021-08-05,66520.0,66520.0,66520.0,66520.0,52977.859375,876,0.0,0.0
2021-08-06,66520.0,66520.0,66520.0,66520.0,52977.859375,876,0.0,0.0
2021-08-09,66520.0,66520.0,66520.0,66520.0,52977.859375,0,0.0,0.0
2021-08-10,66520.0,66520.0,66520.0,66520.0,53071.2109375,3,117.0,0.0
2021-08-11,68000.0,68000.0,68000.0,68000.0,54251.98828125,339,0.0,0.0
2021-08-12,66200.0,68000.0,66200.0,66200.0,52815.9140625,1466,0.0,0.0
2021-08-13,70000.0,70000.0,69000.0,70000.0,55847.64453125,1292,0.0,0.0
2021-08-16,70000.0,70000.0,70000.0,70000.0,55847.64453125,0,0.0,0.0
2021-08-17,70000.0,70000.0,69990.0,70000.0,55847.64453125,2304,0.0,0.0
2021-08-18,70000.0,70000.0,69000.0,70000.0,55847.64453125,5630,0.0,0.0
2021-08-19,70000.0,70000.0,70000.0,70000.0,55847.64453125,2898,0.0,0.0
2021-08-20,70000.0,70000.0,70000.0,70000.0,55847.64453125,468,0.0,0.0
2021-08-23,70000.0,70000.0,70000.0,70000.0,55847.64453125,1279,0.0,0.0
2021-08-24,70000.0,70000.0,70000.0,70000.0,55847.64453125,1184,0.0,0.0
2021-08-25,70000.0,70000.0,70000.0,70000.0,55847.64453125,690,0.0,0.0
2021-08-26,69030.0,69030.0,69030.0,69030.0,55073.75,678,0.0,0.0
2021-08-27,69000.0,69030.0,68990.0,69000.0,55049.81640625,1337,0.0,0.0
2021-08-30,67500.0,67500.0,67500.0,67500.0,53853.08203125,704,0.0,0.0
2021-08-31,67100.0,68100.0,67100.0,67100.0,53533.9609375,1617,0.0,0.0
2021-09-01,69980.0,69980.0,67200.0,69980.0,55831.68359375,1330,0.0,0.0
2021-09-02,70500.0,70500.0,68010.0,70500.0,56246.55078125,8802,0.0,0.0
2021-09-03,70500.0,70500.0,70500.0,70500.0,56246.55078125,536,0.0,0.0
2021-09-06,70400.0,70400.0,70400.0,70400.0,56166.76171875,138,0.0,0.0
2021-09-07,70400.0,70400.0,70400.0,70400.0,56166.76171875,17,0.0,0.0
2021-09-08,68200.0,68230.0,68040.0,68200.0,54411.5546875,3490,0.0,0.0
2021-09-09,68200.0,68230.0,68040.0,68200.0,54505.05859375,3490,117.0,0.0
2021-09-10,68200.0,68200.0,68200.0,68200.0,54505.05859375,182,0.0,0.0
2021-09-13,65000.0,68200.0,65000.0,65000.0,51947.63671875,2614,0.0,0.0
2021-09-14,65500.0,65500.0,65500.0,65500.0,52347.2421875,832,0.0,0.0
2021-09-15,66880.0,67000.0,66000.0,66880.0,53450.125,1743,0.0,0.0
2021-09-16,67000.0,67000.0,67000.0,67000.0,53546.03515625,1062,0.0,0.0
2021-09-17,66800.0,66800.0,66800.0,66800.0,53386.20703125,755,0.0,0.0
2021-09-20,69400.0,69400.0,69400.0,69400.0,55464.10546875,186,0.0,0.0
2021-09-21,68600.0,68600.0,68500.0,68600.0,54824.75,5105,0.0,0.0
2021-09-22,68700.0,68700.0,68600.0,68700.0,54904.6484375,949,0.0,0.0
2021-09-23,68800.0,68800.0,68700.0,68800.0,54984.59375,702,0.0,0.0
2021-09-24,68000.0,68000.0,68000.0,68000.0,54345.22265625,5000,0.0,0.0
2021-09-27,68100.0,68600.0,68100.0,68100.0,54425.14453125,313,0.0,0.0
2021-09-28,67000.0,68000.0,67000.0,67000.0,53546.03515625,3733,0.0,0.0
2021-09-29,68500.0,68990.0,68020.0,68500.0,54744.81640625,1971,0.0,0.0
2021-09-30,68950.0,68950.0,68950.0,68950.0,55104.46484375,230,0.0,0.0
2021-10-01,68950.0,68950.0,68950.0,68950.0,55104.46484375,4,0.0,0.0
2021-10-04,68000.0,68000.0,68000.0,68000.0,54345.22265625,6331,0.0,0.0
2021-10-05,68000.0,68950.0,67510.0,68000.0,54345.22265625,31635,0.0,0.0
2021-10-06,67730.0,68000.0,67730.0,67730.0,54129.43359375,3832,0.0,0.0
2021-10-07,68000.0,68490.0,68000.0,68000.0,54345.22265625,6147,0.0,0.0
2021-10-08,68000.0,68000.0,68000.0,68000.0,54345.22265625,1557,0.0,0.0
2021-10-11,67950.0,68490.0,67950.0,67950.0,54448.57421875,3464,179.0,0.0
2021-10-12,67950.0,68390.0,67950.0,67950.0,54448.57421875,5600,0.0,0.0
2021-10-13,67950.0,67950.0,67950.0,67950.0,54448.57421875,736,0.0,0.0
2021-10-14,67950.0,67950.0,67500.0,67950.0,54448.57421875,3626,0.0,0.0
2021-10-15,68000.0,68000.0,68000.0,68000.0,54488.65234375,307,0.0,0.0
2021-10-18,68000.0,68000.0,68000.0,68000.0,54488.65234375,0,0.0,0.0
2021-10-19,68000.0,68290.0,68000.0,68000.0,54488.65234375,3052,0.0,0.0
2021-10-20,67700.0,67700.0,67700.0,67700.0,54248.28125,507,0.0,0.0
2021-10-21,67700.0,67700.0,67700.0,67700.0,54248.28125,344,0.0,0.0
2021-10-22,67700.0,67700.0,67700.0,67700.0,54248.28125,344,0.0,0.0
2021-10-25,67650.0,67650.0,67650.0,67650.0,54208.19140625,507,0.0,0.0
2021-10-26,67650.0,67650.0,67650.0,67650.0,54208.19140625,2088,0.0,0.0
2021-10-27,67650.0,67650.0,67650.0,67650.0,54208.19140625,26,0.0,0.0
2021-10-28,67600.0,67650.0,67600.0,67600.0,54168.1328125,3947,0.0,0.0
2021-10-29,67530.0,67600.0,67530.0,67530.0,54112.04296875,3787,0.0,0.0
2021-11-01,67530.0,67530.0,67530.0,67530.0,54112.04296875,0,0.0,0.0
2021-11-02,65500.0,67600.0,65500.0,65500.0,52485.40234375,2359,0.0,0.0
2021-11-03,67400.0,67500.0,67400.0,67400.0,54007.875,2539,0.0,0.0
2021-11-04,67500.0,67500.0,67400.0,67500.0,54088.0,1211,0.0,0.0
2021-11-05,67500.0,67500.0,67500.0,67500.0,54088.0,5698,0.0,0.0
2021-11-08,68290.0,68340.0,65000.0,68290.0,54721.0390625,9228,0.0,0.0
2021-11-09,68400.0,68400.0,68200.0,68400.0,54903.22265625,1188,117.0,0.0
2021-11-10,65190.0,65190.0,65190.0,65190.0,52326.64453125,355,0.0,0.0
2021-11-11,68900.0,68900.0,68900.0,68900.0,55304.5703125,1951,0.0,0.0
2021-11-12,68950.0,68950.0,68800.0,68950.0,55344.72265625,35173,0.0,0.0
2021-11-15,68950.0,68950.0,68950.0,68950.0,55344.72265625,0,0.0,0.0
2021-11-16,68950.0,68950.0,68950.0,68950.0,55344.72265625,203,0.0,0.0
2021-11-17,68600.0,68600.0,68600.0,68600.0,55063.7890625,240,0.0,0.0
2021-11-18,69800.0,70000.0,68690.0,69800.0,56026.9921875,146138,0.0,0.0
2021-11-19,68900.0,69480.0,68900.0,68900.0,55304.5703125,893,0.0,0.0
2021-11-22,70000.0,70000.0,69000.0,70000.0,56187.5390625,125020,0.0,0.0
2021-11-23,70000.0,70000.0,70000.0,70000.0,56187.5390625,5,0.0,0.0
2021-11-24,70000.0,70000.0,70000.0,70000.0,56187.5390625,977,0.0,0.0
2021-11-25,70000.0,70000.0,70000.0,70000.0,56187.5390625,977,0.0,0.0
2021-11-26,70000.0,70000.0,69990.0,70000.0,56187.5390625,694,0.0,0.0
2021-11-29,70000.0,70000.0,70000.0,70000.0,56187.5390625,1002,0.0,0.0
2021-11-30,73600.0,73690.0,70000.0,73600.0,59077.19140625,36348,0.0,0.0
2021-12-01,73690.0,73690.0,73600.0,73690.0,59149.4140625,1216,0.0,0.0
2021-12-02,74600.0,74600.0,74600.0,74600.0,59879.82421875,182,0.0,0.0
2021-12-03,74600.0,75420.0,73010.0,74600.0,59879.82421875,5625,0.0,0.0
2021-12-06,74600.0,74700.0,74500.0,74600.0,59879.82421875,7118,0.0,0.0
2021-12-07,74600.0,74600.0,74600.0,74600.0,59879.82421875,297,0.0,0.0
2021-12-08,74600.0,74600.0,74600.0,74600.0,59879.82421875,0,0.0,0.0
2021-12-09,74690.0,74690.0,72000.0,74690.0,60046.27734375,1000,117.0,0.0
2021-12-10,74690.0,74690.0,74690.0,74690.0,60046.27734375,23,0.0,0.0
2021-12-13,73600.0,75000.0,73000.0,73600.0,59169.99609375,68038,0.0,0.0
2021-12-14,73600.0,73600.0,73600.0,73600.0,59169.99609375,24,0.0,0.0
2021-12-15,75000.0,75000.0,73510.0,75000.0,60295.49609375,807,0.0,0.0
2021-12-16,75000.0,75200.0,75000.0,75000.0,60295.49609375,854,0.0,0.0
2021-12-17,77000.0,77000.0,75390.0,77000.0,61903.39453125,38128,0.0,0.0
2021-12-20,75000.0,75000.0,75000.0,75000.0,60295.49609375,523,0.0,0.0
2021-12-21,75500.0,76100.0,75500.0,75500.0,60697.4609375,750,0.0,0.0
2021-12-22,76800.0,76800.0,76000.0,76800.0,61742.6015625,1048,0.0,0.0
2021-12-23,75500.0,75500.0,75500.0,75500.0,60697.4609375,115,0.0,0.0
2021-12-24,75500.0,75500.0,75500.0,75500.0,60697.4609375,2,0.0,0.0
2021-12-27,75500.0,75510.0,75500.0,75500.0,60697.4609375,545,0.0,0.0
2021-12-28,75500.0,75500.0,75500.0,75500.0,60697.4609375,125,0.0,0.0
2021-12-29,76750.0,76750.0,75500.0,76750.0,61702.38671875,746,0.0,0.0
2021-12-30,76750.0,76750.0,76750.0,76750.0,61702.38671875,17,0.0,0.0
2021-12-31,76750.0,76750.0,76750.0,76750.0,61702.38671875,0,0.0,0.0
2022-01-03,76750.0,76750.0,76750.0,76750.0,61702.38671875,44,0.0,0.0
2022-01-04,76750.0,76750.0,76750.0,76750.0,61702.38671875,204,0.0,0.0
2022-01-05,76800.0,76800.0,76800.0,76800.0,61742.6015625,187,0.0,0.0
2022-01-06,76800.0,76800.0,76800.0,76800.0,61742.6015625,7,0.0,0.0
2022-01-07,76800.0,76800.0,76800.0,76800.0,61742.6015625,16,0.0,0.0
2022-01-10,76800.0,76800.0,76800.0,76800.0,61742.6015625,0,0.0,0.0
2022-01-11,76990.0,76990.0,76900.0,76990.0,61989.76171875,499,117.0,0.0
2022-01-12,77000.0,77000.0,77000.0,77000.0,61997.8515625,515,0.0,0.0
2022-01-13,77990.0,77990.0,76000.0,77990.0,62794.9375,34545,0.0,0.0
2022-01-14,78000.0,78000.0,76120.0,78000.0,62802.984375,4331,0.0,0.0
2022-01-17,78000.0,78000.0,78000.0,78000.0,62802.984375,0,0.0,0.0
2022-01-18,78000.0,78000.0,78000.0,78000.0,62802.984375,0,0.0,0.0
2022-01-19,78000.0,78000.0,78000.0,78000.0,62802.984375,0,0.0,0.0
2022-01-20,81980.0,81980.0,81500.0,81980.0,66007.5390625,2281,0.0,0.0
2022-01-21,82800.0,82800.0,81980.0,82800.0,66667.7734375,45335,0.0,0.0
2022-01-24,82600.0,82600.0,82500.0,82600.0,66506.765625,1043,0.0,0.0
2022-01-25,87800.0,87800.0,82550.0,87800.0,70693.6171875,1806,0.0,0.0
2022-01-26,87100.0,87100.0,86500.0,87100.0,70130.0,4283,0.0,0.0
2022-01-27,87100.0,87100.0,87100.0,87100.0,70130.0,220,0.0,0.0
2022-01-28,87100.0,87100.0,87000.0,87100.0,70130.0,1015,0.0,0.0
2022-01-31,88890.0,88890.0,85010.0,88890.0,71571.25,4185,0.0,0.0
2022-02-01,89000.0,89000.0,88890.0,89000.0,71659.8125,1912,0.0,0.0
2022-02-02,89200.0,89200.0,89000.0,89200.0,71820.875,1739,0.0,0.0
2022-02-03,89200.0,89200.0,88000.0,89200.0,71820.875,1396,0.0,0.0
2022-02-04,90000.0,90000.0,89000.0,90000.0,72465.0,3354,0.0,0.0
2022-02-07,90230.0,90290.0,89010.0,90230.0,72650.171875,1790,0.0,0.0
2022-02-08,92000.0,92000.0,90400.0,92000.0,74075.3046875,4748,0.0,0.0
2022-02-09,89940.0,91800.0,89500.0,89940.0,72508.8828125,2031,117.0,0.0
2022-02-10,89800.0,89900.0,84500.0,89800.0,72396.03125,4638,0.0,0.0
2022-02-11,84600.0,84600.0,84000.0,84600.0,68203.8203125,1578,0.0,0.0
2022-02-14,82130.0,82130.0,82130.0,82130.0,66212.5390625,407,0.0,0.0
2022-02-15,82130.0,82130.0,82130.0,82130.0,66212.5390625,24,0.0,0.0
2022-02-16,79700.0,81300.0,79700.0,79700.0,64253.4921875,3128,0.0,0.0
2022-02-17,78720.0,81970.0,78720.0,78720.0,63463.40625,1528,0.0,0.0
2022-02-18,79300.0,79300.0,78720.0,79300.0,63931.02734375,1640,0.0,0.0
2022-02-21,80210.0,80210.0,80000.0,80210.0,64664.63671875,1989,0.0,0.0
2022-02-22,80210.0,80230.0,80210.0,80210.0,64664.63671875,982,0.0,0.0
2022-02-23,80000.0,80210.0,80000.0,80000.0,64495.3671875,1699,0.0,0.0
2022-02-24,80000.0,80000.0,80000.0,80000.0,64495.3671875,2617,0.0,0.0
2022-02-25,80000.0,80000.0,80000.0,80000.0,64495.3671875,1608,0.0,0.0
2022-02-28,80010.0,80010.0,80000.0,80010.0,64503.38671875,575,0.0,0.0
2022-03-01,80000.0,80010.0,80000.0,80000.0,64495.3671875,3759,0.0,0.0
2022-03-02,80010.0,80010.0,80000.0,80010.0,64503.38671875,1854,0.0,0.0
2022-03-03,80000.0,80010.0,80000.0,80000.0,64495.3671875,8060,0.0,0.0
2022-03-04,79990.0,79990.0,79000.0,79990.0,64487.25,1328,0.0,0.0
2022-03-07,79000.0,79000.0,78200.0,79000.0,63689.15234375,1909,0.0,0.0
2022-03-08,75100.0,78000.0,75100.0,75100.0,60544.98828125,8364,0.0,0.0
2022-03-09,75100.0,75100.0,75100.0,75100.0,60639.4765625,1475,117.0,0.0
2022-03-10,100500.0,100500.0,100500.0,100500.0,81148.671875,3674078550,0.0,0.0
2022-03-11,100500.0,108000.0,96000.0,100500.0,81148.671875,36176,0.0,0.0
2022-03-14,101800.0,101800.0,95500.0,101800.0,82198.3671875,16202,0.0,0.0
2022-03-15,106000.0,106000.0,98430.0,106000.0,85589.671875,7699,0.0,0.0
2022-03-16,103900.0,104900.0,101000.0,103900.0,83894.0,9184,0.0,0.0
2022-03-17,103900.0,104500.0,103000.0,103900.0,83894.0,6158,0.0,0.0
2022-03-18,101900.0,102800.0,99110.0,101900.0,82279.1484375,5985,0.0,0.0
2022-03-21,101900.0,101900.0,101900.0,101900.0,82279.1484375,0,0.0,0.0
2022-03-22,98000.0,98000.0,96000.0,98000.0,79130.0859375,3702,0.0,0.0
2022-03-23,96000.0,96000.0,95000.0,96000.0,77515.1484375,7584,0.0,0.0
2022-03-24,96000.0,96000.0,95990.0,96000.0,77515.1484375,17242,0.0,0.0
2022-03-25,87000.0,96000.0,86580.0,87000.0,70248.140625,7003,0.0,0.0
2022-03-28,85000.0,88100.0,84000.0,85000.0,68633.2421875,2761,0.0,0.0
2022-03-29,85000.0,86990.0,85000.0,85000.0,68633.2421875,1459,0.0,0.0
2022-03-30,85000.0,86990.0,85000.0,85000.0,68633.2421875,1459,0.0,0.0
2022-03-31,85000.0,85000.0,84000.0,85000.0,68633.2421875,2549,0.0,0.0
2022-04-01,86500.0,87000.0,85000.0,86500.0,69844.4140625,7638,0.0,0.0
2022-04-04,86500.0,86500.0,86500.0,86500.0,69844.4140625,0,0.0,0.0
2022-04-05,89860.0,89990.0,89400.0,89860.0,72557.4453125,39763,0.0,0.0
2022-04-06,90600.0,91900.0,89310.0,90600.0,73154.90625,38528,0.0,0.0
2022-04-07,91000.0,91500.0,90480.0,91000.0,73477.9375,9010,0.0,0.0
2022-04-08,94000.0,94000.0,90000.0,94000.0,76049.015625,104395,178.0,0.0
2022-04-11,93000.0,93000.0,92680.0,93000.0,75239.984375,35077,0.0,0.0
2022-04-12,92000.0,93400.0,92000.0,92000.0,74430.9609375,3399,0.0,0.0
2022-04-13,93000.0,93000.0,92000.0,93000.0,75239.984375,21637,0.0,0.0
2022-04-14,93000.0,93000.0,93000.0,93000.0,75239.984375,0,0.0,0.0
2022-04-15,93000.0,93000.0,93000.0,93000.0,75239.984375,0,0.0,0.0
2022-04-18,93000.0,93000.0,92500.0,93000.0,75239.984375,13067,0.0,0.0
2022-04-19,92030.0,93000.0,92030.0,92030.0,74455.2265625,26633,0.0,0.0
2022-04-20,93270.0,93270.0,92330.0,93270.0,75458.4453125,9566,0.0,0.0
2022-04-21,93220.0,93220.0,92500.0,93220.0,75417.9765625,9403,0.0,0.0
2022-04-22,93000.0,93010.0,93000.0,93000.0,75239.984375,11910,0.0,0.0
2022-04-25,94990.0,95000.0,94450.0,94990.0,76849.9609375,3350,0.0,0.0
2022-04-26,95000.0,95090.0,93500.0,95000.0,76858.0390625,87108,0.0,0.0
2022-04-27,92900.0,93100.0,92900.0,92900.0,75159.1015625,17982,0.0,0.0
2022-04-28,93000.0,93000.0,90380.0,93000.0,75239.984375,4269,0.0,0.0
2022-04-29,93000.0,93000.0,90380.0,93000.0,75239.984375,4269,0.0,0.0
2022-05-02,92000.0,92000.0,92000.0,92000.0,74430.9609375,172,0.0,0.0
2022-05-03,91000.0,92000.0,90660.0,91000.0,73621.9375,2717,0.0,0.0
2022-05-04,90000.0,90000.0,90000.0,90000.0,72812.8828125,958,0.0,0.0
2022-05-05,90010.0,90010.0,90010.0,90010.0,72820.96875,605,0.0,0.0
2022-05-06,90000.0,90010.0,90000.0,90000.0,72812.8828125,975,0.0,0.0
2022-05-09,85000.0,89810.0,85000.0,85000.0,68767.734375,7132,0.0,0.0
2022-05-10,88900.0,88900.0,83000.0,88900.0,72073.8984375,4787,178.0,0.0
2022-05-11,88900.0,88900.0,88900.0,88900.0,72073.8984375,24,0.0,0.0
2022-05-12,88900.0,88900.0,88900.0,88900.0,72073.8984375,68,0.0,0.0
2022-05-13,88900.0,88900.0,88900.0,88900.0,72073.8984375,1,0.0,0.0
2022-05-16,88800.0,88800.0,84900.0,88800.0,71992.8359375,2507,0.0,0.0
2022-05-17,86000.0,87500.0,86000.0,86000.0,69722.8046875,524,0.0,0.0
2022-05-18,82990.0,85000.0,82010.0,82990.0,67282.4765625,8359,0.0,0.0
2022-05-19,82600.0,82600.0,82600.0,82600.0,66966.3046875,4101,0.0,0.0
2022-05-20,81000.0,83500.0,81000.0,81000.0,65669.109375,5866,0.0,0.0
2022-05-23,83000.0,83000.0,78900.0,83000.0,67290.578125,5798,0.0,0.0
2022-05-24,83780.0,83780.0,79020.0,83780.0,67922.96875,572,0.0,0.0
2022-05-25,82480.0,83000.0,79600.0,82480.0,66868.9921875,1358,0.0,0.0
2022-05-26,82470.0,82480.0,80000.0,82470.0,66860.9140625,2039,0.0,0.0
2022-05-27,82300.0,82300.0,79600.0,82300.0,66723.0625,496,0.0,0.0
2022-05-30,82300.0,82300.0,82300.0,82300.0,66723.0625,0,0.0,0.0
2022-05-31,88060.0,88060.0,82300.0,88060.0,71392.875,11944,0.0,0.0
2022-06-01,85000.0,87200.0,84000.0,85000.0,68912.0703125,1581,0.0,0.0
2022-06-02,85990.0,86500.0,85000.0,85990.0,69714.671875,1990,0.0,0.0
2022-06-03,85890.0,85890.0,80160.0,85890.0,69633.5859375,5614,0.0,0.0
2022-06-06,83000.0,83020.0,82000.0,83000.0,67290.578125,2840,0.0,0.0
2022-06-07,83000.0,83000.0,80220.0,83000.0,67290.578125,2800,0.0,0.0
2022-06-08,83000.0,83000.0,83000.0,83000.0,67290.578125,2542,0.0,0.0
2022-06-09,80220.0,80230.0,80220.0,80220.0,65176.56640625,2086,178.0,0.0
2022-06-10,83980.0,83980.0,80300.0,83980.0,68231.421875,926,0.0,0.0
2022-06-13,76020.0,80320.0,76020.0,76020.0,61764.15625,4632,0.0,0.0
2022-06-14,80500.0,80500.0,77020.0,80500.0,65404.0390625,2145,0.0,0.0
2022-06-15,77000.0,80480.0,77000.0,77000.0,62560.36328125,2146,0.0,0.0
2022-06-16,77500.0,79990.0,77500.0,77500.0,62966.61328125,1062,0.0,0.0
2022-06-17,78490.0,78590.0,77000.0,78490.0,63770.96484375,1040,0.0,0.0
2022-06-20,78490.0,78490.0,78490.0,78490.0,63770.96484375,0,0.0,0.0
2022-06-21,76010.0,76010.0,74800.0,76010.0,61756.0078125,4530,0.0,0.0
2022-06-22,77000.0,79880.0,75000.0,77000.0,62560.36328125,4825,0.0,0.0
2022-06-23,75000.0,75000.0,72010.0,75000.0,60935.4375,2360,0.0,0.0
2022-06-24,73020.0,75000.0,73010.0,73020.0,59326.734375,2570,0.0,0.0
2022-06-27,73020.0,73020.0,73020.0,73020.0,59326.734375,0,0.0,0.0
2022-06-28,73020.0,73020.0,73020.0,73020.0,59326.734375,0,0.0,0.0
2022-06-29,73020.0,73020.0,73020.0,73020.0,59326.734375,0,0.0,0.0
2022-06-30,69980.0,69980.0,68100.0,69980.0,56856.8203125,24976,0.0,0.0
2022-07-01,70150.0,70150.0,69900.0,70150.0,56994.93359375,9172,0.0,0.0
2022-07-04,70150.0,70150.0,70150.0,70150.0,56994.93359375,0,0.0,0.0
2022-07-05,70000.0,70000.0,69000.0,70000.0,56873.0625,18808,0.0,0.0
2022-07-06,70000.0,70000.0,69000.0,70000.0,56873.0625,18808,0.0,0.0
2022-07-07,69000.0,69000.0,69000.0,69000.0,56060.58984375,165,0.0,0.0
2022-07-08,68200.0,69000.0,68200.0,68200.0,55410.62890625,1971,0.0,0.0
2022-07-11,68200.0,68200.0,68200.0,68200.0,55555.6171875,748,178.0,0.0
2022-07-12,68200.0,68200.0,68200.0,68200.0,55555.6171875,2232,0.0,0.0
2022-07-13,68100.0,68200.0,68100.0,68100.0,55474.1484375,8241,0.0,0.0
2022-07-14,65000.0,67600.0,65000.0,65000.0,52948.890625,2242,0.0,0.0
2022-07-15,65000.0,65000.0,65000.0,65000.0,52948.890625,776,0.0,0.0
2022-07-18,65000.0,65000.0,65000.0,65000.0,52948.890625,488,0.0,0.0
2022-07-19,65000.0,68000.0,65000.0,65000.0,52948.890625,831,0.0,0.0
2022-07-20,65000.0,65000.0,65000.0,65000.0,52948.890625,0,0.0,0.0
2022-07-21,65000.0,65000.0,65000.0,65000.0,52948.890625,395,0.0,0.0
2022-07-22,60100.0,64000.0,60100.0,60100.0,48957.3671875,3554,0.0,0.0
2022-07-25,61500.0,61500.0,61000.0,61500.0,50097.80078125,954,0.0,0.0
2022-07-26,61500.0,61500.0,61500.0,61500.0,50097.80078125,180,0.0,0.0
2022-07-27,61500.0,61500.0,61500.0,61500.0,50097.80078125,23,0.0,0.0
2022-07-28,61500.0,61500.0,61500.0,61500.0,50097.80078125,37,0.0,0.0
2022-07-29,61500.0,62000.0,61500.0,61500.0,50097.80078125,4416,0.0,0.0
2022-08-01,58180.0,61600.0,58180.0,58180.0,47393.3359375,9283,0.0,0.0
2022-08-02,57020.0,59980.0,57020.0,57020.0,46448.40625,4341,0.0,0.0
2022-08-03,58000.0,59740.0,58000.0,58000.0,47246.703125,1207,0.0,0.0
2022-08-04,59000.0,59100.0,59000.0,59000.0,48061.3125,1976,0.0,0.0
2022-08-05,58600.0,59000.0,56000.0,58600.0,47735.47265625,21484,0.0,0.0
2022-08-08,59000.0,59450.0,58600.0,59000.0,48061.3125,6496,0.0,0.0
2022-08-09,58680.0,60190.0,58000.0,58680.0,47945.28515625,7783,178.0,0.0
2022-08-10,56100.0,57000.0,56100.0,56100.0,45837.25390625,3755,0.0,0.0
2022-08-11,57680.0,57680.0,56000.0,57680.0,47128.22265625,13960,0.0,0.0
2022-08-12,56050.0,57470.0,56050.0,56050.0,45796.39453125,1250,0.0,0.0
2022-08-15,56050.0,56050.0,56050.0,56050.0,45796.39453125,0,0.0,0.0
2022-08-16,56050.0,56050.0,56050.0,56050.0,45796.39453125,0,0.0,0.0
2022-08-17,55000.0,57460.0,55000.0,55000.0,44938.48828125,13610,0.0,0.0
2022-08-18,56000.0,57190.0,55000.0,56000.0,45755.53515625,15644,0.0,0.0
2022-08-19,55650.0,55800.0,54100.0,55650.0,45469.58203125,7247,0.0,0.0
2022-08-22,55650.0,55650.0,55650.0,55650.0,45469.58203125,469,0.0,0.0
2022-08-23,54010.0,54500.0,54010.0,54010.0,44129.609375,526,0.0,0.0
2022-08-24,54500.0,54500.0,53050.0,54500.0,44529.95703125,6684,0.0,0.0
2022-08-25,54050.0,55390.0,54050.0,54050.0,44162.28515625,11637,0.0,0.0
2022-08-26,55720.0,56880.0,54000.0,55720.0,45526.7734375,1820,0.0,0.0
2022-08-29,54000.0,54000.0,53700.0,54000.0,44121.4375,2244,0.0,0.0
2022-08-30,51000.0,51000.0,51000.0,51000.0,41670.24609375,3418,0.0,0.0
2022-08-31,51000.0,53000.0,50900.0,51000.0,41670.24609375,12318,0.0,0.0
2022-09-01,51000.0,51000.0,50000.0,51000.0,41670.24609375,11034,0.0,0.0
2022-09-02,51000.0,51000.0,50100.0,51000.0,41670.24609375,5080,0.0,0.0
2022-09-05,50900.0,51000.0,50500.0,50900.0,41588.53515625,2071,0.0,0.0
2022-09-06,50990.0,51000.0,49010.0,50990.0,41662.0703125,6882,0.0,0.0
2022-09-07,50970.0,50970.0,50010.0,50970.0,41645.703125,2810,0.0,0.0
2022-09-08,50970.0,50970.0,50970.0,50970.0,41645.703125,346,0.0,0.0
2022-09-09,50940.0,50960.0,49860.0,50940.0,41767.0703125,1783,178.0,0.0
2022-09-12,50960.0,51500.0,50010.0,50960.0,41783.48046875,4870,0.0,0.0
2022-09-13,50000.0,50990.0,49110.0,50000.0,40996.34375,9446,0.0,0.0
2022-09-14,49860.0,50650.0,48000.0,49860.0,40881.56640625,5146,0.0,0.0
2022-09-15,49740.0,49780.0,49200.0,49740.0,40783.1640625,2229,0.0,0.0
2022-09-16,46750.0,49600.0,46750.0,46750.0,38331.578125,23283,0.0,0.0
2022-09-19,47890.0,48000.0,46900.0,47890.0,39266.296875,48965,0.0,0.0
2022-09-20,48000.0,48000.0,48000.0,48000.0,39356.484375,700,0.0,0.0
2022-09-21,48000.0,48000.0,48000.0,48000.0,39356.484375,569,0.0,0.0
2022-09-22,48890.0,48890.0,48670.0,48890.0,40086.22265625,1582,0.0,0.0
2022-09-23,48140.0,48140.0,46500.0,48140.0,39471.265625,833,0.0,0.0
2022-09-26,46050.0,46050.0,46050.0,46050.0,37757.62890625,523,0.0,0.0
2022-09-27,48200.0,48200.0,48200.0,48200.0,39520.484375,539,0.0,0.0
2022-09-28,48470.0,48470.0,46360.0,48470.0,39741.85546875,2054,0.0,0.0
2022-09-29,48260.0,48260.0,48000.0,48260.0,39569.67578125,2347,0.0,0.0
2022-09-30,48970.0,48970.0,48000.0,48970.0,40151.8203125,1023,0.0,0.0
2022-10-03,49990.0,49990.0,48590.0,49990.0,40988.13671875,34368,0.0,0.0
2022-10-04,51490.0,51670.0,49990.0,51490.0,42218.04296875,8401,0.0,0.0
2022-10-05,52870.0,52870.0,51000.0,52870.0,43349.53515625,2492,0.0,0.0
2022-10-06,53290.0,53290.0,50000.0,53290.0,43693.9140625,6387,0.0,0.0
2022-10-07,53290.0,53290.0,53290.0,53290.0,43693.9140625,429,0.0,0.0
2022-10-10,53290.0,53290.0,53290.0,53290.0,43693.9140625,241,0.0,0.0
2022-10-11,53290.0,53290.0,53290.0,53290.0,43840.34765625,106,178.0,0.0
2022-10-12,53290.0,53290.0,53290.0,53290.0,43840.34765625,173,0.0,0.0
2022-10-13,53290.0,53290.0,53290.0,53290.0,43840.34765625,787,0.0,0.0
2022-10-14,50010.0,51000.0,50010.0,50010.0,41141.96875,3230,0.0,0.0
2022-10-17,50010.0,50010.0,50010.0,50010.0,41141.96875,0,0.0,0.0
2022-10-18,50950.0,50990.0,50000.0,50950.0,41915.2734375,6783,0.0,0.0
2022-10-19,54700.0,54700.0,50940.0,54700.0,45000.30859375,6312,0.0,0.0
2022-10-20,54700.0,54700.0,50940.0,54700.0,45000.30859375,6312,0.0,0.0
2022-10-21,56000.0,56000.0,54000.0,56000.0,46069.77734375,2345,0.0,0.0
2022-10-24,55000.0,57000.0,55000.0,55000.0,45247.11328125,3851,0.0,0.0
2022-10-25,56700.0,56700.0,53500.0,56700.0,46645.6640625,9523,0.0,0.0
2022-10-26,56500.0,56500.0,55000.0,56500.0,46481.125,4945,0.0,0.0
2022-10-27,56000.0,56000.0,55000.0,56000.0,46069.77734375,1296,0.0,0.0
2022-10-28,56200.0,56200.0,55000.0,56200.0,46234.3203125,1471,0.0,0.0
2022-10-31,56200.0,56200.0,56200.0,56200.0,46234.3203125,160,0.0,0.0
2022-11-01,57960.0,57960.0,56000.0,57960.0,47682.24609375,14405,0.0,0.0
2022-11-02,57960.0,57960.0,57960.0,57960.0,47682.24609375,397,0.0,0.0
2022-11-03,57960.0,57960.0,57960.0,57960.0,47682.24609375,508,0.0,0.0
2022-11-04,57790.0,57790.0,56500.0,57790.0,47542.375,1047,0.0,0.0
2022-11-07,57790.0,57790.0,57790.0,57790.0,47542.375,0,0.0,0.0
2022-11-08,60000.0,60000.0,58000.0,60000.0,49513.00390625,1807,178.0,0.0
2022-11-09,59940.0,59970.0,56010.0,59940.0,49463.46875,10600,0.0,0.0
2022-11-10,60000.0,60000.0,58000.0,60000.0,49513.00390625,4203,0.0,0.0
2022-11-11,61140.0,61200.0,59980.0,61140.0,50453.7421875,43150,0.0,0.0
2022-11-14,61140.0,61140.0,61140.0,61140.0,50453.7421875,0,0.0,0.0
2022-11-15,63980.0,63990.0,61170.0,63980.0,52797.36328125,2525,0.0,0.0
2022-11-16,63980.0,63980.0,63980.0,63980.0,52797.36328125,661,0.0,0.0
2022-11-17,61500.0,61500.0,60000.0,61500.0,50750.8125,2995,0.0,0.0
2022-11-18,61390.0,61500.0,60000.0,61390.0,50660.03515625,1142,0.0,0.0
2022-11-21,61390.0,61390.0,61390.0,61390.0,50660.03515625,198,0.0,0.0
2022-11-22,61390.0,61390.0,61390.0,61390.0,50660.03515625,198,0.0,0.0
2022-11-23,62000.0,62000.0,62000.0,62000.0,51163.4296875,149184320,0.0,0.0
2022-11-24,62000.0,62000.0,62000.0,62000.0,51163.4296875,0,0.0,0.0
2022-11-25,61010.0,61010.0,61000.0,61000.0,50338.203125,51845,0.0,0.0
2022-11-28,61000.0,61000.0,61000.0,61000.0,50338.203125,4865,0.0,0.0
2022-11-29,60698.30859375,60698.30859375,60698.30859375,60698.30859375,50089.26171875,59,0.0,0.0
2022-11-30,60100.0,62200.0,60100.0,62200.0,51328.46484375,30196,0.0,0.0
2022-12-01,62200.0,62300.0,62200.0,62200.0,51328.46484375,9382,0.0,0.0
2022-12-02,61000.0,61110.0,61000.0,61000.0,50338.203125,31568,0.0,0.0
2022-12-05,60550.0,60550.0,60550.0,60550.0,49966.86328125,372,0.0,0.0
2022-12-06,60550.0,60550.0,60550.0,60550.0,49966.86328125,1071,0.0,0.0
2022-12-07,62100.0,62100.0,62100.0,62100.0,51245.9375,381,0.0,0.0
2022-12-08,62100.0,62100.0,62100.0,62100.0,51245.9375,0,0.0,0.0
2022-12-09,61200.0,61200.0,61200.0,61200.0,50648.421875,438,178.0,0.0
2022-12-12,61025.73828125,61025.73828125,61025.73828125,61025.73828125,50504.20703125,101,0.0,0.0
2022-12-13,61105.37890625,61105.37890625,61105.37890625,61105.37890625,50570.12109375,104,0.0,0.0
2022-12-14,60925.55859375,60925.55859375,60925.55859375,60925.55859375,50421.296875,99,0.0,0.0
2022-12-15,60800.0,60800.0,60800.0,60800.0,50317.37890625,579,0.0,0.0
2022-12-16,60790.0,60800.0,60790.0,60800.0,50317.37890625,3688,0.0,0.0
2022-12-19,61000.0,61000.0,61000.0,61000.0,50482.91796875,443,0.0,0.0
2022-12-20,59247.41015625,59247.41015625,59247.41015625,59247.41015625,49032.49609375,278,0.0,0.0
2022-12-21,61000.0,61000.0,61000.0,61000.0,50482.91796875,29587,0.0,0.0
2022-12-22,61000.0,61010.0,61000.0,61000.0,50482.91796875,11335,0.0,0.0
2022-12-23,61000.0,61200.0,61000.0,61200.0,50648.421875,10106,0.0,0.0
2022-12-26,61100.0,61200.0,61000.0,61100.0,50565.6875,9433,0.0,0.0
2022-12-27,61000.0,61600.0,61000.0,61000.0,50482.91796875,66344,0.0,0.0
2022-12-28,62227.01953125,62227.01953125,62227.01953125,62227.01953125,51498.37890625,94,0.0,0.0
2022-12-29,61000.0,61000.0,61000.0,61000.0,50482.91796875,257,0.0,0.0
2022-12-30,61000.0,61000.0,61000.0,61000.0,50482.91796875,0,0.0,0.0
2023-01-02,62000.0,62000.0,62000.0,62000.0,51310.49609375,136,0.0,0.0
2023-01-03,60500.0,62590.0,59000.0,62590.0,51798.77734375,2340,0.0,0.0
2023-01-04,61007.12109375,61007.12109375,61007.12109375,61007.12109375,50488.80859375,222,0.0,0.0
2023-01-05,60510.0,60510.0,60510.0,60510.0,50077.390625,357,0.0,0.0
2023-01-06,60201.859375,60201.859375,60201.859375,60201.859375,49822.37890625,199,0.0,0.0
2023-01-09,60201.859375,60201.859375,60201.859375,60201.859375,49822.37890625,0,0.0,0.0
2023-01-10,61770.0,61770.0,61770.0,61770.0,51271.76171875,669,178.0,0.0
2023-01-11,62400.0,62400.0,62400.0,62400.0,51794.6796875,303,0.0,0.0
2023-01-12,61000.0,61000.0,60990.0,60990.0,50624.30859375,2775,0.0,0.0
2023-01-13,60682.58984375,60682.58984375,60682.58984375,60682.58984375,50369.15625,27,0.0,0.0
2023-01-16,61000.0,61000.0,61000.0,61000.0,50632.6171875,47,0.0,0.0
2023-01-17,60500.0,61000.0,60500.0,61000.0,50632.6171875,835,0.0,0.0
2023-01-18,61000.0,61000.0,61000.0,61000.0,50632.6171875,725,0.0,0.0
2023-01-19,61000.0,61980.0,61000.0,61980.0,51446.05859375,3167,0.0,0.0
2023-01-20,61000.0,61870.0,60000.0,61870.0,51354.7578125,5283,0.0,0.0
2023-01-23,60500.0,61800.0,60500.0,60510.0,50225.90234375,733,0.0,0.0
2023-01-24,60500.0,61000.0,60500.0,60500.0,50217.58984375,2132,0.0,0.0
2023-01-25,60500.0,60500.0,60310.0,60460.0,50184.375,3241,0.0,0.0
2023-01-26,60310.0,60310.0,60310.0,60310.0,50059.87890625,998,0.0,0.0
2023-01-27,60310.0,61000.0,60310.0,61000.0,50632.6171875,16093,0.0,0.0
2023-01-30,60500.0,61000.0,60500.0,61000.0,50632.6171875,1107,0.0,0.0
2023-01-31,61000.0,61000.0,60380.0,61000.0,50632.6171875,5467,0.0,0.0
2023-02-01,61000.0,61000.0,60900.0,61000.0,50632.6171875,8260,0.0,0.0
2023-02-02,61000.0,61000.0,60410.0,60500.0,50217.58984375,4028,0.0,0.0
2023-02-03,60990.0,61000.0,60990.0,61000.0,50632.6171875,2538,0.0,0.0
2023-02-06,60350.0,60350.0,60350.0,60350.0,50093.08984375,415,0.0,0.0
2023-02-07,60350.0,61000.0,60350.0,61000.0,50632.6171875,3499,0.0,0.0
2023-02-08,60990.0,61000.0,60990.0,61000.0,50632.6171875,16081,0.0,0.0
2023-02-09,61000.0,61000.0,60450.0,60500.0,50364.55859375,5135,178.0,0.0
2023-02-10,60500.0,61000.0,60500.0,61000.0,50780.79296875,5818,0.0,0.0
2023-02-13,60990.0,60990.0,60980.0,60990.0,50772.47265625,3178,0.0,0.0
2023-02-14,59540.0,59540.0,58700.0,58750.0,48907.73828125,1122,0.0,0.0
2023-02-15,60000.0,60000.0,59850.0,59850.0,49823.44921875,1765,0.0,0.0
2023-02-16,59800.0,59800.0,59800.0,59800.0,49781.83203125,393,0.0,0.0
2023-02-17,57333.328125,57333.328125,57333.328125,57333.328125,47728.3828125,6,0.0,0.0
2023-02-20,58130.55859375,58130.55859375,58130.55859375,58130.55859375,48392.0625,179,0.0,0.0
2023-02-21,57651.78125,57651.78125,57651.78125,57651.78125,47993.484375,45,0.0,0.0
2023-02-22,59000.0,59000.0,59000.0,59000.0,49115.86328125,3176,0.0,0.0
2023-02-23,56000.0,56000.0,56000.0,56000.0,46618.42578125,3,0.0,0.0
2023-02-24,55831.48046875,55831.48046875,55831.48046875,55831.48046875,46478.1484375,54,0.0,0.0
2023-02-27,55020.0,57980.0,55020.0,57980.0,48266.734375,918,0.0,0.0
2023-02-28,57940.0,58000.0,57940.0,57980.0,48266.734375,5876,0.0,0.0
2023-03-01,56500.0,56500.0,56500.0,56500.0,47034.6796875,492,0.0,0.0
2023-03-02,56500.0,56500.0,56500.0,56500.0,47034.6796875,323,0.0,0.0
2023-03-03,57600.0,57600.0,57600.0,57600.0,47950.38671875,466,0.0,0.0
2023-03-06,57610.0,57990.0,57610.0,57990.0,48275.05859375,1318,0.0,0.0
2023-03-07,58000.0,58000.0,58000.0,58000.0,48283.3671875,2094,0.0,0.0
2023-03-08,57000.0,57000.0,57000.0,57000.0,47450.91015625,1670,0.0,0.0
2023-03-09,56435.0,56435.0,56435.0,56435.0,47127.73046875,34,178.0,0.0
2023-03-10,55233.05859375,55233.05859375,55233.05859375,55233.05859375,46124.01953125,62,0.0,0.0
2023-03-13,57300.0,57300.0,57000.0,57200.0,47766.5703125,21644,0.0,0.0
2023-03-14,57440.30859375,57440.30859375,57440.30859375,57440.30859375,47967.25,381,0.0,0.0
2023-03-15,57000.0,58960.0,55500.0,58960.0,49236.3046875,17522,0.0,0.0
2023-03-16,61000.0,61000.0,61000.0,61000.0,50939.86328125,425,0.0,0.0
2023-03-17,60000.0,61390.0,60000.0,61000.0,50939.86328125,18696,0.0,0.0
2023-03-20,61000.0,61000.0,61000.0,61000.0,50939.86328125,0,0.0,0.0
2023-03-21,60308.6796875,60308.6796875,60308.6796875,60308.6796875,50362.55859375,53,0.0,0.0
2023-03-22,61000.0,61000.0,60000.0,60000.0,50104.7890625,8354,0.0,0.0
2023-03-23,62000.0,62000.0,61980.0,61980.0,51758.25390625,920,0.0,0.0
2023-03-24,61000.0,61000.0,59000.0,61000.0,50939.86328125,7939,0.0,0.0
2023-03-27,61000.0,61000.0,61000.0,61000.0,50939.86328125,36233,0.0,0.0
2023-03-28,61000.0,62000.0,61000.0,61000.0,50939.86328125,6185,0.0,0.0
2023-03-29,61000.0,61000.0,60980.0,60980.0,50923.1640625,5204,0.0,0.0
2023-03-30,60980.0,61000.0,60980.0,61000.0,50939.86328125,1293,0.0,0.0
2023-03-31,61000.0,61000.0,61000.0,61000.0,50939.86328125,488,0.0,0.0
2023-04-03,58670.0,58670.0,58670.0,58670.0,48994.13671875,459,0.0,0.0
2023-04-04,58724.3203125,58724.3203125,58724.3203125,58724.3203125,49039.4921875,44,0.0,0.0
2023-04-05,61000.0,61000.0,60000.0,60000.0,50104.7890625,930,0.0,0.0
2023-04-06,60000.0,60000.0,60000.0,60000.0,50104.7890625,0,0.0,0.0
2023-04-07,60000.0,60000.0,60000.0,60000.0,50104.7890625,0,0.0,0.0
2023-04-10,60000.0,60000.0,60000.0,60000.0,50104.7890625,704,0.0,0.0
2023-04-11,58476.5,58476.5,58476.5,58476.5,49001.6171875,100,207.0,0.0
2023-04-12,60017.859375,60017.859375,60017.859375,60017.859375,50293.22265625,28,0.0,0.0
2023-04-13,60000.0,60000.0,60000.0,60000.0,50278.25,153,0.0,0.0
2023-04-14,59128.7109375,59128.7109375,59128.7109375,59128.7109375,49548.140625,0,0.0,0.0
2023-04-17,59781.0,59781.0,59781.0,59781.0,50094.73828125,249,0.0,0.0
2023-04-18,61000.0,61000.0,60130.0,60130.0,50387.1875,633,0.0,0.0
2023-04-19,60100.0,61000.0,60100.0,61000.0,51116.2109375,729,0.0,0.0
2023-04-20,60086.9609375,60086.9609375,60086.9609375,60086.9609375,50351.125,23,0.0,0.0
2023-04-21,61000.0,61000.0,60060.0,60060.0,50328.52734375,17162,0.0,0.0
2023-04-24,61000.0,61000.0,61000.0,61000.0,51116.2109375,814,0.0,0.0
2023-04-25,60020.0,60020.0,60020.0,60020.0,50295.0078125,50,0.0,0.0
2023-04-26,61000.0,61000.0,61000.0,61000.0,51116.2109375,787,0.0,0.0
2023-04-27,60210.0,62840.0,60210.0,62840.0,52658.08984375,1061,0.0,0.0
2023-04-28,62800.0,63000.0,62800.0,62900.0,52708.36328125,2101,0.0,0.0
2023-05-01,62900.0,62900.0,62900.0,62900.0,52708.36328125,0,0.0,0.0
2023-05-02,61100.0,61100.0,61100.0,61100.0,51200.01953125,942,0.0,0.0
2023-05-03,61180.0,61180.0,61100.0,61100.0,51200.01953125,2341,0.0,0.0
2023-05-04,63990.0,64000.0,63990.0,64000.0,53630.125,6128,0.0,0.0
2023-05-05,64000.0,64010.0,64000.0,64010.0,53638.5078125,1056,0.0,0.0
2023-05-08,64010.0,64010.0,64010.0,64010.0,53638.5078125,435,0.0,0.0
2023-05-09,65606.0,65606.0,65606.0,65606.0,55154.2890625,5,207.0,0.0
2023-05-10,64010.0,64010.0,64010.0,64010.0,53812.53515625,374,0.0,0.0
2023-05-11,64010.0,64010.0,64010.0,64010.0,53812.53515625,773,0.0,0.0
2023-05-12,64010.0,64010.0,64010.0,64010.0,53812.53515625,297,0.0,0.0
2023-05-15,67722.46875,67722.46875,67722.46875,67722.46875,56933.57421875,89,0.0,0.0
2023-05-16,65000.0,65500.0,65000.0,65500.0,55065.16796875,2865,0.0,0.0
2023-05-17,65500.0,65500.0,65500.0,65500.0,55065.16796875,1238,0.0,0.0
2023-05-18,65500.0,65500.0,65500.0,65500.0,55065.16796875,412,0.0,0.0
2023-05-19,65500.0,65500.0,65500.0,65500.0,55065.16796875,210,0.0,0.0
2023-05-22,65500.0,65500.0,65500.0,65500.0,55065.16796875,0,0.0,0.0
2023-05-23,65500.0,65500.0,65500.0,65500.0,55065.16796875,957,0.0,0.0
2023-05-24,66000.0,66000.0,65500.0,65500.0,55065.16796875,1791,0.0,0.0
2023-05-25,66000.0,66810.0,66000.0,66810.0,56166.48046875,1233,0.0,0.0
2023-05-26,66800.0,68000.0,66800.0,68000.0,57166.875,18872,0.0,0.0
2023-05-29,66000.0,68000.0,66000.0,68000.0,57166.875,1290,0.0,0.0
2023-05-30,69000.0,69000.0,69000.0,69000.0,58007.57421875,4857,0.0,0.0
2023-05-31,68000.0,70100.0,68000.0,70100.0,58932.33984375,7629,0.0,0.0
2023-06-01,70000.0,70000.0,70000.0,70000.0,58848.26171875,1852,0.0,0.0
2023-06-02,71500.0,71500.0,71500.0,71500.0,60109.29296875,636,0.0,0.0
2023-06-05,71500.0,71500.0,71500.0,71500.0,60109.29296875,1455,0.0,0.0
2023-06-06,71500.0,76000.0,71500.0,76000.0,63892.40234375,5958,0.0,0.0
2023-06-07,72130.0,75000.0,72110.0,75000.0,63051.69921875,2112,0.0,0.0
2023-06-08,74168.046875,74168.046875,74168.046875,74168.046875,62524.87109375,256,207.0,0.0
2023-06-13,74000.0,74980.0,74000.0,74980.0,63209.359375,421,0.0,0.0
2023-06-14,74980.0,74980.0,74980.0,74980.0,63209.359375,878,0.0,0.0
2023-06-15,74900.0,74900.0,74900.0,74900.0,63141.8984375,264,0.0,0.0
2023-06-16,70740.0,70740.0,70210.0,70210.0,59188.16796875,397,0.0,0.0
2023-06-19,70210.0,70210.0,70210.0,70210.0,59188.16796875,0,0.0,0.0
2023-06-20,70260.0,70260.0,70200.0,70200.0,59179.7421875,13961,0.0,0.0
2023-06-21,72560.703125,72560.703125,72560.703125,72560.703125,61169.84375,142,0.0,0.0
2023-06-22,72940.0,72940.0,72940.0,72940.0,61489.59375,251,0.0,0.0
2023-06-23,72930.0,72930.0,72930.0,72930.0,61481.17578125,318,0.0,0.0
2023-06-26,71147.609375,71147.609375,71147.609375,71147.609375,59978.6015625,92,0.0,0.0
2023-06-27,72850.0,73000.0,72850.0,73000.0,61540.203125,1476,0.0,0.0
2023-06-28,73000.0,73000.0,73000.0,73000.0,61540.203125,2036,0.0,0.0
2023-06-29,71718.359375,71718.359375,71718.359375,71718.359375,60459.734375,134,0.0,0.0
2023-06-30,70010.0,70010.0,70010.0,70010.0,59019.5625,205,0.0,0.0
2023-07-03,70010.0,70010.0,70010.0,70010.0,59019.5625,0,0.0,0.0
2023-07-04,70408.3984375,70408.3984375,70408.3984375,70408.3984375,59355.43359375,25,0.0,0.0
2023-07-05,70010.0,70010.0,70010.0,70010.0,59019.5625,8,0.0,0.0
2023-07-06,69300.0,69300.0,69300.0,69300.0,58421.01171875,509,0.0,0.0
2023-07-07,69300.0,71990.0,69300.0,71990.0,60688.73046875,30297,0.0,0.0
2023-07-10,69510.0,69510.0,69000.0,69000.0,58168.1171875,19142,0.0,0.0
2023-07-11,71350.0,71350.0,71350.0,71350.0,60330.2265625,438,207.0,0.0
2023-07-12,71200.0,71200.0,70000.0,70000.0,59188.69921875,1229,0.0,0.0
2023-07-13,70000.0,70000.0,70000.0,70000.0,59188.69921875,476,0.0,0.0
2023-07-14,69990.0,69990.0,69990.0,69990.0,59180.24609375,247,0.0,0.0
2023-07-17,70000.0,70000.0,70000.0,70000.0,59188.69921875,94,0.0,0.0
2023-07-18,69990.0,69990.0,69990.0,69990.0,59180.24609375,673,0.0,0.0
2023-07-19,69990.0,69990.0,69000.0,69890.0,59095.6953125,7420,0.0,0.0
2023-07-20,69890.0,69890.0,69890.0,69890.0,59095.6953125,0,0.0,0.0
2023-07-21,69000.0,69000.0,67000.0,67000.0,56652.05859375,3949,0.0,0.0
2023-07-24,69990.0,69990.0,69990.0,69990.0,59180.24609375,253,0.0,0.0
2023-07-25,69990.0,69990.0,69990.0,69990.0,59180.24609375,72,0.0,0.0
2023-07-26,67000.0,67000.0,67000.0,67000.0,56652.05859375,663,0.0,0.0
2023-07-27,67000.0,67010.0,67000.0,67010.0,56660.50390625,3735,0.0,0.0
2023-07-28,67000.0,67000.0,67000.0,67000.0,56652.05859375,296,0.0,0.0
2023-07-31,67000.0,67000.0,67000.0,67000.0,56652.05859375,0,0.0,0.0
2023-08-01,67500.0,67500.0,67500.0,67500.0,57074.8125,1109,0.0,0.0
2023-08-02,67500.0,67500.0,67500.0,66592.8203125,56307.74609375,284,0.0,0.0
2023-08-03,67500.0,67500.0,67500.0,67500.0,57074.8125,66,0.0,0.0
2023-08-04,67500.0,67500.0,67500.0,67500.0,57074.8125,0,0.0,0.0
2023-08-07,67500.0,67500.0,67500.0,67500.0,57074.8125,0,0.0,0.0
2023-08-08,65997.0,65997.0,65997.0,65997.0,55803.953125,30,0.0,0.0
2023-08-09,67500.0,67500.0,67500.0,67500.0,57254.39453125,579,207.0,0.0
2023-08-10,67500.0,67750.0,65000.0,67750.0,57466.44921875,1199,0.0,0.0
2023-08-11,67000.0,67000.0,67000.0,67000.0,56830.3046875,82500900,0.0,0.0
2023-08-14,67000.0,67000.0,67000.0,67000.0,56830.3046875,35,0.0,0.0
2023-08-15,65000.0,67490.0,65000.0,67490.0,57245.9140625,1020,0.0,0.0
2023-08-16,66500.0,66500.0,66500.0,66500.0,56406.18359375,630,0.0,0.0
2023-08-17,67640.0,67640.0,67640.0,67640.0,57373.1640625,275,0.0,0.0
2023-08-18,66000.0,67600.0,66000.0,67600.0,57339.21484375,610,0.0,0.0
2023-08-21,67600.0,67600.0,67600.0,67600.0,57339.21484375,0,0.0,0.0
2023-08-22,67000.0,67000.0,66500.0,66500.0,56406.18359375,2776,0.0,0.0
2023-08-23,65030.0,65030.0,65000.0,65000.0,55133.87890625,1317,0.0,0.0
2023-08-24,65000.0,65700.0,65000.0,65500.0,55557.97265625,1597,0.0,0.0
2023-08-25,61090.0,64650.0,61080.0,64650.0,54836.9921875,2413,0.0,0.0
2023-08-28,62505.75,62505.75,62505.75,62505.75,53018.20703125,80,0.0,0.0
2023-08-29,64620.0,65000.0,64620.0,65000.0,55133.87890625,1753,0.0,0.0
2023-08-30,63000.0,63000.0,61550.0,61550.0,52207.5234375,1788,0.0,0.0
2023-08-31,63900.0,63900.0,59090.0,59090.0,50120.92578125,6650,0.0,0.0
2023-09-01,59090.0,59090.0,59090.0,59090.0,50120.92578125,763,0.0,0.0
2023-09-04,60273.12890625,60273.12890625,60273.12890625,60273.12890625,51124.4609375,48,0.0,0.0
2023-09-05,57090.0,57090.0,57090.0,57090.0,48424.49609375,912,0.0,0.0
2023-09-06,51470.0,52000.0,51400.0,51400.0,43598.1640625,8329,0.0,0.0
2023-09-07,52000.0,54070.0,52000.0,54070.0,45862.890625,3173,0.0,0.0
2023-09-08,52030.0,52030.0,51800.0,51800.0,43937.44921875,3016,0.0,0.0
2023-09-11,50000.0,50000.0,50000.0,50000.0,42580.8203125,1518,207.0,0.0
2023-09-12,51500.0,51500.0,50000.0,50000.0,42580.8203125,2550,0.0,0.0
2023-09-13,49000.0,49000.0,49000.0,49000.0,41729.203125,389,0.0,0.0
2023-09-14,46800.0,49890.0,46800.0,46800.0,39855.640625,26967,0.0,0.0
2023-09-15,48690.0,48690.0,48000.0,48000.0,40877.58203125,17425,0.0,0.0
2023-09-18,50000.0,50000.0,48530.0,48530.0,41328.9375,1696,0.0,0.0
2023-09-19,49000.0,49870.0,49000.0,49060.0,41780.296875,8064,0.0,0.0
2023-09-20,50086.359375,50086.359375,50086.359375,50086.359375,42654.37109375,55,0.0,0.0
2023-09-21,49060.0,49060.0,49060.0,49060.0,41780.296875,251,0.0,0.0
2023-09-22,50490.0,50490.0,50400.0,50400.0,42921.46875,880,0.0,0.0
2023-09-25,51346.1015625,51346.1015625,51346.1015625,51346.1015625,43727.1875,105,0.0,0.0
2023-09-26,50700.0,50700.0,50000.0,50000.0,42580.8203125,1135,0.0,0.0
2023-09-27,52400.0,52400.0,52400.0,52400.0,44624.69921875,304,0.0,0.0
2023-09-28,52390.0,53400.0,52390.0,53400.0,45476.3125,1662,0.0,0.0
2023-09-29,53500.0,53520.0,53000.0,53000.0,45135.67578125,10546,0.0,0.0
2023-10-02,53010.0,53010.0,53010.0,53010.0,45144.203125,259,0.0,0.0
2023-10-03,53010.0,56650.0,52550.0,52550.0,44752.44921875,1818,0.0,0.0
2023-10-04,54132.73046875,54132.73046875,54132.73046875,54132.73046875,46100.3203125,33,0.0,0.0
2023-10-05,51750.0,52000.0,51600.0,51600.0,43943.42578125,1339,0.0,0.0
2023-10-06,52000.0,52000.0,52000.0,52000.0,44284.05859375,623,0.0,0.0
2023-10-09,52000.0,52000.0,52000.0,52000.0,44284.05859375,25,0.0,0.0
2023-10-10,51730.140625,51730.140625,51730.140625,51730.140625,44230.30859375,147,207.0,0.0
2023-10-11,51500.0,51500.0,51500.0,51500.0,44033.5390625,343,0.0,0.0
2023-10-12,51774.01171875,51774.01171875,51774.01171875,51774.01171875,44267.828125,182,0.0,0.0
2023-10-13,51500.0,51500.0,51500.0,51500.0,44033.5390625,12,0.0,0.0
2023-10-16,51500.0,51500.0,51500.0,51500.0,44033.5390625,0,0.0,0.0
2023-10-17,51010.0,51010.0,50820.0,50820.0,43452.12890625,831,0.0,0.0
2023-10-18,52870.0,52870.0,51110.0,51110.0,43700.078125,1068,0.0,0.0
2023-10-19,51560.0,51560.0,51260.0,51260.0,43828.33203125,4399,0.0,0.0
2023-10-20,51310.0,51310.0,51100.0,51100.0,43691.5234375,1798,0.0,0.0
2023-10-23,50712.6015625,50712.6015625,50712.6015625,50712.6015625,43360.30078125,242,0.0,0.0
2023-10-24,51100.0,51100.0,51100.0,51100.0,43691.5234375,103,0.0,0.0
2023-10-25,50677.08984375,50677.08984375,50677.08984375,50677.08984375,43329.921875,230,0.0,0.0
2023-10-26,51100.0,51200.0,50800.0,50800.0,43435.03125,2652,0.0,0.0
2023-10-27,50703.328125,50703.328125,50703.328125,50703.328125,43352.3671875,3,0.0,0.0
2023-10-30,50800.0,50800.0,50800.0,50800.0,43435.03125,230,0.0,0.0
2023-10-31,50530.0,50530.0,50530.0,50530.0,43204.17578125,50,0.0,0.0
2023-11-01,50800.0,50920.0,50800.0,50920.0,43537.62109375,1106,0.0,0.0
2023-11-02,50100.0,50880.0,50000.0,50880.0,43503.42578125,3180,0.0,0.0
2023-11-03,50880.0,50880.0,50880.0,50880.0,43503.42578125,79,0.0,0.0
2023-11-06,50880.0,50880.0,50880.0,50880.0,43503.42578125,0,0.0,0.0
2023-11-07,50880.0,50880.0,50880.0,50880.0,43503.42578125,235,0.0,0.0
2023-11-08,50880.0,50880.0,50880.0,50880.0,43681.13671875,16,207.0,0.0
2023-11-09,50880.0,50880.0,50880.0,50880.0,43681.13671875,23,0.0,0.0
2023-11-10,50000.0,50000.0,49500.0,49500.0,42496.390625,655,0.0,0.0
2023-11-13,49500.0,49500.0,49500.0,49500.0,42496.390625,0,0.0,0.0
2023-11-14,49500.0,50000.0,49000.0,50000.0,42925.640625,2430,0.0,0.0
2023-11-15,50000.0,50000.0,50000.0,50000.0,42925.640625,2636,0.0,0.0
2023-11-16,50000.0,50000.0,49200.0,49200.0,42238.83203125,3710,0.0,0.0
2023-11-17,50000.0,50100.0,49200.0,49200.0,42238.83203125,1179,0.0,0.0
2023-11-20,50000.0,50000.0,49000.0,49000.0,42067.12890625,2001,0.0,0.0
2023-11-21,48120.0,48120.0,47440.0,47440.0,40727.84375,1645,0.0,0.0
2023-11-22,48500.0,49300.0,48500.0,48600.0,41723.7265625,996,0.0,0.0
2023-11-23,48580.0,48580.0,48580.0,48580.0,41706.55859375,1335,0.0,0.0
2023-11-24,48580.0,48580.0,48580.0,48580.0,41706.55859375,209,0.0,0.0
2023-11-27,48080.0,48080.0,48080.0,48080.0,41277.29296875,430,0.0,0.0
2023-11-28,48200.0,48200.0,48200.0,48200.0,41380.3125,472,0.0,0.0
2023-11-29,48800.0,48800.0,48800.0,48800.0,41895.4296875,353,0.0,0.0
2023-11-30,49000.0,49000.0,49000.0,49000.0,42067.12890625,556,0.0,0.0
2023-12-01,49740.0,50000.0,49740.0,50000.0,42925.640625,2688,0.0,0.0
2023-12-04,50000.0,50000.0,49020.0,49020.0,42084.296875,7057,0.0,0.0
2023-12-05,48940.0,48940.0,48940.0,48940.0,42015.62109375,552,0.0,0.0
2023-12-06,48940.0,48940.0,48620.0,48620.0,41740.89453125,1091,0.0,0.0
2023-12-07,48500.0,50000.0,48500.0,49700.0,42668.08203125,995,0.0,0.0
2023-12-08,49700.0,49700.0,49700.0,49700.0,42668.08203125,0,0.0,0.0
2023-12-11,50960.0,51180.0,50960.0,51180.0,44122.46484375,1036,207.0,0.0
2023-12-12,51200.0,52700.0,51200.0,52700.0,45432.859375,2515,0.0,0.0
2023-12-13,53800.0,53800.0,53800.0,53800.0,46381.17578125,3103,0.0,0.0
2023-12-14,53780.0,56820.0,53780.0,56820.0,48984.71875,8230,0.0,0.0
2023-12-15,57980.0,59920.0,57980.0,59920.0,51657.2421875,4573,0.0,0.0
2023-12-18,57060.0,59000.0,57040.0,59000.0,50864.1171875,2319,0.0,0.0
2023-12-19,59500.0,60760.0,59500.0,60760.0,52381.41015625,9207,0.0,0.0
2023-12-20,60000.0,60900.0,60000.0,60000.0,51726.20703125,8207,0.0,0.0
2023-12-21,60000.0,60000.0,57960.0,57960.0,49967.5234375,1079,0.0,0.0
2023-12-22,57960.0,57960.0,57960.0,57960.0,49967.5234375,38,0.0,0.0
2023-12-25,57960.0,57960.0,57960.0,57960.0,49967.5234375,0,0.0,0.0
2023-12-26,57960.0,57960.0,57960.0,57960.0,49967.5234375,105,0.0,0.0
2023-12-27,57020.0,58980.0,57020.0,58980.0,50846.859375,851,0.0,0.0
2023-12-28,58980.0,58980.0,58980.0,58980.0,50846.859375,119,0.0,0.0
2023-12-29,58980.0,58980.0,58980.0,58980.0,50846.859375,0,0.0,0.0
2024-01-01,58980.0,58980.0,58980.0,58980.0,50846.859375,0,0.0,0.0
2024-01-02,60200.0,60200.0,60200.0,60200.0,51898.625,709,0.0,0.0
2024-01-03,60200.0,60200.0,60200.0,60200.0,51898.625,321,0.0,0.0
2024-01-04,60200.0,60800.0,60200.0,60500.0,52157.265625,1113,0.0,0.0
2024-01-05,61000.0,61000.0,61000.0,61000.0,52588.31640625,1738,0.0,0.0
2024-01-08,61000.0,61000.0,61000.0,61000.0,52588.31640625,0,0.0,0.0
2024-01-09,61000.0,61760.0,60000.0,60000.0,51902.34375,1674,207.0,0.0
2024-01-10,60000.0,60000.0,60000.0,60000.0,51902.34375,1610,0.0,0.0
2024-01-11,60000.0,60200.0,59500.0,60200.0,52075.34765625,1043,0.0,0.0
2024-01-12,60480.0,60500.0,60480.0,60500.0,52334.86328125,4652,0.0,0.0
2024-01-15,61000.0,61000.0,61000.0,61000.0,52767.375,947,0.0,0.0
2024-01-16,61140.0,61140.0,61140.0,61140.0,52888.48828125,445,0.0,0.0
2024-01-17,61300.0,61500.0,61200.0,61500.0,53199.890625,3261,0.0,0.0
2024-01-18,61500.0,62000.0,61500.0,62000.0,53632.41796875,1993,0.0,0.0
2024-01-19,62000.0,62000.0,62000.0,62000.0,53632.41796875,153,0.0,0.0
2024-01-22,62000.0,62000.0,62000.0,62000.0,53632.41796875,0,0.0,0.0
2024-01-23,60500.0,60500.0,59240.0,59240.0,51244.90625,2733,0.0,0.0
2024-01-24,59240.0,59240.0,59240.0,59240.0,51244.90625,0,0.0,0.0
2024-01-25,59240.0,59240.0,59240.0,59240.0,51244.90625,0,0.0,0.0
2024-01-26,59240.0,59240.0,59240.0,59240.0,51244.90625,0,0.0,0.0
2024-01-29,59240.0,59240.0,59240.0,59240.0,51244.90625,421,0.0,0.0
2024-01-30,59240.0,59240.0,59240.0,59240.0,51244.90625,225,0.0,0.0
2024-01-31,60020.0,62000.0,60020.0,62000.0,53632.41796875,1233,0.0,0.0
2024-02-01,62000.0,62700.0,60120.0,62700.0,54237.94140625,1733,0.0,0.0
2024-02-02,62700.0,62700.0,62700.0,62700.0,54237.94140625,34,0.0,0.0
2024-02-05,62700.0,62700.0,62700.0,62700.0,54237.94140625,80,0.0,0.0
2024-02-06,61080.0,61080.0,61060.0,61060.0,52819.28515625,657,0.0,0.0
2024-02-07,61060.0,61060.0,61060.0,61060.0,52819.28515625,24,0.0,0.0
2024-02-08,62500.0,62960.0,62500.0,62940.0,54445.5625,1777,0.0,0.0
2024-02-09,62940.0,62940.0,62940.0,62940.0,54625.2109375,101,207.0,0.0
2024-02-12,60300.0,60300.0,60300.0,60300.0,52333.97265625,469,0.0,0.0
2024-02-13,60400.0,60400.0,60300.0,60300.0,52333.97265625,1365,0.0,0.0
2024-02-14,60300.0,60300.0,60300.0,60300.0,52333.97265625,86,0.0,0.0
2024-02-15,60300.0,60300.0,60300.0,60300.0,52333.97265625,35,0.0,0.0
2024-02-16,60300.0,60300.0,60300.0,60300.0,52333.97265625,47,0.0,0.0
2024-02-19,60300.0,60300.0,60300.0,60300.0,52333.97265625,97,0.0,0.0
2024-02-20,60500.0,60500.0,60500.0,60500.0,52507.546875,495,0.0,0.0
2024-02-21,60500.0,60500.0,59500.0,60000.0,52073.59765625,2764,0.0,0.0
2024-02-22,59600.0,59600.0,59500.0,59500.0,51639.65234375,755,0.0,0.0
2024-02-23,59500.0,60480.0,59500.0,60000.0,52073.59765625,1110,0.0,0.0
2024-02-26,60000.0,60000.0,60000.0,60000.0,52073.59765625,56,0.0,0.0
2024-02-27,59500.0,59500.0,59500.0,59500.0,51639.65234375,334,0.0,0.0
2024-02-28,59500.0,59500.0,59200.0,59200.0,51379.28125,2679,0.0,0.0
2024-02-29,60380.0,60400.0,60200.0,60200.0,52247.1875,1793,0.0,0.0
2024-03-01,59220.0,60400.0,59020.0,60400.0,52420.7578125,2976,0.0,0.0
2024-03-04,59900.0,60000.0,59200.0,59200.0,51379.28125,1271,0.0,0.0
2024-03-05,59220.0,59220.0,59200.0,59200.0,51379.28125,784,0.0,0.0
2024-03-06,59020.0,59020.0,59000.0,59000.0,51205.71484375,502,0.0,0.0
2024-03-07,59100.0,59100.0,58000.0,58000.0,50337.8203125,2612,0.0,0.0
2024-03-08,58000.0,58000.0,58000.0,58000.0,50337.8203125,131,0.0,0.0
2024-03-11,57020.0,57020.0,54820.0,54980.0,47887.6953125,4660,207.0,0.0
2024-03-12,54980.0,54980.0,54980.0,54980.0,47887.6953125,345,0.0,0.0
2024-03-13,53700.0,53900.0,53700.0,53900.0,46947.00390625,838,0.0,0.0
2024-03-14,53400.0,53440.0,52000.0,52000.0,45292.1015625,6512,0.0,0.0
2024-03-15,52500.0,55100.0,51000.0,51000.0,44421.09765625,384355,0.0,0.0
2024-03-18,52960.0,54820.0,52960.0,54420.0,47399.921875,77988,0.0,0.0
2024-03-19,55000.0,56840.0,55000.0,56840.0,49507.75390625,10338,0.0,0.0
2024-03-20,56880.0,57960.0,56340.0,56720.0,49403.23046875,10052,0.0,0.0
2024-03-21,57860.0,60500.0,57340.0,60500.0,52695.6171875,25607,0.0,0.0
2024-03-22,60500.0,64460.0,60500.0,64380.0,56075.09765625,21238,0.0,0.0
2024-03-25,64380.0,64380.0,64380.0,64380.0,56075.09765625,0,0.0,0.0
2024-03-26,65000.0,66480.0,64380.0,65900.0,57399.0390625,28168,0.0,0.0
2024-03-27,66500.0,66500.0,64400.0,65880.0,57381.60546875,25529,0.0,0.0
2024-03-28,65880.0,65880.0,65880.0,65880.0,57381.60546875,0,0.0,0.0
2024-03-29,65880.0,65880.0,65880.0,65880.0,57381.60546875,0,0.0,0.0
2024-04-01,66520.0,68000.0,66520.0,67600.0,58879.7265625,12107,0.0,0.0
2024-04-02,67600.0,69140.0,68500.0,68600.0,59750.71875,8034,0.0,0.0
2024-04-03,68600.0,69960.0,69600.0,69860.0,60848.203125,14331,0.0,0.0
2024-04-04,69860.0,70000.0,68400.0,68400.0,59576.5234375,15553,0.0,0.0
2024-04-05,68400.0,69300.0,67000.0,67780.0,59036.51171875,17298,0.0,0.0
2024-04-08,67780.0,69760.0,68000.0,69760.0,60761.09375,10222,0.0,0.0
2024-04-09,68440.0,68680.0,68300.0,68400.0,59576.5234375,7146,0.0,0.0
2024-04-10,68400.0,68880.0,68300.0,68300.0,59489.421875,20165,0.0,0.0
2024-04-11,68300.0,69500.0,68800.0,69500.0,60534.64453125,36417,0.0,0.0
2024-04-12,69500.0,70000.0,69540.0,70000.0,60970.14453125,17250,0.0,0.0
2024-04-15,70000.0,71980.0,70500.0,71840.0,62572.76953125,15506,0.0,0.0
2024-04-16,71840.0,71000.0,66960.0,69140.0,63576.8984375,14370,3792.0,0.0
2024-04-17,69140.0,69140.0,67200.0,67200.0,61793.01171875,11624,0.0,0.0
2024-04-18,67200.0,66980.0,65140.0,65140.0,59898.76171875,5435,0.0,0.0
2024-04-19,65140.0,65000.0,62140.0,64000.0,58850.484375,8302,0.0,0.0
2024-04-22,64000.0,66520.0,64500.0,64600.0,59402.20703125,2598,0.0,0.0
2024-04-23,64600.0,65800.0,64600.0,64820.0,59604.5078125,2481,0.0,0.0
2024-04-24,64820.0,64540.0,63700.0,64500.0,59310.24609375,3113,0.0,0.0
2024-04-25,64500.0,65140.0,64100.0,65140.0,59898.76171875,34374,0.0,0.0
2024-04-26,65140.0,65140.0,65140.0,65140.0,59898.76171875,504,0.0,0.0
2024-04-29,65140.0,66900.0,65220.0,66900.0,61517.14453125,8886,0.0,0.0
2024-04-30,66900.0,67500.0,66500.0,67200.0,61793.01171875,28931,0.0,0.0
2024-05-02,67200.0,67120.0,66900.0,66900.0,61517.14453125,3612,0.0,0.0
2024-05-03,60400.0,60000.0,59200.0,59200.0,54436.69921875,1271,0.0,0.0
2024-05-06,66600.0,66600.0,66200.0,66580.0,61222.90234375,1751,0.0,0.0
2024-05-07,66580.0,66880.0,66220.0,66880.0,61498.76171875,11174,0.0,0.0
2024-05-08,66880.0,67000.0,66620.0,66880.0,61689.69140625,3381,207.0,0.0
2024-05-09,66880.0,66860.0,65600.0,65600.0,60509.03125,990,0.0,0.0
2024-05-10,65600.0,66200.0,65600.0,66200.0,61062.46484375,1081,0.0,0.0
2024-05-14,66200.0,65700.0,65000.0,65000.0,59955.59375,7705,0.0,0.0
2024-05-15,65000.0,64600.0,64320.0,64600.0,59586.6484375,1922,0.0,0.0
2024-05-16,64600.0,65460.0,64000.0,65460.0,60379.89453125,7569,0.0,0.0
2024-05-17,65460.0,66520.0,64080.0,66520.0,61357.62109375,1674,0.0,0.0
2024-05-20,66520.0,66000.0,64920.0,65980.0,60859.54296875,2420,0.0,0.0
2024-05-21,65980.0,66320.0,65500.0,65900.0,60785.7578125,4074,0.0,0.0
2024-05-22,65900.0,65520.0,64620.0,64620.0,59605.0859375,5400,0.0,0.0
2024-05-23,64620.0,64620.0,64620.0,64620.0,59605.0859375,0,0.0,0.0
2024-05-24,64800.0,64800.0,64700.0,64800.0,59771.1171875,1304,0.0,0.0
2024-05-27,64800.0,64800.0,64800.0,64800.0,59771.1171875,450,0.0,0.0
2024-05-28,64800.0,64820.0,64120.0,64120.0,59143.89453125,11296,0.0,0.0
2024-05-29,64120.0,64000.0,62000.0,62500.0,57649.61328125,2557,0.0,0.0
2024-05-30,62500.0,63820.0,62540.0,62540.0,57686.50390625,5025,0.0,0.0
2024-05-31,62540.0,62540.0,60100.0,60100.0,55435.85546875,38918,0.0,0.0
2024-06-04,60100.0,62200.0,62000.0,62000.0,57188.41015625,5212,0.0,0.0
2024-06-05,62000.0,62000.0,61620.0,62000.0,57188.41015625,2369,0.0,0.0
2024-06-06,62000.0,63320.0,62060.0,62060.0,57243.7578125,3182,0.0,0.0
2024-06-07,62060.0,62680.0,62100.0,62500.0,57649.61328125,3146,0.0,0.0
2024-06-11,62500.0,62620.0,62480.0,62620.0,57760.3046875,2340,207.0,0.0
2024-06-12,62620.0,62620.0,62620.0,62620.0,57760.3046875,3987,0.0,0.0
2024-06-13,62620.0,62300.0,61600.0,61620.0,56837.91015625,2435,0.0,0.0
2024-06-14,61620.0,61980.0,61600.0,61980.0,57169.96484375,3638,0.0,0.0
2024-06-17,61980.0,61000.0,60360.0,60360.0,55675.6796875,905,0.0,0.0
2024-06-18,60360.0,60540.0,60520.0,60540.0,55841.71875,1560,0.0,0.0
2024-06-19,60540.0,60600.0,60600.0,60600.0,55897.0625,319,0.0,0.0
2024-06-20,60600.0,61980.0,60620.0,60700.0,55989.3125,4012,0.0,0.0
2024-06-21,60700.0,60720.0,60100.0,60100.0,55435.85546875,4361,0.0,0.0
2024-06-24,60100.0,61000.0,60120.0,61000.0,56266.015625,1374,0.0,0.0
2024-06-25,61000.0,61000.0,61000.0,61000.0,56266.015625,1264,0.0,0.0
2024-06-26,61000.0,61000.0,61000.0,61000.0,56266.015625,383,0.0,0.0
2024-06-27,61000.0,61820.0,61820.0,61820.0,57022.3828125,698,0.0,0.0
2024-06-28,61820.0,61820.0,61820.0,61820.0,57022.3828125,184,0.0,0.0
2024-07-02,61820.0,61600.0,59500.0,61600.0,56819.44921875,2199,0.0,0.0
2024-07-03,61600.0,61500.0,59000.0,61500.0,56727.20703125,2349,0.0,0.0
2024-07-04,61500.0,60020.0,60000.0,60000.0,55343.62109375,939,0.0,0.0
2024-07-05,60000.0,61000.0,61000.0,61000.0,56266.015625,615,0.0,0.0
2024-07-08,61000.0,61000.0,61000.0,61000.0,56266.015625,278,0.0,0.0
2024-07-09,61000.0,61400.0,60800.0,60800.0,56272.5078125,3064,207.0,0.0
2024-07-10,60800.0,60800.0,60800.0,60800.0,56272.5078125,2274,0.0,0.0
2024-07-11,60800.0,60800.0,60800.0,60800.0,56272.5078125,276,0.0,0.0
2024-07-12,60800.0,60800.0,60160.0,60160.0,55680.16796875,3463,0.0,0.0
2024-07-15,60160.0,60760.0,60000.0,60000.0,55532.0625,898,0.0,0.0
2024-07-16,60000.0,60000.0,59980.0,59980.0,55513.55859375,1179,0.0,0.0
2024-07-17,59980.0,59820.0,59820.0,59820.0,55365.48046875,1072,0.0,0.0
2024-07-18,59820.0,59740.0,59720.0,59720.0,55272.91796875,1979,0.0,0.0
2024-07-19,59720.0,59500.0,59500.0,59500.0,55069.3046875,478,0.0,0.0
2024-07-22,59500.0,59980.0,59400.0,59980.0,55513.55859375,5578,0.0,0.0
2024-07-23,59980.0,59700.0,59180.0,59380.0,54958.24609375,4042,0.0,0.0
2024-07-24,59380.0,59380.0,59220.0,59380.0,54958.24609375,3356,0.0,0.0
2024-07-25,59380.0,59140.0,59140.0,59140.0,54736.11328125,434,0.0,0.0
2024-07-26,59140.0,59140.0,59000.0,59000.0,54606.54296875,2568,0.0,0.0
2024-07-29,59000.0,58040.0,58040.0,58040.0,53718.0234375,618,0.0,0.0
2024-07-30,58040.0,58040.0,56700.0,56700.0,52477.80859375,11319,0.0,0.0
2024-07-31,56700.0,57920.0,57500.0,57500.0,53218.25,1446,0.0,0.0
2024-08-01,57500.0,57500.0,56800.0,56800.0,52570.35546875,1038,0.0,0.0
2024-08-02,56800.0,56080.0,55900.0,55900.0,51737.375,3598,0.0,0.0
2024-08-05,55900.0,55220.0,54100.0,55220.0,51108.01953125,3266,0.0,0.0
2024-08-06,55220.0,55500.0,55000.0,55000.0,50904.390625,2270,0.0,0.0
2024-08-07,55000.0,55080.0,54740.0,54740.0,50663.75390625,9157,0.0,0.0
2024-08-08,55000.0,55080.0,54740.0,54740.0,50663.75390625,9157,0.0,0.0
2024-08-09,54740.0,55700.0,54720.0,55700.0,51747.9609375,2308,207.0,0.0
2024-08-12,55700.0,56000.0,55240.0,55240.0,51320.60546875,1866,0.0,0.0
2024-08-13,55240.0,56000.0,56000.0,56000.0,52026.66015625,692,0.0,0.0
2024-08-14,56000.0,56880.0,56860.0,56860.0,52825.65625,2608,0.0,0.0
2024-08-15,56860.0,57960.0,56980.0,57000.0,52955.71875,8611,0.0,0.0
2024-08-16,57000.0,57000.0,57000.0,57000.0,52955.71875,4396,0.0,0.0
2024-08-20,57000.0,57000.0,57000.0,57000.0,52955.71875,207,0.0,0.0
2024-08-21,57000.0,56220.0,55000.0,55980.0,52008.09765625,9773,0.0,0.0
2024-08-22,55980.0,55820.0,55420.0,55420.0,51487.828125,3126,0.0,0.0
2024-08-23,55420.0,55220.0,55020.0,55220.0,51302.015625,1364,0.0,0.0
2024-08-26,55220.0,57780.0,56660.0,56800.0,52769.90234375,24056,0.0,0.0
2024-08-27,56800.0,60680.0,58160.0,60680.0,56374.6171875,9101,0.0,0.0
2024-08-28,60680.0,66000.0,61760.0,63480.0,58975.9453125,16954,0.0,0.0
2024-08-29,63480.0,62860.0,62700.0,62700.0,58251.29296875,4048,0.0,0.0
2024-08-30,62700.0,63480.0,62360.0,63480.0,58975.9453125,7277,0.0,0.0
2024-09-02,63480.0,62960.0,62000.0,62960.0,58492.8515625,1048,0.0,0.0
2024-09-03,62960.0,62960.0,62960.0,62960.0,58492.8515625,715,0.0,0.0
2024-09-04,62960.0,62800.0,62800.0,62800.0,58344.1953125,2686,0.0,0.0
2024-09-05,62800.0,62500.0,62500.0,62500.0,58065.48828125,368,0.0,0.0
2024-09-06,62500.0,62500.0,62460.0,62460.0,58028.3203125,761,0.0,0.0
2024-09-09,62460.0,62300.0,62000.0,62000.0,57600.96484375,1617,0.0,0.0
2024-09-10,62000.0,61220.0,60700.0,60700.0,56582.10546875,1433,207.0,0.0
2024-09-11,60700.0,60660.0,60600.0,60600.0,56488.890625,1666,0.0,0.0
2024-09-12,60600.0,62000.0,62000.0,62000.0,57793.92578125,419,0.0,0.0
2024-09-13,62000.0,60700.0,60700.0,60700.0,56582.10546875,3300,0.0,0.0
2024-09-16,60700.0,66600.0,62900.0,65240.0,60814.1171875,18727,0.0,0.0
2024-09-17,65240.0,65240.0,64800.0,64800.0,60403.9609375,1193,0.0,0.0
2024-09-18,64800.0,66160.0,64020.0,66160.0,61671.69921875,7855,0.0,0.0
2024-09-19,66160.0,66160.0,65160.0,65160.0,60739.5390625,5207,0.0,0.0
2024-09-20,65160.0,65800.0,63000.0,63000.0,58726.07421875,24331,0.0,0.0
2024-09-23,63000.0,63000.0,61000.0,62600.0,58353.203125,58995,0.0,0.0
2024-09-24,62600.0,63000.0,62940.0,62940.0,58670.1484375,1719,0.0,0.0
2024-09-25,62940.0,63100.0,62920.0,63100.0,58819.296875,1627,0.0,0.0
2024-09-26,63100.0,63100.0,63100.0,63100.0,58819.296875,0,0.0,0.0
2024-09-27,63100.0,64900.0,63000.0,63000.0,58726.07421875,3563,0.0,0.0
2024-09-30,63000.0,64900.0,62560.0,62560.0,58315.91796875,2206,0.0,0.0
2024-10-01,62560.0,63000.0,63000.0,63000.0,58726.07421875,531,0.0,0.0
2024-10-02,63000.0,62500.0,60000.0,62000.0,57793.92578125,25436,0.0,0.0
2024-10-03,62000.0,62900.0,62000.0,62900.0,58632.85546875,9667,0.0,0.0
2024-10-04,62900.0,62100.0,62020.0,62020.0,57812.56640625,13800,0.0,0.0
2024-10-07,62020.0,62020.0,62020.0,62020.0,57812.56640625,514,0.0,0.0
2024-10-08,62020.0,60440.0,61500.0,60440.0,56528.41796875,1097,207.0,0.0
2024-10-09,60440.0,60460.0,60100.0,60100.0,56210.421875,1168,0.0,0.0
2024-10-10,60100.0,61600.0,61600.0,61600.0,57613.3359375,250,0.0,0.0
2024-10-11,61600.0,61960.0,61640.0,61960.0,57950.0390625,1173,0.0,0.0
2024-10-15,61960.0,61120.0,61120.0,61120.0,57164.3984375,435,0.0,0.0
2024-10-16,61120.0,61420.0,61140.0,61400.0,57426.28515625,1762,0.0,0.0
2024-10-17,61400.0,61500.0,60800.0,61500.0,57519.8203125,2061,0.0,0.0
2024-10-18,61500.0,62400.0,62100.0,62400.0,58361.57421875,1587,0.0,0.0
2024-10-21,62400.0,62400.0,61620.0,61620.0,57632.0546875,1782,0.0,0.0
2024-10-22,61620.0,61660.0,61620.0,61660.0,57669.45703125,795,0.0,0.0
2024-10-23,61660.0,61500.0,61500.0,61500.0,57519.8203125,759,0.0,0.0
2024-10-24,61500.0,61000.0,61000.0,61000.0,57052.171875,469,0.0,0.0
2024-10-25,61000.0,61100.0,60820.0,60820.0,56883.8203125,522,0.0,0.0
2024-10-28,60820.0,60820.0,60300.0,60300.0,56397.484375,1512,0.0,0.0
2024-10-29,60300.0,60300.0,60300.0,60300.0,56397.484375,494,0.0,0.0
2024-10-30,60300.0,61240.0,60280.0,61240.0,57276.6328125,2546,0.0,0.0
2024-10-31,61240.0,61080.0,60120.0,60120.0,56229.1328125,1535,0.0,0.0
2024-11-01,60120.0,61300.0,61300.0,61300.0,57332.7578125,661,0.0,0.0
2024-11-05,61300.0,61300.0,60620.0,61000.0,57052.171875,1248,0.0,0.0
2024-11-06,61000.0,61000.0,60500.0,60840.0,56902.53515625,3020,0.0,0.0
2024-11-07,60840.0,60600.0,60400.0,60500.0,56584.5234375,2767,0.0,0.0
2024-11-08,60500.0,60300.0,60300.0,60300.0,56591.10546875,1945,207.0,0.0
2024-11-12,60300.0,59800.0,58820.0,58820.0,55202.1328125,3694,0.0,0.0
2024-11-13,58820.0,58940.0,58940.0,58940.0,55314.7578125,1534,0.0,0.0
2024-11-14,58940.0,58800.0,58200.0,58200.0,54620.2734375,2056,0.0,0.0
2024-11-15,58200.0,59520.0,59100.0,59480.0,55821.53125,4471,0.0,0.0
2024-11-18,59480.0,59700.0,59500.0,59500.0,55840.30078125,2096,0.0,0.0
2024-11-19,59500.0,60140.0,59500.0,60140.0,56440.9453125,2125,0.0,0.0
2024-11-20,60140.0,59520.0,59520.0,59520.0,55859.078125,585,0.0,0.0
2024-11-21,59520.0,60200.0,59600.0,59600.0,55934.16015625,869,0.0,0.0
2024-11-22,59600.0,60560.0,59500.0,60400.0,56684.953125,8271,0.0,0.0
2024-11-25,60400.0,62860.0,60000.0,60000.0,56309.55078125,59673,0.0,0.0
2024-11-26,60000.0,61160.0,60000.0,60000.0,56309.55078125,12721,0.0,0.0
2024-11-27,60000.0,60400.0,59900.0,59900.0,56215.70703125,1755,0.0,0.0
2024-11-28,59900.0,60000.0,59900.0,60000.0,56309.55078125,1059,0.0,0.0
2024-11-29,60000.0,61340.0,60000.0,60400.0,56684.953125,1961,0.0,0.0
2024-12-02,60400.0,60400.0,59040.0,60100.0,56403.40234375,2989,0.0,0.0
2024-12-03,60100.0,59940.0,59000.0,59940.0,56253.25,2810,0.0,0.0
2024-12-04,59940.0,59940.0,59800.0,59800.0,56121.85546875,1035,0.0,0.0
2024-12-05,59800.0,58980.0,58820.0,58820.0,55202.1328125,2644,0.0,0.0
2024-12-06,58820.0,58680.0,58600.0,58600.0,54995.6640625,1003,0.0,0.0
2024-12-09,58600.0,58500.0,57600.0,57600.0,54057.16796875,4204,0.0,0.0
2024-12-10,57600.0,57700.0,57560.0,57560.0,54214.46875,3431,207.0,0.0
2024-12-11,57560.0,58200.0,55020.0,57040.0,53724.69140625,3173,0.0,0.0
2024-12-12,57040.0,57980.0,57000.0,57000.0,53687.01171875,3734,0.0,0.0
2024-12-13,57000.0,58380.0,58000.0,58380.0,54986.80078125,6957,0.0,0.0
2024-12-16,58380.0,58600.0,57320.0,58500.0,55099.83203125,5156,0.0,0.0
2024-12-17,58500.0,58580.0,58500.0,58500.0,55099.83203125,2805,0.0,0.0
2024-12-18,58500.0,58580.0,58300.0,58300.0,54911.45703125,3240,0.0,0.0
2024-12-19,58300.0,58560.0,57500.0,58000.0,54628.890625,7118,0.0,0.0
2024-12-20,58000.0,58000.0,55600.0,55600.0,52368.37890625,17462,0.0,0.0
2024-12-23,55600.0,57700.0,56820.0,57700.0,54346.3203125,3660,0.0,0.0
2024-12-24,57700.0,58380.0,57700.0,58380.0,54986.80078125,364,0.0,0.0
2024-12-25,58380.0,58380.0,58380.0,58380.0,54986.80078125,0,0.0,0.0
2024-12-26,58380.0,58740.0,58500.0,58740.0,55325.87890625,617,0.0,0.0
2024-12-27,58740.0,60100.0,59420.0,60100.0,56606.828125,4624,0.0,0.0
2024-12-30,60100.0,60400.0,60100.0,60400.0,56889.3984375,1641,0.0,0.0
2024-12-31,60400.0,60400.0,60400.0,60400.0,56889.3984375,0,0.0,0.0
2025-01-02,60400.0,60520.0,60500.0,60500.0,56983.58203125,1855,0.0,0.0
2025-01-03,60500.0,61920.0,60900.0,61920.0,58321.046875,4020,0.0,0.0
2025-01-07,61920.0,64380.0,61980.0,62820.0,59168.7421875,11695,0.0,0.0
2025-01-08,62820.0,64500.0,63020.0,64500.0,60751.1015625,5261,0.0,0.0
2025-01-09,64500.0,65000.0,61600.0,64600.0,61041.17578125,6350,207.0,0.0
2025-01-10,64600.0,64980.0,64960.0,64960.0,61381.34765625,1314,0.0,0.0
2025-01-13,64960.0,64480.0,63120.0,63500.0,60001.78515625,5003,0.0,0.0
2025-01-14,63500.0,64460.0,62800.0,62800.0,59340.33984375,1884,0.0,0.0
2025-01-15,62800.0,63000.0,61600.0,61700.0,58300.94921875,3683,0.0,0.0
2025-01-16,61700.0,62500.0,61840.0,62000.0,58584.41796875,2265,0.0,0.0
2025-01-17,62000.0,62360.0,62000.0,62000.0,58584.41796875,6767,0.0,0.0
2025-01-20,62000.0,63980.0,62000.0,62000.0,58584.41796875,6515,0.0,0.0
2025-01-21,62000.0,62000.0,62000.0,62000.0,58584.41796875,0,0.0,0.0
2025-01-22,62200.0,62000.0,61160.0,62000.0,58584.41796875,3384,0.0,0.0
2025-01-23,62000.0,62380.0,62000.0,62380.0,58943.484375,1683,0.0,0.0
2025-01-24,62380.0,62000.0,61040.0,61600.0,58206.44921875,5103,0.0,0.0
2025-01-27,61600.0,61800.0,60900.0,60900.0,57545.01953125,2271,0.0,0.0
2025-01-28,60900.0,61800.0,60940.0,61780.0,58376.53515625,11077,0.0,0.0
2025-01-29,61780.0,63000.0,62000.0,62120.0,58697.8046875,5346,0.0,0.0
2025-01-30,62120.0,62700.0,61980.0,62000.0,58584.41796875,7707,0.0,0.0
2025-01-31,62000.0,62000.0,61640.0,62000.0,58584.41796875,5907,0.0,0.0
2025-02-03,62000.0,61980.0,61500.0,61980.0,58565.515625,3219,0.0,0.0
2025-02-04,61980.0,61500.0,61500.0,61500.0,58111.96484375,1483,0.0,0.0
2025-02-05,61500.0,61980.0,61700.0,61800.0,58395.4375,10043,0.0,0.0
2025-02-06,61800.0,62000.0,61740.0,61880.0,58471.03515625,8068,0.0,0.0
2025-02-07,61880.0,65000.0,62100.0,64380.0,60833.30078125,6850,0.0,0.0
2025-02-10,64380.0,64760.0,64380.0,64700.0,61135.6640625,12718,0.0,0.0
2025-02-11,64700.0,64600.0,63280.0,63380.0,60080.6171875,5520,207.0,0.0
2025-02-12,63380.0,64180.0,63280.0,63420.0,60118.53125,8372,0.0,0.0
2025-02-13,63420.0,63500.0,62900.0,62900.0,59625.60546875,4020,0.0,0.0
2025-02-14,62900.0,63400.0,63380.0,63380.0,60080.6171875,3734,0.0,0.0
2025-02-17,63380.0,65000.0,63400.0,64940.0,61559.40625,8049,0.0,0.0
2025-02-18,64940.0,66980.0,65480.0,66200.0,62753.80859375,10624,0.0,0.0
2025-02-19,62000.0,62200.0,62200.0,62200.0,58962.0390625,1539,0.0,0.0
2025-02-20,66200.0,68960.0,66500.0,68880.0,65294.29296875,22090,0.0,0.0
2025-02-21,68880.0,69500.0,68700.0,69400.0,65787.2265625,8001,0.0,0.0
2025-02-24,69400.0,71860.0,69500.0,70000.0,66356.0,12949,0.0,0.0
2025-02-25,70000.0,72000.0,70500.0,71020.0,67322.8984375,5554,0.0,0.0
2025-02-26,71020.0,72980.0,71020.0,72960.0,69161.9140625,22605,0.0,0.0
2025-02-27,72960.0,75460.0,72960.0,75000.0,71095.71875,14130,0.0,0.0
2025-02-28,75000.0,75380.0,71140.0,71140.0,67436.6640625,17195,0.0,0.0
2025-03-03,71140.0,73540.0,71500.0,73540.0,69711.7421875,2649,0.0,0.0
2025-03-04,73540.0,73000.0,71000.0,72740.0,68953.359375,6596,0.0,0.0
2025-03-05,72740.0,72740.0,71720.0,72000.0,68251.875,3163,0.0,0.0
2025-03-06,72000.0,74800.0,71980.0,74380.0,70507.984375,12825,0.0,0.0
2025-03-07,74380.0,74000.0,72400.0,74000.0,70147.7578125,3134,0.0,0.0
2025-03-10,74000.0,76000.0,73000.0,75920.0,71967.8203125,7818,0.0,0.0
2025-03-11,75920.0,75700.0,73680.0,75700.0,71955.46875,1146,207.0,0.0
2025-03-12,75700.0,75640.0,74260.0,75000.0,71290.09375,6207,0.0,0.0
2025-03-13,75000.0,75000.0,75000.0,75000.0,71290.09375,1435,0.0,0.0
2025-03-14,75000.0,74900.0,74200.0,74840.0,71137.9921875,2407,0.0,0.0
2025-03-17,74840.0,74800.0,74200.0,74200.0,70529.6328125,2810,0.0,0.0
2025-03-18,74200.0,74120.0,74100.0,74120.0,70453.609375,1450,0.0,0.0
2025-03-19,74120.0,74680.0,73440.0,74680.0,70985.9375,2111,0.0,0.0
2025-03-20,74680.0,74700.0,74200.0,74200.0,70529.6328125,31755,0.0,0.0
2025-03-21,74200.0,74200.0,74200.0,74200.0,70529.6328125,0,0.0,0.0
2025-03-24,74200.0,74200.0,74200.0,74200.0,70529.6328125,0,0.0,0.0
2025-03-25,73000.0,74500.0,73900.0,74500.0,70814.8125,3167,0.0,0.0
2025-03-26,74500.0,74960.0,74500.0,74960.0,71252.0703125,14244,0.0,0.0
2025-03-27,74960.0,75600.0,74940.0,75500.0,71765.3515625,21836,0.0,0.0
2025-03-28,75500.0,75240.0,74340.0,74600.0,70909.8671875,9819,0.0,0.0
2025-03-31,74600.0,75000.0,73500.0,74880.0,71176.03125,18661,0.0,0.0
2025-04-01,74880.0,75540.0,74300.0,75540.0,71803.3828125,38717,0.0,0.0
2025-04-02,75540.0,76980.0,75560.0,76920.0,73115.125,6787,0.0,0.0
2025-04-03,76920.0,77000.0,75560.0,76580.0,72791.9296875,8436,0.0,0.0
2025-04-04,76580.0,75580.0,73120.0,75300.0,71575.2421875,3236,0.0,0.0
2025-04-07,75300.0,75300.0,73240.0,75300.0,71575.2421875,3896,0.0,0.0
2025-04-08,75300.0,75800.0,73500.0,73940.0,70282.515625,4198,0.0,0.0
2025-04-09,73940.0,73500.0,72800.0,73480.0,70061.3046875,2088,228.0,0.0
2025-04-10,73480.0,72800.0,72660.0,72660.0,69279.4609375,4020,0.0,0.0
2025-04-11,72660.0,72500.0,72500.0,72500.0,69126.8984375,642,0.0,0.0
2025-04-14,72500.0,72500.0,72500.0,72500.0,69126.8984375,518,0.0,0.0
2025-04-15,72500.0,72500.0,72500.0,72500.0,69126.8984375,134,0.0,0.0
2025-04-16,72500.0,71400.0,66200.0,71400.0,68078.09375,3705,0.0,0.0
2025-04-17,71400.0,71400.0,71400.0,71400.0,68078.09375,0,0.0,0.0
2025-04-18,71400.0,71400.0,71400.0,71400.0,68078.09375,0,0.0,0.0
2025-04-21,71400.0,71200.0,69500.0,69520.0,66285.546875,6711,0.0,0.0
2025-04-22,69520.0,71100.0,69500.0,70980.0,67677.6328125,2474,0.0,0.0
2025-04-23,70980.0,72700.0,71100.0,72700.0,69317.6171875,2714,0.0,0.0
2025-04-24,72700.0,73760.0,71260.0,72100.0,68745.5078125,8972,0.0,0.0
2025-04-25,72100.0,72000.0,72000.0,72000.0,68650.1484375,1123,0.0,0.0
2025-04-28,72000.0,71500.0,70000.0,71500.0,68173.4375,1784,0.0,0.0
2025-04-29,71500.0,71500.0,71500.0,71500.0,68173.4375,1899,0.0,0.0
2025-04-30,71500.0,71500.0,71000.0,71000.0,67696.6953125,3434,0.0,0.0
2025-05-01,71000.0,71000.0,71000.0,71000.0,67696.6953125,0,0.0,0.0
2025-05-02,71000.0,72000.0,71000.0,72000.0,68650.1484375,20152,0.0,0.0
2025-05-05,72000.0,73240.0,72100.0,72100.0,68745.5078125,16344,0.0,0.0
2025-05-06,71500.0,71500.0,71000.0,71000.0,67696.6953125,3434,0.0,0.0
2025-05-07,73320.0,74000.0,73320.0,74000.0,70557.109375,1788,0.0,0.0
2025-05-08,74000.0,75980.0,73100.0,75980.0,72445.0,3959,0.0,0.0
2025-05-09,75980.0,75980.0,75980.0,75980.0,72663.0390625,297,228.0,0.0
2025-05-12,75980.0,75000.0,75000.0,75000.0,71725.8359375,536,0.0,0.0
2025-05-13,75000.0,75000.0,75980.0,75980.0,72663.0390625,10991,0.0,0.0
2025-05-14,75980.0,72940.0,74620.0,72940.0,69755.75,38676,0.0,0.0
2025-05-15,72940.0,73780.0,72920.0,72920.0,69736.625,1448,0.0,0.0
2025-05-16,72920.0,72840.0,71000.0,71000.0,67900.4375,6581,0.0,0.0
2025-05-19,71000.0,71000.0,70100.0,70100.0,67039.75,8696,0.0,0.0
2025-05-20,70100.0,71000.0,68000.0,69000.0,65987.765625,65187,0.0,0.0
2025-05-21,69000.0,70780.0,69000.0,69000.0,65987.765625,15368,0.0,0.0
2025-05-22,69000.0,70300.0,68540.0,68540.0,65547.8359375,14526,0.0,0.0
2025-05-23,68540.0,70000.0,69000.0,69000.0,65987.765625,7609,0.0,0.0
2025-05-26,69000.0,71360.0,68500.0,71360.0,68244.7421875,33728,0.0,0.0
2025-05-27,71360.0,71960.0,71420.0,71800.0,68665.515625,5695,0.0,0.0
2025-05-28,71800.0,71960.0,71000.0,71840.0,68703.78125,4486,0.0,0.0
2025-05-29,71840.0,71260.0,69980.0,69980.0,66924.984375,11127,0.0,0.0
2025-05-30,69980.0,70420.0,69900.0,69900.0,66848.46875,2111,0.0,0.0
2025-06-03,69900.0,70020.0,69920.0,70000.0,66944.109375,2867,0.0,0.0
2025-06-04,70000.0,70380.0,69500.0,70380.0,67307.5234375,8349,0.0,0.0
2025-06-05,70380.0,70100.0,70100.0,70100.0,67039.75,648,0.0,0.0
2025-06-06,70100.0,70000.0,69600.0,70000.0,66944.109375,2363,0.0,0.0
2025-06-09,70000.0,70000.0,69500.0,69980.0,66924.984375,4689,0.0,0.0
2025-06-10,69980.0,70700.0,69920.0,69920.0,67086.171875,8038,228.0,0.0
2025-06-11,69920.0,69920.0,69920.0,69920.0,67086.171875,626,0.0,0.0
2025-06-12,69920.0,70500.0,70060.0,70400.0,67546.703125,3645,0.0,0.0
2025-06-13,70400.0,70400.0,69800.0,69800.0,66971.03125,3501,0.0,0.0
2025-06-16,69800.0,70180.0,69740.0,70180.0,67335.6328125,3603,0.0,0.0
2025-06-17,70180.0,70100.0,69800.0,69800.0,66971.03125,3015,0.0,0.0
2025-06-18,69800.0,69800.0,69800.0,69800.0,66971.03125,2603,0.0,0.0
2025-06-19,69800.0,70000.0,69700.0,70000.0,67162.9140625,1774,0.0,0.0
2025-06-20,70000.0,70500.0,70000.0,70500.0,67642.65625,3415,0.0,0.0
2025-06-24,70500.0,71500.0,70160.0,71480.0,68582.9375,9961,0.0,0.0
2025-06-25,71480.0,71900.0,70620.0,70900.0,68026.4453125,7473,0.0,0.0
2025-06-26,70900.0,71780.0,70360.0,71760.0,68851.6015625,3569,0.0,0.0
2025-06-27,71760.0,72000.0,71060.0,71960.0,69043.4921875,5265,0.0,0.0
2025-06-30,71960.0,71960.0,71960.0,71960.0,69043.4921875,0,0.0,0.0
2025-07-01,71960.0,71080.0,71080.0,71080.0,68199.171875,1036,0.0,0.0
2025-07-02,71080.0,70640.0,70500.0,70500.0,67642.65625,2298,0.0,0.0
2025-07-03,70500.0,71340.0,70000.0,70040.0,67201.3046875,4411,0.0,0.0
2025-07-04,70040.0,70200.0,70040.0,70200.0,67354.8046875,1900,0.0,0.0
2025-07-07,70200.0,70220.0,69840.0,69840.0,67009.3984375,1052,0.0,0.0
2025-07-08,69840.0,71280.0,69760.0,69760.0,66932.65625,4004,0.0,0.0
2025-07-09,69760.0,70800.0,69500.0,69500.0,66901.8515625,3249,228.0,0.0
2025-07-10,69500.0,70260.0,69000.0,70260.0,67633.4375,12931,0.0,0.0
2025-07-11,70260.0,70500.0,69120.0,70040.0,67421.65625,2022,0.0,0.0
2025-07-14,70040.0,70080.0,70080.0,70080.0,67460.15625,531,0.0,0.0
2025-07-15,70080.0,70980.0,70500.0,70980.0,68326.5234375,1729,0.0,0.0
2025-07-16,70980.0,69700.0,69600.0,69700.0,67094.3671875,1044,0.0,0.0
2025-07-17,69700.0,70940.0,70060.0,70060.0,67440.921875,3043,0.0,0.0
2025-07-18,70060.0,70800.0,70020.0,70800.0,68153.2421875,5164,0.0,0.0
2025-07-21,70800.0,70700.0,70680.0,70700.0,68056.9921875,5157,0.0,0.0
2025-07-22,70700.0,71000.0,70200.0,70200.0,67575.6875,2115,0.0,0.0
2025-07-23,70200.0,70300.0,70220.0,70300.0,67671.9296875,2175,0.0,0.0
2025-07-24,70300.0,70400.0,70300.0,70400.0,67768.203125,847,0.0,0.0
2025-07-25,70400.0,70280.0,70280.0,70280.0,67652.6875,939,0.0,0.0
2025-07-28,70280.0,71400.0,70000.0,71340.0,68673.0625,8237,0.0,0.0
2025-07-29,71340.0,72800.0,71000.0,72800.0,70078.4765625,21765,0.0,0.0
2025-07-30,72800.0,72500.0,71580.0,72000.0,69308.375,12440,0.0,0.0
2025-07-31,72000.0,72480.0,71040.0,72480.0,69770.4375,2455,0.0,0.0
2025-08-01,72480.0,72180.0,72080.0,72080.0,69385.40625,1063,0.0,0.0
2025-08-04,72080.0,72080.0,72080.0,72080.0,69385.40625,0,0.0,0.0
2025-08-05,72480.0,72580.0,72000.0,72580.0,69866.7109375,5024,0.0,0.0
2025-08-06,72580.0,72640.0,71980.0,72640.0,69924.46875,6301,0.0,0.0
2025-08-07,72640.0,72640.0,72640.0,72640.0,69924.46875,0,0.0,0.0
2025-08-08,72640.0,73860.0,72200.0,73860.0,71098.859375,11390,0.0,0.0
2025-08-11,73860.0,74500.0,73900.0,74000.0,71454.21875,46,228.0,0.0
2025-08-12,74000.0,73840.0,74200.0,74040.0,71492.828125,6005,0.0,0.0
2025-08-13,74040.0,74100.0,74660.0,74100.0,71550.7578125,5323,0.0,0.0
2025-08-14,74100.0,74780.0,74600.0,74720.0,72149.4453125,2444,0.0,0.0
2025-08-15,74720.0,75480.0,74720.0,75100.0,72516.359375,6571,0.0,0.0
2025-08-19,75100.0,75920.0,75100.0,75920.0,73308.1640625,1990,0.0,0.0
2025-08-20,75920.0,76760.0,75920.0,76760.0,74119.25,2721,0.0,0.0
2025-08-21,76760.0,76620.0,75000.0,75000.0,72419.796875,12760,0.0,0.0
2025-08-22,75000.0,75740.0,75020.0,75020.0,72439.1015625,48681,0.0,0.0
2025-08-25,75020.0,75980.0,75500.0,75980.0,73366.0859375,2349,0.0,0.0
2025-08-26,75980.0,76640.0,76000.0,76500.0,73868.203125,2035,0.0,0.0
2025-08-27,76500.0,76380.0,75180.0,76320.0,73694.3984375,2103,0.0,0.0
2025-08-28,76320.0,75620.0,75500.0,75620.0,73018.4765625,1591,0.0,0.0
2025-08-29,75620.0,76180.0,76140.0,76140.0,73520.578125,1632,0.0,0.0
2025-09-01,76140.0,76160.0,75120.0,75120.0,72535.671875,5962,0.0,0.0
2025-09-02,75120.0,75120.0,75120.0,75120.0,72535.671875,0,0.0,0.0
2025-09-03,75820.0,78380.0,74600.0,78380.0,75683.515625,7764,0.0,0.0
2025-09-04,78380.0,82000.0,78500.0,81500.0,78696.1640625,29282,0.0,0.0
2025-09-05,81500.0,85000.0,79720.0,79720.0,76977.4140625,17966,0.0,0.0
2025-09-08,79720.0,82500.0,79820.0,80340.0,77576.078125,13985,0.0,0.0
2025-09-09,80340.0,80900.0,80420.0,80900.0,78339.1484375,2210,228.0,0.0
2025-09-10,80900.0,84760.0,81940.0,82420.0,79811.0234375,11481,0.0,0.0
2025-09-11,82420.0,83860.0,82500.0,83860.0,81205.453125,4946,0.0,0.0
2025-09-12,83860.0,84500.0,84000.0,84500.0,81825.1796875,6945,0.0,0.0
2025-09-15,84500.0,84980.0,84000.0,84480.0,81805.8203125,3874,0.0,0.0
2025-09-16,84480.0,83000.0,81700.0,82880.0,80256.4609375,7078,0.0,0.0
2025-09-17,82880.0,82800.0,82600.0,82600.0,79985.3203125,3559,0.0,0.0
2025-09-18,82600.0,81700.0,81460.0,81460.0,78881.421875,1378,0.0,0.0
2025-09-19,81460.0,81520.0,78980.0,78980.0,76479.921875,20355,0.0,0.0
2025-09-22,78980.0,80200.0,79500.0,79500.0,76983.4609375,8212,0.0,0.0
2025-09-23,79500.0,80440.0,79500.0,79500.0,76983.4609375,2409,0.0,0.0
2025-09-24,79500.0,80000.0,79500.0,80000.0,77467.625,2577,0.0,0.0
2025-09-25,80000.0,80000.0,78120.0,79800.0,77273.9609375,2197,0.0,0.0
2025-09-26,79800.0,79000.0,79000.0,79000.0,76499.296875,1715,0.0,0.0
2025-09-29,79000.0,80080.0,80080.0,80080.0,77545.09375,983,0.0,0.0
2025-09-30,76140.0,76160.0,75120.0,75120.0,72742.1015625,5962,0.0,0.0
2025-10-01,78340.0,78800.0,78520.0,78800.0,76305.6171875,1703,0.0,0.0
2025-10-02,78800.0,79500.0,79400.0,79420.0,76906.0,2352,0.0,0.0
2025-10-03,79420.0,79520.0,79520.0,79520.0,77002.828125,1548,0.0,0.0
2025-10-06,79520.0,79520.0,79520.0,79520.0,77002.828125,1160,0.0,0.0
2025-10-07,79520.0,79520.0,79520.0,79520.0,77002.828125,614,0.0,0.0
2025-10-08,79520.0,80000.0,80000.0,80000.0,77690.3828125,679,228.0,0.0
2025-10-09,80000.0,80000.0,79540.0,79540.0,77243.6640625,1410,0.0,0.0
2025-10-10,79540.0,79540.0,79540.0,79540.0,77243.6640625,582,0.0,0.0
2025-10-14,79540.0,79540.0,79540.0,79540.0,77243.6640625,1835,0.0,0.0
2025-10-15,79540.0,79540.0,78280.0,79500.0,77204.828125,3264,0.0,0.0
2025-10-16,79500.0,82000.0,80980.0,82000.0,79632.65625,3205,0.0,0.0
2025-10-17,82000.0,81600.0,80000.0,81600.0,79244.1953125,2309,0.0,0.0
2025-10-20,81600.0,80780.0,79520.0,80780.0,78447.859375,1629,0.0,0.0
2025-10-21,80780.0,80780.0,80780.0,80780.0,78447.859375,736,0.0,0.0
2025-10-22,80780.0,83000.0,81220.0,82600.0,80215.3203125,5019,0.0,0.0
2025-10-23,82600.0,83480.0,81820.0,81820.0,79457.8359375,1382,0.0,0.0
2025-10-24,81820.0,83480.0,82500.0,82540.0,80157.046875,2841,0.0,0.0
2025-10-27,82540.0,83000.0,82400.0,83000.0,80603.78125,8900,0.0,0.0
2025-10-28,83000.0,86900.0,83500.0,86000.0,83517.1640625,8141,0.0,0.0
2025-10-29,86000.0,86620.0,86000.0,86200.0,83711.3984375,5527,0.0,0.0
2025-10-30,86200.0,86100.0,84440.0,84440.0,82002.21875,4704,0.0,0.0
2025-10-31,84440.0,86480.0,84000.0,86480.0,83983.3125,4274,0.0,0.0
2025-11-04,86480.0,85500.0,85000.0,85000.0,82546.0390625,2394,0.0,0.0
2025-11-05,85000.0,85000.0,84000.0,84200.0,81769.125,5973,0.0,0.0
2025-11-06,84200.0,85800.0,84860.0,85000.0,82546.0390625,17103,0.0,0.0
2025-11-07,85000.0,86500.0,84300.0,84300.0,81866.2421875,9495,0.0,0.0
2025-11-10,84300.0,85000.0,85000.0,85000.0,82546.0390625,1405,0.0,0.0
2025-11-11,85000.0,86660.0,85900.0,86200.0,83936.5234375,3610,228.0,0.0
2025-11-12,86200.0,86800.0,86020.0,86600.0,84326.03125,2922,0.0,0.0
2025-11-13,86600.0,88000.0,86520.0,87500.0,85202.40625,6722,0.0,0.0
2025-11-14,87500.0,88000.0,87900.0,88000.0,85689.28125,8632,0.0,0.0
2025-11-18,88000.0,89500.0,88020.0,88400.0,86078.7734375,4452,0.0,0.0
2025-11-19,88400.0,89560.0,89380.0,89520.0,87169.359375,2470,0.0,0.0
2025-11-20,89520.0,92300.0,90280.0,91220.0,88824.734375,10167,0.0,0.0
2025-11-21,91220.0,93500.0,90500.0,90500.0,88123.640625,7429,0.0,0.0
2025-11-24,90500.0,89360.0,87380.0,87500.0,85202.40625,11895,0.0,0.0
2025-11-25,87500.0,89620.0,87580.0,87580.0,85280.296875,6549,0.0,0.0
2025-11-26,87580.0,88260.0,87000.0,88260.0,85942.4453125,5158,0.0,0.0
2025-11-27,88260.0,88520.0,87280.0,88520.0,86195.609375,3924,0.0,0.0
2025-11-28,88520.0,89100.0,88200.0,89100.0,86760.3828125,1190,0.0,0.0
2025-12-01,89100.0,88780.0,87000.0,88780.0,86448.796875,6880,0.0,0.0
2025-12-02,88780.0,89500.0,88780.0,89200.0,86857.765625,3877,0.0,0.0
2025-12-03,86480.0,85500.0,85000.0,85000.0,82768.046875,2394,0.0,0.0
2025-12-04,89500.0,89680.0,87860.0,89680.0,87325.15625,3307,0.0,0.0
2025-12-05,89680.0,90000.0,88700.0,89500.0,87149.8828125,2511,0.0,0.0
2025-12-09,89500.0,89980.0,87700.0,89980.0,87617.28125,2366,228.0,0.0
2025-12-10,89980.0,92000.0,89020.0,92000.0,89584.25,5095,0.0,0.0
2025-12-11,92000.0,93000.0,91980.0,93000.0,90557.984375,2591,0.0,0.0
2025-12-12,93000.0,92960.0,90820.0,92500.0,90071.109375,4850,0.0,0.0
2025-12-15,92500.0,91780.0,90880.0,91780.0,89370.0234375,2841,0.0,0.0
2025-12-16,91780.0,91780.0,90000.0,90000.0,87636.7578125,3089,0.0,0.0
2025-12-17,90000.0,91540.0,91540.0,91540.0,89136.3203125,1921,0.0,0.0
2025-12-18,91540.0,90260.0,90240.0,90240.0,87870.4609375,1775,0.0,0.0
2025-12-19,90240.0,91000.0,90000.0,91000.0,88610.5,5534,0.0,0.0
2025-12-22,91000.0,91520.0,90040.0,90760.0,88376.8046875,9092,0.0,0.0
2025-12-23,90760.0,92000.0,92000.0,92000.0,89584.25,850,0.0,0.0
2025-12-24,92000.0,91460.0,89500.0,89500.0,87149.8828125,1794,0.0,0.0
2025-12-26,89500.0,91200.0,91000.0,91200.0,88805.25,3330,0.0,0.0
2025-12-29,91200.0,90120.0,90000.0,90000.0,87636.7578125,1563,0.0,0.0
2025-12-30,90000.0,90040.0,87000.0,87000.0,84715.5234375,6620,0.0,0.0
2025-12-31,87000.0,87000.0,87000.0,87000.0,84715.5234375,0,0.0,0.0
2026-01-02,87000.0,87400.0,86300.0,87080.0,84793.4375,3111,0.0,0.0
2026-01-05,87080.0,89860.0,87580.0,89860.0,87500.4375,1740,0.0,0.0
2026-01-06,89860.0,90500.0,89940.0,89940.0,87578.3203125,4591,0.0,0.0
2026-01-07,89940.0,90000.0,90000.0,90000.0,87636.7578125,1256,0.0,0.0
2026-01-08,90000.0,90000.0,88760.0,88760.0,86648.8359375,2155,228.0,0.0
2026-01-09,88760.0,90500.0,89140.0,90060.0,87917.90625,2904,0.0,0.0
2026-01-13,90060.0,90060.0,88860.0,89560.0,87429.8046875,3955,0.0,0.0
2026-01-14,89560.0,90480.0,88800.0,90220.0,88074.1015625,5184,0.0,0.0
2026-01-15,90220.0,90500.0,88700.0,90500.0,88347.4453125,6425,0.0,0.0
2026-01-16,90500.0,90400.0,89000.0,90340.0,88191.2421875,4979,0.0,0.0
2026-01-19,90340.0,90340.0,89140.0,89920.0,87781.2421875,43952,0.0,0.0
2026-01-20,89920.0,90000.0,89900.0,90000.0,87859.3203125,5075,0.0,0.0
2026-01-21,90000.0,91380.0,90200.0,91000.0,88835.5546875,4969,0.0,0.0
2026-01-22,91000.0,90800.0,90500.0,90520.0,88366.9765625,3123,0.0,0.0
2026-01-23,90520.0,90720.0,90200.0,90200.0,88054.578125,14861,0.0,0.0
2026-01-26,90200.0,90820.0,90020.0,90820.0,88659.8203125,3002,0.0,0.0
2026-01-27,90820.0,94500.0,90820.0,94500.0,92252.2890625,6347,0.0,0.0
2026-01-28,94500.0,96500.0,95000.0,96500.0,94204.7421875,4892,0.0,0.0
2026-01-29,96500.0,99000.0,96600.0,99000.0,96645.2734375,4157,0.0,0.0
2026-01-30,99000.0,98300.0,98200.0,98200.0,95864.296875,2043,0.0,0.0
2026-02-02,98200.0,98200.0,95840.0,96000.0,93716.625,5840,0.0,0.0
2026-02-03,96000.0,96000.0,95500.0,96000.0,93716.625,7517,0.0,0.0
2026-02-04,96000.0,95520.0,93200.0,94560.0,92310.8828125,8602,0.0,0.0
2026-02-05,94560.0,92840.0,90000.0,90100.0,87956.953125,6844,0.0,0.0
2026-02-06,90100.0,91400.0,90100.0,91400.0,89226.0390625,2616,0.0,0.0
2026-02-09,91400.0,92000.0,92000.0,92000.0,89811.765625,1187,0.0,0.0
2026-02-10,92000.0,92900.0,92880.0,92900.0,90915.671875,1203,228.0,0.0
2026-02-11,92900.0,95960.0,92960.0,95960.0,93910.3046875,2626,0.0,0.0
2026-02-12,95960.0,93500.0,93000.0,93000.0,91013.53125,2946,0.0,0.0
2026-02-13,93000.0,93600.0,92980.0,93600.0,91600.71875,1910,0.0,0.0
2026-02-16,93600.0,93020.0,93000.0,93000.0,91013.53125,1477,0.0,0.0
2026-02-17,93000.0,93500.0,91200.0,93400.0,91404.9921875,2629,0.0,0.0
2026-02-18,93400.0,95640.0,93400.0,95600.0,93558.0,3013,0.0,0.0
2026-02-19,95600.0,95400.0,95400.0,95400.0,93362.265625,1618,0.0,0.0
2026-02-20,95400.0,94000.0,93660.0,94000.0,91992.1640625,1290,0.0,0.0
2026-02-23,94000.0,95220.0,93720.0,93720.0,91718.1484375,3175,0.0,0.0
2026-02-24,93720.0,93520.0,92660.0,92660.0,90680.7890625,3181,0.0,0.0
2026-02-25,92660.0,93920.0,92360.0,93920.0,91913.8828125,1924,0.0,0.0
2026-02-26,93920.0,91200.0,90000.0,90200.0,88273.3515625,5890,0.0,0.0
2026-02-27,90200.0,88840.0,88500.0,88520.0,86629.21875,4922,0.0,0.0
2026-03-02,88520.0,87200.0,84560.0,85780.0,83947.7578125,10956,0.0,0.0
2026-03-03,85780.0,83340.0,77320.0,81880.0,80131.046875,11626,0.0,0.0
2026-03-04,85780.0,83340.0,77320.0,81880.0,80131.046875,11626,0.0,0.0
2026-03-05,83500.0,84360.0,82500.0,84360.0,82558.078125,2721,0.0,0.0
2026-03-06,84360.0,84000.0,82540.0,83100.0,81324.9921875,3631,0.0,0.0
2026-03-09,83100.0,85900.0,84960.0,85500.0,83673.7265625,2120,0.0,0.0
2026-03-10,,,,,,0,228.0,0.0
2026-03-11,89900.0,93800.0,89800.0,91800.0,90079.3828125,8358,0.0,0.0
2026-03-12,91800.0,89820.0,86100.0,87720.0,86075.84375,2743,0.0,0.0
2026-03-13,87720.0,88960.0,88900.0,88900.0,87233.7265625,434,0.0,0.0
2026-03-16,88900.0,90000.0,86700.0,87980.0,86330.9765625,2649,0.0,0.0
2026-03-17,87980.0,86000.0,85700.0,85740.0,84132.953125,3159,0.0,0.0
2026-03-18,85740.0,88880.0,84900.0,86960.0,85330.078125,1375,0.0,0.0
2026-03-19,86960.0,89860.0,85840.0,85840.0,84231.0859375,1793,0.0,0.0
2026-03-20,85840.0,91000.0,86200.0,90000.0,88313.1015625,7090,0.0,0.0
2026-03-24,90000.0,90960.0,89100.0,89100.0,87429.9765625,4260,0.0,0.0
2026-03-25,89100.0,88480.0,87080.0,88480.0,86821.6015625,10148,0.0,0.0
2026-03-26,88480.0,87780.0,86000.0,87780.0,86134.7265625,2066,0.0,0.0
2026-03-27,87780.0,87260.0,84740.0,87120.0,85487.09375,8225,0.0,0.0
2026-03-30,87120.0,85000.0,85000.0,85000.0,83406.8203125,395,0.0,0.0
2026-03-31,85000.0,84440.0,84260.0,84380.0,82798.4609375,1820,0.0,0.0
2026-04-01,84380.0,86920.0,84500.0,86280.0,84662.828125,646,0.0,0.0
2026-04-02,86280.0,86280.0,86280.0,86280.0,84662.828125,0,0.0,0.0
2026-04-03,86280.0,86280.0,86280.0,86280.0,84662.828125,0,0.0,0.0
2026-04-06,86280.0,85780.0,83200.0,83800.0,82229.3203125,3279,0.0,0.0
2026-04-07,83800.0,83700.0,82000.0,82340.0,80796.6875,2486,0.0,0.0
2026-04-08,82340.0,84300.0,82500.0,83640.0,82072.3203125,2048,0.0,0.0
2026-04-09,83640.0,83600.0,82520.0,83260.0,81945.359375,3434,251.0,0.0
2026-04-10,83640.0,83600.0,82520.0,83260.0,81945.359375,3434,0.0,0.0
2026-04-13,83260.0,83260.0,83260.0,83260.0,81945.359375,0,0.0,0.0
2026-04-14,83260.0,83260.0,83260.0,83260.0,81945.359375,0,0.0,0.0
2026-04-15,83780.0,83680.0,82500.0,83340.0,82024.09375,1900,0.0,0.0
2026-04-16,83340.0,83780.0,82520.0,83780.0,82457.140625,3141,0.0,0.0
2026-04-17,83780.0,83920.0,82320.0,83100.0,81787.890625,4032,0.0,0.0
2026-04-20,83100.0,83000.0,82040.0,83000.0,81689.4609375,4784,0.0,0.0
2026-04-21,83000.0,83980.0,83740.0,83960.0,82634.3046875,4928,0.0,0.0
2026-04-22,83960.0,83980.0,82140.0,83360.0,82043.78125,1858,0.0,0.0
2026-04-23,83360.0,84000.0,80500.0,81420.0,80134.4140625,54618,0.0,0.0
2026-04-24,81420.0,80540.0,80480.0,80500.0,79228.9296875,3409,0.0,0.0
2026-04-27,80500.0,80100.0,78000.0,78760.0,77516.40625,5665,0.0,0.0
2026-04-28,78760.0,78540.0,76880.0,77800.0,76571.5703125,6615,0.0,0.0
2026-04-29,77800.0,80000.0,77000.0,77800.0,76571.5703125,4742,0.0,0.0
2026-04-30,77800.0,77200.0,76600.0,76980.0,75764.515625,2572,0.0,0.0
2026-05-04,76980.0,79480.0,76500.0,77080.0,75862.9296875,2933,0.0,0.0
2026-05-05,77080.0,77080.0,77080.0,77080.0,75862.9296875,0,0.0,0.0
2026-05-06,77440.0,77680.0,76700.0,77200.0,75981.0390625,2011,0.0,0.0
2026-05-07,77200.0,78800.0,77000.0,78340.0,77103.0390625,4818,0.0,0.0
2026-05-08,78340.0,78500.0,77800.0,77960.0,76729.0390625,3700,0.0,0.0
2026-05-11,77960.0,77020.0,77000.0,77040.0,76068.4765625,1377,251.0,0.0
2026-05-12,77040.0,77500.0,75100.0,75220.0,74271.4296875,2167,0.0,0.0
2026-05-13,74849.875,74500.0,75220.0,75120.0,74172.6875,958,0.0,0.0
2026-05-14,75120.0,77980.0,75200.0,77980.0,76996.625,5449,0.0,0.0
2026-05-15,77980.0,78000.0,75320.0,75640.0,74686.1328125,976,0.0,0.0
2026-05-19,75640.0,76980.0,75760.0,75840.0,74883.6171875,2404,0.0,0.0
2026-05-20,75840.0,75100.0,72000.0,72380.0,71467.2421875,5066,0.0,0.0
2026-05-21,72380.0,72200.0,70400.0,70420.0,69531.953125,4807,0.0,0.0
2026-05-22,70420.0,71980.0,70300.0,70680.0,69788.6796875,2934,0.0,0.0
2026-05-25,70680.0,73480.0,72300.0,73060.0,72138.671875,4181,0.0,0.0
2026-05-26,73060.0,75100.0,71740.0,74580.0,73639.5,3517,0.0,0.0
2026-05-27,74580.0,74600.0,73600.0,73660.0,72731.1015625,3332,0.0,0.0
2026-05-28,73660.0,72940.0,71300.0,71660.0,70756.3203125,2781,0.0,0.0
2026-06-01,72000.0,74280.0,71500.0,71580.0,70677.328125,4077,0.0,0.0
2026-06-02,72000.0,74280.0,71500.0,71580.0,70677.328125,4077,0.0,0.0
2026-06-03,71580.0,72580.0,70500.0,71920.0,71013.046875,69218,0.0,0.0
2026-06-04,71920.0,72920.0,71320.0,72460.0,71546.2421875,1919,0.0,0.0
2026-06-05,77080.0,78000.0,76500.0,77440.0,76463.4453125,4657,0.0,0.0
2026-06-08,77440.0,77440.0,77440.0,77440.0,76463.4453125,0,0.0,0.0
2026-06-09,72900.0,73860.0,71620.0,72460.0,71778.8828125,7983,251.0,0.0
2026-06-10,72460.0,72460.0,72000.0,72000.0,71323.2109375,831,0.0,0.0
2026-06-11,72000.0,75000.0,73000.0,74940.0,74235.578125,19044,0.0,0.0
2026-06-16,77660.0,77980.0,77120.0,77380.0,76652.640625,4467,0.0,0.0
2026-06-17,77380.0,79200.0,77380.0,78500.0,77762.109375,11858,0.0,0.0
2026-06-18,78500.0,78500.0,78500.0,78500.0,77762.109375,0,0.0,0.0
2026-06-19,78500.0,78500.0,78500.0,78500.0,77762.109375,0,0.0,0.0
2026-06-22,81000.0,89000.0,81940.0,82000.0,81229.2109375,9548,0.0,0.0
2026-06-23,82000.0,83680.0,81920.0,81980.0,81209.3984375,5239,0.0,0.0
2026-06-24,81980.0,82000.0,80420.0,80600.0,79842.375,1980,0.0,0.0
2026-06-25,80600.0,81000.0,79820.0,79920.0,79168.765625,1979,0.0,0.0
2026-06-26,79920.0,80100.0,79660.0,79920.0,79168.765625,1042,0.0,0.0
2026-06-29,79920.0,79920.0,79920.0,79920.0,79168.765625,0,0.0,0.0
2026-06-30,79920.0,79660.0,79520.0,79520.0,78772.5234375,804,0.0,0.0
2026-07-01,79520.0,82760.0,79700.0,81400.0,80634.8515625,1686,0.0,0.0
2026-07-02,81400.0,81500.0,79200.0,80480.0,79723.5,3764,0.0,0.0
2026-07-03,79720.0,79720.0,79680.0,79680.0,78931.015625,579,0.0,0.0
2026-07-06,79680.0,79680.0,78900.0,79000.0,78257.4140625,648,0.0,0.0
2026-07-07,79000.0,81820.0,78600.0,79200.0,78455.53125,1013,0.0,0.0
2026-07-08,79200.0,78180.0,78180.0,78180.0,77691.34375,281,251.0,0.0
2026-07-09,78180.0,81500.0,79900.0,80740.0,80235.3359375,1097,0.0,0.0
2026-07-10,80740.0,83000.0,79020.0,83000.0,82481.2109375,2546,0.0,0.0
2026-07-14,83000.0,82960.0,80160.0,81420.0,80911.0859375,864,0.0,0.0
2026-07-15,81420.0,81700.0,80040.0,80180.0,79678.84375,943,0.0,0.0
2026-07-16,80180.0,82640.0,80000.0,80940.0,80434.0859375,1386,0.0,0.0
2026-07-17,80940.0,81860.0,78020.0,80420.0,79917.3359375,868,0.0,0.0
2026-07-21,80420.0,80660.0,79340.0,79700.0,79201.8359375,1590,0.0,0.0
2026-07-22,79700.0,80480.0,79800.0,80100.0,79599.3359375,1362,0.0,0.0
2026-07-23,80100.0,81060.0,79000.0,79580.0,79082.5859375,2390,0.0,0.0
2026-07-24,79580.0,79580.0,79580.0,79580.0,79082.5859375,0,0.0,0.0
2026-07-27,79500.0,79000.0,78540.0,78540.0,78049.09375,1721,0.0,0.0
2026-07-28,78540.0,78600.0,78500.0,78600.0,78108.7109375,907,0.0,0.0
2026-07-29,78600.0,78640.0,78600.0,78640.0,78148.4609375,286,0.0,0.0
2026-07-30,78640.0,80000.0,76780.0,78480.0,77989.4609375,1149,0.0,0.0
2026-07-31,78480.0,80580.0,78780.0,80000.0,79499.96875,1052,0.0,0.0
2026-08-03,80000.0,81920.0,79120.0,79320.0,78824.2109375,1829,0.0,0.0
2026-08-04,79320.0,80600.0,79100.0,79520.0,79022.9609375,877,0.0,0.0
2026-08-05,79520.0,79240.0,78800.0,78940.0,78446.5859375,3264,0.0,0.0
2026-08-06,78940.0,80220.0,78940.0,79860.0,79360.8359375,5072,0.0,0.0
2026-08-07,79860.0,79860.0,79860.0,79860.0,79360.8359375,0,0.0,0.0
2026-08-10,79860.0,80960.0,79000.0,79220.0,78724.8359375,3407,0.0,0.0
2026-08-11,79220.0,79680.0,77660.0,78680.0,78436.734375,1295,251.0,0.0
2026-08-12,78680.0,80460.0,78600.0,79600.0,79353.890625,1102,0.0,0.0
2026-08-13,79600.0,79880.0,78640.0,79560.0,79314.0078125,3703,0.0,0.0
2026-08-14,79560.0,81900.0,78500.0,78520.0,78277.2265625,3687,0.0,0.0
2026-08-18,78520.0,80000.0,78500.0,78520.0,78277.2265625,2756,0.0,0.0
2026-08-19,78520.0,79000.0,78300.0,78760.0,78516.484375,5013,0.0,0.0
2026-08-20,78760.0,79000.0,78320.0,78420.0,78177.5390625,1568,0.0,0.0
2026-08-21,78420.0,79000.0,77620.0,78420.0,78177.5390625,3020,0.0,0.0
2026-08-24,78420.0,80000.0,78020.0,79580.0,79333.9453125,6269,0.0,0.0
2026-08-25,79580.0,80000.0,79040.0,79940.0,79692.8359375,3900,0.0,0.0
2026-08-26,79940.0,79980.0,79040.0,79380.0,79134.5703125,2705,0.0,0.0
2026-08-27,79380.0,80680.0,79600.0,80160.0,79912.15625,13559,0.0,0.0
2026-08-28,80160.0,80500.0,79800.0,80360.0,80111.5390625,2829,0.0,0.0
2026-08-31,80360.0,80980.0,79900.0,80540.0,80290.984375,2858,0.0,0.0
2026-09-01,80540.0,80980.0,79700.0,80560.0,80310.921875,3564,0.0,0.0
2026-09-02,80560.0,81080.0,80900.0,81000.0,80749.5546875,2949,0.0,0.0
2026-09-03,81000.0,80980.0,80800.0,80860.0,80609.9921875,1918,0.0,0.0
2026-09-04,80860.0,82400.0,80000.0,81160.0,80909.0625,2958,0.0,0.0
2026-09-08,81660.0,81600.0,81100.0,81180.0,80929.0,3160,0.0,0.0
2026-09-09,81120.0,81800.0,81300.0,81640.0,81640.0,1157,251.0,0.0
2026-09-10,81640.0,82300.0,81000.0,81040.0,81040.0,8496,0.0,0.0
2026-09-11,81040.0,81000.0,79600.0,79880.0,79880.0,5685,0.0,0.0
2026-09-14,79880.0,80000.0,79200.0,79940.0,79940.0,3429,0.0,0.0
