Date,Open,High,Low,Close,Adj Close,Volume,Dividends,Stock Splits
2020-01-01,3250.0,3250.0,3250.0,3250.0,3024.656005859375,0,0.0,0.0
2020-01-02,3250.0,3250.0,3250.0,3250.0,3024.656005859375,0,0.0,0.0
2020-01-03,3285.0,3285.0,3285.0,3285.0,3098.704833984375,5183,43.5,0.0
2020-01-06,3285.0,3285.0,3285.0,3285.0,3098.704833984375,0,0.0,0.0
2020-01-07,3280.0,3290.0,3250.0,3280.0,3093.988525390625,47199,0.0,0.0
2020-01-08,3255.0,3290.0,3255.0,3255.0,3070.40625,29428,0.0,0.0
2020-01-09,3230.0,3260.0,3230.0,3230.0,3046.823974609375,66706,0.0,0.0
2020-01-10,3210.0,3250.0,3210.0,3210.0,3027.957275390625,15383,0.0,0.0
2020-01-13,3250.0,3250.0,3250.0,3250.0,3065.689453125,8155,0.0,0.0
2020-01-14,3215.0,3275.0,3215.0,3215.0,3032.67431640625,27255,0.0,0.0
2020-01-15,3215.0,3215.0,3215.0,3215.0,3032.67431640625,16276,0.0,0.0
2020-01-16,3200.0,3215.0,3200.0,3200.0,3018.52490234375,42171,0.0,0.0
2020-01-17,3200.0,3215.0,3200.0,3200.0,3018.52490234375,42171,0.0,0.0
2020-01-20,3210.0,3215.0,3210.0,3210.0,3027.957275390625,32560,0.0,0.0
2020-01-21,3200.0,3200.0,3200.0,3200.0,3018.52490234375,5067,0.0,0.0
2020-01-22,3235.0,3235.0,3200.0,3235.0,3051.540283203125,25507,0.0,0.0
2020-01-23,3235.0,3240.0,3235.0,3235.0,3051.540283203125,38747,0.0,0.0
2020-01-24,3230.0,3240.0,3230.0,3230.0,3046.823974609375,61030,0.0,0.0
2020-01-27,3200.0,3230.0,3175.0,3200.0,3018.52490234375,101784,0.0,0.0
2020-01-28,3145.0,3195.0,3145.0,3145.0,2966.644287109375,103589,0.0,0.0
2020-01-29,3150.0,3150.0,3100.0,3150.0,2971.36083984375,104347,0.0,0.0
2020-01-30,3100.0,3150.0,3100.0,3100.0,2924.195556640625,40007,0.0,0.0
2020-01-31,3060.0,3110.0,3060.0,3060.0,2886.464599609375,235208,0.0,0.0
2020-02-03,3090.0,3110.0,3035.0,3090.0,2914.763427734375,171903,0.0,0.0
2020-02-04,3095.0,3115.0,3085.0,3095.0,2919.4794921875,81888,0.0,0.0
2020-02-05,3150.0,3150.0,3135.0,3150.0,2971.36083984375,37983,0.0,0.0
2020-02-06,3160.0,3160.0,3130.0,3160.0,2980.7939453125,96085,0.0,0.0
2020-02-07,3160.0,3165.0,3160.0,3160.0,2980.7939453125,45645,0.0,0.0
2020-02-10,3180.0,3180.0,3155.0,3180.0,2999.658935546875,8915,0.0,0.0
2020-02-11,3185.0,3185.0,3185.0,3185.0,3004.375244140625,8542,0.0,0.0
2020-02-12,3185.0,3185.0,3165.0,3185.0,3004.375244140625,43500,0.0,0.0
2020-02-13,3185.0,3185.0,3185.0,3185.0,3004.375244140625,1690,0.0,0.0
2020-02-14,3240.0,3240.0,3185.0,3240.0,3056.256103515625,36678,0.0,0.0
2020-02-17,3220.0,3240.0,3220.0,3220.0,3037.390625,10757,0.0,0.0
2020-02-18,3295.0,3295.0,3240.0,3295.0,3108.136962890625,38952,0.0,0.0
2020-02-19,3330.0,3330.0,3305.0,3330.0,3141.152099609375,27053,0.0,0.0
2020-02-20,3380.0,3395.0,3355.0,3380.0,3188.316162109375,93856,0.0,0.0
2020-02-21,3400.0,3400.0,3380.0,3400.0,3207.18212890625,196693,0.0,0.0
2020-02-24,3475.0,3485.0,3400.0,3475.0,3277.929931640625,709721,0.0,0.0
2020-02-25,3500.0,3500.0,3450.0,3500.0,3301.511962890625,173678,0.0,0.0
2020-02-26,3465.0,3510.0,3465.0,3465.0,3268.497314453125,151277,0.0,0.0
2020-02-27,3475.0,3500.0,3435.0,3475.0,3277.929931640625,189613,0.0,0.0
2020-02-28,3445.0,3470.0,3350.0,3445.0,3249.630859375,139568,0.0,0.0
2020-03-02,3400.0,3455.0,3400.0,3400.0,3207.18212890625,31480,0.0,0.0
2020-03-03,3460.0,3460.0,3400.0,3460.0,3263.780517578125,37599,0.0,0.0
2020-03-04,3355.0,3460.0,3355.0,3355.0,3164.73486328125,95187,0.0,0.0
2020-03-05,3360.0,3360.0,3335.0,3360.0,3169.451416015625,52819,0.0,0.0
2020-03-06,3390.0,3450.0,3360.0,3390.0,3197.749755859375,228938,0.0,0.0
2020-03-09,3200.0,3330.0,3060.0,3200.0,3018.52490234375,192051,0.0,0.0
2020-03-10,3250.0,3250.0,3200.0,3250.0,3065.689453125,84887,0.0,0.0
2020-03-11,3145.0,3250.0,3145.0,3145.0,2966.644287109375,135057,0.0,0.0
2020-03-12,2950.0,3060.0,2900.0,2950.0,2782.70263671875,100958,0.0,0.0
2020-03-13,2950.0,3060.0,2900.0,2950.0,2782.70263671875,100958,0.0,0.0
2020-03-16,2800.0,2850.0,2795.0,2800.0,2641.208984375,61539,0.0,0.0
2020-03-17,2660.0,2685.0,2650.0,2660.0,2509.14892578125,149311,0.0,0.0
2020-03-18,2410.0,2500.0,2400.0,2410.0,2273.32666015625,113077,0.0,0.0
2020-03-19,2300.0,2310.0,2170.0,2300.0,2169.564453125,289471,0.0,0.0
2020-03-20,2300.0,2330.0,2300.0,2300.0,2169.564453125,41335,0.0,0.0
2020-03-23,2300.0,2300.0,2300.0,2300.0,2169.564453125,0,0.0,0.0
2020-03-24,2420.0,2475.0,2335.0,2420.0,2282.759765625,175735,0.0,0.0
2020-03-25,2870.0,2920.0,2405.0,2870.0,2707.2392578125,358668,0.0,0.0
2020-03-26,2870.0,2920.0,2405.0,2870.0,2707.2392578125,358668,0.0,0.0
2020-03-27,2700.0,2800.0,2560.0,2700.0,2546.880859375,175525,0.0,0.0
2020-03-30,2780.0,2790.0,2675.0,2780.0,2622.34326171875,78660,0.0,0.0
2020-03-31,2700.0,2755.0,2680.0,2700.0,2546.880859375,271576,0.0,0.0
2020-04-01,2645.0,2685.0,2585.0,2645.0,2494.9990234375,118503,0.0,0.0
2020-04-02,2620.0,2690.0,2605.0,2620.0,2471.41650390625,180227,0.0,0.0
2020-04-03,2585.0,2655.0,2580.0,2585.0,2484.150634765625,238987,48.25,0.0
2020-04-06,2695.0,2695.0,2520.0,2695.0,2589.859130859375,321745,0.0,0.0
2020-04-07,2670.0,2720.0,2670.0,2670.0,2565.834228515625,84182,0.0,0.0
2020-04-08,2695.0,2695.0,2665.0,2695.0,2589.859130859375,36515,0.0,0.0
2020-04-09,2695.0,2695.0,2695.0,2695.0,2589.859130859375,0,0.0,0.0
2020-04-10,2695.0,2695.0,2695.0,2695.0,2589.859130859375,0,0.0,0.0
2020-04-13,2790.0,2795.0,2705.0,2790.0,2681.15283203125,98740,0.0,0.0
2020-04-14,2840.0,2865.0,2780.0,2840.0,2729.202392578125,233856,0.0,0.0
2020-04-15,2835.0,2845.0,2755.0,2835.0,2724.3974609375,30606,0.0,0.0
2020-04-16,2820.0,2830.0,2820.0,2820.0,2709.982177734375,33162,0.0,0.0
2020-04-17,2895.0,2895.0,2800.0,2895.0,2782.056396484375,59163,0.0,0.0
2020-04-20,2880.0,2890.0,2820.0,2880.0,2767.6416015625,115429,0.0,0.0
2020-04-21,2830.0,2840.0,2810.0,2830.0,2719.59228515625,45199,0.0,0.0
2020-04-22,2840.0,2845.0,2840.0,2840.0,2729.202392578125,28589,0.0,0.0
2020-04-23,3020.0,3030.0,2890.0,3020.0,2902.1796875,414755,0.0,0.0
2020-04-24,3080.0,3080.0,3035.0,3080.0,2959.839111328125,124894,0.0,0.0
2020-04-27,3080.0,3080.0,3080.0,3080.0,2959.839111328125,27322,0.0,0.0
2020-04-28,3045.0,3070.0,3045.0,3045.0,2926.203857421875,27062,0.0,0.0
2020-04-29,3045.0,3060.0,3045.0,3045.0,2926.203857421875,24780,0.0,0.0
2020-04-30,3070.0,3070.0,3045.0,3070.0,2950.22900390625,40724,0.0,0.0
2020-05-01,3070.0,3070.0,3070.0,3070.0,2950.22900390625,0,0.0,0.0
2020-05-04,3085.0,3085.0,3080.0,3085.0,2964.64404296875,14050,0.0,0.0
2020-05-05,3095.0,3095.0,3085.0,3095.0,2974.253662109375,16187,0.0,0.0
2020-05-06,3165.0,3165.0,3085.0,3165.0,3041.52294921875,72874,0.0,0.0
2020-05-07,3200.0,3200.0,3170.0,3200.0,3075.156494140625,119824,0.0,0.0
2020-05-08,3200.0,3200.0,3195.0,3200.0,3075.156494140625,38198,0.0,0.0
2020-05-11,3175.0,3200.0,3155.0,3175.0,3051.1328125,47560,0.0,0.0
2020-05-12,3180.0,3200.0,3180.0,3180.0,3055.937744140625,118158,0.0,0.0
2020-05-13,3170.0,3200.0,3150.0,3170.0,3046.328125,158248,0.0,0.0
2020-05-14,3180.0,3180.0,3105.0,3180.0,3055.937744140625,197848,0.0,0.0
2020-05-15,3190.0,3195.0,3180.0,3190.0,3065.546875,59374,0.0,0.0
2020-05-18,3190.0,3190.0,3180.0,3190.0,3065.546875,37200,0.0,0.0
2020-05-19,3200.0,3200.0,3185.0,3200.0,3075.156494140625,64455,0.0,0.0
2020-05-20,3205.0,3210.0,3200.0,3205.0,3079.9619140625,27910,0.0,0.0
2020-05-21,3290.0,3290.0,3180.0,3290.0,3161.646484375,97428,0.0,0.0
2020-05-22,3315.0,3320.0,3230.0,3315.0,3185.6708984375,46868,0.0,0.0
2020-05-25,3315.0,3315.0,3315.0,3315.0,3185.6708984375,0,0.0,0.0
2020-05-26,3420.0,3420.0,3340.0,3420.0,3286.57470703125,39768,0.0,0.0
2020-05-27,3400.0,3465.0,3400.0,3400.0,3267.3544921875,73431,0.0,0.0
2020-05-28,3370.0,3390.0,3230.0,3370.0,3238.52490234375,26056,0.0,0.0
2020-05-29,3360.0,3360.0,3250.0,3360.0,3228.9150390625,122406,0.0,0.0
2020-06-01,3400.0,3400.0,3360.0,3400.0,3267.3544921875,55450,0.0,0.0
2020-06-02,3445.0,3445.0,3400.0,3445.0,3310.599609375,21190,0.0,0.0
2020-06-03,3445.0,3445.0,3400.0,3445.0,3310.599609375,21190,0.0,0.0
2020-06-04,3430.0,3450.0,3420.0,3430.0,3296.18408203125,88620,0.0,0.0
2020-06-05,3430.0,3435.0,3405.0,3430.0,3296.18408203125,59065,0.0,0.0
2020-06-08,3365.0,3430.0,3365.0,3365.0,3233.7197265625,35999,0.0,0.0
2020-06-09,3330.0,3345.0,3315.0,3330.0,3200.0849609375,25329,0.0,0.0
2020-06-10,3375.0,3375.0,3295.0,3375.0,3243.329833984375,57515,0.0,0.0
2020-06-11,3070.0,3325.0,3070.0,3070.0,2950.22900390625,100943,0.0,0.0
2020-06-12,3200.0,3220.0,3200.0,3200.0,3075.156494140625,16134,0.0,0.0
2020-06-15,3200.0,3200.0,3200.0,3200.0,3075.156494140625,0,0.0,0.0
2020-06-16,3250.0,3255.0,3220.0,3250.0,3123.206787109375,43209,0.0,0.0
2020-06-17,3270.0,3280.0,3270.0,3270.0,3142.42626953125,20370,0.0,0.0
2020-06-18,3290.0,3290.0,3275.0,3290.0,3161.646484375,11763,0.0,0.0
2020-06-19,3300.0,3300.0,3280.0,3300.0,3171.255859375,67387,0.0,0.0
2020-06-22,3300.0,3300.0,3300.0,3300.0,3171.255859375,0,0.0,0.0
2020-06-23,3300.0,3300.0,3275.0,3300.0,3171.255859375,84817,0.0,0.0
2020-06-24,3195.0,3300.0,3195.0,3195.0,3070.351806640625,70605,0.0,0.0
2020-06-25,3220.0,3220.0,3180.0,3220.0,3094.376953125,57675,0.0,0.0
2020-06-26,3235.0,3235.0,3220.0,3235.0,3108.791748046875,51765,0.0,0.0
2020-06-29,3235.0,3235.0,3235.0,3235.0,3108.791748046875,0,0.0,0.0
2020-06-30,3295.0,3300.0,3240.0,3295.0,3166.45068359375,72906,0.0,0.0
2020-07-01,3300.0,3300.0,3295.0,3300.0,3171.255859375,45728,0.0,0.0
2020-07-02,3310.0,3310.0,3295.0,3310.0,3180.86572265625,112344,0.0,0.0
2020-07-03,3325.0,3330.0,3310.0,3325.0,3195.280517578125,86638,0.0,0.0
2020-07-06,3330.0,3330.0,3300.0,3330.0,3247.2060546875,26678,48.25,0.0
2020-07-07,3380.0,3380.0,3335.0,3380.0,3295.962890625,44683,0.0,0.0
2020-07-08,3500.0,3550.0,3395.0,3500.0,3412.980224609375,307672,0.0,0.0
2020-07-09,3520.0,3525.0,3500.0,3520.0,3432.482177734375,41745,0.0,0.0
2020-07-10,3540.0,3540.0,3525.0,3540.0,3451.98583984375,44240,0.0,0.0
2020-07-13,3550.0,3550.0,3540.0,3550.0,3461.73681640625,26953,0.0,0.0
2020-07-14,3515.0,3550.0,3515.0,3515.0,3427.6064453125,34825,0.0,0.0
2020-07-15,3550.0,3550.0,3535.0,3550.0,3461.73681640625,30971,0.0,0.0
2020-07-16,3545.0,3545.0,3545.0,3545.0,3456.86181640625,7420,0.0,0.0
2020-07-17,3535.0,3545.0,3520.0,3535.0,3447.110107421875,32613,0.0,0.0
2020-07-20,3535.0,3535.0,3535.0,3535.0,3447.110107421875,0,0.0,0.0
2020-07-21,3540.0,3550.0,3525.0,3540.0,3451.98583984375,101645,0.0,0.0
2020-07-22,3600.0,3600.0,3550.0,3600.0,3510.493896484375,116095,0.0,0.0
2020-07-23,3850.0,3850.0,3600.0,3850.0,3754.27783203125,453764,0.0,0.0
2020-07-24,3845.0,3850.0,3825.0,3845.0,3749.40234375,103951,0.0,0.0
2020-07-27,3935.0,4080.0,3850.0,3935.0,3837.16455078125,554487,0.0,0.0
2020-07-28,3900.0,3990.0,3900.0,3900.0,3803.03515625,201154,0.0,0.0
2020-07-29,3900.0,3900.0,3870.0,3900.0,3803.03515625,41153,0.0,0.0
2020-07-30,3895.0,3895.0,3845.0,3895.0,3798.1591796875,60309,0.0,0.0
2020-07-31,3800.0,3960.0,3800.0,3800.0,3705.52099609375,544459,0.0,0.0
2020-08-03,3855.0,3855.0,3830.0,3855.0,3759.154052734375,99662,0.0,0.0
2020-08-04,3915.0,3915.0,3875.0,3915.0,3817.661865234375,83332,0.0,0.0
2020-08-05,3975.0,4000.0,3950.0,3975.0,3876.169921875,395491,0.0,0.0
2020-08-06,4055.0,4085.0,3975.0,4055.0,3954.1806640625,585901,0.0,0.0
2020-08-07,4055.0,4055.0,4055.0,4055.0,3954.1806640625,0,0.0,0.0
2020-08-10,4000.0,4085.0,3930.0,4000.0,3900.548095703125,261803,0.0,0.0
2020-08-11,3880.0,3985.0,3880.0,3880.0,3783.531982421875,316311,0.0,0.0
2020-08-12,3900.0,3905.0,3880.0,3900.0,3803.03515625,68903,0.0,0.0
2020-08-13,3900.0,3900.0,3785.0,3900.0,3803.03515625,159946,0.0,0.0
2020-08-14,3900.0,3900.0,3850.0,3900.0,3803.03515625,24657,0.0,0.0
2020-08-17,3900.0,3900.0,3900.0,3900.0,3803.03515625,0,0.0,0.0
2020-08-18,3930.0,3980.0,3900.0,3930.0,3832.2890625,141051,0.0,0.0
2020-08-19,3915.0,3950.0,3870.0,3915.0,3817.661865234375,129531,0.0,0.0
2020-08-20,3895.0,3910.0,3860.0,3895.0,3798.1591796875,128402,0.0,0.0
2020-08-21,3900.0,3900.0,3865.0,3900.0,3803.03515625,63368,0.0,0.0
2020-08-24,3900.0,3900.0,3900.0,3900.0,3803.03515625,0,0.0,0.0
2020-08-25,3850.0,3870.0,3850.0,3850.0,3754.27783203125,200171,0.0,0.0
2020-08-26,3850.0,3850.0,3815.0,3850.0,3754.27783203125,146433,0.0,0.0
2020-08-27,3830.0,3895.0,3820.0,3830.0,3734.775390625,116493,0.0,0.0
2020-08-28,3955.0,3955.0,3830.0,3955.0,3856.667236328125,277505,0.0,0.0
2020-08-31,3850.0,3985.0,3850.0,3850.0,3754.27783203125,227116,0.0,0.0
2020-09-01,3850.0,3940.0,3840.0,3850.0,3754.27783203125,210532,0.0,0.0
2020-09-02,3880.0,3910.0,3820.0,3880.0,3783.531982421875,288430,0.0,0.0
2020-09-03,3885.0,3895.0,3870.0,3885.0,3788.407470703125,53354,0.0,0.0
2020-09-04,3860.0,3875.0,3820.0,3860.0,3764.02978515625,57274,0.0,0.0
2020-09-07,3860.0,3900.0,3850.0,3860.0,3764.02978515625,54679,0.0,0.0
2020-09-08,3825.0,3830.0,3800.0,3825.0,3729.89990234375,172241,0.0,0.0
2020-09-09,3875.0,3875.0,3840.0,3875.0,3778.65625,29912,0.0,0.0
2020-09-10,3815.0,3850.0,3815.0,3815.0,3720.148193359375,138440,0.0,0.0
2020-09-11,3840.0,3840.0,3810.0,3840.0,3744.526611328125,20732,0.0,0.0
2020-09-14,3820.0,3840.0,3820.0,3820.0,3725.02392578125,40952,0.0,0.0
2020-09-15,3830.0,3830.0,3830.0,3830.0,3734.775390625,15805,0.0,0.0
2020-09-16,3820.0,3830.0,3820.0,3820.0,3725.02392578125,48595,0.0,0.0
2020-09-17,3750.0,3810.0,3750.0,3750.0,3656.764404296875,130232,0.0,0.0
2020-09-18,3750.0,3750.0,3750.0,3750.0,3656.764404296875,13349,0.0,0.0
2020-09-21,3685.0,3700.0,3645.0,3685.0,3593.38037109375,70396,0.0,0.0
2020-09-22,3650.0,3660.0,3620.0,3650.0,3559.25048828125,68560,0.0,0.0
2020-09-23,3625.0,3625.0,3625.0,3625.0,3534.871826171875,5110,0.0,0.0
2020-09-24,3620.0,3630.0,3610.0,3620.0,3529.99560546875,46920,0.0,0.0
2020-09-25,3600.0,3615.0,3600.0,3600.0,3510.493896484375,27895,0.0,0.0
2020-09-28,3600.0,3615.0,3580.0,3600.0,3510.493896484375,77131,0.0,0.0
2020-09-29,3600.0,3625.0,3600.0,3600.0,3510.493896484375,176660,0.0,0.0
2020-09-30,3600.0,3615.0,3600.0,3600.0,3510.493896484375,93602,0.0,0.0
2020-10-01,3570.0,3600.0,3565.0,3570.0,3481.239501953125,73151,0.0,0.0
2020-10-02,3565.0,3575.0,3560.0,3565.0,3476.363037109375,28232,0.0,0.0
2020-10-05,3570.0,3600.0,3560.0,3570.0,3481.239501953125,105250,0.0,0.0
2020-10-06,3580.0,3700.0,3575.0,3580.0,3538.81982421875,92320,48.25,0.0
2020-10-07,3570.0,3579.0,3570.0,3570.0,3528.933837890625,11554,0.0,0.0
2020-10-08,3570.0,3579.0,3570.0,3570.0,3528.933837890625,11554,0.0,0.0
2020-10-09,3700.0,3700.0,3570.0,3700.0,3657.439208984375,214596,0.0,0.0
2020-10-12,3700.0,3700.0,3700.0,3700.0,3657.439208984375,0,0.0,0.0
2020-10-13,3610.0,3685.0,3610.0,3610.0,3568.474609375,57630,0.0,0.0
2020-10-14,3570.0,3595.0,3570.0,3570.0,3528.933837890625,18912,0.0,0.0
2020-10-15,3570.0,3580.0,3560.0,3570.0,3528.933837890625,864100,0.0,0.0
2020-10-16,3570.0,3570.0,3550.0,3570.0,3528.933837890625,27995,0.0,0.0
2020-10-19,3600.0,3600.0,3570.0,3600.0,3558.58935546875,89671,0.0,0.0
2020-10-20,3700.0,3700.0,3590.0,3700.0,3657.439208984375,69314,0.0,0.0
2020-10-21,3705.0,3715.0,3614.0,3705.0,3662.381103515625,63234,0.0,0.0
2020-10-22,3696.0,3700.0,3695.0,3696.0,3653.485595703125,15083,0.0,0.0
2020-10-23,3694.0,3694.0,3694.0,3694.0,3651.50830078125,5222,0.0,0.0
2020-10-26,3670.0,3675.0,3670.0,3670.0,3627.7841796875,17961,0.0,0.0
2020-10-27,3670.0,3670.0,3650.0,3670.0,3627.7841796875,28964,0.0,0.0
2020-10-28,3650.0,3650.0,3600.0,3650.0,3608.01416015625,119972,0.0,0.0
2020-10-29,3640.0,3640.0,3561.0,3640.0,3598.1298828125,115685,0.0,0.0
2020-10-30,3600.0,3640.0,3550.0,3600.0,3558.58935546875,228235,0.0,0.0
2020-11-02,3600.0,3600.0,3600.0,3600.0,3558.58935546875,0,0.0,0.0
2020-11-03,3630.0,3630.0,3600.0,3630.0,3588.24462890625,90989,0.0,0.0
2020-11-04,3670.0,3695.0,3655.0,3670.0,3627.7841796875,78801,0.0,0.0
2020-11-05,3880.0,3945.0,3685.0,3880.0,3835.368896484375,333171,0.0,0.0
2020-11-06,3880.0,3945.0,3685.0,3880.0,3835.368896484375,333171,0.0,0.0
2020-11-09,3830.0,3850.0,3803.0,3830.0,3785.944091796875,112167,0.0,0.0
2020-11-10,3810.0,3831.0,3810.0,3810.0,3766.173583984375,98238,0.0,0.0
2020-11-11,3815.0,3820.0,3785.0,3815.0,3771.115966796875,156998,0.0,0.0
2020-11-12,3840.0,3850.0,3800.0,3840.0,3795.828857421875,245467,0.0,0.0
2020-11-13,3825.0,3845.0,3820.0,3825.0,3781.00146484375,69849,0.0,0.0
2020-11-16,3825.0,3825.0,3825.0,3825.0,3781.00146484375,0,0.0,0.0
2020-11-17,3825.0,3840.0,3780.0,3825.0,3781.00146484375,94218,0.0,0.0
2020-11-18,3812.0,3825.0,3800.0,3812.0,3768.150634765625,103194,0.0,0.0
2020-11-19,3795.0,3825.0,3795.0,3795.0,3751.346435546875,231339,0.0,0.0
2020-11-20,3760.0,3790.0,3755.0,3760.0,3716.748779296875,125578,0.0,0.0
2020-11-23,3750.0,3760.0,3730.0,3750.0,3706.8642578125,86160,0.0,0.0
2020-11-24,3720.0,3735.0,3700.0,3720.0,3677.209716796875,225560,0.0,0.0
2020-11-25,3740.0,3750.0,3730.0,3740.0,3696.97900390625,199781,0.0,0.0
2020-11-26,3765.0,3765.0,3750.0,3765.0,3721.691650390625,232019,0.0,0.0
2020-11-27,3770.0,3770.0,3725.0,3770.0,3726.634033203125,85145,0.0,0.0
2020-11-30,3700.0,3780.0,3700.0,3700.0,3657.439208984375,102768,0.0,0.0
2020-12-01,3810.0,3825.0,3720.0,3810.0,3766.173583984375,218022,0.0,0.0
2020-12-02,3890.0,3895.0,3830.0,3890.0,3845.25341796875,212164,0.0,0.0
2020-12-03,3926.0,3930.0,3891.0,3926.0,3880.83984375,117561,0.0,0.0
2020-12-04,3926.0,3930.0,3891.0,3926.0,3880.83984375,117561,0.0,0.0
2020-12-07,3970.0,3970.0,3901.0,3970.0,3924.3330078125,151142,0.0,0.0
2020-12-08,3970.0,3970.0,3970.0,3970.0,3924.3330078125,0,0.0,0.0
2020-12-09,3955.0,3980.0,3950.0,3955.0,3909.505615234375,156294,0.0,0.0
2020-12-10,3915.0,3960.0,3900.0,3915.0,3869.966552734375,123487,0.0,0.0
2020-12-11,3900.0,3915.0,3900.0,3900.0,3855.138916015625,28967,0.0,0.0
2020-12-14,3900.0,3950.0,3900.0,3900.0,3855.138916015625,128999,0.0,0.0
2020-12-15,3915.0,3925.0,3880.0,3915.0,3869.966552734375,182133,0.0,0.0
2020-12-16,4025.0,4025.0,3915.0,4025.0,3978.701171875,118510,0.0,0.0
2020-12-17,4100.0,4150.0,4025.0,4100.0,4052.838134765625,300663,0.0,0.0
2020-12-18,4120.0,4240.0,4098.0,4120.0,4072.6083984375,140006,0.0,0.0
2020-12-21,4090.0,4110.0,4025.0,4090.0,4042.953125,106020,0.0,0.0
2020-12-22,4119.0,4120.0,4090.0,4119.0,4071.619873046875,41302,0.0,0.0
2020-12-23,4115.0,4140.0,4101.0,4115.0,4067.66552734375,142245,0.0,0.0
2020-12-24,4115.0,4115.0,4115.0,4115.0,4067.66552734375,1900,0.0,0.0
2020-12-25,4115.0,4115.0,4115.0,4115.0,4067.66552734375,0,0.0,0.0
2020-12-28,4125.0,4125.0,4120.0,4125.0,4077.55078125,48164,0.0,0.0
2020-12-29,4125.0,4125.0,4120.0,4125.0,4077.55078125,185597,0.0,0.0
2020-12-30,4167.0,4167.0,4120.0,4167.0,4119.068359375,165119,0.0,0.0
2020-12-31,4167.0,4167.0,4167.0,4167.0,4119.068359375,0,0.0,0.0
2021-01-01,4167.0,4167.0,4167.0,4167.0,4119.068359375,0,0.0,0.0
2021-01-04,4240.0,4270.0,4190.0,4240.0,4191.2275390625,109398,0.0,0.0
2021-01-05,4338.0,4338.0,4235.0,4338.0,4337.45947265625,113248,48.25,0.0
2021-01-06,4255.0,4315.0,4240.0,4255.0,4254.47021484375,103280,0.0,0.0
2021-01-07,4200.0,4275.0,4195.0,4200.0,4199.47607421875,116861,0.0,0.0
2021-01-08,4125.0,4200.0,4085.0,4125.0,4124.486328125,149731,0.0,0.0
2021-01-11,4125.0,4125.0,4125.0,4125.0,4124.486328125,0,0.0,0.0
2021-01-12,4300.0,4300.0,4090.0,4300.0,4299.4638671875,150805,0.0,0.0
2021-01-13,4293.0,4333.0,4260.0,4293.0,4292.4638671875,182383,0.0,0.0
2021-01-14,4295.0,4342.0,4241.0,4295.0,4294.4638671875,331058,0.0,0.0
2021-01-15,4290.0,4290.0,4225.0,4290.0,4289.46435546875,171626,0.0,0.0
2021-01-18,4200.0,4265.0,4200.0,4200.0,4199.47607421875,163787,0.0,0.0
2021-01-19,4389.0,4389.0,4200.0,4389.0,4388.45361328125,409571,0.0,0.0
2021-01-20,4400.0,4430.0,4330.0,4400.0,4399.45166015625,230040,0.0,0.0
2021-01-21,4352.0,4425.0,4352.0,4352.0,4351.45751953125,170487,0.0,0.0
2021-01-22,4370.0,4370.0,4300.0,4370.0,4369.45654296875,148607,0.0,0.0
2021-01-25,4450.0,4485.0,4390.0,4450.0,4449.44677734375,172166,0.0,0.0
2021-01-26,4399.0,4460.0,4290.0,4399.0,4398.45166015625,347363,0.0,0.0
2021-01-27,4290.0,4320.0,4265.0,4290.0,4289.46435546875,180699,0.0,0.0
2021-01-28,4255.0,4314.0,4235.0,4255.0,4254.47021484375,194991,0.0,0.0
2021-01-29,4299.0,4340.0,4241.0,4299.0,4298.4638671875,303560,0.0,0.0
2021-02-01,4299.0,4299.0,4299.0,4299.0,4298.4638671875,0,0.0,0.0
2021-02-02,4140.0,4200.0,4100.0,4140.0,4139.484375,268609,0.0,0.0
2021-02-03,4110.0,4140.0,4110.0,4110.0,4109.48779296875,32979,0.0,0.0
2021-02-04,4040.0,4062.0,4000.0,4040.0,4039.49658203125,171129,0.0,0.0
2021-02-05,4085.0,4115.0,4051.0,4085.0,4084.489501953125,145219,0.0,0.0
2021-02-08,4170.0,4200.0,4120.0,4170.0,4169.4794921875,139971,0.0,0.0
2021-02-09,4130.0,4180.0,4110.0,4130.0,4129.48486328125,93999,0.0,0.0
2021-02-10,4090.0,4115.0,4090.0,4090.0,4089.489501953125,64833,0.0,0.0
2021-02-11,4150.0,4150.0,4075.0,4150.0,4149.4833984375,142489,0.0,0.0
2021-02-12,4103.0,4130.0,4094.0,4103.0,4102.48779296875,135344,0.0,0.0
2021-02-15,4090.0,4125.0,4075.0,4090.0,4089.489501953125,95041,0.0,0.0
2021-02-16,4100.0,4100.0,4055.0,4100.0,4099.48779296875,163338,0.0,0.0
2021-02-17,4050.0,4080.0,4050.0,4050.0,4049.4951171875,92715,0.0,0.0
2021-02-18,4080.0,4105.0,4050.0,4080.0,4079.4912109375,97074,0.0,0.0
2021-02-19,4105.0,4105.0,4100.0,4105.0,4104.48779296875,22865,0.0,0.0
2021-02-22,4055.0,4150.0,4055.0,4055.0,4054.49462890625,175093,0.0,0.0
2021-02-23,4090.0,4095.0,4050.0,4090.0,4089.489501953125,59028,0.0,0.0
2021-02-24,4090.0,4090.0,4070.0,4090.0,4089.489501953125,46132,0.0,0.0
2021-02-25,4095.0,4100.0,4071.0,4095.0,4094.489501953125,55048,0.0,0.0
2021-02-26,4070.0,4075.0,4030.0,4070.0,4069.49267578125,236511,0.0,0.0
2021-03-01,4115.0,4115.0,4090.0,4115.0,4114.48779296875,62327,0.0,0.0
2021-03-02,4115.0,4120.0,4100.0,4115.0,4114.48779296875,330441,0.0,0.0
2021-03-03,4120.0,4125.0,4110.0,4120.0,4119.48779296875,105484,0.0,0.0
2021-03-04,4070.0,4119.0,4070.0,4070.0,4069.49267578125,503210,0.0,0.0
2021-03-05,4120.0,4120.0,4075.0,4120.0,4119.48779296875,35794,0.0,0.0
2021-03-08,4139.0,4140.0,4100.0,4139.0,4138.484375,109169,0.0,0.0
2021-03-09,4170.0,4170.0,4139.0,4170.0,4169.4794921875,47793,0.0,0.0
2021-03-10,4160.0,4169.0,4160.0,4160.0,4159.4814453125,14565,0.0,0.0
2021-03-11,4150.0,4169.0,4140.0,4150.0,4149.4833984375,33940,0.0,0.0
2021-03-12,4160.0,4168.0,4150.0,4160.0,4159.4814453125,12156,0.0,0.0
2021-03-15,4162.0,4168.0,4150.0,4162.0,4161.48095703125,40707,0.0,0.0
2021-03-16,4135.0,4155.0,4115.0,4135.0,4134.484375,152173,0.0,0.0
2021-03-17,4200.0,4200.0,4154.0,4200.0,4199.47607421875,76603,0.0,0.0
2021-03-18,4170.0,4285.0,4170.0,4170.0,4169.4794921875,56502,0.0,0.0
2021-03-19,4185.0,4205.0,4185.0,4185.0,4184.4775390625,79483,0.0,0.0
2021-03-22,4185.0,4185.0,4185.0,4185.0,4184.4775390625,0,0.0,0.0
2021-03-23,4155.0,4170.0,4150.0,4155.0,4154.48291015625,142913,0.0,0.0
2021-03-24,4200.0,4200.0,4175.0,4200.0,4199.47607421875,67091,0.0,0.0
2021-03-25,4220.0,4225.0,4190.0,4220.0,4219.47509765625,180604,0.0,0.0
2021-03-26,4280.0,4300.0,4278.0,4280.0,4279.46728515625,71854,0.0,0.0
2021-03-29,4275.0,4280.0,4265.0,4275.0,4274.4677734375,23813,0.0,0.0
2021-03-30,4304.0,4304.0,4275.0,4304.0,4303.462890625,32173,0.0,0.0
2021-03-31,4430.0,4430.0,4305.0,4430.0,4429.44775390625,93410,0.0,0.0
2021-04-01,4430.0,4430.0,4430.0,4430.0,4429.44775390625,0,0.0,0.0
2021-04-02,4430.0,4430.0,4430.0,4430.0,4429.44775390625,0,0.0,0.0
2021-04-05,4430.0,4434.0,4380.0,4430.0,4429.44775390625,656745,0.0,0.0
2021-04-06,4348.0,4370.0,4250.0,4348.0,4347.4814453125,806323,72.545616,0.0
2021-04-07,4275.0,4329.0,4275.0,4275.0,4274.490234375,67712,0.0,0.0
2021-04-08,4230.0,4290.0,4230.0,4230.0,4229.49560546875,55598,0.0,0.0
2021-04-09,4298.0,4298.0,4160.0,4298.0,4297.48681640625,64854,0.0,0.0
2021-04-12,4180.0,4277.0,4180.0,4180.0,4179.50048828125,95222,0.0,0.0
2021-04-13,4150.0,4180.0,4150.0,4150.0,4149.50537109375,29935,0.0,0.0
2021-04-14,4150.0,4180.0,4150.0,4150.0,4149.50537109375,29935,0.0,0.0
2021-04-15,4201.0,4325.0,4185.0,4201.0,4200.498046875,221719,0.0,0.0
2021-04-16,4240.0,4337.0,4175.0,4240.0,4239.494140625,389581,0.0,0.0
2021-04-19,4310.0,4330.0,4250.0,4310.0,4309.48583984375,308174,0.0,0.0
2021-04-20,4339.0,4340.0,4280.0,4339.0,4338.482421875,309863,0.0,0.0
2021-04-21,4330.0,4341.0,4330.0,4330.0,4329.48291015625,40355,0.0,0.0
2021-04-22,4235.0,4320.0,4235.0,4235.0,4234.49462890625,102181,0.0,0.0
2021-04-23,4236.0,4236.0,4235.0,4236.0,4235.49462890625,27127,0.0,0.0
2021-04-26,4239.0,4239.0,4170.0,4239.0,4238.494140625,202658,0.0,0.0
2021-04-27,4280.0,4280.0,4240.0,4280.0,4279.48974609375,53262,0.0,0.0
2021-04-28,4260.0,4295.0,4260.0,4260.0,4259.49169921875,101269,0.0,0.0
2021-04-29,4200.0,4245.0,4200.0,4200.0,4199.49853515625,260093,0.0,0.0
2021-04-30,4130.0,4200.0,4120.0,4130.0,4129.5068359375,105066,0.0,0.0
2021-05-03,4150.0,4198.0,4050.0,4150.0,4149.50537109375,206107,0.0,0.0
2021-05-04,4144.0,4145.0,4120.0,4144.0,4143.505859375,57644,0.0,0.0
2021-05-05,4140.0,4150.0,4140.0,4140.0,4139.50634765625,116171,0.0,0.0
2021-05-06,4249.0,4249.0,4135.0,4249.0,4248.49267578125,62438,0.0,0.0
2021-05-07,4269.0,4269.0,4180.0,4269.0,4268.49072265625,56194,0.0,0.0
2021-05-10,4324.0,4324.0,4245.0,4324.0,4323.4833984375,10413,0.0,0.0
2021-05-11,4249.0,4294.0,4244.0,4249.0,4248.49267578125,34081,0.0,0.0
2021-05-12,4300.0,4300.0,4250.0,4300.0,4299.48681640625,91885,0.0,0.0
2021-05-13,4275.0,4314.0,4155.0,4275.0,4274.490234375,165825,0.0,0.0
2021-05-14,4315.0,4315.0,4275.0,4315.0,4314.484375,86307,0.0,0.0
2021-05-17,4315.0,4315.0,4315.0,4315.0,4314.484375,0,0.0,0.0
2021-05-18,4280.0,4290.0,4280.0,4280.0,4279.48974609375,13207,0.0,0.0
2021-05-19,4280.0,4280.0,4280.0,4280.0,4279.48974609375,6699,0.0,0.0
2021-05-20,4280.0,4280.0,4204.0,4280.0,4279.48974609375,51582,0.0,0.0
2021-05-21,4200.0,4201.0,4125.0,4200.0,4199.49853515625,67061,0.0,0.0
2021-05-24,4200.0,4200.0,4090.0,4200.0,4199.49853515625,104357,0.0,0.0
2021-05-25,4200.0,4200.0,4050.0,4200.0,4199.49853515625,68845,0.0,0.0
2021-05-26,4146.0,4154.0,4050.0,4146.0,4145.505859375,86253,0.0,0.0
2021-05-27,3836.0,4140.0,3836.0,3836.0,3835.54248046875,1027570,0.0,0.0
2021-05-28,3966.0,4000.0,3840.0,3966.0,3965.527099609375,1129382,0.0,0.0
2021-05-31,4086.0,4086.0,3941.0,4086.0,4085.51123046875,38223,0.0,0.0
2021-06-01,4084.0,4084.0,4025.0,4084.0,4083.51123046875,88835,0.0,0.0
2021-06-02,4000.0,4085.0,4000.0,4000.0,3999.5234375,205474,0.0,0.0
2021-06-03,4000.0,4001.0,4000.0,4000.0,3999.5234375,53957,0.0,0.0
2021-06-04,4020.0,4025.0,4010.0,4020.0,4019.520263671875,22920,0.0,0.0
2021-06-07,4020.0,4020.0,4020.0,4020.0,4019.520263671875,0,0.0,0.0
2021-06-08,4025.0,4025.0,4000.0,4025.0,4024.519775390625,29975,0.0,0.0
2021-06-09,4139.0,4139.0,4055.0,4139.0,4138.50634765625,104077,0.0,0.0
2021-06-10,4154.0,4154.0,4140.0,4154.0,4153.5048828125,26653,0.0,0.0
2021-06-11,4100.0,4150.0,4091.0,4100.0,4099.509765625,99614,0.0,0.0
2021-06-14,4100.0,4100.0,4100.0,4100.0,4099.509765625,0,0.0,0.0
2021-06-15,4110.0,4130.0,4094.0,4110.0,4109.509765625,21822,0.0,0.0
2021-06-16,4085.0,4110.0,4055.0,4085.0,4084.51123046875,277492,0.0,0.0
2021-06-17,3972.0,4085.0,3900.0,3972.0,3971.526611328125,1052070,0.0,0.0
2021-06-18,3980.0,3995.0,3911.0,3980.0,3979.525390625,52549,0.0,0.0
2021-06-21,3980.0,3980.0,3970.0,3980.0,3979.525390625,34853,0.0,0.0
2021-06-22,3990.0,3990.0,3970.0,3990.0,3989.524169921875,24127,0.0,0.0
2021-06-23,4013.0,4015.0,3990.0,4013.0,4012.52099609375,57255,0.0,0.0
2021-06-24,4050.0,4055.0,4030.0,4050.0,4049.5166015625,62143,0.0,0.0
2021-06-25,4080.0,4080.0,4050.0,4080.0,4079.512939453125,85682,0.0,0.0
2021-06-28,4054.0,4055.0,4040.0,4054.0,4053.516357421875,10138,0.0,0.0
2021-06-29,4029.0,4029.0,3997.0,4029.0,4028.51904296875,36411,0.0,0.0
2021-06-30,4029.0,4029.0,4029.0,4029.0,4028.51904296875,32014,0.0,0.0
2021-07-01,4024.0,4024.0,3999.0,4024.0,4023.519775390625,34649,0.0,0.0
2021-07-02,4024.0,4024.0,3999.0,4024.0,4023.519775390625,40355,0.0,0.0
2021-07-05,4024.0,4024.0,4024.0,4024.0,4023.519775390625,0,0.0,0.0
2021-07-06,4050.0,4050.0,4021.0,4050.0,4049.531982421875,21432,47.743694,0.0
2021-07-07,4028.0,4028.0,4004.0,4028.0,4027.534423828125,19567,0.0,0.0
2021-07-08,4005.0,4005.0,3990.0,4005.0,4004.53759765625,70967,0.0,0.0
2021-07-09,4015.0,4015.0,4000.0,4015.0,4014.5361328125,36705,0.0,0.0
2021-07-12,4015.0,4015.0,4014.0,4015.0,4014.5361328125,17791,0.0,0.0
2021-07-13,3998.0,4035.0,3989.0,3998.0,3997.538818359375,45640,0.0,0.0
2021-07-14,4020.0,4020.0,4000.0,4020.0,4019.53564453125,28461,0.0,0.0
2021-07-15,4025.0,4025.0,3930.0,4025.0,4024.53515625,217563,0.0,0.0
2021-07-16,4019.0,4022.0,3997.0,4019.0,4018.53564453125,12770,0.0,0.0
2021-07-19,3900.0,3990.0,3900.0,3900.0,3899.54931640625,76019,0.0,0.0
2021-07-20,3900.0,3900.0,3900.0,3900.0,3899.54931640625,0,0.0,0.0
2021-07-21,3999.0,3999.0,3890.0,3999.0,3998.53857421875,17664,0.0,0.0
2021-07-22,3872.0,3872.0,3872.0,3872.0,3871.552978515625,7762,0.0,0.0
2021-07-23,3848.0,3858.0,3843.0,3848.0,3847.555419921875,84849,0.0,0.0
2021-07-26,3848.0,3848.0,3813.0,3848.0,3847.555419921875,56574,0.0,0.0
2021-07-27,3798.0,3820.0,3764.0,3798.0,3797.561279296875,75514,0.0,0.0
2021-07-28,3730.0,3772.0,3700.0,3730.0,3729.569580078125,159726,0.0,0.0
2021-07-29,3705.0,3800.0,3705.0,3705.0,3704.57177734375,89731,0.0,0.0
2021-07-30,3695.0,3715.0,3695.0,3695.0,3694.5732421875,53615,0.0,0.0
2021-08-02,3704.0,3704.0,3678.0,3704.0,3703.572021484375,83502,0.0,0.0
2021-08-03,3709.0,3709.0,3705.0,3709.0,3708.571533203125,10963,0.0,0.0
2021-08-04,3775.0,3800.0,3720.0,3775.0,3774.563720703125,147172,0.0,0.0
2021-08-05,3755.0,3800.0,3755.0,3755.0,3754.566162109375,49196,0.0,0.0
2021-08-06,3740.0,3740.0,3660.0,3740.0,3739.56787109375,79882,0.0,0.0
2021-08-09,3740.0,3740.0,3685.0,3740.0,3739.56787109375,22301,0.0,0.0
2021-08-10,3740.0,3740.0,3740.0,3740.0,3739.56787109375,3461,0.0,0.0
2021-08-11,3730.0,3730.0,3715.0,3730.0,3729.569580078125,23234,0.0,0.0
2021-08-12,3739.0,3740.0,3730.0,3739.0,3738.56787109375,95097,0.0,0.0
2021-08-13,3739.0,3739.0,3739.0,3739.0,3738.56787109375,5590,0.0,0.0
2021-08-16,3739.0,3739.0,3739.0,3739.0,3738.56787109375,0,0.0,0.0
2021-08-17,3715.0,3730.0,3715.0,3715.0,3714.5712890625,49297,0.0,0.0
2021-08-18,3760.0,3760.0,3705.0,3760.0,3759.56591796875,229453,0.0,0.0
2021-08-19,3840.0,3843.0,3740.0,3840.0,3839.556640625,140473,0.0,0.0
2021-08-20,3845.0,3845.0,3845.0,3845.0,3844.5556640625,22169,0.0,0.0
2021-08-23,3850.0,3860.0,3830.0,3850.0,3849.55517578125,64141,0.0,0.0
2021-08-24,3765.0,3840.0,3765.0,3765.0,3764.565185546875,91715,0.0,0.0
2021-08-25,3690.0,3761.0,3682.0,3690.0,3689.57373046875,132212,0.0,0.0
2021-08-26,3696.0,3720.0,3615.0,3696.0,3695.5732421875,302602,0.0,0.0
2021-08-27,3725.0,3725.0,3685.0,3725.0,3724.5703125,134180,0.0,0.0
2021-08-30,3739.0,3739.0,3718.0,3739.0,3738.56787109375,115391,0.0,0.0
2021-08-31,3745.0,3745.0,3739.0,3745.0,3744.567626953125,119859,0.0,0.0
2021-09-01,3730.0,3750.0,3722.0,3730.0,3729.569580078125,133074,0.0,0.0
2021-09-02,3730.0,3741.0,3725.0,3730.0,3729.569580078125,32951,0.0,0.0
2021-09-03,3765.0,3765.0,3745.0,3765.0,3764.565185546875,46602,0.0,0.0
2021-09-06,3775.0,3780.0,3775.0,3775.0,3774.563720703125,21807,0.0,0.0
2021-09-07,3755.0,3780.0,3755.0,3755.0,3754.566162109375,16718,0.0,0.0
2021-09-08,3770.0,3770.0,3765.0,3770.0,3769.56396484375,9730,0.0,0.0
2021-09-09,3765.0,3765.0,3765.0,3765.0,3764.565185546875,11425,0.0,0.0
2021-09-10,3725.0,3740.0,3725.0,3725.0,3724.5703125,33050,0.0,0.0
2021-09-13,3670.0,3735.0,3670.0,3670.0,3669.575927734375,88424,0.0,0.0
2021-09-14,3690.0,3690.0,3675.0,3690.0,3689.57373046875,23416,0.0,0.0
2021-09-15,3680.0,3690.0,3680.0,3680.0,3679.5751953125,47808,0.0,0.0
2021-09-16,3597.0,3670.0,3590.0,3597.0,3596.584716796875,226388,0.0,0.0
2021-09-17,3630.0,3630.0,3600.0,3630.0,3629.580810546875,124131,0.0,0.0
2021-09-20,3622.0,3800.0,3606.0,3622.0,3621.58154296875,255699,0.0,0.0
2021-09-21,3580.0,3635.0,3580.0,3580.0,3579.586669921875,153693,0.0,0.0
2021-09-22,3600.0,3610.0,3585.0,3600.0,3599.58447265625,153446,0.0,0.0
2021-09-23,3625.0,3700.0,3600.0,3625.0,3624.581298828125,79980,0.0,0.0
2021-09-24,3677.0,3677.0,3620.0,3677.0,3676.575439453125,83859,0.0,0.0
2021-09-27,3700.0,3700.0,3665.0,3700.0,3699.57275390625,33182,0.0,0.0
2021-09-28,3760.0,3760.0,3705.0,3760.0,3759.56591796875,32349,0.0,0.0
2021-09-29,3800.0,3800.0,3758.0,3800.0,3799.561279296875,73544,0.0,0.0
2021-09-30,3770.0,3775.0,3750.0,3770.0,3769.56396484375,102931,0.0,0.0
2021-10-01,3839.0,3840.0,3805.0,3839.0,3838.556640625,56712,0.0,0.0
2021-10-04,3940.0,3980.0,3845.0,3940.0,3939.54541015625,158873,0.0,0.0
2021-10-05,3910.0,3960.0,3899.0,3910.0,3909.5634765625,131648,47.743694,0.0
2021-10-06,3900.0,3900.0,3900.0,3900.0,3899.564697265625,84457,0.0,0.0
2021-10-07,3850.0,3885.0,3850.0,3850.0,3849.5703125,88130,0.0,0.0
2021-10-08,3870.0,3870.0,3840.0,3870.0,3869.568603515625,22147,0.0,0.0
2021-10-11,3830.0,3890.0,3830.0,3830.0,3829.572509765625,61928,0.0,0.0
2021-10-12,3816.0,3845.0,3816.0,3816.0,3815.57421875,53552,0.0,0.0
2021-10-13,3805.0,3830.0,3805.0,3805.0,3804.5751953125,101418,0.0,0.0
2021-10-14,3811.0,3845.0,3805.0,3811.0,3810.574951171875,126338,0.0,0.0
2021-10-15,3820.0,3820.0,3805.0,3820.0,3819.573486328125,29102,0.0,0.0
2021-10-18,3820.0,3820.0,3820.0,3820.0,3819.573486328125,0,0.0,0.0
2021-10-19,3850.0,3855.0,3835.0,3850.0,3849.5703125,38420,0.0,0.0
2021-10-20,3885.0,3885.0,3875.0,3885.0,3884.566650390625,21997,0.0,0.0
2021-10-21,3885.0,3885.0,3885.0,3885.0,3884.566650390625,1887,0.0,0.0
2021-10-22,3954.0,4000.0,3900.0,3954.0,3953.55810546875,152587,0.0,0.0
2021-10-25,3964.0,3965.0,3950.0,3964.0,3963.55810546875,61877,0.0,0.0
2021-10-26,4010.0,4010.0,3966.0,4010.0,4009.552734375,294280,0.0,0.0
2021-10-27,3995.0,4071.0,3995.0,3995.0,3994.5546875,57690,0.0,0.0
2021-10-28,4030.0,4054.0,3995.0,4030.0,4029.5498046875,114001,0.0,0.0
2021-10-29,4025.0,4030.0,4011.0,4025.0,4024.551025390625,14804,0.0,0.0
2021-11-01,4025.0,4025.0,4025.0,4025.0,4024.551025390625,0,0.0,0.0
2021-11-02,4001.0,4021.0,4001.0,4001.0,4000.553955078125,37564,0.0,0.0
2021-11-03,4000.0,4001.0,4000.0,4000.0,3999.55419921875,64036,0.0,0.0
2021-11-04,4000.0,4025.0,4000.0,4000.0,3999.55419921875,53477,0.0,0.0
2021-11-05,3995.0,3995.0,3995.0,3995.0,3994.5546875,5546,0.0,0.0
2021-11-08,4060.0,4085.0,3995.0,4060.0,4059.54638671875,82683,0.0,0.0
2021-11-09,3942.0,4060.0,3942.0,3942.0,3941.560302734375,246891,0.0,0.0
2021-11-10,3928.0,4000.0,3920.0,3928.0,3927.5615234375,101812,0.0,0.0
2021-11-11,3920.0,4000.0,3920.0,3920.0,3919.562255859375,64802,0.0,0.0
2021-11-12,3741.0,3900.0,3555.0,3741.0,3740.58251953125,478239,0.0,0.0
2021-11-15,3741.0,3741.0,3741.0,3741.0,3740.58251953125,0,0.0,0.0
2021-11-16,3820.0,3890.0,3760.0,3820.0,3819.573486328125,236565,0.0,0.0
2021-11-17,3780.0,3890.0,3780.0,3780.0,3779.578369140625,120038,0.0,0.0
2021-11-18,3780.0,3789.0,3650.0,3780.0,3779.578369140625,376030,0.0,0.0
2021-11-19,3580.0,3771.0,3500.0,3580.0,3579.600830078125,1410892,0.0,0.0
2021-11-22,3570.0,3590.0,3525.0,3570.0,3569.60205078125,325227,0.0,0.0
2021-11-23,3661.0,3664.0,3545.0,3661.0,3660.591552734375,144564,0.0,0.0
2021-11-24,3720.0,3750.0,3685.0,3720.0,3719.585205078125,316556,0.0,0.0
2021-11-25,3799.0,3799.0,3729.0,3799.0,3798.576171875,141700,0.0,0.0
2021-11-26,3699.0,3800.0,3545.0,3699.0,3698.587646484375,507949,0.0,0.0
2021-11-29,3780.0,3780.0,3655.0,3780.0,3779.578369140625,313814,0.0,0.0
2021-11-30,3690.0,3780.0,3690.0,3690.0,3689.588134765625,131492,0.0,0.0
2021-12-01,3670.0,3700.0,3610.0,3670.0,3669.59033203125,386228,0.0,0.0
2021-12-02,3651.0,3670.0,3640.0,3651.0,3650.59228515625,69622,0.0,0.0
2021-12-03,3654.0,3699.0,3654.0,3654.0,3653.59228515625,143967,0.0,0.0
2021-12-06,3650.0,3675.0,3640.0,3650.0,3649.592529296875,82675,0.0,0.0
2021-12-07,3665.0,3665.0,3635.0,3665.0,3664.591064453125,90065,0.0,0.0
2021-12-08,3665.0,3665.0,3665.0,3665.0,3664.591064453125,0,0.0,0.0
2021-12-09,3656.0,3670.0,3650.0,3656.0,3655.592041015625,109652,0.0,0.0
2021-12-10,3660.0,3665.0,3660.0,3660.0,3659.591552734375,36909,0.0,0.0
2021-12-13,3660.0,3670.0,3655.0,3660.0,3659.591552734375,44443,0.0,0.0
2021-12-14,3650.0,3685.0,3650.0,3650.0,3649.592529296875,61618,0.0,0.0
2021-12-15,3650.0,3670.0,3650.0,3650.0,3649.592529296875,17658,0.0,0.0
2021-12-16,3679.0,3680.0,3650.0,3679.0,3678.58984375,26750,0.0,0.0
2021-12-17,3640.0,3679.0,3600.0,3640.0,3639.59375,88753,0.0,0.0
2021-12-20,3600.0,3635.0,3600.0,3600.0,3599.5986328125,164012,0.0,0.0
2021-12-21,3550.0,3600.0,3550.0,3550.0,3549.604248046875,80753,0.0,0.0
2021-12-22,3575.0,3575.0,3525.0,3575.0,3574.601318359375,60510,0.0,0.0
2021-12-23,3600.0,3600.0,3580.0,3600.0,3599.5986328125,20568,0.0,0.0
2021-12-24,3600.0,3600.0,3600.0,3600.0,3599.5986328125,1668,0.0,0.0
2021-12-27,3620.0,3620.0,3600.0,3620.0,3619.595947265625,15696,0.0,0.0
2021-12-28,3620.0,3620.0,3620.0,3620.0,3619.595947265625,16329,0.0,0.0
2021-12-29,3630.0,3630.0,3630.0,3630.0,3629.594970703125,9775,0.0,0.0
2021-12-30,3635.0,3650.0,3630.0,3635.0,3634.59423828125,39188,0.0,0.0
2021-12-31,3635.0,3635.0,3635.0,3635.0,3634.59423828125,0,0.0,0.0
2022-01-03,3660.0,3660.0,3660.0,3660.0,3659.591552734375,15466,0.0,0.0
2022-01-04,3699.0,3699.0,3660.0,3699.0,3698.587646484375,14551,0.0,0.0
2022-01-05,3665.0,3695.0,3665.0,3665.0,3664.591064453125,38086,0.0,0.0
2022-01-06,3565.0,3660.0,3551.0,3565.0,3564.60205078125,79146,0.0,0.0
2022-01-07,3570.0,3600.0,3570.0,3570.0,3569.60205078125,24619,0.0,0.0
2022-01-10,3570.0,3570.0,3570.0,3570.0,3569.60205078125,0,0.0,0.0
2022-01-11,3600.0,3600.0,3575.0,3600.0,3599.5986328125,24656,0.0,0.0
2022-01-12,3600.0,3625.0,3600.0,3600.0,3599.5986328125,59201,0.0,0.0
2022-01-13,3605.0,3630.0,3605.0,3605.0,3604.59765625,142790,0.0,0.0
2022-01-14,3605.0,3608.0,3586.0,3605.0,3604.613037109375,111014,47.743694,0.0
2022-01-17,3605.0,3605.0,3605.0,3605.0,3604.613037109375,0,0.0,0.0
2022-01-18,3605.0,3605.0,3605.0,3605.0,3604.613037109375,0,0.0,0.0
2022-01-19,3605.0,3605.0,3605.0,3605.0,3604.613037109375,0,0.0,0.0
2022-01-20,3850.0,3860.0,3810.0,3850.0,3849.5869140625,290039,0.0,0.0
2022-01-21,3790.0,3790.0,3750.0,3790.0,3789.593017578125,117639,0.0,0.0
2022-01-24,3785.0,3790.0,3760.0,3785.0,3784.593994140625,41469,0.0,0.0
2022-01-25,3790.0,3791.0,3765.0,3790.0,3789.593017578125,52978,0.0,0.0
2022-01-26,3775.0,3780.0,3740.0,3775.0,3774.5947265625,243389,0.0,0.0
2022-01-27,3790.0,3790.0,3750.0,3790.0,3789.593017578125,65503,0.0,0.0
2022-01-28,3760.0,3780.0,3701.0,3760.0,3759.596923828125,146252,0.0,0.0
2022-01-31,3750.0,3760.0,3750.0,3750.0,3749.597900390625,23483,0.0,0.0
2022-02-01,3725.0,3780.0,3720.0,3725.0,3724.600830078125,103002,0.0,0.0
2022-02-02,3675.0,3725.0,3675.0,3675.0,3674.605712890625,84851,0.0,0.0
2022-02-03,3727.0,3750.0,3723.0,3727.0,3726.6005859375,80461,0.0,0.0
2022-02-04,3700.0,3724.0,3700.0,3700.0,3699.603271484375,61113,0.0,0.0
2022-02-07,3709.0,3709.0,3690.0,3709.0,3708.60205078125,35117,0.0,0.0
2022-02-08,3680.0,3720.0,3680.0,3680.0,3679.60546875,99225,0.0,0.0
2022-02-09,3610.0,3690.0,3600.0,3610.0,3609.6123046875,338837,0.0,0.0
2022-02-10,3540.0,3612.0,3535.0,3540.0,3539.620361328125,232086,0.0,0.0
2022-02-11,3570.0,3600.0,3460.0,3570.0,3569.617431640625,417689,0.0,0.0
2022-02-14,3500.0,3600.0,3480.0,3500.0,3499.6240234375,465945,0.0,0.0
2022-02-15,3500.0,3530.0,3500.0,3500.0,3499.6240234375,211952,0.0,0.0
2022-02-16,3520.0,3520.0,3500.0,3520.0,3519.623046875,197400,0.0,0.0
2022-02-17,3500.0,3525.0,3500.0,3500.0,3499.6240234375,122269,0.0,0.0
2022-02-18,3550.0,3550.0,3500.0,3550.0,3549.619384765625,500674,0.0,0.0
2022-02-21,3581.0,3581.0,3510.0,3581.0,3580.6162109375,152994,0.0,0.0
2022-02-22,3561.0,3605.0,3550.0,3561.0,3560.617919921875,75680,0.0,0.0
2022-02-23,3615.0,3615.0,3560.0,3615.0,3614.612060546875,368627,0.0,0.0
2022-02-24,3620.0,3689.0,3550.0,3620.0,3619.611572265625,198934,0.0,0.0
2022-02-25,3650.0,3650.0,3600.0,3650.0,3649.608154296875,71343,0.0,0.0
2022-02-28,3620.0,3620.0,3575.0,3620.0,3619.611572265625,1412241,0.0,0.0
2022-03-01,3580.0,3615.0,3580.0,3580.0,3579.6162109375,97407,0.0,0.0
2022-03-02,3520.0,3571.0,3498.0,3520.0,3519.623046875,203240,0.0,0.0
2022-03-03,3520.0,3658.0,3515.0,3520.0,3519.623046875,301170,0.0,0.0
2022-03-04,3519.0,3525.0,3500.0,3519.0,3518.623046875,237570,0.0,0.0
2022-03-07,3500.0,3520.0,3499.0,3500.0,3499.6240234375,498962,0.0,0.0
2022-03-08,3517.0,3539.0,3516.0,3517.0,3516.623291015625,227130,0.0,0.0
2022-03-09,3495.0,3500.0,3495.0,3495.0,3494.624755859375,206383,0.0,0.0
2022-03-10,3430.0,3430.0,3430.0,3430.0,3429.631591796875,566810275,0.0,0.0
2022-03-11,3430.0,3465.0,3410.0,3430.0,3429.631591796875,164464,0.0,0.0
2022-03-14,3412.0,3510.0,3360.0,3412.0,3411.63427734375,146164,0.0,0.0
2022-03-15,3365.0,3390.0,3365.0,3365.0,3364.638671875,117833,0.0,0.0
2022-03-16,3365.0,3375.0,3365.0,3365.0,3364.638671875,29996,0.0,0.0
2022-03-17,3382.0,3385.0,3361.0,3382.0,3381.637451171875,63594,0.0,0.0
2022-03-18,3375.0,3390.0,3355.0,3375.0,3374.638427734375,33055,0.0,0.0
2022-03-21,3375.0,3375.0,3375.0,3375.0,3374.638427734375,0,0.0,0.0
2022-03-22,3373.0,3404.0,3355.0,3373.0,3372.638427734375,144082,0.0,0.0
2022-03-23,3390.0,3390.0,3373.0,3390.0,3389.636474609375,19907,0.0,0.0
2022-03-24,3390.0,3390.0,3371.0,3390.0,3389.636474609375,87043,0.0,0.0
2022-03-25,3400.0,3400.0,3390.0,3400.0,3399.63525390625,56621,0.0,0.0
2022-03-28,3390.0,3400.0,3386.0,3390.0,3389.636474609375,39821,0.0,0.0
2022-03-29,3410.0,3415.0,3400.0,3410.0,3409.63427734375,31796,0.0,0.0
2022-03-30,3410.0,3415.0,3400.0,3410.0,3409.63427734375,31796,0.0,0.0
2022-03-31,3442.0,3442.0,3426.0,3442.0,3441.630615234375,60840,0.0,0.0
2022-04-01,3442.0,3442.0,3442.0,3442.0,3441.630615234375,6414,0.0,0.0
2022-04-04,3442.0,3442.0,3442.0,3442.0,3441.630615234375,0,0.0,0.0
2022-04-05,3423.0,3423.0,3390.0,3423.0,3422.632568359375,89049,0.0,0.0
2022-04-06,3351.0,3420.0,3351.0,3351.0,3350.640380859375,144562,0.0,0.0
2022-04-07,3410.0,3420.0,3351.0,3410.0,3409.63427734375,110336,0.0,0.0
2022-04-08,3395.0,3425.0,3390.0,3395.0,3394.6357421875,103450,0.0,0.0
2022-04-11,3370.0,3395.0,3365.0,3370.0,3369.66455078125,138247,81.22629,0.0
2022-04-12,3345.0,3372.0,3340.0,3345.0,3344.6669921875,175039,0.0,0.0
2022-04-13,3340.0,3348.0,3340.0,3340.0,3339.667236328125,40142,0.0,0.0
2022-04-14,3340.0,3340.0,3340.0,3340.0,3339.667236328125,0,0.0,0.0
2022-04-15,3340.0,3340.0,3340.0,3340.0,3339.667236328125,0,0.0,0.0
2022-04-18,3369.0,3369.0,3309.0,3369.0,3368.66455078125,89546,0.0,0.0
2022-04-19,3350.0,3350.0,3345.0,3350.0,3349.666259765625,36405,0.0,0.0
2022-04-20,3355.0,3355.0,3345.0,3355.0,3354.66552734375,270432,0.0,0.0
2022-04-21,3340.0,3360.0,3340.0,3340.0,3339.667236328125,179724,0.0,0.0
2022-04-22,3364.0,3364.0,3300.0,3364.0,3363.6650390625,288247,0.0,0.0
2022-04-25,3325.0,3340.0,3325.0,3325.0,3324.66845703125,45184,0.0,0.0
2022-04-26,3250.0,3325.0,3230.0,3250.0,3249.676513671875,202557,0.0,0.0
2022-04-27,3235.0,3314.0,3225.0,3235.0,3234.677734375,80131,0.0,0.0
2022-04-28,3215.0,3235.0,3210.0,3215.0,3214.6796875,90544,0.0,0.0
2022-04-29,3215.0,3235.0,3210.0,3215.0,3214.6796875,90544,0.0,0.0
2022-05-02,3120.0,3250.0,3120.0,3120.0,3119.689208984375,206165,0.0,0.0
2022-05-03,3000.0,3154.0,3000.0,3000.0,2999.701171875,452164,0.0,0.0
2022-05-04,3102.0,3102.0,3024.0,3102.0,3101.691162109375,208696,0.0,0.0
2022-05-05,3075.0,3102.0,3075.0,3075.0,3074.693115234375,207880,0.0,0.0
2022-05-06,3035.0,3075.0,3035.0,3035.0,3034.697998046875,165014,0.0,0.0
2022-05-09,3035.0,3035.0,2970.0,3035.0,3034.697998046875,221434,0.0,0.0
2022-05-10,2980.0,3030.0,2950.0,2980.0,2979.70361328125,61966,0.0,0.0
2022-05-11,2920.0,2965.0,2920.0,2920.0,2919.708984375,89514,0.0,0.0
2022-05-12,2920.0,2930.0,2918.0,2920.0,2919.708984375,43396,0.0,0.0
2022-05-13,2854.0,2930.0,2854.0,2854.0,2853.715576171875,62716,0.0,0.0
2022-05-16,2880.0,2890.0,2829.0,2880.0,2879.71337890625,163541,0.0,0.0
2022-05-17,2800.0,2900.0,2800.0,2800.0,2799.72119140625,211812,0.0,0.0
2022-05-18,2745.0,2807.0,2745.0,2745.0,2744.726318359375,130479,0.0,0.0
2022-05-19,2667.0,2725.0,2667.0,2667.0,2666.734375,221764,0.0,0.0
2022-05-20,2680.0,2700.0,2672.0,2680.0,2679.733154296875,46156,0.0,0.0
2022-05-23,2695.0,2700.0,2679.0,2695.0,2694.7314453125,53396,0.0,0.0
2022-05-24,2715.0,2715.0,2715.0,2715.0,2714.729736328125,16934,0.0,0.0
2022-05-25,2690.0,2700.0,2690.0,2690.0,2689.732177734375,26417,0.0,0.0
2022-05-26,2710.0,2710.0,2680.0,2710.0,2709.72998046875,98355,0.0,0.0
2022-05-27,2681.0,2681.0,2640.0,2681.0,2680.732666015625,95504,0.0,0.0
2022-05-30,2681.0,2681.0,2681.0,2681.0,2680.732666015625,0,0.0,0.0
2022-05-31,2903.0,2903.0,2750.0,2903.0,2902.7109375,709162,0.0,0.0
2022-06-01,2938.0,2938.0,2900.0,2938.0,2937.70751953125,104667,0.0,0.0
2022-06-02,3149.0,3149.0,2950.0,3149.0,3148.6865234375,1491228,0.0,0.0
2022-06-03,3139.0,3145.0,3080.0,3139.0,3138.6875,1089502,0.0,0.0
2022-06-06,3105.0,3125.0,3095.0,3105.0,3104.690673828125,129345,0.0,0.0
2022-06-07,3045.0,3105.0,3045.0,3045.0,3044.696044921875,70650,0.0,0.0
2022-06-08,3040.0,3040.0,3010.0,3040.0,3039.69677734375,66308,0.0,0.0
2022-06-09,2945.0,3030.0,2945.0,2945.0,2944.706298828125,179853,0.0,0.0
2022-06-10,2930.0,2980.0,2870.0,2930.0,2929.70849609375,255366,0.0,0.0
2022-06-13,2885.0,2920.0,2885.0,2885.0,2884.71240234375,45156,0.0,0.0
2022-06-14,2850.0,2870.0,2850.0,2850.0,2849.716552734375,140580,0.0,0.0
2022-06-15,2790.0,2825.0,2790.0,2790.0,2789.72265625,83841,0.0,0.0
2022-06-16,2815.0,2815.0,2790.0,2815.0,2814.7197265625,58606,0.0,0.0
2022-06-17,2805.0,2805.0,2770.0,2805.0,2804.720947265625,34676,0.0,0.0
2022-06-20,2805.0,2805.0,2805.0,2805.0,2804.720947265625,0,0.0,0.0
2022-06-21,2600.0,2601.0,2586.0,2600.0,2599.74072265625,322199,0.0,0.0
2022-06-22,2490.0,2600.0,2490.0,2490.0,2489.751953125,260732,0.0,0.0
2022-06-23,2380.0,2480.0,2375.0,2380.0,2379.7626953125,178028,0.0,0.0
2022-06-24,2410.0,2415.0,2380.0,2410.0,2409.760498046875,89305,0.0,0.0
2022-06-27,2410.0,2410.0,2410.0,2410.0,2409.760498046875,0,0.0,0.0
2022-06-28,2410.0,2410.0,2410.0,2410.0,2409.760498046875,0,0.0,0.0
2022-06-29,2410.0,2410.0,2410.0,2410.0,2409.760498046875,0,0.0,0.0
2022-06-30,2360.0,2362.0,2360.0,2360.0,2359.76513671875,28740,0.0,0.0
2022-07-01,2310.0,2360.0,2290.0,2310.0,2309.769775390625,171762,0.0,0.0
2022-07-04,2310.0,2310.0,2310.0,2310.0,2309.769775390625,0,0.0,0.0
2022-07-05,2480.0,2480.0,2319.0,2480.0,2479.753173828125,12135,0.0,0.0
2022-07-06,2480.0,2480.0,2319.0,2480.0,2479.753173828125,12135,0.0,0.0
2022-07-07,2390.0,2400.0,2370.0,2390.0,2389.76171875,133429,0.0,0.0
2022-07-08,2171.0,2404.0,2171.0,2171.0,2170.783447265625,135549,0.0,0.0
2022-07-11,2370.0,2370.0,2225.0,2370.0,2369.76416015625,253189,0.0,0.0
2022-07-12,2340.0,2375.0,2335.0,2340.0,2339.766845703125,105778,0.0,0.0
2022-07-13,2340.0,2340.0,2340.0,2340.0,2339.766845703125,26033,0.0,0.0
2022-07-14,2285.0,2335.0,2285.0,2285.0,2284.772705078125,127060,0.0,0.0
2022-07-15,2230.0,2265.0,2230.0,2230.0,2229.7939453125,59826,50.22389,0.0
2022-07-18,2200.0,2210.0,2195.0,2200.0,2199.79638671875,151630,0.0,0.0
2022-07-19,2180.0,2200.0,2180.0,2180.0,2179.79833984375,22072,0.0,0.0
2022-07-20,2180.0,2180.0,2180.0,2180.0,2179.79833984375,0,0.0,0.0
2022-07-21,2170.0,2180.0,2170.0,2170.0,2169.799072265625,51283,0.0,0.0
2022-07-22,2125.0,2145.0,2125.0,2125.0,2124.80322265625,62177,0.0,0.0
2022-07-25,2050.0,2100.0,2036.0,2050.0,2049.81005859375,203483,0.0,0.0
2022-07-26,2010.0,2035.0,1998.0,2010.0,2009.814208984375,182805,0.0,0.0
2022-07-27,2149.0,2149.0,2000.0,2149.0,2148.80126953125,386119,0.0,0.0
2022-07-28,2230.0,2230.0,2114.0,2230.0,2229.7939453125,255699,0.0,0.0
2022-07-29,2200.0,2230.0,2200.0,2200.0,2199.79638671875,51315,0.0,0.0
2022-08-01,2155.0,2190.0,2155.0,2155.0,2154.801025390625,44179,0.0,0.0
2022-08-02,2115.0,2154.0,2100.0,2115.0,2114.804443359375,67923,0.0,0.0
2022-08-03,2060.0,2120.0,2060.0,2060.0,2059.81005859375,94183,0.0,0.0
2022-08-04,2020.0,2050.0,2020.0,2020.0,2019.8131103515625,132576,0.0,0.0
2022-08-05,2100.0,2100.0,2005.0,2100.0,2099.8056640625,238654,0.0,0.0
2022-08-08,2099.0,2100.0,2064.0,2099.0,2098.8056640625,168453,0.0,0.0
2022-08-09,2064.0,2074.0,2064.0,2064.0,2063.80908203125,43072,0.0,0.0
2022-08-10,2021.0,2045.0,2020.0,2021.0,2020.81298828125,53741,0.0,0.0
2022-08-11,2010.0,2030.0,2010.0,2010.0,2009.814208984375,45256,0.0,0.0
2022-08-12,1960.0,2010.0,1960.0,1960.0,1959.8184814453125,214673,0.0,0.0
2022-08-15,1960.0,1960.0,1960.0,1960.0,1959.8184814453125,0,0.0,0.0
2022-08-16,1960.0,1960.0,1960.0,1960.0,1959.8184814453125,0,0.0,0.0
2022-08-17,1820.0,1876.0,1813.0,1820.0,1819.8316650390625,364287,0.0,0.0
2022-08-18,1925.0,1955.0,1900.0,1925.0,1924.8218994140625,176288,0.0,0.0
2022-08-19,1915.0,1925.0,1850.0,1915.0,1914.82275390625,79996,0.0,0.0
2022-08-22,1895.0,1900.0,1890.0,1895.0,1894.824462890625,95513,0.0,0.0
2022-08-23,1880.0,1915.0,1880.0,1880.0,1879.826171875,88302,0.0,0.0
2022-08-24,1885.0,1885.0,1880.0,1885.0,1884.825439453125,59302,0.0,0.0
2022-08-25,1885.0,1885.0,1850.0,1885.0,1884.825439453125,162107,0.0,0.0
2022-08-26,1960.0,1975.0,1885.0,1960.0,1959.8184814453125,187528,0.0,0.0
2022-08-29,1970.0,1975.0,1970.0,1970.0,1969.81787109375,31197,0.0,0.0
2022-08-30,1940.0,1974.0,1940.0,1940.0,1939.8206787109375,94618,0.0,0.0
2022-08-31,2080.0,2080.0,1880.0,2080.0,2079.8076171875,146669,0.0,0.0
2022-09-01,1948.0,1950.0,1925.0,1948.0,1947.81982421875,65514,0.0,0.0
2022-09-02,1970.0,1970.0,1925.0,1970.0,1969.81787109375,94138,0.0,0.0
2022-09-05,1945.0,1950.0,1940.0,1945.0,1944.820068359375,46235,0.0,0.0
2022-09-06,1955.0,1955.0,1935.0,1955.0,1954.819091796875,30470,0.0,0.0
2022-09-07,1930.0,1930.0,1930.0,1930.0,1929.821533203125,34315,0.0,0.0
2022-09-08,1920.0,1930.0,1920.0,1920.0,1919.822509765625,32337,0.0,0.0
2022-09-09,1920.0,1920.0,1896.0,1920.0,1919.822509765625,14866,0.0,0.0
2022-09-12,1920.0,1920.0,1920.0,1920.0,1919.822509765625,1186,0.0,0.0
2022-09-13,1920.0,1920.0,1920.0,1920.0,1919.822509765625,6099,0.0,0.0
2022-09-14,1910.0,1910.0,1910.0,1910.0,1909.8231201171875,15570,0.0,0.0
2022-09-15,1885.0,1915.0,1885.0,1885.0,1884.825439453125,91551,0.0,0.0
2022-09-16,1890.0,1890.0,1890.0,1890.0,1889.8251953125,32676,0.0,0.0
2022-09-19,1877.0,1890.0,1870.0,1877.0,1876.8265380859375,55462,0.0,0.0
2022-09-20,1850.0,1877.0,1850.0,1850.0,1849.8289794921875,28248,0.0,0.0
2022-09-21,1878.0,1878.0,1878.0,1878.0,1877.8262939453125,25785,0.0,0.0
2022-09-22,1878.0,1878.0,1878.0,1878.0,1877.8262939453125,12567,0.0,0.0
2022-09-23,1850.0,1850.0,1850.0,1850.0,1849.8289794921875,16364,0.0,0.0
2022-09-26,1845.0,1855.0,1845.0,1845.0,1844.8292236328125,90165,0.0,0.0
2022-09-27,1845.0,1845.0,1845.0,1845.0,1844.8292236328125,47668,0.0,0.0
2022-09-28,1845.0,1845.0,1825.0,1845.0,1844.8292236328125,54245,0.0,0.0
2022-09-29,1795.0,1825.0,1785.0,1795.0,1794.8341064453125,197910,0.0,0.0
2022-09-30,1795.0,1795.0,1795.0,1795.0,1794.8341064453125,5265,0.0,0.0
2022-10-03,1775.0,1795.0,1770.0,1775.0,1774.8359375,37463,0.0,0.0
2022-10-04,1825.0,1825.0,1775.0,1825.0,1824.8310546875,70868,0.0,0.0
2022-10-05,1820.0,1820.0,1805.0,1820.0,1819.8316650390625,31688,0.0,0.0
2022-10-06,1819.0,1820.0,1800.0,1819.0,1818.831787109375,39527,0.0,0.0
2022-10-07,1800.0,1805.0,1800.0,1800.0,1799.8336181640625,44109,0.0,0.0
2022-10-10,1815.0,1815.0,1790.0,1815.0,1814.83203125,32606,0.0,0.0
2022-10-11,1815.0,1815.0,1815.0,1815.0,1814.83203125,15989,0.0,0.0
2022-10-12,1810.0,1820.0,1785.0,1810.0,1809.83251953125,67032,0.0,0.0
2022-10-13,1810.0,1810.0,1810.0,1810.0,1809.8487548828125,12094,50.22389,0.0
2022-10-14,1775.0,1790.0,1775.0,1775.0,1774.851806640625,63876,0.0,0.0
2022-10-17,1775.0,1775.0,1775.0,1775.0,1774.851806640625,0,0.0,0.0
2022-10-18,1725.0,1750.0,1725.0,1725.0,1724.85595703125,46815,0.0,0.0
2022-10-19,1750.0,1750.0,1750.0,1750.0,1749.853515625,54677,0.0,0.0
2022-10-20,1750.0,1750.0,1750.0,1750.0,1749.853515625,54677,0.0,0.0
2022-10-21,1725.0,1725.0,1720.0,1725.0,1724.85595703125,29813,0.0,0.0
2022-10-24,1693.0,1720.0,1693.0,1693.0,1692.858642578125,55814,0.0,0.0
2022-10-25,1690.0,1690.0,1665.0,1690.0,1689.8590087890625,115909,0.0,0.0
2022-10-26,1680.0,1700.0,1670.0,1680.0,1679.8594970703125,107708,0.0,0.0
2022-10-27,1660.0,1665.0,1660.0,1660.0,1659.8612060546875,37408,0.0,0.0
2022-10-28,1667.0,1667.0,1667.0,1667.0,1666.8604736328125,32432,0.0,0.0
2022-10-31,1680.0,1685.0,1667.0,1680.0,1679.8594970703125,116579,0.0,0.0
2022-11-01,1670.0,1675.0,1660.0,1670.0,1669.8603515625,231325,0.0,0.0
2022-11-02,1669.0,1670.0,1665.0,1669.0,1668.8604736328125,45622,0.0,0.0
2022-11-03,1640.0,1655.0,1640.0,1640.0,1639.8631591796875,58981,0.0,0.0
2022-11-04,1715.0,1715.0,1650.0,1715.0,1714.8565673828125,296035,0.0,0.0
2022-11-07,1715.0,1715.0,1715.0,1715.0,1714.8565673828125,0,0.0,0.0
2022-11-08,1695.0,1700.0,1695.0,1695.0,1694.8583984375,52221,0.0,0.0
2022-11-09,1695.0,1695.0,1695.0,1695.0,1694.8583984375,4393,0.0,0.0
2022-11-10,1710.0,1715.0,1691.0,1710.0,1709.85693359375,81482,0.0,0.0
2022-11-11,1720.0,1720.0,1650.0,1720.0,1719.856201171875,116327,0.0,0.0
2022-11-14,1720.0,1720.0,1720.0,1720.0,1719.856201171875,0,0.0,0.0
2022-11-15,1750.0,1750.0,1675.0,1750.0,1749.853515625,114540,0.0,0.0
2022-11-16,1750.0,1800.0,1750.0,1750.0,1749.853515625,45957,0.0,0.0
2022-11-17,1758.0,1758.0,1750.0,1758.0,1757.8533935546875,29621,0.0,0.0
2022-11-18,1758.0,1758.0,1758.0,1758.0,1757.8533935546875,4600,0.0,0.0
2022-11-21,1800.0,1800.0,1766.0,1800.0,1799.8497314453125,50412,0.0,0.0
2022-11-22,1800.0,1800.0,1766.0,1800.0,1799.8497314453125,50412,0.0,0.0
2022-11-23,1800.0,1800.0,1800.0,1800.0,1799.8497314453125,25642355,0.0,0.0
2022-11-24,1800.0,1800.0,1800.0,1800.0,1799.8497314453125,0,0.0,0.0
2022-11-25,1800.0,1800.0,1800.0,1800.0,1799.8497314453125,0,0.0,0.0
2022-11-28,1821.0,1821.0,1800.0,1800.0,1799.8497314453125,51663,0.0,0.0
2022-11-29,1801.0,1887.0,1760.0,1887.0,1886.8421630859375,153803,0.0,0.0
2022-11-30,1730.0,1731.0,1710.0,1710.0,1709.85693359375,544430,0.0,0.0
2022-12-01,1760.0,1760.0,1721.0,1723.0,1722.85595703125,242604,0.0,0.0
2022-12-02,1838.0,1838.0,1838.0,1838.0,1837.8465576171875,14050,0.0,0.0
2022-12-05,1800.0,1800.0,1800.0,1800.0,1799.8497314453125,13312,0.0,0.0
2022-12-06,1800.0,1800.0,1800.0,1800.0,1799.8497314453125,38060,0.0,0.0
2022-12-07,1838.0,1838.0,1838.0,1838.0,1837.8465576171875,72625,0.0,0.0
2022-12-08,1838.0,1838.0,1838.0,1838.0,1837.8465576171875,0,0.0,0.0
2022-12-09,1780.0,1800.0,1735.0,1800.0,1799.8497314453125,56674,0.0,0.0
2022-12-12,1823.3199462890625,1823.3199462890625,1823.3199462890625,1823.3199462890625,1823.16748046875,4680,0.0,0.0
2022-12-13,1845.0,1850.0,1845.0,1850.0,1849.845458984375,52311,0.0,0.0
2022-12-14,1801.0,1801.0,1800.0,1800.0,1799.8497314453125,41834,0.0,0.0
2022-12-15,1800.0,1800.0,1740.0,1740.0,1739.8544921875,23252,0.0,0.0
2022-12-16,1755.0,1800.0,1755.0,1800.0,1799.8497314453125,59551,0.0,0.0
2022-12-19,1800.0,1800.0,1700.0,1700.0,1699.8580322265625,44832,0.0,0.0
2022-12-20,1751.0,1760.0,1751.0,1751.0,1750.853515625,26567,0.0,0.0
2022-12-21,1751.0,1790.0,1751.0,1790.0,1789.8505859375,70451,0.0,0.0
2022-12-22,1800.0,1800.0,1800.0,1800.0,1799.8497314453125,15805,0.0,0.0
2022-12-23,1735.0,1760.0,1735.0,1760.0,1759.853271484375,37518,0.0,0.0
2022-12-26,1820.0,1820.0,1820.0,1820.0,1819.847900390625,30481,0.0,0.0
2022-12-27,1800.0,1820.0,1800.0,1820.0,1819.847900390625,18365,0.0,0.0
2022-12-28,1820.0,1820.0,1820.0,1820.0,1819.847900390625,7140,0.0,0.0
2022-12-29,1840.0,1850.0,1840.0,1850.0,1849.845458984375,40824,0.0,0.0
2022-12-30,1850.0,1850.0,1850.0,1850.0,1849.845458984375,0,0.0,0.0
2023-01-02,1800.0,1889.0,1800.0,1889.0,1888.842041015625,74705,0.0,0.0
2023-01-03,1894.0,1900.0,1894.0,1900.0,1899.84130859375,26049,0.0,0.0
2023-01-04,1930.0,1950.0,1930.0,1949.0,1948.8370361328125,76390,0.0,0.0
2023-01-05,1900.0,1900.0,1900.0,1900.0,1899.84130859375,49425,0.0,0.0
2023-01-06,1925.0,2000.0,1925.0,2000.0,1999.8330078125,43850,0.0,0.0
2023-01-09,2000.0,2000.0,2000.0,2000.0,1999.8330078125,0,0.0,0.0
2023-01-10,2004.5699462890625,2004.5699462890625,2004.5699462890625,2004.5699462890625,2004.4024658203125,13750,0.0,0.0
2023-01-11,2050.0,2100.0,2050.0,2100.0,2099.824462890625,82780,0.0,0.0
2023-01-12,2130.0,2300.0,2130.0,2300.0,2299.807861328125,121161,0.0,0.0
2023-01-13,2125.0,2200.0,2125.0,2200.0,2199.83154296875,66343,50.22389,0.0
2023-01-16,2225.77001953125,2225.77001953125,2225.77001953125,2225.77001953125,2225.600341796875,11176,0.0,0.0
2023-01-17,2200.0,2200.0,2200.0,2200.0,2199.83154296875,34698,0.0,0.0
2023-01-18,2230.0,2230.0,2221.0,2221.0,2220.83056640625,17767,0.0,0.0
2023-01-19,2290.0,2300.0,2250.0,2250.0,2249.82763671875,26892,0.0,0.0
2023-01-20,2240.0,2310.0,2240.0,2309.0,2308.8232421875,66274,0.0,0.0
2023-01-23,2330.0,2335.0,2330.0,2335.0,2334.821044921875,25918,0.0,0.0
2023-01-24,2335.0,2350.0,2200.0,2200.0,2199.83154296875,59050,0.0,0.0
2023-01-25,2200.0,2200.0,2200.0,2200.0,2199.83154296875,19598,0.0,0.0
2023-01-26,2295.0,2295.0,2295.0,2295.0,2294.824462890625,15066,0.0,0.0
2023-01-27,2131.0,2250.0,2131.0,2250.0,2249.82763671875,62963,0.0,0.0
2023-01-30,2245.0,2245.0,2201.0,2201.0,2200.831298828125,31895,0.0,0.0
2023-01-31,2112.0,2300.0,2112.0,2290.0,2289.82470703125,58906,0.0,0.0
2023-02-01,2270.0,2300.0,2270.0,2300.0,2299.823974609375,87585,0.0,0.0
2023-02-02,2206.0,2206.0,2142.0,2142.0,2141.8359375,27769,0.0,0.0
2023-02-03,2250.0,2250.0,2137.0,2150.0,2149.835693359375,119764,0.0,0.0
2023-02-06,2100.0,2140.0,2070.0,2140.0,2139.836181640625,139068,0.0,0.0
2023-02-07,2007.0,2080.0,1984.0,1984.0,1983.848388671875,86956,0.0,0.0
2023-02-08,1970.0,1990.0,1970.0,1990.0,1989.847900390625,47332,0.0,0.0
2023-02-09,1926.469970703125,1926.469970703125,1926.469970703125,1926.469970703125,1926.322509765625,11769,0.0,0.0
2023-02-10,1901.0,1901.0,1901.0,1901.0,1900.8544921875,18974,0.0,0.0
2023-02-13,1944.0,1998.0,1940.0,1940.0,1939.8516845703125,163988,0.0,0.0
2023-02-14,1905.0,1990.0,1890.0,1990.0,1989.847900390625,87520,0.0,0.0
2023-02-15,1990.0,1990.0,1990.0,1990.0,1989.847900390625,11720,0.0,0.0
2023-02-16,1811.0,2000.0,1811.0,2000.0,1999.8470458984375,24289,0.0,0.0
2023-02-17,1998.0,1999.0,1998.0,1999.0,1998.84716796875,17611,0.0,0.0
2023-02-20,1855.0,1870.0,1855.0,1870.0,1869.85693359375,49403,0.0,0.0
2023-02-21,1871.0,1950.0,1851.0,1950.0,1949.8507080078125,91803,0.0,0.0
2023-02-22,1850.0,1850.0,1850.0,1850.0,1849.8585205078125,10913,0.0,0.0
2023-02-23,1895.56005859375,1895.56005859375,1895.56005859375,1895.56005859375,1895.4146728515625,4287,0.0,0.0
2023-02-24,1938.0,1950.0,1938.0,1940.0,1939.8516845703125,150374,0.0,0.0
2023-02-27,1940.0,1940.0,1940.0,1940.0,1939.8516845703125,0,0.0,0.0
2023-02-28,1852.0,1852.0,1852.0,1852.0,1851.8583984375,20303,0.0,0.0
2023-03-01,1852.0,1852.0,1852.0,1852.0,1851.8583984375,0,0.0,0.0
2023-03-02,1993.0,1993.0,1993.0,1993.0,1992.84765625,10791,0.0,0.0
2023-03-03,1993.0,1993.0,1993.0,1993.0,1992.84765625,0,0.0,0.0
2023-03-06,1993.0,1993.0,1993.0,1993.0,1992.84765625,0,0.0,0.0
2023-03-07,1993.0,1993.0,1993.0,1993.0,1992.84765625,0,0.0,0.0
2023-03-08,1993.0,1993.0,1993.0,1993.0,1992.84765625,0,0.0,0.0
2023-03-09,2294.0,2300.0,2250.0,2300.0,2299.823974609375,253523,0.0,0.0
2023-03-10,2300.0,2300.0,2300.0,2300.0,2299.823974609375,50268,0.0,0.0
2023-03-13,2300.0,2300.0,2300.0,2300.0,2299.823974609375,0,0.0,0.0
2023-03-14,2201.0,2290.0,2201.0,2290.0,2289.82470703125,41884,0.0,0.0
2023-03-15,2220.090087890625,2220.090087890625,2220.090087890625,2220.090087890625,2219.920654296875,3955,0.0,0.0
2023-03-16,2250.0,2250.0,2151.0,2250.0,2249.82763671875,16695,0.0,0.0
2023-03-17,2260.0,2300.0,2260.0,2290.0,2289.82470703125,136998,0.0,0.0
2023-03-20,2290.0,2290.0,2290.0,2290.0,2289.82470703125,0,0.0,0.0
2023-03-21,2290.0,2290.0,2290.0,2290.0,2289.82470703125,24762,0.0,0.0
2023-03-22,2289.0,2300.0,2289.0,2300.0,2299.823974609375,51895,0.0,0.0
2023-03-23,2300.0,2300.0,2203.0,2203.0,2202.8310546875,55475,0.0,0.0
2023-03-24,2230.090087890625,2230.090087890625,2230.090087890625,2230.090087890625,2229.919677734375,7859,0.0,0.0
2023-03-27,2250.0,2250.0,2000.0,2000.0,1999.8470458984375,33825,0.0,0.0
2023-03-28,2051.35009765625,2051.35009765625,2051.35009765625,2051.35009765625,2051.19287109375,8563,0.0,0.0
2023-03-29,2013.0,2013.0,2000.0,2000.0,1999.8470458984375,43330,0.0,0.0
2023-03-30,2000.0,2002.0,2000.0,2002.0,2001.8468017578125,59356,0.0,0.0
2023-03-31,2176.4599609375,2176.4599609375,2176.4599609375,2176.4599609375,2176.29345703125,3204,0.0,0.0
2023-04-03,2100.0,2100.0,2100.0,2100.0,2099.839111328125,5919,0.0,0.0
2023-04-04,2100.0,2121.0,2100.0,2101.0,2100.839111328125,154180,0.0,0.0
2023-04-05,2197.0,2200.0,2197.0,2200.0,2199.83154296875,32348,0.0,0.0
2023-04-06,2200.0,2200.0,2200.0,2200.0,2199.83154296875,0,0.0,0.0
2023-04-07,2200.0,2200.0,2200.0,2200.0,2199.83154296875,0,0.0,0.0
2023-04-10,2200.0,2200.0,2195.0,2195.0,2194.83203125,17223,0.0,0.0
2023-04-11,2200.0,2220.0,2200.0,2200.0,2199.83154296875,114839,0.0,0.0
2023-04-12,2200.0,2200.0,2199.0,2199.0,2198.83154296875,48403,0.0,0.0
2023-04-13,2199.0,2199.0,2180.0,2180.0,2179.833251953125,43834,0.0,0.0
2023-04-14,2197.0,2200.0,2176.0,2176.0,2175.83349609375,0,0.0,0.0
2023-04-17,2195.0,2195.0,2195.0,2195.0,2194.83203125,114970,0.0,0.0
2023-04-18,2193.0,2194.0,2102.0,2102.0,2101.8388671875,66510,0.0,0.0
2023-04-19,2093.0,2100.0,2080.0,2100.0,2099.839111328125,69814,0.0,0.0
2023-04-20,2037.8499755859375,2037.8499755859375,2037.8499755859375,2037.8499755859375,2037.7110595703125,9174,54.2542,0.0
2023-04-21,2013.0,2013.0,2013.0,2013.0,2012.8626708984375,9662,0.0,0.0
2023-04-24,2012.0,2012.0,2000.0,2000.0,1999.86376953125,89457,0.0,0.0
2023-04-25,1982.0899658203125,1982.0899658203125,1982.0899658203125,1982.0899658203125,1981.9549560546875,2786,0.0,0.0
2023-04-26,1970.0,2000.0,1970.0,2000.0,1999.86376953125,27384,0.0,0.0
2023-04-27,2000.0,2000.0,1950.0,2000.0,1999.86376953125,67210,0.0,0.0
2023-04-28,2030.0,2030.0,2000.0,2000.0,1999.86376953125,83711,0.0,0.0
2023-05-01,2000.0,2000.0,2000.0,2000.0,1999.86376953125,0,0.0,0.0
2023-05-02,2030.0,2030.0,2030.0,2030.0,2029.861328125,6863,0.0,0.0
2023-05-03,2010.0,2020.0,1984.0,1984.0,1983.864990234375,79947,0.0,0.0
2023-05-04,1926.0,2078.0,1900.0,1999.0,1998.8638916015625,393705,0.0,0.0
2023-05-05,2000.0,2090.0,2000.0,2090.0,2089.857421875,269756,0.0,0.0
2023-05-08,2190.0,2200.0,2150.0,2150.0,2149.853515625,244763,0.0,0.0
2023-05-09,2170.0,2240.0,2151.0,2151.0,2150.853515625,56667,0.0,0.0
2023-05-10,2152.080078125,2152.080078125,2152.080078125,2152.080078125,2151.93359375,398,0.0,0.0
2023-05-11,2086.8701171875,2086.8701171875,2086.8701171875,2086.8701171875,2086.727783203125,6217,0.0,0.0
2023-05-12,2129.25,2129.25,2129.25,2129.25,2129.104736328125,1317,0.0,0.0
2023-05-15,2016.9300537109375,2016.9300537109375,2016.9300537109375,2016.9300537109375,2016.792236328125,3446,0.0,0.0
2023-05-16,2001.0,2148.0,2001.0,2148.0,2147.853515625,14513,0.0,0.0
2023-05-17,2009.8499755859375,2009.8499755859375,2009.8499755859375,2009.8499755859375,2009.7130126953125,4616,0.0,0.0
2023-05-18,2008.0,2117.0,2008.0,2117.0,2116.855712890625,14185,0.0,0.0
2023-05-19,2065.3798828125,2065.3798828125,2065.3798828125,2065.3798828125,2065.23876953125,242,0.0,0.0
2023-05-22,2065.3798828125,2065.3798828125,2065.3798828125,2065.3798828125,2065.23876953125,0,0.0,0.0
2023-05-23,2032.4300537109375,2032.4300537109375,2032.4300537109375,2032.4300537109375,2032.2913818359375,5935,0.0,0.0
2023-05-24,2031.0,2031.0,2031.0,2031.0,2030.861328125,11675,0.0,0.0
2023-05-25,2031.0,2031.0,1995.0,2000.0,1999.86376953125,94673,0.0,0.0
2023-05-26,2000.0,2000.0,2000.0,2000.0,1999.86376953125,14029,0.0,0.0
2023-05-29,2048.239990234375,2048.239990234375,2048.239990234375,2048.239990234375,2048.099853515625,1113,0.0,0.0
2023-05-30,2000.0,2000.0,2000.0,2000.0,1999.86376953125,17476,0.0,0.0
2023-05-31,1997.0,1997.0,1950.0,1950.0,1949.866943359375,357263,0.0,0.0
2023-06-01,1953.0,2030.0,1911.0,1911.0,1910.86962890625,407072,0.0,0.0
2023-06-02,1949.0,1951.0,1949.0,1950.0,1949.866943359375,242359,0.0,0.0
2023-06-05,1940.0,1950.0,1940.0,1950.0,1949.866943359375,37007,0.0,0.0
2023-06-06,1950.0,1950.0,1926.0,1926.0,1925.8687744140625,125225,0.0,0.0
2023-06-07,1950.0,1950.0,1950.0,1950.0,1949.866943359375,30327,0.0,0.0
2023-06-08,1950.0,1950.0,1950.0,1950.0,1949.866943359375,20992,0.0,0.0
2023-06-13,1931.0,1931.0,1900.0,1900.0,1899.8704833984375,190124,0.0,0.0
2023-06-14,1930.0,1930.0,1922.0,1922.0,1921.868896484375,113602,0.0,0.0
2023-06-15,1900.0,1907.0,1900.0,1905.0,1904.8702392578125,244272,0.0,0.0
2023-06-16,1905.0,1905.0,1905.0,1905.0,1904.8702392578125,44113,0.0,0.0
2023-06-19,1905.0,1905.0,1905.0,1905.0,1904.8702392578125,0,0.0,0.0
2023-06-20,1896.3699951171875,1896.3699951171875,1896.3699951171875,1896.3699951171875,1896.240478515625,2747,0.0,0.0
2023-06-21,1900.0,1900.0,1900.0,1900.0,1899.8704833984375,59869,0.0,0.0
2023-06-22,1900.0,1900.0,1900.0,1900.0,1899.8704833984375,54849,0.0,0.0
2023-06-23,1900.0,1900.0,1895.0,1900.0,1899.8704833984375,42657,0.0,0.0
2023-06-26,1890.0,1890.0,1880.0,1885.0,1884.871337890625,100326,0.0,0.0
2023-06-27,1863.0,1890.0,1863.0,1889.0,1888.87109375,47181,0.0,0.0
2023-06-28,1851.0,1851.0,1850.0,1850.0,1849.8739013671875,430641,0.0,0.0
2023-06-29,1820.0,1835.0,1820.0,1835.0,1834.8748779296875,119466,0.0,0.0
2023-06-30,1840.0,1850.0,1840.0,1850.0,1849.8739013671875,132049,0.0,0.0
2023-07-03,1850.0,1850.0,1850.0,1850.0,1849.8739013671875,0,0.0,0.0
2023-07-04,1827.0,1827.0,1826.0,1826.0,1825.8753662109375,28688,0.0,0.0
2023-07-05,1842.0,1900.0,1832.0,1850.0,1849.8739013671875,49303,0.0,0.0
2023-07-06,1849.0,1850.0,1833.0,1833.0,1832.8748779296875,222012,0.0,0.0
2023-07-07,1850.0,1850.0,1834.0,1834.0,1833.8748779296875,105917,0.0,0.0
2023-07-10,1840.0,1840.0,1840.0,1840.0,1839.874755859375,15622,0.0,0.0
2023-07-11,1842.0,1848.0,1835.0,1835.0,1834.8748779296875,146754,0.0,0.0
2023-07-12,1828.0,1861.0,1800.0,1861.0,1860.8731689453125,523324,0.0,0.0
2023-07-13,1875.0,1875.0,1860.0,1874.0,1873.872314453125,219193,0.0,0.0
2023-07-14,1904.3299560546875,1904.3299560546875,1904.3299560546875,1904.3299560546875,1904.2001953125,6374,0.0,0.0
2023-07-17,1900.0,1920.0,1875.0,1914.0,1913.869384765625,56419,0.0,0.0
2023-07-18,1902.0,1915.0,1902.0,1915.0,1914.8692626953125,153300,0.0,0.0
2023-07-19,1895.0,1912.0,1870.0,1912.0,1911.8870849609375,118071,54.2542,0.0
2023-07-20,1912.0,1912.0,1912.0,1912.0,1911.8870849609375,0,0.0,0.0
2023-07-21,1884.0999755859375,1884.0999755859375,1884.0999755859375,1884.0999755859375,1883.9886474609375,5235,0.0,0.0
2023-07-24,1870.0,1902.0,1865.0,1902.0,1901.8875732421875,28709,0.0,0.0
2023-07-25,1900.0,1902.0,1900.0,1902.0,1901.8875732421875,49447,0.0,0.0
2023-07-26,1880.0,1880.0,1880.0,1880.0,1879.8890380859375,16404,0.0,0.0
2023-07-27,1900.0,1900.0,1900.0,1900.0,1899.8878173828125,26118,0.0,0.0
2023-07-28,1898.0,1898.0,1898.0,1898.0,1897.8878173828125,13330,0.0,0.0
2023-07-31,1898.0,1898.0,1898.0,1898.0,1897.8878173828125,0,0.0,0.0
2023-08-01,1886.0,1886.0,1885.0,1885.0,1884.8885498046875,164085,0.0,0.0
2023-08-02,1880.0,1900.0,1880.0,1892.4599609375,1892.34814453125,15297,0.0,0.0
2023-08-03,1900.0,1900.0,1900.0,1900.0,1899.8878173828125,16919,0.0,0.0
2023-08-04,1900.0,1900.0,1900.0,1900.0,1899.8878173828125,0,0.0,0.0
2023-08-07,1900.0,1900.0,1900.0,1900.0,1899.8878173828125,0,0.0,0.0
2023-08-08,1900.0,1926.0,1900.0,1926.0,1925.8863525390625,88001,0.0,0.0
2023-08-09,1920.0,1927.0,1908.0,1925.0,1924.8863525390625,1060717,0.0,0.0
2023-08-10,1927.0,1990.0,1925.0,1925.0,1924.8863525390625,81822,0.0,0.0
2023-08-11,1927.0,1947.0,1926.0,1947.0,1946.885009765625,57012740,0.0,0.0
2023-08-14,1920.0,1920.0,1920.0,1920.0,1919.88671875,83910,0.0,0.0
2023-08-15,1920.0,1920.0,1920.0,1920.0,1919.88671875,1853,0.0,0.0
2023-08-16,1901.0,1917.0,1880.0,1917.0,1916.88671875,177076,0.0,0.0
2023-08-17,1917.0,1917.0,1917.0,1917.0,1916.88671875,3746,0.0,0.0
2023-08-18,1913.0,1913.0,1913.0,1913.0,1912.8868408203125,28064,0.0,0.0
2023-08-21,1913.0,1913.0,1913.0,1913.0,1912.8868408203125,0,0.0,0.0
2023-08-22,1875.0,1900.0,1850.0,1890.0,1889.8883056640625,173149,0.0,0.0
2023-08-23,1855.510009765625,1855.510009765625,1855.510009765625,1855.510009765625,1855.4005126953125,11479,0.0,0.0
2023-08-24,1890.0,1890.0,1890.0,1890.0,1889.8883056640625,2856,0.0,0.0
2023-08-25,1860.0,1881.0,1860.0,1881.0,1880.8890380859375,14590,0.0,0.0
2023-08-28,1817.97998046875,1817.97998046875,1817.97998046875,1817.97998046875,1817.87255859375,2122,0.0,0.0
2023-08-29,1825.0,1880.0,1825.0,1880.0,1879.8890380859375,52234,0.0,0.0
2023-08-30,1832.0,1879.0,1800.0,1879.0,1878.8890380859375,127858,0.0,0.0
2023-08-31,1820.0,1871.0,1800.0,1871.0,1870.8896484375,286847,0.0,0.0
2023-09-01,1813.489990234375,1813.489990234375,1813.489990234375,1813.489990234375,1813.3828125,4777,0.0,0.0
2023-09-04,1771.0999755859375,1771.0999755859375,1771.0999755859375,1771.0999755859375,1770.9954833984375,6860,0.0,0.0
2023-09-05,1770.0,1848.0,1770.0,1848.0,1847.8907470703125,15691,0.0,0.0
2023-09-06,1848.0,1848.0,1848.0,1848.0,1847.8907470703125,17443,0.0,0.0
2023-09-07,1848.0,1848.0,1771.0,1839.0,1838.8916015625,48480,0.0,0.0
2023-09-08,1835.0,1835.0,1835.0,1835.0,1834.8916015625,18666,0.0,0.0
2023-09-11,1781.9100341796875,1781.9100341796875,1781.9100341796875,1781.9100341796875,1781.8048095703125,5703,0.0,0.0
2023-09-12,1829.0,1899.0,1829.0,1899.0,1898.8878173828125,171290,0.0,0.0
2023-09-13,1817.0699462890625,1817.0699462890625,1817.0699462890625,1817.0699462890625,1816.9625244140625,10161,0.0,0.0
2023-09-14,1899.0,1899.0,1899.0,1899.0,1898.8878173828125,4206,0.0,0.0
2023-09-15,1806.97998046875,1806.97998046875,1806.97998046875,1806.97998046875,1806.8731689453125,9022,0.0,0.0
2023-09-18,1899.0,1899.0,1899.0,1899.0,1898.8878173828125,5649,0.0,0.0
2023-09-19,1899.0,1899.0,1899.0,1899.0,1898.8878173828125,10370,0.0,0.0
2023-09-20,1800.0,1830.0,1800.0,1830.0,1829.8917236328125,11756,0.0,0.0
2023-09-21,1830.0,1830.0,1830.0,1830.0,1829.8917236328125,17975,0.0,0.0
2023-09-22,1760.0,1807.0,1754.0,1807.0,1806.8931884765625,58902,0.0,0.0
2023-09-25,1806.0,1806.0,1648.0,1798.0,1797.893798828125,72749,0.0,0.0
2023-09-26,1797.0,1797.0,1797.0,1797.0,1796.8939208984375,15401,0.0,0.0
2023-09-27,1797.0,1797.0,1797.0,1797.0,1796.8939208984375,8964,0.0,0.0
2023-09-28,1742.0,1780.0,1725.0,1780.0,1779.894775390625,143960,0.0,0.0
2023-09-29,1735.0,1799.0,1735.0,1799.0,1798.893798828125,102270,0.0,0.0
2023-10-02,1796.530029296875,1796.530029296875,1796.530029296875,1796.530029296875,1796.4239501953125,6802,0.0,0.0
2023-10-03,1753.0,1768.0,1753.0,1760.0,1759.896240234375,174457,0.0,0.0
2023-10-04,1785.0,1785.0,1785.0,1785.0,1784.894775390625,9372,0.0,0.0
2023-10-05,1786.0,1786.0,1771.0,1771.0,1770.8955078125,40779,0.0,0.0
2023-10-06,1769.0,1769.0,1765.0,1765.0,1764.8956298828125,170456,0.0,0.0
2023-10-09,1765.0,1775.0,1765.0,1765.0,1764.8956298828125,125807,0.0,0.0
2023-10-10,1777.0,1777.0,1777.0,1777.0,1776.8948974609375,35732,0.0,0.0
2023-10-11,1780.0,1780.0,1765.0,1770.0,1769.8955078125,54269,0.0,0.0
2023-10-12,1780.0,1780.0,1750.0,1780.0,1779.894775390625,110141,0.0,0.0
2023-10-13,1780.0,1780.0,1780.0,1780.0,1779.894775390625,11998,0.0,0.0
2023-10-16,1780.0,1780.0,1780.0,1780.0,1779.894775390625,0,0.0,0.0
2023-10-17,1780.0,1785.0,1780.0,1785.0,1784.894775390625,76105,0.0,0.0
2023-10-18,1785.0,1900.0,1785.0,1888.0,1887.888427734375,852954,0.0,0.0
2023-10-19,1932.0,1932.0,1903.0,1903.0,1902.8875732421875,152727,0.0,0.0
2023-10-20,1850.0,1870.0,1832.0,1835.0,1834.908447265625,67731,54.2542,0.0
2023-10-23,1801.0,1827.0,1801.0,1827.0,1826.90869140625,47529,0.0,0.0
2023-10-24,1810.0,1810.0,1760.0,1807.0,1806.9097900390625,72521,0.0,0.0
2023-10-25,1798.43994140625,1798.43994140625,1798.43994140625,1798.43994140625,1798.3502197265625,10759,0.0,0.0
2023-10-26,1754.0,1762.0,1748.0,1748.0,1747.9127197265625,128807,0.0,0.0
2023-10-27,1760.0,1784.0,1705.0,1782.0,1781.9111328125,109098,0.0,0.0
2023-10-30,1782.0,1783.0,1735.0,1779.0,1778.9112548828125,90607,0.0,0.0
2023-10-31,1741.0,1749.0,1730.0,1748.0,1747.9127197265625,115848,0.0,0.0
2023-11-01,1715.0,1715.0,1715.0,1715.0,1714.914306640625,43669,0.0,0.0
2023-11-02,1717.0,1750.0,1702.0,1750.0,1749.91259765625,133749,0.0,0.0
2023-11-03,1745.0,1780.0,1745.0,1780.0,1779.9111328125,53668,0.0,0.0
2023-11-06,1780.0,1780.0,1780.0,1780.0,1779.9111328125,0,0.0,0.0
2023-11-07,1770.0,1773.0,1770.0,1773.0,1772.9117431640625,24319,0.0,0.0
2023-11-08,1740.0,1770.0,1740.0,1770.0,1769.9117431640625,31167,0.0,0.0
2023-11-09,1760.0,1770.0,1750.0,1750.0,1749.91259765625,35405,0.0,0.0
2023-11-10,1715.0,1760.0,1715.0,1760.0,1759.912353515625,64373,0.0,0.0
2023-11-13,1760.0,1760.0,1760.0,1760.0,1759.912353515625,0,0.0,0.0
2023-11-14,1740.0,1745.0,1735.0,1735.0,1734.9132080078125,103257,0.0,0.0
2023-11-15,1765.0,1765.0,1725.0,1725.0,1724.9140625,104771,0.0,0.0
2023-11-16,1705.0,1725.0,1700.0,1725.0,1724.9140625,55168,0.0,0.0
2023-11-17,1740.0,1740.0,1695.0,1700.0,1699.915283203125,171731,0.0,0.0
2023-11-20,1700.0,1740.0,1690.0,1690.0,1689.9158935546875,133353,0.0,0.0
2023-11-21,1690.0,1695.0,1690.0,1690.0,1689.9158935546875,90172,0.0,0.0
2023-11-22,1685.0,1690.0,1675.0,1690.0,1689.9158935546875,53269,0.0,0.0
2023-11-23,1680.0,1690.0,1680.0,1690.0,1689.9158935546875,113013,0.0,0.0
2023-11-24,1680.0,1680.0,1675.0,1680.0,1679.9161376953125,40548,0.0,0.0
2023-11-27,1700.0,1700.0,1680.0,1680.0,1679.9161376953125,218606,0.0,0.0
2023-11-28,1685.0,1685.0,1680.0,1680.0,1679.9161376953125,243835,0.0,0.0
2023-11-29,1640.0,1675.0,1640.0,1675.0,1674.91650390625,70925,0.0,0.0
2023-11-30,1660.0,1675.0,1655.0,1675.0,1674.91650390625,62335,0.0,0.0
2023-12-01,1700.0,1700.0,1700.0,1700.0,1699.915283203125,68362,0.0,0.0
2023-12-04,1705.0,1725.0,1700.0,1725.0,1724.9140625,721715,0.0,0.0
2023-12-05,1710.0,1710.0,1690.0,1710.0,1709.9146728515625,48393,0.0,0.0
2023-12-06,1715.0,1715.0,1700.0,1700.0,1699.915283203125,47923,0.0,0.0
2023-12-07,1720.0,1720.0,1700.0,1720.0,1719.9140625,334598,0.0,0.0
2023-12-08,1720.0,1720.0,1720.0,1720.0,1719.9140625,0,0.0,0.0
2023-12-11,1640.0,1720.0,1640.0,1700.0,1699.915283203125,212420,0.0,0.0
2023-12-12,1720.0,1725.0,1670.0,1685.0,1684.916015625,207848,0.0,0.0
2023-12-13,1690.0,1715.0,1690.0,1715.0,1714.914306640625,69680,0.0,0.0
2023-12-14,1720.0,1720.0,1720.0,1720.0,1719.9140625,66427,0.0,0.0
2023-12-15,1710.0,1725.0,1670.0,1725.0,1724.9140625,255724,0.0,0.0
2023-12-18,1730.0,1730.0,1730.0,1730.0,1729.9139404296875,41269,0.0,0.0
2023-12-19,1750.0,1750.0,1750.0,1750.0,1749.91259765625,37049,0.0,0.0
2023-12-20,1755.0,1765.0,1735.0,1765.0,1764.911865234375,127837,0.0,0.0
2023-12-21,1755.0,1755.0,1710.0,1710.0,1709.9146728515625,145123,0.0,0.0
2023-12-22,1740.0,1740.0,1710.0,1710.0,1709.9146728515625,49913,0.0,0.0
2023-12-25,1710.0,1710.0,1710.0,1710.0,1709.9146728515625,0,0.0,0.0
2023-12-26,1740.0,1740.0,1730.0,1740.0,1739.9130859375,85732,0.0,0.0
2023-12-27,1755.0,1820.0,1755.0,1820.0,1819.9091796875,239752,0.0,0.0
2023-12-28,1820.0,1835.0,1820.0,1835.0,1834.908447265625,66596,0.0,0.0
2023-12-29,1835.0,1835.0,1835.0,1835.0,1834.908447265625,0,0.0,0.0
2024-01-01,1835.0,1835.0,1835.0,1835.0,1834.908447265625,0,0.0,0.0
2024-01-02,1855.0,1880.0,1855.0,1865.0,1864.906982421875,198221,0.0,0.0
2024-01-03,1850.0,1880.0,1820.0,1880.0,1879.90625,152673,0.0,0.0
2024-01-04,1900.0,1920.0,1860.0,1920.0,1919.904296875,160822,0.0,0.0
2024-01-05,1940.0,1940.0,1910.0,1930.0,1929.9036865234375,193753,0.0,0.0
2024-01-08,1930.0,1930.0,1930.0,1930.0,1929.9036865234375,0,0.0,0.0
2024-01-09,1900.0,1950.0,1900.0,1950.0,1949.9027099609375,57242,0.0,0.0
2024-01-10,1960.0,1965.0,1950.0,1965.0,1964.9019775390625,45041,0.0,0.0
2024-01-11,1965.0,2020.0,1965.0,2020.0,2019.899169921875,171417,0.0,0.0
2024-01-12,2045.0,2045.0,1980.0,2035.0,2034.8984375,93471,0.0,0.0
2024-01-15,2035.0,2035.0,2015.0,2015.0,2014.8994140625,119994,0.0,0.0
2024-01-16,2000.0,2020.0,2000.0,2020.0,2019.916748046875,67672,54.2542,0.0
2024-01-17,2020.0,2020.0,2015.0,2015.0,2014.9169921875,48963,0.0,0.0
2024-01-18,2015.0,2020.0,2000.0,2020.0,2019.916748046875,112214,0.0,0.0
2024-01-19,2000.0,2000.0,1935.0,1970.0,1969.9189453125,113101,0.0,0.0
2024-01-22,1970.0,1970.0,1970.0,1970.0,1969.9189453125,0,0.0,0.0
2024-01-23,1960.0,1995.0,1960.0,1995.0,1994.9178466796875,193223,0.0,0.0
2024-01-24,1995.0,1995.0,1995.0,1995.0,1994.9178466796875,0,0.0,0.0
2024-01-25,1995.0,1995.0,1995.0,1995.0,1994.9178466796875,0,0.0,0.0
2024-01-26,1995.0,1995.0,1995.0,1995.0,1994.9178466796875,0,0.0,0.0
2024-01-29,1920.0,1920.0,1915.0,1915.0,1914.9210205078125,65639,0.0,0.0
2024-01-30,1910.0,1915.0,1910.0,1915.0,1914.9210205078125,56327,0.0,0.0
2024-01-31,1920.0,1940.0,1920.0,1920.0,1919.9210205078125,76001,0.0,0.0
2024-02-01,1905.0,1945.0,1905.0,1945.0,1944.9197998046875,82552,0.0,0.0
2024-02-02,1915.0,1915.0,1900.0,1900.0,1899.9217529296875,111836,0.0,0.0
2024-02-05,1900.0,1900.0,1900.0,1900.0,1899.9217529296875,36327,0.0,0.0
2024-02-06,1900.0,1900.0,1900.0,1900.0,1899.9217529296875,5348,0.0,0.0
2024-02-07,1910.0,1910.0,1900.0,1905.0,1904.921630859375,110488,0.0,0.0
2024-02-08,1905.0,1905.0,1905.0,1905.0,1904.921630859375,8547,0.0,0.0
2024-02-09,1910.0,1910.0,1910.0,1910.0,1909.9212646484375,13950,0.0,0.0
2024-02-12,1900.0,1910.0,1900.0,1910.0,1909.9212646484375,22829,0.0,0.0
2024-02-13,1910.0,1910.0,1910.0,1910.0,1909.9212646484375,4462,0.0,0.0
2024-02-14,1850.0,1880.0,1850.0,1880.0,1879.922607421875,93272,0.0,0.0
2024-02-15,1890.0,1980.0,1890.0,1980.0,1979.91845703125,287386,0.0,0.0
2024-02-16,2090.0,2090.0,2025.0,2030.0,2029.916259765625,158435,0.0,0.0
2024-02-19,2040.0,2070.0,2015.0,2015.0,2014.9169921875,72522,0.0,0.0
2024-02-20,2030.0,2050.0,1990.0,2030.0,2029.916259765625,418187,0.0,0.0
2024-02-21,2050.0,2085.0,2030.0,2085.0,2084.913818359375,644073,0.0,0.0
2024-02-22,2090.0,2090.0,2030.0,2050.0,2049.915283203125,1541779,0.0,0.0
2024-02-23,2070.0,2150.0,2070.0,2120.0,2119.912841796875,121228,0.0,0.0
2024-02-26,2170.0,2250.0,2170.0,2250.0,2249.9072265625,1124469,0.0,0.0
2024-02-27,2290.0,2350.0,2265.0,2350.0,2349.9033203125,566157,0.0,0.0
2024-02-28,2425.0,2515.0,2380.0,2515.0,2514.896484375,998895,0.0,0.0
2024-02-29,2540.0,2540.0,2300.0,2300.0,2299.9052734375,4657502,0.0,0.0
2024-03-01,2300.0,2530.0,2300.0,2530.0,2529.8955078125,2020928,0.0,0.0
2024-03-04,2550.0,2600.0,2530.0,2530.0,2529.8955078125,135448,0.0,0.0
2024-03-05,2530.0,2530.0,2500.0,2530.0,2529.8955078125,187496,0.0,0.0
2024-03-06,2530.0,2600.0,2530.0,2545.0,2544.8955078125,285270,0.0,0.0
2024-03-07,2545.0,2670.0,2545.0,2670.0,2669.889892578125,84373,0.0,0.0
2024-03-08,2650.0,2800.0,2650.0,2700.0,2699.888916015625,398170,0.0,0.0
2024-03-11,2700.0,2770.0,2700.0,2700.0,2699.888916015625,78930,0.0,0.0
2024-03-12,2700.0,2700.0,2550.0,2550.0,2549.895263671875,65908,0.0,0.0
2024-03-13,2550.0,2550.0,2550.0,2550.0,2549.895263671875,25741,0.0,0.0
2024-03-14,2715.0,2720.0,2695.0,2695.0,2694.888916015625,48888,0.0,0.0
2024-03-15,2695.0,2695.0,2630.0,2630.0,2629.891357421875,45884,0.0,0.0
2024-03-18,2620.0,2620.0,2590.0,2590.0,2589.893798828125,127103,0.0,0.0
2024-03-19,2580.0,2590.0,2580.0,2580.0,2579.89404296875,51276,0.0,0.0
2024-03-20,2585.0,2595.0,2585.0,2595.0,2594.89306640625,37993,0.0,0.0
2024-03-21,2690.0,2845.0,2630.0,2630.0,2629.891357421875,324600,0.0,0.0
2024-03-22,2800.0,2875.0,2765.0,2875.0,2874.8818359375,245380,0.0,0.0
2024-03-25,2875.0,2875.0,2875.0,2875.0,2874.8818359375,0,0.0,0.0
2024-03-26,2875.0,2995.0,2875.0,2995.0,2994.876708984375,154527,0.0,0.0
2024-03-27,3000.0,3190.0,3000.0,3100.0,3099.87255859375,279770,0.0,0.0
2024-03-28,3100.0,3100.0,3100.0,3100.0,3099.87255859375,0,0.0,0.0
2024-03-29,3100.0,3100.0,3100.0,3100.0,3099.87255859375,0,0.0,0.0
2024-04-01,3130.0,3200.0,3130.0,3170.0,3169.869384765625,312212,0.0,0.0
2024-04-02,3170.0,3300.0,3180.0,3300.0,3299.86376953125,831839,0.0,0.0
2024-04-03,3300.0,3300.0,3220.0,3290.0,3289.8642578125,135349,0.0,0.0
2024-04-04,3290.0,3280.0,3240.0,3240.0,3239.86669921875,159518,0.0,0.0
2024-04-05,3240.0,3295.0,3030.0,3235.0,3234.86669921875,198876,0.0,0.0
2024-04-08,3235.0,3290.0,3250.0,3290.0,3289.8642578125,86318,0.0,0.0
2024-04-09,3270.0,3325.0,3295.0,3325.0,3324.863037109375,519150,0.0,0.0
2024-04-10,3325.0,3335.0,3250.0,3300.0,3299.86376953125,191972,0.0,0.0
2024-04-11,3300.0,3330.0,3250.0,3320.0,3319.863037109375,223294,0.0,0.0
2024-04-12,3320.0,3300.0,3225.0,3260.0,3259.89013671875,213032,77.506004,0.0
2024-04-15,3260.0,3240.0,3240.0,3240.0,3239.89111328125,22898,0.0,0.0
2024-04-16,3240.0,3245.0,3230.0,3240.0,3239.89111328125,151571,0.0,0.0
2024-04-17,3240.0,3360.0,3230.0,3335.0,3334.887451171875,352989,0.0,0.0
2024-04-18,3335.0,3300.0,3245.0,3275.0,3274.889892578125,126311,0.0,0.0
2024-04-19,3275.0,3300.0,3275.0,3275.0,3274.889892578125,88950,0.0,0.0
2024-04-22,3275.0,3250.0,3215.0,3250.0,3249.890625,70071,0.0,0.0
2024-04-23,3250.0,3250.0,3230.0,3250.0,3249.890625,34277,0.0,0.0
2024-04-24,3250.0,3180.0,3170.0,3175.0,3174.89306640625,32725,0.0,0.0
2024-04-25,3175.0,3245.0,3220.0,3245.0,3244.890869140625,66945,0.0,0.0
2024-04-26,3245.0,3270.0,3225.0,3270.0,3269.889892578125,72378,0.0,0.0
2024-04-29,3270.0,3270.0,3200.0,3200.0,3199.892333984375,374082,0.0,0.0
2024-04-30,3200.0,3200.0,3050.0,3050.0,3049.89697265625,308553,0.0,0.0
2024-05-02,3050.0,3190.0,3130.0,3185.0,3184.892578125,109496,0.0,0.0
2024-05-03,2530.0,2600.0,2530.0,2530.0,2529.91455078125,135448,0.0,0.0
2024-05-06,3195.0,3260.0,3175.0,3205.0,3204.89208984375,300604,0.0,0.0
2024-05-07,3205.0,3230.0,3210.0,3230.0,3229.89111328125,130003,0.0,0.0
2024-05-08,3230.0,3250.0,3240.0,3250.0,3249.890625,87110,0.0,0.0
2024-05-09,3250.0,3250.0,3200.0,3235.0,3234.89111328125,135827,0.0,0.0
2024-05-10,3235.0,3280.0,3235.0,3240.0,3239.89111328125,157399,0.0,0.0
2024-05-14,3240.0,3250.0,3235.0,3250.0,3249.890625,54530,0.0,0.0
2024-05-15,3250.0,3270.0,3240.0,3255.0,3254.89013671875,46660,0.0,0.0
2024-05-16,3255.0,3235.0,3220.0,3235.0,3234.89111328125,109385,0.0,0.0
2024-05-17,3235.0,3295.0,3235.0,3275.0,3274.889892578125,75607,0.0,0.0
2024-05-20,3275.0,3300.0,3235.0,3235.0,3234.89111328125,98741,0.0,0.0
2024-05-21,3235.0,3280.0,3250.0,3280.0,3279.889892578125,75771,0.0,0.0
2024-05-22,3280.0,3235.0,3150.0,3165.0,3164.893310546875,441570,0.0,0.0
2024-05-23,3165.0,3165.0,3165.0,3165.0,3164.893310546875,0,0.0,0.0
2024-05-24,3125.0,3135.0,3125.0,3125.0,3124.894775390625,199951,0.0,0.0
2024-05-27,3125.0,3150.0,3150.0,3150.0,3149.89404296875,26270,0.0,0.0
2024-05-28,3150.0,3220.0,3155.0,3155.0,3154.893798828125,77765,0.0,0.0
2024-05-29,3155.0,3150.0,3075.0,3075.0,3074.896240234375,258470,0.0,0.0
2024-05-30,3075.0,3130.0,3075.0,3105.0,3104.8955078125,81894,0.0,0.0
2024-05-31,3105.0,3160.0,3100.0,3160.0,3159.8935546875,1711994,0.0,0.0
2024-06-04,3160.0,3250.0,3180.0,3210.0,3209.891845703125,866105,0.0,0.0
2024-06-05,3210.0,3250.0,3230.0,3230.0,3229.89111328125,54814,0.0,0.0
2024-06-06,3230.0,3290.0,3220.0,3285.0,3284.889404296875,379819,0.0,0.0
2024-06-07,3285.0,3320.0,3285.0,3285.0,3284.889404296875,606734,0.0,0.0
2024-06-11,3285.0,3230.0,3160.0,3180.0,3179.892822265625,459842,0.0,0.0
2024-06-12,3180.0,3270.0,3190.0,3200.0,3199.892333984375,255068,0.0,0.0
2024-06-13,3200.0,3185.0,3185.0,3185.0,3184.892578125,21126,0.0,0.0
2024-06-14,3185.0,3200.0,3180.0,3190.0,3189.892333984375,104579,0.0,0.0
2024-06-17,3190.0,3240.0,3185.0,3200.0,3199.892333984375,193499,0.0,0.0
2024-06-18,3200.0,3200.0,3175.0,3175.0,3174.89306640625,89697,0.0,0.0
2024-06-19,3175.0,3200.0,3180.0,3200.0,3199.892333984375,30618,0.0,0.0
2024-06-20,3200.0,3400.0,3250.0,3340.0,3339.887451171875,695988,0.0,0.0
2024-06-21,3340.0,3330.0,3295.0,3295.0,3294.888671875,68441,0.0,0.0
2024-06-24,3295.0,3300.0,3220.0,3255.0,3254.89013671875,54892,0.0,0.0
2024-06-25,3255.0,3280.0,3250.0,3250.0,3249.890625,85547,0.0,0.0
2024-06-26,3250.0,3265.0,3240.0,3265.0,3264.889892578125,108803,0.0,0.0
2024-06-27,3265.0,3270.0,3260.0,3260.0,3259.89013671875,44616,0.0,0.0
2024-06-28,3260.0,3250.0,3210.0,3215.0,3214.891845703125,54281,0.0,0.0
2024-07-02,3215.0,3305.0,3240.0,3305.0,3304.888671875,29370,0.0,0.0
2024-07-03,3305.0,3335.0,3335.0,3335.0,3334.887451171875,20364,0.0,0.0
2024-07-04,3335.0,3345.0,3315.0,3345.0,3344.88720703125,65565,0.0,0.0
2024-07-05,3345.0,3395.0,3340.0,3390.0,3389.885986328125,185674,0.0,0.0
2024-07-08,3390.0,3400.0,3350.0,3390.0,3389.885986328125,271036,0.0,0.0
2024-07-09,3390.0,3395.0,3350.0,3395.0,3394.8857421875,89188,0.0,0.0
2024-07-10,3395.0,3400.0,3350.0,3400.0,3399.8857421875,253385,0.0,0.0
2024-07-11,3400.0,3400.0,3310.0,3385.0,3384.886474609375,134340,0.0,0.0
2024-07-12,3385.0,3345.0,3265.0,3345.0,3344.911865234375,380281,77.506004,0.0
2024-07-15,3345.0,3410.0,3350.0,3410.0,3409.910400390625,201168,0.0,0.0
2024-07-16,3410.0,3500.0,3415.0,3495.0,3494.908203125,472495,0.0,0.0
2024-07-17,3495.0,3520.0,3425.0,3490.0,3489.908203125,349871,0.0,0.0
2024-07-18,3490.0,3420.0,3415.0,3415.0,3414.91015625,15286,0.0,0.0
2024-07-19,3415.0,3415.0,3415.0,3415.0,3414.91015625,13142,0.0,0.0
2024-07-22,3415.0,3415.0,3415.0,3415.0,3414.91015625,6942,0.0,0.0
2024-07-23,3415.0,3435.0,3365.0,3435.0,3434.90966796875,181532,0.0,0.0
2024-07-24,3435.0,3450.0,3365.0,3365.0,3364.91162109375,173972,0.0,0.0
2024-07-25,3365.0,3350.0,3260.0,3350.0,3349.911865234375,50739,0.0,0.0
2024-07-26,3350.0,3400.0,3365.0,3365.0,3364.91162109375,47638,0.0,0.0
2024-07-29,3365.0,3370.0,3370.0,3370.0,3369.91162109375,89032,0.0,0.0
2024-07-30,3370.0,3385.0,3360.0,3385.0,3384.911376953125,40433,0.0,0.0
2024-07-31,3385.0,3440.0,3390.0,3440.0,3439.909423828125,58045,0.0,0.0
2024-08-01,3440.0,3490.0,3305.0,3350.0,3349.911865234375,644953,0.0,0.0
2024-08-02,3350.0,3350.0,3150.0,3200.0,3199.916015625,901829,0.0,0.0
2024-08-05,3200.0,3165.0,2955.0,3090.0,3089.9189453125,302299,0.0,0.0
2024-08-06,3090.0,3175.0,3090.0,3090.0,3089.9189453125,89987,0.0,0.0
2024-08-07,3090.0,3155.0,3005.0,3155.0,3154.917236328125,90609,0.0,0.0
2024-08-08,3090.0,3155.0,3005.0,3155.0,3154.917236328125,90609,0.0,0.0
2024-08-09,3155.0,3240.0,3100.0,3235.0,3234.9150390625,65447,0.0,0.0
2024-08-12,3235.0,3270.0,3200.0,3270.0,3269.9140625,93364,0.0,0.0
2024-08-13,3270.0,3270.0,3270.0,3270.0,3269.9140625,32821,0.0,0.0
2024-08-14,3270.0,3300.0,3270.0,3270.0,3269.9140625,29990,0.0,0.0
2024-08-15,3270.0,3155.0,3155.0,3155.0,3154.917236328125,17203,0.0,0.0
2024-08-16,3155.0,3250.0,3185.0,3250.0,3249.91455078125,32783,0.0,0.0
2024-08-20,3250.0,3245.0,3205.0,3205.0,3204.915771484375,32255,0.0,0.0
2024-08-21,3205.0,3350.0,3300.0,3350.0,3349.911865234375,117155,0.0,0.0
2024-08-22,3350.0,3295.0,3270.0,3270.0,3269.9140625,29369,0.0,0.0
2024-08-23,3270.0,3440.0,3350.0,3400.0,3399.910888671875,192564,0.0,0.0
2024-08-26,3400.0,3400.0,3270.0,3270.0,3269.9140625,141508,0.0,0.0
2024-08-27,3270.0,3415.0,3255.0,3410.0,3409.910400390625,642109,0.0,0.0
2024-08-28,3410.0,3425.0,3365.0,3425.0,3424.909912109375,701033,0.0,0.0
2024-08-29,3425.0,3410.0,3370.0,3370.0,3369.91162109375,84728,0.0,0.0
2024-08-30,3370.0,3410.0,3380.0,3380.0,3379.911376953125,1978030,0.0,0.0
2024-09-02,3380.0,3320.0,3220.0,3320.0,3319.91259765625,22547,0.0,0.0
2024-09-03,3320.0,3330.0,3325.0,3325.0,3324.91259765625,77771,0.0,0.0
2024-09-04,3325.0,3335.0,3305.0,3335.0,3334.912109375,122130,0.0,0.0
2024-09-05,3335.0,3280.0,3280.0,3280.0,3279.9140625,69835,0.0,0.0
2024-09-06,3280.0,3280.0,3250.0,3260.0,3259.914306640625,112450,0.0,0.0
2024-09-09,3260.0,3270.0,3205.0,3235.0,3234.9150390625,103839,0.0,0.0
2024-09-10,3235.0,3305.0,3250.0,3285.0,3284.91357421875,86415,0.0,0.0
2024-09-11,3285.0,3285.0,3250.0,3250.0,3249.91455078125,48817,0.0,0.0
2024-09-12,3250.0,3330.0,3300.0,3305.0,3304.9130859375,158863,0.0,0.0
2024-09-13,3305.0,3310.0,3270.0,3285.0,3284.91357421875,232781,0.0,0.0
2024-09-16,3285.0,3400.0,3315.0,3325.0,3324.91259765625,417963,0.0,0.0
2024-09-17,3325.0,3345.0,3305.0,3305.0,3304.9130859375,127348,0.0,0.0
2024-09-18,3305.0,3400.0,3305.0,3400.0,3399.910888671875,100925,0.0,0.0
2024-09-19,3400.0,3505.0,3360.0,3495.0,3494.908203125,1426335,0.0,0.0
2024-09-20,3495.0,3600.0,3455.0,3600.0,3599.905517578125,6167893,0.0,0.0
2024-09-23,3600.0,3550.0,3490.0,3490.0,3489.908203125,315770,0.0,0.0
2024-09-24,3490.0,3550.0,3490.0,3490.0,3489.908203125,951884,0.0,0.0
2024-09-25,3490.0,3490.0,3465.0,3480.0,3479.908203125,69875,0.0,0.0
2024-09-26,3480.0,3480.0,3480.0,3480.0,3479.908203125,860,0.0,0.0
2024-09-27,3480.0,3480.0,3480.0,3480.0,3479.908203125,9644,0.0,0.0
2024-09-30,3480.0,3520.0,3500.0,3520.0,3519.90771484375,108559,0.0,0.0
2024-10-01,3520.0,3550.0,3520.0,3550.0,3549.90673828125,84996,0.0,0.0
2024-10-02,3550.0,3510.0,3510.0,3510.0,3509.90771484375,14509,0.0,0.0
2024-10-03,3510.0,3565.0,3560.0,3565.0,3564.906494140625,36895,0.0,0.0
2024-10-04,3565.0,3650.0,3540.0,3650.0,3649.903564453125,167389,0.0,0.0
2024-10-07,3650.0,3700.0,3605.0,3700.0,3699.90283203125,122948,0.0,0.0
2024-10-08,3700.0,3600.0,3680.0,3600.0,3599.905517578125,297785,0.0,0.0
2024-10-09,3600.0,3705.0,3600.0,3700.0,3699.90283203125,184032,0.0,0.0
2024-10-10,3700.0,3720.0,3625.0,3720.0,3719.927490234375,137016,77.506004,0.0
2024-10-11,3720.0,3750.0,3700.0,3730.0,3729.92724609375,42925,0.0,0.0
2024-10-15,3730.0,3730.0,3700.0,3705.0,3704.927490234375,51662,0.0,0.0
2024-10-16,3705.0,3700.0,3655.0,3655.0,3654.92822265625,35074,0.0,0.0
2024-10-17,3655.0,3655.0,3655.0,3655.0,3654.92822265625,0,0.0,0.0
2024-10-18,3655.0,3655.0,3655.0,3655.0,3654.92822265625,0,0.0,0.0
2024-10-21,3655.0,3655.0,3655.0,3655.0,3654.92822265625,0,0.0,0.0
2024-10-22,3655.0,3655.0,3655.0,3655.0,3654.92822265625,0,0.0,0.0
2024-10-23,3655.0,3655.0,3655.0,3655.0,3654.92822265625,0,0.0,0.0
2024-10-24,3655.0,3655.0,3655.0,3655.0,3654.92822265625,0,0.0,0.0
2024-10-25,3655.0,3655.0,3655.0,3655.0,3654.92822265625,0,0.0,0.0
2024-10-28,3655.0,3655.0,3655.0,3655.0,3654.92822265625,0,0.0,0.0
2024-10-29,3655.0,3655.0,3655.0,3655.0,3654.92822265625,0,0.0,0.0
2024-10-30,3655.0,3655.0,3655.0,3655.0,3654.92822265625,0,0.0,0.0
2024-10-31,3655.0,3655.0,3655.0,3655.0,3654.92822265625,0,0.0,0.0
2024-11-01,3655.0,3655.0,3655.0,3655.0,3654.92822265625,0,0.0,0.0
2024-11-04,3655.0,3655.0,3655.0,3655.0,3654.92822265625,0,0.0,0.0
2024-11-05,3655.0,3655.0,3655.0,3655.0,3654.92822265625,0,0.0,0.0
2024-11-06,3655.0,3655.0,3655.0,3655.0,3654.92822265625,0,0.0,0.0
2024-11-07,3655.0,3655.0,3655.0,3655.0,3654.92822265625,0,0.0,0.0
2024-11-08,3655.0,3655.0,3655.0,3655.0,3654.92822265625,0,0.0,0.0
2024-11-11,3655.0,3655.0,3655.0,3655.0,3654.92822265625,0,0.0,0.0
2024-11-12,3655.0,3655.0,3655.0,3655.0,3654.92822265625,0,0.0,0.0
2024-11-13,3655.0,3655.0,3655.0,3655.0,3654.92822265625,0,0.0,0.0
2024-11-14,3655.0,3990.0,3700.0,3750.0,3749.9267578125,317290,0.0,0.0
2024-11-15,3750.0,3900.0,3765.0,3845.0,3844.9248046875,163196,0.0,0.0
2024-11-18,3845.0,3920.0,3900.0,3910.0,3909.92333984375,91147,0.0,0.0
2024-11-19,3910.0,3905.0,3845.0,3900.0,3899.923583984375,46622,0.0,0.0
2024-11-20,3900.0,3900.0,3900.0,3900.0,3899.923583984375,6124,0.0,0.0
2024-11-21,3900.0,3910.0,3830.0,3830.0,3829.925048828125,90394,0.0,0.0
2024-11-22,3830.0,4095.0,3920.0,4020.0,4019.921630859375,539370,0.0,0.0
2024-11-25,4020.0,4030.0,3940.0,4030.0,4029.921142578125,86762,0.0,0.0
2024-11-26,4030.0,4200.0,4100.0,4200.0,4199.91796875,109288,0.0,0.0
2024-11-27,4200.0,4225.0,4160.0,4160.0,4159.91845703125,131335,0.0,0.0
2024-11-28,4160.0,4180.0,4155.0,4155.0,4154.9189453125,30795,0.0,0.0
2024-11-29,4155.0,4220.0,4200.0,4220.0,4219.91796875,51565,0.0,0.0
2024-12-02,4220.0,4305.0,4225.0,4295.0,4294.916015625,248216,0.0,0.0
2024-12-03,4295.0,4285.0,4200.0,4200.0,4199.91796875,101572,0.0,0.0
2024-12-04,4200.0,4220.0,4200.0,4215.0,4214.91796875,38725,0.0,0.0
2024-12-05,4215.0,4220.0,4195.0,4195.0,4194.91796875,34344,0.0,0.0
2024-12-06,4195.0,4200.0,4060.0,4085.0,4084.919921875,87237,0.0,0.0
2024-12-09,4085.0,4265.0,4090.0,4260.0,4259.91650390625,103641,0.0,0.0
2024-12-10,4260.0,4495.0,4295.0,4480.0,4479.9130859375,245309,0.0,0.0
2024-12-11,4480.0,4555.0,4310.0,4490.0,4489.91162109375,232004,0.0,0.0
2024-12-12,4490.0,4495.0,4415.0,4425.0,4424.91357421875,35052,0.0,0.0
2024-12-13,4425.0,4500.0,4480.0,4500.0,4499.91162109375,60192,0.0,0.0
2024-12-16,4500.0,4595.0,4520.0,4520.0,4519.9111328125,135279,0.0,0.0
2024-12-17,4520.0,4505.0,4450.0,4450.0,4449.91357421875,55336,0.0,0.0
2024-12-18,4450.0,4450.0,4300.0,4300.0,4299.916015625,93816,0.0,0.0
2024-12-19,4300.0,4395.0,4200.0,4225.0,4224.91748046875,345361,0.0,0.0
2024-12-20,4225.0,4280.0,4165.0,4280.0,4279.916015625,45319,0.0,0.0
2024-12-23,4280.0,4280.0,4225.0,4235.0,4234.9169921875,30676,0.0,0.0
2024-12-24,4235.0,4235.0,4235.0,4235.0,4234.9169921875,0,0.0,0.0
2024-12-25,4235.0,4235.0,4235.0,4235.0,4234.9169921875,0,0.0,0.0
2024-12-26,4235.0,4345.0,4300.0,4300.0,4299.916015625,126490,0.0,0.0
2024-12-27,4300.0,4330.0,4250.0,4250.0,4249.91650390625,78857,0.0,0.0
2024-12-30,4250.0,4355.0,4255.0,4255.0,4254.91650390625,48313,0.0,0.0
2024-12-31,4255.0,4255.0,4255.0,4255.0,4254.91650390625,0,0.0,0.0
2025-01-02,4255.0,4410.0,4360.0,4410.0,4409.91357421875,24180,0.0,0.0
2025-01-03,4410.0,4585.0,4375.0,4530.0,4529.9111328125,87884,0.0,0.0
2025-01-07,4530.0,4455.0,4405.0,4450.0,4449.91357421875,114391,0.0,0.0
2025-01-08,4450.0,4500.0,4450.0,4500.0,4499.93701171875,48153,77.506004,0.0
2025-01-09,4500.0,4545.0,4510.0,4525.0,4524.9365234375,69982,0.0,0.0
2025-01-10,4525.0,4570.0,4500.0,4570.0,4569.93603515625,87618,0.0,0.0
2025-01-13,4570.0,4605.0,4510.0,4550.0,4549.93603515625,85079,0.0,0.0
2025-01-14,4550.0,4630.0,4535.0,4630.0,4629.935546875,111556,0.0,0.0
2025-01-15,4630.0,4600.0,4450.0,4450.0,4449.9384765625,60357,0.0,0.0
2025-01-16,4450.0,4630.0,4450.0,4630.0,4629.935546875,101928,0.0,0.0
2025-01-17,4630.0,4630.0,4580.0,4630.0,4629.935546875,146413,0.0,0.0
2025-01-20,4630.0,4650.0,4520.0,4620.0,4619.935546875,59191,0.0,0.0
2025-01-21,4620.0,4620.0,4620.0,4620.0,4619.935546875,0,0.0,0.0
2025-01-22,4620.0,4700.0,4630.0,4700.0,4699.9345703125,53827,0.0,0.0
2025-01-23,4700.0,4750.0,4695.0,4750.0,4749.93408203125,75112,0.0,0.0
2025-01-24,4750.0,4900.0,4790.0,4890.0,4889.931640625,67118,0.0,0.0
2025-01-27,4890.0,4900.0,4800.0,4875.0,4874.9326171875,120323,0.0,0.0
2025-01-28,4875.0,4875.0,4875.0,4875.0,4874.9326171875,0,0.0,0.0
2025-01-29,4875.0,4875.0,4875.0,4875.0,4874.9326171875,0,0.0,0.0
2025-01-30,4875.0,4875.0,4875.0,4875.0,4874.9326171875,0,0.0,0.0
2025-01-31,4875.0,4875.0,4875.0,4875.0,4874.9326171875,0,0.0,0.0
2025-02-03,4875.0,4875.0,4875.0,4875.0,4874.9326171875,0,0.0,0.0
2025-02-04,4875.0,4875.0,4875.0,4875.0,4874.9326171875,0,0.0,0.0
2025-02-05,3730.0,3730.0,3700.0,3705.0,3704.9482421875,51662,0.0,0.0
2025-02-06,3705.0,3705.0,3705.0,3705.0,3704.9482421875,0,0.0,0.0
2025-02-07,3705.0,3705.0,3705.0,3705.0,3704.9482421875,0,0.0,0.0
2025-02-10,3705.0,3705.0,3705.0,3705.0,3704.9482421875,0,0.0,0.0
2025-02-11,3705.0,3705.0,3705.0,3705.0,3704.9482421875,0,0.0,0.0
2025-02-12,3705.0,3705.0,3705.0,3705.0,3704.9482421875,0,0.0,0.0
2025-02-13,3705.0,3705.0,3705.0,3705.0,3704.9482421875,0,0.0,0.0
2025-02-14,3705.0,3705.0,3705.0,3705.0,3704.9482421875,0,0.0,0.0
2025-02-17,4875.0,6280.0,5400.0,5500.0,5499.92333984375,1120194,0.0,0.0
2025-02-18,5500.0,5680.0,5240.0,5340.0,5339.92529296875,353645,0.0,0.0
2025-02-19,4620.0,4620.0,4590.0,4620.0,4619.935546875,78130,0.0,0.0
2025-02-20,5500.0,5510.0,5400.0,5500.0,5499.92333984375,143144,0.0,0.0
2025-02-21,5500.0,5500.0,5350.0,5350.0,5349.92529296875,267347,0.0,0.0
2025-02-24,5350.0,5350.0,5350.0,5350.0,5349.92529296875,0,0.0,0.0
2025-02-25,5350.0,5350.0,5350.0,5350.0,5349.92529296875,0,0.0,0.0
2025-02-26,5350.0,5350.0,5350.0,5350.0,5349.92529296875,0,0.0,0.0
2025-02-27,5350.0,5350.0,5350.0,5350.0,5349.92529296875,0,0.0,0.0
2025-02-28,5350.0,5350.0,5350.0,5350.0,5349.92529296875,0,0.0,0.0
2025-03-03,5350.0,5570.0,5450.0,5540.0,5539.92236328125,202851,0.0,0.0
2025-03-04,5540.0,5550.0,5350.0,5480.0,5479.92431640625,193840,0.0,0.0
2025-03-05,5480.0,5490.0,5380.0,5390.0,5389.9248046875,175334,0.0,0.0
2025-03-06,5390.0,5370.0,5300.0,5300.0,5299.92578125,151068,0.0,0.0
2025-03-07,5300.0,5300.0,5300.0,5300.0,5299.92578125,261884,0.0,0.0
2025-03-10,5300.0,5300.0,5250.0,5250.0,5249.92626953125,183170,0.0,0.0
2025-03-11,5250.0,5340.0,5240.0,5330.0,5329.92578125,207400,0.0,0.0
2025-03-12,5330.0,5390.0,5320.0,5380.0,5379.9248046875,150490,0.0,0.0
2025-03-13,5380.0,5400.0,5380.0,5400.0,5399.9248046875,70409,0.0,0.0
2025-03-14,5400.0,5480.0,5350.0,5370.0,5369.9248046875,140116,0.0,0.0
2025-03-17,5370.0,5500.0,5380.0,5500.0,5499.92333984375,89991,0.0,0.0
2025-03-18,5500.0,5600.0,5500.0,5500.0,5499.92333984375,288955,0.0,0.0
2025-03-19,5500.0,5400.0,5000.0,5180.0,5179.92822265625,637696,0.0,0.0
2025-03-20,5180.0,5220.0,5000.0,5000.0,4999.9296875,446131,0.0,0.0
2025-03-21,5000.0,5000.0,5000.0,5000.0,4999.9296875,0,0.0,0.0
2025-03-24,5000.0,5000.0,5000.0,5000.0,4999.9296875,0,0.0,0.0
2025-03-25,4900.0,5270.0,5000.0,5260.0,5259.92626953125,442900,0.0,0.0
2025-03-26,5260.0,5590.0,5260.0,5370.0,5369.9248046875,694002,0.0,0.0
2025-03-27,5370.0,5650.0,5360.0,5580.0,5579.92236328125,488137,0.0,0.0
2025-03-28,5580.0,5600.0,5380.0,5500.0,5499.92333984375,1456722,0.0,0.0
2025-03-31,5500.0,5660.0,5450.0,5650.0,5649.92138671875,952293,0.0,0.0
2025-04-01,5650.0,5900.0,5610.0,5900.0,5899.91796875,520254,0.0,0.0
2025-04-02,5900.0,5870.0,5710.0,5800.0,5799.91845703125,294356,0.0,0.0
2025-04-03,5800.0,5920.0,5370.0,5900.0,5899.91796875,274679,0.0,0.0
2025-04-04,5900.0,5800.0,5550.0,5700.0,5699.9208984375,80277,0.0,0.0
2025-04-07,5700.0,5780.0,5500.0,5780.0,5779.9189453125,124496,0.0,0.0
2025-04-08,5780.0,5850.0,5640.0,5700.0,5699.9208984375,131675,0.0,0.0
2025-04-09,5700.0,5900.0,5650.0,5900.0,5899.91796875,245885,0.0,0.0
2025-04-10,5900.0,5920.0,5810.0,5920.0,5919.91796875,470373,0.0,0.0
2025-04-11,5920.0,6000.0,5910.0,5910.0,5909.91796875,334687,0.0,0.0
2025-04-14,5910.0,6050.0,5580.0,6010.0,6009.91650390625,423043,0.0,0.0
2025-04-15,6010.0,6000.0,5910.0,6000.0,5999.91650390625,103684,0.0,0.0
2025-04-16,6000.0,6100.0,5960.0,6000.0,5999.91650390625,464561,0.0,0.0
2025-04-17,6000.0,6000.0,6000.0,6000.0,5999.91650390625,0,0.0,0.0
2025-04-18,6000.0,6000.0,6000.0,6000.0,5999.91650390625,0,0.0,0.0
2025-04-21,6000.0,6180.0,6020.0,6090.0,6089.9140625,140839,0.0,0.0
2025-04-22,6090.0,6160.0,6120.0,6160.0,6159.9140625,45743,0.0,0.0
2025-04-23,6160.0,6050.0,5860.0,6000.0,5999.91650390625,66925,0.0,0.0
2025-04-24,6000.0,6200.0,6000.0,6200.0,6199.9140625,165699,0.0,0.0
2025-04-25,6200.0,6200.0,5930.0,6180.0,6179.93896484375,179703,77.506004,0.0
2025-04-28,6180.0,6060.0,6050.0,6050.0,6049.93994140625,94644,0.0,0.0
2025-04-29,6050.0,6100.0,6030.0,6030.0,6029.9404296875,114128,0.0,0.0
2025-04-30,6030.0,6030.0,6030.0,6030.0,6029.9404296875,3758,0.0,0.0
2025-05-01,6030.0,6030.0,6030.0,6030.0,6029.9404296875,0,0.0,0.0
2025-05-02,6030.0,6000.0,5980.0,5980.0,5979.94140625,37621,0.0,0.0
2025-05-05,5980.0,6010.0,5910.0,5910.0,5909.94189453125,99426,0.0,0.0
2025-05-06,6030.0,6030.0,6030.0,6030.0,6029.9404296875,3758,0.0,0.0
2025-05-07,6140.0,6380.0,6190.0,6380.0,6379.9365234375,555590,0.0,0.0
2025-05-08,6380.0,6400.0,6330.0,6370.0,6369.9365234375,59397,0.0,0.0
2025-05-09,6370.0,7380.0,6500.0,6990.0,6989.9306640625,974266,0.0,0.0
2025-05-12,6990.0,6640.0,6900.0,6780.0,6779.93359375,77544,0.0,0.0
2025-05-13,6780.0,6780.0,6950.0,6950.0,6949.9306640625,71008,0.0,0.0
2025-05-14,6950.0,6600.0,7240.0,7230.0,7229.92822265625,779995,0.0,0.0
2025-05-15,7230.0,7250.0,7100.0,7250.0,7249.927734375,199046,0.0,0.0
2025-05-16,7250.0,7140.0,7000.0,7140.0,7139.9296875,353866,0.0,0.0
2025-05-19,7140.0,7120.0,6910.0,7120.0,7119.9296875,13704,0.0,0.0
2025-05-20,7120.0,7160.0,7130.0,7140.0,7139.9296875,158630,0.0,0.0
2025-05-21,7140.0,7440.0,7200.0,7440.0,7439.9267578125,409056,0.0,0.0
2025-05-22,7440.0,7430.0,7250.0,7320.0,7319.92724609375,79659,0.0,0.0
2025-05-23,7320.0,7400.0,7330.0,7350.0,7349.92724609375,82835,0.0,0.0
2025-05-26,7350.0,7350.0,7050.0,7300.0,7299.92724609375,28636,0.0,0.0
2025-05-27,7300.0,7300.0,7110.0,7210.0,7209.9287109375,94927,0.0,0.0
2025-05-28,7210.0,7210.0,7210.0,7210.0,7209.9287109375,0,0.0,0.0
2025-05-29,7210.0,7210.0,7210.0,7210.0,7209.9287109375,0,0.0,0.0
2025-05-30,7210.0,7210.0,7210.0,7210.0,7209.9287109375,0,0.0,0.0
2025-06-02,7210.0,7210.0,7210.0,7210.0,7209.9287109375,0,0.0,0.0
2025-06-03,7210.0,7210.0,7210.0,7210.0,7209.9287109375,0,0.0,0.0
2025-06-04,7210.0,7210.0,7210.0,7210.0,7209.9287109375,0,0.0,0.0
2025-06-05,7210.0,7210.0,7210.0,7210.0,7209.9287109375,0,0.0,0.0
2025-06-06,7210.0,7210.0,7210.0,7210.0,7209.9287109375,0,0.0,0.0
2025-06-09,7210.0,7210.0,7210.0,7210.0,7209.9287109375,0,0.0,0.0
2025-06-10,7210.0,7210.0,7210.0,7210.0,7209.9287109375,0,0.0,0.0
2025-06-11,7210.0,7210.0,7210.0,7210.0,7209.9287109375,0,0.0,0.0
2025-06-12,7210.0,7210.0,7210.0,7210.0,7209.9287109375,0,0.0,0.0
2025-06-13,7210.0,7210.0,7210.0,7210.0,7209.9287109375,0,0.0,0.0
2025-06-16,7210.0,7210.0,7210.0,7210.0,7209.9287109375,0,0.0,0.0
2025-06-17,7210.0,7000.0,6860.0,6940.0,6939.93115234375,152841,0.0,0.0
2025-06-18,6940.0,7400.0,6940.0,7210.0,7209.9287109375,540124,0.0,0.0
2025-06-19,7210.0,7250.0,7120.0,7220.0,7219.92822265625,325226,0.0,0.0
2025-06-20,7220.0,7130.0,7050.0,7130.0,7129.9296875,205778,0.0,0.0
2025-06-24,7130.0,7500.0,6500.0,7300.0,7299.92724609375,1092644,0.0,0.0
2025-06-25,7300.0,7300.0,7240.0,7290.0,7289.927734375,376067,0.0,0.0
2025-06-26,7290.0,7230.0,7220.0,7230.0,7229.92822265625,20127,0.0,0.0
2025-06-27,7230.0,7200.0,7130.0,7200.0,7199.92919921875,42327,0.0,0.0
2025-06-30,7200.0,7200.0,7200.0,7200.0,7199.92919921875,0,0.0,0.0
2025-07-01,7200.0,7300.0,7170.0,7200.0,7199.92919921875,252814,0.0,0.0
2025-07-02,7200.0,7300.0,7200.0,7300.0,7299.92724609375,86825,0.0,0.0
2025-07-03,7300.0,7300.0,7230.0,7300.0,7299.92724609375,48004,0.0,0.0
2025-07-04,7300.0,7300.0,7240.0,7300.0,7299.92724609375,53195,0.0,0.0
2025-07-07,7300.0,7300.0,7230.0,7300.0,7299.92724609375,61027,0.0,0.0
2025-07-08,7300.0,7300.0,7270.0,7270.0,7269.927734375,23041,0.0,0.0
2025-07-09,7270.0,7290.0,7150.0,7290.0,7289.927734375,57509,0.0,0.0
2025-07-10,7290.0,7250.0,7050.0,7050.0,7049.93017578125,45225,0.0,0.0
2025-07-11,7050.0,7290.0,7150.0,7290.0,7289.927734375,358035,0.0,0.0
2025-07-14,7290.0,7300.0,7230.0,7230.0,7229.92822265625,61895,0.0,0.0
2025-07-15,7230.0,7300.0,7100.0,7300.0,7299.92724609375,48682,0.0,0.0
2025-07-16,7300.0,7300.0,7290.0,7300.0,7299.92724609375,62236,0.0,0.0
2025-07-17,7300.0,7300.0,7140.0,7290.0,7289.927734375,77595,0.0,0.0
2025-07-18,7290.0,7320.0,7200.0,7320.0,7319.92724609375,67874,0.0,0.0
2025-07-21,7320.0,7480.0,7300.0,7480.0,7479.92626953125,466840,0.0,0.0
2025-07-22,7480.0,7530.0,7470.0,7480.0,7479.92626953125,328556,0.0,0.0
2025-07-23,7480.0,7520.0,7500.0,7500.0,7499.92578125,43261,0.0,0.0
2025-07-24,7500.0,7550.0,7280.0,7550.0,7549.92529296875,84234,0.0,0.0
2025-07-25,7550.0,7550.0,7310.0,7540.0,7539.92529296875,81770,0.0,0.0
2025-07-28,7540.0,7540.0,7500.0,7540.0,7539.95068359375,137777,77.506004,0.0
2025-07-29,7540.0,7690.0,7500.0,7690.0,7689.94970703125,310117,0.0,0.0
2025-07-30,7690.0,7560.0,7560.0,7560.0,7559.9501953125,25740,0.0,0.0
2025-07-31,7560.0,7560.0,7560.0,7560.0,7559.9501953125,7907,0.0,0.0
2025-08-01,7560.0,7550.0,7270.0,7550.0,7549.95068359375,92642,0.0,0.0
2025-08-04,7550.0,7550.0,7550.0,7550.0,7549.95068359375,0,0.0,0.0
2025-08-05,7310.0,7490.0,7310.0,7400.0,7399.95166015625,30780,0.0,0.0
2025-08-06,7400.0,7600.0,7500.0,7600.0,7599.9501953125,183742,0.0,0.0
2025-08-07,7600.0,7600.0,7600.0,7600.0,7599.9501953125,0,0.0,0.0
2025-08-08,7600.0,7780.0,7600.0,7780.0,7779.94873046875,320346,0.0,0.0
2025-08-11,7780.0,7770.0,7610.0,7610.0,7609.94970703125,134,0.0,0.0
2025-08-12,7610.0,7670.0,7800.0,7800.0,7799.94873046875,123967,0.0,0.0
2025-08-13,7800.0,7780.0,8140.0,8050.0,8049.947265625,416285,0.0,0.0
2025-08-14,8050.0,8200.0,7940.0,8030.0,8029.94775390625,196644,0.0,0.0
2025-08-15,8030.0,8180.0,8030.0,8140.0,8139.9462890625,69834,0.0,0.0
2025-08-19,8140.0,8360.0,8160.0,8260.0,8259.9453125,208766,0.0,0.0
2025-08-20,8260.0,8400.0,8300.0,8320.0,8319.9453125,68080,0.0,0.0
2025-08-21,8320.0,8400.0,8350.0,8350.0,8349.9453125,31373,0.0,0.0
2025-08-22,8350.0,8700.0,8250.0,8690.0,8689.943359375,379008,0.0,0.0
2025-08-25,8690.0,9200.0,8690.0,9100.0,9099.939453125,445108,0.0,0.0
2025-08-26,9100.0,9380.0,9000.0,9300.0,9299.939453125,289485,0.0,0.0
2025-08-27,9300.0,9200.0,9000.0,9200.0,9199.939453125,43148,0.0,0.0
2025-08-28,9200.0,9740.0,9160.0,9740.0,9739.9365234375,208266,0.0,0.0
2025-08-29,9740.0,10280.0,9500.0,10200.0,10199.93359375,545615,0.0,0.0
2025-09-01,10200.0,10300.0,9870.0,10000.0,9999.93359375,103786,0.0,0.0
2025-09-02,10000.0,10000.0,10000.0,10000.0,9999.93359375,0,0.0,0.0
2025-09-03,10460.0,10580.0,10400.0,10420.0,10419.9326171875,114841,0.0,0.0
2025-09-04,10420.0,11180.0,10360.0,10960.0,10959.9287109375,362527,0.0,0.0
2025-09-05,10960.0,11160.0,10800.0,11000.0,10999.9287109375,238425,0.0,0.0
2025-09-08,11000.0,11200.0,11000.0,11200.0,11199.9267578125,119526,0.0,0.0
2025-09-09,11200.0,11500.0,11100.0,11280.0,11279.9267578125,384377,0.0,0.0
2025-09-10,11280.0,11520.0,10900.0,11200.0,11199.9267578125,297100,0.0,0.0
2025-09-11,11200.0,11240.0,10600.0,11240.0,11239.9267578125,221922,0.0,0.0
2025-09-12,11240.0,11440.0,11200.0,11280.0,11279.9267578125,59082,0.0,0.0
2025-09-15,11280.0,11220.0,11100.0,11200.0,11199.9267578125,58463,0.0,0.0
2025-09-16,11200.0,11300.0,11000.0,11120.0,11119.9267578125,82458,0.0,0.0
2025-09-17,11120.0,11000.0,10620.0,11000.0,10999.9287109375,130666,0.0,0.0
2025-09-18,11000.0,10760.0,10340.0,10700.0,10699.9296875,259581,0.0,0.0
2025-09-19,10700.0,11000.0,10500.0,11000.0,10999.9287109375,345879,0.0,0.0
2025-09-22,11000.0,11060.0,10760.0,11000.0,10999.9287109375,115985,0.0,0.0
2025-09-23,11000.0,11260.0,10980.0,11000.0,10999.9287109375,1651546,0.0,0.0
2025-09-24,11000.0,11160.0,11000.0,11140.0,11139.9267578125,398014,0.0,0.0
2025-09-25,11140.0,11500.0,11040.0,11500.0,11499.9248046875,210813,0.0,0.0
2025-09-26,11500.0,12000.0,11540.0,12000.0,11999.921875,227150,0.0,0.0
2025-09-29,12000.0,12100.0,11980.0,12000.0,11999.921875,437159,0.0,0.0
2025-09-30,10200.0,10300.0,9870.0,10000.0,9999.93359375,103786,0.0,0.0
2025-10-01,12580.0,12900.0,12600.0,12740.0,12739.916015625,185231,0.0,0.0
2025-10-02,12740.0,12820.0,12280.0,12460.0,12459.9189453125,126686,0.0,0.0
2025-10-03,12460.0,12800.0,12600.0,12800.0,12799.916015625,223476,0.0,0.0
2025-10-06,12800.0,13380.0,12800.0,13380.0,13379.912109375,429445,0.0,0.0
2025-10-07,13380.0,13400.0,13280.0,13300.0,13299.912109375,120989,0.0,0.0
2025-10-08,13300.0,14000.0,13400.0,14000.0,13999.908203125,472160,0.0,0.0
2025-10-09,14000.0,14100.0,12840.0,13340.0,13339.912109375,277922,0.0,0.0
2025-10-10,13340.0,13700.0,13440.0,13600.0,13599.9111328125,179533,0.0,0.0
2025-10-14,13600.0,14000.0,13600.0,13900.0,13899.908203125,164966,0.0,0.0
2025-10-15,13900.0,14300.0,13960.0,14180.0,14179.9072265625,176239,0.0,0.0
2025-10-16,14180.0,14640.0,14280.0,14640.0,14639.9033203125,378753,0.0,0.0
2025-10-17,14640.0,14680.0,13500.0,14680.0,14679.9033203125,424664,0.0,0.0
2025-10-20,14680.0,15000.0,14560.0,14620.0,14619.9033203125,316606,0.0,0.0
2025-10-21,14620.0,14620.0,13800.0,14400.0,14399.90625,290232,0.0,0.0
2025-10-22,14400.0,14220.0,13500.0,14220.0,14219.9072265625,210616,0.0,0.0
2025-10-23,14220.0,14520.0,14220.0,14400.0,14399.90625,94984,0.0,0.0
2025-10-24,14400.0,14360.0,14200.0,14200.0,14199.9072265625,33195,0.0,0.0
2025-10-27,14200.0,14000.0,13000.0,13000.0,12999.9150390625,281974,0.0,0.0
2025-10-28,13000.0,13000.0,12500.0,12920.0,12919.939453125,289341,77.506004,0.0
2025-10-29,12920.0,13500.0,13000.0,13360.0,13359.9375,144460,0.0,0.0
2025-10-30,13360.0,13780.0,13360.0,13600.0,13599.9375,108209,0.0,0.0
2025-10-31,13600.0,13820.0,13500.0,13600.0,13599.9375,53113,0.0,0.0
2025-11-04,13600.0,13340.0,12860.0,13000.0,12999.939453125,328539,0.0,0.0
2025-11-05,13000.0,13340.0,13000.0,13340.0,13339.9375,384832,0.0,0.0
2025-11-06,13340.0,14200.0,13440.0,13840.0,13839.935546875,531211,0.0,0.0
2025-11-07,13840.0,14000.0,13800.0,14000.0,13999.9345703125,131319,0.0,0.0
2025-11-10,14000.0,14300.0,14000.0,14000.0,13999.9345703125,316539,0.0,0.0
2025-11-11,14000.0,14200.0,13800.0,14100.0,14099.9345703125,34028,0.0,0.0
2025-11-12,14100.0,14600.0,13980.0,14600.0,14599.931640625,396342,0.0,0.0
2025-11-13,14600.0,15000.0,14540.0,14960.0,14959.9306640625,220385,0.0,0.0
2025-11-14,14960.0,14880.0,13960.0,14560.0,14559.931640625,270756,0.0,0.0
2025-11-18,14560.0,14900.0,14500.0,14900.0,14899.931640625,198208,0.0,0.0
2025-11-19,14900.0,15100.0,14720.0,14860.0,14859.931640625,137146,0.0,0.0
2025-11-20,14860.0,14800.0,14500.0,14600.0,14599.931640625,31338,0.0,0.0
2025-11-21,14600.0,14720.0,14200.0,14700.0,14699.931640625,100689,0.0,0.0
2025-11-24,14700.0,15000.0,14640.0,14960.0,14959.9306640625,2419194,0.0,0.0
2025-11-25,14960.0,15000.0,14500.0,15000.0,14999.9296875,405550,0.0,0.0
2025-11-26,15000.0,15100.0,14820.0,15060.0,15059.9296875,276865,0.0,0.0
2025-11-27,15060.0,15180.0,14840.0,15000.0,14999.9296875,80609,0.0,0.0
2025-11-28,15000.0,15120.0,14900.0,15000.0,14999.9296875,415462,0.0,0.0
2025-12-01,15000.0,15580.0,14940.0,15580.0,15579.9267578125,323173,0.0,0.0
2025-12-02,15580.0,15500.0,15240.0,15480.0,15479.9287109375,163392,0.0,0.0
2025-12-03,13600.0,13340.0,12860.0,13000.0,12999.939453125,328539,0.0,0.0
2025-12-04,15660.0,15600.0,15340.0,15480.0,15479.9287109375,81050,0.0,0.0
2025-12-05,15480.0,15560.0,15300.0,15340.0,15339.9287109375,32946,0.0,0.0
2025-12-09,15340.0,15480.0,15200.0,15480.0,15479.9287109375,96513,0.0,0.0
2025-12-10,15480.0,15320.0,15100.0,15320.0,15319.9287109375,91961,0.0,0.0
2025-12-11,15320.0,15480.0,15120.0,15480.0,15479.9287109375,107294,0.0,0.0
2025-12-12,15480.0,15560.0,15260.0,15340.0,15339.9287109375,222419,0.0,0.0
2025-12-15,15340.0,15460.0,15200.0,15460.0,15459.9287109375,116947,0.0,0.0
2025-12-16,15460.0,15500.0,15200.0,15500.0,15499.9287109375,215726,0.0,0.0
2025-12-17,15500.0,15560.0,15420.0,15560.0,15559.9267578125,136851,0.0,0.0
2025-12-18,15560.0,15580.0,15420.0,15560.0,15559.9267578125,101097,0.0,0.0
2025-12-19,15560.0,15700.0,15480.0,15600.0,15599.9267578125,292802,0.0,0.0
2025-12-22,15600.0,15700.0,15480.0,15600.0,15599.9267578125,516951,0.0,0.0
2025-12-23,15600.0,15620.0,15500.0,15560.0,15559.9267578125,72023,0.0,0.0
2025-12-24,15560.0,15660.0,15640.0,15660.0,15659.9267578125,10235,0.0,0.0
2025-12-26,15660.0,15680.0,15520.0,15520.0,15519.927734375,28434,0.0,0.0
2025-12-29,15520.0,15400.0,14800.0,15400.0,15399.9287109375,118021,0.0,0.0
2025-12-30,15400.0,15480.0,15100.0,15300.0,15299.9287109375,86922,0.0,0.0
2025-12-31,15300.0,15300.0,15300.0,15300.0,15299.9287109375,0,0.0,0.0
2026-01-02,15300.0,15480.0,14820.0,15180.0,15179.9296875,24336,0.0,0.0
2026-01-05,15180.0,15600.0,15180.0,15600.0,15599.9267578125,221430,0.0,0.0
2026-01-06,15600.0,15780.0,15160.0,15780.0,15779.9267578125,181516,0.0,0.0
2026-01-07,15780.0,15780.0,15500.0,15780.0,15779.9267578125,140287,0.0,0.0
2026-01-08,15780.0,15820.0,15660.0,15820.0,15819.9267578125,68375,0.0,0.0
2026-01-09,15820.0,16500.0,15820.0,16360.0,16359.923828125,227186,0.0,0.0
2026-01-13,16360.0,17300.0,16500.0,17100.0,17099.919921875,137843,0.0,0.0
2026-01-14,17100.0,17280.0,17140.0,17260.0,17259.919921875,155576,0.0,0.0
2026-01-15,17260.0,17240.0,17100.0,17240.0,17239.919921875,52309,0.0,0.0
2026-01-16,17240.0,17280.0,17100.0,17260.0,17259.919921875,118811,0.0,0.0
2026-01-19,17260.0,17780.0,17280.0,17500.0,17499.919921875,186353,0.0,0.0
2026-01-20,17500.0,18140.0,17600.0,18140.0,18139.9140625,802867,0.0,0.0
2026-01-21,18140.0,18800.0,18200.0,18680.0,18679.912109375,608330,0.0,0.0
2026-01-22,18680.0,18800.0,18620.0,18800.0,18799.912109375,93569,0.0,0.0
2026-01-23,18800.0,19000.0,18800.0,19000.0,18999.912109375,198986,0.0,0.0
2026-01-26,19000.0,19960.0,19000.0,19900.0,19899.90625,122844,0.0,0.0
2026-01-27,19900.0,20500.0,19200.0,20500.0,20499.9296875,376689,77.506004,0.0
2026-01-28,20500.0,21860.0,20380.0,21860.0,21859.92578125,275081,0.0,0.0
2026-01-29,21860.0,22100.0,19700.0,21200.0,21199.927734375,322385,0.0,0.0
2026-01-30,21200.0,20940.0,18200.0,19180.0,19179.935546875,694916,0.0,0.0
2026-02-02,19180.0,18500.0,17020.0,18000.0,17999.939453125,965634,0.0,0.0
2026-02-03,18000.0,19280.0,18160.0,18740.0,18739.935546875,285124,0.0,0.0
2026-02-04,18740.0,19360.0,18500.0,18840.0,18839.935546875,231359,0.0,0.0
2026-02-05,18840.0,18480.0,17740.0,17780.0,17779.939453125,310753,0.0,0.0
2026-02-06,17780.0,18360.0,18000.0,18240.0,18239.9375,73634,0.0,0.0
2026-02-09,18240.0,18740.0,18240.0,18720.0,18719.935546875,79333,0.0,0.0
2026-02-10,18720.0,19000.0,18440.0,19000.0,18999.935546875,149734,0.0,0.0
2026-02-11,19000.0,19740.0,18680.0,19620.0,19619.93359375,338377,0.0,0.0
2026-02-12,19620.0,19760.0,18820.0,19380.0,19379.93359375,91405,0.0,0.0
2026-02-13,19380.0,19700.0,18560.0,19700.0,19699.93359375,166029,0.0,0.0
2026-02-16,19700.0,19740.0,19400.0,19400.0,19399.93359375,151726,0.0,0.0
2026-02-17,19400.0,19340.0,18900.0,19180.0,19179.935546875,105924,0.0,0.0
2026-02-18,19180.0,19800.0,19100.0,19780.0,19779.931640625,138595,0.0,0.0
2026-02-19,19780.0,19880.0,19100.0,19200.0,19199.935546875,160316,0.0,0.0
2026-02-20,19200.0,19980.0,19200.0,19980.0,19979.931640625,482480,0.0,0.0
2026-02-23,19980.0,20000.0,19200.0,19660.0,19659.93359375,506574,0.0,0.0
2026-02-24,19660.0,19580.0,19120.0,19580.0,19579.93359375,69163,0.0,0.0
2026-02-25,19580.0,19500.0,19100.0,19500.0,19499.93359375,137663,0.0,0.0
2026-02-26,19500.0,19300.0,18020.0,19280.0,19279.935546875,93705,0.0,0.0
2026-02-27,19280.0,20280.0,19200.0,20280.0,20279.931640625,1358999,0.0,0.0
2026-03-02,20280.0,20600.0,19780.0,19980.0,19979.931640625,183983,0.0,0.0
2026-03-03,19980.0,18980.0,18040.0,18700.0,18699.935546875,203571,0.0,0.0
2026-03-04,19980.0,18980.0,18040.0,18700.0,18699.935546875,203571,0.0,0.0
2026-03-05,18000.0,17900.0,16800.0,16820.0,16819.943359375,138172,0.0,0.0
2026-03-06,16820.0,17400.0,15500.0,16500.0,16499.943359375,152727,0.0,0.0
2026-03-09,16500.0,16880.0,16000.0,16840.0,16839.943359375,91891,0.0,0.0
2026-03-11,17400.0,17500.0,16980.0,17480.0,17479.94140625,239298,0.0,0.0
2026-03-12,17480.0,17480.0,16560.0,16760.0,16759.943359375,166413,0.0,0.0
2026-03-13,16760.0,16760.0,15300.0,15960.0,15959.9462890625,265420,0.0,0.0
2026-03-16,15960.0,15900.0,15120.0,15540.0,15539.9462890625,215653,0.0,0.0
2026-03-17,15540.0,15380.0,14520.0,14520.0,14519.9501953125,213891,0.0,0.0
2026-03-18,14520.0,14480.0,13100.0,13580.0,13579.9541015625,353757,0.0,0.0
2026-03-19,13580.0,13320.0,12200.0,12520.0,12519.9580078125,303261,0.0,0.0
2026-03-20,12520.0,13200.0,11800.0,11800.0,11799.9599609375,362548,0.0,0.0
2026-03-24,11800.0,13300.0,12060.0,13300.0,13299.9541015625,240951,0.0,0.0
2026-03-25,13300.0,14500.0,13200.0,13200.0,13199.955078125,493405,0.0,0.0
2026-03-26,13200.0,13460.0,12520.0,12900.0,12899.9560546875,120627,0.0,0.0
2026-03-27,12900.0,13340.0,12500.0,12500.0,12499.9580078125,239565,0.0,0.0
2026-03-30,12500.0,12980.0,12000.0,12000.0,11999.958984375,87090,0.0,0.0
2026-03-31,12000.0,13460.0,12600.0,13200.0,13199.955078125,70360,0.0,0.0
2026-04-01,13200.0,13980.0,13380.0,13840.0,13839.953125,313886,0.0,0.0
2026-04-02,13840.0,13840.0,13840.0,13840.0,13839.953125,0,0.0,0.0
2026-04-03,13840.0,13840.0,13840.0,13840.0,13839.953125,0,0.0,0.0
2026-04-06,13840.0,14140.0,13080.0,13880.0,13879.9521484375,121301,0.0,0.0
2026-04-07,13880.0,14100.0,13700.0,14000.0,13999.9521484375,124112,0.0,0.0
2026-04-08,14000.0,14900.0,14500.0,14620.0,14619.9501953125,308972,0.0,0.0
2026-04-09,14620.0,14620.0,14040.0,14320.0,14319.9521484375,194418,0.0,0.0
2026-04-10,14620.0,14620.0,14040.0,14320.0,14319.9521484375,194418,0.0,0.0
2026-04-13,13840.0,14140.0,13080.0,13880.0,13879.9521484375,121301,0.0,0.0
2026-04-14,14400.0,14800.0,14300.0,14520.0,14519.9501953125,208914,0.0,0.0
2026-04-15,14520.0,14600.0,14300.0,14460.0,14459.9501953125,85122,0.0,0.0
2026-04-16,14460.0,14860.0,14460.0,14660.0,14659.9501953125,70168,0.0,0.0
2026-04-17,14660.0,14920.0,14720.0,14920.0,14919.9755859375,144683,77.506004,0.0
2026-04-20,14920.0,14900.0,14540.0,14700.0,14699.9755859375,43683,0.0,0.0
2026-04-21,14700.0,14660.0,14100.0,14280.0,14279.9765625,157948,0.0,0.0
2026-04-22,14280.0,14580.0,14020.0,14020.0,14019.9765625,59678,0.0,0.0
2026-04-23,14020.0,14260.0,13920.0,14000.0,13999.9765625,73432,0.0,0.0
2026-04-24,14000.0,14020.0,13800.0,13840.0,13839.9765625,17702,0.0,0.0
2026-04-27,13840.0,13900.0,13620.0,13680.0,13679.9775390625,85927,0.0,0.0
2026-04-28,13680.0,13660.0,13500.0,13600.0,13599.9775390625,53871,0.0,0.0
2026-04-29,13600.0,13780.0,13000.0,13000.0,12999.978515625,237114,0.0,0.0
2026-04-30,13000.0,13780.0,13260.0,13600.0,13599.9775390625,63450,0.0,0.0
2026-05-04,13600.0,13620.0,13300.0,13560.0,13559.9775390625,26313,0.0,0.0
2026-05-05,13560.0,13560.0,13560.0,13560.0,13559.9775390625,0,0.0,0.0
2026-05-06,13420.0,14560.0,13700.0,13700.0,13699.9775390625,262629,0.0,0.0
2026-05-07,13700.0,15620.0,14420.0,15100.0,15099.974609375,597832,0.0,0.0
2026-05-08,15100.0,15700.0,15240.0,15700.0,15699.9736328125,272186,0.0,0.0
2026-05-11,15700.0,16500.0,15040.0,15620.0,15619.9736328125,153383,0.0,0.0
2026-05-12,15620.0,15700.0,14860.0,14900.0,14899.9755859375,42937,0.0,0.0
2026-05-13,14865.099609375,14680.0,14900.0,15040.0,15039.974609375,48637,0.0,0.0
2026-05-14,14840.0,15340.0,14360.0,15020.0,15019.974609375,138722,0.0,0.0
2026-05-15,15020.0,15000.0,14480.0,14500.0,14499.9755859375,52795,0.0,0.0
2026-05-19,14500.0,14340.0,14000.0,14140.0,14139.9765625,125110,0.0,0.0
2026-05-20,14140.0,14160.0,13900.0,14040.0,14039.9765625,42562,0.0,0.0
2026-05-21,14040.0,15080.0,14260.0,15000.0,14999.974609375,260472,0.0,0.0
2026-05-22,15000.0,15600.0,14960.0,15320.0,15319.974609375,195491,0.0,0.0
2026-05-25,15320.0,16100.0,15580.0,16060.0,16059.9736328125,140811,0.0,0.0
2026-05-26,16060.0,16060.0,15520.0,15640.0,15639.9736328125,114642,0.0,0.0
2026-05-27,15640.0,15640.0,14620.0,14800.0,14799.9755859375,157297,0.0,0.0
2026-05-28,14800.0,15400.0,14520.0,15320.0,15319.974609375,159677,0.0,0.0
2026-06-01,16120.0,16240.0,15700.0,16160.0,16159.97265625,214271,0.0,0.0
2026-06-02,16120.0,16240.0,15700.0,16160.0,16159.97265625,214271,0.0,0.0
2026-06-03,16160.0,15960.0,15420.0,15460.0,15459.974609375,142751,0.0,0.0
2026-06-04,15460.0,15840.0,15280.0,15480.0,15479.974609375,101135,0.0,0.0
2026-06-05,13560.0,13800.0,13220.0,13420.0,13419.9775390625,230320,0.0,0.0
2026-06-08,13420.0,13420.0,13420.0,13420.0,13419.9775390625,0,0.0,0.0
2026-06-09,14560.0,14720.0,14000.0,14700.0,14699.9755859375,504942,0.0,0.0
2026-06-10,14700.0,14400.0,13820.0,13820.0,13819.9765625,284928,0.0,0.0
2026-06-11,13820.0,14580.0,13820.0,14580.0,14579.9755859375,178503,0.0,0.0
2026-06-16,15500.0,16880.0,16200.0,16740.0,16739.97265625,428056,0.0,0.0
2026-06-17,16740.0,17160.0,16200.0,16260.0,16259.97265625,199950,0.0,0.0
2026-06-18,16260.0,16260.0,16260.0,16260.0,16259.97265625,0,0.0,0.0
2026-06-19,16260.0,16260.0,16260.0,16260.0,16259.97265625,0,0.0,0.0
2026-06-22,16540.0,17100.0,15400.0,16700.0,16699.97265625,167406,0.0,0.0
2026-06-23,16700.0,16700.0,15700.0,15760.0,15759.9736328125,130705,0.0,0.0
2026-06-24,15760.0,15660.0,14900.0,15140.0,15139.974609375,142981,0.0,0.0
2026-06-25,15140.0,15660.0,14820.0,15660.0,15659.9736328125,73771,0.0,0.0
2026-06-26,15660.0,15960.0,15400.0,15940.0,15939.9736328125,150520,0.0,0.0
2026-06-29,15940.0,15940.0,15940.0,15940.0,15939.9736328125,0,0.0,0.0
2026-06-30,15940.0,16400.0,15260.0,15820.0,15819.9736328125,56313,0.0,0.0
2026-07-01,15820.0,15940.0,15320.0,15620.0,15619.9736328125,82833,0.0,0.0
2026-07-02,15620.0,15960.0,15720.0,15920.0,15919.9736328125,81254,0.0,0.0
2026-07-03,15920.0,16280.0,15800.0,16280.0,16279.97265625,163576,0.0,0.0
2026-07-06,16280.0,16260.0,15820.0,16140.0,16139.97265625,100356,0.0,0.0
2026-07-07,16140.0,15920.0,15040.0,15320.0,15319.974609375,151415,0.0,0.0
2026-07-08,15320.0,15500.0,14580.0,14920.0,14919.9755859375,174683,0.0,0.0
2026-07-09,14920.0,15540.0,14920.0,15180.0,15179.974609375,181209,0.0,0.0
2026-07-10,15180.0,16000.0,14900.0,16000.0,16000.0,190379,77.506004,0.0
2026-07-14,16000.0,16000.0,15500.0,15500.0,15500.0,133896,0.0,0.0
2026-07-15,15500.0,15680.0,15100.0,15420.0,15420.0,63589,0.0,0.0
2026-07-16,15420.0,15160.0,14860.0,14900.0,14900.0,136031,0.0,0.0
2026-07-17,14900.0,15080.0,14560.0,14800.0,14800.0,80423,0.0,0.0
2026-07-21,14800.0,15700.0,15080.0,15300.0,15300.0,412122,0.0,0.0
2026-07-22,15300.0,16000.0,15240.0,15520.0,15520.0,359009,0.0,0.0
2026-07-23,15520.0,15680.0,15080.0,15580.0,15580.0,60947,0.0,0.0
2026-07-24,15580.0,15580.0,15580.0,15580.0,15580.0,0,0.0,0.0
2026-07-27,15900.0,16300.0,15720.0,15960.0,15960.0,76682,0.0,0.0
2026-07-28,15960.0,15960.0,15500.0,15800.0,15800.0,34182,0.0,0.0
2026-07-29,4895.0,15880.0,15320.0,15800.0,15800.0,33147,0.0,0.0
2026-07-30,15800.0,16300.0,15820.0,16040.0,16040.0,88202,0.0,0.0
2026-07-31,16040.0,16020.0,15740.0,15940.0,15940.0,38580,0.0,0.0
2026-08-03,15940.0,16080.0,15820.0,15940.0,15940.0,37929,0.0,0.0
2026-08-04,15940.0,16280.0,16000.0,16160.0,16160.0,37851,0.0,0.0
2026-08-05,16160.0,17000.0,16500.0,17000.0,17000.0,307471,0.0,0.0
2026-08-06,17000.0,17340.0,16620.0,16840.0,16840.0,190239,0.0,0.0
2026-08-07,16840.0,16840.0,16840.0,16840.0,16840.0,0,0.0,0.0
2026-08-10,16840.0,17300.0,16540.0,17060.0,17060.0,140087,0.0,0.0
2026-08-11,17060.0,17080.0,16820.0,16980.0,16980.0,52317,0.0,0.0
2026-08-12,16980.0,17300.0,16800.0,16980.0,16980.0,51878,0.0,0.0
2026-08-13,16980.0,16800.0,16320.0,16700.0,16700.0,82306,0.0,0.0
2026-08-14,16700.0,16960.0,16500.0,16960.0,16960.0,74367,0.0,0.0
2026-08-18,16960.0,17000.0,16520.0,16920.0,16920.0,78415,0.0,0.0
2026-08-19,16920.0,17320.0,17000.0,17300.0,17300.0,185094,0.0,0.0
2026-08-20,17300.0,17580.0,17020.0,17580.0,17580.0,243082,0.0,0.0
2026-08-21,17580.0,18100.0,17640.0,17900.0,17900.0,146798,0.0,0.0
2026-08-24,17900.0,18540.0,18200.0,18500.0,18500.0,188139,0.0,0.0
2026-08-25,18500.0,18600.0,18040.0,18600.0,18600.0,86995,0.0,0.0
2026-08-26,18600.0,18540.0,18220.0,18540.0,18540.0,58681,0.0,0.0
2026-08-27,18540.0,18600.0,18220.0,18540.0,18540.0,73275,0.0,0.0
2026-08-28,18540.0,18700.0,18220.0,18360.0,18360.0,75899,0.0,0.0
2026-08-31,18360.0,18980.0,17980.0,18980.0,18980.0,422933,0.0,0.0
2026-09-01,18980.0,18900.0,18320.0,18460.0,18460.0,657353,0.0,0.0
2026-09-02,18460.0,18820.0,18300.0,18780.0,18780.0,92748,0.0,0.0
2026-09-03,18780.0,19100.0,18780.0,19060.0,19060.0,143809,0.0,0.0
2026-09-04,19060.0,19480.0,18740.0,19400.0,19400.0,145675,0.0,0.0
2026-09-08,19560.0,19840.0,19400.0,19580.0,19580.0,95716,0.0,0.0
2026-09-09,19580.0,19900.0,19600.0,19840.0,19840.0,156830,0.0,0.0
2026-09-10,19840.0,20180.0,19340.0,20020.0,20020.0,219390,0.0,0.0
2026-09-11,20020.0,20400.0,19900.0,20400.0,20400.0,267435,0.0,0.0
2026-09-14,20400.0,20600.0,19820.0,20440.0,20440.0,156565,0.0,0.0
