Date,Open,High,Low,Close,Adj Close,Volume,Dividends,Stock Splits
2020-01-01,23528.212890625,23528.212890625,23528.212890625,23528.212890625,20479.646484375,0,0.0,0.0
2020-01-02,23528.212890625,23528.212890625,23528.212890625,23528.212890625,20479.646484375,0,0.0,0.0
2020-01-03,23417.056640625,23528.212890625,23417.056640625,23417.056640625,20382.890625,16498,0.0,0.0
2020-01-06,23417.056640625,23417.056640625,23417.056640625,23417.056640625,20382.890625,0,0.0,0.0
2020-01-07,23213.267578125,23435.58203125,23213.267578125,23213.267578125,20205.5078125,11458,0.0,0.0
2020-01-08,23176.216796875,23417.056640625,23139.1640625,23176.216796875,20173.2578125,393360,0.0,0.0
2020-01-09,23176.216796875,23194.7421875,23120.63671875,23176.216796875,20217.75,48828,51.0,0.0
2020-01-10,23287.373046875,23361.478515625,23157.689453125,23287.373046875,20314.716796875,347496,0.0,0.0
2020-01-13,23083.5859375,23194.7421875,23065.05859375,23083.5859375,20136.951171875,82499,0.0,0.0
2020-01-14,23102.111328125,23250.3203125,23065.05859375,23102.111328125,20153.1015625,661543,0.0,0.0
2020-01-15,23213.267578125,23287.373046875,23102.111328125,23213.267578125,20250.068359375,372125,0.0,0.0
2020-01-16,23157.689453125,23342.951171875,23065.05859375,23157.689453125,20201.5859375,25625,0.0,0.0
2020-01-17,23157.689453125,23342.951171875,23065.05859375,23157.689453125,20201.5859375,25625,0.0,0.0
2020-01-20,23435.58203125,23509.6875,23157.689453125,23435.58203125,20444.0078125,10537,0.0,0.0
2020-01-21,23398.529296875,23435.58203125,23324.42578125,23398.529296875,20411.681640625,158242,0.0,0.0
2020-01-22,23454.109375,23732.0,23380.00390625,23454.109375,20460.162109375,7254,0.0,0.0
2020-01-23,23509.6875,23583.791015625,23342.951171875,23509.6875,20508.65625,45047,0.0,0.0
2020-01-24,23361.478515625,23380.00390625,23268.84765625,23361.478515625,20379.359375,59743,0.0,0.0
2020-01-27,23083.5859375,23342.951171875,23065.05859375,23083.5859375,20136.951171875,64001,0.0,0.0
2020-01-28,23157.689453125,23176.216796875,23083.5859375,23157.689453125,20201.5859375,56592,0.0,0.0
2020-01-29,23231.794921875,23287.373046875,23157.689453125,23231.794921875,20266.234375,49153,0.0,0.0
2020-01-30,23120.63671875,23176.216796875,23028.0078125,23120.63671875,20169.263671875,75263,0.0,0.0
2020-01-31,22935.376953125,23139.1640625,22935.376953125,22935.376953125,20007.65625,333386,0.0,0.0
2020-02-03,23213.267578125,23213.267578125,22953.90234375,23213.267578125,20250.068359375,35954,0.0,0.0
2020-02-04,23157.689453125,23231.794921875,23120.63671875,23157.689453125,20201.5859375,122202,0.0,0.0
2020-02-05,23157.689453125,23342.951171875,23157.689453125,23157.689453125,20201.5859375,176569,0.0,0.0
2020-02-06,23231.794921875,23287.373046875,23157.689453125,23231.794921875,20266.234375,40365,0.0,0.0
2020-02-07,23491.16015625,23491.16015625,23231.794921875,23491.16015625,20492.486328125,132594,0.0,0.0
2020-02-10,22990.955078125,23491.16015625,22990.955078125,22990.955078125,20056.130859375,165880,0.0,0.0
2020-02-11,23065.05859375,23231.794921875,22824.21875,23065.05859375,20165.51953125,196416,51.0,0.0
2020-02-12,23231.794921875,23342.951171875,23157.689453125,23231.794921875,20311.2890625,42342,0.0,0.0
2020-02-13,23231.794921875,23305.8984375,23102.111328125,23231.794921875,20311.2890625,32247,0.0,0.0
2020-02-14,23435.58203125,23435.58203125,23176.216796875,23435.58203125,20489.453125,34091,0.0,0.0
2020-02-17,23342.951171875,23435.58203125,23120.63671875,23342.951171875,20408.48046875,70642,0.0,0.0
2020-02-18,23250.3203125,23472.634765625,23250.3203125,23250.3203125,20327.48046875,204097,0.0,0.0
2020-02-19,23268.84765625,23398.529296875,23250.3203125,23268.84765625,20343.6875,44039,0.0,0.0
2020-02-20,23250.3203125,23417.056640625,23213.267578125,23250.3203125,20327.48046875,63705,0.0,0.0
2020-02-21,23398.529296875,23398.529296875,23139.1640625,23398.529296875,20457.056640625,191682,0.0,0.0
2020-02-24,23435.58203125,23620.84375,22676.009765625,23435.58203125,20489.453125,194342,0.0,0.0
2020-02-25,23213.267578125,23417.056640625,23065.05859375,23213.267578125,20295.09375,166892,0.0,0.0
2020-02-26,23139.1640625,23176.216796875,22879.796875,23139.1640625,20230.3046875,67480,0.0,0.0
2020-02-27,21953.490234375,23139.1640625,21953.490234375,21953.490234375,19193.68359375,432076,0.0,0.0
2020-02-28,21694.123046875,21916.4375,21064.234375,21694.123046875,18966.921875,247559,0.0,0.0
2020-03-02,22694.537109375,22713.0625,21786.75390625,22694.537109375,19841.56640625,150968,0.0,0.0
2020-03-03,21675.59765625,22694.537109375,21323.6015625,21675.59765625,18950.724609375,79849,0.0,0.0
2020-03-04,22046.12109375,22194.330078125,21675.59765625,22046.12109375,19274.666015625,143869,0.0,0.0
2020-03-05,22212.85546875,22212.85546875,21657.072265625,22212.85546875,19420.439453125,129024,0.0,0.0
2020-03-06,21897.912109375,22138.751953125,21675.59765625,21897.912109375,19145.087890625,47016,0.0,0.0
2020-03-09,21119.8125,21675.59765625,20990.130859375,21119.8125,18464.806640625,79305,0.0,0.0
2020-03-10,21119.8125,21119.8125,20786.341796875,21119.8125,18509.501953125,124306,51.0,0.0
2020-03-11,20378.767578125,20841.921875,20378.767578125,20378.767578125,17860.05078125,71104,0.0,0.0
2020-03-12,18989.306640625,19452.458984375,18507.625,18989.306640625,16642.318359375,47881,0.0,0.0
2020-03-13,18989.306640625,19452.458984375,18507.625,18989.306640625,16642.318359375,47881,0.0,0.0
2020-03-16,17599.84375,18970.779296875,17599.84375,17599.84375,15424.5810546875,82374,0.0,0.0
2020-03-17,17599.84375,17692.474609375,17488.6875,17599.84375,15424.5810546875,91495,0.0,0.0
2020-03-18,15839.8603515625,17377.53125,15839.8603515625,15839.8603515625,13882.1279296875,103364,0.0,0.0
2020-03-19,15839.8603515625,16006.595703125,15710.1767578125,15839.8603515625,13882.1279296875,74427,0.0,0.0
2020-03-20,15747.2294921875,16543.853515625,15561.9677734375,15747.2294921875,13800.9453125,108760,0.0,0.0
2020-03-23,15747.2294921875,15747.2294921875,15747.2294921875,15747.2294921875,13800.9453125,0,0.0,0.0
2020-03-24,16025.12109375,16117.751953125,15561.9677734375,16025.12109375,14044.4912109375,189175,0.0,0.0
2020-03-25,17118.1640625,18118.576171875,16025.12109375,17118.1640625,15002.4384765625,449115,0.0,0.0
2020-03-26,17118.1640625,18118.576171875,16025.12109375,17118.1640625,15002.4384765625,449115,0.0,0.0
2020-03-27,18081.5234375,18081.5234375,17377.53125,18081.5234375,15846.734375,160787,0.0,0.0
2020-03-30,17692.474609375,18989.306640625,17692.474609375,17692.474609375,15505.7705078125,145487,0.0,0.0
2020-03-31,17692.474609375,18952.25390625,17284.900390625,17692.474609375,15505.7705078125,262042,0.0,0.0
2020-04-01,17266.373046875,17636.896484375,16932.90234375,17266.373046875,15132.3349609375,66242,0.0,0.0
2020-04-02,18025.9453125,18025.9453125,16692.0625,18025.9453125,15798.0234375,156155,0.0,0.0
2020-04-03,18248.259765625,18248.259765625,17711.001953125,18248.259765625,15992.8583984375,417367,0.0,0.0
2020-04-06,18266.78515625,18785.517578125,17414.58203125,18266.78515625,16009.0986328125,178627,0.0,0.0
2020-04-07,18544.677734375,18711.4140625,18377.943359375,18544.677734375,16300.9130859375,335980,54.1,0.0
2020-04-08,19174.56640625,19174.56640625,18526.15234375,19174.56640625,16854.59375,95798,0.0,0.0
2020-04-09,19174.56640625,19174.56640625,19174.56640625,19174.56640625,16854.59375,0,0.0,0.0
2020-04-10,19174.56640625,19174.56640625,19174.56640625,19174.56640625,16854.59375,0,0.0,0.0
2020-04-13,19730.3515625,19804.45703125,19248.671875,19730.3515625,17343.13671875,37814,0.0,0.0
2020-04-14,21101.287109375,21119.8125,19804.45703125,21101.287109375,18548.197265625,261669,0.0,0.0
2020-04-15,21286.548828125,21286.548828125,20712.23828125,21286.548828125,18711.048828125,176002,0.0,0.0
2020-04-16,21268.0234375,21268.0234375,20508.451171875,21268.0234375,18694.767578125,175712,0.0,0.0
2020-04-17,21212.443359375,21305.07421875,21212.443359375,21212.443359375,18645.90625,36683,0.0,0.0
2020-04-20,20953.078125,21082.76171875,20582.5546875,20953.078125,18417.919921875,67349,0.0,0.0
2020-04-21,21119.8125,21119.8125,20193.505859375,21119.8125,18564.484375,165894,0.0,0.0
2020-04-22,20841.921875,21601.494140625,20841.921875,20841.921875,18320.212890625,190495,0.0,0.0
2020-04-23,22194.330078125,22231.3828125,20841.921875,22194.330078125,19508.9921875,134915,0.0,0.0
2020-04-24,21397.705078125,22194.330078125,21397.705078125,21397.705078125,18808.751953125,303126,0.0,0.0
2020-04-27,21490.3359375,22027.59375,21490.3359375,21490.3359375,18890.17578125,32840,0.0,0.0
2020-04-28,21397.705078125,21842.333984375,21305.07421875,21397.705078125,18808.751953125,388226,0.0,0.0
2020-04-29,21045.708984375,21749.703125,21008.65625,21045.708984375,18499.345703125,249507,0.0,0.0
2020-04-30,20434.345703125,21545.9140625,20434.345703125,20434.345703125,17961.958984375,161266,0.0,0.0
2020-05-01,20434.345703125,20434.345703125,20434.345703125,20434.345703125,17961.958984375,0,0.0,0.0
2020-05-04,20378.767578125,21027.181640625,20378.767578125,20378.767578125,17913.103515625,34637,0.0,0.0
2020-05-05,20193.505859375,20434.345703125,20156.453125,20193.505859375,17750.255859375,50759,0.0,0.0
2020-05-06,20378.767578125,20378.767578125,20082.349609375,20378.767578125,17913.103515625,40518,0.0,0.0
2020-05-07,20767.81640625,21175.392578125,20286.13671875,20767.81640625,18255.080078125,576427,0.0,0.0
2020-05-08,21045.708984375,21101.287109375,20841.921875,21045.708984375,18499.345703125,28689,0.0,0.0
2020-05-11,21156.865234375,21156.865234375,20953.078125,21156.865234375,18644.98046875,27784,54.1,0.0
2020-05-12,21119.8125,21305.07421875,20841.921875,21119.8125,18612.328125,26014,0.0,0.0
2020-05-13,20378.767578125,21119.8125,20137.927734375,20378.767578125,17959.267578125,77978,0.0,0.0
2020-05-14,20323.189453125,20341.71484375,20230.55859375,20323.189453125,17910.2890625,433515,0.0,0.0
2020-05-15,20656.66015625,20656.66015625,20638.1328125,20656.66015625,18204.1640625,2771,0.0,0.0
2020-05-18,20452.87109375,21119.8125,20378.767578125,20452.87109375,18024.560546875,150054,0.0,0.0
2020-05-19,20452.87109375,20545.501953125,20304.662109375,20452.87109375,18024.560546875,71833,0.0,0.0
2020-05-20,20471.3984375,20564.029296875,20378.767578125,20471.3984375,18040.8984375,47000,0.0,0.0
2020-05-21,20489.923828125,20545.501953125,20378.767578125,20489.923828125,18057.232421875,80181,0.0,0.0
2020-05-22,20471.3984375,20564.029296875,20397.29296875,20471.3984375,18040.8984375,51328,0.0,0.0
2020-05-25,20471.3984375,20471.3984375,20471.3984375,20471.3984375,18040.8984375,0,0.0,0.0
2020-05-26,20990.130859375,20990.130859375,20564.029296875,20990.130859375,18498.044921875,51577,0.0,0.0
2020-05-27,20823.39453125,21082.76171875,20767.81640625,20823.39453125,18351.099609375,112573,0.0,0.0
2020-05-28,20841.921875,20878.97265625,20564.029296875,20841.921875,18367.427734375,205185,0.0,0.0
2020-05-29,20526.9765625,20841.921875,20471.3984375,20526.9765625,18089.875,240928,0.0,0.0
2020-06-01,20397.29296875,20656.66015625,20397.29296875,20397.29296875,17975.59375,48335,0.0,0.0
2020-06-02,20841.921875,20841.921875,20471.3984375,20841.921875,18367.427734375,79901,0.0,0.0
2020-06-03,20841.921875,20841.921875,20471.3984375,20841.921875,18367.427734375,79901,0.0,0.0
2020-06-04,20990.130859375,21119.8125,20841.921875,20990.130859375,18498.044921875,83025,0.0,0.0
2020-06-05,21119.8125,21119.8125,20934.55078125,21119.8125,18612.328125,190724,0.0,0.0
2020-06-08,21230.970703125,21305.07421875,20953.078125,21230.970703125,18710.29296875,108860,0.0,0.0
2020-06-09,20953.078125,21193.91796875,20786.341796875,20953.078125,18512.556640625,395845,54.1,0.0
2020-06-10,20804.869140625,20860.447265625,20508.451171875,20804.869140625,18381.6171875,136292,0.0,0.0
2020-06-11,19730.3515625,20471.3984375,19637.720703125,19730.3515625,17432.251953125,59547,0.0,0.0
2020-06-12,19730.3515625,20341.71484375,19637.720703125,19730.3515625,17432.251953125,135066,0.0,0.0
2020-06-15,19730.3515625,19730.3515625,19730.3515625,19730.3515625,17432.251953125,0,0.0,0.0
2020-06-16,19100.462890625,19915.61328125,19100.462890625,19100.462890625,16875.732421875,231343,0.0,0.0
2020-06-17,18748.46484375,19081.9375,18692.88671875,18748.46484375,16564.7265625,224445,0.0,0.0
2020-06-18,18915.201171875,19748.87890625,18711.4140625,18915.201171875,16712.044921875,638537,0.0,0.0
2020-06-19,19081.9375,19267.197265625,18989.306640625,19081.9375,16859.37109375,996068,0.0,0.0
2020-06-22,19081.9375,19081.9375,19081.9375,19081.9375,16859.37109375,0,0.0,0.0
2020-06-23,19637.720703125,19674.7734375,19359.828125,19637.720703125,17350.416015625,501141,0.0,0.0
2020-06-24,19600.66796875,19637.720703125,18915.201171875,19600.66796875,17317.677734375,56643,0.0,0.0
2020-06-25,19452.458984375,19452.458984375,19452.458984375,19452.458984375,17186.7265625,26760,0.0,0.0
2020-06-26,19118.98828125,19415.408203125,19118.98828125,19118.98828125,16892.095703125,7634,0.0,0.0
2020-06-29,19118.98828125,19118.98828125,19118.98828125,19118.98828125,16892.095703125,0,0.0,0.0
2020-06-30,19359.828125,19433.93359375,19285.724609375,19359.828125,17104.896484375,73834,0.0,0.0
2020-07-01,19285.724609375,19433.93359375,18896.67578125,19285.724609375,17039.416015625,43707,0.0,0.0
2020-07-02,19100.462890625,19267.197265625,19081.9375,19100.462890625,16875.732421875,62818,0.0,0.0
2020-07-03,19081.9375,19285.724609375,19044.884765625,19081.9375,16859.37109375,135289,0.0,0.0
2020-07-06,19341.302734375,19341.302734375,19174.56640625,19341.302734375,17088.513671875,166871,0.0,0.0
2020-07-07,19341.302734375,19415.408203125,19322.77734375,19341.302734375,17088.513671875,229156,0.0,0.0
2020-07-08,19711.826171875,19730.3515625,19415.408203125,19711.826171875,17415.884765625,72066,0.0,0.0
2020-07-09,19582.142578125,19748.87890625,19582.142578125,19582.142578125,17348.927734375,344854,54.1,0.0
2020-07-10,19489.51171875,19730.3515625,19359.828125,19489.51171875,17266.859375,216776,0.0,0.0
2020-07-13,19396.880859375,19545.08984375,19248.671875,19396.880859375,17184.7890625,162165,0.0,0.0
2020-07-14,19267.197265625,19378.35546875,19174.56640625,19267.197265625,17069.8984375,84335,0.0,0.0
2020-07-15,19248.671875,19452.458984375,19118.98828125,19248.671875,17053.478515625,270757,0.0,0.0
2020-07-16,19452.458984375,19637.720703125,19304.25,19452.458984375,17234.02734375,85779,0.0,0.0
2020-07-17,19396.880859375,19619.1953125,19359.828125,19396.880859375,17184.7890625,193074,0.0,0.0
2020-07-20,19396.880859375,19396.880859375,19396.880859375,19396.880859375,17184.7890625,0,0.0,0.0
2020-07-21,19619.1953125,19619.1953125,19285.724609375,19619.1953125,17381.75,195335,0.0,0.0
2020-07-22,19470.986328125,19730.3515625,19452.458984375,19470.986328125,17250.443359375,109180,0.0,0.0
2020-07-23,19767.404296875,19767.404296875,19545.08984375,19767.404296875,17513.05859375,470372,0.0,0.0
2020-07-24,19600.66796875,19897.087890625,19582.142578125,19600.66796875,17365.33984375,46672,0.0,0.0
2020-07-27,19508.037109375,19785.9296875,19508.037109375,19508.037109375,17283.267578125,27715,0.0,0.0
2020-07-28,19341.302734375,19508.037109375,19341.302734375,19341.302734375,17135.55078125,90423,0.0,0.0
2020-07-29,19248.671875,19359.828125,19248.671875,19248.671875,17053.478515625,159735,0.0,0.0
2020-07-30,18989.306640625,19267.197265625,18970.779296875,18989.306640625,16823.69921875,373989,0.0,0.0
2020-07-31,18711.4140625,19081.9375,18711.4140625,18711.4140625,16577.49609375,975848,0.0,0.0
2020-08-03,18859.623046875,19174.56640625,18859.623046875,18859.623046875,16708.798828125,194113,0.0,0.0
2020-08-04,18711.4140625,19044.884765625,18637.30859375,18711.4140625,16577.49609375,516784,0.0,0.0
2020-08-05,18785.517578125,19174.56640625,18637.30859375,18785.517578125,16643.15625,196580,0.0,0.0
2020-08-06,19174.56640625,19174.56640625,18804.044921875,19174.56640625,16987.826171875,191897,0.0,0.0
2020-08-07,19174.56640625,19174.56640625,19174.56640625,19174.56640625,16987.826171875,0,0.0,0.0
2020-08-10,19248.671875,19637.720703125,19100.462890625,19248.671875,17053.478515625,70242,0.0,0.0
2020-08-11,19137.515625,19248.671875,19081.9375,19137.515625,17002.796875,112161,54.1,0.0
2020-08-12,19156.041015625,19156.041015625,18896.67578125,19156.041015625,17019.25390625,23247,0.0,0.0
2020-08-13,19081.9375,19174.56640625,18915.201171875,19081.9375,16953.4140625,117173,0.0,0.0
2020-08-14,18804.044921875,19118.98828125,18804.044921875,18804.044921875,16706.513671875,65410,0.0,0.0
2020-08-17,18804.044921875,18804.044921875,18804.044921875,18804.044921875,16706.513671875,0,0.0,0.0
2020-08-18,18933.7265625,19007.83203125,18804.044921875,18933.7265625,16821.740234375,297224,0.0,0.0
2020-08-19,19063.41015625,19081.9375,18933.7265625,19063.41015625,16936.95703125,280094,0.0,0.0
2020-08-20,19174.56640625,19193.09375,18989.306640625,19174.56640625,17035.7109375,162578,0.0,0.0
2020-08-21,19100.462890625,19267.197265625,19100.462890625,19100.462890625,16969.8671875,187517,0.0,0.0
2020-08-24,19100.462890625,19100.462890625,19100.462890625,19100.462890625,16969.8671875,0,0.0,0.0
2020-08-25,20378.767578125,20378.767578125,19433.93359375,20378.767578125,18105.591796875,898194,0.0,0.0
2020-08-26,20026.76953125,20360.240234375,20026.76953125,20026.76953125,17792.853515625,260224,0.0,0.0
2020-08-27,20026.76953125,20304.662109375,19952.666015625,20026.76953125,17792.853515625,188112,0.0,0.0
2020-08-28,20267.609375,20323.189453125,20119.400390625,20267.609375,18006.830078125,193959,0.0,0.0
2020-08-31,20378.767578125,20378.767578125,20026.76953125,20378.767578125,18105.591796875,374522,0.0,0.0
2020-09-01,21119.8125,21119.8125,20100.875,21119.8125,18763.966796875,172692,0.0,0.0
2020-09-02,21268.0234375,21379.1796875,21119.8125,21268.0234375,18895.646484375,298829,0.0,0.0
2020-09-03,21657.072265625,21657.072265625,21027.181640625,21657.072265625,19241.3046875,122355,0.0,0.0
2020-09-04,21268.0234375,21675.59765625,21268.0234375,21268.0234375,18895.646484375,84543,0.0,0.0
2020-09-07,21249.49609375,21620.01953125,21249.49609375,21249.49609375,18879.189453125,20066,0.0,0.0
2020-09-08,21268.0234375,21490.3359375,20953.078125,21268.0234375,18895.646484375,20536,0.0,0.0
2020-09-09,21082.76171875,21527.388671875,21082.76171875,21082.76171875,18778.822265625,154107,54.1,0.0
2020-09-10,21045.708984375,21249.49609375,21027.181640625,21045.708984375,18745.822265625,39277,0.0,0.0
2020-09-11,20878.97265625,21045.708984375,20878.97265625,20878.97265625,18597.296875,14704,0.0,0.0
2020-09-14,21082.76171875,21119.8125,20878.97265625,21082.76171875,18778.822265625,16692,0.0,0.0
2020-09-15,20749.291015625,21101.287109375,20749.291015625,20749.291015625,18481.79296875,101092,0.0,0.0
2020-09-16,20656.66015625,21027.181640625,20582.5546875,20656.66015625,18399.283203125,290745,0.0,0.0
2020-09-17,20471.3984375,20749.291015625,20360.240234375,20471.3984375,18234.265625,92173,0.0,0.0
2020-09-18,20286.13671875,20712.23828125,20286.13671875,20286.13671875,18069.25390625,250657,0.0,0.0
2020-09-21,20434.345703125,20489.923828125,20193.505859375,20434.345703125,18201.263671875,29467,0.0,0.0
2020-09-22,20601.080078125,20638.1328125,20415.8203125,20601.080078125,18349.779296875,32677,0.0,0.0
2020-09-23,20286.13671875,20601.080078125,20286.13671875,20286.13671875,18069.25390625,16736,0.0,0.0
2020-09-24,20934.55078125,20934.55078125,20434.345703125,20934.55078125,18646.810546875,23725,0.0,0.0
2020-09-25,20582.5546875,21027.181640625,20564.029296875,20582.5546875,18333.2734375,15119,0.0,0.0
2020-09-28,20619.607421875,21193.91796875,20601.080078125,20619.607421875,18366.283203125,23716,0.0,0.0
2020-09-29,20656.66015625,20916.025390625,20434.345703125,20656.66015625,18399.283203125,141067,0.0,0.0
2020-09-30,20990.130859375,20990.130859375,20564.029296875,20990.130859375,18696.314453125,63068,0.0,0.0
2020-10-01,20341.71484375,20767.81640625,20212.03125,20341.71484375,18118.751953125,52490,0.0,0.0
2020-10-02,20378.767578125,20582.5546875,20249.083984375,20378.767578125,18151.759765625,38895,0.0,0.0
2020-10-05,20406.556640625,20693.7109375,20276.873046875,20406.556640625,18176.51171875,13463,0.0,0.0
2020-10-06,20286.13671875,20656.66015625,20286.13671875,20286.13671875,18069.25390625,49405,0.0,0.0
2020-10-07,20415.8203125,20508.451171875,20073.0859375,20415.8203125,18184.76171875,46320,0.0,0.0
2020-10-08,20415.8203125,20508.451171875,20073.0859375,20415.8203125,18233.07421875,46320,54.1,0.0
2020-10-09,20564.029296875,20712.23828125,20267.609375,20564.029296875,18365.4453125,141302,0.0,0.0
2020-10-12,20564.029296875,20564.029296875,20564.029296875,20564.029296875,18365.4453125,0,0.0,0.0
2020-10-13,20564.029296875,20619.607421875,20332.451171875,20564.029296875,18365.4453125,9939,0.0,0.0
2020-10-14,20517.712890625,20628.87109375,20082.349609375,20517.712890625,18324.07421875,64480,0.0,0.0
2020-10-15,20267.609375,20489.923828125,20267.609375,20267.609375,18100.712890625,435494,0.0,0.0
2020-10-16,20564.029296875,20564.029296875,20239.8203125,20564.029296875,18365.4453125,49756,0.0,0.0
2020-10-19,20378.767578125,20841.921875,20286.13671875,20378.767578125,18199.98828125,123267,0.0,0.0
2020-10-20,20304.662109375,20471.3984375,20230.55859375,20304.662109375,18133.80078125,98926,0.0,0.0
2020-10-21,20063.822265625,20434.345703125,20063.822265625,20063.822265625,17918.71484375,286152,0.0,0.0
2020-10-22,19989.71875,19989.71875,19850.771484375,19989.71875,17852.533203125,19298,0.0,0.0
2020-10-23,19869.298828125,21286.548828125,19498.775390625,19869.298828125,17744.984375,65490,0.0,0.0
2020-10-26,19887.82421875,19887.82421875,19156.041015625,19887.82421875,17761.53515625,37079,0.0,0.0
2020-10-27,19711.826171875,19887.82421875,19498.775390625,19711.826171875,17604.349609375,33016,0.0,0.0
2020-10-28,19711.826171875,19711.826171875,19359.828125,19711.826171875,17604.349609375,49838,0.0,0.0
2020-10-29,20378.767578125,20888.236328125,19674.7734375,20378.767578125,18199.98828125,73560,0.0,0.0
2020-10-30,19767.404296875,20378.767578125,19767.404296875,19767.404296875,17653.984375,324206,0.0,0.0
2020-11-02,19767.404296875,19767.404296875,19767.404296875,19767.404296875,17653.984375,0,0.0,0.0
2020-11-03,19934.138671875,20378.767578125,19934.138671875,19934.138671875,17802.89453125,118378,0.0,0.0
2020-11-04,19906.349609375,20100.875,19693.298828125,19906.349609375,17778.078125,133675,0.0,0.0
2020-11-05,20091.611328125,20091.611328125,19878.560546875,20091.611328125,17943.53125,10004,0.0,0.0
2020-11-06,20091.611328125,20091.611328125,19878.560546875,20091.611328125,17943.53125,10004,0.0,0.0
2020-11-09,20610.34375,20934.55078125,20341.71484375,20610.34375,18406.8046875,176854,0.0,0.0
2020-11-10,20388.029296875,20740.02734375,20378.767578125,20388.029296875,18256.1796875,58060,54.1,0.0
2020-11-11,20480.66015625,20795.60546875,20480.66015625,20480.66015625,18339.12890625,38186,0.0,0.0
2020-11-12,19915.61328125,20388.029296875,19915.61328125,19915.61328125,17833.162109375,39082,0.0,0.0
2020-11-13,19924.876953125,20184.2421875,19915.61328125,19924.876953125,17841.45703125,19085,0.0,0.0
2020-11-16,19924.876953125,19924.876953125,19924.876953125,19924.876953125,17841.45703125,0,0.0,0.0
2020-11-17,19906.349609375,20378.767578125,19906.349609375,19906.349609375,17824.869140625,222648,0.0,0.0
2020-11-18,19841.5078125,20350.978515625,19841.5078125,19841.5078125,17766.806640625,514733,0.0,0.0
2020-11-19,19924.876953125,20100.875,19924.876953125,19924.876953125,17841.45703125,29224,0.0,0.0
2020-11-20,20110.138671875,20249.083984375,19915.61328125,20110.138671875,18007.341796875,29403,0.0,0.0
2020-11-23,20369.50390625,20378.767578125,20193.505859375,20369.50390625,18239.595703125,367305,0.0,0.0
2020-11-24,21212.443359375,21397.705078125,20378.767578125,21212.443359375,18994.38671875,404012,0.0,0.0
2020-11-25,21305.07421875,21379.1796875,21045.708984375,21305.07421875,19077.3359375,105658,0.0,0.0
2020-11-26,21305.07421875,21555.177734375,21175.392578125,21305.07421875,19077.3359375,41885,0.0,0.0
2020-11-27,21555.177734375,21582.966796875,21212.443359375,21555.177734375,19301.287109375,558603,0.0,0.0
2020-11-30,21545.9140625,21545.9140625,21193.91796875,21545.9140625,19292.994140625,149787,0.0,0.0
2020-12-01,21675.59765625,21740.439453125,21305.07421875,21675.59765625,19409.11328125,152063,0.0,0.0
2020-12-02,21860.859375,22036.857421875,21610.755859375,21860.859375,19575.0078125,124902,0.0,0.0
2020-12-03,21953.490234375,21953.490234375,21860.859375,21953.490234375,19657.955078125,53826,0.0,0.0
2020-12-04,21953.490234375,21953.490234375,21860.859375,21953.490234375,19657.955078125,53826,0.0,0.0
2020-12-07,22425.90625,22666.74609375,22231.3828125,22425.90625,20080.970703125,251539,0.0,0.0
2020-12-08,22425.90625,22425.90625,22425.90625,22425.90625,20080.970703125,0,0.0,0.0
2020-12-09,22416.64453125,22676.009765625,22416.64453125,22416.64453125,20121.21484375,117016,54.1,0.0
2020-12-10,22222.119140625,23157.689453125,21962.75390625,22222.119140625,19946.607421875,117008,0.0,0.0
2020-12-11,22110.962890625,22129.48828125,21684.861328125,22110.962890625,19846.8359375,132439,0.0,0.0
2020-12-14,22157.27734375,22583.37890625,22046.12109375,22157.27734375,19888.404296875,486641,0.0,0.0
2020-12-15,22342.5390625,22694.537109375,22046.12109375,22342.5390625,20054.697265625,154566,0.0,0.0
2020-12-16,22231.3828125,22694.537109375,22018.33203125,22231.3828125,19954.92578125,568182,0.0,0.0
2020-12-17,22481.486328125,22638.95703125,22185.06640625,22481.486328125,20179.416015625,133817,0.0,0.0
2020-12-18,21962.75390625,22509.275390625,21953.490234375,21962.75390625,19713.798828125,220663,0.0,0.0
2020-12-21,21925.701171875,21925.701171875,21388.443359375,21925.701171875,19680.546875,230153,0.0,0.0
2020-12-22,21694.123046875,22324.013671875,21425.494140625,21694.123046875,19472.677734375,113657,0.0,0.0
2020-12-23,21860.859375,22231.3828125,21814.544921875,21860.859375,19622.341796875,79685,0.0,0.0
2020-12-24,21860.859375,22231.3828125,21814.544921875,21860.859375,19622.341796875,79685,0.0,0.0
2020-12-25,21860.859375,21860.859375,21860.859375,21860.859375,19622.341796875,0,0.0,0.0
2020-12-28,21972.015625,22398.1171875,21953.490234375,21972.015625,19722.119140625,54219,0.0,0.0
2020-12-29,22435.169921875,22435.169921875,21972.015625,22435.169921875,20137.84375,85570,0.0,0.0
2020-12-30,22231.3828125,22685.2734375,22231.3828125,22231.3828125,19954.92578125,92767,0.0,0.0
2020-12-31,22231.3828125,22231.3828125,22231.3828125,22231.3828125,19954.92578125,0,0.0,0.0
2021-01-01,22231.3828125,22231.3828125,22231.3828125,22231.3828125,19954.92578125,0,0.0,0.0
2021-01-04,22231.3828125,22277.697265625,21814.544921875,22231.3828125,19954.92578125,149191,0.0,0.0
2021-01-05,22601.90625,22601.90625,21777.4921875,22601.90625,20287.498046875,57761,0.0,0.0
2021-01-06,22592.642578125,22694.537109375,22574.115234375,22592.642578125,20279.1875,16525,0.0,0.0
2021-01-07,21582.966796875,22361.06640625,21582.966796875,21582.966796875,19372.90625,77560,0.0,0.0
2021-01-08,21712.650390625,21934.96484375,21471.810546875,21712.650390625,19538.27734375,39024,54.1,0.0
2021-01-11,21712.650390625,21712.650390625,21712.650390625,21712.650390625,19538.27734375,0,0.0,0.0
2021-01-12,22046.12109375,22046.12109375,21712.650390625,22046.12109375,19838.361328125,135614,0.0,0.0
2021-01-13,21833.0703125,22286.9609375,21694.123046875,21833.0703125,19646.640625,40625,0.0,0.0
2021-01-14,22046.12109375,22203.59375,21684.861328125,22046.12109375,19838.361328125,64848,0.0,0.0
2021-01-15,21953.490234375,22046.12109375,21953.490234375,21953.490234375,19755.005859375,13443,0.0,0.0
2021-01-18,21962.75390625,22212.85546875,21907.173828125,21962.75390625,19763.33984375,29678,0.0,0.0
2021-01-19,21953.490234375,22120.224609375,21860.859375,21953.490234375,19755.005859375,85483,0.0,0.0
2021-01-20,22388.85546875,22490.748046875,21953.490234375,22388.85546875,20146.77734375,70442,0.0,0.0
2021-01-21,22694.537109375,23037.26953125,22500.01171875,22694.537109375,20421.8359375,209122,0.0,0.0
2021-01-22,23148.427734375,23148.427734375,22398.1171875,23148.427734375,20830.2734375,87488,0.0,0.0
2021-01-25,23157.689453125,23157.689453125,22509.275390625,23157.689453125,20838.611328125,127968,0.0,0.0
2021-01-26,23129.900390625,23157.689453125,22787.166015625,23129.900390625,20813.60546875,63541,0.0,0.0
2021-01-27,22731.587890625,22972.427734375,22453.6953125,22731.587890625,20455.18359375,117291,0.0,0.0
2021-01-28,22527.80078125,22870.53515625,22462.958984375,22527.80078125,20271.798828125,38499,0.0,0.0
2021-01-29,22601.90625,22694.537109375,22259.171875,22601.90625,20338.484375,461893,0.0,0.0
2021-02-01,22601.90625,22601.90625,22601.90625,22601.90625,20338.484375,0,0.0,0.0
2021-02-02,22722.326171875,22963.166015625,22638.95703125,22722.326171875,20446.84765625,387036,0.0,0.0
2021-02-03,22833.482421875,22944.638671875,22676.009765625,22833.482421875,20546.87109375,148241,0.0,0.0
2021-02-04,22777.904296875,22833.482421875,22694.537109375,22777.904296875,20496.859375,175944,0.0,0.0
2021-02-05,22833.482421875,22907.587890625,22694.537109375,22833.482421875,20546.87109375,154266,0.0,0.0
2021-02-08,22916.849609375,23018.744140625,22796.4296875,22916.849609375,20621.888671875,248204,0.0,0.0
2021-02-09,22694.537109375,22963.166015625,22611.16796875,22694.537109375,20470.162109375,123441,54.1,0.0
2021-02-10,22601.90625,22787.166015625,22518.537109375,22601.90625,20386.615234375,153441,0.0,0.0
2021-02-11,22583.37890625,22583.37890625,22259.171875,22583.37890625,20369.900390625,104982,0.0,0.0
2021-02-12,22231.3828125,22527.80078125,22166.541015625,22231.3828125,20052.404296875,79082,0.0,0.0
2021-02-15,22129.48828125,22370.328125,22046.12109375,22129.48828125,19960.4921875,53186,0.0,0.0
2021-02-16,21694.123046875,22212.85546875,21694.123046875,21694.123046875,19567.802734375,165560,0.0,0.0
2021-02-17,21999.8046875,21999.8046875,21564.44140625,21999.8046875,19843.525390625,98289,0.0,0.0
2021-02-18,21907.173828125,22212.85546875,21888.6484375,21907.173828125,19759.96875,76881,0.0,0.0
2021-02-19,22185.06640625,22185.06640625,21888.6484375,22185.06640625,20010.626953125,83111,0.0,0.0
2021-02-22,22046.12109375,22185.06640625,21907.173828125,22046.12109375,19885.3046875,20795,0.0,0.0
2021-02-23,21953.490234375,22138.751953125,21953.490234375,21953.490234375,19801.751953125,58615,0.0,0.0
2021-02-24,21860.859375,22110.962890625,21721.9140625,21860.859375,19718.201171875,119716,0.0,0.0
2021-02-25,21758.96484375,21897.912109375,21675.59765625,21758.96484375,19626.29296875,328674,0.0,0.0
2021-02-26,21944.2265625,22018.33203125,21629.283203125,21944.2265625,19793.39453125,12234,0.0,0.0
2021-03-01,21842.333984375,22101.69921875,21666.333984375,21842.333984375,19701.48828125,42625,0.0,0.0
2021-03-02,21675.59765625,21814.544921875,21592.23046875,21675.59765625,19551.099609375,67670,0.0,0.0
2021-03-03,21740.439453125,21786.75390625,21592.23046875,21740.439453125,19609.583984375,156541,0.0,0.0
2021-03-04,21564.44140625,21842.333984375,21518.125,21564.44140625,19450.83203125,277212,0.0,0.0
2021-03-05,21462.546875,21675.59765625,21453.283203125,21462.546875,19358.9296875,79399,0.0,0.0
2021-03-08,21629.283203125,21833.0703125,21490.3359375,21629.283203125,19509.318359375,111837,0.0,0.0
2021-03-09,21675.59765625,21740.439453125,21490.3359375,21675.59765625,19600.119140625,212323,54.1,0.0
2021-03-10,21768.228515625,21768.228515625,21536.65234375,21768.228515625,19683.884765625,116499,0.0,0.0
2021-03-11,21860.859375,22036.857421875,21712.650390625,21860.859375,19767.642578125,38086,0.0,0.0
2021-03-12,21629.283203125,21953.490234375,21629.283203125,21629.283203125,19558.23828125,49161,0.0,0.0
2021-03-15,21703.38671875,21860.859375,21601.494140625,21703.38671875,19625.251953125,19414,0.0,0.0
2021-03-16,21601.494140625,21925.701171875,21601.494140625,21601.494140625,19533.1171875,729663,0.0,0.0
2021-03-17,21675.59765625,21675.59765625,21490.3359375,21675.59765625,19600.119140625,196342,0.0,0.0
2021-03-18,21397.705078125,21851.595703125,21397.705078125,21397.705078125,19348.8359375,18746,0.0,0.0
2021-03-19,23000.216796875,23000.216796875,21305.07421875,23000.216796875,20797.900390625,1587932,0.0,0.0
2021-03-22,23000.216796875,23000.216796875,23000.216796875,23000.216796875,20797.900390625,0,0.0,0.0
2021-03-23,21796.017578125,22101.69921875,21694.123046875,21796.017578125,19709.009765625,120588,0.0,0.0
2021-03-24,21870.123046875,22092.435546875,21823.806640625,21870.123046875,19776.013671875,66504,0.0,0.0
2021-03-25,21675.59765625,21907.173828125,21675.59765625,21675.59765625,19600.119140625,205430,0.0,0.0
2021-03-26,21499.599609375,21953.490234375,21490.3359375,21499.599609375,19440.97265625,35021,0.0,0.0
2021-03-29,21499.599609375,21675.59765625,21305.07421875,21499.599609375,19440.97265625,67776,0.0,0.0
2021-03-30,21508.86328125,21508.86328125,21499.599609375,21508.86328125,19449.3515625,4263,0.0,0.0
2021-03-31,21462.546875,21545.9140625,21221.70703125,21462.546875,19407.470703125,3879,0.0,0.0
2021-04-01,21462.546875,21462.546875,21462.546875,21462.546875,19407.470703125,0,0.0,0.0
2021-04-02,21462.546875,21462.546875,21462.546875,21462.546875,19407.470703125,0,0.0,0.0
2021-04-05,21184.654296875,21203.181640625,21119.8125,21184.654296875,19156.185546875,44711,0.0,0.0
2021-04-06,21573.703125,21573.703125,21184.654296875,21573.703125,19507.98046875,17259,0.0,0.0
2021-04-07,21592.23046875,21629.283203125,21342.126953125,21592.23046875,19524.734375,14505,0.0,0.0
2021-04-08,21230.970703125,21601.494140625,21212.443359375,21230.970703125,19198.06640625,99746,0.0,0.0
2021-04-09,21397.705078125,21444.021484375,21212.443359375,21397.705078125,19402.296875,203281,58.5,0.0
2021-04-12,21527.388671875,21527.388671875,21212.443359375,21527.388671875,19519.892578125,71705,0.0,0.0
2021-04-13,21388.443359375,21388.443359375,21221.70703125,21388.443359375,19393.89453125,68800,0.0,0.0
2021-04-14,21388.443359375,21388.443359375,21221.70703125,21388.443359375,19393.89453125,68800,0.0,0.0
2021-04-15,20564.029296875,21221.70703125,20564.029296875,20564.029296875,18646.361328125,22436,0.0,0.0
2021-04-16,21027.181640625,21221.70703125,20656.66015625,21027.181640625,19066.326171875,163619,0.0,0.0
2021-04-19,21119.8125,21212.443359375,20860.447265625,21119.8125,19150.322265625,116352,0.0,0.0
2021-04-20,21027.181640625,21305.07421875,20971.603515625,21027.181640625,19066.326171875,255016,0.0,0.0
2021-04-21,20841.921875,21230.970703125,20712.23828125,20841.921875,18898.341796875,120135,0.0,0.0
2021-04-22,20554.765625,21110.55078125,20554.765625,20554.765625,18637.96484375,71341,0.0,0.0
2021-04-23,20360.240234375,20471.3984375,20193.505859375,20360.240234375,18461.578125,72885,0.0,0.0
2021-04-26,20045.296875,20360.240234375,19934.138671875,20045.296875,18176.001953125,84319,0.0,0.0
2021-04-27,19971.19140625,20184.2421875,19915.61328125,19971.19140625,18108.806640625,594752,0.0,0.0
2021-04-28,20545.501953125,20545.501953125,19989.71875,20545.501953125,18629.568359375,81199,0.0,0.0
2021-04-29,20916.025390625,20916.025390625,20165.716796875,20916.025390625,18965.533203125,29937,0.0,0.0
2021-04-30,19915.61328125,20656.66015625,19915.61328125,19915.61328125,18058.419921875,70231,0.0,0.0
2021-05-03,19081.9375,20008.244140625,18711.4140625,19081.9375,17302.486328125,140397,0.0,0.0
2021-05-04,19545.08984375,19656.248046875,19081.9375,19545.08984375,17722.44140625,247757,0.0,0.0
2021-05-05,19730.3515625,19906.349609375,19498.775390625,19730.3515625,17890.427734375,50067,0.0,0.0
2021-05-06,20137.927734375,20137.927734375,19730.3515625,20137.927734375,18259.998046875,51690,0.0,0.0
2021-05-07,20841.921875,20841.921875,20212.03125,20841.921875,18898.341796875,137900,0.0,0.0
2021-05-10,21147.6015625,21406.96875,20462.134765625,21147.6015625,19175.517578125,83589,0.0,0.0
2021-05-11,21008.65625,21175.392578125,21008.65625,21008.65625,19102.36328125,121348,58.5,0.0
2021-05-12,20749.291015625,21268.0234375,20749.291015625,20749.291015625,18866.53515625,89923,0.0,0.0
2021-05-13,20619.607421875,20749.291015625,20434.345703125,20619.607421875,18748.619140625,14103,0.0,0.0
2021-05-14,21027.181640625,21193.91796875,20740.02734375,21027.181640625,19119.216796875,82774,0.0,0.0
2021-05-17,21027.181640625,21027.181640625,21027.181640625,21027.181640625,19119.216796875,0,0.0,0.0
2021-05-18,20749.291015625,21268.0234375,20749.291015625,20749.291015625,18866.53515625,22562,0.0,0.0
2021-05-19,20619.607421875,20647.396484375,20554.765625,20619.607421875,18748.619140625,114235,0.0,0.0
2021-05-20,20749.291015625,21119.8125,19924.876953125,20749.291015625,18866.53515625,77058,0.0,0.0
2021-05-21,20174.98046875,20749.291015625,20128.6640625,20174.98046875,18344.34375,241614,0.0,0.0
2021-05-24,19822.982421875,20174.98046875,19461.72265625,19822.982421875,18024.279296875,50673,0.0,0.0
2021-05-25,19359.828125,19822.982421875,19285.724609375,19359.828125,17603.16015625,181817,0.0,0.0
2021-05-26,19341.302734375,19359.828125,19267.197265625,19341.302734375,17586.3125,769206,0.0,0.0
2021-05-27,18989.306640625,19359.828125,18989.306640625,18989.306640625,17266.251953125,4537656,0.0,0.0
2021-05-28,19470.986328125,19813.71875,19294.986328125,19470.986328125,17704.22265625,200139,0.0,0.0
2021-05-31,20008.244140625,20360.240234375,19813.71875,20008.244140625,18192.734375,60968,0.0,0.0
2021-06-01,20341.71484375,20341.71484375,20147.189453125,20341.71484375,18495.9453125,75193,0.0,0.0
2021-06-02,20008.244140625,20730.763671875,19702.5625,20008.244140625,18192.734375,200436,0.0,0.0
2021-06-03,20193.505859375,20360.240234375,19869.298828125,20193.505859375,18361.185546875,112776,0.0,0.0
2021-06-04,20091.611328125,20564.029296875,20091.611328125,20091.611328125,18268.5390625,90136,0.0,0.0
2021-06-07,20091.611328125,20091.611328125,20091.611328125,20091.611328125,18268.5390625,0,0.0,0.0
2021-06-08,20749.291015625,20749.291015625,20378.767578125,20749.291015625,18921.626953125,91622,58.5,0.0
2021-06-09,20212.03125,20749.291015625,20212.03125,20212.03125,18431.6953125,209296,0.0,0.0
2021-06-10,20545.501953125,20656.66015625,20063.822265625,20545.501953125,18735.79296875,59198,0.0,0.0
2021-06-11,20749.291015625,20749.291015625,20378.767578125,20749.291015625,18921.626953125,68305,0.0,0.0
2021-06-14,20749.291015625,20749.291015625,20749.291015625,20749.291015625,18921.626953125,0,0.0,0.0
2021-06-15,20832.658203125,20832.658203125,20564.029296875,20832.658203125,18997.662109375,50557,0.0,0.0
2021-06-16,20554.765625,20730.763671875,20397.29296875,20554.765625,18744.240234375,138964,0.0,0.0
2021-06-17,20934.55078125,21082.76171875,20610.34375,20934.55078125,19090.578125,95777,0.0,0.0
2021-06-18,20841.921875,20934.55078125,20749.291015625,20841.921875,19006.103515625,69443,0.0,0.0
2021-06-21,20804.869140625,20841.921875,20665.921875,20804.869140625,18972.314453125,63965,0.0,0.0
2021-06-22,20471.3984375,20749.291015625,20471.3984375,20471.3984375,18668.21484375,67398,0.0,0.0
2021-06-23,20841.921875,20841.921875,20378.767578125,20841.921875,19006.103515625,74086,0.0,0.0
2021-06-24,20786.341796875,21212.443359375,20721.501953125,20786.341796875,18955.421875,579824,0.0,0.0
2021-06-25,20749.291015625,20823.39453125,20489.923828125,20749.291015625,18921.626953125,65154,0.0,0.0
2021-06-28,20702.974609375,20795.60546875,20684.44921875,20702.974609375,18879.39453125,62101,0.0,0.0
2021-06-29,20110.138671875,20702.974609375,20110.138671875,20110.138671875,18338.779296875,76082,0.0,0.0
2021-06-30,20267.609375,20471.3984375,20054.55859375,20267.609375,18482.37890625,81615,0.0,0.0
2021-07-01,20193.505859375,20591.818359375,19961.9296875,20193.505859375,18414.806640625,130283,0.0,0.0
2021-07-02,20971.603515625,20990.130859375,20174.98046875,20971.603515625,19124.369140625,62553,0.0,0.0
2021-07-05,20971.603515625,20971.603515625,20971.603515625,20971.603515625,19124.369140625,0,0.0,0.0
2021-07-06,20665.921875,21027.181640625,20656.66015625,20665.921875,18845.609375,77315,0.0,0.0
2021-07-07,20564.029296875,20841.921875,20564.029296875,20564.029296875,18752.6875,96616,0.0,0.0
2021-07-08,20480.66015625,20545.501953125,20388.029296875,20480.66015625,18676.6640625,109971,0.0,0.0
2021-07-09,20499.1875,20647.396484375,20119.400390625,20499.1875,18747.109375,140783,58.5,0.0
2021-07-12,20499.1875,20499.1875,20499.1875,20499.1875,18747.109375,0,0.0,0.0
2021-07-13,20249.083984375,20388.029296875,20249.083984375,20249.083984375,18518.380859375,331331,0.0,0.0
2021-07-14,20304.662109375,20462.134765625,20119.400390625,20304.662109375,18569.2109375,74262,0.0,0.0
2021-07-15,20341.71484375,20341.71484375,20110.138671875,20341.71484375,18603.09375,32991,0.0,0.0
2021-07-16,20341.71484375,20434.345703125,20249.083984375,20341.71484375,18603.09375,9992,0.0,0.0
2021-07-19,20082.349609375,20452.87109375,19924.876953125,20082.349609375,18365.896484375,14943,0.0,0.0
2021-07-20,20082.349609375,20082.349609375,20082.349609375,20082.349609375,18365.896484375,0,0.0,0.0
2021-07-21,19822.982421875,20193.505859375,19822.982421875,19822.982421875,18128.697265625,172315,0.0,0.0
2021-07-22,19369.091796875,19739.615234375,19369.091796875,19369.091796875,17713.59765625,22196,0.0,0.0
2021-07-23,19267.197265625,19776.66796875,19100.462890625,19267.197265625,17620.41796875,49664,0.0,0.0
2021-07-26,19433.93359375,19637.720703125,19174.56640625,19433.93359375,17772.904296875,54163,0.0,0.0
2021-07-27,19322.77734375,19609.931640625,19193.09375,19322.77734375,17671.25,93552,0.0,0.0
2021-07-28,19396.880859375,19637.720703125,19276.4609375,19396.880859375,17739.015625,31295,0.0,0.0
2021-07-29,19054.146484375,19591.40625,19054.146484375,19054.146484375,17425.578125,79550,0.0,0.0
2021-07-30,19174.56640625,19174.56640625,18739.203125,19174.56640625,17535.705078125,26089,0.0,0.0
2021-08-02,18942.990234375,19081.9375,18896.67578125,18942.990234375,17323.919921875,211304,0.0,0.0
2021-08-03,18850.359375,18942.990234375,18711.4140625,18850.359375,17239.20703125,52893,0.0,0.0
2021-08-04,19044.884765625,19156.041015625,18720.67578125,19044.884765625,17417.103515625,54381,0.0,0.0
2021-08-05,19035.62109375,19174.56640625,18748.46484375,19035.62109375,17408.62890625,59815,0.0,0.0
2021-08-06,19174.56640625,19174.56640625,19081.9375,19174.56640625,17535.705078125,48881,0.0,0.0
2021-08-09,19035.62109375,19146.77734375,19035.62109375,19035.62109375,17408.62890625,21055,0.0,0.0
2021-08-10,19443.197265625,19609.931640625,18729.939453125,19443.197265625,17836.185546875,82504,58.5,0.0
2021-08-11,19591.40625,19637.720703125,19026.357421875,19591.40625,17972.15234375,46530,0.0,0.0
2021-08-12,19684.037109375,19730.3515625,19276.4609375,19684.037109375,18057.125,296622,0.0,0.0
2021-08-13,19822.982421875,19822.982421875,19470.986328125,19822.982421875,18184.583984375,73775,0.0,0.0
2021-08-16,19822.982421875,19822.982421875,19822.982421875,19822.982421875,18184.583984375,0,0.0,0.0
2021-08-17,20332.451171875,20360.240234375,19480.248046875,20332.451171875,18651.943359375,188736,0.0,0.0
2021-08-18,21286.548828125,21286.548828125,20341.71484375,21286.548828125,19527.189453125,110298,0.0,0.0
2021-08-19,21184.654296875,21416.232421875,20934.55078125,21184.654296875,19433.7109375,139665,0.0,0.0
2021-08-20,21212.443359375,21490.3359375,20990.130859375,21212.443359375,19459.20703125,72183,0.0,0.0
2021-08-23,21129.076171875,21305.07421875,21101.287109375,21129.076171875,19382.72265625,64842,0.0,0.0
2021-08-24,20980.8671875,21073.498046875,20665.921875,20980.8671875,19246.771484375,32292,0.0,0.0
2021-08-25,20971.603515625,21036.4453125,20406.556640625,20971.603515625,19238.271484375,55828,0.0,0.0
2021-08-26,20656.66015625,20943.814453125,20656.66015625,20656.66015625,18949.359375,39655,0.0,0.0
2021-08-27,20591.818359375,20675.185546875,20517.712890625,20591.818359375,18889.873046875,74178,0.0,0.0
2021-08-30,20267.609375,20878.97265625,20249.083984375,20267.609375,18592.455078125,99601,0.0,0.0
2021-08-31,20082.349609375,20193.505859375,20082.349609375,20082.349609375,18422.513671875,80654,0.0,0.0
2021-09-01,20230.55859375,20323.189453125,19924.876953125,20230.55859375,18558.46875,143320,0.0,0.0
2021-09-02,20193.505859375,20471.3984375,20100.875,20193.505859375,18524.478515625,89641,0.0,0.0
2021-09-03,20174.98046875,20193.505859375,20100.875,20174.98046875,18507.494140625,24287,0.0,0.0
2021-09-06,20174.98046875,20174.98046875,20073.0859375,20174.98046875,18507.494140625,43958,0.0,0.0
2021-09-07,19915.61328125,20110.138671875,19906.349609375,19915.61328125,18269.56640625,55733,0.0,0.0
2021-09-08,19998.98046875,20119.400390625,19674.7734375,19998.98046875,18346.033203125,129708,0.0,0.0
2021-09-09,20082.349609375,20165.716796875,19841.5078125,20082.349609375,18476.55859375,79100,58.5,0.0
2021-09-10,20137.927734375,20165.716796875,20100.875,20137.927734375,18527.6953125,71775,0.0,0.0
2021-09-13,19767.404296875,20462.134765625,19767.404296875,19767.404296875,18186.796875,99665,0.0,0.0
2021-09-14,20054.55859375,20082.349609375,19785.9296875,20054.55859375,18450.986328125,390412,0.0,0.0
2021-09-15,19961.9296875,20564.029296875,19952.666015625,19961.9296875,18365.76953125,99626,0.0,0.0
2021-09-16,19961.9296875,20110.138671875,19924.876953125,19961.9296875,18365.76953125,199860,0.0,0.0
2021-09-17,19924.876953125,20156.453125,19915.61328125,19924.876953125,18331.677734375,240138,0.0,0.0
2021-09-20,19619.1953125,19924.876953125,19480.248046875,19619.1953125,18050.443359375,53497,0.0,0.0
2021-09-21,19869.298828125,19961.9296875,19637.720703125,19869.298828125,18280.544921875,254308,0.0,0.0
2021-09-22,19961.9296875,19989.71875,19813.71875,19961.9296875,18365.76953125,61221,0.0,0.0
2021-09-23,19869.298828125,20193.505859375,19804.45703125,19869.298828125,18280.544921875,55554,0.0,0.0
2021-09-24,19887.82421875,19897.087890625,19591.40625,19887.82421875,18297.591796875,49443,0.0,0.0
2021-09-27,19952.666015625,20174.98046875,19897.087890625,19952.666015625,18357.248046875,329290,0.0,0.0
2021-09-28,19989.71875,20082.349609375,19804.45703125,19989.71875,18391.33203125,151632,0.0,0.0
2021-09-29,20045.296875,20147.189453125,19934.138671875,20045.296875,18442.470703125,576897,0.0,0.0
2021-09-30,20063.822265625,20137.927734375,19822.982421875,20063.822265625,18459.51171875,54930,0.0,0.0
2021-10-01,20026.76953125,20267.609375,20026.76953125,20026.76953125,18425.42578125,345675,0.0,0.0
2021-10-04,20119.400390625,20202.76953125,20017.5078125,20119.400390625,18510.6484375,171271,0.0,0.0
2021-10-05,20110.138671875,20323.189453125,20100.875,20110.138671875,18502.126953125,277120,0.0,0.0
2021-10-06,20193.505859375,20276.873046875,20008.244140625,20193.505859375,18578.826171875,66675,0.0,0.0
2021-10-07,20276.873046875,20545.501953125,20193.505859375,20276.873046875,18655.533203125,422602,0.0,0.0
2021-10-08,20452.87109375,20462.134765625,20286.13671875,20452.87109375,18817.458984375,50720,0.0,0.0
2021-10-11,20443.609375,20749.291015625,20443.609375,20443.609375,18862.88671875,60105,58.5,0.0
2021-10-12,20202.76953125,20554.765625,20147.189453125,20202.76953125,18640.671875,64068,0.0,0.0
2021-10-13,20304.662109375,20369.50390625,20202.76953125,20304.662109375,18734.681640625,56550,0.0,0.0
2021-10-14,20647.396484375,20647.396484375,20304.662109375,20647.396484375,19050.91796875,451510,0.0,0.0
2021-10-15,20656.66015625,20749.291015625,20378.767578125,20656.66015625,19059.462890625,66717,0.0,0.0
2021-10-18,20656.66015625,20656.66015625,20656.66015625,20656.66015625,19059.462890625,0,0.0,0.0
2021-10-19,20638.1328125,20851.18359375,20573.291015625,20638.1328125,19042.37109375,421819,0.0,0.0
2021-10-20,20360.240234375,20573.291015625,20360.240234375,20360.240234375,18785.96484375,101660,0.0,0.0
2021-10-21,20517.712890625,20628.87109375,20360.240234375,20517.712890625,18931.2578125,141470,0.0,0.0
2021-10-22,20286.13671875,20388.029296875,20286.13671875,20286.13671875,18717.587890625,40830,0.0,0.0
2021-10-25,20332.451171875,20554.765625,20332.451171875,20332.451171875,18760.318359375,246644,0.0,0.0
2021-10-26,20471.3984375,20564.029296875,20397.29296875,20471.3984375,18888.525390625,48920,0.0,0.0
2021-10-27,20369.50390625,20573.291015625,20249.083984375,20369.50390625,18794.51171875,22022,0.0,0.0
2021-10-28,20564.029296875,20564.029296875,20313.92578125,20564.029296875,18973.998046875,154645,0.0,0.0
2021-10-29,20388.029296875,20628.87109375,20388.029296875,20388.029296875,18811.607421875,130404,0.0,0.0
2021-11-01,20388.029296875,20388.029296875,20388.029296875,20388.029296875,18811.607421875,0,0.0,0.0
2021-11-02,20378.767578125,20591.818359375,20378.767578125,20378.767578125,18803.0625,249863,0.0,0.0
2021-11-03,20610.34375,20610.34375,20378.767578125,20610.34375,19016.724609375,82085,0.0,0.0
2021-11-04,20545.501953125,20610.34375,20406.556640625,20545.501953125,18956.900390625,50854,0.0,0.0
2021-11-05,20471.3984375,20610.34375,20406.556640625,20471.3984375,18888.525390625,71498,0.0,0.0
2021-11-08,20545.501953125,20554.765625,20489.923828125,20545.501953125,18956.900390625,50433,0.0,0.0
2021-11-09,20286.13671875,20526.9765625,20100.875,20286.13671875,18771.03515625,129479,58.5,0.0
2021-11-10,20137.927734375,20378.767578125,20100.875,20137.927734375,18633.90234375,84756,0.0,0.0
2021-11-11,20137.927734375,20378.767578125,20100.875,20137.927734375,18633.90234375,84756,0.0,0.0
2021-11-12,20137.927734375,20137.927734375,20137.927734375,20137.927734375,18633.90234375,0,0.0,0.0
2021-11-15,20137.927734375,20137.927734375,20137.927734375,20137.927734375,18633.90234375,0,0.0,0.0
2021-11-16,20137.927734375,20137.927734375,20137.927734375,20137.927734375,18633.90234375,0,0.0,0.0
2021-11-17,20137.927734375,20137.927734375,20137.927734375,20137.927734375,18633.90234375,0,0.0,0.0
2021-11-18,20137.927734375,20137.927734375,20137.927734375,20137.927734375,18633.90234375,0,0.0,0.0
2021-11-19,20137.927734375,20137.927734375,20137.927734375,20137.927734375,18633.90234375,0,0.0,0.0
2021-11-22,24806.517578125,25714.298828125,24547.15234375,24806.517578125,22953.8125,730800,0.0,0.0
2021-11-23,25010.3046875,25010.3046875,24658.30859375,25010.3046875,23142.376953125,206509,0.0,0.0
2021-11-24,25881.03515625,25918.0859375,25010.3046875,25881.03515625,23948.072265625,392828,0.0,0.0
2021-11-25,26158.92578125,26538.712890625,25427.14453125,26158.92578125,24205.20703125,157301,0.0,0.0
2021-11-26,26168.189453125,26260.8203125,25491.984375,26168.189453125,24213.78125,357623,0.0,0.0
2021-11-29,27233.443359375,27233.443359375,26168.189453125,27233.443359375,25199.4765625,543892,0.0,0.0
2021-11-30,26909.236328125,27316.810546875,26686.921875,26909.236328125,24899.48046875,407214,0.0,0.0
2021-12-01,26585.02734375,27075.970703125,25964.40234375,26585.02734375,24599.486328125,398407,0.0,0.0
2021-12-02,26473.87109375,26538.712890625,26177.453125,26473.87109375,24496.634765625,129028,0.0,0.0
2021-12-03,26399.765625,26529.44921875,26307.13671875,26399.765625,24428.064453125,157966,0.0,0.0
2021-12-06,26686.921875,26770.2890625,26307.13671875,26686.921875,24693.7734375,355259,0.0,0.0
2021-12-07,26446.08203125,26677.658203125,26436.818359375,26446.08203125,24470.912109375,638317,0.0,0.0
2021-12-08,26446.08203125,26446.08203125,26446.08203125,26446.08203125,24470.912109375,0,0.0,0.0
2021-12-09,25982.927734375,26547.9765625,25955.138671875,25982.927734375,24095.654296875,727735,58.5,0.0
2021-12-10,25501.248046875,25742.087890625,25288.197265625,25501.248046875,23648.966796875,339645,0.0,0.0
2021-12-13,25343.775390625,25603.142578125,25195.56640625,25343.775390625,23502.931640625,120914,0.0,0.0
2021-12-14,26307.13671875,26316.3984375,24815.78125,26307.13671875,24396.314453125,576064,0.0,0.0
2021-12-15,26214.505859375,26214.505859375,25519.7734375,26214.505859375,24310.41796875,192689,0.0,0.0
2021-12-16,26390.50390625,26659.1328125,26270.083984375,26390.50390625,24473.626953125,846598,0.0,0.0
2021-12-17,26297.873046875,26649.869140625,25834.71875,26297.873046875,24387.72265625,228089,0.0,0.0
2021-12-20,26214.505859375,26260.8203125,25955.138671875,26214.505859375,24310.41796875,161675,0.0,0.0
2021-12-21,26019.98046875,26307.13671875,25992.19140625,26019.98046875,24130.013671875,64218,0.0,0.0
2021-12-22,26297.873046875,26297.873046875,25936.61328125,26297.873046875,24387.72265625,50279,0.0,0.0
2021-12-23,26307.13671875,26307.13671875,26121.875,26307.13671875,24396.314453125,79527,0.0,0.0
2021-12-24,26307.13671875,26344.1875,26214.505859375,26307.13671875,24396.314453125,5196,0.0,0.0
2021-12-27,26233.03125,26307.13671875,26149.6640625,26233.03125,24327.591796875,15169,0.0,0.0
2021-12-28,26399.765625,26399.765625,26131.13671875,26399.765625,24482.220703125,257953,0.0,0.0
2021-12-29,26121.875,26455.345703125,26121.875,26121.875,24224.5078125,64862,0.0,0.0
2021-12-30,26529.44921875,26538.712890625,26233.03125,26529.44921875,24602.484375,40068,0.0,0.0
2021-12-31,26529.44921875,26529.44921875,26529.44921875,26529.44921875,24602.484375,0,0.0,0.0
2022-01-03,26288.609375,26585.02734375,26251.556640625,26288.609375,24379.140625,26410,0.0,0.0
2022-01-04,26260.8203125,26399.765625,26260.8203125,26260.8203125,24353.359375,72315,0.0,0.0
2022-01-05,26214.505859375,26307.13671875,26057.033203125,26214.505859375,24310.41796875,345685,0.0,0.0
2022-01-06,26399.765625,26585.02734375,26103.34765625,26399.765625,24482.220703125,224237,0.0,0.0
2022-01-07,27807.75390625,27807.75390625,26121.875,27807.75390625,25787.9375,959736,0.0,0.0
2022-01-10,27807.75390625,27807.75390625,27807.75390625,27807.75390625,25787.9375,0,0.0,0.0
2022-01-11,27881.859375,27881.859375,25751.3515625,27881.859375,25911.171875,111238,58.5,0.0
2022-01-12,27789.228515625,28252.380859375,26825.8671875,27789.228515625,25825.091796875,38688,0.0,0.0
2022-01-13,26881.447265625,28947.11328125,26881.447265625,26881.447265625,24981.466796875,69482,0.0,0.0
2022-01-14,25010.3046875,26862.919921875,24954.7265625,25010.3046875,23242.578125,119189,0.0,0.0
2022-01-17,25010.3046875,25010.3046875,25010.3046875,25010.3046875,23242.578125,0,0.0,0.0
2022-01-18,25010.3046875,25010.3046875,25010.3046875,25010.3046875,23242.578125,0,0.0,0.0
2022-01-19,25010.3046875,25010.3046875,25010.3046875,25010.3046875,23242.578125,0,0.0,0.0
2022-01-20,25010.3046875,25010.3046875,25010.3046875,25010.3046875,23242.578125,0,0.0,0.0
2022-01-21,25010.3046875,25010.3046875,25010.3046875,25010.3046875,23242.578125,0,0.0,0.0
2022-01-24,25010.3046875,25010.3046875,25010.3046875,25010.3046875,23242.578125,0,0.0,0.0
2022-01-25,25010.3046875,25010.3046875,25010.3046875,25010.3046875,23242.578125,0,0.0,0.0
2022-01-26,25010.3046875,25010.3046875,25010.3046875,25010.3046875,23242.578125,0,0.0,0.0
2022-01-27,25010.3046875,25010.3046875,25010.3046875,25010.3046875,23242.578125,0,0.0,0.0
2022-01-28,25010.3046875,25010.3046875,25010.3046875,25010.3046875,23242.578125,0,0.0,0.0
2022-01-31,25010.3046875,25010.3046875,25010.3046875,25010.3046875,23242.578125,0,0.0,0.0
2022-02-01,37682.19140625,37978.61328125,37061.56640625,37682.19140625,35018.81640625,94465,0.0,0.0
2022-02-02,37422.828125,37719.24609375,37154.19921875,37422.828125,34777.78515625,72554,0.0,0.0
2022-02-03,37737.7734375,37885.98046875,36190.83984375,37737.7734375,35070.47265625,197551,0.0,0.0
2022-02-04,37848.9296875,37885.98046875,37265.35546875,37848.9296875,35173.7578125,147393,0.0,0.0
2022-02-07,37691.45703125,37932.296875,37320.93359375,37691.45703125,35027.42578125,85949,0.0,0.0
2022-02-08,37784.0859375,37793.3515625,37608.08984375,37784.0859375,35113.5078125,52543,0.0,0.0
2022-02-09,37747.03515625,37747.03515625,37404.30078125,37747.03515625,35133.46484375,92572,58.5,0.0
2022-02-10,37617.3515625,37747.03515625,37608.08984375,37617.3515625,35012.765625,179313,0.0,0.0
2022-02-11,37617.3515625,37747.03515625,37608.08984375,37617.3515625,35012.765625,179313,0.0,0.0
2022-02-14,37700.71875,37700.71875,37533.984375,37700.71875,35090.37109375,132219,0.0,0.0
2022-02-15,37533.984375,37700.71875,36913.359375,37533.984375,34935.16796875,190180,0.0,0.0
2022-02-16,37626.61328125,37747.03515625,37608.08984375,37626.61328125,35021.38671875,358762,0.0,0.0
2022-02-17,37580.30078125,37654.40234375,37571.03515625,37580.30078125,34978.27734375,47790,0.0,0.0
2022-02-18,37543.24609375,37580.30078125,37422.828125,37543.24609375,34943.79296875,368347,0.0,0.0
2022-02-21,37617.3515625,37617.3515625,37395.0390625,37617.3515625,35012.765625,562053,0.0,0.0
2022-02-22,37793.3515625,37793.3515625,37432.08984375,37793.3515625,35176.5859375,523472,0.0,0.0
2022-02-23,37793.3515625,37811.875,37663.66796875,37793.3515625,35176.5859375,352062,0.0,0.0
2022-02-24,37784.0859375,37793.3515625,37089.35546875,37784.0859375,35167.96875,354906,0.0,0.0
2022-02-25,37237.56640625,38256.50390625,37237.56640625,37237.56640625,34659.2734375,4292245,0.0,0.0
2022-02-28,40961.3203125,40961.3203125,33754.6484375,40961.3203125,38125.203125,31987,0.0,0.0
2022-03-01,40961.3203125,40961.3203125,33754.6484375,40961.3203125,38125.203125,31987,0.0,0.0
2022-03-02,40961.3203125,40961.3203125,40961.3203125,40961.3203125,38125.203125,0,0.0,0.0
2022-03-03,40961.3203125,40961.3203125,40961.3203125,40961.3203125,38125.203125,0,0.0,0.0
2022-03-04,40961.3203125,40961.3203125,40961.3203125,40961.3203125,38125.203125,15377773,0.0,0.0
2022-03-07,40961.3203125,40961.3203125,40961.3203125,40961.3203125,38125.203125,0,0.0,0.0
2022-03-08,40961.3203125,40961.3203125,40961.3203125,40961.3203125,38125.203125,0,0.0,0.0
2022-03-09,40961.3203125,40961.3203125,40961.3203125,40961.3203125,38179.72265625,0,58.5,0.0
2022-03-10,40961.3203125,40961.3203125,40961.3203125,40961.3203125,38179.72265625,0,0.0,0.0
2022-03-11,40961.3203125,40961.3203125,40961.3203125,40961.3203125,38179.72265625,0,0.0,0.0
2022-03-14,40961.3203125,40961.3203125,40961.3203125,40961.3203125,38179.72265625,0,0.0,0.0
2022-03-15,40961.3203125,40961.3203125,40961.3203125,40961.3203125,38179.72265625,0,0.0,0.0
2022-03-16,40961.3203125,40961.3203125,40961.3203125,40961.3203125,38179.72265625,0,0.0,0.0
2022-03-17,40961.3203125,40961.3203125,40961.3203125,40961.3203125,38179.72265625,0,0.0,0.0
2022-03-18,40961.3203125,40961.3203125,40961.3203125,40961.3203125,38179.72265625,0,0.0,0.0
2022-03-21,40961.3203125,40961.3203125,40961.3203125,40961.3203125,38179.72265625,0,0.0,0.0
2022-03-22,40961.3203125,40961.3203125,40961.3203125,40961.3203125,38179.72265625,0,0.0,0.0
2022-03-23,40961.3203125,40961.3203125,40961.3203125,40961.3203125,38179.72265625,0,0.0,0.0
2022-03-24,40961.3203125,40961.3203125,40961.3203125,40961.3203125,38179.72265625,0,0.0,0.0
2022-03-25,40961.3203125,40961.3203125,40961.3203125,40961.3203125,38179.72265625,0,0.0,0.0
2022-03-28,40961.3203125,40961.3203125,40961.3203125,40961.3203125,38179.72265625,0,0.0,0.0
2022-03-29,40961.3203125,40961.3203125,40961.3203125,40961.3203125,38179.72265625,0,0.0,0.0
2022-03-30,40961.3203125,40961.3203125,40961.3203125,40961.3203125,38179.72265625,0,0.0,0.0
2022-03-31,42424.88671875,42610.1484375,42211.8359375,42424.88671875,39543.9140625,10364,0.0,0.0
2022-04-01,43073.3046875,43073.3046875,41683.84375,43073.3046875,40148.29296875,359645,0.0,0.0
2022-04-04,43073.3046875,43073.3046875,43073.3046875,43073.3046875,40148.29296875,0,0.0,0.0
2022-04-05,43703.19140625,44462.765625,43165.93359375,43703.19140625,40735.40625,73881,0.0,0.0
2022-04-06,43351.1953125,44175.609375,43054.77734375,43351.1953125,40407.31640625,251764,0.0,0.0
2022-04-07,42480.46484375,43138.14453125,42239.625,42480.46484375,39595.7109375,489637,0.0,0.0
2022-04-08,42424.88671875,43119.6171875,42424.88671875,42424.88671875,39617.58984375,210669,79.0,0.0
2022-04-11,42823.19921875,42869.515625,41952.47265625,42823.19921875,39989.54296875,62147,0.0,0.0
2022-04-12,42424.88671875,42813.9375,42415.625,42424.88671875,39617.58984375,51021,0.0,0.0
2022-04-13,42786.1484375,42795.41015625,42434.15234375,42786.1484375,39954.94140625,19836,0.0,0.0
2022-04-14,42786.1484375,42786.1484375,42786.1484375,42786.1484375,39954.94140625,0,0.0,0.0
2022-04-15,42786.1484375,42786.1484375,42786.1484375,42786.1484375,39954.94140625,0,0.0,0.0
2022-04-18,42693.515625,42980.671875,42443.4140625,42693.515625,39868.4453125,166228,0.0,0.0
2022-04-19,42665.7265625,42832.46484375,42665.7265625,42665.7265625,39842.4921875,218678,0.0,0.0
2022-04-20,42665.7265625,42749.09375,42647.203125,42665.7265625,39842.4921875,178172,0.0,0.0
2022-04-21,43443.828125,43443.828125,42712.04296875,43443.828125,40569.11328125,124760,0.0,0.0
2022-04-22,43851.40234375,43851.40234375,42915.83203125,43851.40234375,40949.70703125,51481,0.0,0.0
2022-04-25,44601.7109375,44648.02734375,43869.9296875,44601.7109375,41650.36328125,236454,0.0,0.0
2022-04-26,44555.39453125,45277.9140625,44018.13671875,44555.39453125,41607.1171875,333306,0.0,0.0
2022-04-27,44907.390625,45203.8125,44555.39453125,44907.390625,41935.8203125,27825,0.0,0.0
2022-04-28,44925.91796875,45250.125,44925.91796875,44925.91796875,41953.12109375,49748,0.0,0.0
2022-04-29,44925.91796875,45250.125,44925.91796875,44925.91796875,41953.12109375,49748,0.0,0.0
2022-05-02,46269.06640625,46269.06640625,45111.1796875,46269.06640625,43207.390625,14157,0.0,0.0
2022-05-03,45574.33203125,46333.90625,45389.07421875,45574.33203125,42558.625,10105,0.0,0.0
2022-05-04,45666.96484375,46176.43359375,45666.96484375,45666.96484375,42645.1328125,6994,0.0,0.0
2022-05-05,46315.37890625,46315.37890625,46306.1171875,46315.37890625,43250.640625,7123,0.0,0.0
2022-05-06,45453.9140625,45453.9140625,45213.07421875,45453.9140625,42446.17578125,25692,0.0,0.0
2022-05-09,46315.37890625,46315.37890625,45759.59375,46315.37890625,43250.640625,9231,0.0,0.0
2022-05-10,47149.05859375,47149.05859375,46306.1171875,47149.05859375,44104.390625,4667,79.0,0.0
2022-05-11,47149.05859375,47149.05859375,47149.05859375,47149.05859375,44104.390625,451,0.0,0.0
2022-05-12,46315.37890625,46315.37890625,46315.37890625,46315.37890625,43324.53515625,6614,0.0,0.0
2022-05-13,45935.59375,46306.1171875,42813.9375,45935.59375,42969.2890625,17998,0.0,0.0
2022-05-16,45935.59375,45935.59375,45935.59375,45935.59375,42969.2890625,3104,0.0,0.0
2022-05-17,40757.53515625,41683.84375,38441.765625,40757.53515625,38125.59765625,346031,0.0,0.0
2022-05-18,40572.2734375,40757.53515625,38627.02734375,40572.2734375,37952.30078125,13906,0.0,0.0
2022-05-19,36959.671875,40757.53515625,36959.671875,36959.671875,34572.984375,16358,0.0,0.0
2022-05-20,37978.61328125,38145.34765625,36125.99609375,37978.61328125,35526.1171875,22303,0.0,0.0
2022-05-23,36857.78125,37978.61328125,36505.78125,36857.78125,34477.66796875,12934,0.0,0.0
2022-05-24,37978.61328125,37978.61328125,35227.4765625,37978.61328125,35526.1171875,12665,0.0,0.0
2022-05-25,36848.515625,37969.34765625,34579.0625,36848.515625,34469.00390625,6755,0.0,0.0
2022-05-26,34884.74609375,37043.0390625,33439.703125,34884.74609375,32632.04296875,12173,0.0,0.0
2022-05-27,37598.82421875,37598.82421875,34894.0078125,37598.82421875,35170.85546875,6485,0.0,0.0
2022-05-30,37598.82421875,37598.82421875,37598.82421875,37598.82421875,35170.85546875,0,0.0,0.0
2022-05-31,34273.3828125,37960.0859375,34273.3828125,34273.3828125,32060.1640625,183444,0.0,0.0
2022-06-01,35144.109375,36024.1015625,34273.3828125,35144.109375,32874.6640625,23604,0.0,0.0
2022-06-02,35459.0546875,35459.0546875,34291.90625,35459.0546875,33169.26953125,9461,0.0,0.0
2022-06-03,36144.5234375,36144.5234375,34458.64453125,36144.5234375,33810.46875,24857,0.0,0.0
2022-06-06,36311.2578125,36848.515625,35014.42578125,36311.2578125,33966.43359375,28627,0.0,0.0
2022-06-07,36589.1484375,36941.1484375,36051.890625,36589.1484375,34226.3828125,257341,0.0,0.0
2022-06-08,36589.1484375,37228.30078125,36413.15234375,36589.1484375,34226.3828125,33111,0.0,0.0
2022-06-09,35848.10546875,36301.99609375,34560.53515625,35848.10546875,33605.75390625,15301,79.0,0.0
2022-06-10,35931.47265625,35931.47265625,34366.01171875,35931.47265625,33683.91015625,5564,0.0,0.0
2022-06-13,35736.9453125,35885.15625,33847.28125,35736.9453125,33501.55078125,11824,0.0,0.0
2022-06-14,35014.42578125,35032.953125,33347.07421875,35014.42578125,32824.22265625,6899,0.0,0.0
2022-06-15,33902.859375,33976.9609375,31624.140625,33902.859375,31782.18359375,21252,0.0,0.0
2022-06-16,34078.85546875,34097.3828125,32040.98046875,34078.85546875,31947.177734375,4731,0.0,0.0
2022-06-17,34643.90234375,34727.2734375,31772.3515625,34643.90234375,32476.865234375,1480240,0.0,0.0
2022-06-20,34643.90234375,34643.90234375,34643.90234375,34643.90234375,32476.865234375,0,0.0,0.0
2022-06-21,36774.41015625,36867.04296875,34634.640625,36774.41015625,34474.109375,93307,0.0,0.0
2022-06-22,34810.640625,36765.1484375,34810.640625,34810.640625,32633.185546875,30140,0.0,0.0
2022-06-23,36107.46875,36107.46875,33347.07421875,36107.46875,33848.890625,42941,0.0,0.0
2022-06-24,36042.62890625,36042.62890625,36042.62890625,36042.62890625,33788.09765625,1471,0.0,0.0
2022-06-27,36042.62890625,36042.62890625,36042.62890625,36042.62890625,33788.09765625,0,0.0,0.0
2022-06-28,36042.62890625,36042.62890625,36042.62890625,36042.62890625,33788.09765625,0,0.0,0.0
2022-06-29,36042.62890625,36042.62890625,36042.62890625,36042.62890625,33788.09765625,0,0.0,0.0
2022-06-30,36681.78125,36681.78125,35662.84375,36681.78125,34387.28515625,17430,0.0,0.0
2022-07-01,37052.3046875,37052.3046875,36681.78125,37052.3046875,34734.63671875,41819,0.0,0.0
2022-07-04,37052.3046875,37052.3046875,37052.3046875,37052.3046875,34734.63671875,0,0.0,0.0
2022-07-05,37969.34765625,37969.34765625,36681.78125,37969.34765625,35594.30859375,225330,0.0,0.0
2022-07-06,37969.34765625,37969.34765625,36681.78125,37969.34765625,35594.30859375,225330,0.0,0.0
2022-07-07,38904.91796875,39043.8671875,37978.61328125,38904.91796875,36471.359375,10566,0.0,0.0
2022-07-08,38599.23828125,38997.55078125,38599.23828125,38599.23828125,36184.79296875,24662,0.0,0.0
2022-07-11,38904.91796875,39053.12890625,38599.23828125,38904.91796875,36546.15234375,39475,79.0,0.0
2022-07-12,40387.01171875,40387.01171875,38895.65625,40387.01171875,37938.38671875,53610,0.0,0.0
2022-07-13,40294.37890625,40294.37890625,40294.37890625,40294.37890625,37851.375,3431,0.0,0.0
2022-07-14,39368.07421875,40183.22265625,37811.875,39368.07421875,36981.23046875,30572,0.0,0.0
2022-07-15,39349.546875,39349.546875,36598.4140625,39349.546875,36963.8203125,16791,0.0,0.0
2022-07-18,38904.91796875,39349.546875,38904.91796875,38904.91796875,36546.15234375,4009,0.0,0.0
2022-07-19,39368.07421875,39368.07421875,39368.07421875,39368.07421875,36981.23046875,2056,0.0,0.0
2022-07-20,39368.07421875,39368.07421875,39368.07421875,39368.07421875,36981.23046875,0,0.0,0.0
2022-07-21,38775.234375,38904.91796875,35477.58203125,38775.234375,36424.3359375,13843,0.0,0.0
2022-07-22,35672.10546875,39368.07421875,34921.796875,35672.10546875,33509.33984375,87614,0.0,0.0
2022-07-25,37691.45703125,38256.50390625,35811.05078125,37691.45703125,35406.26171875,16253,0.0,0.0
2022-07-26,37969.34765625,38247.2421875,36440.94140625,37969.34765625,35667.3125,7220,0.0,0.0
2022-07-27,37793.3515625,37978.61328125,36116.734375,37793.3515625,35501.98046875,5411,0.0,0.0
2022-07-28,37052.3046875,37154.19921875,36681.78125,37052.3046875,34805.8671875,8860,0.0,0.0
2022-07-29,36959.671875,37052.3046875,36959.671875,36959.671875,34718.84375,10265,0.0,0.0
2022-08-01,35736.9453125,36931.8828125,35736.9453125,35736.9453125,33570.26171875,9006,0.0,0.0
2022-08-02,34736.53515625,36079.6796875,33930.6484375,34736.53515625,32630.4921875,69038,0.0,0.0
2022-08-03,35199.6875,35820.31640625,35199.6875,35199.6875,33065.5625,9061,0.0,0.0
2022-08-04,36125.99609375,36125.99609375,36125.99609375,36125.99609375,33935.71875,11175,0.0,0.0
2022-08-05,37978.61328125,37978.61328125,36107.46875,37978.61328125,35676.0078125,12523,0.0,0.0
2022-08-08,37830.40234375,37830.40234375,35514.6328125,37830.40234375,35536.78515625,12276,0.0,0.0
2022-08-09,37052.3046875,37506.1953125,36403.88671875,37052.3046875,34878.7109375,20138,79.0,0.0
2022-08-10,36264.94140625,36264.94140625,35616.52734375,36264.94140625,34137.5234375,16400,0.0,0.0
2022-08-11,36524.30859375,36524.30859375,35672.10546875,36524.30859375,34381.68359375,5863,0.0,0.0
2022-08-12,35208.953125,36487.2578125,35208.953125,35208.953125,33143.48828125,4976,0.0,0.0
2022-08-15,35208.953125,35208.953125,35208.953125,35208.953125,33143.48828125,0,0.0,0.0
2022-08-16,35208.953125,35208.953125,35208.953125,35208.953125,33143.48828125,0,0.0,0.0
2022-08-17,34736.53515625,36301.99609375,34736.53515625,34736.53515625,32698.76953125,27052,0.0,0.0
2022-08-18,35662.84375,35662.84375,34736.53515625,35662.84375,33570.74609375,33665,0.0,0.0
2022-08-19,35662.84375,36033.3671875,35662.84375,35662.84375,33570.74609375,5836,0.0,0.0
2022-08-22,35644.31640625,35644.31640625,34467.90625,35644.31640625,33553.30859375,871,0.0,0.0
2022-08-23,35644.31640625,35644.31640625,35644.31640625,35644.31640625,33553.30859375,954,0.0,0.0
2022-08-24,36570.625,36570.625,34273.3828125,36570.625,34425.27734375,7608,0.0,0.0
2022-08-25,35662.84375,36116.734375,34282.64453125,35662.84375,33570.74609375,19320,0.0,0.0
2022-08-26,35662.84375,35662.84375,35662.84375,35662.84375,33570.74609375,3,0.0,0.0
2022-08-29,35653.578125,35653.578125,35653.578125,35653.578125,33562.0234375,5262,0.0,0.0
2022-08-30,35653.578125,35653.578125,35551.6875,35653.578125,33562.0234375,3862,0.0,0.0
2022-08-31,34273.3828125,35199.6875,34273.3828125,34273.3828125,32262.806640625,33427,0.0,0.0
2022-09-01,35560.94921875,35560.94921875,35190.42578125,35560.94921875,33474.83203125,121525,0.0,0.0
2022-09-02,35199.6875,35653.578125,34958.84765625,35199.6875,33134.7578125,13102,0.0,0.0
2022-09-05,35662.84375,35662.84375,34273.3828125,35662.84375,33570.74609375,6506,0.0,0.0
2022-09-06,35644.31640625,35644.31640625,34616.11328125,35644.31640625,33553.30859375,9000,0.0,0.0
2022-09-07,35199.6875,35570.2109375,34088.12109375,35199.6875,33134.7578125,6357,0.0,0.0
2022-09-08,35384.94921875,35616.52734375,34755.0625,35384.94921875,33309.15625,5289,0.0,0.0
2022-09-09,35292.3203125,35560.94921875,35292.3203125,35292.3203125,33296.30859375,4951,79.0,0.0
2022-09-12,36125.99609375,36218.62890625,35514.6328125,36125.99609375,34082.83203125,178686,0.0,0.0
2022-09-13,35292.3203125,36098.20703125,34273.3828125,35292.3203125,33296.30859375,6374,0.0,0.0
2022-09-14,34264.1171875,35014.42578125,31957.611328125,34264.1171875,32326.24609375,27663,0.0,0.0
2022-09-15,34829.1640625,35014.42578125,33902.859375,34829.1640625,32859.3359375,76322,0.0,0.0
2022-09-16,33347.07421875,34643.90234375,32161.400390625,33347.07421875,31461.06640625,314363,0.0,0.0
2022-09-19,34273.3828125,34273.3828125,33347.07421875,34273.3828125,32334.998046875,16151,0.0,0.0
2022-09-20,34254.85546875,34727.2734375,32244.767578125,34254.85546875,32317.5078125,13174,0.0,0.0
2022-09-21,34254.85546875,34727.2734375,32244.767578125,34254.85546875,32317.5078125,13174,0.0,0.0
2022-09-22,34254.85546875,34254.85546875,34254.85546875,34254.85546875,32317.5078125,0,0.0,0.0
2022-09-23,34254.85546875,34254.85546875,34254.85546875,34254.85546875,32317.5078125,0,0.0,0.0
2022-09-26,34254.85546875,34254.85546875,34254.85546875,34254.85546875,32317.5078125,0,0.0,0.0
2022-09-27,34254.85546875,34254.85546875,34254.85546875,34254.85546875,32317.5078125,0,0.0,0.0
2022-09-28,34254.85546875,34254.85546875,34254.85546875,34254.85546875,32317.5078125,0,0.0,0.0
2022-09-29,34254.85546875,34254.85546875,34254.85546875,34254.85546875,32317.5078125,0,0.0,0.0
2022-09-30,34254.85546875,34254.85546875,34254.85546875,34254.85546875,32317.5078125,0,0.0,0.0
2022-10-03,34254.85546875,34254.85546875,34254.85546875,34254.85546875,32317.5078125,0,0.0,0.0
2022-10-04,34254.85546875,34254.85546875,34254.85546875,34254.85546875,32317.5078125,0,0.0,0.0
2022-10-05,34254.85546875,34254.85546875,34254.85546875,34254.85546875,32317.5078125,0,0.0,0.0
2022-10-06,34254.85546875,34254.85546875,34254.85546875,34254.85546875,32317.5078125,0,0.0,0.0
2022-10-07,34254.85546875,34254.85546875,34254.85546875,34254.85546875,32317.5078125,0,0.0,0.0
2022-10-10,34254.85546875,34254.85546875,34254.85546875,34254.85546875,32317.5078125,0,0.0,0.0
2022-10-11,34254.85546875,34254.85546875,34254.85546875,34254.85546875,32392.205078125,0,79.0,0.0
2022-10-12,34254.85546875,34254.85546875,34254.85546875,34254.85546875,32392.205078125,0,0.0,0.0
2022-10-13,34254.85546875,34254.85546875,34254.85546875,34254.85546875,32392.205078125,0,0.0,0.0
2022-10-14,34254.85546875,34254.85546875,34254.85546875,34254.85546875,32392.205078125,0,0.0,0.0
2022-10-17,34254.85546875,34254.85546875,34254.85546875,34254.85546875,32392.205078125,0,0.0,0.0
2022-10-18,34254.85546875,34254.85546875,34254.85546875,34254.85546875,32392.205078125,0,0.0,0.0
2022-10-19,34254.85546875,34254.85546875,34254.85546875,34254.85546875,32392.205078125,0,0.0,0.0
2022-10-20,34254.85546875,34254.85546875,34254.85546875,34254.85546875,32392.205078125,0,0.0,0.0
2022-10-21,53716.578125,55661.82421875,53614.68359375,53716.578125,50795.6875,35727,0.0,0.0
2022-10-24,53271.94921875,56504.76171875,51410.0703125,53271.94921875,50375.23046875,118609,0.0,0.0
2022-10-25,53197.84375,55143.08984375,52984.79296875,53197.84375,50305.16015625,37932,0.0,0.0
2022-10-26,50946.91796875,54096.36328125,50946.91796875,50946.91796875,48176.62890625,28584,0.0,0.0
2022-10-27,50919.12890625,51595.33203125,49094.3046875,50919.12890625,48150.34375,13750,0.0,0.0
2022-10-28,49557.45703125,50029.875,49186.93359375,49557.45703125,46862.71875,10782,0.0,0.0
2022-10-31,49103.56640625,49965.03125,49094.3046875,49103.56640625,46433.51171875,5597,0.0,0.0
2022-11-01,49094.3046875,50002.0859375,48306.94140625,49094.3046875,46424.75390625,9890,0.0,0.0
2022-11-02,48899.77734375,49362.93359375,48084.62890625,48899.77734375,46240.8046875,26068,0.0,0.0
2022-11-03,48167.99609375,49085.0390625,47982.734375,48167.99609375,45548.8125,10695,0.0,0.0
2022-11-04,49279.5625,50002.0859375,48167.99609375,49279.5625,46599.93359375,10624,0.0,0.0
2022-11-07,49279.5625,49279.5625,49279.5625,49279.5625,46599.93359375,0,0.0,0.0
2022-11-08,49687.140625,50020.609375,49687.140625,49687.140625,47060.7890625,31243,79.0,0.0
2022-11-09,48158.73046875,49409.24609375,45389.07421875,48158.73046875,45613.1640625,8639,0.0,0.0
2022-11-10,48112.41796875,48445.88671875,47890.1015625,48112.41796875,45569.30859375,32937,0.0,0.0
2022-11-11,49085.0390625,49085.0390625,48149.46875,49085.0390625,46490.5234375,13628,0.0,0.0
2022-11-14,49085.0390625,49085.0390625,49085.0390625,49085.0390625,46490.5234375,0,0.0,0.0
2022-11-15,47149.05859375,49094.3046875,45389.07421875,47149.05859375,44656.875,52825,0.0,0.0
2022-11-16,48251.36328125,48251.36328125,45574.33203125,48251.36328125,45700.90625,11917,0.0,0.0
2022-11-17,53271.94921875,54652.1484375,47149.05859375,53271.94921875,50456.12109375,62149,0.0,0.0
2022-11-18,50576.39453125,53725.83984375,47945.6796875,50576.39453125,47903.046875,6836,0.0,0.0
2022-11-21,36033.3671875,47945.6796875,35662.84375,36033.3671875,34128.7265625,41128,0.0,0.0
2022-11-22,36033.3671875,47945.6796875,35662.84375,36033.3671875,34128.7265625,41128,0.0,0.0
2022-11-23,36311.2578125,36311.2578125,36311.2578125,36311.2578125,34391.9296875,516598061,0.0,0.0
2022-11-24,36311.2578125,36311.2578125,36311.2578125,36311.2578125,34391.9296875,0,0.0,0.0
2022-11-25,36311.2578125,36311.2578125,36311.2578125,36311.2578125,34391.9296875,0,0.0,0.0
2022-11-28,36135.2578125,36135.2578125,36135.2578125,36135.2578125,34225.2265625,403,0.0,0.0
2022-11-29,38404.71484375,38627.02734375,38256.50390625,38256.50390625,36234.34765625,8034,0.0,0.0
2022-11-30,38803.0234375,40664.90234375,38451.02734375,40664.90234375,38515.453125,98262,0.0,0.0
2022-12-01,40664.90234375,41674.578125,40664.90234375,41220.6875,39041.859375,29042,0.0,0.0
2022-12-02,40674.16796875,41609.73828125,40303.64453125,41609.73828125,39410.33984375,17401,0.0,0.0
2022-12-05,41683.84375,42517.51953125,41220.6875,41683.84375,39480.54296875,90807,0.0,0.0
2022-12-06,39006.8125,42239.625,39006.8125,42239.625,40006.9375,2581,0.0,0.0
2022-12-07,42517.51953125,43036.25,41026.1640625,43036.25,40761.4609375,9385,0.0,0.0
2022-12-08,43036.25,43036.25,43036.25,43036.25,40761.4609375,0,0.0,0.0
2022-12-09,43508.66796875,43536.45703125,43508.66796875,43536.45703125,41311.0546875,2113,79.0,0.0
2022-12-12,43536.45703125,43545.71875,41785.734375,43341.93359375,41126.4765625,18297,0.0,0.0
2022-12-13,42146.99609375,42146.99609375,42146.99609375,42146.99609375,39992.62109375,681,0.0,0.0
2022-12-14,40850.1640625,40850.1640625,40850.1640625,40850.1640625,38762.078125,6448,0.0,0.0
2022-12-15,40766.796875,42888.04296875,37978.61328125,42508.25390625,40335.4140625,4766,0.0,0.0
2022-12-16,41220.6875,41220.6875,39840.48828125,39840.48828125,37804.01171875,22751,0.0,0.0
2022-12-19,42137.734375,42137.734375,41674.578125,41674.578125,39544.34375,3390,0.0,0.0
2022-12-20,39525.546875,41276.265625,39525.546875,41276.265625,39166.39453125,921,0.0,0.0
2022-12-21,39840.48828125,41563.421875,39377.3359375,39831.2265625,37795.22265625,23158,0.0,0.0
2022-12-22,40996.3359375,40996.3359375,40996.3359375,40996.3359375,38900.7734375,275,0.0,0.0
2022-12-23,39831.2265625,40840.90234375,39831.2265625,40840.90234375,38753.28515625,1338,0.0,0.0
2022-12-26,40757.53515625,40840.90234375,40757.53515625,40840.90234375,38753.28515625,1252,0.0,0.0
2022-12-27,40970.5859375,40970.5859375,40970.5859375,40970.5859375,38876.33984375,1435,0.0,0.0
2022-12-28,39368.07421875,41220.6875,39368.07421875,41220.6875,39113.65234375,2583,0.0,0.0
2022-12-29,41220.6875,41220.6875,41220.6875,41220.6875,39113.65234375,2427,0.0,0.0
2022-12-30,41220.6875,41220.6875,41220.6875,41220.6875,39113.65234375,0,0.0,0.0
2023-01-02,39377.3359375,39377.3359375,39368.07421875,39368.07421875,37355.74609375,1386,0.0,0.0
2023-01-03,39368.07421875,39377.3359375,39368.07421875,39368.07421875,37355.74609375,4073,0.0,0.0
2023-01-04,41656.05078125,41656.05078125,41461.52734375,41461.52734375,39342.1875,1526,0.0,0.0
2023-01-05,40294.37890625,40294.37890625,39923.859375,40118.3828125,38067.69921875,8055,0.0,0.0
2023-01-06,40303.64453125,42128.46875,40201.75,42128.46875,39975.03515625,8222,0.0,0.0
2023-01-09,42128.46875,42128.46875,42128.46875,42128.46875,39975.03515625,0,0.0,0.0
2023-01-10,41869.1015625,41915.41796875,41683.84375,41683.84375,39627.453125,1549,79.0,0.0
2023-01-11,40757.53515625,40803.8515625,40757.53515625,40803.8515625,38790.86328125,2649,0.0,0.0
2023-01-12,40757.53515625,40757.53515625,40757.53515625,40757.53515625,38746.84375,6659,0.0,0.0
2023-01-13,40757.53515625,41656.05078125,40757.53515625,41656.05078125,39601.0234375,3735,0.0,0.0
2023-01-16,41220.6875,41220.6875,41220.6875,41220.6875,39187.1328125,1089,0.0,0.0
2023-01-17,41128.05859375,41220.6875,38904.91796875,40989.109375,38966.9921875,8123,0.0,0.0
2023-01-18,40757.53515625,41498.58203125,40757.53515625,40794.5859375,38782.06640625,3203,0.0,0.0
2023-01-19,40757.53515625,40757.53515625,40757.53515625,40757.53515625,38746.84375,638,0.0,0.0
2023-01-20,40757.53515625,41683.84375,40757.53515625,41683.84375,39627.453125,6569,0.0,0.0
2023-01-23,41313.3203125,42230.36328125,41313.3203125,41498.58203125,39451.328125,7184,0.0,0.0
2023-01-24,40776.05859375,41452.265625,40776.05859375,41452.265625,39407.30078125,11793,0.0,0.0
2023-01-25,40757.53515625,41387.421875,40757.53515625,41211.42578125,39178.3359375,9238,0.0,0.0
2023-01-26,40850.1640625,41165.109375,40850.1640625,40850.1640625,38834.8984375,14774,0.0,0.0
2023-01-27,38997.55078125,41294.79296875,38904.91796875,41267.00390625,39231.16796875,13976,0.0,0.0
2023-01-30,42026.57421875,42026.57421875,40535.21875,41656.05078125,39601.0234375,8854,0.0,0.0
2023-01-31,41646.7890625,42424.88671875,40970.5859375,42424.88671875,40331.9453125,16669,0.0,0.0
2023-02-01,40877.953125,42026.57421875,40877.953125,41128.05859375,39099.08203125,3892,0.0,0.0
2023-02-02,41109.53125,42424.88671875,41109.53125,42424.88671875,40331.9453125,8247,0.0,0.0
2023-02-03,39923.859375,44972.234375,39923.859375,41683.84375,39627.453125,17890,0.0,0.0
2023-02-06,41683.84375,42600.88671875,40155.43359375,42600.88671875,40499.25390625,13102,0.0,0.0
2023-02-07,41100.26953125,44833.2890625,41100.26953125,44833.2890625,42621.52734375,13940,0.0,0.0
2023-02-08,44694.33984375,47241.6875,43536.45703125,47241.6875,44911.109375,28387,0.0,0.0
2023-02-09,46315.37890625,48158.73046875,46315.37890625,48158.73046875,45859.609375,14174,79.0,0.0
2023-02-10,47232.42578125,47241.6875,47232.42578125,47241.6875,44986.33984375,12175,0.0,0.0
2023-02-13,43554.984375,47186.109375,43536.45703125,47186.109375,44933.41796875,5760,0.0,0.0
2023-02-14,47686.31640625,47686.31640625,45389.07421875,47149.05859375,44898.1328125,2585,0.0,0.0
2023-02-15,46722.95703125,46722.95703125,46722.95703125,46722.95703125,44492.37109375,1357,0.0,0.0
2023-02-16,45750.33203125,46760.0078125,45666.96484375,46722.95703125,44492.37109375,6290,0.0,0.0
2023-02-17,46593.2734375,47149.05859375,45620.6484375,47149.05859375,44898.1328125,2180,0.0,0.0
2023-02-20,42443.4140625,47241.6875,42443.4140625,47241.6875,44986.33984375,9742,0.0,0.0
2023-02-21,44912.21875,44912.21875,44912.21875,44912.21875,42768.078125,153,0.0,0.0
2023-02-22,46098.25390625,46098.25390625,46098.25390625,46098.25390625,43897.49609375,262,0.0,0.0
2023-02-23,46963.796875,47232.42578125,44536.87109375,47232.42578125,44977.5234375,6090,0.0,0.0
2023-02-24,46778.53515625,47232.42578125,46778.53515625,47223.16015625,44968.703125,3563,0.0,0.0
2023-02-27,47047.1640625,47241.6875,47047.1640625,47241.6875,44986.33984375,1732,0.0,0.0
2023-02-28,44648.02734375,47241.6875,44648.02734375,47056.42578125,44809.921875,3711,0.0,0.0
2023-03-01,47130.53125,47130.53125,47130.53125,47130.53125,44880.4921875,2825,0.0,0.0
2023-03-02,46315.37890625,46315.37890625,45018.55078125,45111.1796875,42957.5390625,5069,0.0,0.0
2023-03-03,45389.07421875,45389.07421875,44712.8671875,44712.8671875,42578.25,2641,0.0,0.0
2023-03-06,44786.97265625,48909.04296875,44777.7109375,48909.04296875,46574.08984375,20770,0.0,0.0
2023-03-07,49094.3046875,52521.640625,47010.109375,52521.640625,50014.22265625,34097,0.0,0.0
2023-03-08,51863.9609375,53262.6875,51410.0703125,53170.0546875,50631.67578125,37853,0.0,0.0
2023-03-09,53725.83984375,53725.83984375,52336.37890625,52799.53125,50353.66015625,18801,79.0,0.0
2023-03-10,51873.2265625,52799.53125,51873.2265625,52799.53125,50353.66015625,11115,0.0,0.0
2023-03-13,50131.765625,52605.0078125,50131.765625,52605.0078125,50168.15234375,41904,0.0,0.0
2023-03-14,51687.96484375,51687.96484375,50687.55078125,50946.91796875,48586.87109375,6791,0.0,0.0
2023-03-15,50946.91796875,50946.91796875,46315.37890625,46315.37890625,44169.8828125,21227,0.0,0.0
2023-03-16,46389.484375,48121.6796875,46315.37890625,46315.37890625,44169.8828125,1729,0.0,0.0
2023-03-17,48807.1484375,48807.1484375,43536.45703125,43536.45703125,41519.6875,187369,0.0,0.0
2023-03-20,43536.45703125,43536.45703125,43536.45703125,43536.45703125,41519.6875,0,0.0,0.0
2023-03-21,43629.08984375,45370.546875,43073.3046875,43073.3046875,41077.99609375,122473,0.0,0.0
2023-03-22,44925.91796875,44925.91796875,43536.45703125,44638.76171875,42570.93359375,3329,0.0,0.0
2023-03-23,44888.8671875,44888.8671875,43499.40625,43499.40625,41484.35546875,565235,0.0,0.0
2023-03-24,44833.2890625,44833.2890625,42795.41015625,43536.45703125,41519.6875,11312,0.0,0.0
2023-03-27,46287.58984375,46287.58984375,43536.45703125,45666.96484375,43551.5078125,226679,0.0,0.0
2023-03-28,47473.265625,47473.265625,46315.37890625,46315.37890625,44169.8828125,4872,0.0,0.0
2023-03-29,47241.6875,47241.6875,45203.8125,45203.8125,43109.8125,20623,0.0,0.0
2023-03-30,46194.9609375,46778.53515625,45852.2265625,46315.37890625,44169.8828125,6970,0.0,0.0
2023-03-31,46732.21875,47223.16015625,46315.37890625,46315.37890625,44169.8828125,4592,0.0,0.0
2023-04-03,45389.07421875,50946.91796875,45389.07421875,50946.91796875,48586.87109375,105890,0.0,0.0
2023-04-04,49094.3046875,50946.91796875,49094.3046875,50483.765625,48145.17578125,68679,0.0,0.0
2023-04-05,48677.46484375,51873.2265625,48677.46484375,51873.2265625,49470.26953125,12919,0.0,0.0
2023-04-06,51873.2265625,51873.2265625,51873.2265625,51873.2265625,49470.26953125,0,0.0,0.0
2023-04-07,51873.2265625,51873.2265625,51873.2265625,51873.2265625,49470.26953125,0,0.0,0.0
2023-04-10,51863.9609375,52799.53125,51854.69921875,52799.53125,50353.66015625,23229,0.0,0.0
2023-04-11,48927.56640625,55393.1953125,48927.56640625,55393.1953125,52923.8515625,28859,96.45,0.0
2023-04-12,55115.30078125,56504.76171875,55115.30078125,55569.19140625,53092.0078125,26907,0.0,0.0
2023-04-13,55383.9296875,55541.40234375,55300.5625,55485.82421875,53012.3515625,22724,0.0,0.0
2023-04-14,53744.3671875,56486.23828125,53744.3671875,56486.23828125,53968.17578125,0,0.0,0.0
2023-04-17,55133.828125,56254.66015625,54652.1484375,55569.19140625,53092.0078125,21615,0.0,0.0
2023-04-18,55578.45703125,56023.08203125,52799.53125,55819.296875,53330.9609375,6797,0.0,0.0
2023-04-19,55374.66796875,55383.9296875,53725.83984375,55383.9296875,52914.99609375,12130,0.0,0.0
2023-04-20,53327.52734375,54633.62109375,53327.52734375,54633.62109375,52198.14453125,850,0.0,0.0
2023-04-21,51419.3359375,54411.30859375,51419.3359375,54226.046875,51808.73828125,2511,0.0,0.0
2023-04-24,52836.5859375,53716.578125,52836.5859375,52845.84765625,50490.0625,3998,0.0,0.0
2023-04-25,52845.84765625,53633.2109375,51104.390625,51104.390625,48826.23828125,5513,0.0,0.0
2023-04-26,51873.2265625,53262.6875,51224.80859375,51836.171875,49525.3984375,29142,0.0,0.0
2023-04-27,51836.171875,53707.31640625,50178.08203125,53707.31640625,51313.125,62916,0.0,0.0
2023-04-28,53633.2109375,56310.23828125,52818.05859375,55847.0859375,53357.515625,112258,0.0,0.0
2023-05-01,55847.0859375,55847.0859375,55847.0859375,55847.0859375,53357.515625,0,0.0,0.0
2023-05-02,53290.4765625,55995.29296875,53290.4765625,55995.29296875,53499.1171875,134367,0.0,0.0
2023-05-03,55995.29296875,56504.76171875,55995.29296875,56495.5,53977.02734375,29048,0.0,0.0
2023-05-04,56504.76171875,58348.1171875,54207.51953125,58348.1171875,55747.0546875,30406,0.0,0.0
2023-05-05,58357.37890625,58514.8515625,57338.44140625,57338.44140625,54782.38671875,42629,0.0,0.0
2023-05-08,56504.76171875,58329.58984375,55578.45703125,58329.58984375,55729.35546875,4866,0.0,0.0
2023-05-09,58329.58984375,58329.58984375,55587.71875,57894.2265625,55405.0078125,5371,96.45,0.0
2023-05-10,56967.91796875,57597.8046875,56967.91796875,57597.8046875,55121.328125,1969,0.0,0.0
2023-05-11,54735.515625,55569.19140625,54735.515625,55569.19140625,53179.9375,3403,0.0,0.0
2023-05-12,54689.19921875,55513.61328125,54689.19921875,55513.61328125,53126.75390625,4641,0.0,0.0
2023-05-15,55513.61328125,56467.7109375,55485.82421875,56467.7109375,54039.828125,3761,0.0,0.0
2023-05-16,56967.91796875,56967.91796875,56504.76171875,56967.91796875,54518.53125,6265,0.0,0.0
2023-05-17,56514.02734375,56514.02734375,56514.02734375,56514.02734375,54084.15234375,433,0.0,0.0
2023-05-18,54679.9375,56504.76171875,54679.9375,56495.5,54066.421875,3576,0.0,0.0
2023-05-19,56041.609375,56041.609375,54985.6171875,54985.6171875,52621.4609375,599,0.0,0.0
2023-05-22,54985.6171875,54985.6171875,54985.6171875,54985.6171875,52621.4609375,0,0.0,0.0
2023-05-23,55578.45703125,55578.45703125,53725.83984375,55559.9296875,53171.0859375,11240,0.0,0.0
2023-05-24,52836.5859375,53540.578125,50020.609375,53540.578125,51238.5546875,6139,0.0,0.0
2023-05-25,53540.578125,53540.578125,53540.578125,53540.578125,51238.5546875,0,0.0,0.0
2023-05-26,53540.578125,53540.578125,53540.578125,53540.578125,51238.5546875,0,0.0,0.0
2023-05-29,53540.578125,53540.578125,53540.578125,53540.578125,51238.5546875,0,0.0,0.0
2023-05-30,53540.578125,53540.578125,53540.578125,53540.578125,51238.5546875,0,0.0,0.0
2023-05-31,53540.578125,53540.578125,53540.578125,53540.578125,51238.5546875,0,0.0,0.0
2023-06-01,53540.578125,53540.578125,53540.578125,53540.578125,51238.5546875,0,0.0,0.0
2023-06-02,53540.578125,53540.578125,53540.578125,53540.578125,51238.5546875,0,0.0,0.0
2023-06-05,53540.578125,53540.578125,53540.578125,53540.578125,51238.5546875,0,0.0,0.0
2023-06-06,53540.578125,53540.578125,53540.578125,53540.578125,51238.5546875,0,0.0,0.0
2023-06-07,53540.578125,53540.578125,53540.578125,53540.578125,51238.5546875,0,0.0,0.0
2023-06-08,53540.578125,53540.578125,53540.578125,53540.578125,51377.3984375,0,144.69,0.0
2023-06-09,53540.578125,53540.578125,53540.578125,53540.578125,51377.3984375,0,0.0,0.0
2023-06-12,53540.578125,53540.578125,53540.578125,53540.578125,51377.3984375,0,0.0,0.0
2023-06-13,53540.578125,53540.578125,53540.578125,53540.578125,51377.3984375,0,0.0,0.0
2023-06-14,53540.578125,53540.578125,53540.578125,53540.578125,51377.3984375,0,0.0,0.0
2023-06-15,53540.578125,53540.578125,53540.578125,53540.578125,51377.3984375,0,0.0,0.0
2023-06-16,58894.63671875,58894.63671875,53522.0546875,53522.0546875,51359.62109375,73692,0.0,0.0
2023-06-19,53522.0546875,53522.0546875,53522.0546875,53522.0546875,51359.62109375,0,0.0,0.0
2023-06-20,49094.3046875,52762.48046875,48760.83203125,52762.48046875,50630.73046875,10631,0.0,0.0
2023-06-21,52178.90625,52178.90625,50020.609375,50919.12890625,48861.85546875,48575,0.0,0.0
2023-06-22,50020.609375,50020.609375,50020.609375,50020.609375,47999.640625,1853,0.0,0.0
2023-06-23,49709.65625,49709.65625,49709.65625,49709.65625,47701.25,969,0.0,0.0
2023-06-26,48251.36328125,49650.0859375,47954.9453125,49650.0859375,47644.0859375,16023,0.0,0.0
2023-06-27,48232.8359375,49075.77734375,48167.99609375,49075.77734375,47092.984375,20726,0.0,0.0
2023-06-28,47555.36328125,47555.36328125,47555.36328125,47555.36328125,45634.0,466,0.0,0.0
2023-06-29,49418.51171875,49557.45703125,48566.30859375,48566.30859375,46604.09765625,1898,0.0,0.0
2023-06-30,50622.7109375,50622.7109375,48566.30859375,48566.30859375,46604.09765625,4886,0.0,0.0
2023-07-03,48566.30859375,48566.30859375,48566.30859375,48566.30859375,46604.09765625,0,0.0,0.0
2023-07-04,48353.2578125,49094.3046875,45157.49609375,49094.3046875,47110.765625,5475,0.0,0.0
2023-07-05,46398.74609375,50946.91796875,46324.64453125,49085.0390625,47101.87109375,36465,0.0,0.0
2023-07-06,49094.3046875,49094.3046875,48010.5234375,48010.5234375,46070.76953125,3796,0.0,0.0
2023-07-07,48167.99609375,49094.3046875,48167.99609375,48909.04296875,46932.984375,13144,0.0,0.0
2023-07-10,46315.37890625,48575.5703125,44305.29296875,48177.2578125,46230.76171875,7849,0.0,0.0
2023-07-11,47241.6875,49094.3046875,47241.6875,49094.3046875,47205.26953125,20448,96.45,0.0
2023-07-12,48177.2578125,49789.03515625,48177.2578125,48621.88671875,46751.0234375,38833,0.0,0.0
2023-07-13,48167.99609375,49094.3046875,48167.99609375,49094.3046875,47205.26953125,3174,0.0,0.0
2023-07-14,48538.51953125,48538.51953125,47982.734375,48167.99609375,46314.60546875,66754,0.0,0.0
2023-07-17,47519.578125,48167.99609375,47010.109375,48167.99609375,46314.60546875,5104,0.0,0.0
2023-07-18,47506.48046875,47506.48046875,47506.48046875,47506.48046875,45678.5390625,195,0.0,0.0
2023-07-19,47445.4765625,47880.83984375,47426.94921875,47704.83984375,45869.26171875,13058,0.0,0.0
2023-07-20,47704.83984375,47704.83984375,47704.83984375,47704.83984375,45869.26171875,0,0.0,0.0
2023-07-21,48066.1015625,48167.99609375,47806.734375,48167.99609375,46314.60546875,10262,0.0,0.0
2023-07-24,48167.99609375,48167.99609375,48167.99609375,48167.99609375,46314.60546875,385,0.0,0.0
2023-07-25,47426.94921875,47426.94921875,47426.94921875,47426.94921875,45602.0625,1013,0.0,0.0
2023-07-26,48140.20703125,48140.20703125,47260.21484375,47917.890625,46074.1171875,3698,0.0,0.0
2023-07-27,47019.375,47695.578125,47019.375,47084.21484375,45272.52734375,3657,0.0,0.0
2023-07-28,47056.42578125,47612.2109375,47010.109375,47241.6875,45423.9375,14702,0.0,0.0
2023-07-31,47241.6875,47241.6875,47241.6875,47241.6875,45423.9375,0,0.0,0.0
2023-08-01,48075.36328125,48075.36328125,47056.42578125,47704.83984375,45869.26171875,21296,0.0,0.0
2023-08-02,47538.10546875,47538.10546875,47538.10546875,47369.34375,45546.671875,1209,0.0,0.0
2023-08-03,47473.265625,47482.52734375,46417.2734375,47445.4765625,45619.8828125,3562,0.0,0.0
2023-08-04,47445.4765625,47445.4765625,47445.4765625,47445.4765625,45619.8828125,0,0.0,0.0
2023-08-07,47445.4765625,47445.4765625,47445.4765625,47445.4765625,45619.8828125,0,0.0,0.0
2023-08-08,46833.16796875,46833.16796875,46833.16796875,46833.16796875,45031.12890625,105,0.0,0.0
2023-08-09,45583.59765625,47575.16015625,45574.33203125,47575.16015625,45838.9765625,6748,96.45,0.0
2023-08-10,47612.2109375,47704.83984375,47241.6875,47704.83984375,45963.92578125,13605,0.0,0.0
2023-08-11,46315.37890625,47704.83984375,46315.37890625,47686.31640625,45946.08203125,406637989,0.0,0.0
2023-08-14,46315.37890625,46324.64453125,46315.37890625,46315.37890625,44625.16796875,4828,0.0,0.0
2023-08-15,47630.73828125,48038.3125,46343.16796875,47704.83984375,45963.92578125,9994,0.0,0.0
2023-08-16,48019.78515625,48167.99609375,47426.94921875,48167.99609375,46410.18359375,33428,0.0,0.0
2023-08-17,46778.53515625,48167.99609375,46778.53515625,48158.73046875,46401.25390625,1766,0.0,0.0
2023-08-18,48149.46875,48158.73046875,46445.0625,47982.734375,46231.6796875,3234,0.0,0.0
2023-08-21,47982.734375,47982.734375,47982.734375,47982.734375,46231.6796875,0,0.0,0.0
2023-08-22,47964.20703125,48167.99609375,46852.63671875,48167.99609375,46410.18359375,15871,0.0,0.0
2023-08-23,46593.2734375,47982.734375,46593.2734375,47982.734375,46231.6796875,3180,0.0,0.0
2023-08-24,47982.734375,48075.36328125,46787.796875,47927.15625,46178.12890625,24377,0.0,0.0
2023-08-25,47278.73828125,48167.99609375,46806.32421875,48167.99609375,46410.18359375,21218,0.0,0.0
2023-08-28,46624.9609375,46624.9609375,46624.9609375,46624.9609375,44923.4609375,115,0.0,0.0
2023-08-29,47250.94921875,49001.671875,47250.94921875,48167.99609375,46410.18359375,34530,0.0,0.0
2023-08-30,48955.35546875,48955.35546875,47269.4765625,47269.4765625,45544.4453125,4248,0.0,0.0
2023-08-31,46806.32421875,47695.578125,46139.3828125,46139.3828125,44455.59765625,109023,0.0,0.0
2023-09-01,48130.94140625,48130.94140625,46222.75,47658.52734375,45919.30859375,7324,0.0,0.0
2023-09-04,45945.625,45945.625,45945.625,45945.625,44268.9140625,103,0.0,0.0
2023-09-05,45981.91015625,47658.52734375,45981.91015625,47640.0,45901.453125,3125,0.0,0.0
2023-09-06,45954.12109375,47232.42578125,45954.12109375,46685.90234375,44982.171875,7746,0.0,0.0
2023-09-07,45917.06640625,46593.2734375,45917.06640625,46584.0078125,44884.0,13365,0.0,0.0
2023-09-08,46639.5859375,46713.69140625,46639.5859375,46695.16796875,44991.1015625,3885,0.0,0.0
2023-09-11,45217.25,45217.25,45217.25,45217.25,43702.53515625,153,144.69,0.0
2023-09-12,44925.91796875,46296.85546875,44925.91796875,44925.91796875,43420.953125,26844,0.0,0.0
2023-09-13,44925.91796875,44925.91796875,44648.02734375,44648.02734375,43152.3828125,4495,0.0,0.0
2023-09-14,43082.56640625,43536.45703125,43082.56640625,43147.40625,41702.0234375,68751,0.0,0.0
2023-09-15,43147.40625,43147.40625,42795.41015625,42795.41015625,41361.8203125,160714,0.0,0.0
2023-09-18,43684.66796875,45389.07421875,43684.66796875,45389.07421875,43868.6015625,7798,0.0,0.0
2023-09-19,45389.07421875,45389.07421875,44546.1328125,44555.39453125,43062.84765625,4697,0.0,0.0
2023-09-20,44648.02734375,44648.02734375,44648.02734375,44648.02734375,43152.3828125,565,0.0,0.0
2023-09-21,44648.02734375,44648.02734375,44648.02734375,44648.02734375,43152.3828125,87,0.0,0.0
2023-09-22,43633.83203125,43633.83203125,43633.83203125,43633.83203125,42172.16015625,92,0.0,0.0
2023-09-25,45138.71875,45138.71875,45138.71875,45138.71875,43626.62890625,39,0.0,0.0
2023-09-26,44683.5703125,44683.5703125,44683.5703125,44683.5703125,43186.734375,52,0.0,0.0
2023-09-27,44638.76171875,46296.85546875,44638.76171875,46296.85546875,44745.97265625,21432,0.0,0.0
2023-09-28,44027.3984375,46315.37890625,44027.3984375,46315.37890625,44763.875,7878,0.0,0.0
2023-09-29,45852.2265625,45870.75390625,45852.2265625,45870.75390625,44334.14453125,3408,0.0,0.0
2023-10-02,46222.75,47074.953125,46222.75,47074.953125,45498.0078125,5969,0.0,0.0
2023-10-03,47139.79296875,47139.79296875,45407.59765625,45407.59765625,43886.50390625,5234,0.0,0.0
2023-10-04,46315.37890625,47037.8984375,45490.96484375,47037.8984375,45462.19140625,66439,0.0,0.0
2023-10-05,46778.53515625,47982.734375,46778.53515625,47982.734375,46375.37890625,141406,0.0,0.0
2023-10-06,47704.83984375,47704.83984375,47241.6875,47241.6875,45659.16015625,10973,0.0,0.0
2023-10-09,47241.6875,47241.6875,47241.6875,47241.6875,45659.16015625,202,0.0,0.0
2023-10-10,44272.3984375,44272.3984375,44272.3984375,44272.3984375,42876.875,603,96.45,0.0
2023-10-11,47241.6875,47241.6875,47241.6875,47241.6875,45752.56640625,143,0.0,0.0
2023-10-12,44472.02734375,46296.85546875,44472.02734375,46296.85546875,44837.51953125,714,0.0,0.0
2023-10-13,44277.50390625,46315.37890625,44277.50390625,46315.37890625,44855.45703125,3890,0.0,0.0
2023-10-16,46315.37890625,46315.37890625,46315.37890625,46315.37890625,44855.45703125,0,0.0,0.0
2023-10-17,44935.1796875,46306.1171875,44740.65625,46306.1171875,44846.48828125,5846,0.0,0.0
2023-10-18,46306.1171875,46315.37890625,45111.1796875,46213.484375,44756.7734375,15492,0.0,0.0
2023-10-19,46315.37890625,46315.37890625,45389.07421875,45407.59765625,43976.2890625,11527,0.0,0.0
2023-10-20,45389.07421875,45389.07421875,44101.50390625,45287.1796875,43859.66796875,27969,0.0,0.0
2023-10-23,44935.1796875,45991.171875,44935.1796875,45991.171875,44541.46875,4815,0.0,0.0
2023-10-24,45991.171875,45991.171875,45991.171875,45991.171875,44541.46875,185,0.0,0.0
2023-10-25,45018.55078125,45620.6484375,45018.55078125,45620.6484375,44182.625,22599,0.0,0.0
2023-10-26,43851.40234375,44648.02734375,43851.40234375,44648.02734375,43240.66796875,37867,0.0,0.0
2023-10-27,44509.08203125,45481.703125,44462.765625,45481.703125,44048.0625,11395,0.0,0.0
2023-10-30,43916.2421875,46120.85546875,43916.2421875,46120.85546875,44667.0625,14903,0.0,0.0
2023-10-31,44933.3828125,44933.3828125,44933.3828125,44933.3828125,43517.0234375,77,0.0,0.0
2023-11-01,45842.96484375,46287.58984375,45805.91015625,46287.58984375,44828.54296875,2167,0.0,0.0
2023-11-02,44925.91796875,46102.328125,44472.02734375,46102.328125,44649.12109375,6094,0.0,0.0
2023-11-03,44481.2890625,44805.5,44462.765625,44805.5,43393.171875,30223,0.0,0.0
2023-11-06,44805.5,44805.5,44805.5,44805.5,43393.171875,0,0.0,0.0
2023-11-07,44462.765625,45092.65234375,44231.1875,45092.65234375,43671.26953125,5290,0.0,0.0
2023-11-08,45092.65234375,45092.65234375,45092.65234375,45092.65234375,43764.87890625,100,96.45,0.0
2023-11-09,45092.65234375,45092.65234375,45092.65234375,45092.65234375,43764.87890625,211,0.0,0.0
2023-11-10,44481.2890625,44740.65625,44481.2890625,44740.65625,43423.25,3332,0.0,0.0
2023-11-13,44740.65625,44740.65625,44740.65625,44740.65625,43423.25,0,0.0,0.0
2023-11-14,44462.765625,44462.765625,44462.765625,44462.765625,43153.54296875,3369,0.0,0.0
2023-11-15,44462.765625,44462.765625,44462.765625,44462.765625,43153.54296875,5737,0.0,0.0
2023-11-16,44462.765625,45092.65234375,44462.765625,45092.65234375,43764.87890625,2518,0.0,0.0
2023-11-17,44499.81640625,45203.8125,44444.23828125,44444.23828125,43135.5546875,114432,0.0,0.0
2023-11-20,44018.13671875,44444.23828125,43536.45703125,44444.23828125,43135.5546875,6669,0.0,0.0
2023-11-21,40035.015625,44462.765625,40035.015625,44462.765625,43153.54296875,6489,0.0,0.0
2023-11-22,44888.8671875,44888.8671875,44888.8671875,44888.8671875,43567.09765625,1037,0.0,0.0
2023-11-23,44018.13671875,45203.8125,44018.13671875,45203.8125,43872.76953125,893,0.0,0.0
2023-11-24,45203.8125,45203.8125,45203.8125,45203.8125,43872.76953125,192,0.0,0.0
2023-11-27,44888.8671875,44888.8671875,44888.8671875,44888.8671875,43567.09765625,2394,0.0,0.0
2023-11-28,44925.91796875,45389.07421875,43999.609375,45389.07421875,44052.57421875,69249,0.0,0.0
2023-11-29,44425.7109375,45389.07421875,44425.7109375,45389.07421875,44052.57421875,5431,0.0,0.0
2023-11-30,45389.07421875,46296.85546875,44462.765625,46296.85546875,44933.62890625,106349,0.0,0.0
2023-12-01,46296.85546875,46296.85546875,46296.85546875,46296.85546875,44933.62890625,0,0.0,0.0
2023-12-04,46296.85546875,46296.85546875,46296.85546875,46296.85546875,44933.62890625,0,0.0,0.0
2023-12-05,46296.85546875,46296.85546875,46296.85546875,46296.85546875,44933.62890625,0,0.0,0.0
2023-12-06,47704.83984375,47704.83984375,47704.83984375,47704.83984375,46300.1484375,580,0.0,0.0
2023-12-07,46296.85546875,46296.85546875,46296.85546875,46296.85546875,44933.62890625,1700,0.0,0.0
2023-12-08,46296.85546875,46296.85546875,46296.85546875,46296.85546875,44933.62890625,0,0.0,0.0
2023-12-11,45389.07421875,45389.07421875,45389.07421875,45389.07421875,44190.68359375,2878,144.69,0.0
2023-12-12,45389.07421875,45389.07421875,45389.07421875,45389.07421875,44190.68359375,0,0.0,0.0
2023-12-13,45389.07421875,45389.07421875,45389.07421875,45389.07421875,44190.68359375,0,0.0,0.0
2023-12-14,45389.07421875,45389.07421875,45389.07421875,45389.07421875,44190.68359375,0,0.0,0.0
2023-12-15,45389.07421875,45389.07421875,45389.07421875,45389.07421875,44190.68359375,0,0.0,0.0
2023-12-18,43920.0,46980.0,43920.0,46980.0,45739.6015625,25229,0.0,0.0
2023-12-19,46880.0,46880.0,45800.0,45900.0,44688.12109375,39619,0.0,0.0
2023-12-20,46000.0,46000.0,45500.0,45700.0,44493.3984375,23622,0.0,0.0
2023-12-21,45700.0,45700.0,45700.0,45700.0,44493.3984375,502,0.0,0.0
2023-12-22,45500.0,45500.0,44100.0,45000.0,43811.875,8505,0.0,0.0
2023-12-25,45000.0,45000.0,45000.0,45000.0,43811.875,0,0.0,0.0
2023-12-26,45000.0,45000.0,45000.0,45000.0,43811.875,333,0.0,0.0
2023-12-27,43600.0,43700.0,43600.0,43700.0,42546.203125,6891,0.0,0.0
2023-12-28,43800.0,45000.0,43040.0,45000.0,43811.875,6322,0.0,0.0
2023-12-29,45000.0,45000.0,45000.0,45000.0,43811.875,0,0.0,0.0
2024-01-01,45000.0,45000.0,45000.0,45000.0,43811.875,0,0.0,0.0
2024-01-02,45900.0,46000.0,45780.0,45780.0,44571.28515625,1935,0.0,0.0
2024-01-03,46500.0,46500.0,46500.0,46500.0,45272.27734375,1495,0.0,0.0
2024-01-04,45040.0,46280.0,45040.0,45900.0,44688.12109375,4861,0.0,0.0
2024-01-05,45220.0,45220.0,44980.0,44980.0,43792.40625,5072,0.0,0.0
2024-01-08,44980.0,44980.0,44980.0,44980.0,43792.40625,0,0.0,0.0
2024-01-09,44980.0,46380.0,44980.0,45880.0,44764.62890625,13790,96.45,0.0
2024-01-10,46300.0,46300.0,45020.0,46260.0,45135.39453125,6278,0.0,0.0
2024-01-11,46460.0,46460.0,44680.0,45680.0,44569.4921875,2943,0.0,0.0
2024-01-12,45120.0,45960.0,45120.0,45200.0,44101.1640625,37287,0.0,0.0
2024-01-15,45200.0,45200.0,45200.0,45200.0,44101.1640625,405,0.0,0.0
2024-01-16,45200.0,45200.0,43960.0,43960.0,42891.30859375,4092,0.0,0.0
2024-01-17,45500.0,45500.0,44340.0,44360.0,43281.5859375,11142,0.0,0.0
2024-01-18,45080.0,45080.0,44020.0,44020.0,42949.8515625,2756,0.0,0.0
2024-01-19,44500.0,44500.0,44500.0,44500.0,43418.1796875,802,0.0,0.0
2024-01-22,44500.0,44500.0,44500.0,44500.0,43418.1796875,0,0.0,0.0
2024-01-23,43700.0,44160.0,43000.0,44160.0,43086.44921875,14693,0.0,0.0
2024-01-24,44160.0,44160.0,44160.0,44160.0,43086.44921875,0,0.0,0.0
2024-01-25,44160.0,44160.0,44160.0,44160.0,43086.44921875,0,0.0,0.0
2024-01-26,44160.0,44160.0,44160.0,44160.0,43086.44921875,0,0.0,0.0
2024-01-29,44780.0,44780.0,43000.0,43000.0,41954.6484375,14086,0.0,0.0
2024-01-30,43020.0,44400.0,42980.0,42980.0,41935.1328125,20946,0.0,0.0
2024-01-31,44100.0,45620.0,44000.0,44960.0,43866.99609375,19059,0.0,0.0
2024-02-01,44420.0,45400.0,44420.0,45400.0,44296.30078125,5399,0.0,0.0
2024-02-02,44760.0,45680.0,44140.0,45680.0,44569.4921875,29599,0.0,0.0
2024-02-05,45800.0,46000.0,45800.0,46000.0,44881.7109375,5060,0.0,0.0
2024-02-06,46380.0,46380.0,46000.0,46300.0,45174.421875,2350,0.0,0.0
2024-02-07,46400.0,46880.0,46080.0,46880.0,45740.3203125,11793,0.0,0.0
2024-02-08,46880.0,46880.0,46880.0,46880.0,45740.3203125,870,0.0,0.0
2024-02-09,46020.0,46020.0,45600.0,46000.0,44974.2421875,11560,96.45,0.0
2024-02-12,46000.0,46000.0,46000.0,46000.0,44974.2421875,378,0.0,0.0
2024-02-13,45800.0,46740.0,45140.0,46740.0,45697.7421875,5060,0.0,0.0
2024-02-14,46740.0,46740.0,46300.0,46700.0,45658.6328125,1376,0.0,0.0
2024-02-15,46700.0,46700.0,46700.0,46700.0,45658.6328125,47,0.0,0.0
2024-02-16,46700.0,46700.0,46700.0,46700.0,45658.6328125,350,0.0,0.0
2024-02-19,46700.0,46700.0,46700.0,46700.0,45658.6328125,0,0.0,0.0
2024-02-20,46700.0,46700.0,46700.0,46700.0,45658.6328125,0,0.0,0.0
2024-02-21,46700.0,46700.0,46700.0,46700.0,45658.6328125,0,0.0,0.0
2024-02-22,46700.0,46700.0,46700.0,46700.0,45658.6328125,0,0.0,0.0
2024-02-23,46700.0,46700.0,46700.0,46700.0,45658.6328125,0,0.0,0.0
2024-02-26,46700.0,46700.0,46700.0,46700.0,45658.6328125,0,0.0,0.0
2024-02-27,46700.0,46700.0,46700.0,46700.0,45658.6328125,0,0.0,0.0
2024-02-28,46700.0,46700.0,46700.0,46700.0,45658.6328125,0,0.0,0.0
2024-02-29,46700.0,46700.0,46700.0,46700.0,45658.6328125,0,0.0,0.0
2024-03-01,46700.0,46700.0,46700.0,46700.0,45658.6328125,0,0.0,0.0
2024-03-04,46700.0,46700.0,46700.0,46700.0,45658.6328125,0,0.0,0.0
2024-03-05,46700.0,46700.0,46700.0,46700.0,45658.6328125,0,0.0,0.0
2024-03-06,46700.0,46700.0,46700.0,46700.0,45658.6328125,0,0.0,0.0
2024-03-07,46700.0,46700.0,46700.0,46700.0,45658.6328125,0,0.0,0.0
2024-03-08,46700.0,46700.0,46700.0,46700.0,45658.6328125,0,0.0,0.0
2024-03-11,46700.0,46700.0,46700.0,46700.0,45800.5390625,454,144.69,0.0
2024-03-12,45220.0,46280.0,45220.0,46240.0,45349.3984375,2207,0.0,0.0
2024-03-13,45900.0,46000.0,45800.0,45800.0,44917.875,158362,0.0,0.0
2024-03-14,45280.0,46140.0,45260.0,46140.0,45251.32421875,76167,0.0,0.0
2024-03-15,45700.0,46060.0,45700.0,45980.0,45094.40625,139076,0.0,0.0
2024-03-18,45900.0,46200.0,45600.0,46200.0,45310.16796875,197986,0.0,0.0
2024-03-19,45860.0,46160.0,45860.0,46160.0,45270.94140625,4155,0.0,0.0
2024-03-20,45860.0,45860.0,45760.0,45760.0,44878.64453125,34990,0.0,0.0
2024-03-21,45800.0,46160.0,45800.0,46160.0,45270.94140625,85377,0.0,0.0
2024-03-22,46200.0,46200.0,45940.0,45960.0,45074.79296875,1528,0.0,0.0
2024-03-26,45960.0,46200.0,45900.0,45900.0,45015.94921875,1224,0.0,0.0
2024-03-27,45900.0,45900.0,45900.0,45900.0,45015.94921875,88,0.0,0.0
2024-03-28,45900.0,45900.0,45900.0,45900.0,45015.94921875,0,0.0,0.0
2024-03-29,45900.0,45900.0,45900.0,45900.0,45015.94921875,0,0.0,0.0
2024-04-01,45920.0,46800.0,45900.0,46800.0,45898.61328125,8594,0.0,0.0
2024-04-02,46800.0,46600.0,45100.0,46560.0,45663.234375,8665,0.0,0.0
2024-04-03,46560.0,46560.0,46560.0,46560.0,45663.234375,537,0.0,0.0
2024-04-04,46560.0,46560.0,46560.0,46560.0,45663.234375,269,0.0,0.0
2024-04-05,46560.0,44000.0,42000.0,42200.0,41387.2109375,3317,0.0,0.0
2024-04-08,42200.0,42200.0,42200.0,42200.0,41387.2109375,1256,0.0,0.0
2024-04-09,42200.0,42200.0,42200.0,42200.0,41387.2109375,1065,0.0,0.0
2024-04-10,42200.0,42200.0,40000.0,40000.0,39229.58203125,3126,0.0,0.0
2024-04-11,40000.0,40740.0,38020.0,40740.0,39955.33203125,3692,0.0,0.0
2024-04-12,40740.0,42000.0,40740.0,41980.0,41171.44921875,2452,0.0,0.0
2024-04-15,41980.0,41980.0,41980.0,41980.0,41171.44921875,1247,0.0,0.0
2024-04-16,41980.0,41580.0,38520.0,39840.0,39072.6640625,5042,0.0,0.0
2024-04-17,39840.0,38000.0,38000.0,38000.0,37268.10546875,1147,0.0,0.0
2024-04-18,38000.0,37880.0,34240.0,35400.0,34718.1796875,6309,0.0,0.0
2024-04-19,35400.0,36860.0,36860.0,36860.0,36150.0625,1048,0.0,0.0
2024-04-22,36860.0,36860.0,36860.0,36860.0,36150.0625,543,0.0,0.0
2024-04-23,36860.0,36860.0,36860.0,36860.0,36150.0625,129,0.0,0.0
2024-04-24,36860.0,36020.0,36000.0,36000.0,35306.625,1944,0.0,0.0
2024-04-25,36000.0,36000.0,36000.0,36000.0,35306.625,386,0.0,0.0
2024-04-26,36000.0,36000.0,36000.0,36000.0,35306.625,471,0.0,0.0
2024-04-29,36000.0,36000.0,36000.0,36000.0,35306.625,2179,0.0,0.0
2024-04-30,36000.0,36000.0,36000.0,36000.0,35306.625,134,0.0,0.0
2024-05-02,36000.0,36500.0,34560.0,36500.0,35796.99609375,2032,0.0,0.0
2024-05-03,46700.0,46700.0,46700.0,46700.0,45800.5390625,350,0.0,0.0
2024-05-06,36500.0,36500.0,36500.0,36500.0,35796.99609375,200,0.0,0.0
2024-05-07,36500.0,35300.0,35300.0,35300.0,34620.109375,813,0.0,0.0
2024-05-08,35300.0,35460.0,35220.0,35220.0,34541.6484375,1524,0.0,0.0
2024-05-09,35220.0,35220.0,35220.0,35220.0,34541.6484375,361,0.0,0.0
2024-05-10,35220.0,35220.0,35220.0,35220.0,34541.6484375,80,0.0,0.0
2024-05-14,35220.0,35220.0,35220.0,35220.0,34541.6484375,490,0.0,0.0
2024-05-15,35220.0,33100.0,32720.0,33100.0,32462.48046875,2428,0.0,0.0
2024-05-16,33100.0,34180.0,33100.0,34180.0,33521.6796875,1687,0.0,0.0
2024-05-17,34180.0,35960.0,35960.0,35960.0,35267.39453125,1404,0.0,0.0
2024-05-20,35960.0,33300.0,33300.0,33300.0,32658.62890625,2842,0.0,0.0
2024-05-21,33300.0,33380.0,33380.0,33380.0,32737.087890625,2861,0.0,0.0
2024-05-22,33380.0,33380.0,33380.0,33380.0,32737.087890625,1609,0.0,0.0
2024-05-23,33380.0,33380.0,33380.0,33380.0,32737.087890625,0,0.0,0.0
2024-05-24,34500.0,34500.0,34500.0,34500.0,33835.515625,388,0.0,0.0
2024-05-27,34500.0,35480.0,35000.0,35000.0,34325.88671875,1449,0.0,0.0
2024-05-28,35000.0,42000.0,36500.0,40300.0,39523.8046875,32300,0.0,0.0
2024-05-29,40300.0,44320.0,43040.0,44320.0,43466.37890625,14725,0.0,0.0
2024-05-30,44320.0,48000.0,44480.0,48000.0,47075.5,10575,0.0,0.0
2024-05-31,48000.0,65000.0,49000.0,59100.0,57961.7109375,22123,0.0,0.0
2024-06-04,59100.0,59200.0,50020.0,56000.0,54921.41796875,19592,0.0,0.0
2024-06-05,56000.0,53600.0,51420.0,52220.0,51214.22265625,3716,0.0,0.0
2024-06-06,52220.0,52000.0,49100.0,52000.0,50998.45703125,4447,0.0,0.0
2024-06-07,52000.0,57180.0,52500.0,57000.0,55902.15625,49988,0.0,0.0
2024-06-11,57000.0,59980.0,57000.0,59980.0,58824.76171875,10234,0.0,0.0
2024-06-12,59980.0,59900.0,56880.0,59900.0,58746.30078125,5915,0.0,0.0
2024-06-13,59900.0,58000.0,55340.0,55340.0,54274.12890625,3961,0.0,0.0
2024-06-14,55340.0,57880.0,55540.0,55540.0,54470.27734375,1305,0.0,0.0
2024-06-17,55540.0,55500.0,55280.0,55300.0,54234.8984375,1543,0.0,0.0
2024-06-18,55300.0,58000.0,53200.0,58000.0,56882.89453125,7647,0.0,0.0
2024-06-19,58000.0,55220.0,55000.0,55220.0,54156.44140625,3456,0.0,0.0
2024-06-20,55220.0,55420.0,53000.0,54460.0,53411.078125,11536,0.0,0.0
2024-06-21,54460.0,54460.0,50000.0,50000.0,49036.98046875,30682,0.0,0.0
2024-06-24,50000.0,51900.0,50100.0,51900.0,50900.38671875,1139,0.0,0.0
2024-06-25,51900.0,51900.0,51780.0,51900.0,50900.38671875,4344,0.0,0.0
2024-06-26,51900.0,51800.0,51020.0,51800.0,50802.3125,1504,0.0,0.0
2024-06-27,51800.0,51800.0,51800.0,51800.0,50802.3125,648,0.0,0.0
2024-06-28,51800.0,51800.0,51800.0,51800.0,50802.3125,796,0.0,0.0
2024-07-02,51800.0,51800.0,50200.0,51780.0,50782.6953125,1128,0.0,0.0
2024-07-03,51780.0,51780.0,51780.0,51780.0,50782.6953125,442,0.0,0.0
2024-07-04,51780.0,53280.0,53280.0,53280.0,52253.8046875,2723,0.0,0.0
2024-07-05,53280.0,52980.0,50680.0,52960.0,51939.96875,912,0.0,0.0
2024-07-08,52960.0,52960.0,52960.0,52960.0,51939.96875,505,0.0,0.0
2024-07-09,52960.0,53000.0,49980.0,52000.0,50998.45703125,16100,0.0,0.0
2024-07-10,52000.0,51100.0,50320.0,51000.0,50017.71875,8833,0.0,0.0
2024-07-11,51000.0,51000.0,51000.0,51000.0,50017.71875,34,0.0,0.0
2024-07-12,51000.0,50500.0,50500.0,50500.0,49527.34765625,1836,0.0,0.0
2024-07-15,50500.0,50460.0,50200.0,50460.0,49488.12109375,1300,0.0,0.0
2024-07-16,50460.0,50000.0,48580.0,50000.0,49036.98046875,2293,0.0,0.0
2024-07-17,50000.0,50000.0,50000.0,50000.0,49036.98046875,806,0.0,0.0
2024-07-18,50000.0,50000.0,49960.0,50000.0,49036.98046875,6196,0.0,0.0
2024-07-19,50000.0,49000.0,49000.0,49000.0,48056.23828125,1975,0.0,0.0
2024-07-22,49000.0,49060.0,47400.0,47400.0,46487.05859375,4679,0.0,0.0
2024-07-23,47400.0,52000.0,46920.0,52000.0,50998.45703125,20934,0.0,0.0
2024-07-24,52000.0,53000.0,51200.0,53000.0,51979.19921875,5093,0.0,0.0
2024-07-25,53000.0,53000.0,51820.0,53000.0,51979.19921875,2160,0.0,0.0
2024-07-26,53000.0,53000.0,52000.0,52980.0,51959.58203125,1932,0.0,0.0
2024-07-29,52980.0,54000.0,54000.0,54000.0,52959.9375,894,0.0,0.0
2024-07-30,54000.0,54000.0,51760.0,54000.0,52959.9375,1852,0.0,0.0
2024-07-31,54000.0,55000.0,51700.0,55000.0,53940.67578125,7201,0.0,0.0
2024-08-01,55000.0,53700.0,52300.0,53500.0,52469.56640625,6465,0.0,0.0
2024-08-02,53500.0,56000.0,52300.0,53000.0,51979.19921875,5866,0.0,0.0
2024-08-05,53000.0,53000.0,51020.0,53000.0,51979.19921875,3204,0.0,0.0
2024-08-06,53000.0,56700.0,52980.0,56700.0,55607.93359375,5625,0.0,0.0
2024-08-07,56700.0,55500.0,53060.0,54300.0,53254.16015625,12494,0.0,0.0
2024-08-08,56700.0,55500.0,53060.0,54300.0,53254.16015625,12494,0.0,0.0
2024-08-09,54300.0,55400.0,54300.0,55400.0,54332.97265625,4231,0.0,0.0
2024-08-12,55400.0,55800.0,54060.0,55800.0,54725.26953125,4460,0.0,0.0
2024-08-13,55800.0,56500.0,56500.0,56500.0,55411.78515625,4407,0.0,0.0
2024-08-14,56500.0,55120.0,55040.0,55120.0,54058.3671875,3634,0.0,0.0
2024-08-15,55120.0,55120.0,55120.0,55120.0,54058.3671875,752,0.0,0.0
2024-08-16,55120.0,55980.0,55980.0,55980.0,54901.80078125,2119,0.0,0.0
2024-08-20,55980.0,56900.0,55980.0,56660.0,55568.70703125,10726,0.0,0.0
2024-08-21,56660.0,58000.0,57000.0,58000.0,56882.89453125,1499,0.0,0.0
2024-08-22,58000.0,57280.0,55620.0,57280.0,56176.765625,3317,0.0,0.0
2024-08-23,57280.0,57880.0,55380.0,57880.0,56765.20703125,2455,0.0,0.0
2024-08-26,57880.0,57800.0,55460.0,57800.0,56686.75,1516,0.0,0.0
2024-08-27,57800.0,58000.0,55880.0,58000.0,56882.89453125,5495,0.0,0.0
2024-08-28,58000.0,58980.0,58500.0,58980.0,57844.01953125,4719,0.0,0.0
2024-08-29,58980.0,59000.0,56420.0,59000.0,59000.0,1846,1135.98,0.0
2024-08-30,59000.0,59000.0,58980.0,59000.0,59000.0,375,0.0,0.0
2024-09-02,59000.0,58780.0,56820.0,58780.0,58780.0,902,0.0,0.0
2024-09-03,58780.0,58780.0,58780.0,58780.0,58780.0,27,0.0,0.0
2024-09-04,58780.0,58780.0,58780.0,58780.0,58780.0,99,0.0,0.0
2024-09-05,58780.0,58780.0,58780.0,58780.0,58780.0,303,0.0,0.0
2024-09-06,58780.0,60000.0,56500.0,60000.0,60000.0,2442,0.0,0.0
2024-09-09,60000.0,60500.0,59800.0,60500.0,60500.0,4033,0.0,0.0
2024-09-10,60500.0,60500.0,60500.0,60500.0,60500.0,145,0.0,0.0
2024-09-11,60500.0,61000.0,61000.0,61000.0,61000.0,586,0.0,0.0
2024-09-12,61000.0,62000.0,60000.0,62000.0,62000.0,2476,0.0,0.0
2024-09-13,62000.0,64280.0,62000.0,64280.0,64280.0,1825,0.0,0.0
2024-09-16,64280.0,64280.0,64280.0,64280.0,64280.0,693,0.0,0.0
2024-09-17,64280.0,66000.0,64800.0,66000.0,66000.0,4825,0.0,0.0
2024-09-18,66000.0,66000.0,64020.0,66000.0,66000.0,1084,0.0,0.0
2024-09-19,66000.0,65980.0,65980.0,65980.0,65980.0,369,0.0,0.0
2024-09-20,65980.0,67000.0,62680.0,67000.0,67000.0,3292,0.0,0.0
2024-09-23,67000.0,67000.0,67000.0,67000.0,67000.0,162,0.0,0.0
2024-09-24,67000.0,66900.0,63100.0,66900.0,66900.0,2582,0.0,0.0
2024-09-25,66900.0,66900.0,66900.0,66900.0,66900.0,2189,0.0,0.0
2024-09-26,66900.0,70000.0,67500.0,70000.0,70000.0,2793,0.0,0.0
2024-09-27,70000.0,70000.0,69000.0,69740.0,69740.0,4149,0.0,0.0
2024-09-30,69740.0,69740.0,69740.0,69740.0,69740.0,171,0.0,0.0
2024-10-01,69740.0,69740.0,69740.0,69740.0,69740.0,94,0.0,0.0
2024-10-02,69740.0,69740.0,69740.0,69740.0,69740.0,216,0.0,0.0
2024-10-03,69740.0,69680.0,69680.0,69680.0,69680.0,1544,0.0,0.0
2024-10-04,69680.0,69680.0,69680.0,69680.0,69680.0,236,0.0,0.0
2024-10-07,69680.0,69680.0,69680.0,69680.0,69680.0,126,0.0,0.0
2024-10-08,69680.0,69540.0,72000.0,72000.0,72000.0,10015,0.0,0.0
2024-10-09,72000.0,72000.0,72000.0,72000.0,72000.0,35,0.0,0.0
2024-10-10,72000.0,75000.0,67800.0,75000.0,75000.0,4725,0.0,0.0
2024-10-11,75000.0,75000.0,75000.0,75000.0,75000.0,40,0.0,0.0
2024-10-15,75000.0,75000.0,75000.0,75000.0,75000.0,413,0.0,0.0
2024-10-16,75000.0,75000.0,75000.0,75000.0,75000.0,267,0.0,0.0
2024-10-17,75000.0,77000.0,70420.0,77000.0,77000.0,5060,0.0,0.0
2024-10-18,77000.0,82500.0,82500.0,82500.0,82500.0,1989,0.0,0.0
2024-10-21,82500.0,82500.0,82500.0,82500.0,82500.0,503,0.0,0.0
2024-10-22,82500.0,82500.0,82500.0,82500.0,82500.0,58,0.0,0.0
2024-10-23,82500.0,82500.0,82500.0,82500.0,82500.0,293,0.0,0.0
2024-10-24,82500.0,77580.0,77540.0,77540.0,77540.0,880,0.0,0.0
2024-10-25,77540.0,77700.0,77500.0,77700.0,77700.0,760,0.0,0.0
2024-10-28,77700.0,80000.0,74000.0,80000.0,80000.0,1970,0.0,0.0
2024-10-29,80000.0,80000.0,75700.0,80000.0,80000.0,1347,0.0,0.0
2024-10-30,80000.0,80000.0,80000.0,80000.0,80000.0,185,0.0,0.0
2024-10-31,80000.0,80000.0,80000.0,80000.0,80000.0,80,0.0,0.0
2024-11-01,80000.0,78480.0,76520.0,78480.0,78480.0,459,0.0,0.0
2024-11-05,78480.0,78480.0,78480.0,78480.0,78480.0,153,0.0,0.0
2024-11-06,78480.0,78480.0,78480.0,78480.0,78480.0,32,0.0,0.0
2024-11-07,78480.0,80000.0,72100.0,80000.0,80000.0,3079,0.0,0.0
2024-11-08,80000.0,80000.0,80000.0,80000.0,80000.0,91,0.0,0.0
2024-11-12,80000.0,80000.0,79900.0,80000.0,80000.0,1154,0.0,0.0
2024-11-13,80000.0,80000.0,80000.0,80000.0,80000.0,70,0.0,0.0
2024-11-14,80000.0,80000.0,80000.0,80000.0,80000.0,68,0.0,0.0
2024-11-15,80000.0,80000.0,80000.0,80000.0,80000.0,135,0.0,0.0
2024-11-18,80000.0,79000.0,79000.0,79000.0,79000.0,2694,0.0,0.0
2024-11-19,79000.0,79000.0,79000.0,79000.0,79000.0,56,0.0,0.0
2024-11-20,79000.0,78980.0,78980.0,78980.0,78980.0,238,0.0,0.0
2024-11-21,78980.0,79500.0,79500.0,79500.0,79500.0,204,0.0,0.0
2024-11-22,79500.0,79500.0,79500.0,79500.0,79500.0,59,0.0,0.0
2024-11-25,79500.0,79500.0,79500.0,79500.0,79500.0,197,0.0,0.0
2024-11-26,79500.0,79500.0,79500.0,79500.0,79500.0,32,0.0,0.0
2024-11-27,79500.0,79500.0,79500.0,79500.0,79500.0,38,0.0,0.0
2024-11-28,79500.0,79000.0,77000.0,79000.0,79000.0,8521,0.0,0.0
2024-11-29,79000.0,79000.0,79000.0,79000.0,79000.0,67,0.0,0.0
2024-12-02,79000.0,79000.0,79000.0,79000.0,79000.0,208,0.0,0.0
2024-12-03,79000.0,79000.0,79000.0,79000.0,79000.0,138,0.0,0.0
2024-12-04,79000.0,79000.0,79000.0,79000.0,79000.0,21,0.0,0.0
2024-12-05,79000.0,79000.0,79000.0,79000.0,79000.0,34,0.0,0.0
2024-12-06,79000.0,79000.0,79000.0,79000.0,79000.0,1395,0.0,0.0
2024-12-09,79000.0,79000.0,79000.0,79000.0,79000.0,13,0.0,0.0
2024-12-10,79000.0,79000.0,79000.0,79000.0,79000.0,2,0.0,0.0
2024-12-11,79000.0,79000.0,79000.0,79000.0,79000.0,48,0.0,0.0
2024-12-12,79000.0,79000.0,79000.0,79000.0,79000.0,35,0.0,0.0
2024-12-13,79000.0,79000.0,79000.0,79000.0,79000.0,8142,0.0,0.0
2024-12-16,79000.0,79000.0,79000.0,79000.0,79000.0,20,0.0,0.0
2024-12-17,79000.0,75560.0,71600.0,71600.0,71600.0,827,0.0,0.0
2024-12-18,71600.0,78000.0,77980.0,78000.0,78000.0,5046,0.0,0.0
2024-12-19,78000.0,79000.0,79000.0,79000.0,79000.0,3133,0.0,0.0
2024-12-20,79000.0,78000.0,78000.0,78000.0,78000.0,2216,0.0,0.0
2024-12-23,78000.0,79000.0,78900.0,79000.0,79000.0,7980,0.0,0.0
2024-12-24,79000.0,79000.0,79000.0,79000.0,79000.0,1500,0.0,0.0
2024-12-25,79000.0,79000.0,79000.0,79000.0,79000.0,0,0.0,0.0
2024-12-26,79000.0,79000.0,79000.0,79000.0,79000.0,848,0.0,0.0
2024-12-27,79000.0,79000.0,79000.0,79000.0,79000.0,1236,0.0,0.0
2024-12-30,79000.0,79000.0,78980.0,79000.0,79000.0,17273,0.0,0.0
2024-12-31,79000.0,79000.0,79000.0,79000.0,79000.0,0,0.0,0.0
2025-01-02,79000.0,79000.0,78000.0,79000.0,79000.0,2833,0.0,0.0
2025-01-03,79000.0,81980.0,78000.0,81980.0,81980.0,36501,0.0,0.0
2025-01-07,81980.0,87000.0,85000.0,87000.0,87000.0,832,0.0,0.0
2025-01-08,87000.0,87000.0,87000.0,87000.0,87000.0,185,0.0,0.0
2025-01-09,87000.0,87000.0,87000.0,87000.0,87000.0,97,0.0,0.0
2025-01-10,87000.0,87000.0,87000.0,87000.0,87000.0,119,0.0,0.0
2025-01-13,87000.0,87000.0,87000.0,87000.0,87000.0,227,0.0,0.0
2025-01-14,87000.0,87600.0,87540.0,87540.0,87540.0,404,0.0,0.0
2025-01-15,87540.0,87540.0,87540.0,87540.0,87540.0,326,0.0,0.0
2025-01-16,87540.0,87540.0,87540.0,87540.0,87540.0,374,0.0,0.0
2025-01-17,87540.0,92000.0,91000.0,92000.0,92000.0,775,0.0,0.0
2025-01-20,92000.0,92000.0,92000.0,92000.0,92000.0,386,0.0,0.0
2025-01-21,92000.0,92000.0,92000.0,92000.0,92000.0,0,0.0,0.0
2025-01-22,92000.0,92000.0,92000.0,92000.0,92000.0,215,0.0,0.0
2025-01-23,92000.0,92000.0,92000.0,92000.0,92000.0,17,0.0,0.0
2025-01-24,92000.0,92000.0,92000.0,92000.0,92000.0,97,0.0,0.0
2025-01-27,92000.0,92020.0,92020.0,92020.0,92020.0,521,0.0,0.0
2025-01-28,92020.0,92020.0,92020.0,92020.0,92020.0,244,0.0,0.0
2025-01-29,92020.0,92020.0,92020.0,92020.0,92020.0,34,0.0,0.0
2025-01-30,92020.0,96700.0,94020.0,96700.0,96700.0,490,0.0,0.0
2025-01-31,96700.0,96700.0,96700.0,96700.0,96700.0,199,0.0,0.0
2025-02-03,96700.0,91000.0,91000.0,91000.0,91000.0,316,0.0,0.0
2025-02-04,91000.0,91000.0,91000.0,91000.0,91000.0,241,0.0,0.0
2025-02-05,91000.0,91000.0,91000.0,91000.0,91000.0,113,0.0,0.0
2025-02-06,91000.0,100000.0,96200.0,100000.0,100000.0,3709,0.0,0.0
2025-02-07,100000.0,100000.0,95100.0,100000.0,100000.0,631,0.0,0.0
2025-02-10,100000.0,100000.0,100000.0,100000.0,100000.0,262,0.0,0.0
2025-02-11,100000.0,100020.0,99980.0,100020.0,100020.0,5725,0.0,0.0
2025-02-12,100020.0,100020.0,100020.0,100020.0,100020.0,208,0.0,0.0
2025-02-13,100020.0,109000.0,104900.0,109000.0,109000.0,2149,0.0,0.0
2025-02-14,109000.0,118020.0,118000.0,118000.0,118000.0,745,0.0,0.0
2025-02-17,118000.0,129000.0,125000.0,125000.0,125000.0,2245,0.0,0.0
2025-02-18,125000.0,125000.0,112500.0,117000.0,117000.0,2465,0.0,0.0
2025-02-19,92000.0,92000.0,92000.0,92000.0,92000.0,176,0.0,0.0
2025-02-20,119900.0,119800.0,111220.0,114980.0,114980.0,3609,0.0,0.0
2025-02-21,114980.0,111980.0,103520.0,109980.0,109980.0,4145,0.0,0.0
2025-02-24,109980.0,118000.0,107500.0,114840.0,114840.0,8660,0.0,0.0
2025-02-25,114840.0,116960.0,107100.0,113000.0,113000.0,10768,0.0,0.0
2025-02-26,113000.0,117000.0,111100.0,117000.0,117000.0,2866,0.0,0.0
2025-02-27,117000.0,118500.0,112520.0,118500.0,118500.0,2696,0.0,0.0
2025-02-28,118500.0,119900.0,119900.0,119900.0,119900.0,367,0.0,0.0
2025-03-03,119900.0,119900.0,119900.0,119900.0,119900.0,381,0.0,0.0
2025-03-04,119900.0,117900.0,112500.0,117900.0,117900.0,1633,0.0,0.0
2025-03-05,117900.0,114240.0,113040.0,113040.0,113040.0,621,0.0,0.0
2025-03-06,113040.0,112900.0,112900.0,112900.0,112900.0,805,0.0,0.0
2025-03-07,112900.0,117000.0,115940.0,117000.0,117000.0,1003,0.0,0.0
2025-03-10,117000.0,118000.0,113360.0,118000.0,118000.0,1576,0.0,0.0
2025-03-11,118000.0,117500.0,117500.0,117500.0,117500.0,262,0.0,0.0
2025-03-12,117500.0,118000.0,118000.0,118000.0,118000.0,245,0.0,0.0
2025-03-13,118000.0,118000.0,118000.0,118000.0,118000.0,97,0.0,0.0
2025-03-14,118000.0,118000.0,116000.0,118000.0,118000.0,1580,0.0,0.0
2025-03-17,118000.0,125000.0,117920.0,125000.0,125000.0,4590,0.0,0.0
2025-03-18,125000.0,122600.0,122000.0,122600.0,122600.0,1018,0.0,0.0
2025-03-19,122600.0,122200.0,116100.0,122200.0,122200.0,2288,0.0,0.0
2025-03-20,122200.0,115020.0,110000.0,115020.0,115020.0,6647,0.0,0.0
2025-03-21,115020.0,115020.0,115020.0,115020.0,115020.0,0,0.0,0.0
2025-03-24,115020.0,115020.0,115020.0,115020.0,115020.0,0,0.0,0.0
2025-03-25,112220.0,122000.0,115000.0,122000.0,122000.0,6936,0.0,0.0
2025-03-26,122000.0,122000.0,122000.0,122000.0,122000.0,5523,0.0,0.0
2025-03-27,122000.0,122000.0,121980.0,122000.0,122000.0,2620,0.0,0.0
2025-03-28,122000.0,124000.0,123500.0,123500.0,123500.0,1015,0.0,0.0
2025-03-31,123500.0,125000.0,125000.0,125000.0,125000.0,1293,0.0,0.0
2025-04-01,125000.0,124800.0,120500.0,123280.0,123280.0,3837,0.0,0.0
2025-04-02,123280.0,125000.0,122000.0,124760.0,124760.0,7835,0.0,0.0
2025-04-03,124760.0,124760.0,124760.0,124760.0,124760.0,1882,0.0,0.0
2025-04-04,124760.0,124760.0,124760.0,124760.0,124760.0,2666,0.0,0.0
2025-04-07,124760.0,120700.0,113720.0,120700.0,120700.0,4277,0.0,0.0
2025-04-08,120700.0,122780.0,119000.0,122000.0,122000.0,4265,0.0,0.0
2025-04-09,122000.0,122000.0,116020.0,121980.0,121980.0,12323,0.0,0.0
2025-04-10,121980.0,122000.0,122000.0,122000.0,122000.0,1170,0.0,0.0
2025-04-11,122000.0,122500.0,122500.0,122500.0,122500.0,4465,0.0,0.0
2025-04-14,122500.0,119400.0,119400.0,119400.0,119400.0,3679,0.0,0.0
2025-04-15,119400.0,118440.0,117000.0,118360.0,118360.0,11501,0.0,0.0
2025-04-16,118360.0,119900.0,117000.0,119700.0,119700.0,4507,0.0,0.0
2025-04-17,119700.0,119700.0,119700.0,119700.0,119700.0,0,0.0,0.0
2025-04-18,119700.0,119700.0,119700.0,119700.0,119700.0,0,0.0,0.0
2025-04-21,119700.0,119700.0,119700.0,119700.0,119700.0,87,0.0,0.0
2025-04-22,119700.0,119700.0,119700.0,119700.0,119700.0,132,0.0,0.0
2025-04-23,119700.0,121980.0,116600.0,119020.0,119020.0,1091,0.0,0.0
2025-04-24,119020.0,120000.0,118000.0,120000.0,120000.0,401,0.0,0.0
2025-04-25,120000.0,121400.0,121400.0,121400.0,121400.0,426,0.0,0.0
2025-04-28,121400.0,121400.0,121400.0,121400.0,121400.0,149,0.0,0.0
2025-04-29,121400.0,124160.0,121760.0,124160.0,124160.0,3782,0.0,0.0
2025-04-30,124160.0,126600.0,126000.0,126600.0,126600.0,2374,0.0,0.0
2025-05-01,126600.0,126600.0,126600.0,126600.0,126600.0,0,0.0,0.0
2025-05-02,126600.0,126600.0,126600.0,126600.0,126600.0,235,0.0,0.0
2025-05-05,126600.0,126600.0,126600.0,126600.0,126600.0,235,0.0,0.0
2025-05-06,124160.0,126600.0,126000.0,126600.0,126600.0,2374,0.0,0.0
2025-05-07,126600.0,126280.0,118000.0,126280.0,126280.0,3637,0.0,0.0
2025-05-08,126280.0,126280.0,126280.0,126280.0,126280.0,183,0.0,0.0
2025-05-09,126280.0,123960.0,118200.0,123960.0,123960.0,1342,0.0,0.0
2025-05-12,123960.0,124880.0,124880.0,124880.0,124880.0,253,0.0,0.0
2025-05-13,124880.0,124880.0,124880.0,124880.0,124880.0,2923,0.0,0.0
2025-05-14,124880.0,119400.0,122200.0,122200.0,122200.0,4260,0.0,0.0
2025-05-15,122200.0,126500.0,122700.0,123500.0,123500.0,7664,0.0,0.0
2025-05-16,123500.0,123500.0,123500.0,123500.0,123500.0,274,0.0,0.0
2025-05-19,123500.0,123900.0,123880.0,123880.0,123880.0,496,0.0,0.0
2025-05-20,123880.0,123880.0,123880.0,123880.0,123880.0,181,0.0,0.0
2025-05-21,123880.0,123880.0,123880.0,123880.0,123880.0,266,0.0,0.0
2025-05-22,123880.0,124560.0,124000.0,124000.0,124000.0,708,0.0,0.0
2025-05-23,124000.0,124640.0,124640.0,124640.0,124640.0,202,0.0,0.0
2025-05-26,124640.0,125920.0,124500.0,125920.0,125920.0,1503,0.0,0.0
2025-05-27,125920.0,126480.0,126480.0,126480.0,126480.0,244,0.0,0.0
2025-05-28,126480.0,126480.0,126480.0,126480.0,126480.0,59,0.0,0.0
2025-05-29,126480.0,123880.0,122000.0,122000.0,122000.0,5404,0.0,0.0
2025-05-30,122000.0,126500.0,123000.0,126500.0,126500.0,68741,0.0,0.0
2025-06-03,126500.0,129980.0,126600.0,129800.0,129800.0,71434,0.0,0.0
2025-06-04,129800.0,129800.0,129800.0,129800.0,129800.0,171,0.0,0.0
2025-06-05,129800.0,129800.0,129800.0,129800.0,129800.0,55,0.0,0.0
2025-06-06,129800.0,129800.0,129800.0,129800.0,129800.0,243,0.0,0.0
2025-06-09,129800.0,129780.0,122280.0,129780.0,129780.0,876,0.0,0.0
2025-06-10,129780.0,126740.0,126520.0,126740.0,126740.0,664,0.0,0.0
2025-06-11,126740.0,126740.0,126740.0,126740.0,126740.0,164,0.0,0.0
2025-06-12,126740.0,126740.0,126740.0,126740.0,126740.0,42,0.0,0.0
2025-06-13,126740.0,126740.0,126740.0,126740.0,126740.0,104,0.0,0.0
2025-06-16,126740.0,126740.0,126740.0,126740.0,126740.0,30,0.0,0.0
2025-06-17,126740.0,129400.0,126740.0,129400.0,129400.0,661,0.0,0.0
2025-06-18,129400.0,129400.0,129400.0,129400.0,129400.0,72,0.0,0.0
2025-06-19,129400.0,129400.0,129400.0,129400.0,129400.0,57,0.0,0.0
2025-06-20,129400.0,129400.0,129400.0,129400.0,129400.0,249,0.0,0.0
2025-06-24,129400.0,126000.0,126000.0,126000.0,126000.0,1944,0.0,0.0
2025-06-25,126000.0,126520.0,126520.0,126520.0,126520.0,323,0.0,0.0
2025-06-26,126520.0,129980.0,129980.0,129980.0,129980.0,2587,0.0,0.0
2025-06-27,129980.0,129960.0,129960.0,129960.0,129960.0,456,0.0,0.0
2025-06-30,129960.0,129960.0,129960.0,129960.0,129960.0,0,0.0,0.0
2025-07-01,129960.0,130000.0,130000.0,130000.0,130000.0,413,0.0,0.0
2025-07-02,130000.0,130000.0,130000.0,130000.0,130000.0,132,0.0,0.0
2025-07-03,130000.0,127240.0,127240.0,127240.0,127240.0,498,0.0,0.0
2025-07-04,127240.0,127260.0,127260.0,127260.0,127260.0,184,0.0,0.0
2025-07-07,127260.0,127260.0,127260.0,127260.0,127260.0,176,0.0,0.0
2025-07-08,127260.0,127260.0,127260.0,127260.0,127260.0,102,0.0,0.0
2025-07-09,127260.0,127260.0,127260.0,127260.0,127260.0,233,0.0,0.0
2025-07-10,127260.0,129960.0,124000.0,129960.0,129960.0,2546,0.0,0.0
2025-07-11,129960.0,129960.0,129960.0,129960.0,129960.0,281,0.0,0.0
2025-07-14,129960.0,129960.0,129960.0,129960.0,129960.0,87,0.0,0.0
2025-07-15,129960.0,129960.0,126300.0,129960.0,129960.0,1305,0.0,0.0
2025-07-16,129960.0,129960.0,129960.0,129960.0,129960.0,107,0.0,0.0
2025-07-17,129960.0,129960.0,129960.0,129960.0,129960.0,273,0.0,0.0
2025-07-18,129960.0,129960.0,129960.0,129960.0,129960.0,146,0.0,0.0
2025-07-21,129960.0,129960.0,129960.0,129960.0,129960.0,62,0.0,0.0
2025-07-22,129960.0,129960.0,120120.0,129960.0,129960.0,775,0.0,0.0
2025-07-23,129960.0,129960.0,129960.0,129960.0,129960.0,117,0.0,0.0
2025-07-24,129960.0,126600.0,126600.0,126600.0,126600.0,266,0.0,0.0
2025-07-25,126600.0,129000.0,129000.0,129000.0,129000.0,642,0.0,0.0
2025-07-28,129000.0,129000.0,129000.0,129000.0,129000.0,269,0.0,0.0
2025-07-29,129000.0,130000.0,130000.0,130000.0,130000.0,382,0.0,0.0
2025-07-30,130000.0,130000.0,130000.0,130000.0,130000.0,151,0.0,0.0
2025-07-31,130000.0,130000.0,130000.0,130000.0,130000.0,272,0.0,0.0
2025-08-01,130000.0,130000.0,130000.0,130000.0,130000.0,171,0.0,0.0
2025-08-04,130000.0,130000.0,130000.0,130000.0,130000.0,0,0.0,0.0
2025-08-05,130000.0,130000.0,130000.0,130000.0,130000.0,75,0.0,0.0
2025-08-06,130000.0,130000.0,130000.0,130000.0,130000.0,34,0.0,0.0
2025-08-07,130000.0,130000.0,130000.0,130000.0,130000.0,0,0.0,0.0
2025-08-08,130000.0,129000.0,129000.0,129000.0,129000.0,219,0.0,0.0
2025-08-11,129000.0,129000.0,129000.0,129000.0,129000.0,26,0.0,0.0
2025-08-12,129000.0,129000.0,129000.0,129000.0,129000.0,179,0.0,0.0
2025-08-13,129000.0,129000.0,129000.0,129000.0,129000.0,111,0.0,0.0
2025-08-14,129000.0,130000.0,130000.0,130000.0,130000.0,319,0.0,0.0
2025-08-15,130000.0,136800.0,130000.0,136800.0,136800.0,472,0.0,0.0
2025-08-19,136800.0,139000.0,139000.0,139000.0,139000.0,195,0.0,0.0
2025-08-20,139000.0,145000.0,145000.0,145000.0,145000.0,456,0.0,0.0
2025-08-21,145000.0,149740.0,149740.0,149740.0,149740.0,256,0.0,0.0
2025-08-22,149740.0,149740.0,149740.0,149740.0,149740.0,136,0.0,0.0
2025-08-25,149740.0,155020.0,135000.0,150000.0,150000.0,1409,0.0,0.0
2025-08-26,150000.0,150000.0,150000.0,150000.0,150000.0,299,0.0,0.0
2025-08-27,150000.0,150000.0,150000.0,150000.0,150000.0,45,0.0,0.0
2025-08-28,150000.0,149480.0,143860.0,149480.0,149480.0,427,0.0,0.0
2025-08-29,149480.0,149480.0,149480.0,149480.0,149480.0,281,0.0,0.0
2025-09-01,149480.0,147980.0,142720.0,147980.0,147980.0,1018,0.0,0.0
2025-09-02,147980.0,147980.0,147980.0,147980.0,147980.0,0,0.0,0.0
2025-09-03,143120.0,143000.0,143000.0,143000.0,143000.0,347,0.0,0.0
2025-09-04,143000.0,143000.0,140040.0,143000.0,143000.0,837,0.0,0.0
2025-09-05,143000.0,149780.0,145700.0,149780.0,149780.0,1394,0.0,0.0
2025-09-08,149780.0,149780.0,149780.0,149780.0,149780.0,305,0.0,0.0
2025-09-09,149780.0,144040.0,143140.0,144000.0,144000.0,969,0.0,0.0
2025-09-10,144000.0,146900.0,146500.0,146900.0,146900.0,1093,0.0,0.0
2025-09-11,146900.0,143520.0,143520.0,143520.0,143520.0,187,0.0,0.0
2025-09-12,143520.0,157000.0,146880.0,157000.0,157000.0,3593,0.0,0.0
2025-09-15,157000.0,157000.0,157000.0,157000.0,157000.0,509,0.0,0.0
2025-09-16,157000.0,157000.0,157000.0,157000.0,157000.0,136,0.0,0.0
2025-09-17,157000.0,157000.0,157000.0,157000.0,157000.0,110,0.0,0.0
2025-09-18,157000.0,157000.0,157000.0,157000.0,157000.0,118,0.0,0.0
2025-09-19,157000.0,157000.0,157000.0,157000.0,157000.0,14,0.0,0.0
2025-09-22,157000.0,157000.0,157000.0,157000.0,157000.0,55,0.0,0.0
2025-09-23,157000.0,162960.0,162960.0,162960.0,162960.0,463,0.0,0.0
2025-09-24,162960.0,162960.0,162960.0,162960.0,162960.0,117,0.0,0.0
2025-09-25,162960.0,162960.0,162960.0,162960.0,162960.0,103,0.0,0.0
2025-09-26,162960.0,174000.0,174000.0,174000.0,174000.0,194,0.0,0.0
2025-09-29,174000.0,174000.0,174000.0,174000.0,174000.0,174,0.0,0.0
2025-09-30,149480.0,147980.0,142720.0,147980.0,147980.0,1018,0.0,0.0
2025-10-01,174000.0,174000.0,174000.0,174000.0,174000.0,244,0.0,0.0
2025-10-02,174000.0,174000.0,174000.0,174000.0,174000.0,159,0.0,0.0
2025-10-03,174000.0,174000.0,174000.0,174000.0,174000.0,45,0.0,0.0
2025-10-06,174000.0,189000.0,180000.0,189000.0,189000.0,621,0.0,0.0
2025-10-07,189000.0,206000.0,190000.0,200000.0,200000.0,1461,0.0,0.0
2025-10-08,200000.0,200000.0,197980.0,200000.0,200000.0,903,0.0,0.0
2025-10-09,200000.0,204060.0,203000.0,203000.0,203000.0,269,0.0,0.0
2025-10-10,203000.0,215900.0,209900.0,215900.0,215900.0,978,0.0,0.0
2025-10-14,215900.0,215900.0,215900.0,215900.0,215900.0,140,0.0,0.0
2025-10-15,215900.0,222000.0,222000.0,222000.0,222000.0,160,0.0,0.0
2025-10-16,222000.0,240000.0,240000.0,240000.0,240000.0,239,0.0,0.0
2025-10-17,240000.0,262000.0,240000.0,262000.0,262000.0,2090,0.0,0.0
2025-10-20,262000.0,288800.0,286000.0,288800.0,288800.0,1551,0.0,0.0
2025-10-21,288800.0,317600.0,288800.0,296000.0,296000.0,4164,0.0,0.0
2025-10-22,296000.0,300000.0,245000.0,245000.0,245000.0,3321,0.0,0.0
2025-10-23,245000.0,220480.0,210000.0,210000.0,210000.0,1423,0.0,0.0
2025-10-24,210000.0,220000.0,200000.0,220000.0,220000.0,3807,0.0,0.0
2025-10-27,220000.0,240000.0,221000.0,240000.0,240000.0,1979,0.0,0.0
2025-10-28,240000.0,243000.0,228100.0,234980.0,234980.0,1419,0.0,0.0
2025-10-29,234980.0,258000.0,239980.0,258000.0,258000.0,3043,0.0,0.0
2025-10-30,258000.0,283500.0,265000.0,283500.0,283500.0,2336,0.0,0.0
2025-10-31,283500.0,286500.0,272960.0,272960.0,272960.0,1532,0.0,0.0
2025-11-04,272960.0,272960.0,272960.0,272960.0,272960.0,557,0.0,0.0
2025-11-05,272960.0,272960.0,250000.0,260000.0,260000.0,4002,0.0,0.0
2025-11-06,260000.0,260000.0,250000.0,260000.0,260000.0,1156,0.0,0.0
2025-11-07,260000.0,260000.0,243720.0,254000.0,254000.0,1280,0.0,0.0
2025-11-10,254000.0,265000.0,254000.0,265000.0,265000.0,1462,0.0,0.0
2025-11-11,265000.0,265000.0,265000.0,265000.0,265000.0,623,0.0,0.0
2025-11-12,265000.0,263000.0,260000.0,263000.0,263000.0,1197,0.0,0.0
2025-11-13,263000.0,263000.0,238520.0,263000.0,263000.0,1696,0.0,0.0
2025-11-14,263000.0,263000.0,261900.0,263000.0,263000.0,904,0.0,0.0
2025-11-18,263000.0,263000.0,263000.0,263000.0,263000.0,1336,0.0,0.0
2025-11-19,263000.0,263000.0,263000.0,263000.0,263000.0,167,0.0,0.0
2025-11-20,263000.0,263000.0,263000.0,263000.0,263000.0,1191,0.0,0.0
2025-11-21,263000.0,263000.0,251520.0,263000.0,263000.0,1708,0.0,0.0
2025-11-24,263000.0,263000.0,237040.0,255000.0,255000.0,2976,0.0,0.0
2025-11-25,255000.0,262980.0,238000.0,262000.0,262000.0,2710,0.0,0.0
2025-11-26,262000.0,262980.0,256060.0,262980.0,262980.0,650,0.0,0.0
2025-11-27,262980.0,262980.0,262980.0,262980.0,262980.0,128,0.0,0.0
2025-11-28,262980.0,262980.0,262980.0,262980.0,262980.0,182,0.0,0.0
2025-12-01,262980.0,262980.0,251020.0,262980.0,262980.0,1905,0.0,0.0
2025-12-02,262980.0,262800.0,247800.0,262800.0,262800.0,986,0.0,0.0
2025-12-03,272960.0,272960.0,272960.0,272960.0,272960.0,557,0.0,0.0
2025-12-04,262800.0,256800.0,256800.0,256800.0,256800.0,342,0.0,0.0
2025-12-05,256800.0,261980.0,251020.0,253700.0,253700.0,1810,0.0,0.0
2025-12-09,253700.0,260000.0,260000.0,260000.0,260000.0,684,0.0,0.0
2025-12-10,260000.0,260000.0,260000.0,260000.0,260000.0,75,0.0,0.0
2025-12-11,260000.0,263000.0,250000.0,263000.0,263000.0,1498,0.0,0.0
2025-12-12,263000.0,265000.0,265000.0,265000.0,265000.0,248,0.0,0.0
2025-12-15,265000.0,265000.0,265000.0,265000.0,265000.0,151,0.0,0.0
2025-12-16,265000.0,265000.0,265000.0,265000.0,265000.0,55,0.0,0.0
2025-12-17,265000.0,265020.0,261000.0,265000.0,265000.0,1321,0.0,0.0
2025-12-18,265000.0,274960.0,265000.0,266000.0,266000.0,1487,0.0,0.0
2025-12-19,266000.0,266000.0,266000.0,266000.0,266000.0,24,0.0,0.0
2025-12-22,266000.0,276120.0,272820.0,273600.0,273600.0,1347,0.0,0.0
2025-12-23,273600.0,284900.0,276020.0,276020.0,276020.0,1342,0.0,0.0
2025-12-24,276020.0,281600.0,281600.0,281600.0,281600.0,235,0.0,0.0
2025-12-26,281600.0,282800.0,282000.0,282000.0,282000.0,298,0.0,0.0
2025-12-29,282000.0,282000.0,282000.0,282000.0,282000.0,140,0.0,0.0
2025-12-30,282000.0,282000.0,282000.0,282000.0,282000.0,88,0.0,0.0
2025-12-31,282000.0,282000.0,282000.0,282000.0,282000.0,0,0.0,0.0
2026-01-02,282000.0,283140.0,283140.0,283140.0,283140.0,320,0.0,0.0
2026-01-05,283140.0,288100.0,288080.0,288080.0,288080.0,384,0.0,0.0
2026-01-06,288080.0,288500.0,288200.0,288200.0,288200.0,359,0.0,0.0
2026-01-07,288200.0,289000.0,289000.0,289000.0,289000.0,331,0.0,0.0
2026-01-08,289000.0,289020.0,289020.0,289020.0,289020.0,265,0.0,0.0
2026-01-09,289020.0,289020.0,289020.0,289020.0,289020.0,166,0.0,0.0
2026-01-13,289020.0,289020.0,289020.0,289020.0,289020.0,205,0.0,0.0
2026-01-14,289020.0,283860.0,280000.0,283860.0,283860.0,617,0.0,0.0
2026-01-15,283860.0,300000.0,284000.0,300000.0,300000.0,1424,0.0,0.0
2026-01-16,300000.0,300000.0,300000.0,300000.0,300000.0,191,0.0,0.0
2026-01-19,300000.0,300000.0,300000.0,300000.0,300000.0,279,0.0,0.0
2026-01-20,300000.0,309000.0,305000.0,309000.0,309000.0,377,0.0,0.0
2026-01-21,309000.0,309000.0,309000.0,309000.0,309000.0,449,0.0,0.0
2026-01-22,309000.0,309000.0,309000.0,309000.0,309000.0,118,0.0,0.0
2026-01-23,309000.0,309000.0,309000.0,309000.0,309000.0,190,0.0,0.0
2026-01-26,309000.0,300200.0,300000.0,300000.0,300000.0,493,0.0,0.0
2026-01-27,300000.0,303000.0,290300.0,300060.0,300060.0,913,0.0,0.0
2026-01-28,300060.0,304500.0,304500.0,304500.0,304500.0,239,0.0,0.0
2026-01-29,304500.0,304500.0,300000.0,304500.0,304500.0,729,0.0,0.0
2026-01-30,304500.0,304500.0,304500.0,304500.0,304500.0,389,0.0,0.0
2026-02-02,304500.0,304500.0,304500.0,304500.0,304500.0,172,0.0,0.0
2026-02-03,304500.0,295000.0,293500.0,295000.0,295000.0,978,0.0,0.0
2026-02-04,295000.0,319000.0,319000.0,319000.0,319000.0,326,0.0,0.0
2026-02-05,319000.0,319000.0,319000.0,319000.0,319000.0,277,0.0,0.0
2026-02-06,319000.0,319000.0,319000.0,319000.0,319000.0,181,0.0,0.0
2026-02-09,319000.0,319000.0,319000.0,319000.0,319000.0,169,0.0,0.0
2026-02-10,319000.0,319000.0,319000.0,319000.0,319000.0,130,0.0,0.0
2026-02-11,319000.0,302500.0,296000.0,300000.0,300000.0,692,0.0,0.0
2026-02-12,300000.0,300000.0,285000.0,299980.0,299980.0,2840,0.0,0.0
2026-02-13,299980.0,290000.0,290000.0,290000.0,290000.0,340,0.0,0.0
2026-02-16,290000.0,290000.0,290000.0,290000.0,290000.0,74,0.0,0.0
2026-02-17,290000.0,305000.0,304940.0,305000.0,305000.0,323,0.0,0.0
2026-02-18,305000.0,305000.0,305000.0,305000.0,305000.0,273,0.0,0.0
2026-02-19,305000.0,300380.0,300380.0,300380.0,300380.0,183,0.0,0.0
2026-02-20,300380.0,300380.0,300380.0,300380.0,300380.0,108,0.0,0.0
2026-02-23,300380.0,306600.0,306600.0,306600.0,306600.0,347,0.0,0.0
2026-02-24,306600.0,306600.0,306600.0,306600.0,306600.0,47,0.0,0.0
2026-02-25,306600.0,306600.0,306600.0,306600.0,306600.0,220,0.0,0.0
2026-02-26,306600.0,306600.0,306600.0,306600.0,306600.0,37,0.0,0.0
2026-02-27,306600.0,306600.0,306600.0,306600.0,306600.0,202,0.0,0.0
2026-03-02,306600.0,306000.0,306000.0,306000.0,306000.0,354,0.0,0.0
2026-03-03,306000.0,306000.0,276000.0,300000.0,300000.0,1894,0.0,0.0
2026-03-04,306000.0,306000.0,276000.0,300000.0,300000.0,1894,0.0,0.0
2026-03-05,300000.0,300000.0,300000.0,300000.0,300000.0,99,0.0,0.0
2026-03-06,300000.0,304400.0,291120.0,304400.0,304400.0,379,0.0,0.0
2026-03-09,304400.0,304400.0,304400.0,304400.0,304400.0,137,0.0,0.0
2026-03-11,304400.0,304400.0,304400.0,304400.0,304400.0,79,0.0,0.0
2026-03-12,304400.0,304400.0,304400.0,304400.0,304400.0,92,0.0,0.0
2026-03-13,304400.0,304000.0,292040.0,304000.0,304000.0,604,0.0,0.0
2026-03-16,304000.0,304000.0,304000.0,304000.0,304000.0,419,0.0,0.0
2026-03-17,304000.0,304000.0,304000.0,304000.0,304000.0,53,0.0,0.0
2026-03-18,304000.0,304000.0,304000.0,304000.0,304000.0,77,0.0,0.0
2026-03-19,304000.0,304000.0,304000.0,304000.0,304000.0,37,0.0,0.0
2026-03-20,304000.0,304000.0,304000.0,304000.0,304000.0,42,0.0,0.0
2026-03-24,304000.0,304000.0,290520.0,304000.0,304000.0,2186,0.0,0.0
2026-03-25,304000.0,304000.0,304000.0,304000.0,304000.0,320,0.0,0.0
2026-03-26,304000.0,304000.0,304000.0,304000.0,304000.0,231,0.0,0.0
2026-03-27,304000.0,304000.0,304000.0,304000.0,304000.0,25,0.0,0.0
2026-03-30,304000.0,304000.0,304000.0,304000.0,304000.0,37,0.0,0.0
2026-03-31,304000.0,304000.0,304000.0,304000.0,304000.0,37,0.0,0.0
2026-04-01,304000.0,304000.0,303900.0,304040.0,304040.0,895,0.0,0.0
2026-04-02,304040.0,304040.0,304040.0,304040.0,304040.0,0,0.0,0.0
2026-04-03,304040.0,304040.0,304040.0,304040.0,304040.0,0,0.0,0.0
2026-04-06,304040.0,309000.0,285120.0,300920.0,300920.0,358,0.0,0.0
2026-04-07,300920.0,308480.0,300940.0,308000.0,308000.0,118,0.0,0.0
2026-04-08,308000.0,308500.0,297000.0,308000.0,308000.0,1020,0.0,0.0
2026-04-09,308000.0,308000.0,308000.0,308000.0,308000.0,23,0.0,0.0
2026-04-10,308000.0,308000.0,308000.0,308000.0,308000.0,23,0.0,0.0
2026-04-13,308000.0,308000.0,308000.0,308000.0,308000.0,0,0.0,0.0
2026-04-14,308000.0,308000.0,308000.0,308000.0,308000.0,0,0.0,0.0
2026-04-15,306000.0,306000.0,306000.0,306000.0,306000.0,43,0.0,0.0
2026-04-16,306000.0,308000.0,302000.0,307220.0,307220.0,342,0.0,0.0
2026-04-17,307220.0,309980.0,300220.0,308000.0,308000.0,464,0.0,0.0
2026-04-20,308000.0,308000.0,308000.0,308000.0,308000.0,23,0.0,0.0
2026-04-21,308000.0,308000.0,308000.0,308000.0,308000.0,42,0.0,0.0
2026-04-22,308000.0,308000.0,308000.0,308000.0,308000.0,18,0.0,0.0
2026-04-23,308000.0,308000.0,299000.0,308000.0,308000.0,872,0.0,0.0
2026-04-24,308000.0,303500.0,303500.0,303500.0,303500.0,77,0.0,0.0
2026-04-27,303500.0,308000.0,308000.0,308020.0,308020.0,651,0.0,0.0
2026-04-28,308020.0,308000.0,298040.0,307820.0,307820.0,463,0.0,0.0
2026-04-29,307820.0,308000.0,308000.0,306900.0,306900.0,241,0.0,0.0
2026-04-30,306900.0,306900.0,306900.0,306900.0,306900.0,55,0.0,0.0
2026-05-04,306900.0,306900.0,306900.0,306900.0,306900.0,81,0.0,0.0
2026-05-05,306900.0,306900.0,306900.0,306900.0,306900.0,0,0.0,0.0
2026-05-06,306000.0,306000.0,299080.0,299940.0,299940.0,1406,0.0,0.0
2026-05-07,299940.0,306000.0,298660.0,304580.0,304580.0,818,0.0,0.0
2026-05-08,304580.0,304000.0,303980.0,304000.0,304000.0,793,0.0,0.0
2026-05-11,304000.0,304000.0,284000.0,303980.0,303980.0,4059,0.0,0.0
2026-05-12,303980.0,305000.0,292000.0,304980.0,304980.0,1351,0.0,0.0
2026-05-13,303879.40625,296000.0,304980.0,304980.0,304980.0,10146,0.0,0.0
2026-05-14,301980.0,301980.0,293060.0,298680.0,298680.0,1431,0.0,0.0
2026-05-15,298680.0,300000.0,300000.0,299820.0,299820.0,646,0.0,0.0
2026-05-19,299820.0,300000.0,290500.0,300040.0,300040.0,841,0.0,0.0
2026-05-20,300040.0,300020.0,293800.0,300000.0,300000.0,1322,0.0,0.0
2026-05-21,300000.0,303000.0,295020.0,302840.0,302840.0,451,0.0,0.0
2026-05-22,302840.0,304000.0,300000.0,301340.0,301340.0,697,0.0,0.0
2026-05-25,301340.0,300980.0,281000.0,300000.0,300000.0,2369,0.0,0.0
2026-05-26,300000.0,304000.0,296040.0,304000.0,304000.0,2833,0.0,0.0
2026-05-27,304000.0,302980.0,302980.0,302980.0,302980.0,64,0.0,0.0
2026-05-28,302980.0,305000.0,304000.0,304780.0,304780.0,495,0.0,0.0
2026-06-01,308000.0,308000.0,297020.0,304160.0,304160.0,267,0.0,0.0
2026-06-02,308000.0,308000.0,297020.0,304160.0,304160.0,267,0.0,0.0
2026-06-03,304160.0,304160.0,304160.0,304160.0,304160.0,32,0.0,0.0
2026-06-04,304160.0,304160.0,304160.0,304160.0,304160.0,20,0.0,0.0
2026-06-05,306900.0,306000.0,304000.0,306000.0,306000.0,429,0.0,0.0
2026-06-08,306000.0,306000.0,306000.0,306000.0,306000.0,0,0.0,0.0
2026-06-09,304420.0,307900.0,291560.0,306980.0,306980.0,488,0.0,0.0
2026-06-10,306980.0,308000.0,301000.0,308000.0,308000.0,428,0.0,0.0
2026-06-11,308000.0,308000.0,308000.0,308000.0,308000.0,431,0.0,0.0
2026-06-16,305320.0,308000.0,307900.0,308000.0,308000.0,542,0.0,0.0
2026-06-17,308000.0,308000.0,308000.0,308000.0,308000.0,32,0.0,0.0
2026-06-18,308000.0,308000.0,308000.0,308000.0,308000.0,0,0.0,0.0
2026-06-19,308000.0,308000.0,308000.0,308000.0,308000.0,0,0.0,0.0
2026-06-22,311060.0,311500.0,311000.0,311840.0,311840.0,228,0.0,0.0
2026-06-23,311840.0,310000.0,296080.0,306480.0,306480.0,236,0.0,0.0
2026-06-24,306480.0,309000.0,298020.0,303100.0,303100.0,1498,0.0,0.0
2026-06-25,303100.0,309000.0,302000.0,306920.0,306920.0,653,0.0,0.0
2026-06-26,306920.0,308000.0,298020.0,308000.0,308000.0,210,0.0,0.0
2026-06-29,308000.0,308000.0,308000.0,308000.0,308000.0,0,0.0,0.0
2026-06-30,308000.0,308000.0,308000.0,308000.0,308000.0,52,0.0,0.0
2026-07-01,308000.0,308000.0,308000.0,308000.0,308000.0,8,0.0,0.0
2026-07-02,308000.0,301020.0,300000.0,300000.0,300000.0,189,0.0,0.0
2026-07-03,300000.0,300000.0,288020.0,298460.0,298460.0,339,0.0,0.0
2026-07-06,298460.0,313000.0,307500.0,311380.0,311380.0,364,0.0,0.0
2026-07-07,311380.0,311380.0,311380.0,311380.0,311380.0,81,0.0,0.0
2026-07-08,311380.0,313000.0,303000.0,310880.0,310880.0,267,0.0,0.0
2026-07-09,310880.0,310000.0,306000.0,309480.0,309480.0,399,0.0,0.0
2026-07-10,309480.0,304720.0,304500.0,304720.0,304720.0,88,0.0,0.0
2026-07-14,304720.0,311380.0,289020.0,308680.0,308680.0,916,0.0,0.0
2026-07-15,308680.0,311380.0,311000.0,311380.0,311380.0,186,0.0,0.0
2026-07-16,311380.0,317800.0,293000.0,317800.0,317800.0,187,0.0,0.0
2026-07-17,317800.0,311500.0,300000.0,311440.0,311440.0,1780,0.0,0.0
2026-07-21,311440.0,313700.0,304020.0,310680.0,310680.0,407,0.0,0.0
2026-07-22,310680.0,311000.0,303000.0,310260.0,310260.0,1090,0.0,0.0
2026-07-23,310260.0,313000.0,305700.0,312320.0,312320.0,581,0.0,0.0
2026-07-24,312320.0,312320.0,312320.0,312320.0,312320.0,0,0.0,0.0
2026-07-27,312000.0,347500.0,306720.0,319120.0,319120.0,395,0.0,0.0
2026-07-28,319120.0,313900.0,306500.0,313900.0,313900.0,138,0.0,0.0
2026-07-29,313900.0,313920.0,313920.0,313920.0,313920.0,174,0.0,0.0
2026-07-30,313920.0,310000.0,310000.0,310000.0,310000.0,54,0.0,0.0
2026-07-31,310000.0,314000.0,314000.0,314000.0,314000.0,187,0.0,0.0
2026-08-03,314000.0,313980.0,313980.0,313980.0,313980.0,448,0.0,0.0
2026-08-04,313980.0,313980.0,300000.0,313880.0,313880.0,456,0.0,0.0
2026-08-05,313880.0,313980.0,313980.0,313980.0,313980.0,50,0.0,0.0
2026-08-06,313980.0,313980.0,308020.0,313700.0,313700.0,465,0.0,0.0
2026-08-07,313700.0,313700.0,313700.0,313700.0,313700.0,0,0.0,0.0
2026-08-10,313700.0,313980.0,313980.0,313980.0,313980.0,46,0.0,0.0
2026-08-11,313980.0,313500.0,313480.0,313500.0,313500.0,125,0.0,0.0
2026-08-12,313500.0,313880.0,312000.0,313880.0,313880.0,382,0.0,0.0
2026-08-13,313880.0,313880.0,313880.0,313880.0,313880.0,22,0.0,0.0
2026-08-14,313880.0,313880.0,313880.0,313880.0,313880.0,41,0.0,0.0
2026-08-18,313880.0,313840.0,313500.0,313740.0,313740.0,255,0.0,0.0
2026-08-19,313740.0,313740.0,313740.0,313740.0,313740.0,18,0.0,0.0
2026-08-20,313740.0,313740.0,313740.0,313740.0,313740.0,28,0.0,0.0
2026-08-21,313740.0,313840.0,300780.0,313840.0,313840.0,197,0.0,0.0
2026-08-24,313840.0,313700.0,306900.0,313500.0,313500.0,414,0.0,0.0
2026-08-25,313500.0,313500.0,313500.0,313500.0,313500.0,24,0.0,0.0
2026-08-26,313500.0,313700.0,305000.0,313700.0,313700.0,1515,0.0,0.0
2026-08-27,313700.0,313700.0,313700.0,313700.0,313700.0,7,0.0,0.0
2026-08-28,313700.0,313700.0,305520.0,313700.0,313700.0,874,0.0,0.0
2026-08-31,313700.0,313840.0,313700.0,313840.0,313840.0,444,0.0,0.0
2026-09-01,313840.0,370000.0,311000.0,311000.0,311000.0,194,0.0,0.0
2026-09-02,311000.0,316700.0,310000.0,312740.0,312740.0,213,0.0,0.0
2026-09-03,312740.0,312740.0,312740.0,312740.0,312740.0,31,0.0,0.0
2026-09-04,312740.0,314000.0,310000.0,312440.0,312440.0,238,0.0,0.0
2026-09-08,315200.0,316000.0,309060.0,316000.0,316000.0,45,0.0,0.0
2026-09-09,316000.0,316000.0,316000.0,316000.0,316000.0,22,0.0,0.0
2026-09-10,316000.0,314980.0,306040.0,314940.0,314940.0,311,0.0,0.0
2026-09-11,314940.0,317000.0,306520.0,317000.0,317000.0,146,0.0,0.0
2026-09-14,317000.0,307500.0,307300.0,307300.0,307300.0,85,0.0,0.0
