Date,Open,High,Low,Close,Adj Close,Volume,Dividends,Stock Splits
2020-01-01,45980.0,45980.0,45980.0,45980.0,38710.296875,0,0.0,0.0
2020-01-02,45980.0,45980.0,45980.0,45980.0,38710.296875,0,0.0,0.0
2020-01-03,45300.0,45300.0,43540.0,45300.0,38137.80859375,8898,0.0,0.0
2020-01-06,45300.0,45300.0,45300.0,45300.0,38137.80859375,0,0.0,0.0
2020-01-07,45500.0,45600.0,44220.0,45500.0,38306.1875,97445,0.0,0.0
2020-01-08,45480.0,45480.0,44440.0,45480.0,38289.3515625,98795,0.0,0.0
2020-01-09,44680.0,44700.0,44220.0,44680.0,37615.83203125,99993,0.0,0.0
2020-01-10,44300.0,45000.0,44000.0,44300.0,37295.91015625,85412,0.0,0.0
2020-01-13,44000.0,44300.0,43980.0,44000.0,37043.34375,29043,0.0,0.0
2020-01-14,44200.0,44520.0,44020.0,44200.0,37211.72265625,24025,0.0,0.0
2020-01-15,44260.0,44500.0,44200.0,44260.0,37262.23828125,167624,0.0,0.0
2020-01-16,44780.0,44780.0,44120.0,44780.0,37700.0234375,65809,0.0,0.0
2020-01-17,44780.0,44780.0,44120.0,44780.0,37700.0234375,65809,0.0,0.0
2020-01-20,45200.0,45200.0,44360.0,45200.0,38053.6171875,142302,0.0,0.0
2020-01-21,45480.0,45680.0,45260.0,45480.0,38289.3515625,861148,0.0,0.0
2020-01-22,45480.0,45980.0,45360.0,45480.0,38289.3515625,5526,0.0,0.0
2020-01-23,45400.0,45680.0,45200.0,45400.0,38221.99609375,77203,0.0,0.0
2020-01-24,45560.0,45700.0,45240.0,45560.0,38356.6953125,50271,0.0,0.0
2020-01-27,45060.0,45400.0,44540.0,45060.0,37935.75390625,109601,0.0,0.0
2020-01-28,45240.0,45240.0,44800.0,45240.0,38087.2890625,119946,0.0,0.0
2020-01-29,45900.0,45900.0,45200.0,45900.0,38642.9453125,77186,0.0,0.0
2020-01-30,46000.0,46000.0,45340.0,46000.0,38727.1328125,159445,0.0,0.0
2020-01-31,45980.0,45980.0,45300.0,45980.0,38710.296875,225530,0.0,0.0
2020-02-03,45500.0,45900.0,45100.0,45500.0,38306.1875,144462,0.0,0.0
2020-02-04,45680.0,45900.0,45220.0,45680.0,38457.73046875,89364,0.0,0.0
2020-02-05,46720.0,46800.0,45720.0,46720.0,39333.296875,122525,0.0,0.0
2020-02-06,46220.0,46440.0,46200.0,46220.0,38912.34375,63027,0.0,0.0
2020-02-07,46660.0,46660.0,45620.0,46660.0,39282.78515625,59968,0.0,0.0
2020-02-10,46600.0,46980.0,46020.0,46600.0,39232.26953125,86563,0.0,0.0
2020-02-11,46340.0,47440.0,46060.0,46340.0,39013.375,181589,0.0,0.0
2020-02-12,46200.0,46940.0,45960.0,46200.0,38895.5078125,167473,0.0,0.0
2020-02-13,46900.0,46900.0,45840.0,46900.0,39484.8359375,58631,0.0,0.0
2020-02-14,46020.0,46960.0,46020.0,46020.0,38743.96484375,77691,0.0,0.0
2020-02-17,46060.0,46140.0,46020.0,46060.0,38777.6484375,22935,0.0,0.0
2020-02-18,46300.0,46760.0,46000.0,46300.0,38979.69921875,124846,0.0,0.0
2020-02-19,46660.0,46680.0,46280.0,46660.0,39282.78515625,36269,0.0,0.0
2020-02-20,45920.0,46700.0,45820.0,45920.0,38659.78125,40956,0.0,0.0
2020-02-21,45000.0,45920.0,44000.0,45000.0,37885.234375,70440,0.0,0.0
2020-02-24,45000.0,45000.0,44000.0,45000.0,37885.234375,235635,0.0,0.0
2020-02-25,44200.0,45000.0,44120.0,44200.0,37211.72265625,112317,0.0,0.0
2020-02-26,43980.0,44540.0,43420.0,43980.0,37026.50390625,55147,0.0,0.0
2020-02-27,42600.0,44000.0,41300.0,42600.0,35864.69140625,167110,0.0,0.0
2020-02-28,42000.0,43020.0,41400.0,42000.0,35359.5546875,138703,0.0,0.0
2020-03-02,42000.0,42980.0,42000.0,42000.0,35359.5546875,162116,0.0,0.0
2020-03-03,40200.0,43500.0,40200.0,40200.0,33844.14453125,147239,0.0,0.0
2020-03-04,41040.0,41800.0,40480.0,41040.0,34551.33984375,431289,0.0,0.0
2020-03-05,40800.0,41380.0,40360.0,40800.0,34349.28125,107733,0.0,0.0
2020-03-06,38700.0,40560.0,38700.0,38700.0,32581.3046875,199430,0.0,0.0
2020-03-09,35000.0,37500.0,34600.0,35000.0,29466.294921875,950391,0.0,0.0
2020-03-10,35200.0,36000.0,34620.0,35200.0,29634.673828125,271788,0.0,0.0
2020-03-11,33700.0,35020.0,33700.0,33700.0,28371.833984375,283961,0.0,0.0
2020-03-12,30980.0,31600.0,29620.0,30980.0,26081.880859375,158632,0.0,0.0
2020-03-13,30980.0,31600.0,29620.0,30980.0,26081.880859375,158632,0.0,0.0
2020-03-16,28520.0,29960.0,28040.0,28520.0,24010.82421875,137995,0.0,0.0
2020-03-17,28380.0,29000.0,28380.0,28380.0,23892.95703125,531425,0.0,0.0
2020-03-18,24260.0,28000.0,24260.0,24260.0,20424.3515625,48997,0.0,0.0
2020-03-19,22960.0,24240.0,22500.0,22960.0,19705.978515625,81724,463.0,0.0
2020-03-20,24440.0,24440.0,22040.0,24440.0,20976.22265625,218048,0.0,0.0
2020-03-23,24440.0,24440.0,24440.0,24440.0,20976.22265625,0,0.0,0.0
2020-03-24,24400.0,24400.0,22920.0,24400.0,20941.892578125,88632,0.0,0.0
2020-03-25,27600.0,29000.0,25800.0,27600.0,23688.369140625,107683,0.0,0.0
2020-03-26,27600.0,29000.0,25800.0,27600.0,23688.369140625,107683,0.0,0.0
2020-03-27,30500.0,31260.0,29300.0,30500.0,26177.3671875,235924,0.0,0.0
2020-03-30,30520.0,31400.0,29760.0,30520.0,26194.53125,108641,0.0,0.0
2020-03-31,30500.0,32060.0,30420.0,30500.0,26177.3671875,202491,0.0,0.0
2020-04-01,27600.0,29500.0,27600.0,27600.0,23688.369140625,84970,0.0,0.0
2020-04-02,26660.0,28200.0,26660.0,26660.0,22881.59375,1329463,0.0,0.0
2020-04-03,27000.0,27380.0,26400.0,27000.0,23173.404296875,151235,0.0,0.0
2020-04-06,28500.0,28620.0,28300.0,28500.0,24460.814453125,53467,0.0,0.0
2020-04-07,27960.0,29500.0,27960.0,27960.0,23997.34765625,245002,0.0,0.0
2020-04-08,28400.0,28800.0,27800.0,28400.0,24374.990234375,67874,0.0,0.0
2020-04-09,28400.0,28400.0,28400.0,28400.0,24374.990234375,0,0.0,0.0
2020-04-10,28400.0,28400.0,28400.0,28400.0,24374.990234375,0,0.0,0.0
2020-04-13,28400.0,28700.0,28400.0,28400.0,24374.990234375,53480,0.0,0.0
2020-04-14,28700.0,30000.0,28400.0,28700.0,24632.46875,122694,0.0,0.0
2020-04-15,29500.0,29500.0,27980.0,29500.0,25319.091796875,54061,0.0,0.0
2020-04-16,29320.0,29320.0,28940.0,29320.0,25164.6015625,99290,0.0,0.0
2020-04-17,29640.0,29800.0,29260.0,29640.0,25439.248046875,52456,0.0,0.0
2020-04-20,29680.0,29700.0,29000.0,29680.0,25473.580078125,163710,0.0,0.0
2020-04-21,28400.0,30000.0,28100.0,28400.0,24374.990234375,73527,0.0,0.0
2020-04-22,27700.0,28400.0,27460.0,27700.0,23774.197265625,134683,0.0,0.0
2020-04-23,30120.0,30120.0,28000.0,30120.0,25851.220703125,92117,0.0,0.0
2020-04-24,29420.0,30060.0,29000.0,29420.0,25250.4296875,22801,0.0,0.0
2020-04-27,28620.0,29700.0,28220.0,28620.0,24563.80859375,27489,0.0,0.0
2020-04-28,28160.0,29000.0,28060.0,28160.0,24169.00390625,70322,0.0,0.0
2020-04-29,29240.0,29280.0,27840.0,29240.0,25095.939453125,165859,0.0,0.0
2020-04-30,28720.0,29240.0,28720.0,28720.0,24649.63671875,13730,0.0,0.0
2020-05-01,28720.0,28720.0,28720.0,28720.0,24649.63671875,0,0.0,0.0
2020-05-04,27620.0,28700.0,27620.0,27620.0,23705.533203125,104154,0.0,0.0
2020-05-05,27500.0,27800.0,27500.0,27500.0,23602.544921875,40768,0.0,0.0
2020-05-06,27540.0,27900.0,27440.0,27540.0,23636.87109375,18628,0.0,0.0
2020-05-07,27260.0,27480.0,27180.0,27260.0,23396.55859375,48780,0.0,0.0
2020-05-08,27220.0,27440.0,27040.0,27220.0,23362.22265625,37138,0.0,0.0
2020-05-11,27260.0,27260.0,26800.0,27260.0,23396.55859375,66818,0.0,0.0
2020-05-12,26940.0,27200.0,26720.0,26940.0,23121.90625,8581,0.0,0.0
2020-05-13,26100.0,26800.0,26000.0,26100.0,22400.95703125,111978,0.0,0.0
2020-05-14,25500.0,26100.0,25500.0,25500.0,21885.994140625,24984,0.0,0.0
2020-05-15,24900.0,25500.0,24900.0,24900.0,21371.02734375,82687,0.0,0.0
2020-05-18,25500.0,25520.0,25000.0,25500.0,21885.994140625,59900,0.0,0.0
2020-05-19,25780.0,26520.0,25320.0,25780.0,22126.30859375,57428,0.0,0.0
2020-05-20,25580.0,26220.0,25460.0,25580.0,21954.654296875,58606,0.0,0.0
2020-05-21,25400.0,25500.0,25360.0,25400.0,21800.166015625,24217,0.0,0.0
2020-05-22,24980.0,25140.0,24900.0,24980.0,21439.69140625,70148,0.0,0.0
2020-05-25,24980.0,24980.0,24980.0,24980.0,21439.69140625,0,0.0,0.0
2020-05-26,24020.0,25420.0,24020.0,24020.0,20615.748046875,105093,0.0,0.0
2020-05-27,24800.0,25500.0,24100.0,24800.0,21285.201171875,191013,0.0,0.0
2020-05-28,25140.0,25460.0,24900.0,25140.0,21577.015625,225763,0.0,0.0
2020-05-29,24500.0,25300.0,24500.0,24500.0,21027.720703125,97013,0.0,0.0
2020-06-01,25780.0,25800.0,25280.0,25780.0,22126.30859375,72702,0.0,0.0
2020-06-02,26860.0,26900.0,26000.0,26860.0,23053.248046875,55640,0.0,0.0
2020-06-03,26860.0,26900.0,26000.0,26860.0,23053.248046875,55640,0.0,0.0
2020-06-04,28400.0,28660.0,28340.0,28400.0,24374.990234375,77226,0.0,0.0
2020-06-05,30100.0,30900.0,28800.0,30100.0,25834.056640625,183496,0.0,0.0
2020-06-08,30900.0,31000.0,30200.0,30900.0,26520.67578125,163823,0.0,0.0
2020-06-09,29660.0,30500.0,29600.0,29660.0,25456.4140625,91355,0.0,0.0
2020-06-10,29840.0,30600.0,29060.0,29840.0,25610.90234375,763052,0.0,0.0
2020-06-11,28500.0,29000.0,27960.0,28500.0,24460.814453125,43661,0.0,0.0
2020-06-12,29700.0,29700.0,28400.0,29700.0,25490.744140625,50421,0.0,0.0
2020-06-15,29700.0,29700.0,29700.0,29700.0,25490.744140625,0,0.0,0.0
2020-06-16,30300.0,30600.0,29800.0,30300.0,26005.708984375,261494,0.0,0.0
2020-06-17,30400.0,30400.0,30300.0,30400.0,26091.537109375,4892,0.0,0.0
2020-06-18,29580.0,30400.0,29500.0,29580.0,25387.75390625,19872,0.0,0.0
2020-06-19,30000.0,30000.0,28540.0,30000.0,25748.2265625,219632,0.0,0.0
2020-06-22,30000.0,30000.0,30000.0,30000.0,25748.2265625,0,0.0,0.0
2020-06-23,29880.0,30220.0,29060.0,29880.0,25645.236328125,55188,0.0,0.0
2020-06-24,29680.0,29680.0,28600.0,29680.0,25473.580078125,86587,0.0,0.0
2020-06-25,29960.0,30000.0,29500.0,29960.0,25713.896484375,20012,0.0,0.0
2020-06-26,28720.0,30000.0,28660.0,28720.0,24649.63671875,12792,0.0,0.0
2020-06-29,28720.0,28720.0,28720.0,28720.0,24649.63671875,0,0.0,0.0
2020-06-30,28000.0,28680.0,28000.0,28000.0,24031.6796875,34340,0.0,0.0
2020-07-01,27740.0,28280.0,27500.0,27740.0,23808.529296875,95840,0.0,0.0
2020-07-02,27880.0,28200.0,27880.0,27880.0,23928.6875,32939,0.0,0.0
2020-07-03,28060.0,29000.0,27880.0,28060.0,24083.177734375,4400,0.0,0.0
2020-07-06,28960.0,29400.0,28200.0,28960.0,24855.623046875,12900,0.0,0.0
2020-07-07,28980.0,28980.0,28800.0,28980.0,24872.7890625,79546,0.0,0.0
2020-07-08,29000.0,29360.0,28900.0,29000.0,24889.953125,81690,0.0,0.0
2020-07-09,29200.0,29200.0,29000.0,29200.0,25061.609375,145485,0.0,0.0
2020-07-10,29100.0,29380.0,29000.0,29100.0,24975.78125,61023,0.0,0.0
2020-07-13,28960.0,29500.0,28960.0,28960.0,24855.623046875,123687,0.0,0.0
2020-07-14,28520.0,28840.0,28140.0,28520.0,24477.984375,17007,0.0,0.0
2020-07-15,28520.0,28600.0,28500.0,28520.0,24477.984375,187671,0.0,0.0
2020-07-16,28360.0,28400.0,28320.0,28360.0,24340.66015625,34069,0.0,0.0
2020-07-17,27760.0,28300.0,27760.0,27760.0,23825.69140625,77667,0.0,0.0
2020-07-20,27760.0,27760.0,27760.0,27760.0,23825.69140625,0,0.0,0.0
2020-07-21,27800.0,28760.0,27700.0,27800.0,23860.025390625,208678,0.0,0.0
2020-07-22,27480.0,27880.0,27200.0,27480.0,23585.376953125,639750,0.0,0.0
2020-07-23,27900.0,28080.0,27560.0,27900.0,23945.853515625,239665,0.0,0.0
2020-07-24,28000.0,28120.0,28000.0,28000.0,24031.6796875,34203,0.0,0.0
2020-07-27,28020.0,29120.0,27860.0,28020.0,24048.841796875,68687,0.0,0.0
2020-07-28,28000.0,28360.0,27940.0,28000.0,24031.6796875,83756,0.0,0.0
2020-07-29,28180.0,28240.0,27840.0,28180.0,24186.16796875,26213,0.0,0.0
2020-07-30,27800.0,28140.0,27800.0,27800.0,23860.025390625,37034,0.0,0.0
2020-07-31,27600.0,27800.0,27600.0,27600.0,23688.369140625,315652,0.0,0.0
2020-08-03,27460.0,27660.0,27460.0,27460.0,23568.212890625,151337,0.0,0.0
2020-08-04,26640.0,27460.0,26580.0,26640.0,22864.42578125,604031,0.0,0.0
2020-08-05,26600.0,27980.0,26560.0,26600.0,22830.09765625,36975,0.0,0.0
2020-08-06,26920.0,26940.0,26000.0,26920.0,23104.7421875,77100,0.0,0.0
2020-08-07,26920.0,26920.0,26920.0,26920.0,23104.7421875,0,0.0,0.0
2020-08-10,27000.0,27000.0,26460.0,27000.0,23173.404296875,28340,0.0,0.0
2020-08-11,26340.0,27300.0,26280.0,26340.0,22606.9453125,305005,0.0,0.0
2020-08-12,26260.0,26620.0,26260.0,26260.0,22538.28125,55178,0.0,0.0
2020-08-13,26780.0,26800.0,26300.0,26780.0,22984.583984375,518448,0.0,0.0
2020-08-14,27120.0,27180.0,26700.0,27120.0,23276.396484375,81993,0.0,0.0
2020-08-17,27120.0,27120.0,27120.0,27120.0,23276.396484375,0,0.0,0.0
2020-08-18,27100.0,27160.0,27000.0,27100.0,23259.234375,44871,0.0,0.0
2020-08-19,27100.0,27600.0,27020.0,27100.0,23259.234375,173568,0.0,0.0
2020-08-20,27480.0,27480.0,27020.0,27480.0,23585.376953125,65523,0.0,0.0
2020-08-21,27740.0,27760.0,27500.0,27740.0,23808.529296875,78169,0.0,0.0
2020-08-24,27740.0,27740.0,27740.0,27740.0,23808.529296875,0,0.0,0.0
2020-08-25,28600.0,28660.0,28000.0,28600.0,24546.640625,107389,0.0,0.0
2020-08-26,28500.0,28700.0,28300.0,28500.0,24460.814453125,113639,0.0,0.0
2020-08-27,28460.0,28500.0,28420.0,28460.0,24426.486328125,70199,0.0,0.0
2020-08-28,28700.0,28800.0,28480.0,28700.0,24632.46875,58109,0.0,0.0
2020-08-31,28980.0,28980.0,28400.0,28980.0,24872.7890625,370369,0.0,0.0
2020-09-01,29080.0,29400.0,28980.0,29080.0,24958.6171875,121020,0.0,0.0
2020-09-02,29500.0,29800.0,29240.0,29500.0,25319.091796875,49134,0.0,0.0
2020-09-03,29100.0,29600.0,28800.0,29100.0,24975.78125,104845,0.0,0.0
2020-09-04,29660.0,29660.0,29400.0,29660.0,25456.4140625,19186,0.0,0.0
2020-09-07,29600.0,29760.0,28600.0,29600.0,25404.91796875,8892,0.0,0.0
2020-09-08,29200.0,29500.0,29000.0,29200.0,25061.609375,375617,0.0,0.0
2020-09-09,29300.0,29480.0,29000.0,29300.0,25147.435546875,29089,0.0,0.0
2020-09-10,29160.0,29340.0,29000.0,29160.0,25027.279296875,26505,0.0,0.0
2020-09-11,28700.0,29100.0,28620.0,28700.0,24632.46875,30648,0.0,0.0
2020-09-14,28500.0,29420.0,28500.0,28500.0,24460.814453125,29894,0.0,0.0
2020-09-15,28560.0,29080.0,28120.0,28560.0,24512.314453125,80935,0.0,0.0
2020-09-16,28900.0,29000.0,28600.0,28900.0,24804.126953125,31375,0.0,0.0
2020-09-17,28300.0,28540.0,28040.0,28300.0,24684.626953125,235346,463.0,0.0
2020-09-18,28380.0,28760.0,28200.0,28380.0,24754.41015625,220207,0.0,0.0
2020-09-21,28380.0,28500.0,28360.0,28380.0,24754.41015625,28854,0.0,0.0
2020-09-22,28980.0,29380.0,28380.0,28980.0,25277.7578125,64726,0.0,0.0
2020-09-23,28160.0,28980.0,28160.0,28160.0,24562.513671875,19520,0.0,0.0
2020-09-24,27980.0,28800.0,27380.0,27980.0,24405.509765625,77231,0.0,0.0
2020-09-25,27300.0,27900.0,27220.0,27300.0,23812.376953125,38026,0.0,0.0
2020-09-28,27400.0,27800.0,27320.0,27400.0,23899.60546875,11541,0.0,0.0
2020-09-29,27300.0,27600.0,27300.0,27300.0,23812.376953125,102665,0.0,0.0
2020-09-30,27400.0,27500.0,27300.0,27400.0,23899.60546875,131200,0.0,0.0
2020-10-01,27400.0,27400.0,27000.0,27400.0,23899.60546875,9308,0.0,0.0
2020-10-02,27160.0,27200.0,27140.0,27160.0,23690.263671875,3514,0.0,0.0
2020-10-05,27390.0,27400.0,27070.0,27390.0,23890.8828125,38624,0.0,0.0
2020-10-06,27020.0,27680.0,27020.0,27020.0,23568.150390625,48219,0.0,0.0
2020-10-07,27040.0,27170.0,27040.0,27040.0,23585.595703125,67819,0.0,0.0
2020-10-08,27040.0,27170.0,27040.0,27040.0,23585.595703125,67819,0.0,0.0
2020-10-09,27000.0,27010.0,27000.0,27000.0,23550.703125,7276,0.0,0.0
2020-10-12,27000.0,27000.0,27000.0,27000.0,23550.703125,0,0.0,0.0
2020-10-13,26490.0,27040.0,26200.0,26490.0,23105.857421875,84811,0.0,0.0
2020-10-14,25990.0,26400.0,25930.0,25990.0,22669.732421875,156548,0.0,0.0
2020-10-15,25500.0,25930.0,25500.0,25500.0,22242.33203125,485485,0.0,0.0
2020-10-16,25930.0,25970.0,25000.0,25930.0,22617.400390625,61589,0.0,0.0
2020-10-19,26050.0,26560.0,25780.0,26050.0,22722.072265625,77666,0.0,0.0
2020-10-20,26730.0,27100.0,26080.0,26730.0,23315.201171875,102557,0.0,0.0
2020-10-21,27070.0,27420.0,26850.0,27070.0,23611.76171875,39237,0.0,0.0
2020-10-22,27050.0,27300.0,27050.0,27050.0,23594.3203125,16046,0.0,0.0
2020-10-23,27200.0,27270.0,26450.0,27200.0,23725.15625,2255,0.0,0.0
2020-10-26,26700.0,27200.0,26700.0,26700.0,23289.03125,20818,0.0,0.0
2020-10-27,26530.0,27150.0,26480.0,26530.0,23140.748046875,71199,0.0,0.0
2020-10-28,25760.0,26430.0,25760.0,25760.0,22469.115234375,19399,0.0,0.0
2020-10-29,26390.0,26390.0,25300.0,26390.0,23018.634765625,43665,0.0,0.0
2020-10-30,25130.0,26800.0,25130.0,25130.0,21919.6015625,70902,0.0,0.0
2020-11-02,25130.0,25130.0,25130.0,25130.0,21919.6015625,0,0.0,0.0
2020-11-03,26000.0,26220.0,25610.0,26000.0,22678.458984375,353213,0.0,0.0
2020-11-04,25800.0,26350.0,25800.0,25800.0,22504.0078125,68344,0.0,0.0
2020-11-05,26350.0,26460.0,26200.0,26350.0,22983.744140625,35461,0.0,0.0
2020-11-06,26350.0,26460.0,26200.0,26350.0,22983.744140625,35461,0.0,0.0
2020-11-09,27400.0,27700.0,26880.0,27400.0,23899.60546875,235434,0.0,0.0
2020-11-10,26800.0,27410.0,26800.0,26800.0,23376.2578125,164736,0.0,0.0
2020-11-11,27120.0,27290.0,26750.0,27120.0,23655.376953125,71488,0.0,0.0
2020-11-12,26960.0,27130.0,26820.0,26960.0,23515.81640625,217289,0.0,0.0
2020-11-13,27300.0,27380.0,27000.0,27300.0,23812.376953125,96232,0.0,0.0
2020-11-16,27300.0,27300.0,27300.0,27300.0,23812.376953125,0,0.0,0.0
2020-11-17,27320.0,28150.0,27200.0,27320.0,23829.82421875,391291,0.0,0.0
2020-11-18,27780.0,28000.0,27490.0,27780.0,24231.0625,222512,0.0,0.0
2020-11-19,27300.0,27970.0,27260.0,27300.0,23812.376953125,145606,0.0,0.0
2020-11-20,27600.0,27880.0,27220.0,27600.0,24074.0546875,143172,0.0,0.0
2020-11-23,28000.0,28000.0,27800.0,28000.0,24422.953125,159115,0.0,0.0
2020-11-24,28740.0,28980.0,28200.0,28740.0,25068.419921875,131212,0.0,0.0
2020-11-25,28600.0,28800.0,28590.0,28600.0,24946.3046875,342138,0.0,0.0
2020-11-26,28680.0,28680.0,28220.0,28680.0,25016.08203125,150836,0.0,0.0
2020-11-27,28010.0,28700.0,28010.0,28010.0,24431.67578125,16881,0.0,0.0
2020-11-30,28100.0,28570.0,28020.0,28100.0,24510.177734375,77411,0.0,0.0
2020-12-01,29000.0,29280.0,28440.0,29000.0,25295.201171875,58782,0.0,0.0
2020-12-02,28940.0,29480.0,28940.0,28940.0,25242.8671875,68278,0.0,0.0
2020-12-03,29110.0,29450.0,29110.0,29110.0,25391.15234375,23397,0.0,0.0
2020-12-04,29110.0,29450.0,29110.0,29110.0,25391.15234375,23397,0.0,0.0
2020-12-07,31070.0,31600.0,30150.0,31070.0,27100.755859375,76519,0.0,0.0
2020-12-08,31070.0,31070.0,31070.0,31070.0,27100.755859375,0,0.0,0.0
2020-12-09,33300.0,33300.0,31080.0,33300.0,29045.869140625,162276,0.0,0.0
2020-12-10,33500.0,34300.0,33080.0,33500.0,29220.32421875,159612,0.0,0.0
2020-12-11,33520.0,33520.0,32400.0,33520.0,29237.765625,137032,0.0,0.0
2020-12-14,33900.0,34000.0,33200.0,33900.0,29569.220703125,347705,0.0,0.0
2020-12-15,34490.0,34490.0,33710.0,34490.0,30083.845703125,31182,0.0,0.0
2020-12-16,34900.0,34950.0,34160.0,34900.0,30441.46875,161723,0.0,0.0
2020-12-17,36250.0,36520.0,34980.0,36250.0,31619.0,295476,0.0,0.0
2020-12-18,36300.0,36620.0,36000.0,36300.0,31662.6171875,214691,0.0,0.0
2020-12-21,34900.0,35850.0,33590.0,34900.0,30441.46875,234141,0.0,0.0
2020-12-22,35640.0,35640.0,34800.0,35640.0,31086.931640625,141317,0.0,0.0
2020-12-23,36000.0,36500.0,35640.0,36000.0,31400.943359375,162435,0.0,0.0
2020-12-24,35760.0,35760.0,35760.0,35760.0,31191.603515625,762,0.0,0.0
2020-12-25,35760.0,35760.0,35760.0,35760.0,31191.603515625,0,0.0,0.0
2020-12-28,36800.0,36800.0,35790.0,36800.0,32098.73828125,23416,0.0,0.0
2020-12-29,36200.0,37200.0,36200.0,36200.0,31575.38671875,131493,0.0,0.0
2020-12-30,36400.0,37400.0,36220.0,36400.0,31749.845703125,42065,0.0,0.0
2020-12-31,36400.0,36400.0,36400.0,36400.0,31749.845703125,0,0.0,0.0
2021-01-01,36400.0,36400.0,36400.0,36400.0,31749.845703125,0,0.0,0.0
2021-01-04,35780.0,36030.0,35100.0,35780.0,31209.048828125,190269,0.0,0.0
2021-01-05,34860.0,35800.0,34860.0,34860.0,30406.578125,688424,0.0,0.0
2021-01-06,35490.0,35490.0,35150.0,35490.0,30956.095703125,148172,0.0,0.0
2021-01-07,35200.0,35600.0,35120.0,35200.0,30703.14453125,55573,0.0,0.0
2021-01-08,35180.0,35300.0,35120.0,35180.0,30685.697265625,14581,0.0,0.0
2021-01-11,35180.0,35180.0,35180.0,35180.0,30685.697265625,0,0.0,0.0
2021-01-12,34900.0,35540.0,34850.0,34900.0,30441.46875,46434,0.0,0.0
2021-01-13,34800.0,35050.0,34620.0,34800.0,30354.240234375,302208,0.0,0.0
2021-01-14,35410.0,35490.0,34420.0,35410.0,30886.318359375,133006,0.0,0.0
2021-01-15,35000.0,35410.0,34510.0,35000.0,30528.69140625,9400,0.0,0.0
2021-01-18,34950.0,34950.0,34560.0,34950.0,30485.08203125,6264,0.0,0.0
2021-01-19,34510.0,35100.0,34510.0,34510.0,30101.291015625,124094,0.0,0.0
2021-01-20,33700.0,35050.0,33620.0,33700.0,29394.771484375,186394,0.0,0.0
2021-01-21,33140.0,34170.0,32790.0,33140.0,28906.310546875,156962,0.0,0.0
2021-01-22,32300.0,33130.0,32300.0,32300.0,28173.62109375,230609,0.0,0.0
2021-01-25,32160.0,32450.0,32000.0,32160.0,28051.505859375,39247,0.0,0.0
2021-01-26,32010.0,32450.0,32010.0,32010.0,27920.669921875,134708,0.0,0.0
2021-01-27,32500.0,32500.0,31800.0,32500.0,28348.07421875,92205,0.0,0.0
2021-01-28,32800.0,32800.0,32000.0,32800.0,28609.74609375,104775,0.0,0.0
2021-01-29,33700.0,33700.0,32210.0,33700.0,29394.771484375,135432,0.0,0.0
2021-02-01,33700.0,33700.0,33700.0,33700.0,29394.771484375,0,0.0,0.0
2021-02-02,33400.0,33700.0,33260.0,33400.0,29133.091796875,59622,0.0,0.0
2021-02-03,32850.0,33780.0,32850.0,32850.0,28653.361328125,67712,0.0,0.0
2021-02-04,32600.0,33200.0,32400.0,32600.0,28435.294921875,23430,0.0,0.0
2021-02-05,32300.0,33350.0,32280.0,32300.0,28173.62109375,127023,0.0,0.0
2021-02-08,33150.0,33240.0,32400.0,33150.0,28915.033203125,99171,0.0,0.0
2021-02-09,33750.0,33780.0,32250.0,33750.0,29438.380859375,182677,0.0,0.0
2021-02-10,33110.0,33750.0,33000.0,33110.0,28880.142578125,126892,0.0,0.0
2021-02-11,33300.0,33400.0,32770.0,33300.0,29045.869140625,31901,0.0,0.0
2021-02-12,33030.0,33260.0,32800.0,33030.0,28810.365234375,13583,0.0,0.0
2021-02-15,33220.0,33300.0,32710.0,33220.0,28976.091796875,19467,0.0,0.0
2021-02-16,33300.0,33610.0,33240.0,33300.0,29045.869140625,129897,0.0,0.0
2021-02-17,32700.0,33290.0,32560.0,32700.0,28522.521484375,31086,0.0,0.0
2021-02-18,32400.0,32900.0,32340.0,32400.0,28260.84765625,54822,0.0,0.0
2021-02-19,32300.0,32370.0,32120.0,32300.0,28173.62109375,53323,0.0,0.0
2021-02-22,32170.0,32930.0,32170.0,32170.0,28060.232421875,10347,0.0,0.0
2021-02-23,32480.0,32990.0,32000.0,32480.0,28330.626953125,112883,0.0,0.0
2021-02-24,32610.0,32790.0,32210.0,32610.0,28444.01953125,139903,0.0,0.0
2021-02-25,31700.0,32500.0,31700.0,31700.0,27650.2734375,74280,0.0,0.0
2021-02-26,31490.0,31720.0,31000.0,31490.0,27467.1015625,94702,0.0,0.0
2021-03-01,31990.0,32100.0,31730.0,31990.0,27903.22265625,68350,0.0,0.0
2021-03-02,31970.0,32000.0,31400.0,31970.0,27885.78125,111883,0.0,0.0
2021-03-03,31720.0,32090.0,31700.0,31720.0,27667.71875,230620,0.0,0.0
2021-03-04,31660.0,32050.0,31420.0,31660.0,27615.384765625,175806,0.0,0.0
2021-03-05,32560.0,32560.0,31000.0,32560.0,28400.408203125,111188,0.0,0.0
2021-03-08,31800.0,32500.0,31730.0,31800.0,27737.498046875,53030,0.0,0.0
2021-03-09,31500.0,31800.0,31370.0,31500.0,27475.82421875,60662,0.0,0.0
2021-03-10,31100.0,31470.0,31100.0,31100.0,27126.923828125,63690,0.0,0.0
2021-03-11,31200.0,31360.0,30950.0,31200.0,27214.1484375,485461,0.0,0.0
2021-03-12,31200.0,31590.0,31080.0,31200.0,27214.1484375,203821,0.0,0.0
2021-03-15,31130.0,31400.0,30900.0,31130.0,27153.091796875,221075,0.0,0.0
2021-03-16,30940.0,31470.0,30930.0,30940.0,26987.36328125,356969,0.0,0.0
2021-03-17,30780.0,31360.0,30600.0,30780.0,26847.806640625,433724,0.0,0.0
2021-03-18,30000.0,30730.0,29900.0,30000.0,26167.44921875,90780,0.0,0.0
2021-03-19,29600.0,30050.0,29600.0,29600.0,25818.55078125,1035557,0.0,0.0
2021-03-22,29600.0,29600.0,29600.0,29600.0,25818.55078125,0,0.0,0.0
2021-03-23,29810.0,30240.0,29550.0,29810.0,26001.724609375,649903,0.0,0.0
2021-03-24,30280.0,30380.0,29700.0,30280.0,26411.681640625,1489232,0.0,0.0
2021-03-25,30530.0,30550.0,30100.0,30530.0,26629.7421875,26632,0.0,0.0
2021-03-26,30440.0,30850.0,30080.0,30440.0,26551.2421875,44268,0.0,0.0
2021-03-29,30400.0,30640.0,29830.0,30400.0,26516.34765625,10434,0.0,0.0
2021-03-30,30160.0,30380.0,29700.0,30160.0,26307.009765625,50147,0.0,0.0
2021-03-31,29850.0,29900.0,29550.0,29850.0,26036.615234375,49419,0.0,0.0
2021-04-01,29850.0,29850.0,29850.0,29850.0,26036.615234375,0,0.0,0.0
2021-04-02,29850.0,29850.0,29850.0,29850.0,26036.615234375,0,0.0,0.0
2021-04-05,30120.0,30170.0,29800.0,30120.0,26272.12109375,46200,0.0,0.0
2021-04-06,30420.0,30430.0,30130.0,30420.0,26533.794921875,527149,0.0,0.0
2021-04-07,30680.0,30780.0,30140.0,30680.0,26760.578125,32368,0.0,0.0
2021-04-08,30840.0,30840.0,30200.0,30840.0,26900.140625,23506,0.0,0.0
2021-04-09,30750.0,30970.0,30410.0,30750.0,26821.634765625,136562,0.0,0.0
2021-04-12,30320.0,30500.0,30270.0,30320.0,26446.5703125,17061,0.0,0.0
2021-04-13,30200.0,30460.0,30030.0,30200.0,26341.90234375,24729,0.0,0.0
2021-04-14,30200.0,30460.0,30030.0,30200.0,26341.90234375,24729,0.0,0.0
2021-04-15,30780.0,31300.0,30780.0,30780.0,26847.806640625,24456,0.0,0.0
2021-04-16,31200.0,31230.0,30700.0,31200.0,27491.955078125,85406,311.03,0.0
2021-04-19,30980.0,30980.0,30820.0,30980.0,27298.099609375,129206,0.0,0.0
2021-04-20,30960.0,31100.0,30500.0,30960.0,27280.4765625,304724,0.0,0.0
2021-04-21,30820.0,31200.0,30750.0,30820.0,27157.115234375,281865,0.0,0.0
2021-04-22,30380.0,30940.0,30360.0,30380.0,26769.408203125,86451,0.0,0.0
2021-04-23,30040.0,30370.0,30040.0,30040.0,26469.818359375,64208,0.0,0.0
2021-04-26,31000.0,31000.0,30120.0,31000.0,27315.72265625,39208,0.0,0.0
2021-04-27,31440.0,31450.0,30900.0,31440.0,27703.431640625,120068,0.0,0.0
2021-04-28,31150.0,31800.0,31000.0,31150.0,27447.896484375,97810,0.0,0.0
2021-04-29,30480.0,31400.0,30480.0,30480.0,26857.525390625,34783,0.0,0.0
2021-04-30,29310.0,30480.0,29310.0,29310.0,25826.576171875,115505,0.0,0.0
2021-05-03,28500.0,29320.0,27900.0,28500.0,25112.841796875,79149,0.0,0.0
2021-05-04,28190.0,28750.0,28190.0,28190.0,24839.685546875,137435,0.0,0.0
2021-05-05,28780.0,29490.0,28260.0,28780.0,25359.56640625,106231,0.0,0.0
2021-05-06,30190.0,30190.0,28600.0,30190.0,26601.990234375,54534,0.0,0.0
2021-05-07,30780.0,30840.0,29470.0,30780.0,27121.87109375,42240,0.0,0.0
2021-05-10,31780.0,31780.0,30980.0,31780.0,28003.0234375,51321,0.0,0.0
2021-05-11,31150.0,31300.0,30500.0,31150.0,27447.896484375,68570,0.0,0.0
2021-05-12,30830.0,31360.0,30110.0,30830.0,27165.92578125,71503,0.0,0.0
2021-05-13,30800.0,30800.0,29660.0,30800.0,27139.494140625,81090,0.0,0.0
2021-05-14,31200.0,31410.0,30470.0,31200.0,27491.955078125,224242,0.0,0.0
2021-05-17,31200.0,31200.0,31200.0,31200.0,27491.955078125,0,0.0,0.0
2021-05-18,30100.0,31180.0,30100.0,30100.0,26522.685546875,132365,0.0,0.0
2021-05-19,29980.0,30100.0,29700.0,29980.0,26416.94921875,398063,0.0,0.0
2021-05-20,29990.0,29990.0,28540.0,29990.0,26425.759765625,194843,0.0,0.0
2021-05-21,30090.0,30090.0,29550.0,30090.0,26513.875,220365,0.0,0.0
2021-05-24,29770.0,29770.0,29500.0,29770.0,26231.908203125,36893,0.0,0.0
2021-05-25,29630.0,29650.0,28700.0,29630.0,26108.544921875,53947,0.0,0.0
2021-05-26,28600.0,29500.0,28500.0,28600.0,25200.95703125,67138,0.0,0.0
2021-05-27,28100.0,29320.0,28100.0,28100.0,24760.380859375,1057906,0.0,0.0
2021-05-28,28900.0,29290.0,28300.0,28900.0,25465.3046875,536783,0.0,0.0
2021-05-31,29000.0,29200.0,28820.0,29000.0,25553.41796875,16698,0.0,0.0
2021-06-01,29700.0,29840.0,29060.0,29700.0,26170.2265625,38632,0.0,0.0
2021-06-02,29370.0,29970.0,29370.0,29370.0,25879.443359375,40004,0.0,0.0
2021-06-03,29990.0,30000.0,29200.0,29990.0,26425.759765625,30130,0.0,0.0
2021-06-04,30390.0,30390.0,29600.0,30390.0,26778.21875,140714,0.0,0.0
2021-06-07,30390.0,30390.0,30390.0,30390.0,26778.21875,0,0.0,0.0
2021-06-08,30390.0,30390.0,29600.0,30390.0,26778.21875,4773,0.0,0.0
2021-06-09,30800.0,30800.0,30390.0,30800.0,27139.494140625,26595,0.0,0.0
2021-06-10,31270.0,31360.0,29300.0,31270.0,27553.634765625,14694,0.0,0.0
2021-06-11,30800.0,31100.0,30230.0,30800.0,27139.494140625,13541,0.0,0.0
2021-06-14,30800.0,30800.0,30800.0,30800.0,27139.494140625,0,0.0,0.0
2021-06-15,29630.0,30800.0,29630.0,29630.0,26108.544921875,63062,0.0,0.0
2021-06-16,29900.0,30180.0,29730.0,29900.0,26346.455078125,60148,0.0,0.0
2021-06-17,29470.0,29470.0,29420.0,29470.0,25967.560546875,1073,0.0,0.0
2021-06-18,28900.0,29460.0,28620.0,28900.0,25465.3046875,251421,0.0,0.0
2021-06-21,28450.0,29790.0,28120.0,28450.0,25068.78515625,117766,0.0,0.0
2021-06-22,28400.0,28880.0,28200.0,28400.0,25024.7265625,128286,0.0,0.0
2021-06-23,28750.0,28800.0,28320.0,28750.0,25333.1328125,98156,0.0,0.0
2021-06-24,29600.0,29600.0,28600.0,29600.0,26082.109375,68988,0.0,0.0
2021-06-25,29470.0,30190.0,29380.0,29470.0,25967.560546875,38028,0.0,0.0
2021-06-28,29100.0,29270.0,28900.0,29100.0,25641.53515625,30961,0.0,0.0
2021-06-29,28160.0,28970.0,28110.0,28160.0,24813.25,84041,0.0,0.0
2021-06-30,27540.0,28270.0,27260.0,27540.0,24266.935546875,158367,0.0,0.0
2021-07-01,28010.0,28420.0,27620.0,28010.0,24681.078125,60526,0.0,0.0
2021-07-02,28720.0,28750.0,27690.0,28720.0,25306.6953125,35332,0.0,0.0
2021-07-05,28720.0,28720.0,28720.0,28720.0,25306.6953125,0,0.0,0.0
2021-07-06,28220.0,29000.0,28200.0,28220.0,24866.119140625,405616,0.0,0.0
2021-07-07,28640.0,28900.0,28090.0,28640.0,25236.205078125,102032,0.0,0.0
2021-07-08,29350.0,29480.0,28450.0,29350.0,25861.8203125,164792,0.0,0.0
2021-07-09,29550.0,29980.0,29180.0,29550.0,26038.052734375,92189,0.0,0.0
2021-07-12,29550.0,29550.0,29550.0,29550.0,26038.052734375,0,0.0,0.0
2021-07-13,29900.0,29900.0,29680.0,29900.0,26346.455078125,38272,0.0,0.0
2021-07-14,29900.0,29900.0,29900.0,29900.0,26346.455078125,271,0.0,0.0
2021-07-15,29760.0,29770.0,29320.0,29760.0,26223.09375,14687,0.0,0.0
2021-07-16,29540.0,29800.0,29070.0,29540.0,26029.240234375,303809,0.0,0.0
2021-07-19,29000.0,29210.0,28510.0,29000.0,25553.41796875,4229,0.0,0.0
2021-07-20,29000.0,29000.0,29000.0,29000.0,25553.41796875,0,0.0,0.0
2021-07-21,29110.0,29830.0,29110.0,29110.0,25650.34765625,100108,0.0,0.0
2021-07-22,29500.0,29790.0,28630.0,29500.0,25993.994140625,18437,0.0,0.0
2021-07-23,29030.0,29500.0,28730.0,29030.0,25579.8515625,28591,0.0,0.0
2021-07-26,28810.0,29300.0,28630.0,28810.0,25386.0,60062,0.0,0.0
2021-07-27,29040.0,29350.0,28790.0,29040.0,25588.666015625,261232,0.0,0.0
2021-07-28,28800.0,29050.0,28700.0,28800.0,25377.189453125,272708,0.0,0.0
2021-07-29,28790.0,29300.0,28680.0,28790.0,25368.376953125,18638,0.0,0.0
2021-07-30,28700.0,28880.0,28570.0,28700.0,25289.0703125,40027,0.0,0.0
2021-08-02,28500.0,28700.0,28160.0,28500.0,25112.841796875,176933,0.0,0.0
2021-08-03,28300.0,28400.0,28210.0,28300.0,24936.611328125,11544,0.0,0.0
2021-08-04,28870.0,29000.0,28300.0,28870.0,25438.869140625,146085,0.0,0.0
2021-08-05,28390.0,29000.0,28390.0,28390.0,25015.916015625,20097,0.0,0.0
2021-08-06,28420.0,28420.0,28160.0,28420.0,25042.3515625,1842,0.0,0.0
2021-08-09,28660.0,28660.0,28420.0,28660.0,25253.828125,16973,0.0,0.0
2021-08-10,28800.0,28800.0,28420.0,28800.0,25377.189453125,49756,0.0,0.0
2021-08-11,29060.0,29060.0,28610.0,29060.0,25606.287109375,70813,0.0,0.0
2021-08-12,30000.0,30100.0,28590.0,30000.0,26434.568359375,240248,0.0,0.0
2021-08-13,31000.0,31090.0,30000.0,31000.0,27315.72265625,235139,0.0,0.0
2021-08-16,31000.0,31000.0,31000.0,31000.0,27315.72265625,0,0.0,0.0
2021-08-17,31500.0,31500.0,29500.0,31500.0,27756.30078125,83979,0.0,0.0
2021-08-18,32690.0,32750.0,31500.0,32690.0,28804.869140625,117831,0.0,0.0
2021-08-19,32300.0,32860.0,31900.0,32300.0,28461.220703125,53875,0.0,0.0
2021-08-20,32480.0,32600.0,32100.0,32480.0,28619.830078125,24858,0.0,0.0
2021-08-23,33040.0,33040.0,32600.0,33040.0,29113.275390625,232646,0.0,0.0
2021-08-24,32680.0,33100.0,32670.0,32680.0,28796.05859375,21506,0.0,0.0
2021-08-25,32200.0,32600.0,32100.0,32200.0,28373.107421875,23472,0.0,0.0
2021-08-26,31330.0,32120.0,31330.0,31330.0,27606.501953125,168472,0.0,0.0
2021-08-27,32540.0,32550.0,31310.0,32540.0,28672.697265625,39892,0.0,0.0
2021-08-30,32480.0,32850.0,31530.0,32480.0,28619.830078125,23099,0.0,0.0
2021-08-31,32600.0,32600.0,31640.0,32600.0,28725.56640625,346986,0.0,0.0
2021-09-01,32590.0,32800.0,31920.0,32590.0,28716.755859375,24839,0.0,0.0
2021-09-02,32540.0,32800.0,32540.0,32540.0,28672.697265625,8692,0.0,0.0
2021-09-03,32590.0,32590.0,32250.0,32590.0,28716.755859375,4482,0.0,0.0
2021-09-06,32240.0,32400.0,32070.0,32240.0,28408.353515625,19804,0.0,0.0
2021-09-07,32500.0,32500.0,32260.0,32500.0,28637.453125,26892,0.0,0.0
2021-09-08,32470.0,32600.0,32280.0,32470.0,28611.017578125,12202,0.0,0.0
2021-09-09,32700.0,32750.0,32410.0,32700.0,28813.68359375,194316,0.0,0.0
2021-09-10,32330.0,32720.0,32330.0,32330.0,28487.65625,318341,0.0,0.0
2021-09-13,32000.0,32020.0,31800.0,32000.0,28196.875,97429,0.0,0.0
2021-09-14,31910.0,32170.0,31900.0,31910.0,28117.572265625,380714,0.0,0.0
2021-09-15,31920.0,32400.0,31860.0,31920.0,28126.3828125,52625,0.0,0.0
2021-09-16,32540.0,32540.0,31600.0,32540.0,28672.697265625,86167,0.0,0.0
2021-09-17,31620.0,32500.0,31620.0,31620.0,27862.037109375,443266,0.0,0.0
2021-09-20,31540.0,31720.0,31200.0,31540.0,27791.544921875,82462,0.0,0.0
2021-09-21,30700.0,31860.0,29520.0,30700.0,27051.376953125,52528,0.0,0.0
2021-09-22,30990.0,31130.0,30800.0,30990.0,27306.91015625,653425,0.0,0.0
2021-09-23,31700.0,31780.0,31200.0,31700.0,27932.529296875,252764,0.0,0.0
2021-09-24,31660.0,31700.0,31160.0,31660.0,27897.28515625,13927,0.0,0.0
2021-09-27,32720.0,32960.0,31700.0,32720.0,28831.3046875,158011,0.0,0.0
2021-09-28,32590.0,32900.0,32300.0,32590.0,28716.755859375,56878,0.0,0.0
2021-09-29,32810.0,32810.0,32480.0,32810.0,28910.609375,105160,0.0,0.0
2021-09-30,33400.0,33420.0,32390.0,33400.0,29430.486328125,196800,0.0,0.0
2021-10-01,33400.0,33590.0,33300.0,33400.0,29430.486328125,87140,0.0,0.0
2021-10-04,33200.0,33800.0,33180.0,33200.0,29254.259765625,50487,0.0,0.0
2021-10-05,33230.0,33680.0,33230.0,33230.0,29280.693359375,51622,0.0,0.0
2021-10-06,33280.0,33380.0,32690.0,33280.0,29324.751953125,45906,0.0,0.0
2021-10-07,33570.0,33600.0,33200.0,33570.0,29580.287109375,35668,0.0,0.0
2021-10-08,33580.0,33600.0,33480.0,33580.0,29589.09765625,24926,0.0,0.0
2021-10-11,33770.0,33940.0,33650.0,33770.0,29756.517578125,52945,0.0,0.0
2021-10-12,33030.0,33780.0,33030.0,33030.0,29104.462890625,33629,0.0,0.0
2021-10-13,33500.0,33580.0,32910.0,33500.0,29518.607421875,61871,0.0,0.0
2021-10-14,34550.0,34550.0,33500.0,34550.0,30443.810546875,252772,0.0,0.0
2021-10-15,34500.0,34790.0,33770.0,34500.0,30399.7578125,37490,0.0,0.0
2021-10-18,34500.0,34500.0,34500.0,34500.0,30399.7578125,0,0.0,0.0
2021-10-19,34210.0,34800.0,34210.0,34210.0,30144.224609375,56917,0.0,0.0
2021-10-20,34030.0,34440.0,34030.0,34030.0,29985.615234375,23156,0.0,0.0
2021-10-21,34460.0,34500.0,34010.0,34460.0,30364.513671875,24098,0.0,0.0
2021-10-22,33880.0,34680.0,33320.0,33880.0,29853.44140625,24230,0.0,0.0
2021-10-25,33960.0,34200.0,33880.0,33960.0,29923.935546875,24282,0.0,0.0
2021-10-26,34350.0,34450.0,34050.0,34350.0,30267.583984375,186252,0.0,0.0
2021-10-27,34400.0,34650.0,34340.0,34400.0,30311.642578125,157889,0.0,0.0
2021-10-28,34550.0,34550.0,34100.0,34550.0,30443.810546875,22897,0.0,0.0
2021-10-29,33910.0,34320.0,33800.0,33910.0,29879.87890625,19076,0.0,0.0
2021-11-01,33910.0,33910.0,33910.0,33910.0,29879.87890625,0,0.0,0.0
2021-11-02,33800.0,34360.0,33530.0,33800.0,29782.94921875,55678,0.0,0.0
2021-11-03,33970.0,34360.0,33410.0,33970.0,29932.744140625,166228,0.0,0.0
2021-11-04,33980.0,34360.0,33570.0,33980.0,29941.55859375,28421,0.0,0.0
2021-11-05,33600.0,34230.0,33480.0,33600.0,29606.71875,32313,0.0,0.0
2021-11-08,33990.0,33990.0,33600.0,33990.0,29950.369140625,28328,0.0,0.0
2021-11-09,33550.0,34000.0,33550.0,33550.0,29562.662109375,36318,0.0,0.0
2021-11-10,33290.0,33820.0,33100.0,33290.0,29333.5625,17532,0.0,0.0
2021-11-11,33000.0,33200.0,32020.0,33000.0,29078.02734375,21308,0.0,0.0
2021-11-12,32050.0,32500.0,32050.0,32050.0,28240.935546875,13307,0.0,0.0
2021-11-15,32050.0,32050.0,32050.0,32050.0,28240.935546875,0,0.0,0.0
2021-11-16,31400.0,32100.0,31400.0,31400.0,27668.18359375,117638,0.0,0.0
2021-11-17,30900.0,31360.0,30760.0,30900.0,27227.609375,188559,0.0,0.0
2021-11-18,30860.0,31200.0,30860.0,30860.0,27192.36328125,37913,0.0,0.0
2021-11-19,29700.0,30800.0,29700.0,29700.0,26170.2265625,32387,0.0,0.0
2021-11-22,30300.0,30650.0,30010.0,30300.0,26698.916015625,37757,0.0,0.0
2021-11-23,30990.0,30990.0,30100.0,30990.0,27306.91015625,17203,0.0,0.0
2021-11-24,30500.0,30500.0,30320.0,30500.0,26875.150390625,18754,0.0,0.0
2021-11-25,30800.0,30800.0,30500.0,30800.0,27139.494140625,31596,0.0,0.0
2021-11-26,30300.0,30800.0,29100.0,30300.0,26698.916015625,13726,0.0,0.0
2021-11-29,30300.0,30390.0,29000.0,30300.0,26698.916015625,110657,0.0,0.0
2021-11-30,31000.0,31000.0,30170.0,31000.0,27315.72265625,144796,0.0,0.0
2021-12-01,32400.0,32700.0,31310.0,32400.0,28549.3359375,214369,0.0,0.0
2021-12-02,32860.0,33500.0,32330.0,32860.0,28954.666015625,51870,0.0,0.0
2021-12-03,33000.0,33400.0,32800.0,33000.0,29078.02734375,56598,0.0,0.0
2021-12-06,32900.0,33400.0,32900.0,32900.0,28989.9140625,42781,0.0,0.0
2021-12-07,33090.0,33810.0,32700.0,33090.0,29157.330078125,116318,0.0,0.0
2021-12-08,33090.0,33090.0,33090.0,33090.0,29157.330078125,0,0.0,0.0
2021-12-09,32740.0,33040.0,32090.0,32740.0,28848.927734375,51727,0.0,0.0
2021-12-10,31810.0,32190.0,31710.0,31810.0,28029.458984375,14114,0.0,0.0
2021-12-13,31000.0,32360.0,31000.0,31000.0,27315.72265625,38772,0.0,0.0
2021-12-14,31210.0,32560.0,31000.0,31210.0,27500.763671875,145918,0.0,0.0
2021-12-15,31400.0,31830.0,31400.0,31400.0,27668.18359375,97196,0.0,0.0
2021-12-16,32350.0,32350.0,31800.0,32350.0,28505.27734375,124469,0.0,0.0
2021-12-17,31100.0,32350.0,30720.0,31100.0,27403.83984375,356698,0.0,0.0
2021-12-20,32680.0,32680.0,30350.0,32680.0,28796.05859375,245078,0.0,0.0
2021-12-21,31480.0,31880.0,31400.0,31480.0,27738.67578125,31582,0.0,0.0
2021-12-22,32190.0,32190.0,31300.0,32190.0,28364.296875,51476,0.0,0.0
2021-12-23,32300.0,32300.0,31410.0,32300.0,28461.220703125,28339,0.0,0.0
2021-12-24,32470.0,32470.0,32470.0,32470.0,28611.017578125,634,0.0,0.0
2021-12-27,32000.0,32470.0,31990.0,32000.0,28196.875,24753,0.0,0.0
2021-12-28,32000.0,32000.0,31800.0,32000.0,28196.875,105008,0.0,0.0
2021-12-29,32000.0,32380.0,32000.0,32000.0,28196.875,86973,0.0,0.0
2021-12-30,31800.0,32200.0,31800.0,31800.0,28020.646484375,5694,0.0,0.0
2021-12-31,31800.0,31800.0,31800.0,31800.0,28020.646484375,0,0.0,0.0
2022-01-03,32020.0,32020.0,32000.0,32020.0,28214.498046875,11094,0.0,0.0
2022-01-04,32300.0,32300.0,32250.0,32300.0,28461.220703125,4202,0.0,0.0
2022-01-05,31700.0,32450.0,31700.0,31700.0,27932.529296875,87338,0.0,0.0
2022-01-06,31000.0,32000.0,30550.0,31000.0,27315.72265625,15286,0.0,0.0
2022-01-07,31060.0,31080.0,31000.0,31060.0,27368.591796875,18536,0.0,0.0
2022-01-10,31060.0,31060.0,31060.0,31060.0,27368.591796875,0,0.0,0.0
2022-01-11,31500.0,31500.0,31050.0,31500.0,27756.30078125,8007,0.0,0.0
2022-01-12,32130.0,32280.0,31500.0,32130.0,28311.42578125,38150,0.0,0.0
2022-01-13,32310.0,32700.0,32020.0,32310.0,28470.033203125,88978,0.0,0.0
2022-01-14,31900.0,32470.0,31900.0,31900.0,28108.763671875,91543,0.0,0.0
2022-01-17,31900.0,31900.0,31900.0,31900.0,28108.763671875,0,0.0,0.0
2022-01-18,31900.0,31900.0,31900.0,31900.0,28108.763671875,0,0.0,0.0
2022-01-19,31900.0,31900.0,31900.0,31900.0,28108.763671875,0,0.0,0.0
2022-01-20,32500.0,33990.0,32500.0,32500.0,28637.453125,58708,0.0,0.0
2022-01-21,32420.0,33000.0,32300.0,32420.0,28566.95703125,60724,0.0,0.0
2022-01-24,32300.0,32420.0,31900.0,32300.0,28461.220703125,27219,0.0,0.0
2022-01-25,32470.0,32470.0,31900.0,32470.0,28611.017578125,34178,0.0,0.0
2022-01-26,32400.0,32990.0,32400.0,32400.0,28549.3359375,108244,0.0,0.0
2022-01-27,32310.0,32600.0,32020.0,32310.0,28470.033203125,107069,0.0,0.0
2022-01-28,32690.0,32860.0,32420.0,32690.0,28804.869140625,38672,0.0,0.0
2022-01-31,33300.0,33300.0,32310.0,33300.0,29342.373046875,46298,0.0,0.0
2022-02-01,32540.0,33280.0,32420.0,32540.0,28672.697265625,45098,0.0,0.0
2022-02-02,32000.0,32960.0,32000.0,32000.0,28196.875,58755,0.0,0.0
2022-02-03,31820.0,32000.0,31600.0,31820.0,28038.26953125,8738,0.0,0.0
2022-02-04,31750.0,32780.0,31750.0,31750.0,27976.5859375,41551,0.0,0.0
2022-02-07,31990.0,32300.0,31860.0,31990.0,28188.0625,58174,0.0,0.0
2022-02-08,31500.0,32090.0,31500.0,31500.0,27756.30078125,61405,0.0,0.0
2022-02-09,31530.0,31900.0,31510.0,31530.0,27782.734375,73652,0.0,0.0
2022-02-10,31400.0,31510.0,31100.0,31400.0,27668.18359375,44544,0.0,0.0
2022-02-11,31730.0,31730.0,31050.0,31730.0,27958.96484375,13889,0.0,0.0
2022-02-14,31760.0,31780.0,31460.0,31760.0,27985.396484375,89817,0.0,0.0
2022-02-15,31890.0,32240.0,31580.0,31890.0,28099.94921875,33329,0.0,0.0
2022-02-16,31530.0,32400.0,31530.0,31530.0,27782.734375,36240,0.0,0.0
2022-02-17,30930.0,31570.0,30840.0,30930.0,27254.04296875,85177,0.0,0.0
2022-02-18,31490.0,31490.0,30850.0,31490.0,27747.48828125,22714,0.0,0.0
2022-02-21,31390.0,31400.0,30900.0,31390.0,27659.373046875,34366,0.0,0.0
2022-02-22,30660.0,31500.0,30630.0,30660.0,27016.130859375,45488,0.0,0.0
2022-02-23,31790.0,31870.0,31220.0,31790.0,28011.833984375,89295,0.0,0.0
2022-02-24,31980.0,31980.0,30900.0,31980.0,28179.251953125,77331,0.0,0.0
2022-02-25,31900.0,32200.0,31000.0,31900.0,28108.763671875,202512,0.0,0.0
2022-02-28,32000.0,32000.0,30510.0,32000.0,28196.875,50468,0.0,0.0
2022-03-01,32000.0,32190.0,31210.0,32000.0,28196.875,70245,0.0,0.0
2022-03-02,32090.0,32400.0,32000.0,32090.0,28276.177734375,31229,0.0,0.0
2022-03-03,32200.0,32390.0,31500.0,32200.0,28373.107421875,28932,0.0,0.0
2022-03-04,32000.0,32270.0,32000.0,32000.0,28196.875,58058,0.0,0.0
2022-03-07,32000.0,32300.0,31990.0,32000.0,28196.875,75906,0.0,0.0
2022-03-08,32020.0,32190.0,32000.0,32020.0,28214.498046875,34200,0.0,0.0
2022-03-09,31610.0,32010.0,31390.0,31610.0,27853.2265625,127683,0.0,0.0
2022-03-10,31280.0,31280.0,31280.0,31280.0,27562.447265625,547298900,0.0,0.0
2022-03-11,31280.0,31560.0,31100.0,31280.0,27562.447265625,17507,0.0,0.0
2022-03-14,30700.0,31250.0,30530.0,30700.0,27051.376953125,54662,0.0,0.0
2022-03-15,30820.0,30910.0,30700.0,30820.0,27157.115234375,13720,0.0,0.0
2022-03-16,31230.0,31400.0,30850.0,31230.0,27518.388671875,16264,0.0,0.0
2022-03-17,31600.0,31600.0,31200.0,31600.0,27844.4140625,21812,0.0,0.0
2022-03-18,32800.0,32800.0,31600.0,32800.0,28901.796875,180172,0.0,0.0
2022-03-21,32800.0,32800.0,32800.0,32800.0,28901.796875,0,0.0,0.0
2022-03-22,32400.0,32400.0,32000.0,32400.0,28549.3359375,167208,0.0,0.0
2022-03-23,32700.0,32900.0,32410.0,32700.0,28813.68359375,100265,0.0,0.0
2022-03-24,33080.0,33180.0,32650.0,33080.0,29148.517578125,146772,0.0,0.0
2022-03-25,32990.0,33280.0,32800.0,32990.0,29069.216796875,120741,0.0,0.0
2022-03-28,33200.0,33240.0,32620.0,33200.0,29254.259765625,14257,0.0,0.0
2022-03-29,33250.0,33300.0,32830.0,33250.0,29298.31640625,31009,0.0,0.0
2022-03-30,33250.0,33300.0,32830.0,33250.0,29298.31640625,31009,0.0,0.0
2022-03-31,32950.0,32950.0,32500.0,32950.0,29509.67578125,18901,536.0,0.0
2022-04-01,33380.0,33380.0,32510.0,33380.0,29894.78125,50099,0.0,0.0
2022-04-04,33380.0,33380.0,33380.0,33380.0,29894.78125,0,0.0,0.0
2022-04-05,33900.0,33990.0,33300.0,33900.0,30360.486328125,108935,0.0,0.0
2022-04-06,33910.0,34120.0,33720.0,33910.0,30369.443359375,138655,0.0,0.0
2022-04-07,34000.0,34000.0,33520.0,34000.0,30450.046875,76409,0.0,0.0
2022-04-08,34800.0,34800.0,33540.0,34800.0,31166.513671875,241264,0.0,0.0
2022-04-11,34600.0,34600.0,33820.0,34600.0,30987.400390625,12616,0.0,0.0
2022-04-12,34480.0,34480.0,34010.0,34480.0,30879.92578125,14796,0.0,0.0
2022-04-13,34480.0,34480.0,34480.0,34480.0,30879.92578125,110,0.0,0.0
2022-04-14,34480.0,34480.0,34480.0,34480.0,30879.92578125,0,0.0,0.0
2022-04-15,34480.0,34480.0,34480.0,34480.0,30879.92578125,0,0.0,0.0
2022-04-18,34050.0,34350.0,34050.0,34050.0,30494.82421875,40282,0.0,0.0
2022-04-19,33400.0,34040.0,33400.0,33400.0,29912.689453125,26194,0.0,0.0
2022-04-20,33200.0,33410.0,33100.0,33200.0,29733.57421875,96798,0.0,0.0
2022-04-21,33100.0,33860.0,33100.0,33100.0,29644.013671875,82817,0.0,0.0
2022-04-22,33300.0,33550.0,33010.0,33300.0,29823.1328125,98713,0.0,0.0
2022-04-25,32500.0,33140.0,32500.0,32500.0,29106.662109375,72714,0.0,0.0
2022-04-26,33200.0,33200.0,32990.0,33200.0,29733.57421875,69761,0.0,0.0
2022-04-27,33200.0,33700.0,33190.0,33200.0,29733.57421875,46973,0.0,0.0
2022-04-28,33680.0,33680.0,33020.0,33680.0,30163.45703125,32049,0.0,0.0
2022-04-29,33680.0,33680.0,33020.0,33680.0,30163.45703125,32049,0.0,0.0
2022-05-02,34000.0,34000.0,33000.0,34000.0,30450.046875,19630,0.0,0.0
2022-05-03,33630.0,34290.0,33600.0,33630.0,30118.67578125,49492,0.0,0.0
2022-05-04,33040.0,34080.0,33040.0,33040.0,29590.279296875,34406,0.0,0.0
2022-05-05,32040.0,33300.0,32040.0,32040.0,28694.689453125,17660,0.0,0.0
2022-05-06,31320.0,32040.0,31320.0,31320.0,28049.865234375,50071,0.0,0.0
2022-05-09,31000.0,31320.0,31000.0,31000.0,27763.275390625,27699,0.0,0.0
2022-05-10,31340.0,31340.0,30800.0,31340.0,28067.775390625,16609,0.0,0.0
2022-05-11,32000.0,32000.0,30600.0,32000.0,28658.865234375,20440,0.0,0.0
2022-05-12,31700.0,32000.0,30700.0,31700.0,28390.189453125,17063,0.0,0.0
2022-05-13,31500.0,32480.0,31500.0,31500.0,28211.072265625,188179,0.0,0.0
2022-05-16,32500.0,32500.0,31500.0,32500.0,29106.662109375,63178,0.0,0.0
2022-05-17,32280.0,32280.0,31330.0,32280.0,28909.630859375,187773,0.0,0.0
2022-05-18,31300.0,31510.0,31300.0,31300.0,28031.953125,86677,0.0,0.0
2022-05-19,31180.0,31180.0,30000.0,31180.0,27924.484375,96683,0.0,0.0
2022-05-20,32900.0,32900.0,31190.0,32900.0,29464.896484375,19748,0.0,0.0
2022-05-23,33200.0,33500.0,31170.0,33200.0,29733.57421875,36132,0.0,0.0
2022-05-24,33000.0,33000.0,31760.0,33000.0,29554.455078125,20476,0.0,0.0
2022-05-25,33000.0,33000.0,31960.0,33000.0,29554.455078125,49472,0.0,0.0
2022-05-26,33400.0,33400.0,32510.0,33400.0,29912.689453125,61524,0.0,0.0
2022-05-27,34000.0,34000.0,31000.0,34000.0,30450.046875,170246,0.0,0.0
2022-05-30,34000.0,34000.0,34000.0,34000.0,30450.046875,0,0.0,0.0
2022-05-31,36550.0,36550.0,34080.0,36550.0,32733.794921875,351891,0.0,0.0
2022-06-01,36800.0,37040.0,36000.0,36800.0,32957.6953125,500714,0.0,0.0
2022-06-02,36970.0,37000.0,35590.0,36970.0,33109.9453125,41975,0.0,0.0
2022-06-03,37000.0,37000.0,36600.0,37000.0,33136.8125,63346,0.0,0.0
2022-06-06,36150.0,36170.0,35800.0,36150.0,32375.5625,9334,0.0,0.0
2022-06-07,36640.0,36680.0,35040.0,36640.0,32814.3984375,38210,0.0,0.0
2022-06-08,35050.0,36000.0,35050.0,35050.0,31390.412109375,18914,0.0,0.0
2022-06-09,35000.0,35200.0,34800.0,35000.0,31345.6328125,67438,0.0,0.0
2022-06-10,34700.0,35000.0,33970.0,34700.0,31076.95703125,45654,0.0,0.0
2022-06-13,34000.0,34000.0,32780.0,34000.0,30450.046875,43185,0.0,0.0
2022-06-14,35000.0,35000.0,32100.0,35000.0,31345.6328125,27095,0.0,0.0
2022-06-15,35100.0,35100.0,33510.0,35100.0,31435.193359375,20078,0.0,0.0
2022-06-16,35160.0,35200.0,33590.0,35160.0,31488.927734375,17993,0.0,0.0
2022-06-17,35500.0,35500.0,34980.0,35500.0,31793.4296875,35116,0.0,0.0
2022-06-20,35500.0,35500.0,35500.0,35500.0,31793.4296875,0,0.0,0.0
2022-06-21,34000.0,34000.0,32030.0,34000.0,30450.046875,49755,0.0,0.0
2022-06-22,33900.0,34500.0,32370.0,33900.0,30360.486328125,149421,0.0,0.0
2022-06-23,34000.0,34000.0,32520.0,34000.0,30450.046875,58836,0.0,0.0
2022-06-24,34480.0,34480.0,33020.0,34480.0,30879.92578125,25772,0.0,0.0
2022-06-27,34480.0,34480.0,34480.0,34480.0,30879.92578125,0,0.0,0.0
2022-06-28,34480.0,34480.0,34480.0,34480.0,30879.92578125,0,0.0,0.0
2022-06-29,34480.0,34480.0,34480.0,34480.0,30879.92578125,0,0.0,0.0
2022-06-30,33700.0,34000.0,32300.0,33700.0,30181.369140625,104401,0.0,0.0
2022-07-01,34000.0,34000.0,32400.0,34000.0,30450.046875,137531,0.0,0.0
2022-07-04,34000.0,34000.0,34000.0,34000.0,30450.046875,0,0.0,0.0
2022-07-05,32900.0,34250.0,32900.0,32900.0,29464.896484375,16232,0.0,0.0
2022-07-06,32900.0,34250.0,32900.0,32900.0,29464.896484375,16232,0.0,0.0
2022-07-07,32310.0,33500.0,32310.0,32310.0,28936.498046875,92310,0.0,0.0
2022-07-08,31970.0,32200.0,30630.0,31970.0,28632.0,108977,0.0,0.0
2022-07-11,31920.0,31920.0,30500.0,31920.0,28587.21875,54492,0.0,0.0
2022-07-12,31200.0,31200.0,31020.0,31200.0,27942.39453125,30698,0.0,0.0
2022-07-13,30700.0,31090.0,30610.0,30700.0,27494.599609375,8453,0.0,0.0
2022-07-14,29800.0,30570.0,29000.0,29800.0,26688.5703125,76618,0.0,0.0
2022-07-15,29000.0,29990.0,28460.0,29000.0,25972.095703125,107486,0.0,0.0
2022-07-18,29300.0,29750.0,28370.0,29300.0,26240.771484375,213414,0.0,0.0
2022-07-19,29300.0,30250.0,28610.0,29300.0,26240.771484375,52648,0.0,0.0
2022-07-20,29300.0,29300.0,29300.0,29300.0,26240.771484375,0,0.0,0.0
2022-07-21,29330.0,29510.0,29330.0,29330.0,26267.640625,159907,0.0,0.0
2022-07-22,28120.0,29300.0,28120.0,28120.0,25183.98046875,26312,0.0,0.0
2022-07-25,30000.0,30000.0,28450.0,30000.0,26867.685546875,39409,0.0,0.0
2022-07-26,30000.0,30230.0,30000.0,30000.0,26867.685546875,85945,0.0,0.0
2022-07-27,30000.0,30050.0,29500.0,30000.0,26867.685546875,32737,0.0,0.0
2022-07-28,30500.0,30500.0,29650.0,30500.0,27315.482421875,13431,0.0,0.0
2022-07-29,30620.0,30990.0,30490.0,30620.0,27422.951171875,32526,0.0,0.0
2022-08-01,29500.0,31000.0,28530.0,29500.0,26419.892578125,52824,0.0,0.0
2022-08-02,29850.0,29990.0,29180.0,29850.0,26733.34765625,20976,0.0,0.0
2022-08-03,29680.0,29880.0,29410.0,29680.0,26581.095703125,35473,0.0,0.0
2022-08-04,30000.0,30000.0,28810.0,30000.0,26867.685546875,39299,0.0,0.0
2022-08-05,30390.0,30390.0,29020.0,30390.0,27216.96484375,2641,0.0,0.0
2022-08-08,31150.0,31500.0,30500.0,31150.0,27897.61328125,18732,0.0,0.0
2022-08-09,30500.0,31000.0,30000.0,30500.0,27315.482421875,49843,0.0,0.0
2022-08-10,30800.0,30800.0,30070.0,30800.0,27584.16015625,29556,0.0,0.0
2022-08-11,31000.0,31000.0,30530.0,31000.0,27763.275390625,8780,0.0,0.0
2022-08-12,31300.0,31380.0,30680.0,31300.0,28031.953125,46813,0.0,0.0
2022-08-15,31300.0,31300.0,31300.0,31300.0,28031.953125,0,0.0,0.0
2022-08-16,31300.0,31300.0,31300.0,31300.0,28031.953125,0,0.0,0.0
2022-08-17,31000.0,31300.0,30520.0,31000.0,27763.275390625,208163,0.0,0.0
2022-08-18,31290.0,31310.0,31010.0,31290.0,28022.99609375,44944,0.0,0.0
2022-08-19,31200.0,31290.0,30100.0,31200.0,27942.39453125,99742,0.0,0.0
2022-08-22,30660.0,30670.0,30210.0,30660.0,27458.775390625,4878,0.0,0.0
2022-08-23,30540.0,30900.0,30210.0,30540.0,27351.3046875,152054,0.0,0.0
2022-08-24,31300.0,31480.0,30520.0,31300.0,28031.953125,136969,0.0,0.0
2022-08-25,31000.0,31000.0,30600.0,31000.0,27763.275390625,204982,0.0,0.0
2022-08-26,31200.0,31360.0,30520.0,31200.0,27942.39453125,54323,0.0,0.0
2022-08-29,31000.0,31100.0,30230.0,31000.0,27763.275390625,40306,0.0,0.0
2022-08-30,31000.0,31000.0,30080.0,31000.0,27763.275390625,16545,0.0,0.0
2022-08-31,31000.0,31000.0,30130.0,31000.0,27763.275390625,220966,0.0,0.0
2022-09-01,30500.0,30500.0,28550.0,30500.0,27315.482421875,3905,0.0,0.0
2022-09-02,31000.0,31000.0,30600.0,31000.0,27763.275390625,446455,0.0,0.0
2022-09-05,31000.0,31000.0,31000.0,31000.0,27763.275390625,341,0.0,0.0
2022-09-06,30650.0,30860.0,29720.0,30650.0,27449.8203125,45985,0.0,0.0
2022-09-07,30790.0,31000.0,29730.0,30790.0,27575.203125,361331,0.0,0.0
2022-09-08,31390.0,31390.0,29490.0,31390.0,28610.615234375,48058,536.0,0.0
2022-09-09,30840.0,31500.0,30660.0,30840.0,28109.31640625,51488,0.0,0.0
2022-09-12,30900.0,31300.0,30840.0,30900.0,28164.00390625,1354,0.0,0.0
2022-09-13,30280.0,31000.0,30200.0,30280.0,27598.900390625,66838,0.0,0.0
2022-09-14,28860.0,30500.0,28860.0,28860.0,26304.6328125,10854,0.0,0.0
2022-09-15,29600.0,31000.0,28540.0,29600.0,26979.109375,165615,0.0,0.0
2022-09-16,28560.0,29990.0,28560.0,28560.0,26031.1953125,119026,0.0,0.0
2022-09-19,29700.0,29700.0,28210.0,29700.0,27070.255859375,38140,0.0,0.0
2022-09-20,29780.0,29900.0,28900.0,29780.0,27143.169921875,99627,0.0,0.0
2022-09-21,29660.0,30390.0,29430.0,29660.0,27033.796875,47425,0.0,0.0
2022-09-22,29920.0,29960.0,28430.0,29920.0,27270.775390625,47346,0.0,0.0
2022-09-23,30000.0,30000.0,28500.0,30000.0,27343.693359375,47085,0.0,0.0
2022-09-26,30000.0,30000.0,30000.0,30000.0,27343.693359375,1205,0.0,0.0
2022-09-27,29000.0,29000.0,28010.0,29000.0,26432.236328125,6243,0.0,0.0
2022-09-28,28820.0,29000.0,27450.0,28820.0,26268.173828125,42119,0.0,0.0
2022-09-29,29860.0,29860.0,29000.0,29860.0,27216.087890625,7811,0.0,0.0
2022-09-30,29990.0,30000.0,28220.0,29990.0,27334.578125,41650,0.0,0.0
2022-10-03,30000.0,30000.0,28330.0,30000.0,27343.693359375,72633,0.0,0.0
2022-10-04,31000.0,31290.0,30010.0,31000.0,28255.1484375,137635,0.0,0.0
2022-10-05,31990.0,32000.0,30020.0,31990.0,29157.490234375,110895,0.0,0.0
2022-10-06,32000.0,32000.0,30160.0,32000.0,29166.60546875,7196,0.0,0.0
2022-10-07,31740.0,31740.0,30520.0,31740.0,28929.626953125,19350,0.0,0.0
2022-10-10,31500.0,31500.0,30660.0,31500.0,28710.876953125,24141,0.0,0.0
2022-10-11,32000.0,32000.0,30410.0,32000.0,29166.60546875,153423,0.0,0.0
2022-10-12,31650.0,31650.0,30610.0,31650.0,28847.595703125,20240,0.0,0.0
2022-10-13,31500.0,31550.0,31500.0,31500.0,28710.876953125,25173,0.0,0.0
2022-10-14,31000.0,31250.0,30010.0,31000.0,28255.1484375,13813,0.0,0.0
2022-10-17,31000.0,31000.0,31000.0,31000.0,28255.1484375,0,0.0,0.0
2022-10-18,29500.0,31300.0,29500.0,29500.0,26887.96484375,41322,0.0,0.0
2022-10-19,29500.0,30990.0,29500.0,29500.0,26887.96484375,353705,0.0,0.0
2022-10-20,29500.0,30990.0,29500.0,29500.0,26887.96484375,353705,0.0,0.0
2022-10-21,28240.0,28850.0,28100.0,28240.0,25739.529296875,40275,0.0,0.0
2022-10-24,27000.0,28240.0,27000.0,27000.0,24609.322265625,37061,0.0,0.0
2022-10-25,27170.0,27480.0,26900.0,27170.0,24764.271484375,20698,0.0,0.0
2022-10-26,26530.0,27000.0,26500.0,26530.0,24180.939453125,148864,0.0,0.0
2022-10-27,26500.0,26520.0,26300.0,26500.0,24153.595703125,89323,0.0,0.0
2022-10-28,26120.0,27000.0,26120.0,26120.0,23807.2421875,45630,0.0,0.0
2022-10-31,26000.0,26190.0,26000.0,26000.0,23697.8671875,10985,0.0,0.0
2022-11-01,26710.0,27140.0,26310.0,26710.0,24345.001953125,175420,0.0,0.0
2022-11-02,26690.0,26980.0,26260.0,26690.0,24326.771484375,197498,0.0,0.0
2022-11-03,26500.0,26950.0,26360.0,26500.0,24153.595703125,19711,0.0,0.0
2022-11-04,26700.0,26750.0,26100.0,26700.0,24335.88671875,197966,0.0,0.0
2022-11-07,26700.0,26700.0,26700.0,26700.0,24335.88671875,0,0.0,0.0
2022-11-08,27000.0,27000.0,25510.0,27000.0,24609.322265625,158685,0.0,0.0
2022-11-09,27100.0,27180.0,27000.0,27100.0,24700.466796875,92038,0.0,0.0
2022-11-10,27500.0,27750.0,27300.0,27500.0,25065.052734375,25505,0.0,0.0
2022-11-11,27500.0,27980.0,26500.0,27500.0,25065.052734375,14545,0.0,0.0
2022-11-14,27500.0,27500.0,27500.0,27500.0,25065.052734375,0,0.0,0.0
2022-11-15,27960.0,27970.0,27310.0,27960.0,25484.322265625,18397,0.0,0.0
2022-11-16,27850.0,28000.0,26500.0,27850.0,25384.0625,24857,0.0,0.0
2022-11-17,27400.0,27500.0,26800.0,27400.0,24973.904296875,17408,0.0,0.0
2022-11-18,26910.0,27900.0,26500.0,26910.0,24527.291015625,568213,0.0,0.0
2022-11-21,26980.0,27000.0,26600.0,26980.0,24591.091796875,25659,0.0,0.0
2022-11-22,26980.0,27000.0,26600.0,26980.0,24591.091796875,25659,0.0,0.0
2022-11-23,27000.0,27000.0,27000.0,27000.0,24609.322265625,1506885360,0.0,0.0
2022-11-24,27000.0,27000.0,27000.0,27000.0,24609.322265625,0,0.0,0.0
2022-11-25,27000.0,27000.0,27000.0,27000.0,24609.322265625,0,0.0,0.0
2022-11-28,26510.0,26510.0,26510.0,26510.0,24162.708984375,771,0.0,0.0
2022-11-29,26400.0,26400.0,26400.0,26400.0,24062.44921875,1196,0.0,0.0
2022-11-30,26300.0,26300.0,26200.0,26200.0,23880.158203125,219029,0.0,0.0
2022-12-01,26200.0,26200.0,25540.0,26070.0,23761.669921875,33638,0.0,0.0
2022-12-02,26004.509765625,26004.509765625,26004.509765625,26004.509765625,23701.9765625,699,0.0,0.0
2022-12-05,26290.0,26290.0,26230.0,26230.0,23907.501953125,3497,0.0,0.0
2022-12-06,25310.0,26570.0,25310.0,26020.0,23716.095703125,34,0.0,0.0
2022-12-07,26020.0,26490.0,26020.0,26020.0,23716.095703125,15339,0.0,0.0
2022-12-08,26020.0,26020.0,26020.0,26020.0,23716.095703125,0,0.0,0.0
2022-12-09,26000.0,27000.0,26000.0,26900.0,24518.177734375,91514,0.0,0.0
2022-12-12,26500.0,26800.0,26490.0,26800.0,24427.033203125,15463,0.0,0.0
2022-12-13,26800.0,26800.0,26800.0,26800.0,24427.033203125,2864,0.0,0.0
2022-12-14,26240.0,26500.0,25910.0,26500.0,24153.595703125,29371,0.0,0.0
2022-12-15,26200.0,27310.0,26200.0,27310.0,24891.875,109679,0.0,0.0
2022-12-16,26240.0,27500.0,26200.0,27500.0,25065.052734375,102855,0.0,0.0
2022-12-19,26540.0,27700.0,26540.0,27700.0,25247.341796875,21826,0.0,0.0
2022-12-20,27690.0,27700.0,26870.0,27640.0,25192.654296875,79992,0.0,0.0
2022-12-21,26910.0,26910.0,26910.0,26910.0,24527.291015625,1746,0.0,0.0
2022-12-22,25900.0,27330.0,25900.0,27330.0,24910.103515625,1815,0.0,0.0
2022-12-23,27620.0,27620.0,27620.0,27620.0,25174.42578125,835,0.0,0.0
2022-12-26,26520.0,27890.0,26520.0,27890.0,25420.51953125,8437,0.0,0.0
2022-12-27,26720.0,27690.0,26720.0,27530.0,25092.39453125,20330,0.0,0.0
2022-12-28,27550.0,27600.0,27490.0,27600.0,25156.197265625,39636,0.0,0.0
2022-12-29,27020.0,27590.0,27020.0,27560.0,25119.73828125,69555,0.0,0.0
2022-12-30,27560.0,27560.0,27560.0,27560.0,25119.73828125,0,0.0,0.0
2023-01-02,27560.0,27560.0,27080.0,27080.0,24682.240234375,34003,0.0,0.0
2023-01-03,27040.0,27150.0,27040.0,27150.0,24746.041015625,5334,0.0,0.0
2023-01-04,27150.0,27210.0,27150.0,27210.0,24800.728515625,6130,0.0,0.0
2023-01-05,27300.0,27780.0,27300.0,27750.0,25292.916015625,5680,0.0,0.0
2023-01-06,27800.0,28700.0,27800.0,28700.0,26158.798828125,49937,0.0,0.0
2023-01-09,28700.0,28700.0,28700.0,28700.0,26158.798828125,0,0.0,0.0
2023-01-10,28500.0,29000.0,28120.0,29000.0,26432.236328125,28178,0.0,0.0
2023-01-11,28700.0,28930.0,28600.0,28930.0,26368.43359375,40320,0.0,0.0
2023-01-12,28110.0,28800.0,28110.0,28800.0,26249.9453125,13341,0.0,0.0
2023-01-13,28370.0,28370.0,28350.0,28350.0,25839.787109375,3954,0.0,0.0
2023-01-16,28020.0,28050.0,28020.0,28050.0,25566.353515625,2124,0.0,0.0
2023-01-17,28000.0,28030.0,27900.0,27930.0,25456.978515625,9425,0.0,0.0
2023-01-18,27830.0,27830.0,27350.0,27350.0,24928.333984375,34950,0.0,0.0
2023-01-19,28260.0,28260.0,26700.0,27180.0,24773.384765625,59577,0.0,0.0
2023-01-20,27310.0,27320.0,26910.0,27300.0,24882.759765625,19697,0.0,0.0
2023-01-23,27790.0,27790.0,27020.0,27020.0,24627.552734375,4410,0.0,0.0
2023-01-24,26910.0,26910.0,26430.0,26530.0,24180.939453125,29135,0.0,0.0
2023-01-25,26400.0,26500.0,25700.0,25700.0,23424.4296875,106939,0.0,0.0
2023-01-26,25820.0,25900.0,25500.0,25500.0,23242.138671875,142960,0.0,0.0
2023-01-27,25410.0,25500.0,25010.0,25290.0,23050.734375,58493,0.0,0.0
2023-01-30,25320.0,25500.0,25000.0,25290.0,23050.734375,37462,0.0,0.0
2023-01-31,25010.0,25500.0,24750.0,25500.0,23242.138671875,50614,0.0,0.0
2023-02-01,25200.0,25600.0,24510.0,25600.0,23333.283203125,57922,0.0,0.0
2023-02-02,25780.0,26000.0,25700.0,25700.0,23424.4296875,10143,0.0,0.0
2023-02-03,25590.0,25600.0,25350.0,25600.0,23333.283203125,20818,0.0,0.0
2023-02-06,25950.0,26000.0,25200.0,26000.0,23697.8671875,77159,0.0,0.0
2023-02-07,25700.0,25700.0,25360.0,25700.0,23424.4296875,31553,0.0,0.0
2023-02-08,25580.0,25580.0,25040.0,25040.0,22822.869140625,23084,0.0,0.0
2023-02-09,25050.0,25100.0,24280.0,25100.0,22877.556640625,67426,0.0,0.0
2023-02-10,25000.0,25310.0,24610.0,25300.0,23059.84765625,129285,0.0,0.0
2023-02-13,24710.0,24970.0,24580.0,24580.0,22403.599609375,3257,0.0,0.0
2023-02-14,24500.0,25170.0,23750.0,25000.0,22786.41015625,47114,0.0,0.0
2023-02-15,23690.0,25460.0,23690.0,25460.0,23205.681640625,37747,0.0,0.0
2023-02-16,24740.0,25000.0,24640.0,25000.0,22786.41015625,60457,0.0,0.0
2023-02-17,25000.0,25000.0,24590.0,24990.0,22777.296875,59184,0.0,0.0
2023-02-20,24990.0,25160.0,24560.0,25160.0,22932.244140625,19976,0.0,0.0
2023-02-21,25060.0,25110.0,25000.0,25000.0,22786.41015625,10264,0.0,0.0
2023-02-22,25350.0,25350.0,25350.0,25350.0,23105.421875,1310,0.0,0.0
2023-02-23,25030.0,25150.0,25030.0,25150.0,22923.12890625,1236,0.0,0.0
2023-02-24,25000.0,25010.0,24530.0,25000.0,22786.41015625,28359,0.0,0.0
2023-02-27,25000.0,25000.0,25000.0,25000.0,22786.41015625,44606,0.0,0.0
2023-02-28,24000.0,25000.0,24000.0,25000.0,22786.41015625,44961,0.0,0.0
2023-03-01,23730.0,25000.0,23730.0,25000.0,22786.41015625,29417,0.0,0.0
2023-03-02,24150.0,25340.0,24150.0,25280.0,23041.619140625,33780,0.0,0.0
2023-03-03,25260.0,25280.0,24600.0,24710.0,22522.087890625,53021,0.0,0.0
2023-03-06,24720.0,24970.0,24560.0,24970.0,22759.06640625,21792,0.0,0.0
2023-03-07,24970.0,24970.0,24380.0,24490.0,22321.568359375,19347,0.0,0.0
2023-03-08,24660.0,24660.0,24250.0,24250.0,22102.818359375,54290,0.0,0.0
2023-03-09,24000.0,24250.0,23130.0,23360.0,21291.623046875,71970,0.0,0.0
2023-03-10,23170.0,23300.0,22900.0,22900.0,20872.353515625,19081,0.0,0.0
2023-03-13,22960.0,22960.0,21900.0,21900.0,19960.896484375,80249,0.0,0.0
2023-03-14,22010.0,22120.0,21870.0,21900.0,19960.896484375,93824,0.0,0.0
2023-03-15,21500.0,22000.0,20700.0,21840.0,19906.208984375,114219,0.0,0.0
2023-03-16,22300.0,22300.0,21310.0,21870.0,19933.552734375,36049,0.0,0.0
2023-03-17,21850.0,23000.0,20540.0,23000.0,20963.498046875,484247,0.0,0.0
2023-03-20,23000.0,23000.0,23000.0,23000.0,20963.498046875,0,0.0,0.0
2023-03-21,22600.0,22600.0,22500.0,22500.0,20507.767578125,85770,0.0,0.0
2023-03-22,22500.0,22550.0,22410.0,22550.0,20553.34375,8930,0.0,0.0
2023-03-23,22550.0,22550.0,21610.0,21610.0,19696.572265625,7268,0.0,0.0
2023-03-24,21550.0,22000.0,21280.0,22000.0,20052.041015625,244404,0.0,0.0
2023-03-27,22000.0,22840.0,22000.0,22840.0,20817.666015625,18854,0.0,0.0
2023-03-28,22800.0,23480.0,22800.0,23480.0,21400.998046875,184878,0.0,0.0
2023-03-29,23990.0,23990.0,23110.0,23900.0,21783.80859375,9781,0.0,0.0
2023-03-30,23880.0,24200.0,23880.0,24100.0,21966.099609375,13805,0.0,0.0
2023-03-31,24100.0,24100.0,24100.0,24100.0,21966.099609375,3824,0.0,0.0
2023-04-03,24100.0,24100.0,23020.0,24000.0,21874.955078125,22939,0.0,0.0
2023-04-04,23020.0,23020.0,23020.0,23020.0,21432.70703125,1054,505.0,0.0
2023-04-05,23100.0,23210.0,23020.0,23210.0,21609.60546875,18979,0.0,0.0
2023-04-06,23210.0,23210.0,23210.0,23210.0,21609.60546875,0,0.0,0.0
2023-04-07,23210.0,23210.0,23210.0,23210.0,21609.60546875,0,0.0,0.0
2023-04-10,22780.0,22780.0,22000.0,22000.0,20483.0390625,62966,0.0,0.0
2023-04-11,22000.0,22000.0,21600.0,21600.0,20110.619140625,119693,0.0,0.0
2023-04-12,21700.0,21700.0,21000.0,21500.0,20017.513671875,223568,0.0,0.0
2023-04-13,21500.0,21820.0,21200.0,21820.0,20315.44921875,574363,0.0,0.0
2023-04-14,21990.0,22300.0,21750.0,22200.0,20669.248046875,0,0.0,0.0
2023-04-17,22490.0,22640.0,22250.0,22250.0,20715.80078125,248394,0.0,0.0
2023-04-18,22400.0,22400.0,22000.0,22090.0,20566.833984375,350790,0.0,0.0
2023-04-19,21980.0,21990.0,21800.0,21800.0,20296.828125,10411,0.0,0.0
2023-04-20,21510.0,21790.0,21350.0,21500.0,20017.513671875,26408,0.0,0.0
2023-04-21,21400.0,21650.0,21260.0,21560.0,20073.376953125,45045,0.0,0.0
2023-04-24,21600.0,21600.0,21330.0,21560.0,20073.376953125,43141,0.0,0.0
2023-04-25,21560.0,21560.0,21000.0,21460.0,19980.2734375,1027341,0.0,0.0
2023-04-26,21750.0,21750.0,20960.0,21460.0,19980.2734375,14697,0.0,0.0
2023-04-27,20960.0,21160.0,20890.0,21000.0,19551.9921875,12548,0.0,0.0
2023-04-28,20800.0,21200.0,20770.0,21100.0,19645.09765625,115404,0.0,0.0
2023-05-01,21100.0,21100.0,21100.0,21100.0,19645.09765625,0,0.0,0.0
2023-05-02,21100.0,21100.0,20300.0,20400.0,18993.36328125,28384,0.0,0.0
2023-05-03,20500.0,20920.0,20300.0,20420.0,19011.984375,47551,0.0,0.0
2023-05-04,20460.0,20460.0,20200.0,20200.0,18807.154296875,14801,0.0,0.0
2023-05-05,20090.0,20100.0,19500.0,19710.0,18350.94140625,54514,0.0,0.0
2023-05-08,19710.0,19890.0,19320.0,19890.0,18518.529296875,35806,0.0,0.0
2023-05-09,19700.0,20000.0,19700.0,19800.0,18434.734375,17071,0.0,0.0
2023-05-10,19950.0,19950.0,19870.0,19870.0,18499.908203125,4935,0.0,0.0
2023-05-11,20000.0,20000.0,19380.0,19380.0,18043.6953125,20814,0.0,0.0
2023-05-12,19500.0,19800.0,19490.0,19490.0,18146.111328125,28143,0.0,0.0
2023-05-15,19500.0,19500.0,19490.0,19500.0,18155.419921875,27382,0.0,0.0
2023-05-16,19220.0,19250.0,18810.0,19000.0,17689.896484375,28879,0.0,0.0
2023-05-17,19000.0,19200.0,18760.0,18980.0,17671.275390625,526991,0.0,0.0
2023-05-18,18800.0,19000.0,18800.0,19000.0,17689.896484375,139718,0.0,0.0
2023-05-19,19000.0,19000.0,18800.0,19000.0,17689.896484375,53147,0.0,0.0
2023-05-22,19000.0,19000.0,19000.0,19000.0,17689.896484375,0,0.0,0.0
2023-05-23,18910.0,18910.0,18900.0,18900.0,17596.791015625,15121,0.0,0.0
2023-05-24,18900.0,18900.0,18700.0,18900.0,17596.791015625,20987,0.0,0.0
2023-05-25,18900.0,18900.0,18500.0,18500.0,17224.373046875,3625,0.0,0.0
2023-05-26,18331.05078125,18331.05078125,18331.05078125,18331.05078125,17067.07421875,2266,0.0,0.0
2023-05-29,18200.0,18200.0,18140.0,18200.0,16945.060546875,10887,0.0,0.0
2023-05-30,18180.0,18190.0,17900.0,17900.0,16665.74609375,9928,0.0,0.0
2023-05-31,17700.0,17710.0,17650.0,17710.0,16488.845703125,402132,0.0,0.0
2023-06-01,18500.0,19000.0,18500.0,18700.0,17410.58203125,133677,0.0,0.0
2023-06-02,19180.0,19780.0,19170.0,19270.0,17941.28125,46166,0.0,0.0
2023-06-05,19490.0,19550.0,19300.0,19490.0,18146.111328125,15600,0.0,0.0
2023-06-06,19500.0,20290.0,19500.0,20240.0,18844.396484375,115189,0.0,0.0
2023-06-07,20570.0,20640.0,20330.0,20600.0,19179.57421875,71360,0.0,0.0
2023-06-08,20450.0,20450.0,20390.0,20440.0,19030.60546875,9817,0.0,0.0
2023-06-13,20500.0,20800.0,20500.0,20800.0,19365.783203125,146117,0.0,0.0
2023-06-14,20900.0,20990.0,20500.0,20500.0,19086.46875,78196,0.0,0.0
2023-06-15,20500.0,20500.0,20500.0,20500.0,19086.46875,6435,0.0,0.0
2023-06-16,20480.0,20830.0,20400.0,20410.0,19002.673828125,31777,0.0,0.0
2023-06-19,20410.0,20410.0,20410.0,20410.0,19002.673828125,0,0.0,0.0
2023-06-20,20450.0,20450.0,20400.0,20400.0,18993.36328125,4895,0.0,0.0
2023-06-21,20030.0,20100.0,20000.0,20100.0,18714.048828125,12876,0.0,0.0
2023-06-22,20000.0,20290.0,20000.0,20290.0,18890.947265625,4324,0.0,0.0
2023-06-23,20290.0,20290.0,20000.0,20000.0,18620.9453125,13148,0.0,0.0
2023-06-26,19740.0,19740.0,19720.0,19720.0,18360.251953125,4217,0.0,0.0
2023-06-27,19610.0,20180.0,19600.0,20180.0,18788.533203125,7369,0.0,0.0
2023-06-28,20000.0,20000.0,19870.0,20000.0,18620.9453125,118513,0.0,0.0
2023-06-29,20000.0,20140.0,19990.0,20000.0,18620.9453125,40802,0.0,0.0
2023-06-30,19610.0,19610.0,19610.0,19610.0,18257.8359375,10024,0.0,0.0
2023-07-03,19610.0,19610.0,19610.0,19610.0,18257.8359375,0,0.0,0.0
2023-07-04,19610.0,19610.0,19600.0,19600.0,18248.525390625,7921,0.0,0.0
2023-07-05,19600.0,19600.0,18760.0,18800.0,17503.6875,17589,0.0,0.0
2023-07-06,18890.0,18980.0,18620.0,18800.0,17503.6875,45885,0.0,0.0
2023-07-07,18800.0,19000.0,18800.0,18990.0,17680.587890625,12686,0.0,0.0
2023-07-10,19090.0,19340.0,19000.0,19340.0,18006.453125,19280,0.0,0.0
2023-07-11,19200.0,19600.0,19200.0,19600.0,18248.525390625,7554,0.0,0.0
2023-07-12,19500.0,19840.0,19500.0,19840.0,18471.9765625,10318,0.0,0.0
2023-07-13,19930.0,20050.0,19930.0,20000.0,18620.9453125,32386,0.0,0.0
2023-07-14,20150.0,20150.0,19810.0,19840.0,18471.9765625,48302,0.0,0.0
2023-07-17,19840.0,19840.0,19840.0,19840.0,18471.9765625,1955,0.0,0.0
2023-07-18,19900.0,20330.0,19860.0,19930.0,18555.76953125,455327,0.0,0.0
2023-07-19,20360.0,20400.0,20100.0,20200.0,18807.154296875,83862,0.0,0.0
2023-07-20,20200.0,20200.0,20200.0,20200.0,18807.154296875,0,0.0,0.0
2023-07-21,20230.0,20400.0,20200.0,20400.0,18993.36328125,13230,0.0,0.0
2023-07-24,20110.0,20110.0,20100.0,20110.0,18723.359375,3141,0.0,0.0
2023-07-25,20110.0,20110.0,20000.0,20000.0,18620.9453125,78966,0.0,0.0
2023-07-26,20100.0,20110.0,20000.0,20000.0,18620.9453125,128097,0.0,0.0
2023-07-27,19950.0,19950.0,19860.0,19860.0,18490.59765625,28861,0.0,0.0
2023-07-28,19880.0,19880.0,19800.0,19800.0,18434.734375,3925,0.0,0.0
2023-07-31,19800.0,19800.0,19800.0,19800.0,18434.734375,0,0.0,0.0
2023-08-01,20000.0,20250.0,19900.0,20100.0,18714.048828125,22336,0.0,0.0
2023-08-02,19910.0,19910.0,19910.0,19963.349609375,18586.8203125,2135,0.0,0.0
2023-08-03,19800.0,19900.0,19800.0,19900.0,18527.83984375,1783,0.0,0.0
2023-08-04,19900.0,19900.0,19900.0,19900.0,18527.83984375,0,0.0,0.0
2023-08-07,19900.0,19900.0,19900.0,19900.0,18527.83984375,0,0.0,0.0
2023-08-08,19710.0,19710.0,19710.0,19710.0,18350.94140625,647,0.0,0.0
2023-08-09,20000.0,20000.0,19950.0,20000.0,18620.9453125,6203,0.0,0.0
2023-08-10,19740.0,19800.0,19550.0,19800.0,18434.734375,17945,0.0,0.0
2023-08-11,19120.0,19690.0,19100.0,19400.0,18062.31640625,367391160,0.0,0.0
2023-08-14,19400.0,19400.0,19400.0,19400.0,18062.31640625,3813,0.0,0.0
2023-08-15,18900.0,18900.0,18240.0,18240.0,16982.302734375,26594,0.0,0.0
2023-08-16,18950.0,18950.0,18300.0,18940.0,17634.033203125,22568,0.0,0.0
2023-08-17,18940.0,18940.0,18940.0,18940.0,17634.033203125,1118,0.0,0.0
2023-08-18,18600.0,18700.0,18500.0,18500.0,17224.373046875,10629,0.0,0.0
2023-08-21,18500.0,18500.0,18500.0,18500.0,17224.373046875,0,0.0,0.0
2023-08-22,18300.0,18300.0,17770.0,17780.0,16554.01953125,90304,0.0,0.0
2023-08-23,18000.0,18000.0,17810.0,17880.0,16647.125,38994,0.0,0.0
2023-08-24,18470.0,18470.0,18470.0,18470.0,17196.44140625,4017,0.0,0.0
2023-08-25,18450.0,18450.0,18100.0,18100.0,16851.955078125,25628,0.0,0.0
2023-08-28,17860.0,17860.0,17700.0,17800.0,16572.640625,9525,0.0,0.0
2023-08-29,17740.0,17800.0,17700.0,17800.0,16572.640625,31532,0.0,0.0
2023-08-30,17820.0,18380.0,17810.0,18380.0,17112.646484375,42471,0.0,0.0
2023-08-31,18480.0,18490.0,18380.0,18380.0,17112.646484375,803958,0.0,0.0
2023-09-01,18200.0,18250.0,18170.0,18230.0,16972.990234375,8481,0.0,0.0
2023-09-04,18139.619140625,18139.619140625,18139.619140625,18139.619140625,16888.841796875,1067,0.0,0.0
2023-09-05,18200.0,18200.0,17800.0,17800.0,16572.640625,11482,0.0,0.0
2023-09-06,17750.0,17770.0,17600.0,17770.0,16544.708984375,14990,0.0,0.0
2023-09-07,17510.0,17510.0,17000.0,17000.0,16290.7646484375,27104,505.0,0.0
2023-09-08,17000.0,17000.0,16600.0,17000.0,16290.7646484375,9010,0.0,0.0
2023-09-11,16920.0,16920.0,16700.0,16900.0,16194.9365234375,28509,0.0,0.0
2023-09-12,16960.0,16960.0,16600.0,16600.0,15907.4521484375,3401,0.0,0.0
2023-09-13,16600.0,16600.0,16000.0,16000.0,15332.484375,31398,0.0,0.0
2023-09-14,16000.0,16010.0,15680.0,16000.0,15332.484375,235439,0.0,0.0
2023-09-15,16000.0,16000.0,15810.0,15810.0,15150.4111328125,5553745,0.0,0.0
2023-09-18,16600.0,16700.0,16020.0,16450.0,15763.7099609375,73106,0.0,0.0
2023-09-19,16450.0,16880.0,16410.0,16700.0,16003.2802734375,172213,0.0,0.0
2023-09-20,16830.0,16830.0,16400.0,16400.0,15715.7958984375,180193,0.0,0.0
2023-09-21,16450.0,16450.0,16030.0,16250.0,15572.0546875,9127,0.0,0.0
2023-09-22,16240.0,16490.0,16200.0,16200.0,15524.140625,36809,0.0,0.0
2023-09-25,16200.0,16410.0,16200.0,16410.0,15725.37890625,9539,0.0,0.0
2023-09-26,16440.0,16440.0,16370.0,16380.0,15696.630859375,17260,0.0,0.0
2023-09-27,16400.0,16900.0,16400.0,16900.0,16194.9365234375,50015,0.0,0.0
2023-09-28,17000.0,17390.0,17000.0,17290.0,16568.666015625,136063,0.0,0.0
2023-09-29,17010.0,17500.0,16800.0,17500.0,16769.904296875,184307,0.0,0.0
2023-10-02,17600.0,17600.0,16700.0,17290.0,16568.666015625,26409,0.0,0.0
2023-10-03,17500.0,17500.0,16800.0,16800.0,16099.1083984375,7162,0.0,0.0
2023-10-04,16510.0,16510.0,16000.0,16160.0,15485.8095703125,45174,0.0,0.0
2023-10-05,16200.0,16200.0,16200.0,16200.0,15524.140625,6485,0.0,0.0
2023-10-06,16060.0,16060.0,16000.0,16010.0,15342.0673828125,8069,0.0,0.0
2023-10-09,16010.0,16020.0,16010.0,16010.0,15342.0673828125,12305,0.0,0.0
2023-10-10,16000.0,16200.0,16000.0,16200.0,15524.140625,14206,0.0,0.0
2023-10-11,16200.0,16200.0,16200.0,16200.0,15524.140625,1438,0.0,0.0
2023-10-12,16440.0,16440.0,16420.0,16440.0,15754.1279296875,7456,0.0,0.0
2023-10-13,16400.0,16500.0,16400.0,16500.0,15811.6240234375,4182,0.0,0.0
2023-10-16,16500.0,16500.0,16500.0,16500.0,15811.6240234375,0,0.0,0.0
2023-10-17,16500.0,16500.0,16450.0,16500.0,15811.6240234375,11444,0.0,0.0
2023-10-18,16500.0,16500.0,16460.0,16460.0,15773.29296875,19651,0.0,0.0
2023-10-19,16700.0,16880.0,16500.0,16500.0,15811.6240234375,17086,0.0,0.0
2023-10-20,16480.0,16840.0,16310.0,16310.0,15629.55078125,31116,0.0,0.0
2023-10-23,16310.0,16310.0,16150.0,16150.0,15476.2265625,5961,0.0,0.0
2023-10-24,16160.0,16390.0,16150.0,16370.0,15687.0478515625,329545,0.0,0.0
2023-10-25,16415.51953125,16415.51953125,16415.51953125,16415.51953125,15730.66796875,699,0.0,0.0
2023-10-26,16370.0,16370.0,16150.0,16150.0,15476.2265625,6944,0.0,0.0
2023-10-27,16150.0,16300.0,16150.0,16300.0,15619.96875,8020,0.0,0.0
2023-10-30,16300.0,16590.0,16000.0,16000.0,15332.484375,67413,0.0,0.0
2023-10-31,16000.0,16000.0,16000.0,16000.0,15332.484375,3318,0.0,0.0
2023-11-01,16000.0,16000.0,15800.0,15800.0,15140.828125,13522,0.0,0.0
2023-11-02,16000.0,16000.0,16000.0,16000.0,15332.484375,1839,0.0,0.0
2023-11-03,16000.0,16000.0,15700.0,15700.0,15045.0,9645,0.0,0.0
2023-11-06,15700.0,15700.0,15700.0,15700.0,15045.0,0,0.0,0.0
2023-11-07,15600.0,15700.0,15400.0,15400.0,14757.515625,1803690,0.0,0.0
2023-11-08,15420.0,15700.0,15420.0,15600.0,14949.171875,10725,0.0,0.0
2023-11-09,15880.0,15880.0,15880.0,15880.0,15217.490234375,3968,0.0,0.0
2023-11-10,15720.0,15880.0,15720.0,15860.0,15198.3251953125,48851,0.0,0.0
2023-11-13,15860.0,15860.0,15860.0,15860.0,15198.3251953125,0,0.0,0.0
2023-11-14,15760.0,15760.0,15760.0,15760.0,15102.4970703125,25783,0.0,0.0
2023-11-15,15600.0,15600.0,15500.0,15540.0,14891.67578125,71261,0.0,0.0
2023-11-16,15520.0,15600.0,15520.0,15540.0,14891.67578125,54974,0.0,0.0
2023-11-17,15700.0,15800.0,15580.0,15800.0,15140.828125,113142,0.0,0.0
2023-11-20,15700.0,15700.0,15520.0,15520.0,14872.509765625,12799,0.0,0.0
2023-11-21,15600.0,15760.0,15600.0,15760.0,15102.4970703125,33485,0.0,0.0
2023-11-22,15620.0,15620.0,15620.0,15620.0,14968.337890625,2584,0.0,0.0
2023-11-23,15620.0,15620.0,15620.0,15620.0,14968.337890625,2073,0.0,0.0
2023-11-24,15620.0,15620.0,15600.0,15600.0,14949.171875,6314,0.0,0.0
2023-11-27,15600.0,15800.0,15600.0,15600.0,14949.171875,9404,0.0,0.0
2023-11-28,15600.0,15700.0,15340.0,15340.0,14700.01953125,14611,0.0,0.0
2023-11-29,15600.0,16000.0,15600.0,16000.0,15332.484375,102653,0.0,0.0
2023-11-30,15800.0,15820.0,15400.0,15400.0,14757.515625,388876,0.0,0.0
2023-12-01,16300.0,16300.0,15560.0,15560.0,14910.8408203125,4312,0.0,0.0
2023-12-04,15560.0,15900.0,15560.0,15860.0,15198.3251953125,28941,0.0,0.0
2023-12-05,15780.0,15800.0,15600.0,15780.0,15121.662109375,10851,0.0,0.0
2023-12-06,15900.0,15900.0,15680.0,15680.0,15025.8349609375,205669,0.0,0.0
2023-12-07,15600.0,15820.0,15600.0,15820.0,15159.994140625,111653,0.0,0.0
2023-12-08,15820.0,15820.0,15820.0,15820.0,15159.994140625,0,0.0,0.0
2023-12-11,15600.0,15600.0,15520.0,15540.0,14891.67578125,15735,0.0,0.0
2023-12-12,15860.0,15880.0,15600.0,15880.0,15217.490234375,22035,0.0,0.0
2023-12-13,15860.0,16000.0,15840.0,16000.0,15332.484375,28116,0.0,0.0
2023-12-14,16200.0,16400.0,15780.0,16180.0,15504.974609375,45204,0.0,0.0
2023-12-15,16240.0,16780.0,16240.0,16780.0,16079.9423828125,48012,0.0,0.0
2023-12-18,16520.0,17000.0,16500.0,16980.0,16271.5986328125,43342,0.0,0.0
2023-12-19,17220.0,17480.0,16900.0,17480.0,16750.73828125,74908,0.0,0.0
2023-12-20,17660.0,18280.0,17600.0,17960.0,17210.712890625,163993,0.0,0.0
2023-12-21,18000.0,18180.0,17480.0,17480.0,16750.73828125,27671,0.0,0.0
2023-12-22,17800.0,17880.0,17500.0,17720.0,16980.7265625,28086,0.0,0.0
2023-12-25,17720.0,17720.0,17720.0,17720.0,16980.7265625,0,0.0,0.0
2023-12-26,17960.0,18480.0,17500.0,18480.0,17709.01953125,63759,0.0,0.0
2023-12-27,18400.0,19000.0,18380.0,18960.0,18168.994140625,120291,0.0,0.0
2023-12-28,18960.0,19200.0,18960.0,19180.0,18379.81640625,31307,0.0,0.0
2023-12-29,19180.0,19180.0,19180.0,19180.0,18379.81640625,0,0.0,0.0
2024-01-01,19180.0,19180.0,19180.0,19180.0,18379.81640625,0,0.0,0.0
2024-01-02,19000.0,19500.0,19000.0,19500.0,18686.46484375,16712,0.0,0.0
2024-01-03,19500.0,19500.0,19060.0,19300.0,18494.80859375,123509,0.0,0.0
2024-01-04,19460.0,19660.0,19400.0,19660.0,18839.7890625,435599,0.0,0.0
2024-01-05,19700.0,19980.0,19600.0,19980.0,19146.439453125,78672,0.0,0.0
2024-01-08,19980.0,19980.0,19980.0,19980.0,19146.439453125,0,0.0,0.0
2024-01-09,19960.0,20380.0,19800.0,20020.0,19184.771484375,43269,0.0,0.0
2024-01-10,20460.0,20460.0,20300.0,20400.0,19548.91796875,82528,0.0,0.0
2024-01-11,20040.0,20500.0,20040.0,20320.0,19472.255859375,20366,0.0,0.0
2024-01-12,20320.0,20320.0,20100.0,20240.0,19395.591796875,46647,0.0,0.0
2024-01-15,20500.0,20500.0,20400.0,20400.0,19548.91796875,22833,0.0,0.0
2024-01-16,20700.0,20800.0,20380.0,20500.0,19644.74609375,327632,0.0,0.0
2024-01-17,20500.0,20520.0,20100.0,20100.0,19261.43359375,16970,0.0,0.0
2024-01-18,20180.0,20400.0,20180.0,20200.0,19357.26171875,56823,0.0,0.0
2024-01-19,20200.0,20240.0,20100.0,20200.0,19357.26171875,398596,0.0,0.0
2024-01-22,20200.0,20200.0,20200.0,20200.0,19357.26171875,0,0.0,0.0
2024-01-23,20140.0,20340.0,20100.0,20300.0,19453.08984375,742176,0.0,0.0
2024-01-24,20300.0,20300.0,20300.0,20300.0,19453.08984375,0,0.0,0.0
2024-01-25,20300.0,20300.0,20300.0,20300.0,19453.08984375,0,0.0,0.0
2024-01-26,20300.0,20300.0,20300.0,20300.0,19453.08984375,0,0.0,0.0
2024-01-29,20420.0,21280.0,20420.0,21280.0,20392.203125,56816,0.0,0.0
2024-01-30,21300.0,21600.0,21300.0,21520.0,20622.19140625,25593,0.0,0.0
2024-01-31,21800.0,22000.0,21800.0,21860.0,20948.005859375,52999,0.0,0.0
2024-02-01,20360.0,20360.0,19200.0,19900.0,19069.77734375,1452348,0.0,0.0
2024-02-02,19600.0,19600.0,19060.0,19400.0,18590.63671875,76213,0.0,0.0
2024-02-05,19680.0,19780.0,19600.0,19600.0,18782.29296875,6415,0.0,0.0
2024-02-06,19820.0,19860.0,19620.0,19860.0,19031.4453125,56034,0.0,0.0
2024-02-07,19880.0,20620.0,19880.0,20080.0,19242.267578125,29427,0.0,0.0
2024-02-08,20020.0,20500.0,19760.0,19760.0,18935.6171875,55833,0.0,0.0
2024-02-09,20060.0,20100.0,19260.0,19400.0,18590.63671875,22018,0.0,0.0
2024-02-12,19880.0,19880.0,19600.0,19880.0,19050.611328125,21376,0.0,0.0
2024-02-13,19500.0,19500.0,19300.0,19300.0,18494.80859375,66261,0.0,0.0
2024-02-14,19000.0,19200.0,18740.0,19000.0,18207.32421875,25351,0.0,0.0
2024-02-15,19200.0,19200.0,19000.0,19000.0,18207.32421875,9344,0.0,0.0
2024-02-16,19000.0,19000.0,19000.0,19000.0,18207.32421875,1592,0.0,0.0
2024-02-19,19900.0,20000.0,19600.0,19600.0,18782.29296875,10986,0.0,0.0
2024-02-20,18960.0,19900.0,18940.0,19900.0,19069.77734375,13968,0.0,0.0
2024-02-21,19500.0,19700.0,19300.0,19700.0,18878.12109375,24459,0.0,0.0
2024-02-22,19680.0,19780.0,19400.0,19400.0,18590.63671875,9835,0.0,0.0
2024-02-23,19500.0,20000.0,19420.0,20000.0,19165.60546875,156402,0.0,0.0
2024-02-26,19560.0,20000.0,19560.0,20000.0,19165.60546875,28342,0.0,0.0
2024-02-27,20000.0,20500.0,20000.0,20000.0,19165.60546875,19334,0.0,0.0
2024-02-28,19860.0,20600.0,19860.0,20600.0,19740.57421875,23836,0.0,0.0
2024-02-29,20460.0,20600.0,20000.0,20000.0,19165.60546875,24648,0.0,0.0
2024-03-01,20000.0,20000.0,19980.0,19980.0,19146.439453125,28590,0.0,0.0
2024-03-04,20000.0,20000.0,19800.0,19800.0,18973.94921875,32437,0.0,0.0
2024-03-05,19800.0,20000.0,19800.0,20000.0,19165.60546875,11315,0.0,0.0
2024-03-06,20380.0,20500.0,20000.0,20020.0,19184.771484375,47610,0.0,0.0
2024-03-07,20500.0,21500.0,20320.0,20420.0,19568.083984375,30655,0.0,0.0
2024-03-08,20520.0,21140.0,20520.0,21140.0,20258.044921875,23929,0.0,0.0
2024-03-11,21140.0,21140.0,20640.0,20800.0,19932.23046875,39052,0.0,0.0
2024-03-12,20640.0,20660.0,20400.0,20400.0,19548.91796875,21044,0.0,0.0
2024-03-13,20800.0,20800.0,20420.0,20420.0,19568.083984375,9105,0.0,0.0
2024-03-14,20420.0,20420.0,20220.0,20380.0,19529.751953125,46657,0.0,0.0
2024-03-15,20200.0,20200.0,19100.0,19100.0,18303.15234375,450642,0.0,0.0
2024-03-18,19800.0,20500.0,19400.0,20500.0,19644.74609375,286685,0.0,0.0
2024-03-19,20400.0,20600.0,20200.0,20600.0,19740.57421875,18886,0.0,0.0
2024-03-20,20020.0,20600.0,20020.0,20020.0,19184.771484375,15804,0.0,0.0
2024-03-21,20500.0,20500.0,20040.0,20080.0,19242.267578125,13854,0.0,0.0
2024-03-22,20100.0,20300.0,20000.0,20300.0,19453.08984375,41398,0.0,0.0
2024-03-25,20300.0,20300.0,20300.0,20300.0,19453.08984375,0,0.0,0.0
2024-03-26,20700.0,20700.0,19900.0,19900.0,19069.77734375,17098,0.0,0.0
2024-03-27,20300.0,20300.0,20300.0,20300.0,19453.08984375,5073,0.0,0.0
2024-03-28,20300.0,20300.0,20300.0,20300.0,19453.08984375,0,0.0,0.0
2024-03-29,20300.0,20300.0,20300.0,20300.0,19453.08984375,0,0.0,0.0
2024-04-01,20020.0,21400.0,19500.0,21400.0,20507.197265625,44745,0.0,0.0
2024-04-02,21400.0,21500.0,20320.0,20880.0,20008.892578125,131462,0.0,0.0
2024-04-03,20880.0,21140.0,20620.0,20700.0,19836.40234375,269249,0.0,0.0
2024-04-04,20700.0,21600.0,21120.0,21600.0,20698.853515625,123747,0.0,0.0
2024-04-05,21600.0,22200.0,21500.0,22200.0,21273.822265625,159835,0.0,0.0
2024-04-08,22200.0,22700.0,22000.0,22700.0,21752.962890625,159589,0.0,0.0
2024-04-09,22700.0,23000.0,22560.0,22560.0,21618.802734375,36419,0.0,0.0
2024-04-10,22560.0,23000.0,22000.0,22280.0,21350.484375,537637,0.0,0.0
2024-04-11,22280.0,22800.0,21740.0,22800.0,21848.791015625,240968,0.0,0.0
2024-04-12,22800.0,22700.0,22220.0,22500.0,21561.306640625,27231,0.0,0.0
2024-04-15,22500.0,22300.0,22020.0,22300.0,21369.650390625,310297,0.0,0.0
2024-04-16,22300.0,21900.0,21400.0,21400.0,20507.197265625,62291,0.0,0.0
2024-04-17,21400.0,21400.0,21300.0,21300.0,20411.369140625,130947,0.0,0.0
2024-04-18,21300.0,20940.0,20820.0,20940.0,20066.388671875,36721,0.0,0.0
2024-04-19,20940.0,21000.0,20800.0,20800.0,19932.23046875,4489,0.0,0.0
2024-04-22,20800.0,21140.0,21020.0,21100.0,20219.712890625,75769,0.0,0.0
2024-04-23,21100.0,21020.0,21000.0,21000.0,20123.884765625,34474,0.0,0.0
2024-04-24,21000.0,21240.0,21000.0,21000.0,20123.884765625,45646,0.0,0.0
2024-04-25,21000.0,21700.0,21000.0,21700.0,20794.681640625,33125,0.0,0.0
2024-04-26,21700.0,22000.0,21720.0,22000.0,21082.166015625,266779,0.0,0.0
2024-04-29,22000.0,22000.0,21540.0,21700.0,20794.681640625,25799,0.0,0.0
2024-04-30,21700.0,21900.0,21000.0,21000.0,20123.884765625,28559,0.0,0.0
2024-05-02,21000.0,21500.0,21000.0,21500.0,20603.025390625,95596,0.0,0.0
2024-05-03,19980.0,20000.0,19800.0,19800.0,18973.94921875,32437,0.0,0.0
2024-05-06,22000.0,21800.0,21400.0,21800.0,20890.509765625,10061,0.0,0.0
2024-05-07,21800.0,21800.0,21500.0,21580.0,20679.6875,23419,0.0,0.0
2024-05-08,21580.0,21900.0,21560.0,21900.0,20986.337890625,10290,0.0,0.0
2024-05-09,21900.0,21800.0,21520.0,21720.0,20813.84765625,13484,0.0,0.0
2024-05-10,21720.0,21700.0,21720.0,21640.0,20737.185546875,55894,0.0,0.0
2024-05-14,21640.0,21900.0,21860.0,21900.0,20986.337890625,50899,0.0,0.0
2024-05-15,21900.0,21900.0,21700.0,21900.0,20986.337890625,58177,0.0,0.0
2024-05-16,21900.0,21880.0,21640.0,21880.0,20967.171875,27871,0.0,0.0
2024-05-17,21880.0,22380.0,22000.0,22360.0,21427.146484375,395679,0.0,0.0
2024-05-20,22360.0,22800.0,22400.0,22740.0,21791.29296875,64555,0.0,0.0
2024-05-21,22740.0,23420.0,22800.0,23100.0,22136.2734375,63984,0.0,0.0
2024-05-22,23100.0,22500.0,22140.0,22140.0,21216.32421875,24475,0.0,0.0
2024-05-23,22140.0,22140.0,22140.0,22140.0,21216.32421875,0,0.0,0.0
2024-05-24,22000.0,21840.0,21700.0,21820.0,20909.67578125,43767,0.0,0.0
2024-05-27,21820.0,21500.0,21140.0,21140.0,20258.044921875,28145,0.0,0.0
2024-05-28,21140.0,21440.0,20980.0,21440.0,20545.529296875,24891,0.0,0.0
2024-05-29,21440.0,21200.0,20960.0,21200.0,20315.541015625,32152,0.0,0.0
2024-05-30,21200.0,21200.0,21000.0,21200.0,20315.541015625,39406,0.0,0.0
2024-05-31,21200.0,21160.0,20900.0,21000.0,20123.884765625,294146,0.0,0.0
2024-06-04,21000.0,21480.0,21000.0,21080.0,20200.548828125,9173,0.0,0.0
2024-06-05,21080.0,21120.0,21000.0,21000.0,20123.884765625,8697,0.0,0.0
2024-06-06,21000.0,21000.0,20900.0,20900.0,20028.056640625,11236,0.0,0.0
2024-06-07,20900.0,21000.0,21000.0,21000.0,20123.884765625,3402,0.0,0.0
2024-06-11,21000.0,20840.0,20400.0,20400.0,19548.91796875,34344,0.0,0.0
2024-06-12,20400.0,21000.0,19800.0,19880.0,19050.611328125,207942,0.0,0.0
2024-06-13,19880.0,20500.0,20160.0,20160.0,19318.9296875,8715,0.0,0.0
2024-06-14,20160.0,20020.0,19880.0,19900.0,19069.77734375,1376633,0.0,0.0
2024-06-17,19900.0,20380.0,19340.0,19860.0,19031.4453125,23688,0.0,0.0
2024-06-18,19860.0,19900.0,19780.0,19900.0,19069.77734375,29189,0.0,0.0
2024-06-19,19900.0,19900.0,19600.0,19600.0,18782.29296875,6916,0.0,0.0
2024-06-20,19600.0,20000.0,19740.0,19780.0,18954.783203125,78095,0.0,0.0
2024-06-21,19780.0,20180.0,19760.0,19760.0,18935.6171875,3169,0.0,0.0
2024-06-24,19760.0,20080.0,19820.0,20080.0,19242.267578125,1750,0.0,0.0
2024-06-25,20080.0,19800.0,19800.0,19800.0,18973.94921875,5418,0.0,0.0
2024-06-26,19800.0,20020.0,20020.0,20020.0,19184.771484375,1181,0.0,0.0
2024-06-27,20020.0,20080.0,19840.0,19840.0,19012.28125,5772,0.0,0.0
2024-06-28,19840.0,20140.0,20000.0,20000.0,19165.60546875,14336,0.0,0.0
2024-07-02,20000.0,20440.0,20140.0,20440.0,19587.248046875,19961,0.0,0.0
2024-07-03,20440.0,20600.0,20000.0,20100.0,19261.43359375,8465,0.0,0.0
2024-07-04,20100.0,20100.0,20100.0,20100.0,19261.43359375,1150,0.0,0.0
2024-07-05,20100.0,20500.0,20040.0,20280.0,19433.923828125,20106,0.0,0.0
2024-07-08,20280.0,20340.0,19900.0,19900.0,19069.77734375,16165,0.0,0.0
2024-07-09,19900.0,19900.0,19700.0,19700.0,18878.12109375,58746,0.0,0.0
2024-07-10,19700.0,20060.0,19700.0,19900.0,19069.77734375,9141,0.0,0.0
2024-07-11,19900.0,19900.0,19640.0,19900.0,19069.77734375,16896,0.0,0.0
2024-07-12,19900.0,19900.0,19700.0,19900.0,19069.77734375,11185,0.0,0.0
2024-07-15,19900.0,19700.0,19520.0,19700.0,18878.12109375,11421,0.0,0.0
2024-07-16,19700.0,19700.0,19400.0,19500.0,18686.46484375,8333,0.0,0.0
2024-07-17,19500.0,19600.0,19100.0,19100.0,18303.15234375,97429,0.0,0.0
2024-07-18,19100.0,19000.0,18700.0,18720.0,17939.005859375,40243,0.0,0.0
2024-07-19,18720.0,18800.0,18800.0,18800.0,18015.669921875,2946,0.0,0.0
2024-07-22,18800.0,18720.0,18720.0,18720.0,17939.005859375,2937,0.0,0.0
2024-07-23,18720.0,18800.0,18700.0,18740.0,17958.171875,21352,0.0,0.0
2024-07-24,18740.0,18820.0,18740.0,18760.0,17977.337890625,6389,0.0,0.0
2024-07-25,18760.0,18760.0,18760.0,18760.0,17977.337890625,847,0.0,0.0
2024-07-26,18760.0,18760.0,18560.0,18600.0,17824.013671875,20282,0.0,0.0
2024-07-29,18600.0,18200.0,18200.0,18200.0,17440.701171875,3536,0.0,0.0
2024-07-30,18200.0,18200.0,18020.0,18020.0,17268.2109375,12382,0.0,0.0
2024-07-31,18020.0,18500.0,18000.0,18200.0,17440.701171875,79414,0.0,0.0
2024-08-01,18200.0,18300.0,18200.0,18300.0,17536.529296875,87036,0.0,0.0
2024-08-02,18300.0,18300.0,18000.0,18300.0,17536.529296875,4767,0.0,0.0
2024-08-05,18300.0,18260.0,17200.0,18180.0,17421.53515625,6875,0.0,0.0
2024-08-06,18180.0,18180.0,17560.0,17800.0,17057.388671875,13624,0.0,0.0
2024-08-07,17800.0,18100.0,17700.0,17700.0,16961.560546875,32059,0.0,0.0
2024-08-08,17800.0,18100.0,17700.0,17700.0,16961.560546875,32059,0.0,0.0
2024-08-09,17700.0,17900.0,17740.0,17740.0,16999.892578125,7570,0.0,0.0
2024-08-12,17740.0,17800.0,17520.0,17520.0,16789.0703125,15560,0.0,0.0
2024-08-13,17520.0,17900.0,17540.0,17900.0,17153.216796875,47305,0.0,0.0
2024-08-14,17900.0,18400.0,18000.0,18380.0,17613.19140625,40541,0.0,0.0
2024-08-15,18380.0,18840.0,17920.0,18320.0,17555.6953125,29366,0.0,0.0
2024-08-16,18320.0,18660.0,18500.0,18500.0,17728.185546875,17236,0.0,0.0
2024-08-20,18500.0,18500.0,18500.0,18500.0,17728.185546875,2917,0.0,0.0
2024-08-21,18500.0,18480.0,18200.0,18200.0,17440.701171875,64054,0.0,0.0
2024-08-22,18200.0,18740.0,18000.0,18140.0,17383.203125,32819,0.0,0.0
2024-08-23,18140.0,18300.0,18100.0,18300.0,17536.529296875,26798,0.0,0.0
2024-08-26,18300.0,18200.0,17940.0,17940.0,17191.548828125,86216,0.0,0.0
2024-08-27,17940.0,17800.0,17680.0,17680.0,16942.39453125,11599,0.0,0.0
2024-08-28,17680.0,17800.0,17660.0,17700.0,16961.560546875,9034,0.0,0.0
2024-08-29,17700.0,17760.0,17680.0,17700.0,16961.560546875,5311,0.0,0.0
2024-08-30,17700.0,17700.0,17400.0,17400.0,16674.076171875,238501,0.0,0.0
2024-09-02,17400.0,17800.0,17640.0,17740.0,16999.892578125,208820,0.0,0.0
2024-09-03,17740.0,17800.0,17700.0,17800.0,17057.388671875,21288,0.0,0.0
2024-09-04,17800.0,17800.0,17520.0,17700.0,16961.560546875,28768,0.0,0.0
2024-09-05,17700.0,17800.0,17560.0,17800.0,17057.388671875,21915,0.0,0.0
2024-09-06,17800.0,17800.0,17780.0,17800.0,17057.388671875,13514,0.0,0.0
2024-09-09,17800.0,17500.0,17440.0,17440.0,16712.408203125,10034,0.0,0.0
2024-09-10,17440.0,17480.0,17440.0,17480.0,16750.73828125,3067,0.0,0.0
2024-09-11,17480.0,17700.0,17620.0,17620.0,16884.8984375,17471,0.0,0.0
2024-09-12,17620.0,18200.0,17640.0,18200.0,17440.701171875,63369,0.0,0.0
2024-09-13,18200.0,18400.0,18200.0,18340.0,17574.859375,27826,0.0,0.0
2024-09-16,18340.0,18680.0,18400.0,18680.0,17900.67578125,31956,0.0,0.0
2024-09-17,18680.0,18800.0,18600.0,18800.0,18015.669921875,89262,0.0,0.0
2024-09-18,18800.0,18800.0,18600.0,18800.0,18015.669921875,53960,0.0,0.0
2024-09-19,18800.0,18640.0,18600.0,18600.0,17824.013671875,5865,0.0,0.0
2024-09-20,18600.0,18600.0,18400.0,18400.0,17632.357421875,13628,0.0,0.0
2024-09-23,18400.0,18420.0,18340.0,18400.0,17632.357421875,8118,0.0,0.0
2024-09-24,18400.0,18800.0,18600.0,18800.0,18015.669921875,5912,0.0,0.0
2024-09-25,18800.0,18900.0,18600.0,18900.0,18111.49609375,11209,0.0,0.0
2024-09-26,18900.0,18900.0,18900.0,18900.0,18111.49609375,0,0.0,0.0
2024-09-27,18900.0,19180.0,18660.0,18660.0,17881.509765625,38853,0.0,0.0
2024-09-30,18660.0,19000.0,18420.0,18980.0,18188.16015625,14229,0.0,0.0
2024-10-01,18980.0,19060.0,18760.0,19060.0,18264.822265625,8774,0.0,0.0
2024-10-02,19060.0,18760.0,18740.0,18760.0,17977.337890625,6997,0.0,0.0
2024-10-03,18760.0,18760.0,18720.0,18720.0,17939.005859375,8315,0.0,0.0
2024-10-04,18720.0,18880.0,18500.0,18880.0,18092.33203125,11537,0.0,0.0
2024-10-07,18880.0,18960.0,18340.0,18960.0,18168.994140625,13970,0.0,0.0
2024-10-08,18960.0,18500.0,18900.0,18520.0,17747.349609375,6487,0.0,0.0
2024-10-09,18520.0,18560.0,18100.0,18100.0,17344.873046875,256693,0.0,0.0
2024-10-10,18100.0,18500.0,18260.0,18500.0,17728.185546875,6355,0.0,0.0
2024-10-11,18500.0,19000.0,19000.0,19000.0,18207.32421875,9149,0.0,0.0
2024-10-15,19000.0,19000.0,19000.0,19000.0,18207.32421875,5038,0.0,0.0
2024-10-16,19000.0,19100.0,18740.0,19020.0,18226.490234375,24243,0.0,0.0
2024-10-17,19020.0,19200.0,18300.0,19200.0,18398.98046875,56723,0.0,0.0
2024-10-18,19200.0,20000.0,19220.0,20000.0,19165.60546875,163024,0.0,0.0
2024-10-21,20000.0,20000.0,19520.0,19560.0,18743.962890625,35960,0.0,0.0
2024-10-22,19560.0,19800.0,19500.0,19500.0,18686.46484375,11926,0.0,0.0
2024-10-23,19500.0,19220.0,18740.0,19000.0,18207.32421875,16594,0.0,0.0
2024-10-24,19000.0,18960.0,18740.0,18960.0,18168.994140625,23576,0.0,0.0
2024-10-25,18960.0,19000.0,18660.0,18660.0,17881.509765625,12467,0.0,0.0
2024-10-28,18660.0,19300.0,18480.0,18600.0,17824.013671875,39072,0.0,0.0
2024-10-29,18600.0,18980.0,18500.0,18980.0,18188.16015625,19130,0.0,0.0
2024-10-30,18980.0,18780.0,18500.0,18500.0,17728.185546875,25983,0.0,0.0
2024-10-31,18500.0,18920.0,18520.0,18860.0,18073.166015625,70623,0.0,0.0
2024-11-01,18860.0,18980.0,18800.0,18900.0,18111.49609375,16386,0.0,0.0
2024-11-05,18900.0,18900.0,18720.0,18880.0,18092.33203125,20209,0.0,0.0
2024-11-06,18880.0,18760.0,18480.0,18600.0,17824.013671875,34180,0.0,0.0
2024-11-07,18600.0,18900.0,18500.0,18800.0,18015.669921875,23311,0.0,0.0
2024-11-08,18800.0,18900.0,18400.0,18400.0,17632.357421875,25956,0.0,0.0
2024-11-12,18400.0,18540.0,18080.0,18080.0,17325.70703125,27948,0.0,0.0
2024-11-13,18080.0,18400.0,17900.0,18040.0,17287.376953125,36165,0.0,0.0
2024-11-14,18040.0,18280.0,18000.0,18280.0,17517.36328125,22603,0.0,0.0
2024-11-15,18280.0,18240.0,18060.0,18100.0,17344.873046875,86993,0.0,0.0
2024-11-18,18100.0,18360.0,18120.0,18200.0,17440.701171875,46602,0.0,0.0
2024-11-19,18200.0,18400.0,18080.0,18200.0,17440.701171875,24119,0.0,0.0
2024-11-20,18200.0,18500.0,18200.0,18480.0,17709.01953125,32924,0.0,0.0
2024-11-21,18480.0,18760.0,18500.0,18760.0,17977.337890625,22328,0.0,0.0
2024-11-22,18760.0,19000.0,18900.0,18980.0,18188.16015625,26306,0.0,0.0
2024-11-25,18980.0,19400.0,19000.0,19400.0,18590.63671875,114131,0.0,0.0
2024-11-26,19400.0,19000.0,18860.0,18880.0,18092.33203125,10184,0.0,0.0
2024-11-27,18880.0,19000.0,18880.0,19000.0,18207.32421875,15451,0.0,0.0
2024-11-28,19000.0,19000.0,18960.0,18960.0,18168.994140625,2095,0.0,0.0
2024-11-29,18960.0,18900.0,18760.0,18880.0,18092.33203125,9891,0.0,0.0
2024-12-02,18880.0,18700.0,18560.0,18560.0,17785.681640625,12266,0.0,0.0
2024-12-03,18560.0,18560.0,18500.0,18520.0,17747.349609375,28802,0.0,0.0
2024-12-04,18520.0,18520.0,18240.0,18240.0,17479.03125,32866,0.0,0.0
2024-12-05,18240.0,18240.0,18000.0,18000.0,17249.044921875,44520,0.0,0.0
2024-12-06,18000.0,18160.0,17900.0,17980.0,17229.87890625,52004,0.0,0.0
2024-12-09,17980.0,18000.0,17740.0,17740.0,16999.892578125,250742,0.0,0.0
2024-12-10,17740.0,17800.0,17740.0,17740.0,16999.892578125,27525,0.0,0.0
2024-12-11,17740.0,17800.0,17720.0,17800.0,17057.388671875,27147,0.0,0.0
2024-12-12,17800.0,17820.0,17700.0,17700.0,16961.560546875,16031,0.0,0.0
2024-12-13,17700.0,17700.0,17560.0,17700.0,16961.560546875,10477,0.0,0.0
2024-12-16,17700.0,17860.0,17700.0,17800.0,17057.388671875,20374,0.0,0.0
2024-12-17,17800.0,17800.0,17760.0,17800.0,17057.388671875,7709,0.0,0.0
2024-12-18,17800.0,18100.0,17800.0,18100.0,17344.873046875,2540,0.0,0.0
2024-12-19,18100.0,17920.0,17700.0,17900.0,17153.216796875,26548,0.0,0.0
2024-12-20,17900.0,17960.0,17800.0,17820.0,17076.5546875,50406,0.0,0.0
2024-12-23,17820.0,17800.0,17500.0,17580.0,16846.56640625,14294,0.0,0.0
2024-12-24,17580.0,17960.0,17960.0,17960.0,17210.712890625,1420,0.0,0.0
2024-12-25,17960.0,17960.0,17960.0,17960.0,17210.712890625,0,0.0,0.0
2024-12-26,17960.0,18000.0,17840.0,17840.0,17095.720703125,8243,0.0,0.0
2024-12-27,17840.0,18200.0,17620.0,17620.0,16884.8984375,11907,0.0,0.0
2024-12-30,17620.0,18160.0,17560.0,17560.0,16827.40234375,15563,0.0,0.0
2024-12-31,17560.0,17560.0,17560.0,17560.0,16827.40234375,0,0.0,0.0
2025-01-02,17560.0,17560.0,17560.0,17560.0,16827.40234375,1139,0.0,0.0
2025-01-03,17560.0,18100.0,18000.0,18100.0,17344.873046875,23159,0.0,0.0
2025-01-07,18100.0,19300.0,18400.0,19200.0,18398.98046875,350804,0.0,0.0
2025-01-08,19200.0,19980.0,19260.0,19540.0,18724.796875,260833,0.0,0.0
2025-01-09,19540.0,19600.0,19040.0,19100.0,18303.15234375,114601,0.0,0.0
2025-01-10,19100.0,19120.0,19000.0,19000.0,18207.32421875,77872,0.0,0.0
2025-01-13,19000.0,19020.0,18940.0,19000.0,18207.32421875,248067,0.0,0.0
2025-01-14,19000.0,19000.0,18740.0,18880.0,18092.33203125,63423,0.0,0.0
2025-01-15,18880.0,19000.0,18640.0,18640.0,17862.34375,48342,0.0,0.0
2025-01-16,18640.0,18860.0,18600.0,18600.0,17824.013671875,77682,0.0,0.0
2025-01-17,18600.0,19040.0,18660.0,18660.0,17881.509765625,19275,0.0,0.0
2025-01-20,18660.0,18980.0,18840.0,18840.0,18054.0,8884,0.0,0.0
2025-01-21,18840.0,18840.0,18840.0,18840.0,18054.0,0,0.0,0.0
2025-01-22,19000.0,19000.0,18620.0,19000.0,18207.32421875,80943,0.0,0.0
2025-01-23,19000.0,18920.0,18720.0,18720.0,17939.005859375,42754,0.0,0.0
2025-01-24,18720.0,18980.0,18700.0,18700.0,17919.841796875,471861,0.0,0.0
2025-01-27,18700.0,18800.0,18660.0,18800.0,18015.669921875,30572,0.0,0.0
2025-01-28,18800.0,19500.0,19000.0,19340.0,18533.140625,407931,0.0,0.0
2025-01-29,19340.0,19780.0,19400.0,19500.0,18686.46484375,650316,0.0,0.0
2025-01-30,19500.0,19800.0,19580.0,19600.0,18782.29296875,980745,0.0,0.0
2025-01-31,19600.0,19920.0,19460.0,19460.0,18648.134765625,143753,0.0,0.0
2025-02-03,19460.0,19500.0,19140.0,19140.0,18341.484375,85655,0.0,0.0
2025-02-04,19140.0,19380.0,19000.0,19120.0,18322.318359375,39057,0.0,0.0
2025-02-05,19120.0,19200.0,19000.0,19080.0,18283.98828125,118049,0.0,0.0
2025-02-06,19080.0,19320.0,18980.0,19020.0,18226.490234375,182166,0.0,0.0
2025-02-07,19020.0,19280.0,19040.0,19100.0,18303.15234375,39730,0.0,0.0
2025-02-10,19100.0,19300.0,19100.0,19100.0,18303.15234375,31671,0.0,0.0
2025-02-11,19100.0,19200.0,18880.0,18880.0,18092.33203125,70071,0.0,0.0
2025-02-12,18880.0,19100.0,18900.0,18900.0,18111.49609375,128634,0.0,0.0
2025-02-13,18900.0,18960.0,18840.0,18860.0,18073.166015625,196982,0.0,0.0
2025-02-14,18860.0,19000.0,18840.0,18840.0,18054.0,87784,0.0,0.0
2025-02-17,18840.0,19940.0,18960.0,19720.0,18897.287109375,744553,0.0,0.0
2025-02-18,19720.0,20500.0,19820.0,20500.0,19644.74609375,1116257,0.0,0.0
2025-02-19,18840.0,19000.0,18900.0,19000.0,18207.32421875,54088,0.0,0.0
2025-02-20,20700.0,21500.0,20900.0,21280.0,20392.203125,674122,0.0,0.0
2025-02-21,21280.0,21500.0,21000.0,21200.0,20315.541015625,173164,0.0,0.0
2025-02-24,21200.0,21200.0,20740.0,20740.0,19874.732421875,129459,0.0,0.0
2025-02-25,20740.0,21000.0,20740.0,20740.0,19874.732421875,90276,0.0,0.0
2025-02-26,20740.0,21000.0,20700.0,21000.0,20123.884765625,158270,0.0,0.0
2025-02-27,21000.0,21000.0,20600.0,20600.0,19740.57421875,178147,0.0,0.0
2025-02-28,20600.0,20520.0,20080.0,20200.0,19357.26171875,120768,0.0,0.0
2025-03-03,20200.0,20380.0,19800.0,19800.0,18973.94921875,90237,0.0,0.0
2025-03-04,19800.0,19820.0,19560.0,19820.0,18993.115234375,82942,0.0,0.0
2025-03-05,19820.0,20280.0,19980.0,20000.0,19165.60546875,65655,0.0,0.0
2025-03-06,20000.0,20320.0,19980.0,20200.0,19357.26171875,81946,0.0,0.0
2025-03-07,20200.0,20780.0,20300.0,20580.0,19721.408203125,25854,0.0,0.0
2025-03-10,20580.0,20480.0,20220.0,20400.0,19548.91796875,110460,0.0,0.0
2025-03-11,20400.0,20400.0,20060.0,20060.0,19223.1015625,169335,0.0,0.0
2025-03-12,20060.0,20500.0,20060.0,20500.0,19644.74609375,45285,0.0,0.0
2025-03-13,20500.0,20700.0,20320.0,20560.0,19702.2421875,24020,0.0,0.0
2025-03-14,20560.0,20780.0,20320.0,20600.0,19740.57421875,62610,0.0,0.0
2025-03-17,20600.0,20700.0,20500.0,20700.0,19836.40234375,56706,0.0,0.0
2025-03-18,20700.0,20860.0,20300.0,20300.0,19453.08984375,22948,0.0,0.0
2025-03-19,20300.0,20640.0,20360.0,20640.0,19778.904296875,19164,0.0,0.0
2025-03-20,20640.0,20640.0,20320.0,20320.0,19472.255859375,22875,0.0,0.0
2025-03-21,20320.0,20320.0,20320.0,20320.0,19472.255859375,0,0.0,0.0
2025-03-24,20320.0,20320.0,20320.0,20320.0,19472.255859375,0,0.0,0.0
2025-03-25,20040.0,20260.0,20080.0,20080.0,19242.267578125,130954,0.0,0.0
2025-03-26,20080.0,20200.0,19900.0,20180.0,19338.095703125,131714,0.0,0.0
2025-03-27,20180.0,20480.0,20100.0,20480.0,19625.580078125,44042,0.0,0.0
2025-03-28,20480.0,20560.0,19940.0,20200.0,19357.26171875,66681,0.0,0.0
2025-03-31,20200.0,20500.0,20020.0,20500.0,19644.74609375,31003,0.0,0.0
2025-04-01,20500.0,20920.0,20380.0,20780.0,19913.064453125,82273,0.0,0.0
2025-04-02,20780.0,20960.0,20700.0,20700.0,19836.40234375,90628,0.0,0.0
2025-04-03,20700.0,21400.0,20200.0,21380.0,20488.03125,96371,0.0,0.0
2025-04-04,21380.0,21180.0,20500.0,21180.0,20296.376953125,74904,0.0,0.0
2025-04-07,21180.0,21500.0,20420.0,21500.0,20603.025390625,258848,0.0,0.0
2025-04-08,21500.0,21120.0,20980.0,21000.0,20123.884765625,89757,0.0,0.0
2025-04-09,21000.0,21300.0,20480.0,21300.0,20411.369140625,54038,0.0,0.0
2025-04-10,21300.0,21300.0,20000.0,20000.0,19165.60546875,55334,0.0,0.0
2025-04-11,20000.0,20800.0,20320.0,20320.0,19472.255859375,28449,0.0,0.0
2025-04-14,20320.0,20600.0,20260.0,20580.0,19721.408203125,16074,0.0,0.0
2025-04-15,20580.0,20700.0,20580.0,20660.0,19798.0703125,9809,0.0,0.0
2025-04-16,20660.0,20740.0,20640.0,20740.0,19874.732421875,9926,0.0,0.0
2025-04-17,20740.0,20740.0,20740.0,20740.0,19874.732421875,0,0.0,0.0
2025-04-18,20740.0,20740.0,20740.0,20740.0,19874.732421875,0,0.0,0.0
2025-04-21,20740.0,20880.0,20440.0,20680.0,19817.236328125,56769,0.0,0.0
2025-04-22,20680.0,20840.0,20580.0,20740.0,19874.732421875,78279,0.0,0.0
2025-04-23,20740.0,21260.0,20920.0,21240.0,20353.873046875,67044,0.0,0.0
2025-04-24,21240.0,21800.0,20940.0,21320.0,20430.53515625,96623,0.0,0.0
2025-04-25,21320.0,21400.0,21300.0,21400.0,20507.197265625,12974,0.0,0.0
2025-04-28,21400.0,21680.0,21300.0,21680.0,20775.515625,28549,0.0,0.0
2025-04-29,21680.0,22000.0,21640.0,21900.0,20986.337890625,138585,0.0,0.0
2025-04-30,21900.0,21900.0,21700.0,21900.0,20986.337890625,44822,0.0,0.0
2025-05-02,21900.0,21900.0,21620.0,21900.0,20986.337890625,26720,0.0,0.0
2025-05-05,21900.0,21820.0,21740.0,21740.0,20833.013671875,8363,0.0,0.0
2025-05-06,21900.0,21900.0,21700.0,21900.0,20986.337890625,44822,0.0,0.0
2025-05-07,21900.0,22600.0,22000.0,22600.0,21657.134765625,142815,0.0,0.0
2025-05-08,22600.0,23700.0,22700.0,23700.0,22711.2421875,162935,0.0,0.0
2025-05-09,23700.0,23800.0,23220.0,23220.0,22251.267578125,108091,0.0,0.0
2025-05-12,23220.0,22920.0,23500.0,23260.0,22289.599609375,53840,0.0,0.0
2025-05-13,23260.0,23260.0,24420.0,24280.0,23267.044921875,111959,0.0,0.0
2025-05-14,24280.0,23400.0,24400.0,24180.0,23171.216796875,177788,0.0,0.0
2025-05-15,24180.0,24200.0,23560.0,23560.0,22577.083984375,25021,0.0,0.0
2025-05-16,23560.0,24000.0,23680.0,23680.0,22692.076171875,18776,0.0,0.0
2025-05-19,23680.0,23720.0,23200.0,23720.0,22730.408203125,36266,0.0,0.0
2025-05-20,23720.0,24020.0,23400.0,23720.0,22730.408203125,111227,0.0,0.0
2025-05-21,23720.0,23700.0,23520.0,23520.0,22538.751953125,24884,0.0,0.0
2025-05-22,23520.0,23640.0,23140.0,23640.0,22653.74609375,24705,0.0,0.0
2025-05-23,23640.0,23820.0,23400.0,23400.0,22423.7578125,41019,0.0,0.0
2025-05-26,23400.0,23400.0,23100.0,23100.0,22136.2734375,33502,0.0,0.0
2025-05-27,23100.0,23500.0,23100.0,23100.0,22136.2734375,19664,0.0,0.0
2025-05-28,23100.0,23040.0,22980.0,23000.0,22040.4453125,87268,0.0,0.0
2025-05-29,23000.0,23380.0,22500.0,22800.0,21848.791015625,46207,0.0,0.0
2025-05-30,22800.0,22900.0,22560.0,22720.0,21772.126953125,39001,0.0,0.0
2025-06-03,22720.0,23800.0,23000.0,23800.0,22807.0703125,30768,0.0,0.0
2025-06-04,23800.0,23700.0,23420.0,23700.0,22711.2421875,21168,0.0,0.0
2025-06-05,23700.0,23580.0,23400.0,23400.0,22423.7578125,41920,0.0,0.0
2025-06-06,23400.0,23440.0,23060.0,23280.0,22308.763671875,45179,0.0,0.0
2025-06-09,23280.0,23380.0,23160.0,23300.0,22327.9296875,78483,0.0,0.0
2025-06-10,23300.0,23380.0,22920.0,22920.0,21963.783203125,11451,0.0,0.0
2025-06-11,22920.0,23300.0,22900.0,23020.0,22059.611328125,19607,0.0,0.0
2025-06-12,23020.0,23020.0,23020.0,23020.0,22059.611328125,4881,0.0,0.0
2025-06-13,23020.0,22860.0,22140.0,22500.0,21561.306640625,144169,0.0,0.0
2025-06-16,22500.0,22560.0,22000.0,22000.0,21082.166015625,217422,0.0,0.0
2025-06-17,22000.0,22360.0,21900.0,21900.0,20986.337890625,361610,0.0,0.0
2025-06-18,21900.0,22200.0,22000.0,22000.0,21082.166015625,92485,0.0,0.0
2025-06-19,22000.0,22200.0,22000.0,22000.0,21082.166015625,38531,0.0,0.0
2025-06-20,22000.0,22100.0,21960.0,22000.0,21082.166015625,46465,0.0,0.0
2025-06-24,22000.0,22400.0,21900.0,22140.0,21216.32421875,1317851,0.0,0.0
2025-06-25,22140.0,22600.0,22300.0,22520.0,21580.470703125,1113796,0.0,0.0
2025-06-26,22520.0,22900.0,22680.0,22900.0,21944.6171875,418159,0.0,0.0
2025-06-27,22900.0,23000.0,22800.0,22980.0,22021.28125,56083,0.0,0.0
2025-06-30,22980.0,22980.0,22980.0,22980.0,22021.28125,0,0.0,0.0
2025-07-01,22980.0,23000.0,22760.0,22860.0,21906.287109375,46641,0.0,0.0
2025-07-02,22860.0,22900.0,22720.0,22760.0,21810.458984375,33440,0.0,0.0
2025-07-03,22760.0,22800.0,22440.0,22440.0,21503.80859375,93517,0.0,0.0
2025-07-04,22440.0,22660.0,22540.0,22580.0,21637.96875,9374,0.0,0.0
2025-07-07,22580.0,22520.0,22300.0,22300.0,21369.650390625,41392,0.0,0.0
2025-07-08,22300.0,22300.0,22160.0,22160.0,21235.490234375,57109,0.0,0.0
2025-07-09,22160.0,22160.0,22040.0,22060.0,21139.662109375,43419,0.0,0.0
2025-07-10,22060.0,22300.0,22100.0,22200.0,21273.822265625,43085,0.0,0.0
2025-07-11,22200.0,22360.0,22140.0,22140.0,21216.32421875,65287,0.0,0.0
2025-07-14,22140.0,22280.0,22000.0,22000.0,21082.166015625,79296,0.0,0.0
2025-07-15,22000.0,22100.0,21880.0,22000.0,21082.166015625,135659,0.0,0.0
2025-07-16,22000.0,22080.0,21900.0,22000.0,21082.166015625,85534,0.0,0.0
2025-07-17,22000.0,22380.0,22040.0,22140.0,21216.32421875,330581,0.0,0.0
2025-07-18,22140.0,22360.0,22180.0,22320.0,21388.81640625,38957,0.0,0.0
2025-07-21,22320.0,22460.0,22120.0,22140.0,21216.32421875,78594,0.0,0.0
2025-07-22,22140.0,22300.0,22100.0,22140.0,21216.32421875,260310,0.0,0.0
2025-07-23,22140.0,22360.0,22000.0,22000.0,21082.166015625,105125,0.0,0.0
2025-07-24,22000.0,22300.0,21980.0,22000.0,21082.166015625,48151,0.0,0.0
2025-07-25,22000.0,22200.0,21420.0,21420.0,20526.36328125,60358,0.0,0.0
2025-07-28,21420.0,21560.0,21440.0,21500.0,20603.025390625,122315,0.0,0.0
2025-07-29,21500.0,22460.0,21620.0,22400.0,21465.478515625,1130159,0.0,0.0
2025-07-30,22400.0,22460.0,21740.0,21740.0,20833.013671875,60825,0.0,0.0
2025-07-31,21740.0,22260.0,21980.0,22260.0,21331.318359375,56764,0.0,0.0
2025-08-01,22260.0,22180.0,21900.0,22180.0,21254.65625,234393,0.0,0.0
2025-08-04,22180.0,22180.0,22180.0,22180.0,21254.65625,0,0.0,0.0
2025-08-05,22660.0,22920.0,22620.0,22920.0,21963.783203125,95555,0.0,0.0
2025-08-06,22920.0,23300.0,22980.0,23300.0,22327.9296875,119951,0.0,0.0
2025-08-07,23300.0,23300.0,23300.0,23300.0,22327.9296875,0,0.0,0.0
2025-08-08,23300.0,23980.0,23300.0,23660.0,22672.91015625,255334,0.0,0.0
2025-08-11,23660.0,24120.0,23600.0,24040.0,23037.056640625,243,0.0,0.0
2025-08-12,24040.0,23900.0,24180.0,24080.0,23075.388671875,66945,0.0,0.0
2025-08-13,24080.0,23960.0,24780.0,24680.0,23650.357421875,226537,0.0,0.0
2025-08-14,24680.0,24980.0,24300.0,24880.0,23842.013671875,299899,0.0,0.0
2025-08-15,24880.0,25180.0,24760.0,25000.0,23957.005859375,81195,0.0,0.0
2025-08-19,25000.0,24980.0,23900.0,24700.0,23669.5234375,58520,0.0,0.0
2025-08-20,24700.0,24520.0,24120.0,24280.0,23267.044921875,280572,0.0,0.0
2025-08-21,24280.0,24500.0,24240.0,24300.0,23286.2109375,105339,0.0,0.0
2025-08-22,24300.0,24420.0,24200.0,24300.0,23286.2109375,579957,0.0,0.0
2025-08-25,24300.0,24400.0,24040.0,24280.0,23267.044921875,53320,0.0,0.0
2025-08-26,24280.0,24300.0,24100.0,24300.0,23286.2109375,53740,0.0,0.0
2025-08-27,24300.0,24500.0,23960.0,23960.0,22960.39453125,72173,0.0,0.0
2025-08-28,23960.0,24480.0,23520.0,24480.0,23458.701171875,70094,0.0,0.0
2025-08-29,24480.0,24500.0,23920.0,24200.0,23190.3828125,17609,0.0,0.0
2025-09-01,24200.0,24400.0,24000.0,24100.0,23094.5546875,42969,0.0,0.0
2025-09-02,24100.0,24100.0,24100.0,24100.0,23094.5546875,0,0.0,0.0
2025-09-03,23900.0,24000.0,23740.0,23740.0,22749.57421875,52851,0.0,0.0
2025-09-04,23740.0,24300.0,23500.0,24100.0,23094.5546875,403087,0.0,0.0
2025-09-05,24100.0,24240.0,23700.0,24240.0,23228.712890625,72388,0.0,0.0
2025-09-08,24240.0,24860.0,24300.0,24800.0,23765.349609375,44474,0.0,0.0
2025-09-09,24800.0,24580.0,24100.0,24200.0,23190.3828125,117847,0.0,0.0
2025-09-10,24200.0,24600.0,24280.0,24500.0,23477.8671875,93832,0.0,0.0
2025-09-11,24500.0,24520.0,24220.0,24300.0,23286.2109375,40501,0.0,0.0
2025-09-12,24300.0,24500.0,24300.0,24300.0,23286.2109375,5933,0.0,0.0
2025-09-15,24300.0,24360.0,24200.0,24300.0,23286.2109375,62826,0.0,0.0
2025-09-16,24300.0,24300.0,23800.0,24200.0,23190.3828125,47479,0.0,0.0
2025-09-17,24200.0,24180.0,23200.0,23320.0,22347.095703125,529211,0.0,0.0
2025-09-18,23320.0,23500.0,23200.0,23200.0,22232.1015625,53637,0.0,0.0
2025-09-19,23200.0,23500.0,22960.0,23500.0,22519.5859375,842746,0.0,0.0
2025-09-22,23500.0,24080.0,23620.0,24020.0,23017.892578125,36945,0.0,0.0
2025-09-23,24020.0,24680.0,24200.0,24600.0,23573.6953125,131079,0.0,0.0
2025-09-24,24600.0,24680.0,24620.0,24680.0,23650.357421875,66754,0.0,0.0
2025-09-25,24680.0,24680.0,24400.0,24620.0,23592.859375,37062,0.0,0.0
2025-09-26,24620.0,24680.0,24300.0,24560.0,23535.36328125,33195,0.0,0.0
2025-09-29,24560.0,24500.0,24300.0,24300.0,23286.2109375,207532,0.0,0.0
2025-09-30,24200.0,24400.0,24000.0,24100.0,23094.5546875,42969,0.0,0.0
2025-10-01,24520.0,24700.0,24500.0,24500.0,23477.8671875,59967,0.0,0.0
2025-10-02,24500.0,24660.0,24400.0,24660.0,23631.19140625,77435,0.0,0.0
2025-10-03,24660.0,24680.0,24420.0,24420.0,23401.203125,19391,0.0,0.0
2025-10-06,24420.0,24700.0,24500.0,24700.0,23669.5234375,11582,0.0,0.0
2025-10-07,24700.0,24780.0,24540.0,24780.0,23746.185546875,37236,0.0,0.0
2025-10-08,24780.0,24800.0,24540.0,24800.0,23765.349609375,19132,0.0,0.0
2025-10-09,24800.0,25300.0,24780.0,25100.0,24052.833984375,101068,0.0,0.0
2025-10-10,25100.0,25200.0,25000.0,25200.0,24148.662109375,135755,0.0,0.0
2025-10-14,25200.0,25500.0,25140.0,25340.0,24282.822265625,421693,0.0,0.0
2025-10-15,25340.0,25560.0,25340.0,25540.0,24474.478515625,127247,0.0,0.0
2025-10-16,25540.0,26900.0,25540.0,26760.0,25643.580078125,465971,0.0,0.0
2025-10-17,26760.0,27380.0,26300.0,27300.0,26161.05078125,260049,0.0,0.0
2025-10-20,27300.0,28000.0,26900.0,27420.0,26276.044921875,118639,0.0,0.0
2025-10-21,27420.0,27800.0,27300.0,27720.0,26563.529296875,681388,0.0,0.0
2025-10-22,27720.0,28660.0,27760.0,28040.0,26870.177734375,145727,0.0,0.0
2025-10-23,28040.0,28420.0,28000.0,28400.0,27215.16015625,56196,0.0,0.0
2025-10-24,28400.0,29460.0,28460.0,29100.0,27885.955078125,347299,0.0,0.0
2025-10-27,29100.0,29900.0,29100.0,29700.0,28460.923828125,101169,0.0,0.0
2025-10-28,29700.0,31480.0,29980.0,30100.0,28844.236328125,189750,0.0,0.0
2025-10-29,30100.0,30900.0,29400.0,29600.0,28365.095703125,404728,0.0,0.0
2025-10-30,29600.0,29520.0,28500.0,28600.0,27406.81640625,144445,0.0,0.0
2025-10-31,28600.0,28600.0,27800.0,27820.0,26659.357421875,307182,0.0,0.0
2025-11-04,27820.0,28480.0,28000.0,28020.0,26851.013671875,130729,0.0,0.0
2025-11-05,28020.0,28480.0,27840.0,27840.0,26678.5234375,232610,0.0,0.0
2025-11-06,27840.0,28360.0,27800.0,27800.0,26640.19140625,275603,0.0,0.0
2025-11-07,27800.0,28340.0,27780.0,28240.0,27061.833984375,183750,0.0,0.0
2025-11-10,28240.0,28960.0,28020.0,28820.0,27617.63671875,166311,0.0,0.0
2025-11-11,28820.0,28940.0,28480.0,28540.0,27349.318359375,139079,0.0,0.0
2025-11-12,28540.0,28900.0,28540.0,28900.0,27694.298828125,214898,0.0,0.0
2025-11-13,28900.0,30000.0,28800.0,29400.0,28173.439453125,63936,0.0,0.0
2025-11-14,29400.0,30460.0,29500.0,30460.0,29189.216796875,170719,0.0,0.0
2025-11-18,30460.0,30480.0,29700.0,30020.0,28767.57421875,25973,0.0,0.0
2025-11-19,30020.0,30000.0,29000.0,29000.0,27790.126953125,44393,0.0,0.0
2025-11-20,29000.0,29000.0,28000.0,28000.0,26831.84765625,40943,0.0,0.0
2025-11-21,28000.0,28200.0,27280.0,27940.0,26774.3515625,18478,0.0,0.0
2025-11-24,27940.0,27600.0,26220.0,27600.0,26448.53515625,26286,0.0,0.0
2025-11-25,27600.0,27600.0,26800.0,26900.0,25777.73828125,13988,0.0,0.0
2025-11-26,26900.0,26680.0,26120.0,26120.0,25030.28125,24907,0.0,0.0
2025-11-27,26120.0,26400.0,26060.0,26100.0,25011.115234375,17633,0.0,0.0
2025-11-28,26100.0,26500.0,26360.0,26500.0,25394.427734375,12525,0.0,0.0
2025-12-01,26500.0,26380.0,26380.0,26380.0,25279.43359375,7156,0.0,0.0
2025-12-02,26380.0,27500.0,26500.0,26940.0,25816.0703125,20529,0.0,0.0
2025-12-03,27820.0,28480.0,28000.0,28020.0,26851.013671875,130729,0.0,0.0
2025-12-04,27940.0,27500.0,27280.0,27400.0,26256.87890625,30261,0.0,0.0
2025-12-05,27400.0,27200.0,26520.0,26720.0,25605.248046875,27593,0.0,0.0
2025-12-09,26720.0,26980.0,26700.0,26980.0,25854.40234375,4450,0.0,0.0
2025-12-10,26980.0,26980.0,26980.0,26980.0,25854.40234375,2146,0.0,0.0
2025-12-11,26980.0,26860.0,26400.0,26400.0,25298.599609375,14453,0.0,0.0
2025-12-12,26400.0,26440.0,26340.0,26340.0,25241.1015625,8964,0.0,0.0
2025-12-15,26340.0,26320.0,26240.0,26240.0,25145.2734375,4002,0.0,0.0
2025-12-16,26240.0,26200.0,26020.0,26020.0,24934.453125,9488,0.0,0.0
2025-12-17,26020.0,26000.0,25460.0,25500.0,24436.146484375,21939,0.0,0.0
2025-12-18,25500.0,25580.0,25220.0,25320.0,24263.65625,17649,0.0,0.0
2025-12-19,25320.0,25200.0,25000.0,25120.0,24072.0,20973,0.0,0.0
2025-12-22,25120.0,25120.0,24500.0,25120.0,24072.0,15767,0.0,0.0
2025-12-23,25120.0,25200.0,25200.0,25200.0,25200.0,3141,1048.0,0.0
2025-12-24,25200.0,25220.0,25220.0,25220.0,25220.0,3311,0.0,0.0
2025-12-26,25220.0,25680.0,25680.0,25680.0,25680.0,4740,0.0,0.0
2025-12-29,25680.0,25680.0,25680.0,25680.0,25680.0,3984,0.0,0.0
2025-12-30,25680.0,25600.0,24580.0,24820.0,24820.0,34885,0.0,0.0
2025-12-31,24820.0,24820.0,24820.0,24820.0,24820.0,0,0.0,0.0
2026-01-02,24820.0,24820.0,24820.0,24820.0,24820.0,2347,0.0,0.0
2026-01-05,24820.0,25300.0,25000.0,25000.0,25000.0,25150,0.0,0.0
2026-01-06,25000.0,25500.0,25160.0,25180.0,25180.0,15844,0.0,0.0
2026-01-07,25180.0,25800.0,25400.0,25800.0,25800.0,13399,0.0,0.0
2026-01-08,25800.0,26720.0,25500.0,25920.0,25920.0,13083,0.0,0.0
2026-01-09,25920.0,26180.0,25620.0,26120.0,26120.0,8176,0.0,0.0
2026-01-13,26120.0,26320.0,25600.0,26280.0,26280.0,13430,0.0,0.0
2026-01-14,26280.0,26280.0,26180.0,26180.0,26180.0,3122,0.0,0.0
2026-01-15,26180.0,26480.0,25860.0,26040.0,26040.0,8801,0.0,0.0
2026-01-16,26040.0,26500.0,26000.0,26300.0,26300.0,13041,0.0,0.0
2026-01-19,26300.0,26940.0,26500.0,26700.0,26700.0,9127,0.0,0.0
2026-01-20,26700.0,26980.0,26420.0,26980.0,26980.0,10160,0.0,0.0
2026-01-21,26980.0,27040.0,26980.0,27000.0,27000.0,6854,0.0,0.0
2026-01-22,27000.0,27060.0,26500.0,27020.0,27020.0,14112,0.0,0.0
2026-01-23,27020.0,27300.0,27040.0,27280.0,27280.0,11898,0.0,0.0
2026-01-26,27280.0,27040.0,27040.0,27040.0,27040.0,6165,0.0,0.0
2026-01-27,27040.0,28300.0,27640.0,28300.0,28300.0,33308,0.0,0.0
2026-01-28,28300.0,29000.0,28000.0,29000.0,29000.0,45975,0.0,0.0
2026-01-29,29000.0,28780.0,28200.0,28700.0,28700.0,23792,0.0,0.0
2026-01-30,28700.0,28100.0,28100.0,28100.0,28100.0,3628,0.0,0.0
2026-02-02,28100.0,27920.0,27460.0,27680.0,27680.0,9834,0.0,0.0
2026-02-03,27680.0,27680.0,27680.0,27680.0,27680.0,2927,0.0,0.0
2026-02-04,27680.0,27600.0,26600.0,27580.0,27580.0,13743,0.0,0.0
2026-02-05,27580.0,28700.0,26500.0,28700.0,28700.0,24550,0.0,0.0
2026-02-06,28700.0,27620.0,27620.0,27620.0,27620.0,5253,0.0,0.0
2026-02-09,27620.0,27620.0,27620.0,27620.0,27620.0,3293,0.0,0.0
2026-02-10,27620.0,28700.0,28700.0,28700.0,28700.0,10321,0.0,0.0
2026-02-11,28700.0,28080.0,27500.0,27500.0,27500.0,23469,0.0,0.0
2026-02-12,27500.0,27360.0,26500.0,27000.0,27000.0,17960,0.0,0.0
2026-02-13,27000.0,27460.0,26100.0,27460.0,27460.0,34300,0.0,0.0
2026-02-16,27460.0,27460.0,27460.0,27460.0,27460.0,1497,0.0,0.0
2026-02-17,27460.0,27360.0,27360.0,27360.0,27360.0,3490,0.0,0.0
2026-02-18,27360.0,27020.0,26940.0,26940.0,26940.0,4645,0.0,0.0
2026-02-19,26940.0,27900.0,26940.0,27900.0,27900.0,9735,0.0,0.0
2026-02-20,27900.0,27400.0,27400.0,27400.0,27400.0,2822,0.0,0.0
2026-02-23,27400.0,28800.0,28200.0,28800.0,28800.0,43702,0.0,0.0
2026-02-24,28800.0,28780.0,28220.0,28780.0,28780.0,11583,0.0,0.0
2026-02-25,28780.0,28880.0,28000.0,28880.0,28880.0,12095,0.0,0.0
2026-02-26,28880.0,29000.0,27680.0,29000.0,29000.0,46605,0.0,0.0
2026-02-27,29000.0,28240.0,27900.0,28240.0,28240.0,8246,0.0,0.0
2026-03-02,28240.0,27300.0,27240.0,27300.0,27300.0,5816,0.0,0.0
2026-03-03,27300.0,27880.0,25600.0,27880.0,27880.0,23404,0.0,0.0
2026-03-04,27300.0,27880.0,25600.0,27880.0,27880.0,23404,0.0,0.0
2026-03-05,27880.0,27880.0,27880.0,27880.0,27880.0,1040,0.0,0.0
2026-03-06,27880.0,26400.0,26180.0,26400.0,26400.0,4771,0.0,0.0
2026-03-09,26400.0,27500.0,26500.0,26600.0,26600.0,7899,0.0,0.0
2026-03-11,26540.0,26540.0,26540.0,26540.0,26540.0,485,0.0,0.0
2026-03-12,26540.0,27540.0,26220.0,26220.0,26220.0,2254,0.0,0.0
2026-03-13,26220.0,26220.0,26220.0,26220.0,26220.0,431,0.0,0.0
2026-03-16,26220.0,25980.0,25200.0,25980.0,25980.0,4167,0.0,0.0
2026-03-17,25980.0,26100.0,26100.0,26100.0,26100.0,1561,0.0,0.0
2026-03-18,26100.0,26100.0,26100.0,26100.0,26100.0,1269,0.0,0.0
2026-03-19,26100.0,26100.0,26100.0,26100.0,26100.0,682,0.0,0.0
2026-03-20,26100.0,25860.0,24520.0,24520.0,24520.0,19017,0.0,0.0
2026-03-24,24520.0,25860.0,24000.0,24100.0,24100.0,32556,0.0,0.0
2026-03-25,24100.0,24980.0,24100.0,24220.0,24220.0,18581,0.0,0.0
2026-03-26,24220.0,24800.0,24380.0,24500.0,24500.0,4483,0.0,0.0
2026-03-27,24500.0,24880.0,23900.0,23900.0,23900.0,15503,0.0,0.0
2026-03-30,23900.0,24000.0,22040.0,22240.0,22240.0,8143,0.0,0.0
2026-03-31,22240.0,24200.0,23200.0,23520.0,23520.0,5593,0.0,0.0
2026-04-01,23520.0,24300.0,23900.0,24120.0,24120.0,5579,0.0,0.0
2026-04-02,24120.0,24120.0,24120.0,24120.0,24120.0,0,0.0,0.0
2026-04-03,24120.0,24120.0,24120.0,24120.0,24120.0,0,0.0,0.0
2026-04-06,24120.0,25800.0,24060.0,24920.0,24920.0,5258,0.0,0.0
2026-04-07,24920.0,25720.0,24340.0,24720.0,24720.0,7601,0.0,0.0
2026-04-08,24720.0,25200.0,24700.0,24900.0,24900.0,5700,0.0,0.0
2026-04-09,24900.0,24900.0,24400.0,24460.0,24460.0,7704,0.0,0.0
2026-04-10,24900.0,24900.0,24400.0,24460.0,24460.0,7704,0.0,0.0
2026-04-13,24460.0,25200.0,24400.0,25200.0,25200.0,19134,0.0,0.0
2026-04-14,25400.0,25960.0,24720.0,25120.0,25120.0,11469,0.0,0.0
2026-04-15,25120.0,25500.0,25000.0,25120.0,25120.0,2010,0.0,0.0
2026-04-16,25120.0,25120.0,24940.0,25120.0,25120.0,2665,0.0,0.0
2026-04-17,25120.0,25480.0,24900.0,25480.0,25480.0,6371,0.0,0.0
2026-04-20,25480.0,25480.0,24900.0,25300.0,25300.0,3911,0.0,0.0
2026-04-21,25300.0,25360.0,25340.0,25360.0,25360.0,1849,0.0,0.0
2026-04-22,25360.0,25380.0,25380.0,25380.0,25380.0,636,0.0,0.0
2026-04-23,25380.0,25420.0,25020.0,25020.0,25020.0,2514,0.0,0.0
2026-04-24,25020.0,25060.0,24600.0,25000.0,25000.0,7202,0.0,0.0
2026-04-27,25000.0,25500.0,24500.0,24540.0,24540.0,4103,0.0,0.0
2026-04-28,24540.0,24480.0,24120.0,24480.0,24480.0,1795,0.0,0.0
2026-04-29,24480.0,24480.0,23300.0,23300.0,23300.0,29367,0.0,0.0
2026-04-30,23300.0,23460.0,23000.0,23020.0,23020.0,14372,0.0,0.0
2026-05-04,23020.0,23800.0,23020.0,23280.0,23280.0,5680,0.0,0.0
2026-05-05,23280.0,23280.0,23280.0,23280.0,23280.0,0,0.0,0.0
2026-05-06,22600.0,23220.0,21500.0,21500.0,21500.0,60114,0.0,0.0
2026-05-07,21500.0,22180.0,21480.0,21460.0,21460.0,20847,0.0,0.0
2026-05-08,21460.0,21660.0,21120.0,21120.0,21120.0,22160,0.0,0.0
2026-05-11,21120.0,21680.0,20500.0,20500.0,20500.0,29406,0.0,0.0
2026-05-12,20500.0,21000.0,20300.0,20600.0,20600.0,6469,0.0,0.0
2026-05-13,20475.83203125,20040.0,20600.0,20780.0,20780.0,9312,0.0,0.0
2026-05-14,20640.0,21140.0,20440.0,20440.0,20440.0,26164,0.0,0.0
2026-05-15,20440.0,20660.0,20340.0,20480.0,20480.0,6369,0.0,0.0
2026-05-19,20480.0,20660.0,20500.0,20620.0,20620.0,4423,0.0,0.0
2026-05-20,20620.0,20740.0,20620.0,20740.0,20740.0,3000,0.0,0.0
2026-05-21,20740.0,20600.0,20600.0,20600.0,20600.0,665,0.0,0.0
2026-05-22,20600.0,20500.0,20360.0,20360.0,20360.0,2814,0.0,0.0
2026-05-25,20360.0,21200.0,20360.0,20960.0,20960.0,15451,0.0,0.0
2026-05-26,20960.0,22040.0,21120.0,21880.0,21880.0,14419,0.0,0.0
2026-05-27,21880.0,21500.0,20940.0,21340.0,21340.0,7248,0.0,0.0
2026-05-28,21340.0,21440.0,21180.0,21440.0,21440.0,1667,0.0,0.0
2026-06-01,22480.0,22720.0,22020.0,22520.0,22520.0,10135,0.0,0.0
2026-06-02,22480.0,22720.0,22020.0,22520.0,22520.0,10135,0.0,0.0
2026-06-03,22520.0,22780.0,21920.0,22260.0,22260.0,6079,0.0,0.0
2026-06-04,22260.0,22400.0,21340.0,21840.0,21840.0,7977,0.0,0.0
2026-06-05,23280.0,23280.0,22520.0,22600.0,22600.0,27194,0.0,0.0
2026-06-08,22600.0,22600.0,22600.0,22600.0,22600.0,0,0.0,0.0
2026-06-09,21560.0,24900.0,21740.0,24900.0,24900.0,55516,0.0,0.0
2026-06-10,24900.0,23600.0,22800.0,23100.0,23100.0,18197,0.0,0.0
2026-06-11,23100.0,23800.0,23180.0,23500.0,23500.0,8099,0.0,0.0
2026-06-16,24460.0,24300.0,23000.0,23920.0,23920.0,8796,0.0,0.0
2026-06-17,23920.0,24160.0,23980.0,24100.0,24100.0,5960,0.0,0.0
2026-06-18,24100.0,24100.0,24100.0,24100.0,24100.0,0,0.0,0.0
2026-06-19,24100.0,24100.0,24100.0,24100.0,24100.0,0,0.0,0.0
2026-06-22,24580.0,25500.0,24000.0,24300.0,24300.0,35625,0.0,0.0
2026-06-23,24300.0,24000.0,23600.0,23840.0,23840.0,3468,0.0,0.0
2026-06-24,23840.0,24400.0,23020.0,23720.0,23720.0,14177,0.0,0.0
2026-06-25,23720.0,23900.0,23700.0,23900.0,23900.0,2775,0.0,0.0
2026-06-26,23900.0,24000.0,23320.0,24000.0,24000.0,13446,0.0,0.0
2026-06-29,24000.0,24000.0,24000.0,24000.0,24000.0,0,0.0,0.0
2026-06-30,24000.0,24100.0,23600.0,24000.0,24000.0,1853,0.0,0.0
2026-07-01,24000.0,23600.0,23420.0,23600.0,23600.0,1953,0.0,0.0
2026-07-02,23600.0,23540.0,22980.0,22980.0,22980.0,1868,0.0,0.0
2026-07-03,22980.0,22980.0,22980.0,22980.0,22980.0,265,0.0,0.0
2026-07-06,22980.0,23300.0,23200.0,23300.0,23300.0,4156,0.0,0.0
2026-07-07,23300.0,23700.0,23200.0,23200.0,23200.0,2822,0.0,0.0
2026-07-08,23200.0,23300.0,23300.0,23300.0,23300.0,1167,0.0,0.0
2026-07-09,23300.0,23980.0,23500.0,23980.0,23980.0,7493,0.0,0.0
2026-07-10,23980.0,24780.0,23480.0,24780.0,24780.0,21174,0.0,0.0
2026-07-14,24780.0,24900.0,24500.0,24760.0,24760.0,6714,0.0,0.0
2026-07-15,24760.0,24940.0,24660.0,24940.0,24940.0,7631,0.0,0.0
2026-07-16,24940.0,24880.0,24200.0,24820.0,24820.0,8536,0.0,0.0
2026-07-17,24820.0,24300.0,24100.0,24220.0,24220.0,3910,0.0,0.0
2026-07-21,24220.0,24220.0,24220.0,24220.0,24220.0,790,0.0,0.0
2026-07-22,24220.0,24480.0,24220.0,24220.0,24220.0,4465,0.0,0.0
2026-07-23,24220.0,24280.0,23720.0,24020.0,24020.0,4822,0.0,0.0
2026-07-24,24020.0,24020.0,24020.0,24020.0,24020.0,0,0.0,0.0
2026-07-27,24180.0,24280.0,23460.0,23960.0,23960.0,4020,0.0,0.0
2026-07-28,23960.0,24080.0,23540.0,23980.0,23980.0,1920,0.0,0.0
2026-07-29,23980.0,23640.0,23580.0,23580.0,23580.0,1166,0.0,0.0
2026-07-30,23580.0,23680.0,23500.0,23680.0,23680.0,2287,0.0,0.0
2026-07-31,23680.0,24040.0,23800.0,24040.0,24040.0,1264,0.0,0.0
2026-08-03,24040.0,24500.0,24000.0,24120.0,24120.0,4935,0.0,0.0
2026-08-04,24120.0,24460.0,23840.0,24460.0,24460.0,1815,0.0,0.0
2026-08-05,24460.0,24500.0,23820.0,24500.0,24500.0,1474,0.0,0.0
2026-08-06,24500.0,24600.0,24040.0,24600.0,24600.0,2178,0.0,0.0
2026-08-07,24600.0,24600.0,24600.0,24600.0,24600.0,0,0.0,0.0
2026-08-10,24600.0,24280.0,23520.0,23900.0,23900.0,19296,0.0,0.0
2026-08-11,23900.0,24700.0,24000.0,24580.0,24580.0,3170,0.0,0.0
2026-08-12,24580.0,24720.0,24200.0,24660.0,24660.0,10991,0.0,0.0
2026-08-13,24660.0,24960.0,24240.0,24820.0,24820.0,12004,0.0,0.0
2026-08-14,24820.0,25500.0,24700.0,25060.0,25060.0,9451,0.0,0.0
2026-08-18,25060.0,25460.0,24700.0,25460.0,25460.0,8354,0.0,0.0
2026-08-19,25460.0,25300.0,24800.0,24940.0,24940.0,3113,0.0,0.0
2026-08-20,24940.0,25160.0,24660.0,24900.0,24900.0,2761,0.0,0.0
2026-08-21,24900.0,25120.0,24600.0,24920.0,24920.0,3992,0.0,0.0
2026-08-24,24920.0,26460.0,24640.0,26000.0,26000.0,27666,0.0,0.0
2026-08-25,26000.0,25800.0,25300.0,25600.0,25600.0,5403,0.0,0.0
2026-08-26,25600.0,25800.0,25220.0,25560.0,25560.0,4773,0.0,0.0
2026-08-27,25560.0,25860.0,25200.0,25260.0,25260.0,9296,0.0,0.0
2026-08-28,25260.0,25680.0,25200.0,25260.0,25260.0,3836,0.0,0.0
2026-08-31,25260.0,25400.0,25200.0,25320.0,25320.0,2656,0.0,0.0
2026-09-01,25320.0,25560.0,24920.0,25000.0,25000.0,15235,0.0,0.0
2026-09-02,25000.0,25800.0,24920.0,24980.0,24980.0,7373,0.0,0.0
2026-09-03,24980.0,25900.0,25080.0,25460.0,25460.0,12605,0.0,0.0
2026-09-04,25460.0,26000.0,25140.0,25980.0,25980.0,13366,0.0,0.0
2026-09-08,25840.0,26200.0,25600.0,25600.0,25600.0,18594,0.0,0.0
2026-09-09,25600.0,26000.0,25600.0,25800.0,25800.0,8145,0.0,0.0
2026-09-10,25800.0,26200.0,25700.0,26200.0,26200.0,10121,0.0,0.0
2026-09-11,26200.0,26260.0,25320.0,25320.0,25320.0,20884,0.0,0.0
2026-09-14,25320.0,25880.0,25300.0,25500.0,25500.0,6013,0.0,0.0
