Date,Open,High,Low,Close,Adj Close,Volume,Dividends,Stock Splits
2020-01-01,8000.0,8000.0,8000.0,8000.0,4753.7890625,0,0.0,0.0
2020-01-02,8000.0,8000.0,8000.0,8000.0,4753.7890625,0,0.0,0.0
2020-01-03,8240.0,8240.0,7800.0,8240.0,4896.40234375,10243,0.0,0.0
2020-01-06,8240.0,8240.0,8240.0,8240.0,4896.40234375,0,0.0,0.0
2020-01-07,8240.0,8240.0,8240.0,8240.0,4896.40234375,0,0.0,0.0
2020-01-08,8240.0,8240.0,8240.0,8240.0,4896.40234375,0,0.0,0.0
2020-01-09,8000.0,8080.0,8000.0,8000.0,4753.7890625,13142,0.0,0.0
2020-01-10,7970.0,8000.0,7970.0,7970.0,4735.9619140625,25769,0.0,0.0
2020-01-13,7970.0,7970.0,7970.0,7970.0,4735.9619140625,0,0.0,0.0
2020-01-14,7700.0,7800.0,7700.0,7700.0,4575.5224609375,11438,0.0,0.0
2020-01-15,7700.0,7700.0,7700.0,7700.0,4586.83984375,218,19.0,0.0
2020-01-16,7000.0,7700.0,7000.0,7000.0,4169.8564453125,9201,0.0,0.0
2020-01-17,7000.0,7700.0,7000.0,7000.0,4169.8564453125,9201,0.0,0.0
2020-01-20,7000.0,7000.0,7000.0,7000.0,4169.8564453125,0,0.0,0.0
2020-01-21,7390.0,7390.0,7390.0,7390.0,4402.17529296875,5000,0.0,0.0
2020-01-22,7310.0,7310.0,7310.0,7310.0,4354.52001953125,3640,0.0,0.0
2020-01-23,7440.0,7440.0,7350.0,7440.0,4431.95947265625,49994,0.0,0.0
2020-01-24,7350.0,7350.0,7350.0,7350.0,4378.3466796875,1598,0.0,0.0
2020-01-27,7350.0,7380.0,7350.0,7350.0,4378.3466796875,33391,0.0,0.0
2020-01-28,7680.0,7700.0,7300.0,7680.0,4574.92626953125,108896,0.0,0.0
2020-01-29,7680.0,7680.0,7340.0,7680.0,4574.92626953125,83731,0.0,0.0
2020-01-30,7340.0,7410.0,7310.0,7340.0,4372.39013671875,104281,0.0,0.0
2020-01-31,7400.0,7400.0,7200.0,7400.0,4408.13134765625,198328,0.0,0.0
2020-02-03,7400.0,7400.0,7300.0,7400.0,4408.13134765625,49468,0.0,0.0
2020-02-04,7800.0,7800.0,7800.0,7800.0,4646.40966796875,5301,0.0,0.0
2020-02-05,7700.0,7800.0,7700.0,7700.0,4586.83984375,108110,0.0,0.0
2020-02-06,7790.0,7790.0,7700.0,7790.0,4640.4541015625,48545,0.0,0.0
2020-02-07,7500.0,7500.0,7500.0,7500.0,4467.701171875,7400,0.0,0.0
2020-02-10,7780.0,7780.0,7780.0,7780.0,4634.49658203125,4840,0.0,0.0
2020-02-11,7800.0,7800.0,7700.0,7800.0,4646.40966796875,274814,0.0,0.0
2020-02-12,7800.0,7800.0,7700.0,7800.0,4646.40966796875,4400,0.0,0.0
2020-02-13,7800.0,7800.0,7800.0,7800.0,4646.40966796875,6358,0.0,0.0
2020-02-14,7990.0,8000.0,7980.0,7990.0,4759.59130859375,51300,0.0,0.0
2020-02-17,8000.0,8000.0,8000.0,8000.0,4776.90625,1000,19.0,0.0
2020-02-18,8000.0,8000.0,8000.0,8000.0,4776.90625,8516,0.0,0.0
2020-02-19,7990.0,8000.0,7990.0,7990.0,4770.93701171875,6210,0.0,0.0
2020-02-20,7860.0,7990.0,7860.0,7860.0,4693.31201171875,6423,0.0,0.0
2020-02-21,8000.0,8000.0,7990.0,8000.0,4776.90625,13355,0.0,0.0
2020-02-24,8000.0,8010.0,8000.0,8000.0,4776.90625,46083,0.0,0.0
2020-02-25,8000.0,8000.0,8000.0,8000.0,4776.90625,26210,0.0,0.0
2020-02-26,7850.0,7850.0,7850.0,7850.0,4687.3408203125,2030,0.0,0.0
2020-02-27,8180.0,8240.0,8180.0,8180.0,4884.388671875,36990,0.0,0.0
2020-02-28,8150.0,8150.0,8150.0,8150.0,4866.474609375,882,0.0,0.0
2020-03-02,7800.0,7800.0,7800.0,7800.0,4657.48486328125,1000,0.0,0.0
2020-03-03,8090.0,8090.0,8000.0,8090.0,4830.64794921875,8050,0.0,0.0
2020-03-04,8090.0,8090.0,8000.0,8090.0,4830.64794921875,8050,0.0,0.0
2020-03-05,8100.0,8100.0,8100.0,8100.0,4836.6181640625,12020,0.0,0.0
2020-03-06,8100.0,8100.0,7990.0,8100.0,4836.6181640625,3430,0.0,0.0
2020-03-09,7820.0,7900.0,7820.0,7820.0,4669.42626953125,14650,0.0,0.0
2020-03-10,7840.0,7840.0,7700.0,7840.0,4681.36865234375,11620,0.0,0.0
2020-03-11,7850.0,7850.0,7850.0,7850.0,4687.3408203125,7400,0.0,0.0
2020-03-12,7070.0,7850.0,7070.0,7070.0,4221.5908203125,6660,0.0,0.0
2020-03-13,7070.0,7850.0,7070.0,7070.0,4221.5908203125,6660,0.0,0.0
2020-03-16,7000.0,7000.0,7000.0,7000.0,4179.79541015625,15950,0.0,0.0
2020-03-17,7000.0,7000.0,7000.0,7000.0,4191.1708984375,15950,19.0,0.0
2020-03-18,7000.0,7000.0,7000.0,7000.0,4191.1708984375,1190,0.0,0.0
2020-03-19,7000.0,7000.0,7000.0,7000.0,4191.1708984375,1190,0.0,0.0
2020-03-20,7000.0,7000.0,6890.0,7000.0,4191.1708984375,73671,0.0,0.0
2020-03-23,7000.0,7000.0,7000.0,7000.0,4191.1708984375,0,0.0,0.0
2020-03-24,7000.0,7000.0,6980.0,7000.0,4191.1708984375,21070,0.0,0.0
2020-03-25,6990.0,6990.0,6800.0,6990.0,4185.18408203125,33490,0.0,0.0
2020-03-26,6990.0,6990.0,6800.0,6990.0,4185.18408203125,33490,0.0,0.0
2020-03-27,7000.0,7000.0,7000.0,7000.0,4191.1708984375,6684,0.0,0.0
2020-03-30,6600.0,6750.0,6600.0,6600.0,3951.67529296875,21889,0.0,0.0
2020-03-31,7000.0,7000.0,7000.0,7000.0,4191.1708984375,6928,0.0,0.0
2020-04-01,7000.0,7000.0,7000.0,7000.0,4191.1708984375,6928,0.0,0.0
2020-04-02,7000.0,7000.0,6990.0,7000.0,4191.1708984375,33210,0.0,0.0
2020-04-03,7000.0,7000.0,7000.0,7000.0,4191.1708984375,14512,0.0,0.0
2020-04-06,7000.0,7000.0,7000.0,7000.0,4191.1708984375,2200,0.0,0.0
2020-04-07,6980.0,6980.0,6650.0,6980.0,4179.19482421875,18984,0.0,0.0
2020-04-08,7000.0,7000.0,6810.0,7000.0,4191.1708984375,130910,0.0,0.0
2020-04-09,7000.0,7000.0,7000.0,7000.0,4191.1708984375,0,0.0,0.0
2020-04-10,7000.0,7000.0,7000.0,7000.0,4191.1708984375,0,0.0,0.0
2020-04-13,7000.0,7000.0,7000.0,7000.0,4191.1708984375,80000,0.0,0.0
2020-04-14,6990.0,7000.0,6990.0,6990.0,4185.18408203125,80416,0.0,0.0
2020-04-15,6990.0,7000.0,6990.0,6990.0,4242.23291015625,13500,94.0,0.0
2020-04-16,7000.0,7000.0,6980.0,7000.0,4248.30078125,12769,0.0,0.0
2020-04-17,7000.0,7000.0,7000.0,7000.0,4248.30078125,11100,0.0,0.0
2020-04-20,7000.0,7000.0,7000.0,7000.0,4248.30078125,8100,0.0,0.0
2020-04-21,6810.0,6810.0,6800.0,6810.0,4132.98974609375,39990,0.0,0.0
2020-04-22,6800.0,6810.0,6800.0,6800.0,4126.92138671875,31540,0.0,0.0
2020-04-23,7000.0,7000.0,6990.0,7000.0,4248.30078125,12389,0.0,0.0
2020-04-24,7000.0,7000.0,7000.0,7000.0,4248.30078125,2300,0.0,0.0
2020-04-27,7000.0,7000.0,6980.0,7000.0,4248.30078125,6210,0.0,0.0
2020-04-28,7000.0,7000.0,6980.0,7000.0,4248.30078125,14850,0.0,0.0
2020-04-29,7000.0,7000.0,7000.0,7000.0,4248.30078125,1350,0.0,0.0
2020-04-30,6990.0,6990.0,6970.0,6990.0,4242.23291015625,2160,0.0,0.0
2020-05-01,6990.0,6990.0,6990.0,6990.0,4242.23291015625,0,0.0,0.0
2020-05-04,6990.0,6990.0,6990.0,6990.0,4242.23291015625,1840,0.0,0.0
2020-05-05,6990.0,6990.0,6990.0,6990.0,4242.23291015625,3870,0.0,0.0
2020-05-06,7000.0,7000.0,6990.0,7000.0,4248.30078125,17510,0.0,0.0
2020-05-07,7000.0,7000.0,6980.0,7000.0,4248.30078125,44882,0.0,0.0
2020-05-08,6990.0,7000.0,6990.0,6990.0,4242.23291015625,21060,0.0,0.0
2020-05-11,6990.0,6990.0,6990.0,6990.0,4242.23291015625,7560,0.0,0.0
2020-05-12,6980.0,6990.0,6980.0,6980.0,4236.1611328125,2400,0.0,0.0
2020-05-13,6900.0,6900.0,6900.0,6900.0,4187.60888671875,16180,0.0,0.0
2020-05-14,6890.0,6900.0,6890.0,6890.0,4181.54150390625,14600,0.0,0.0
2020-05-15,6920.0,6920.0,6890.0,6920.0,4211.9755859375,15620,20.0,0.0
2020-05-18,6800.0,6900.0,6800.0,6800.0,4138.93359375,40200,0.0,0.0
2020-05-19,6910.0,6910.0,6910.0,6910.0,4205.88720703125,1096,0.0,0.0
2020-05-20,6880.0,6880.0,6880.0,6880.0,4187.6279296875,7000,0.0,0.0
2020-05-21,6880.0,6900.0,6880.0,6880.0,4187.6279296875,6935,0.0,0.0
2020-05-22,6880.0,6880.0,6880.0,6880.0,4187.6279296875,2720,0.0,0.0
2020-05-25,6880.0,6880.0,6880.0,6880.0,4187.6279296875,0,0.0,0.0
2020-05-26,6870.0,6880.0,6870.0,6870.0,4181.54150390625,15840,0.0,0.0
2020-05-27,6870.0,6870.0,6870.0,6870.0,4181.54150390625,180,0.0,0.0
2020-05-28,6900.0,6900.0,6900.0,6900.0,4199.7998046875,30540,0.0,0.0
2020-05-29,6900.0,6900.0,6900.0,6900.0,4199.7998046875,2238,0.0,0.0
2020-06-01,6900.0,6900.0,6900.0,6900.0,4199.7998046875,541,0.0,0.0
2020-06-02,6900.0,6900.0,6900.0,6900.0,4199.7998046875,82995,0.0,0.0
2020-06-03,6900.0,6900.0,6900.0,6900.0,4199.7998046875,82995,0.0,0.0
2020-06-04,6900.0,6900.0,6900.0,6900.0,4199.7998046875,220564,0.0,0.0
2020-06-05,6890.0,6900.0,6890.0,6890.0,4193.71484375,61744,0.0,0.0
2020-06-08,6870.0,6870.0,6850.0,6870.0,4181.54150390625,10893,0.0,0.0
2020-06-09,6890.0,6890.0,6880.0,6890.0,4193.71484375,55278,0.0,0.0
2020-06-10,6890.0,6890.0,6890.0,6890.0,4193.71484375,25380,0.0,0.0
2020-06-11,6800.0,6890.0,6800.0,6800.0,4138.93359375,14409,0.0,0.0
2020-06-12,6800.0,6800.0,6800.0,6800.0,4138.93359375,1500,0.0,0.0
2020-06-15,6800.0,6800.0,6800.0,6800.0,4138.93359375,0,0.0,0.0
2020-06-16,6890.0,6890.0,6890.0,6890.0,4206.0859375,10000,20.0,0.0
2020-06-17,6890.0,6890.0,6890.0,6890.0,4206.0859375,2700,0.0,0.0
2020-06-18,6890.0,6890.0,6890.0,6890.0,4206.0859375,651,0.0,0.0
2020-06-19,6800.0,6800.0,6760.0,6800.0,4151.14404296875,10336,0.0,0.0
2020-06-22,6800.0,6800.0,6800.0,6800.0,4151.14404296875,0,0.0,0.0
2020-06-23,6800.0,6800.0,6760.0,6800.0,4151.14404296875,4320,0.0,0.0
2020-06-24,6800.0,6800.0,6790.0,6800.0,4151.14404296875,73570,0.0,0.0
2020-06-25,6800.0,6800.0,6800.0,6800.0,4151.14404296875,44100,0.0,0.0
2020-06-26,6510.0,6510.0,6510.0,6510.0,3974.109375,1220,0.0,0.0
2020-06-29,6510.0,6510.0,6510.0,6510.0,3974.109375,0,0.0,0.0
2020-06-30,6500.0,6510.0,6500.0,6500.0,3968.005126953125,13500,0.0,0.0
2020-07-01,6740.0,6740.0,6700.0,6740.0,4114.51611328125,2700,0.0,0.0
2020-07-02,6700.0,6700.0,6700.0,6700.0,4090.098388671875,4000,0.0,0.0
2020-07-03,6700.0,6700.0,6700.0,6700.0,4090.098388671875,6468,0.0,0.0
2020-07-06,6700.0,6700.0,6700.0,6700.0,4090.098388671875,0,0.0,0.0
2020-07-07,6700.0,6700.0,6700.0,6700.0,4090.098388671875,1080,0.0,0.0
2020-07-08,6770.0,6780.0,6750.0,6770.0,4132.83056640625,2022085,0.0,0.0
2020-07-09,6780.0,6780.0,6770.0,6780.0,4138.93359375,58010,0.0,0.0
2020-07-10,6780.0,6780.0,6770.0,6780.0,4138.93359375,228172,0.0,0.0
2020-07-13,6770.0,6770.0,6770.0,6770.0,4132.83056640625,19980,0.0,0.0
2020-07-14,6770.0,6770.0,6770.0,6770.0,4145.07470703125,7249,20.0,0.0
2020-07-15,6770.0,6770.0,6770.0,6770.0,4145.07470703125,40838,0.0,0.0
2020-07-16,6770.0,6770.0,6770.0,6770.0,4145.07470703125,10067,0.0,0.0
2020-07-17,6780.0,6780.0,6760.0,6780.0,4151.1982421875,35100,0.0,0.0
2020-07-20,6780.0,6780.0,6780.0,6780.0,4151.1982421875,0,0.0,0.0
2020-07-21,6800.0,6800.0,6790.0,6800.0,4163.44482421875,43779,0.0,0.0
2020-07-22,6900.0,6900.0,6900.0,6900.0,4224.67138671875,35100,0.0,0.0
2020-07-23,7000.0,7000.0,7000.0,7000.0,4285.89794921875,35801,0.0,0.0
2020-07-24,6700.0,7100.0,6700.0,6700.0,4102.216796875,27760,0.0,0.0
2020-07-27,7370.0,7370.0,7370.0,7370.0,4512.43798828125,7671,0.0,0.0
2020-07-28,7370.0,7370.0,7370.0,7370.0,4512.43798828125,7671,0.0,0.0
2020-07-29,7230.0,7250.0,7230.0,7230.0,4426.7216796875,7400,0.0,0.0
2020-07-30,7220.0,7220.0,7220.0,7220.0,4420.59619140625,8100,0.0,0.0
2020-07-31,6520.0,7200.0,6520.0,6520.0,3992.008544921875,1004562,0.0,0.0
2020-08-03,6520.0,6600.0,6500.0,6520.0,3992.008544921875,291058,0.0,0.0
2020-08-04,6520.0,6520.0,6510.0,6520.0,3992.008544921875,97947,0.0,0.0
2020-08-05,6600.0,6600.0,6520.0,6600.0,4040.989990234375,28340,0.0,0.0
2020-08-06,6680.0,6680.0,6600.0,6680.0,4089.971435546875,7240,0.0,0.0
2020-08-07,6680.0,6680.0,6680.0,6680.0,4089.971435546875,0,0.0,0.0
2020-08-10,6600.0,6670.0,6600.0,6600.0,4040.989990234375,13753,0.0,0.0
2020-08-11,6510.0,6620.0,6510.0,6510.0,3985.88427734375,13681,0.0,0.0
2020-08-12,6680.0,6680.0,6550.0,6680.0,4089.971435546875,7946,0.0,0.0
2020-08-13,6770.0,6770.0,6700.0,6770.0,4145.07470703125,95069,0.0,0.0
2020-08-14,6800.0,6800.0,6770.0,6800.0,4175.7802734375,8640,20.0,0.0
2020-08-17,6800.0,6800.0,6800.0,6800.0,4175.7802734375,0,0.0,0.0
2020-08-18,6740.0,6800.0,6710.0,6740.0,4138.93310546875,19575,0.0,0.0
2020-08-19,6830.0,6830.0,6560.0,6830.0,4194.2021484375,52720,0.0,0.0
2020-08-20,6830.0,6850.0,6830.0,6830.0,4194.2021484375,49825,0.0,0.0
2020-08-21,6990.0,6990.0,6900.0,6990.0,4292.4560546875,22662,0.0,0.0
2020-08-24,6990.0,6990.0,6990.0,6990.0,4292.4560546875,0,0.0,0.0
2020-08-25,7050.0,7060.0,7030.0,7050.0,4329.30029296875,64367,0.0,0.0
2020-08-26,6950.0,7060.0,6950.0,6950.0,4267.8916015625,42867,0.0,0.0
2020-08-27,7010.0,7010.0,7010.0,7010.0,4304.73779296875,15000,0.0,0.0
2020-08-28,7100.0,7100.0,7100.0,7100.0,4360.00537109375,6480,0.0,0.0
2020-08-31,7010.0,7050.0,7010.0,7010.0,4304.73779296875,22808,0.0,0.0
2020-09-01,7070.0,7100.0,7070.0,7070.0,4341.58251953125,21129,0.0,0.0
2020-09-02,7200.0,7200.0,7090.0,7200.0,4421.4130859375,16988,0.0,0.0
2020-09-03,7290.0,7300.0,7290.0,7290.0,4476.68359375,22129,0.0,0.0
2020-09-04,7190.0,7190.0,7190.0,7190.0,4415.2724609375,28040,0.0,0.0
2020-09-07,7190.0,7190.0,7190.0,7190.0,4415.2724609375,240,0.0,0.0
2020-09-08,7290.0,7290.0,7290.0,7290.0,4476.68359375,2640,0.0,0.0
2020-09-09,7240.0,7240.0,7240.0,7240.0,4445.97607421875,2284,0.0,0.0
2020-09-10,7300.0,7300.0,7300.0,7300.0,4482.822265625,55860,0.0,0.0
2020-09-11,7370.0,7370.0,7300.0,7370.0,4525.80859375,554332,0.0,0.0
2020-09-14,7320.0,7500.0,7320.0,7320.0,4495.10400390625,13664,0.0,0.0
2020-09-15,7300.0,7300.0,7300.0,7300.0,4495.10400390625,703817,20.0,0.0
2020-09-16,7400.0,7400.0,7250.0,7400.0,4556.6796875,415216,0.0,0.0
2020-09-17,7300.0,7300.0,7220.0,7300.0,4495.10400390625,354200,0.0,0.0
2020-09-18,7290.0,7290.0,7240.0,7290.0,4488.9462890625,949126,0.0,0.0
2020-09-21,7370.0,7370.0,7290.0,7370.0,4538.2080078125,37052,0.0,0.0
2020-09-22,7300.0,7300.0,7300.0,7300.0,4495.10400390625,45280,0.0,0.0
2020-09-23,7300.0,7300.0,7300.0,7300.0,4495.10400390625,12480,0.0,0.0
2020-09-24,7300.0,7300.0,7280.0,7300.0,4495.10400390625,8993,0.0,0.0
2020-09-25,7300.0,7300.0,7280.0,7300.0,4495.10400390625,8993,0.0,0.0
2020-09-28,7280.0,7300.0,7280.0,7280.0,4482.7880859375,4402,0.0,0.0
2020-09-29,7370.0,7370.0,7280.0,7370.0,4538.2080078125,16190,0.0,0.0
2020-09-30,7380.0,7400.0,7380.0,7380.0,4544.3642578125,8804,0.0,0.0
2020-10-01,7030.0,7380.0,7030.0,7030.0,4328.84619140625,10709,0.0,0.0
2020-10-02,7030.0,7380.0,7030.0,7030.0,4328.84619140625,10709,0.0,0.0
2020-10-05,7030.0,7030.0,7030.0,7030.0,4328.84619140625,0,0.0,0.0
2020-10-06,7030.0,7030.0,7030.0,7030.0,4328.84619140625,688,0.0,0.0
2020-10-07,7030.0,7030.0,7030.0,7030.0,4328.84619140625,4320,0.0,0.0
2020-10-08,7030.0,7030.0,7030.0,7030.0,4328.84619140625,4320,0.0,0.0
2020-10-09,7190.0,7190.0,7190.0,7190.0,4427.369140625,2160,0.0,0.0
2020-10-12,7190.0,7190.0,7190.0,7190.0,4427.369140625,0,0.0,0.0
2020-10-13,7150.0,7150.0,7150.0,7150.0,4402.7392578125,2093,0.0,0.0
2020-10-14,7150.0,7190.0,7150.0,7150.0,4402.7392578125,13188,0.0,0.0
2020-10-15,7340.0,7340.0,7100.0,7340.0,4579.94580078125,10766,94.0,0.0
2020-10-16,7380.0,7380.0,7340.0,7380.0,4604.90576171875,84581,0.0,0.0
2020-10-19,7480.0,7480.0,7400.0,7480.0,4667.30322265625,13648,0.0,0.0
2020-10-20,7500.0,7500.0,7480.0,7500.0,4679.78369140625,19400,0.0,0.0
2020-10-21,7500.0,7500.0,7500.0,7500.0,4679.78369140625,3880,0.0,0.0
2020-10-22,7500.0,7500.0,7500.0,7500.0,4679.78369140625,3880,0.0,0.0
2020-10-23,7500.0,7500.0,7500.0,7500.0,4679.78369140625,144,0.0,0.0
2020-10-26,7200.0,7200.0,7200.0,7200.0,4492.5908203125,1740,0.0,0.0
2020-10-27,6985.0,7260.0,6985.0,6985.0,4358.4365234375,26957,0.0,0.0
2020-10-28,6985.0,6985.0,6985.0,6985.0,4358.4365234375,159881,0.0,0.0
2020-10-29,7460.0,7460.0,7160.0,7460.0,4654.822265625,19493,0.0,0.0
2020-10-30,6715.0,7460.0,6715.0,6715.0,4189.96533203125,74583,0.0,0.0
2020-11-02,6715.0,6715.0,6715.0,6715.0,4189.96533203125,0,0.0,0.0
2020-11-03,7000.0,7000.0,6960.0,7000.0,4367.79638671875,76058,0.0,0.0
2020-11-04,7000.0,7000.0,6960.0,7000.0,4367.79638671875,76058,0.0,0.0
2020-11-05,7000.0,7000.0,7000.0,7000.0,4367.79638671875,0,0.0,0.0
2020-11-06,7000.0,7000.0,7000.0,7000.0,4367.79638671875,0,0.0,0.0
2020-11-09,7300.0,7305.0,7300.0,7300.0,4554.98681640625,23868,0.0,0.0
2020-11-10,7300.0,7300.0,7300.0,7300.0,4554.98681640625,7425,0.0,0.0
2020-11-11,7300.0,7300.0,7300.0,7300.0,4554.98681640625,240,0.0,0.0
2020-11-12,7390.0,7390.0,7390.0,7390.0,4611.14501953125,4397,0.0,0.0
2020-11-13,7390.0,7390.0,7390.0,7390.0,4611.14501953125,4397,0.0,0.0
2020-11-16,7390.0,7390.0,7390.0,7390.0,4611.14501953125,0,0.0,0.0
2020-11-17,7390.0,7390.0,7390.0,7390.0,4623.65869140625,6890,20.0,0.0
2020-11-18,7390.0,7390.0,7390.0,7390.0,4623.65869140625,6914,0.0,0.0
2020-11-19,7300.0,7310.0,7300.0,7300.0,4567.34814453125,15363,0.0,0.0
2020-11-20,7300.0,7310.0,7300.0,7300.0,4567.34814453125,15363,0.0,0.0
2020-11-23,7300.0,7300.0,7300.0,7300.0,4567.34814453125,145,0.0,0.0
2020-11-24,7980.0,7980.0,7390.0,7980.0,4992.80078125,34985,0.0,0.0
2020-11-25,7200.0,7800.0,7200.0,7200.0,4504.7822265625,42963,0.0,0.0
2020-11-26,7545.0,7545.0,7545.0,7545.0,4720.63623046875,1008,0.0,0.0
2020-11-27,7500.0,7500.0,7500.0,7500.0,4692.48291015625,7217,0.0,0.0
2020-11-30,7500.0,7500.0,7500.0,7500.0,4692.48291015625,4307,0.0,0.0
2020-12-01,7800.0,7800.0,7665.0,7800.0,4880.18212890625,10833,0.0,0.0
2020-12-02,7700.0,7800.0,7700.0,7700.0,4817.61376953125,62065,0.0,0.0
2020-12-03,7800.0,7800.0,7700.0,7800.0,4880.18212890625,11003,0.0,0.0
2020-12-04,7800.0,7800.0,7700.0,7800.0,4880.18212890625,11003,0.0,0.0
2020-12-07,7900.0,8150.0,7900.0,7900.0,4942.74853515625,21001,0.0,0.0
2020-12-08,7900.0,7900.0,7900.0,7900.0,4942.74853515625,0,0.0,0.0
2020-12-09,8070.0,8070.0,8000.0,8070.0,5049.111328125,24125,0.0,0.0
2020-12-10,7670.0,7670.0,7560.0,7670.0,4798.84326171875,3236,0.0,0.0
2020-12-11,7800.0,7800.0,7560.0,7800.0,4880.18212890625,10668,0.0,0.0
2020-12-14,7500.0,7500.0,7500.0,7500.0,4692.48291015625,11758,0.0,0.0
2020-12-15,7515.0,7515.0,7500.0,7515.0,4714.43896484375,32413,20.0,0.0
2020-12-16,7650.0,7650.0,7500.0,7650.0,4799.12890625,32478,0.0,0.0
2020-12-17,7700.0,7700.0,7650.0,7700.0,4830.49609375,27367,0.0,0.0
2020-12-18,7900.0,7900.0,7800.0,7900.0,4955.962890625,129055,0.0,0.0
2020-12-21,8000.0,8000.0,7690.0,8000.0,5018.6962890625,6773,0.0,0.0
2020-12-22,8000.0,8000.0,8000.0,8000.0,5018.6962890625,29574,0.0,0.0
2020-12-23,7895.0,7895.0,7895.0,7895.0,4952.82763671875,6749,0.0,0.0
2020-12-24,7895.0,7895.0,7895.0,7895.0,4952.82763671875,6749,0.0,0.0
2020-12-25,7895.0,7895.0,7895.0,7895.0,4952.82763671875,0,0.0,0.0
2020-12-28,7705.0,7850.0,7705.0,7705.0,4833.6328125,30051,0.0,0.0
2020-12-29,8100.0,8200.0,8080.0,8100.0,5081.431640625,22189,0.0,0.0
2020-12-30,8400.0,8400.0,8300.0,8400.0,5269.63232421875,13952,0.0,0.0
2020-12-31,8400.0,8400.0,8400.0,8400.0,5269.63232421875,0,0.0,0.0
2021-01-01,8400.0,8400.0,8400.0,8400.0,5269.63232421875,0,0.0,0.0
2021-01-04,8100.0,8100.0,7800.0,8100.0,5081.431640625,7100,0.0,0.0
2021-01-05,8200.0,8200.0,8200.0,8200.0,5144.16357421875,5736,0.0,0.0
2021-01-06,7990.0,8000.0,7990.0,7990.0,5012.4228515625,5534,0.0,0.0
2021-01-07,7990.0,7990.0,7990.0,7990.0,5012.4228515625,765,0.0,0.0
2021-01-08,8100.0,8100.0,8100.0,8100.0,5081.431640625,1098,0.0,0.0
2021-01-11,8100.0,8100.0,8100.0,8100.0,5081.431640625,0,0.0,0.0
2021-01-12,8180.0,8180.0,8180.0,8180.0,5131.6171875,10359,0.0,0.0
2021-01-13,8000.0,8000.0,8000.0,8000.0,5018.6962890625,1665,0.0,0.0
2021-01-14,8195.0,8200.0,8100.0,8195.0,5141.02734375,16653,0.0,0.0
2021-01-15,8250.0,8280.0,8250.0,8250.0,5188.19287109375,11901,20.0,0.0
2021-01-18,8250.0,8250.0,8250.0,8250.0,5188.19287109375,1105,0.0,0.0
2021-01-19,8250.0,8250.0,8250.0,8250.0,5188.19287109375,3276,0.0,0.0
2021-01-20,8250.0,8250.0,8250.0,8250.0,5188.19287109375,3782,0.0,0.0
2021-01-21,8000.0,8150.0,8000.0,8000.0,5030.9736328125,17186,0.0,0.0
2021-01-22,8100.0,8100.0,8000.0,8100.0,5093.8623046875,13737,0.0,0.0
2021-01-25,8100.0,8100.0,8060.0,8100.0,5093.8623046875,13748,0.0,0.0
2021-01-26,8040.0,8040.0,8040.0,8040.0,5056.12939453125,4859,0.0,0.0
2021-01-27,8020.0,8040.0,8000.0,8020.0,5043.5517578125,20502,0.0,0.0
2021-01-28,8000.0,8000.0,8000.0,8000.0,5030.9736328125,2052,0.0,0.0
2021-01-29,7600.0,7710.0,7600.0,7600.0,4779.42724609375,286458,0.0,0.0
2021-02-01,7600.0,7600.0,7600.0,7600.0,4779.42724609375,0,0.0,0.0
2021-02-02,7795.0,7900.0,7795.0,7795.0,4902.056640625,21387,0.0,0.0
2021-02-03,7795.0,7900.0,7795.0,7795.0,4902.056640625,21387,0.0,0.0
2021-02-04,7800.0,7980.0,7800.0,7800.0,4905.20166015625,10935,0.0,0.0
2021-02-05,8020.0,8020.0,8000.0,8020.0,5043.5517578125,12109,0.0,0.0
2021-02-08,8000.0,8020.0,7950.0,8000.0,5030.9736328125,28907,0.0,0.0
2021-02-09,7900.0,7950.0,7900.0,7900.0,4968.087890625,12508,0.0,0.0
2021-02-10,7910.0,7910.0,7900.0,7910.0,4974.3759765625,11640,0.0,0.0
2021-02-11,8180.0,8180.0,7900.0,8180.0,5144.1728515625,5389,0.0,0.0
2021-02-12,7910.0,8000.0,7910.0,7910.0,4974.3759765625,10876,0.0,0.0
2021-02-15,7910.0,7910.0,7910.0,7910.0,4974.3759765625,0,0.0,0.0
2021-02-16,7800.0,7850.0,7770.0,7800.0,4917.634765625,11328,20.0,0.0
2021-02-17,7705.0,7705.0,7705.0,7705.0,4857.73974609375,2940,0.0,0.0
2021-02-18,7710.0,7710.0,7710.0,7710.0,4860.892578125,4761,0.0,0.0
2021-02-19,7705.0,7985.0,7705.0,7705.0,4857.73974609375,7313,0.0,0.0
2021-02-22,7670.0,7700.0,7670.0,7670.0,4835.67333984375,5099,0.0,0.0
2021-02-23,7600.0,7650.0,7600.0,7600.0,4791.54052734375,15320,0.0,0.0
2021-02-24,7800.0,7800.0,7650.0,7800.0,4917.634765625,1369825,0.0,0.0
2021-02-25,7875.0,7875.0,7800.0,7875.0,4964.91943359375,9572,0.0,0.0
2021-02-26,7700.0,7850.0,7700.0,7700.0,4854.58740234375,8196,0.0,0.0
2021-03-01,7740.0,7740.0,7650.0,7740.0,4879.80517578125,172449,0.0,0.0
2021-03-02,7740.0,7790.0,7740.0,7740.0,4879.80517578125,4185,0.0,0.0
2021-03-03,7740.0,7740.0,7720.0,7740.0,4879.80517578125,301845,0.0,0.0
2021-03-04,7650.0,7700.0,7650.0,7650.0,4823.06494140625,5642,0.0,0.0
2021-03-05,7750.0,7750.0,7750.0,7750.0,4886.11181640625,7921,0.0,0.0
2021-03-08,7800.0,7800.0,7795.0,7800.0,4917.634765625,9951,0.0,0.0
2021-03-09,7800.0,7800.0,7800.0,7800.0,4917.634765625,8908,0.0,0.0
2021-03-10,7800.0,7800.0,7800.0,7800.0,4917.634765625,1100,0.0,0.0
2021-03-11,7800.0,7800.0,7800.0,7800.0,4917.634765625,134,0.0,0.0
2021-03-12,7800.0,7800.0,7800.0,7800.0,4917.634765625,50,0.0,0.0
2021-03-15,7800.0,7800.0,7800.0,7800.0,4917.634765625,20515,0.0,0.0
2021-03-16,7600.0,7800.0,7600.0,7600.0,4803.8583984375,116570,20.0,0.0
2021-03-17,7600.0,7600.0,7600.0,7600.0,4803.8583984375,34073,0.0,0.0
2021-03-18,7500.0,7600.0,7500.0,7500.0,4740.650390625,125740,0.0,0.0
2021-03-19,7300.0,7500.0,7300.0,7300.0,4614.232421875,570790,0.0,0.0
2021-03-22,7300.0,7300.0,7300.0,7300.0,4614.232421875,0,0.0,0.0
2021-03-23,7590.0,7590.0,7360.0,7590.0,4797.5380859375,4780,0.0,0.0
2021-03-24,7600.0,7600.0,7500.0,7600.0,4803.8583984375,136736,0.0,0.0
2021-03-25,7600.0,7600.0,7600.0,7600.0,4803.8583984375,1019,0.0,0.0
2021-03-26,7600.0,7600.0,7600.0,7600.0,4803.8583984375,2114,0.0,0.0
2021-03-29,7600.0,7600.0,7500.0,7600.0,4803.8583984375,8903,0.0,0.0
2021-03-30,7500.0,7520.0,7500.0,7500.0,4740.650390625,27906,0.0,0.0
2021-03-31,7500.0,7500.0,7500.0,7500.0,4740.650390625,1200,0.0,0.0
2021-04-01,7500.0,7500.0,7500.0,7500.0,4740.650390625,0,0.0,0.0
2021-04-02,7500.0,7500.0,7500.0,7500.0,4740.650390625,0,0.0,0.0
2021-04-05,7645.0,7645.0,7645.0,7645.0,4832.30322265625,5008,0.0,0.0
2021-04-06,7645.0,7645.0,7645.0,7645.0,4832.30322265625,1455,0.0,0.0
2021-04-07,7670.0,7670.0,7515.0,7670.0,4848.1044921875,7185,0.0,0.0
2021-04-08,7400.0,7530.0,7400.0,7400.0,4677.44091796875,69841,0.0,0.0
2021-04-09,7600.0,7600.0,7400.0,7600.0,4803.8583984375,40087,0.0,0.0
2021-04-12,7685.0,7700.0,7595.0,7685.0,4857.58544921875,14219,0.0,0.0
2021-04-13,7700.0,7700.0,7700.0,7700.0,4867.06689453125,9169,0.0,0.0
2021-04-14,7700.0,7700.0,7700.0,7700.0,4867.06689453125,9169,0.0,0.0
2021-04-15,7565.0,7680.0,7520.0,7565.0,4861.2841796875,50827,126.0,0.0
2021-04-16,7450.0,7690.0,7450.0,7450.0,4787.38427734375,11324,0.0,0.0
2021-04-19,7435.0,7450.0,7420.0,7435.0,4777.74560546875,29571,0.0,0.0
2021-04-20,7675.0,7675.0,7435.0,7675.0,4931.97021484375,9274,0.0,0.0
2021-04-21,7600.0,7690.0,7600.0,7600.0,4883.77490234375,32228,0.0,0.0
2021-04-22,7420.0,7600.0,7420.0,7420.0,4768.10791015625,9520,0.0,0.0
2021-04-23,7405.0,7420.0,7400.0,7405.0,4758.466796875,11836,0.0,0.0
2021-04-26,7400.0,7400.0,7400.0,7400.0,4755.25439453125,4559,0.0,0.0
2021-04-27,7670.0,7670.0,7595.0,7670.0,4928.75634765625,12927,0.0,0.0
2021-04-28,7670.0,7670.0,7595.0,7670.0,4928.75634765625,12927,0.0,0.0
2021-04-29,7635.0,7635.0,7635.0,7635.0,4906.267578125,3943,0.0,0.0
2021-04-30,7420.0,7425.0,7420.0,7420.0,4768.10791015625,10681,0.0,0.0
2021-05-03,7400.0,7420.0,7400.0,7400.0,4755.25439453125,6379,0.0,0.0
2021-05-04,7480.0,7520.0,7480.0,7480.0,4806.66357421875,4148,0.0,0.0
2021-05-05,7480.0,7480.0,7480.0,7480.0,4806.66357421875,542,0.0,0.0
2021-05-06,7480.0,7480.0,7480.0,7480.0,4806.66357421875,500,0.0,0.0
2021-05-07,7540.0,7540.0,7540.0,7540.0,4845.2197265625,2368,0.0,0.0
2021-05-10,7540.0,7540.0,7540.0,7540.0,4845.2197265625,4776,0.0,0.0
2021-05-11,7600.0,7600.0,7595.0,7600.0,4883.77490234375,7623,0.0,0.0
2021-05-12,7500.0,7500.0,7500.0,7500.0,4819.5146484375,15026,0.0,0.0
2021-05-13,7500.0,7500.0,7500.0,7500.0,4819.5146484375,1121,0.0,0.0
2021-05-14,7350.0,7450.0,7350.0,7350.0,4736.38720703125,10701,21.0,0.0
2021-05-17,7350.0,7350.0,7350.0,7350.0,4736.38720703125,0,0.0,0.0
2021-05-18,7350.0,7350.0,7350.0,7350.0,4736.38720703125,4555,0.0,0.0
2021-05-19,7300.0,7400.0,7300.0,7300.0,4704.166015625,9027,0.0,0.0
2021-05-20,7200.0,7200.0,7200.0,7200.0,4639.72509765625,2357,0.0,0.0
2021-05-21,7200.0,7200.0,7200.0,7200.0,4639.72509765625,3317,0.0,0.0
2021-05-24,7180.0,7200.0,7180.0,7180.0,4626.83740234375,5382,0.0,0.0
2021-05-25,7000.0,7120.0,7000.0,7000.0,4510.8447265625,33892,0.0,0.0
2021-05-26,6900.0,7000.0,6880.0,6900.0,4446.40234375,22136,0.0,0.0
2021-05-27,6210.0,6900.0,6210.0,6210.0,4001.76220703125,2436378,0.0,0.0
2021-05-28,6500.0,6800.0,6320.0,6500.0,4188.64111328125,861042,0.0,0.0
2021-05-31,6600.0,6600.0,6500.0,6600.0,4253.0810546875,117791,0.0,0.0
2021-06-01,6800.0,6800.0,6700.0,6800.0,4381.962890625,88547,0.0,0.0
2021-06-02,6830.0,6830.0,6830.0,6830.0,4401.29541015625,1872,0.0,0.0
2021-06-03,6830.0,6830.0,6830.0,6830.0,4401.29541015625,1872,0.0,0.0
2021-06-04,6680.0,6680.0,6670.0,6680.0,4304.634765625,19989,0.0,0.0
2021-06-07,6680.0,6680.0,6680.0,6680.0,4304.634765625,0,0.0,0.0
2021-06-08,6600.0,6680.0,6600.0,6600.0,4253.0810546875,11516,0.0,0.0
2021-06-09,6845.0,6845.0,6600.0,6845.0,4410.96044921875,8890,0.0,0.0
2021-06-10,6800.0,6800.0,6800.0,6800.0,4381.962890625,9681,0.0,0.0
2021-06-11,6800.0,6800.0,6800.0,6800.0,4381.962890625,11303,0.0,0.0
2021-06-14,6800.0,6800.0,6800.0,6800.0,4381.962890625,0,0.0,0.0
2021-06-15,6820.0,6820.0,6820.0,6820.0,4408.46630859375,3667,21.0,0.0
2021-06-16,6810.0,6810.0,6700.0,6810.0,4401.99951171875,15775,0.0,0.0
2021-06-17,6800.0,6800.0,6740.0,6800.0,4395.53662109375,51319,0.0,0.0
2021-06-18,6710.0,6805.0,6710.0,6710.0,4337.36181640625,38576,0.0,0.0
2021-06-21,6800.0,6800.0,6795.0,6800.0,4395.53662109375,63398,0.0,0.0
2021-06-22,6800.0,6800.0,6800.0,6800.0,4395.53662109375,247346,0.0,0.0
2021-06-23,6800.0,6800.0,6800.0,6800.0,4395.53662109375,44421,0.0,0.0
2021-06-24,6750.0,6800.0,6750.0,6750.0,4363.21728515625,93758,0.0,0.0
2021-06-25,6750.0,6750.0,6750.0,6750.0,4363.21728515625,2087,0.0,0.0
2021-06-28,6850.0,6850.0,6800.0,6850.0,4427.85791015625,52637,0.0,0.0
2021-06-29,6850.0,6850.0,6850.0,6850.0,4427.85791015625,6,0.0,0.0
2021-06-30,6755.0,6800.0,6750.0,6755.0,4366.4482421875,19458,0.0,0.0
2021-07-01,6990.0,6990.0,6985.0,6990.0,4518.35546875,9351,0.0,0.0
2021-07-02,6820.0,6820.0,6750.0,6820.0,4408.46630859375,21778,0.0,0.0
2021-07-05,6820.0,6820.0,6820.0,6820.0,4408.46630859375,0,0.0,0.0
2021-07-06,6750.0,6800.0,6700.0,6750.0,4363.21728515625,35515,0.0,0.0
2021-07-07,6850.0,6850.0,6750.0,6850.0,4427.85791015625,18019,0.0,0.0
2021-07-08,6725.0,6850.0,6725.0,6725.0,4347.05810546875,18287,0.0,0.0
2021-07-09,6930.0,6930.0,6725.0,6930.0,4479.5693359375,11560,0.0,0.0
2021-07-12,6730.0,6950.0,6730.0,6730.0,4350.28955078125,6250,0.0,0.0
2021-07-13,6730.0,6730.0,6730.0,6730.0,4350.28955078125,742,0.0,0.0
2021-07-14,6730.0,6730.0,6730.0,6730.0,4363.90673828125,114,21.0,0.0
2021-07-15,6730.0,6730.0,6730.0,6730.0,4363.90673828125,645,0.0,0.0
2021-07-16,6880.0,6880.0,6880.0,6880.0,4461.169921875,1997,0.0,0.0
2021-07-19,6730.0,6750.0,6730.0,6730.0,4363.90673828125,16360,0.0,0.0
2021-07-20,6730.0,6730.0,6730.0,6730.0,4363.90673828125,0,0.0,0.0
2021-07-21,6705.0,6850.0,6700.0,6705.0,4347.69580078125,10452,0.0,0.0
2021-07-22,6705.0,6705.0,6705.0,6705.0,4347.69580078125,298,0.0,0.0
2021-07-23,6705.0,6705.0,6705.0,6705.0,4347.69580078125,203,0.0,0.0
2021-07-26,6800.0,6800.0,6725.0,6800.0,4409.29541015625,6500,0.0,0.0
2021-07-27,6800.0,6850.0,6800.0,6800.0,4409.29541015625,4949,0.0,0.0
2021-07-28,6730.0,6730.0,6730.0,6730.0,4363.90673828125,6358,0.0,0.0
2021-07-29,6710.0,6710.0,6710.0,6710.0,4350.9384765625,4099,0.0,0.0
2021-07-30,6705.0,6710.0,6700.0,6705.0,4347.69580078125,15018,0.0,0.0
2021-08-02,6700.0,6715.0,6700.0,6700.0,4344.45361328125,48472,0.0,0.0
2021-08-03,6700.0,6700.0,6700.0,6700.0,4344.45361328125,4784,0.0,0.0
2021-08-04,6765.0,6770.0,6765.0,6765.0,4386.60107421875,30236,0.0,0.0
2021-08-05,6550.0,6690.0,6550.0,6550.0,4247.18896484375,4766,0.0,0.0
2021-08-06,6670.0,6670.0,6670.0,6670.0,4325.00244140625,2563,0.0,0.0
2021-08-09,6670.0,6670.0,6670.0,6670.0,4325.00244140625,959,0.0,0.0
2021-08-10,6750.0,6750.0,6750.0,6750.0,4376.875,1735,0.0,0.0
2021-08-11,6800.0,6800.0,6800.0,6800.0,4409.29541015625,2086,0.0,0.0
2021-08-12,6780.0,6780.0,6780.0,6780.0,4396.328125,2365,0.0,0.0
2021-08-13,6900.0,6900.0,6680.0,6900.0,4474.13818359375,102861,0.0,0.0
2021-08-16,6900.0,6900.0,6900.0,6900.0,4474.13818359375,0,0.0,0.0
2021-08-17,6900.0,7130.0,6900.0,6900.0,4487.796875,28859,21.0,0.0
2021-08-18,7090.0,7120.0,6900.0,7090.0,4611.37451171875,56134,0.0,0.0
2021-08-19,7500.0,7500.0,6990.0,7500.0,4878.04150390625,43321,0.0,0.0
2021-08-20,7400.0,7485.0,7400.0,7400.0,4813.00048828125,11781,0.0,0.0
2021-08-23,7300.0,7380.0,7020.0,7300.0,4747.95947265625,11652,0.0,0.0
2021-08-24,7410.0,7410.0,7410.0,7410.0,4819.5029296875,1449,0.0,0.0
2021-08-25,7280.0,7300.0,7280.0,7280.0,4734.951171875,13095,0.0,0.0
2021-08-26,7045.0,7085.0,7000.0,7045.0,4582.107421875,71227,0.0,0.0
2021-08-27,7130.0,7130.0,7045.0,7130.0,4637.390625,32606,0.0,0.0
2021-08-30,7250.0,7250.0,7250.0,7250.0,4715.4384765625,4447,0.0,0.0
2021-08-31,7025.0,7025.0,7025.0,7025.0,4569.0986328125,7404,0.0,0.0
2021-09-01,7000.0,7185.0,7000.0,7000.0,4552.83837890625,41847,0.0,0.0
2021-09-02,7100.0,7100.0,7000.0,7100.0,4617.87744140625,25014,0.0,0.0
2021-09-03,7175.0,7175.0,7000.0,7175.0,4666.65771484375,5882,0.0,0.0
2021-09-06,7175.0,7175.0,7175.0,7175.0,4666.65771484375,95,0.0,0.0
2021-09-07,7135.0,7135.0,7010.0,7135.0,4640.64306640625,3806,0.0,0.0
2021-09-08,7000.0,7070.0,7000.0,7000.0,4552.83837890625,22372,0.0,0.0
2021-09-09,6925.0,7000.0,6925.0,6925.0,4504.05712890625,87309,0.0,0.0
2021-09-10,7175.0,7175.0,7175.0,7175.0,4666.65771484375,6650,0.0,0.0
2021-09-13,7000.0,7000.0,6970.0,7000.0,4552.83837890625,9525,0.0,0.0
2021-09-14,7000.0,7000.0,7000.0,7000.0,4552.83837890625,144,0.0,0.0
2021-09-15,7160.0,7160.0,7155.0,7160.0,4670.9150390625,6266,21.0,0.0
2021-09-16,7270.0,7300.0,7160.0,7270.0,4742.67626953125,106250,0.0,0.0
2021-09-17,7270.0,7300.0,7160.0,7270.0,4742.67626953125,106250,0.0,0.0
2021-09-20,7250.0,7450.0,7250.0,7250.0,4729.62744140625,18137,0.0,0.0
2021-09-21,7250.0,7250.0,7250.0,7250.0,4729.62744140625,8735,0.0,0.0
2021-09-22,7250.0,7250.0,7250.0,7250.0,4729.62744140625,7708,0.0,0.0
2021-09-23,7300.0,7300.0,7300.0,7300.0,4762.24560546875,3261,0.0,0.0
2021-09-24,7300.0,7300.0,7300.0,7300.0,4762.24560546875,12,0.0,0.0
2021-09-27,7140.0,7250.0,7140.0,7140.0,4657.86865234375,11379,0.0,0.0
2021-09-28,7155.0,7300.0,7155.0,7155.0,4667.65380859375,29779,0.0,0.0
2021-09-29,7300.0,7300.0,7290.0,7300.0,4762.24560546875,20861,0.0,0.0
2021-09-30,7300.0,7380.0,7300.0,7300.0,4762.24560546875,12924,0.0,0.0
2021-10-01,7300.0,7300.0,7300.0,7300.0,4762.24560546875,5465,0.0,0.0
2021-10-04,7395.0,7395.0,7250.0,7395.0,4824.2197265625,5981,0.0,0.0
2021-10-05,7100.0,7400.0,7100.0,7100.0,4631.77392578125,171461,0.0,0.0
2021-10-06,7300.0,7300.0,7155.0,7300.0,4762.24560546875,33370,0.0,0.0
2021-10-07,7450.0,7500.0,7300.0,7450.0,4860.10107421875,78018,0.0,0.0
2021-10-08,7500.0,7500.0,7470.0,7500.0,4892.71875,37625,0.0,0.0
2021-10-11,7500.0,7600.0,7500.0,7500.0,4892.71875,107828,0.0,0.0
2021-10-12,7500.0,7500.0,7500.0,7500.0,4892.71875,1749,0.0,0.0
2021-10-13,7390.0,7400.0,7390.0,7390.0,4820.95947265625,9262,0.0,0.0
2021-10-14,7300.0,7390.0,7300.0,7300.0,4844.8515625,57601,126.0,0.0
2021-10-15,7305.0,7450.0,7305.0,7305.0,4848.1689453125,12911,0.0,0.0
2021-10-18,7305.0,7305.0,7305.0,7305.0,4848.1689453125,0,0.0,0.0
2021-10-19,7300.0,7305.0,7300.0,7300.0,4844.8515625,27964,0.0,0.0
2021-10-20,7185.0,7300.0,7185.0,7185.0,4768.52734375,70628,0.0,0.0
2021-10-21,7200.0,7200.0,7200.0,7200.0,4778.48291015625,1993,0.0,0.0
2021-10-22,7200.0,7210.0,7200.0,7200.0,4778.48291015625,8854,0.0,0.0
2021-10-25,7200.0,7200.0,7200.0,7200.0,4778.48291015625,2140,0.0,0.0
2021-10-26,7200.0,7200.0,7200.0,7200.0,4778.48291015625,12579,0.0,0.0
2021-10-27,7200.0,7250.0,7200.0,7200.0,4778.48291015625,21361,0.0,0.0
2021-10-28,7370.0,7400.0,7250.0,7370.0,4891.30810546875,31849,0.0,0.0
2021-10-29,7370.0,7500.0,7370.0,7370.0,4891.30810546875,7723,0.0,0.0
2021-11-01,7370.0,7370.0,7370.0,7370.0,4891.30810546875,0,0.0,0.0
2021-11-02,7150.0,7370.0,7150.0,7150.0,4745.29931640625,28775,0.0,0.0
2021-11-03,7340.0,7340.0,7250.0,7340.0,4871.39990234375,14855,0.0,0.0
2021-11-04,7380.0,7380.0,7225.0,7380.0,4897.94482421875,5227,0.0,0.0
2021-11-05,7300.0,7300.0,7250.0,7300.0,4844.8515625,5848,0.0,0.0
2021-11-08,7395.0,7400.0,7380.0,7395.0,4907.9013671875,11856,0.0,0.0
2021-11-09,7390.0,7395.0,7390.0,7390.0,4904.58251953125,7808,0.0,0.0
2021-11-10,7380.0,7390.0,7330.0,7380.0,4897.94482421875,14675,0.0,0.0
2021-11-11,7230.0,7420.0,7215.0,7230.0,4798.392578125,19397,0.0,0.0
2021-11-12,7215.0,7215.0,7215.0,7215.0,4788.4375,10896,0.0,0.0
2021-11-15,7215.0,7215.0,7215.0,7215.0,4788.4375,0,0.0,0.0
2021-11-16,7300.0,7300.0,7300.0,7300.0,4858.99462890625,6593,21.0,0.0
2021-11-17,7350.0,7350.0,7300.0,7350.0,4892.2744140625,5978,0.0,0.0
2021-11-18,7400.0,7400.0,7300.0,7400.0,4925.5546875,29180,0.0,0.0
2021-11-19,7200.0,7400.0,7200.0,7200.0,4792.431640625,12450,0.0,0.0
2021-11-22,7205.0,7205.0,7205.0,7205.0,4795.7607421875,3404,0.0,0.0
2021-11-23,7205.0,7205.0,7205.0,7205.0,4795.7607421875,249,0.0,0.0
2021-11-24,7395.0,7395.0,7300.0,7395.0,4922.2275390625,9104,0.0,0.0
2021-11-25,7395.0,7395.0,7395.0,7395.0,4922.2275390625,708,0.0,0.0
2021-11-26,7375.0,7375.0,7215.0,7375.0,4908.916015625,15536,0.0,0.0
2021-11-29,7390.0,7420.0,7375.0,7390.0,4918.89990234375,8794,0.0,0.0
2021-11-30,7300.0,7510.0,7300.0,7300.0,4858.99462890625,85973,0.0,0.0
2021-12-01,7590.0,7590.0,7350.0,7590.0,5052.02294921875,53409,0.0,0.0
2021-12-02,7590.0,7590.0,7590.0,7590.0,5052.02294921875,1105,0.0,0.0
2021-12-03,7400.0,7590.0,7400.0,7400.0,4925.5546875,12325,0.0,0.0
2021-12-06,7450.0,7450.0,7405.0,7450.0,4958.8359375,7470,0.0,0.0
2021-12-07,7370.0,7560.0,7370.0,7370.0,4905.58740234375,45456,0.0,0.0
2021-12-08,7370.0,7370.0,7370.0,7370.0,4905.58740234375,0,0.0,0.0
2021-12-09,7560.0,7560.0,7555.0,7560.0,5032.05419921875,6722,0.0,0.0
2021-12-10,7315.0,7400.0,7315.0,7315.0,4868.97900390625,8369,0.0,0.0
2021-12-13,7250.0,7400.0,7250.0,7250.0,4825.71337890625,5448,0.0,0.0
2021-12-14,7250.0,7265.0,7250.0,7250.0,4825.71337890625,7363,0.0,0.0
2021-12-15,7410.0,7410.0,7410.0,7410.0,4946.53857421875,3332,21.0,0.0
2021-12-16,7390.0,7400.0,7390.0,7390.0,4933.18896484375,14550,0.0,0.0
2021-12-17,7100.0,7370.0,7100.0,7100.0,4739.60009765625,184221,0.0,0.0
2021-12-20,6950.0,7100.0,6950.0,6950.0,4639.46630859375,25314,0.0,0.0
2021-12-21,7000.0,7020.0,6950.0,7000.0,4672.84423828125,18368,0.0,0.0
2021-12-22,6900.0,6950.0,6500.0,6900.0,4606.0888671875,45418,0.0,0.0
2021-12-23,7000.0,7000.0,6800.0,7000.0,4672.84423828125,31298,0.0,0.0
2021-12-24,7000.0,7000.0,7000.0,7000.0,4672.84423828125,480,0.0,0.0
2021-12-27,7145.0,7145.0,7145.0,7145.0,4769.63916015625,4831,0.0,0.0
2021-12-28,7040.0,7040.0,7040.0,7040.0,4699.5458984375,5677,0.0,0.0
2021-12-29,7100.0,7100.0,7000.0,7100.0,4739.60009765625,11806,0.0,0.0
2021-12-30,7100.0,7100.0,7100.0,7100.0,4739.60009765625,2529,0.0,0.0
2021-12-31,7100.0,7100.0,7100.0,7100.0,4739.60009765625,0,0.0,0.0
2022-01-03,7100.0,7100.0,7100.0,7100.0,4739.60009765625,5219,0.0,0.0
2022-01-04,7140.0,7140.0,7100.0,7140.0,4766.3017578125,6185,0.0,0.0
2022-01-05,7090.0,7200.0,7090.0,7090.0,4732.923828125,16619,0.0,0.0
2022-01-06,7000.0,7190.0,7000.0,7000.0,4672.84423828125,10957,0.0,0.0
2022-01-07,7000.0,7080.0,7000.0,7000.0,4672.84423828125,4725,0.0,0.0
2022-01-10,7000.0,7000.0,7000.0,7000.0,4672.84423828125,0,0.0,0.0
2022-01-11,7000.0,7000.0,7000.0,7000.0,4672.84423828125,1384,0.0,0.0
2022-01-12,7000.0,7040.0,7000.0,7000.0,4672.84423828125,40320,0.0,0.0
2022-01-13,7095.0,7095.0,6970.0,7095.0,4736.26220703125,40579,0.0,0.0
2022-01-14,7320.0,7320.0,7015.0,7320.0,4886.4599609375,61660,0.0,0.0
2022-01-17,7320.0,7320.0,7320.0,7320.0,4900.5185546875,0,21.0,0.0
2022-01-18,7320.0,7320.0,7320.0,7320.0,4900.5185546875,0,0.0,0.0
2022-01-19,7320.0,7320.0,7320.0,7320.0,4900.5185546875,0,0.0,0.0
2022-01-20,7700.0,7780.0,7700.0,7700.0,5154.9169921875,232014,0.0,0.0
2022-01-21,7740.0,7740.0,7630.0,7740.0,5181.6953125,33371,0.0,0.0
2022-01-24,7550.0,7550.0,7550.0,7550.0,5054.49658203125,6913,0.0,0.0
2022-01-25,7500.0,7510.0,7500.0,7500.0,5021.02294921875,10451,0.0,0.0
2022-01-26,7600.0,7600.0,7600.0,7600.0,5087.97119140625,123187,0.0,0.0
2022-01-27,7500.0,7640.0,7460.0,7500.0,5021.02294921875,200985,0.0,0.0
2022-01-28,7400.0,7500.0,7365.0,7400.0,4954.07568359375,27890,0.0,0.0
2022-01-31,7360.0,7370.0,7360.0,7360.0,4927.298828125,12164,0.0,0.0
2022-02-01,7315.0,7400.0,7310.0,7315.0,4897.17138671875,56409,0.0,0.0
2022-02-02,7325.0,7400.0,7300.0,7325.0,4903.8662109375,44094,0.0,0.0
2022-02-03,7400.0,7500.0,7320.0,7400.0,4954.07568359375,28827,0.0,0.0
2022-02-04,7300.0,7450.0,7255.0,7300.0,4887.13037109375,96006,0.0,0.0
2022-02-07,7400.0,7400.0,7400.0,7400.0,4954.07568359375,30851,0.0,0.0
2022-02-08,7400.0,7500.0,7400.0,7400.0,4954.07568359375,21055,0.0,0.0
2022-02-09,7205.0,7290.0,7205.0,7205.0,4823.529296875,7785,0.0,0.0
2022-02-10,7090.0,7205.0,7090.0,7090.0,4746.54150390625,24912,0.0,0.0
2022-02-11,7200.0,7285.0,7050.0,7200.0,4820.18212890625,17865,0.0,0.0
2022-02-14,7200.0,7200.0,7200.0,7200.0,4820.18212890625,2123,0.0,0.0
2022-02-15,7200.0,7200.0,7200.0,7200.0,4834.28271484375,1493,21.0,0.0
2022-02-16,7050.0,7130.0,7050.0,7050.0,4733.56787109375,18431,0.0,0.0
2022-02-17,7105.0,7105.0,7100.0,7105.0,4770.4970703125,31013,0.0,0.0
2022-02-18,7100.0,7120.0,7100.0,7100.0,4767.14013671875,347265,0.0,0.0
2022-02-21,7100.0,7100.0,7100.0,7100.0,4767.14013671875,3077,0.0,0.0
2022-02-22,7100.0,7100.0,7100.0,7100.0,4767.14013671875,11399,0.0,0.0
2022-02-23,7060.0,7180.0,7060.0,7060.0,4740.283203125,15950,0.0,0.0
2022-02-24,7100.0,7100.0,7040.0,7100.0,4767.14013671875,106650,0.0,0.0
2022-02-25,7100.0,7100.0,7100.0,7100.0,4767.14013671875,1542,0.0,0.0
2022-02-28,7210.0,7230.0,7150.0,7210.0,4840.9970703125,9233,0.0,0.0
2022-03-01,7150.0,7170.0,7100.0,7150.0,4800.7109375,27886,0.0,0.0
2022-03-02,7060.0,7150.0,7050.0,7060.0,4740.283203125,21340,0.0,0.0
2022-03-03,7090.0,7130.0,7060.0,7090.0,4760.4267578125,13895,0.0,0.0
2022-03-04,7050.0,7100.0,7045.0,7050.0,4733.56787109375,293263,0.0,0.0
2022-03-07,7050.0,7195.0,7050.0,7050.0,4733.56787109375,40431,0.0,0.0
2022-03-08,7000.0,7200.0,7000.0,7000.0,4699.99755859375,69995,0.0,0.0
2022-03-09,7025.0,7150.0,7000.0,7025.0,4716.783203125,35216,0.0,0.0
2022-03-10,7005.0,7005.0,7005.0,7005.0,4703.35400390625,662800995,0.0,0.0
2022-03-11,7005.0,7100.0,7005.0,7005.0,4703.35400390625,93989,0.0,0.0
2022-03-14,7000.0,7005.0,7000.0,7000.0,4699.99755859375,19181,0.0,0.0
2022-03-15,7100.0,7100.0,7005.0,7100.0,4781.484375,11487,21.0,0.0
2022-03-16,7100.0,7100.0,7100.0,7100.0,4781.484375,11631,0.0,0.0
2022-03-17,7150.0,7150.0,7150.0,7150.0,4815.158203125,11442,0.0,0.0
2022-03-18,7230.0,7230.0,7190.0,7230.0,4869.03271484375,20848,0.0,0.0
2022-03-21,7230.0,7230.0,7230.0,7230.0,4869.03271484375,0,0.0,0.0
2022-03-22,7200.0,7320.0,7200.0,7200.0,4848.83056640625,13232,0.0,0.0
2022-03-23,7200.0,7320.0,7200.0,7200.0,4848.83056640625,13232,0.0,0.0
2022-03-24,7355.0,7355.0,7200.0,7355.0,4953.21337890625,29572,0.0,0.0
2022-03-25,7375.0,7400.0,7345.0,7375.0,4966.681640625,61377,0.0,0.0
2022-03-28,7200.0,7375.0,7200.0,7200.0,4848.83056640625,16077,0.0,0.0
2022-03-29,7205.0,7205.0,7205.0,7205.0,4852.1962890625,5448,0.0,0.0
2022-03-30,7205.0,7205.0,7205.0,7205.0,4852.1962890625,5448,0.0,0.0
2022-03-31,7200.0,7200.0,7200.0,7200.0,4848.83056640625,9612,0.0,0.0
2022-04-01,7200.0,7200.0,7200.0,7200.0,4848.83056640625,6332,0.0,0.0
2022-04-04,7200.0,7200.0,7200.0,7200.0,4848.83056640625,0,0.0,0.0
2022-04-05,7090.0,7150.0,7050.0,7090.0,4774.74951171875,38404,0.0,0.0
2022-04-06,7050.0,7090.0,7000.0,7050.0,4747.8115234375,33769,0.0,0.0
2022-04-07,6960.0,7015.0,6960.0,6960.0,4687.201171875,40840,0.0,0.0
2022-04-08,6460.0,7080.0,6460.0,6460.0,4350.47802734375,1522792,0.0,0.0
2022-04-11,6970.0,7100.0,6850.0,6970.0,4693.93701171875,227922,0.0,0.0
2022-04-12,6965.0,7045.0,6940.0,6965.0,4690.56884765625,168060,0.0,0.0
2022-04-13,6990.0,6990.0,6950.0,6990.0,4806.080078125,103178,143.0,0.0
2022-04-14,6990.0,6990.0,6990.0,6990.0,4806.080078125,0,0.0,0.0
2022-04-15,6990.0,6990.0,6990.0,6990.0,4806.080078125,0,0.0,0.0
2022-04-18,6980.0,7030.0,6960.0,6980.0,4799.2041015625,39276,0.0,0.0
2022-04-19,7000.0,7000.0,6950.0,7000.0,4812.955078125,104382,0.0,0.0
2022-04-20,6920.0,7005.0,6910.0,6920.0,4757.95068359375,30797,0.0,0.0
2022-04-21,6930.0,6950.0,6930.0,6930.0,4764.82568359375,19606,0.0,0.0
2022-04-22,6970.0,6970.0,6935.0,6970.0,4792.328125,161997,0.0,0.0
2022-04-25,6980.0,6980.0,6905.0,6980.0,4799.2041015625,18962,0.0,0.0
2022-04-26,6910.0,6970.0,6910.0,6910.0,4751.07421875,30757,0.0,0.0
2022-04-27,6910.0,6950.0,6910.0,6910.0,4751.07421875,15430,0.0,0.0
2022-04-28,6905.0,6910.0,6905.0,6905.0,4747.63671875,8604,0.0,0.0
2022-04-29,6905.0,6910.0,6905.0,6905.0,4747.63671875,8604,0.0,0.0
2022-05-02,6845.0,6960.0,6845.0,6845.0,4706.3837890625,34108,0.0,0.0
2022-05-03,6800.0,6850.0,6800.0,6800.0,4675.44287109375,35278,0.0,0.0
2022-05-04,6800.0,6950.0,6800.0,6800.0,4675.44287109375,29806,0.0,0.0
2022-05-05,6860.0,6950.0,6860.0,6860.0,4716.6962890625,21345,0.0,0.0
2022-05-06,6850.0,6900.0,6850.0,6850.0,4709.82080078125,49209,0.0,0.0
2022-05-09,6800.0,6850.0,6800.0,6800.0,4675.44287109375,21433,0.0,0.0
2022-05-10,6825.0,6900.0,6800.0,6825.0,4692.63232421875,49917,0.0,0.0
2022-05-11,6850.0,6850.0,6840.0,6850.0,4709.82080078125,107584,0.0,0.0
2022-05-12,6950.0,6950.0,6850.0,6950.0,4778.5771484375,86632,0.0,0.0
2022-05-13,6960.0,6960.0,6950.0,6960.0,4785.453125,8518,0.0,0.0
2022-05-16,7010.0,7045.0,6950.0,7010.0,4819.83056640625,244978,0.0,0.0
2022-05-17,6880.0,7000.0,6880.0,6880.0,4746.01904296875,34386,23.0,0.0
2022-05-18,6810.0,6885.0,6800.0,6810.0,4697.7314453125,65042,0.0,0.0
2022-05-19,6900.0,6900.0,6810.0,6900.0,4759.81591796875,30980,0.0,0.0
2022-05-20,6770.0,6900.0,6760.0,6770.0,4670.13818359375,27110,0.0,0.0
2022-05-23,6895.0,6895.0,6770.0,6895.0,4756.3662109375,16696,0.0,0.0
2022-05-24,6825.0,6900.0,6800.0,6825.0,4708.07958984375,10320,0.0,0.0
2022-05-25,6900.0,6900.0,6770.0,6900.0,4759.81591796875,144508,0.0,0.0
2022-05-26,6775.0,6900.0,6775.0,6775.0,4673.58740234375,8579,0.0,0.0
2022-05-27,6815.0,6815.0,6770.0,6815.0,4701.18115234375,38794,0.0,0.0
2022-05-30,6815.0,6815.0,6815.0,6815.0,4701.18115234375,0,0.0,0.0
2022-05-31,6985.0,7090.0,6900.0,6985.0,4818.4521484375,92498,0.0,0.0
2022-06-01,6925.0,7040.0,6925.0,6925.0,4777.06103515625,20179,0.0,0.0
2022-06-02,7140.0,7140.0,6930.0,7140.0,4925.37451171875,48123,0.0,0.0
2022-06-03,7120.0,7120.0,6900.0,7120.0,4911.578125,61806,0.0,0.0
2022-06-06,7095.0,7095.0,7000.0,7095.0,4894.3330078125,33114,0.0,0.0
2022-06-07,6855.0,7000.0,6850.0,6855.0,4728.77392578125,103385,0.0,0.0
2022-06-08,6850.0,6855.0,6850.0,6850.0,4725.32470703125,21479,0.0,0.0
2022-06-09,6800.0,6815.0,6800.0,6800.0,4690.8330078125,28345,0.0,0.0
2022-06-10,6820.0,6850.0,6805.0,6820.0,4704.62890625,57110,0.0,0.0
2022-06-13,6690.0,6800.0,6690.0,6690.0,4614.9521484375,33957,0.0,0.0
2022-06-14,6600.0,6800.0,6600.0,6600.0,4568.57421875,13203,23.0,0.0
2022-06-15,6465.0,6600.0,6465.0,6465.0,4475.1259765625,42849,0.0,0.0
2022-06-16,6645.0,6645.0,6430.0,6645.0,4599.72314453125,17675,0.0,0.0
2022-06-17,6600.0,6650.0,6600.0,6600.0,4568.57421875,36365,0.0,0.0
2022-06-20,6600.0,6600.0,6600.0,6600.0,4568.57421875,0,0.0,0.0
2022-06-21,6240.0,6550.0,6150.0,6240.0,4319.37890625,50613,0.0,0.0
2022-06-22,6300.0,6350.0,6300.0,6300.0,4360.912109375,50321,0.0,0.0
2022-06-23,6240.0,6890.0,6240.0,6240.0,4319.37890625,22377,0.0,0.0
2022-06-24,6275.0,6300.0,6210.0,6275.0,4343.607421875,226098,0.0,0.0
2022-06-27,6275.0,6275.0,6275.0,6275.0,4343.607421875,0,0.0,0.0
2022-06-28,6275.0,6275.0,6275.0,6275.0,4343.607421875,0,0.0,0.0
2022-06-29,6275.0,6275.0,6275.0,6275.0,4343.607421875,0,0.0,0.0
2022-06-30,6250.0,6275.0,6250.0,6250.0,4326.30126953125,11357,0.0,0.0
2022-07-01,6200.0,6250.0,6200.0,6200.0,4291.69091796875,23058,0.0,0.0
2022-07-04,6200.0,6200.0,6200.0,6200.0,4291.69091796875,0,0.0,0.0
2022-07-05,6200.0,6275.0,6200.0,6200.0,4291.69091796875,17788,0.0,0.0
2022-07-06,6200.0,6275.0,6200.0,6200.0,4291.69091796875,17788,0.0,0.0
2022-07-07,6200.0,6200.0,6200.0,6200.0,4291.69091796875,8339,0.0,0.0
2022-07-08,6195.0,6200.0,6100.0,6195.0,4288.23046875,90777,0.0,0.0
2022-07-11,6195.0,6195.0,6195.0,6195.0,4288.23046875,5065,0.0,0.0
2022-07-12,6100.0,6200.0,6050.0,6100.0,4222.4697265625,24669,0.0,0.0
2022-07-13,6060.0,6060.0,6060.0,6060.0,4194.78173828125,8287,0.0,0.0
2022-07-14,5780.0,6010.0,5780.0,5780.0,4016.20654296875,13953,23.0,0.0
2022-07-15,5500.0,5740.0,5500.0,5500.0,3821.650146484375,202042,0.0,0.0
2022-07-18,5500.0,5500.0,5500.0,5500.0,3821.650146484375,6446,0.0,0.0
2022-07-19,5760.0,5760.0,5760.0,5760.0,4002.309326171875,6013,0.0,0.0
2022-07-20,5760.0,5760.0,5760.0,5760.0,4002.309326171875,0,0.0,0.0
2022-07-21,5760.0,5760.0,5760.0,5760.0,4002.309326171875,9683,0.0,0.0
2022-07-22,5850.0,5850.0,5850.0,5850.0,4064.845947265625,8142,0.0,0.0
2022-07-25,5850.0,5850.0,5850.0,5850.0,4064.845947265625,507,0.0,0.0
2022-07-26,5850.0,5850.0,5850.0,5850.0,4064.845947265625,822,0.0,0.0
2022-07-27,5850.0,5850.0,5850.0,5850.0,4064.845947265625,1381,0.0,0.0
2022-07-28,5850.0,5850.0,5850.0,5850.0,4064.845947265625,797,0.0,0.0
2022-07-29,5850.0,5850.0,5820.0,5850.0,4064.845947265625,12231,0.0,0.0
2022-08-01,5810.0,5905.0,5810.0,5810.0,4037.052001953125,14896,0.0,0.0
2022-08-02,5800.0,5800.0,5800.0,5800.0,4030.10302734375,6010,0.0,0.0
2022-08-03,5800.0,5800.0,5800.0,5800.0,4030.10302734375,10512,0.0,0.0
2022-08-04,5800.0,5800.0,5800.0,5800.0,4030.10302734375,1940,0.0,0.0
2022-08-05,5800.0,5800.0,5800.0,5800.0,4030.10302734375,9790,0.0,0.0
2022-08-08,5790.0,5795.0,5730.0,5790.0,4023.154296875,20478,0.0,0.0
2022-08-09,5610.0,5720.0,5600.0,5610.0,3898.083984375,25162,0.0,0.0
2022-08-10,5510.0,5680.0,5510.0,5510.0,3828.5986328125,13244,0.0,0.0
2022-08-11,5610.0,5700.0,5600.0,5610.0,3898.083984375,26926,0.0,0.0
2022-08-12,5600.0,5600.0,5600.0,5600.0,3891.1337890625,16097,0.0,0.0
2022-08-15,5600.0,5600.0,5600.0,5600.0,3891.1337890625,0,0.0,0.0
2022-08-16,5600.0,5600.0,5600.0,5600.0,3907.180908203125,0,23.0,0.0
2022-08-17,5325.0,5370.0,5325.0,5325.0,3715.310791015625,19124,0.0,0.0
2022-08-18,5200.0,5310.0,5200.0,5200.0,3628.097412109375,31180,0.0,0.0
2022-08-19,5180.0,5220.0,5180.0,5180.0,3614.14306640625,22791,0.0,0.0
2022-08-22,5210.0,5210.0,5150.0,5210.0,3635.073974609375,67167,0.0,0.0
2022-08-23,5150.0,5150.0,5150.0,5150.0,3593.2109375,8172,0.0,0.0
2022-08-24,5000.0,5200.0,5000.0,5000.0,3488.55517578125,17064,0.0,0.0
2022-08-25,4990.0,4990.0,4950.0,4990.0,3481.57763671875,22249,0.0,0.0
2022-08-26,4990.0,4990.0,4990.0,4990.0,3481.57763671875,13837,0.0,0.0
2022-08-29,4900.0,4990.0,4900.0,4900.0,3418.7841796875,35167,0.0,0.0
2022-08-30,4800.0,4990.0,4800.0,4800.0,3349.012451171875,25070,0.0,0.0
2022-08-31,4750.0,4800.0,4750.0,4750.0,3314.12744140625,184579,0.0,0.0
2022-09-01,4750.0,4750.0,4750.0,4750.0,3314.12744140625,4859,0.0,0.0
2022-09-02,4750.0,4750.0,4750.0,4750.0,3314.12744140625,4378,0.0,0.0
2022-09-05,4800.0,4800.0,4785.0,4800.0,3349.012451171875,22336,0.0,0.0
2022-09-06,4800.0,4800.0,4800.0,4800.0,3349.012451171875,11673,0.0,0.0
2022-09-07,4800.0,4800.0,4800.0,4800.0,3349.012451171875,9156,0.0,0.0
2022-09-08,4800.0,4800.0,4800.0,4800.0,3349.012451171875,4268,0.0,0.0
2022-09-09,4850.0,4850.0,4800.0,4850.0,3383.8984375,17991,0.0,0.0
2022-09-12,4850.0,4850.0,4850.0,4850.0,3383.8984375,3217,0.0,0.0
2022-09-13,4820.0,4820.0,4800.0,4820.0,3362.966796875,14708,0.0,0.0
2022-09-14,4820.0,4820.0,4820.0,4820.0,3362.966796875,6746,0.0,0.0
2022-09-15,4699.0,4699.0,4699.0,4699.0,3294.263671875,4633,23.0,0.0
2022-09-16,4530.0,4530.0,4530.0,4530.0,3175.784423828125,3213,0.0,0.0
2022-09-19,4530.0,4530.0,4530.0,4530.0,3175.784423828125,5503,0.0,0.0
2022-09-20,4530.0,4530.0,4530.0,4530.0,3175.784423828125,2433,0.0,0.0
2022-09-21,4530.0,4530.0,4530.0,4530.0,3175.784423828125,145933,0.0,0.0
2022-09-22,4690.0,4690.0,4690.0,4690.0,3287.953369140625,5587,0.0,0.0
2022-09-23,4535.0,4550.0,4535.0,4535.0,3179.2900390625,7180,0.0,0.0
2022-09-26,4540.0,4600.0,4540.0,4540.0,3182.795166015625,16288,0.0,0.0
2022-09-27,4300.0,4500.0,4300.0,4300.0,3014.5419921875,22883,0.0,0.0
2022-09-28,4255.0,4300.0,4250.0,4255.0,2982.994384765625,15169,0.0,0.0
2022-09-29,4255.0,4255.0,4250.0,4255.0,2982.994384765625,9400,0.0,0.0
2022-09-30,4180.0,4180.0,4180.0,4180.0,2930.415283203125,3969,0.0,0.0
2022-10-03,4180.0,4180.0,4180.0,4180.0,2930.415283203125,5830,0.0,0.0
2022-10-04,4180.0,4180.0,4180.0,4180.0,2930.415283203125,3530,0.0,0.0
2022-10-05,4597.0,4597.0,4480.0,4597.0,3222.75537109375,18137,0.0,0.0
2022-10-06,4620.0,4620.0,4600.0,4620.0,3238.880126953125,16659,0.0,0.0
2022-10-07,4620.0,4620.0,4620.0,4620.0,3238.880126953125,1388,0.0,0.0
2022-10-10,4700.0,4700.0,4700.0,4700.0,3294.964599609375,26019,0.0,0.0
2022-10-11,4700.0,4700.0,4700.0,4700.0,3294.964599609375,7952,0.0,0.0
2022-10-12,4725.0,4800.0,4700.0,4725.0,3312.490478515625,36015,0.0,0.0
2022-10-13,4750.0,4750.0,4725.0,4750.0,3330.017333984375,23748,0.0,0.0
2022-10-14,4790.0,4790.0,4790.0,4790.0,3462.292724609375,10022,143.0,0.0
2022-10-17,4790.0,4790.0,4790.0,4790.0,3462.292724609375,0,0.0,0.0
2022-10-18,4325.0,4325.0,4310.0,4325.0,3126.1826171875,12525,0.0,0.0
2022-10-19,4500.0,4600.0,4500.0,4500.0,3252.676025390625,11417,0.0,0.0
2022-10-20,4500.0,4600.0,4500.0,4500.0,3252.676025390625,11417,0.0,0.0
2022-10-21,4505.0,4505.0,4505.0,4505.0,3256.290283203125,6749,0.0,0.0
2022-10-24,4380.0,4505.0,4380.0,4380.0,3165.937255859375,17822,0.0,0.0
2022-10-25,4380.0,4380.0,4380.0,4380.0,3165.937255859375,12853,0.0,0.0
2022-10-26,4205.0,4205.0,4205.0,4205.0,3039.44482421875,7705,0.0,0.0
2022-10-27,4200.0,4220.0,4200.0,4200.0,3035.830810546875,12122,0.0,0.0
2022-10-28,4310.0,4347.0,4310.0,4310.0,3115.34033203125,9936,0.0,0.0
2022-10-31,4350.0,4350.0,4310.0,4350.0,3144.253173828125,50332,0.0,0.0
2022-11-01,4361.0,4361.0,4360.0,4361.0,3152.20458984375,22383,0.0,0.0
2022-11-02,4361.0,4361.0,4361.0,4361.0,3152.20458984375,5619,0.0,0.0
2022-11-03,4200.0,4200.0,4200.0,4200.0,3035.830810546875,7772,0.0,0.0
2022-11-04,4200.0,4200.0,4200.0,4200.0,3035.830810546875,16258,0.0,0.0
2022-11-07,4200.0,4200.0,4200.0,4200.0,3035.830810546875,0,0.0,0.0
2022-11-08,4150.0,4150.0,4050.0,4150.0,2999.690185546875,17295,0.0,0.0
2022-11-09,4150.0,4150.0,4150.0,4150.0,2999.690185546875,3492,0.0,0.0
2022-11-10,4150.0,4150.0,4150.0,4150.0,2999.690185546875,8483,0.0,0.0
2022-11-11,4080.0,4150.0,4080.0,4080.0,2949.0927734375,15872,0.0,0.0
2022-11-14,4080.0,4080.0,4080.0,4080.0,2949.0927734375,0,0.0,0.0
2022-11-15,4150.0,4150.0,4149.0,4150.0,3016.696044921875,48399,23.0,0.0
2022-11-16,4150.0,4150.0,4150.0,4150.0,3016.696044921875,8592,0.0,0.0
2022-11-17,4150.0,4200.0,4150.0,4150.0,3016.696044921875,19481,0.0,0.0
2022-11-18,4051.0,4200.0,4051.0,4051.0,2944.73095703125,48883,0.0,0.0
2022-11-21,4057.0,4300.0,4057.0,4057.0,2949.092041015625,39885,0.0,0.0
2022-11-22,4057.0,4300.0,4057.0,4057.0,2949.092041015625,39885,0.0,0.0
2022-11-23,4248.0,4248.0,4248.0,4248.0,3087.933349609375,127061918,0.0,0.0
2022-11-24,4248.0,4248.0,4248.0,4248.0,3087.933349609375,0,0.0,0.0
2022-11-25,4248.0,4248.0,4248.0,4248.0,3087.933349609375,0,0.0,0.0
2022-11-28,4390.0,4390.0,4320.0,4320.0,3140.270751953125,11852,0.0,0.0
2022-11-29,4399.0,4500.0,4399.0,4500.0,3271.115966796875,15279,0.0,0.0
2022-11-30,4380.0,4700.0,4380.0,4700.0,3416.498779296875,89095,0.0,0.0
2022-12-01,4645.0,4700.0,4630.0,4700.0,3416.498779296875,189286,0.0,0.0
2022-12-02,4717.7001953125,4717.7001953125,4717.7001953125,4717.7001953125,3429.365478515625,3163,0.0,0.0
2022-12-05,4501.0,4750.0,4500.0,4500.0,3271.115966796875,29499,0.0,0.0
2022-12-06,4570.72021484375,4570.72021484375,4570.72021484375,4570.72021484375,3322.52294921875,522,0.0,0.0
2022-12-07,4732.18017578125,4732.18017578125,4732.18017578125,4732.18017578125,3439.890869140625,1003,0.0,0.0
2022-12-08,4732.18017578125,4732.18017578125,4732.18017578125,4732.18017578125,3439.890869140625,0,0.0,0.0
2022-12-09,4553.2099609375,4553.2099609375,4553.2099609375,4553.2099609375,3309.794677734375,650,0.0,0.0
2022-12-12,4618.52001953125,4618.52001953125,4618.52001953125,4618.52001953125,3357.269775390625,913,0.0,0.0
2022-12-13,4690.0,4690.0,4690.0,4690.0,3409.229736328125,7059,0.0,0.0
2022-12-14,4600.0,4600.0,4600.0,4600.0,3343.80712890625,6261,0.0,0.0
2022-12-15,4601.0,4601.0,4601.0,4601.0,3361.3408203125,5760,23.0,0.0
2022-12-16,4606.72998046875,4606.72998046875,4606.72998046875,4606.72998046875,3365.527099609375,1303,0.0,0.0
2022-12-19,4600.0,4600.0,4600.0,4600.0,3360.610107421875,6231,0.0,0.0
2022-12-20,4600.0,4600.0,4600.0,4600.0,3360.610107421875,5514,0.0,0.0
2022-12-21,4450.0,4450.0,4450.0,4450.0,3251.024658203125,3488,0.0,0.0
2022-12-22,4480.97998046875,4480.97998046875,4480.97998046875,4480.97998046875,3273.657958984375,980,0.0,0.0
2022-12-23,4555.740234375,4555.740234375,4555.740234375,4555.740234375,3328.275146484375,1212,0.0,0.0
2022-12-26,4451.0,4451.0,4451.0,4451.0,3251.755615234375,2763,0.0,0.0
2022-12-27,4587.0,4587.0,4480.0,4480.0,3272.94189453125,6164,0.0,0.0
2022-12-28,4481.0,4481.0,4481.0,4481.0,3273.6728515625,4789,0.0,0.0
2022-12-29,4600.0,4600.0,4560.0,4560.0,3331.3876953125,5477,0.0,0.0
2022-12-30,4560.0,4560.0,4560.0,4560.0,3331.3876953125,0,0.0,0.0
2023-01-02,4700.0,4700.0,4561.0,4561.0,3332.118408203125,8078,0.0,0.0
2023-01-03,4524.97021484375,4524.97021484375,4524.97021484375,4524.97021484375,3305.796142578125,3829,0.0,0.0
2023-01-04,4600.0,4600.0,4600.0,4600.0,3360.610107421875,6803,0.0,0.0
2023-01-05,4502.0,4502.0,4502.0,4502.0,3289.01513671875,4447,0.0,0.0
2023-01-06,4524.75,4524.75,4524.75,4524.75,3305.635498046875,2400,0.0,0.0
2023-01-09,4524.75,4524.75,4524.75,4524.75,3305.635498046875,0,0.0,0.0
2023-01-10,4699.0,4699.0,4699.0,4699.0,3432.936767578125,4558,0.0,0.0
2023-01-11,4623.75,4623.75,4623.75,4623.75,3377.961181640625,3088,0.0,0.0
2023-01-12,4700.0,4700.0,4700.0,4700.0,3433.667236328125,6847,0.0,0.0
2023-01-13,4694.31005859375,4694.31005859375,4694.31005859375,4694.31005859375,3429.5107421875,2145,0.0,0.0
2023-01-16,4505.0,4505.0,4505.0,4505.0,3291.206787109375,5203,0.0,0.0
2023-01-17,4551.60986328125,4551.60986328125,4551.60986328125,4551.60986328125,3342.322265625,1903,23.0,0.0
2023-01-18,4695.0,4820.0,4695.0,4820.0,3539.405029296875,13960,0.0,0.0
2023-01-19,4675.97998046875,4675.97998046875,4675.97998046875,4675.97998046875,3433.64892578125,978,0.0,0.0
2023-01-20,4779.0,4820.0,4779.0,4820.0,3539.405029296875,121739,0.0,0.0
2023-01-23,4812.06982421875,4812.06982421875,4812.06982421875,4812.06982421875,3533.582275390625,5397,0.0,0.0
2023-01-24,4800.08984375,4800.08984375,4800.08984375,4800.08984375,3524.78466796875,7748,0.0,0.0
2023-01-25,4800.0,4800.0,4681.0,4797.0,3522.515625,17052,0.0,0.0
2023-01-26,4586.7998046875,4586.7998046875,4586.7998046875,4586.7998046875,3368.1630859375,551,0.0,0.0
2023-01-27,4450.93017578125,4450.93017578125,4450.93017578125,4450.93017578125,3268.391357421875,3613,0.0,0.0
2023-01-30,4467.7998046875,4467.7998046875,4467.7998046875,4467.7998046875,3280.779052734375,698,0.0,0.0
2023-01-31,4416.0,4550.0,4416.0,4550.0,3341.14013671875,15647,0.0,0.0
2023-02-01,4418.0,4418.0,4402.0,4402.0,3232.460693359375,18680,0.0,0.0
2023-02-02,4401.0,4401.0,4401.0,4401.0,3231.72705078125,16902,0.0,0.0
2023-02-03,4452.3701171875,4452.3701171875,4452.3701171875,4452.3701171875,3269.44873046875,2000,0.0,0.0
2023-02-06,4380.7099609375,4380.7099609375,4380.7099609375,4380.7099609375,3216.827392578125,2737,0.0,0.0
2023-02-07,4398.3798828125,4398.3798828125,4398.3798828125,4398.3798828125,3229.802734375,2337,0.0,0.0
2023-02-08,4350.0,4350.0,4350.0,4350.0,3194.2763671875,10531,0.0,0.0
2023-02-09,4330.56005859375,4330.56005859375,4330.56005859375,4330.56005859375,3180.00146484375,351,0.0,0.0
2023-02-10,4290.0,4299.0,4290.0,4299.0,3156.826416015625,7944,0.0,0.0
2023-02-13,4290.0,4290.0,4290.0,4290.0,3150.2177734375,6422,0.0,0.0
2023-02-14,4408.77001953125,4408.77001953125,4408.77001953125,4408.77001953125,3237.432373046875,1595,0.0,0.0
2023-02-15,4111.0,4400.0,4111.0,4200.0,3100.302978515625,15884,23.0,0.0
2023-02-16,4380.0,4380.0,4200.0,4200.0,3100.302978515625,8048,0.0,0.0
2023-02-17,4204.27978515625,4204.27978515625,4204.27978515625,4204.27978515625,3103.462158203125,3688,0.0,0.0
2023-02-20,4120.0,4120.0,4120.0,4120.0,3041.249755859375,3631,0.0,0.0
2023-02-21,4150.0,4200.0,4150.0,4150.0,3063.39453125,39526,0.0,0.0
2023-02-22,4153.509765625,4153.509765625,4153.509765625,4153.509765625,3065.985595703125,3552,0.0,0.0
2023-02-23,4155.97998046875,4155.97998046875,4155.97998046875,4155.97998046875,3067.808837890625,4627,0.0,0.0
2023-02-24,4344.0,4344.0,4344.0,4344.0,3206.599365234375,5843,0.0,0.0
2023-02-27,4126.93994140625,4126.93994140625,4126.93994140625,4126.93994140625,3046.372314453125,1686,0.0,0.0
2023-02-28,4189.240234375,4189.240234375,4189.240234375,4189.240234375,3092.360595703125,1568,0.0,0.0
2023-03-01,4174.740234375,4174.740234375,4174.740234375,4174.740234375,3081.6572265625,707,0.0,0.0
2023-03-02,4051.0,4051.0,4000.0,4000.0,2952.669677734375,12883,0.0,0.0
2023-03-03,4000.0,4000.0,4000.0,4000.0,2952.669677734375,28107,0.0,0.0
2023-03-06,4219.0,4220.0,4200.0,4220.0,3115.066650390625,24707,0.0,0.0
2023-03-07,4100.0,4100.0,4100.0,4100.0,3026.486328125,6646,0.0,0.0
2023-03-08,4260.0,4260.0,4260.0,4260.0,3144.593505859375,8081,0.0,0.0
2023-03-09,4260.0,4260.0,4260.0,4260.0,3144.593505859375,6977,0.0,0.0
2023-03-10,4207.22998046875,4207.22998046875,4207.22998046875,4207.22998046875,3105.64013671875,8047,0.0,0.0
2023-03-13,4262.41015625,4262.41015625,4262.41015625,4262.41015625,3146.3720703125,2525,0.0,0.0
2023-03-14,4253.0400390625,4253.0400390625,4253.0400390625,4253.0400390625,3156.488037109375,645,23.0,0.0
2023-03-15,4151.0,4200.0,4100.0,4200.0,3117.123046875,27589,0.0,0.0
2023-03-16,4137.58984375,4137.58984375,4137.58984375,4137.58984375,3070.80419921875,4105,0.0,0.0
2023-03-17,4150.0,4150.0,4150.0,4150.0,3080.014404296875,8330,0.0,0.0
2023-03-20,4150.0,4150.0,4150.0,4150.0,3080.014404296875,0,0.0,0.0
2023-03-21,4064.0,4064.0,4062.0,4062.0,3014.70361328125,10775,0.0,0.0
2023-03-22,4062.0,4062.0,4000.0,4000.0,2968.688720703125,27046,0.0,0.0
2023-03-23,4051.60009765625,4051.60009765625,4051.60009765625,4051.60009765625,3006.984619140625,3624,0.0,0.0
2023-03-24,4003.5400390625,4003.5400390625,4003.5400390625,4003.5400390625,2971.316162109375,1212,0.0,0.0
2023-03-27,4229.0,4229.0,4200.0,4200.0,3117.123046875,8558,0.0,0.0
2023-03-28,4199.7998046875,4199.7998046875,4199.7998046875,4199.7998046875,3116.97412109375,4765,0.0,0.0
2023-03-29,4198.7900390625,4198.7900390625,4198.7900390625,4198.7900390625,3116.22509765625,496,0.0,0.0
2023-03-30,4200.0,4200.0,4200.0,4200.0,3117.123046875,11178,0.0,0.0
2023-03-31,4109.240234375,4109.240234375,4109.240234375,4109.240234375,3049.763427734375,2973,0.0,0.0
2023-04-03,4040.0,4040.0,4000.0,4000.0,2968.688720703125,61010,0.0,0.0
2023-04-04,4109.0,4109.0,4109.0,4109.0,3049.58544921875,5104,0.0,0.0
2023-04-05,4181.0,4239.0,4120.0,4239.0,3146.06787109375,53211,0.0,0.0
2023-04-06,4239.0,4239.0,4239.0,4239.0,3146.06787109375,0,0.0,0.0
2023-04-07,4239.0,4239.0,4239.0,4239.0,3146.06787109375,0,0.0,0.0
2023-04-10,4151.0,4290.0,4150.0,4180.0,3102.279541015625,52001,0.0,0.0
2023-04-11,4146.0,4285.0,4100.0,4285.0,3180.2080078125,72131,0.0,0.0
2023-04-12,4287.919921875,4287.919921875,4287.919921875,4287.919921875,3182.375244140625,2358,0.0,0.0
2023-04-13,4130.0,4290.0,4130.0,4290.0,3183.918701171875,152814,0.0,0.0
2023-04-14,4290.0,4290.0,4290.0,4290.0,3183.918701171875,0,0.0,0.0
2023-04-17,4165.0,4165.0,4165.0,4165.0,3091.147216796875,6749,0.0,0.0
2023-04-18,4165.0,4200.0,4105.0,4105.0,3046.61669921875,157616,0.0,0.0
2023-04-19,4190.0,4190.0,4190.0,4190.0,3109.701416015625,4977,0.0,0.0
2023-04-20,4133.35009765625,4133.35009765625,4133.35009765625,4133.35009765625,3067.6572265625,1935,0.0,0.0
2023-04-21,4181.240234375,4181.240234375,4181.240234375,4181.240234375,3103.199951171875,2532,0.0,0.0
2023-04-24,4190.0,4200.0,4107.0,4200.0,3117.123046875,26575,0.0,0.0
2023-04-25,4127.0,4200.0,4126.0,4200.0,3117.123046875,47860,0.0,0.0
2023-04-26,4200.0,4200.0,4200.0,4200.0,3117.123046875,47950,0.0,0.0
2023-04-27,4160.0,4160.0,4160.0,4160.0,3087.436279296875,40526,0.0,0.0
2023-04-28,4232.0,4300.0,4232.0,4270.0,3169.074951171875,73654,0.0,0.0
2023-05-01,4270.0,4270.0,4270.0,4270.0,3169.074951171875,0,0.0,0.0
2023-05-02,4201.0,4201.0,4201.0,4201.0,3117.865478515625,9194,0.0,0.0
2023-05-03,4250.0,4250.0,4210.0,4210.0,3124.545166015625,7767,0.0,0.0
2023-05-04,4226.72998046875,4226.72998046875,4226.72998046875,4226.72998046875,3136.961669921875,2489,0.0,0.0
2023-05-05,4210.0,4210.0,4128.0,4128.0,3063.68701171875,8495,0.0,0.0
2023-05-08,4130.0,4200.0,4130.0,4130.0,3065.1708984375,15341,0.0,0.0
2023-05-09,4193.669921875,4193.669921875,4193.669921875,4193.669921875,3112.425048828125,1229,0.0,0.0
2023-05-10,4150.0,4150.0,4150.0,4150.0,3080.014404296875,5292,0.0,0.0
2023-05-11,4200.0,4200.0,4166.0,4166.0,3091.88916015625,6730,0.0,0.0
2023-05-12,4200.0,4200.0,4200.0,4200.0,3117.123046875,4217,0.0,0.0
2023-05-15,4245.22998046875,4245.22998046875,4245.22998046875,4245.22998046875,3150.69189453125,1154,0.0,0.0
2023-05-16,4200.0,4200.0,4200.0,4200.0,3117.123046875,473,0.0,0.0
2023-05-17,4224.39990234375,4224.39990234375,4224.39990234375,4224.39990234375,3135.23193359375,1947,0.0,0.0
2023-05-18,4215.72021484375,4215.72021484375,4215.72021484375,4215.72021484375,3128.7900390625,1458,0.0,0.0
2023-05-19,4203.14990234375,4203.14990234375,4203.14990234375,4203.14990234375,3119.4609375,397,0.0,0.0
2023-05-22,4203.14990234375,4203.14990234375,4203.14990234375,4203.14990234375,3119.4609375,0,0.0,0.0
2023-05-23,4200.0,4200.0,4200.0,4200.0,3117.123046875,5267,0.0,0.0
2023-05-24,4189.02001953125,4189.02001953125,4189.02001953125,4189.02001953125,3108.973876953125,3181,0.0,0.0
2023-05-25,4196.2900390625,4196.2900390625,4196.2900390625,4196.2900390625,3114.369384765625,4385,0.0,0.0
2023-05-26,4151.0,4151.0,4151.0,4151.0,3080.7568359375,11028,0.0,0.0
2023-05-29,4169.72021484375,4169.72021484375,4169.72021484375,4169.72021484375,3094.650390625,2084,0.0,0.0
2023-05-30,4200.0,4200.0,4200.0,4200.0,3117.123046875,10562,0.0,0.0
2023-05-31,4053.0,4053.0,4000.0,4000.0,2968.688720703125,316523,0.0,0.0
2023-06-01,4100.0,4189.0,4000.0,4000.0,2968.688720703125,526603,0.0,0.0
2023-06-02,4050.0,4172.0,4035.0,4172.0,3096.342041015625,24143,0.0,0.0
2023-06-05,4056.0,4199.0,4056.0,4100.0,3042.90576171875,74494,0.0,0.0
2023-06-06,4197.0,4300.0,4197.0,4214.0,3127.51318359375,108648,0.0,0.0
2023-06-07,4299.0,4397.0,4299.0,4335.0,3217.31640625,40049,0.0,0.0
2023-06-08,4393.0,4393.0,4360.0,4360.0,3235.87109375,20488,0.0,0.0
2023-06-13,4396.0,4400.0,4396.0,4398.0,3264.072998046875,25176,0.0,0.0
2023-06-14,4157.0,4298.0,4157.0,4298.0,3319.684326171875,43452,172.0,0.0
2023-06-15,4200.0,4345.0,4200.0,4345.0,3355.986328125,9529,0.0,0.0
2023-06-16,4345.0,4620.0,4300.0,4620.0,3568.390625,149663,0.0,0.0
2023-06-19,4620.0,4620.0,4620.0,4620.0,3568.390625,0,0.0,0.0
2023-06-20,4500.0,4728.0,4401.0,4728.0,3651.807861328125,45752,0.0,0.0
2023-06-21,4699.0,4699.0,4699.0,4699.0,3629.408447265625,4760,0.0,0.0
2023-06-22,4504.0,4670.0,4500.0,4670.0,3607.009033203125,10662,0.0,0.0
2023-06-23,4649.509765625,4649.509765625,4649.509765625,4649.509765625,3591.183349609375,171,0.0,0.0
2023-06-26,4375.81005859375,4375.81005859375,4375.81005859375,4375.81005859375,3379.783203125,1375,0.0,0.0
2023-06-27,4480.0,4588.0,4480.0,4588.0,3543.67431640625,8935,0.0,0.0
2023-06-28,4264.2099609375,4264.2099609375,4264.2099609375,4264.2099609375,3293.58544921875,1103,0.0,0.0
2023-06-29,4400.0,4400.0,4400.0,4400.0,3398.46728515625,4461,0.0,0.0
2023-06-30,4282.169921875,4282.169921875,4282.169921875,4282.169921875,3307.4580078125,1131,0.0,0.0
2023-07-03,4282.169921875,4282.169921875,4282.169921875,4282.169921875,3307.4580078125,0,0.0,0.0
2023-07-04,4261.83984375,4261.83984375,4261.83984375,4261.83984375,3291.75537109375,1308,0.0,0.0
2023-07-05,4400.0,4400.0,4400.0,4400.0,3398.46728515625,424,0.0,0.0
2023-07-06,4400.0,4400.0,4400.0,4400.0,3398.46728515625,48909,0.0,0.0
2023-07-07,4450.0,4579.0,4450.0,4579.0,3536.722900390625,9340,0.0,0.0
2023-07-10,4400.0,4405.0,4400.0,4405.0,3402.329345703125,12088,0.0,0.0
2023-07-11,4405.0,4405.0,4405.0,4405.0,3402.329345703125,3042,0.0,0.0
2023-07-12,4575.0,4730.0,4575.0,4730.0,3653.3515625,7828,0.0,0.0
2023-07-13,4730.0,4730.0,4730.0,4730.0,3653.3515625,3602,0.0,0.0
2023-07-14,4700.0,4700.0,4700.0,4700.0,3630.18115234375,7922,0.0,0.0
2023-07-17,4710.0,4710.0,4710.0,4710.0,3637.904541015625,6052,0.0,0.0
2023-07-18,4704.0,4705.0,4704.0,4705.0,3634.04296875,5261,0.0,0.0
2023-07-19,4704.0,4705.0,4699.0,4699.0,3629.408447265625,9629,0.0,0.0
2023-07-20,4699.0,4699.0,4699.0,4699.0,3629.408447265625,0,0.0,0.0
2023-07-21,4653.64990234375,4653.64990234375,4653.64990234375,4653.64990234375,3594.380859375,9196,0.0,0.0
2023-07-24,4700.0,4700.0,4700.0,4700.0,3630.18115234375,4682,0.0,0.0
2023-07-25,4700.0,4700.0,4700.0,4700.0,3630.18115234375,115,0.0,0.0
2023-07-26,4700.0,4700.0,4700.0,4700.0,3630.18115234375,3528,0.0,0.0
2023-07-27,4700.0,4700.0,4700.0,4700.0,3630.18115234375,481,0.0,0.0
2023-07-28,4700.0,4700.0,4700.0,4700.0,3630.18115234375,1511,0.0,0.0
2023-07-31,4700.0,4700.0,4700.0,4700.0,3630.18115234375,0,0.0,0.0
2023-08-01,4700.0,4700.0,4526.0,4526.0,3495.786376953125,8290,0.0,0.0
2023-08-02,4690.68994140625,4690.68994140625,4690.68994140625,4690.68994140625,3622.990234375,1433,0.0,0.0
2023-08-03,4700.0,4700.0,4700.0,4700.0,3630.18115234375,4068,0.0,0.0
2023-08-04,4700.0,4700.0,4700.0,4700.0,3630.18115234375,0,0.0,0.0
2023-08-07,4700.0,4700.0,4700.0,4700.0,3630.18115234375,0,0.0,0.0
2023-08-08,4637.18994140625,4637.18994140625,4637.18994140625,4637.18994140625,3581.66796875,1242,0.0,0.0
2023-08-09,4720.0,4728.0,4720.0,4728.0,3651.807861328125,11583,0.0,0.0
2023-08-10,4602.0,4602.0,4601.0,4601.0,3553.715087890625,6694,0.0,0.0
2023-08-11,4712.0,4712.0,4699.0,4699.0,3629.408447265625,59266628,0.0,0.0
2023-08-14,4699.0,4699.0,4699.0,4699.0,3629.408447265625,902,0.0,0.0
2023-08-15,4601.0,4708.0,4601.0,4707.0,3635.587890625,9159,0.0,0.0
2023-08-16,4700.0,4705.0,4700.0,4705.0,3634.04296875,4671,0.0,0.0
2023-08-17,4705.0,4705.0,4705.0,4705.0,3634.04296875,3105,0.0,0.0
2023-08-18,4700.0,4700.0,4700.0,4700.0,3630.18115234375,3932,0.0,0.0
2023-08-21,4700.0,4700.0,4700.0,4700.0,3630.18115234375,0,0.0,0.0
2023-08-22,4700.0,4700.0,4700.0,4700.0,3630.18115234375,5684,0.0,0.0
2023-08-23,4650.0,4650.0,4650.0,4650.0,3591.561279296875,3347,0.0,0.0
2023-08-24,4650.0,4650.0,4650.0,4650.0,3591.561279296875,4752,0.0,0.0
2023-08-25,4600.0,4600.0,4600.0,4600.0,3552.94287109375,13735,0.0,0.0
2023-08-28,4600.0,4600.0,4600.0,4600.0,3552.94287109375,7257,0.0,0.0
2023-08-29,4492.9599609375,4492.9599609375,4492.9599609375,4492.9599609375,3470.267822265625,13385,0.0,0.0
2023-08-30,4600.0,4600.0,4600.0,4600.0,3552.94287109375,7178,0.0,0.0
2023-08-31,4410.0,4410.0,4410.0,4410.0,3406.19140625,12748,0.0,0.0
2023-09-01,4499.0,4499.0,4499.0,4499.0,3474.9326171875,8109,0.0,0.0
2023-09-04,4499.0,4499.0,4499.0,4499.0,3474.9326171875,4828,0.0,0.0
2023-09-05,4409.0,4449.0,4300.0,4300.0,3321.22900390625,11203,0.0,0.0
2023-09-06,4300.0,4300.0,4100.0,4279.0,3305.009765625,53550,0.0,0.0
2023-09-07,4279.0,4300.0,4279.0,4300.0,3321.22900390625,26608,0.0,0.0
2023-09-08,4310.0,4310.0,4300.0,4300.0,3321.22900390625,30257,0.0,0.0
2023-09-11,4384.7900390625,4384.7900390625,4384.7900390625,4384.7900390625,3386.719482421875,2337,0.0,0.0
2023-09-12,4492.0,4492.0,4350.0,4390.0,3390.742919921875,42727,0.0,0.0
2023-09-13,4300.0,4300.0,4300.0,4300.0,3321.22900390625,16042,0.0,0.0
2023-09-14,4390.0,4390.0,4330.0,4350.0,3359.84814453125,25130,0.0,0.0
2023-09-15,4156.56982421875,4156.56982421875,4156.56982421875,4156.56982421875,3342.61474609375,9154,172.0,0.0
2023-09-18,4123.0,4131.0,4123.0,4131.0,3322.0517578125,13234,0.0,0.0
2023-09-19,4131.0,4131.0,4131.0,4131.0,3322.0517578125,6045,0.0,0.0
2023-09-20,4100.0,4100.0,4090.0,4090.0,3289.080810546875,12860,0.0,0.0
2023-09-21,4090.0,4090.0,4090.0,4090.0,3289.080810546875,4050,0.0,0.0
2023-09-22,4100.0,4100.0,4100.0,4100.0,3297.122314453125,6147,0.0,0.0
2023-09-25,4100.0,4140.0,4100.0,4100.0,3297.122314453125,31604,0.0,0.0
2023-09-26,4100.0,4100.0,4100.0,4100.0,3297.122314453125,3897,0.0,0.0
2023-09-27,4110.0,4165.0,4110.0,4165.0,3349.393798828125,24589,0.0,0.0
2023-09-28,4289.0,4330.0,4289.0,4330.0,3482.0830078125,11246,0.0,0.0
2023-09-29,4187.0,4187.0,4187.0,4187.0,3367.085693359375,5107,0.0,0.0
2023-10-02,4201.580078125,4201.580078125,4201.580078125,4201.580078125,3378.810546875,2466,0.0,0.0
2023-10-03,4280.0,4280.0,4192.0,4192.0,3371.107177734375,17154,0.0,0.0
2023-10-04,4227.93994140625,4227.93994140625,4227.93994140625,4227.93994140625,3400.0087890625,2303,0.0,0.0
2023-10-05,4277.490234375,4277.490234375,4277.490234375,4277.490234375,3439.855712890625,1127,0.0,0.0
2023-10-06,4235.2099609375,4235.2099609375,4235.2099609375,4235.2099609375,3405.855224609375,1146,0.0,0.0
2023-10-09,4192.0,4192.0,4192.0,4192.0,3371.107177734375,3926,0.0,0.0
2023-10-10,4200.39013671875,4200.39013671875,4200.39013671875,4200.39013671875,3377.854248046875,335,0.0,0.0
2023-10-11,4309.0,4309.0,4309.0,4309.0,3465.195556640625,5203,0.0,0.0
2023-10-12,4300.0,4300.0,4300.0,4300.0,3457.957763671875,5397,0.0,0.0
2023-10-13,4300.0,4300.0,4300.0,4300.0,3457.957763671875,1442,0.0,0.0
2023-10-16,4300.0,4300.0,4300.0,4300.0,3457.957763671875,0,0.0,0.0
2023-10-17,4300.0,4300.0,4239.0,4239.0,3408.903076171875,12157,0.0,0.0
2023-10-18,4240.0,4240.0,4240.0,4240.0,3409.70703125,5463,0.0,0.0
2023-10-19,4238.0,4238.0,4238.0,4238.0,3408.098876953125,8874,0.0,0.0
2023-10-20,4200.0,4200.0,4200.0,4200.0,3377.540283203125,10681,0.0,0.0
2023-10-23,4250.0,4250.0,4250.0,4250.0,3417.748779296875,13973,0.0,0.0
2023-10-24,4250.0,4250.0,4250.0,4250.0,3417.748779296875,4049,0.0,0.0
2023-10-25,4222.990234375,4222.990234375,4222.990234375,4222.990234375,3396.028564453125,1806,0.0,0.0
2023-10-26,4250.0,4250.0,4250.0,4250.0,3417.748779296875,3287,0.0,0.0
2023-10-27,4237.0,4237.0,4237.0,4237.0,3407.294921875,10499,0.0,0.0
2023-10-30,4237.0,4237.0,4237.0,4237.0,3407.294921875,2744,0.0,0.0
2023-10-31,4249.0,4249.0,4249.0,4249.0,3416.94482421875,10448,0.0,0.0
2023-11-01,4100.0,4100.0,4100.0,4100.0,3297.122314453125,65545,0.0,0.0
2023-11-02,4100.0,4100.0,4100.0,4100.0,3297.122314453125,52330,0.0,0.0
2023-11-03,4100.0,4100.0,4100.0,4100.0,3297.122314453125,13469,0.0,0.0
2023-11-06,4100.0,4100.0,4100.0,4100.0,3297.122314453125,0,0.0,0.0
2023-11-07,4100.0,4100.0,4100.0,4100.0,3297.122314453125,2682,0.0,0.0
2023-11-08,4100.0,4100.0,4100.0,4100.0,3297.122314453125,3678,0.0,0.0
2023-11-09,4100.0,4100.0,4100.0,4100.0,3297.122314453125,714,0.0,0.0
2023-11-10,4100.0,4100.0,4100.0,4100.0,3297.122314453125,5847,0.0,0.0
2023-11-13,4100.0,4100.0,4100.0,4100.0,3297.122314453125,0,0.0,0.0
2023-11-14,4100.0,4100.0,4100.0,4100.0,3297.122314453125,1167,0.0,0.0
2023-11-15,4065.0,4065.0,4065.0,4065.0,3268.976318359375,10060,0.0,0.0
2023-11-16,4065.0,4065.0,4065.0,4065.0,3268.976318359375,134,0.0,0.0
2023-11-17,4140.0,4140.0,4065.0,4065.0,3268.976318359375,39229,0.0,0.0
2023-11-20,4100.0,4100.0,4100.0,4100.0,3297.122314453125,61896,0.0,0.0
2023-11-21,4100.0,4100.0,4100.0,4100.0,3297.122314453125,650,0.0,0.0
2023-11-22,4100.0,4100.0,4100.0,4100.0,3297.122314453125,5129,0.0,0.0
2023-11-23,4100.0,4100.0,4100.0,4100.0,3297.122314453125,2148,0.0,0.0
2023-11-24,4130.0,4130.0,4130.0,4130.0,3321.248046875,7978,0.0,0.0
2023-11-27,4105.0,4105.0,4105.0,4105.0,3301.143310546875,13881,0.0,0.0
2023-11-28,4180.0,4200.0,4105.0,4105.0,3301.143310546875,47995,0.0,0.0
2023-11-29,4120.0,4120.0,4120.0,4120.0,3313.2060546875,22765,0.0,0.0
2023-11-30,4120.0,4120.0,4120.0,4120.0,3313.2060546875,6179,0.0,0.0
2023-12-01,4170.0,4170.0,4170.0,4170.0,3353.414794921875,6930,0.0,0.0
2023-12-04,4255.0,4255.0,4215.0,4215.0,3389.60302734375,14807,0.0,0.0
2023-12-05,4215.0,4215.0,4215.0,4215.0,3389.60302734375,6800,0.0,0.0
2023-12-06,4150.0,4150.0,4140.0,4140.0,3329.289306640625,7420,0.0,0.0
2023-12-07,4140.0,4140.0,4140.0,4140.0,3329.289306640625,10419,0.0,0.0
2023-12-08,4140.0,4140.0,4140.0,4140.0,3329.289306640625,0,0.0,0.0
2023-12-11,4140.0,4140.0,4140.0,4140.0,3329.289306640625,9740,0.0,0.0
2023-12-12,4145.0,4145.0,4145.0,4145.0,3333.310302734375,5238,0.0,0.0
2023-12-13,4185.0,4185.0,4185.0,4185.0,3365.477294921875,14913,0.0,0.0
2023-12-14,4300.0,4320.0,4255.0,4320.0,3474.041259765625,46965,0.0,0.0
2023-12-15,4160.0,4340.0,4150.0,4340.0,3634.845947265625,43295,172.0,0.0
2023-12-18,4340.0,4340.0,4340.0,4340.0,3634.845947265625,2386,0.0,0.0
2023-12-19,4250.0,4250.0,4250.0,4250.0,3559.468505859375,38797,0.0,0.0
2023-12-20,4300.0,4320.0,4250.0,4250.0,3559.468505859375,43115,0.0,0.0
2023-12-21,4270.0,4270.0,4270.0,4270.0,3576.21923828125,11923,0.0,0.0
2023-12-22,4270.0,4270.0,4270.0,4270.0,3576.21923828125,6789,0.0,0.0
2023-12-25,4270.0,4270.0,4270.0,4270.0,3576.21923828125,0,0.0,0.0
2023-12-26,4270.0,4270.0,4270.0,4270.0,3576.21923828125,2549,0.0,0.0
2023-12-27,4550.0,4560.0,4550.0,4560.0,3819.100341796875,24331,0.0,0.0
2023-12-28,4650.0,4650.0,4520.0,4600.0,3852.60107421875,24672,0.0,0.0
2023-12-29,4600.0,4600.0,4600.0,4600.0,3852.60107421875,0,0.0,0.0
2024-01-01,4600.0,4600.0,4600.0,4600.0,3852.60107421875,0,0.0,0.0
2024-01-02,4600.0,4600.0,4600.0,4600.0,3852.60107421875,5308,0.0,0.0
2024-01-03,4600.0,4620.0,4600.0,4620.0,3869.35205078125,38650,0.0,0.0
2024-01-04,4750.0,4755.0,4700.0,4755.0,3982.416748046875,63093,0.0,0.0
2024-01-05,4835.0,4900.0,4790.0,4840.0,4053.6064453125,79454,0.0,0.0
2024-01-08,4840.0,4840.0,4840.0,4840.0,4053.6064453125,0,0.0,0.0
2024-01-09,4790.0,4840.0,4790.0,4840.0,4053.6064453125,27991,0.0,0.0
2024-01-10,4905.0,4975.0,4905.0,4975.0,4166.67138671875,29319,0.0,0.0
2024-01-11,5010.0,5010.0,5010.0,5010.0,4195.984375,6366,0.0,0.0
2024-01-12,5010.0,5010.0,5010.0,5010.0,4195.984375,3766,0.0,0.0
2024-01-15,5020.0,5020.0,5020.0,5020.0,4204.36083984375,10776,0.0,0.0
2024-01-16,5100.0,5160.0,5100.0,5160.0,4321.61376953125,27342,0.0,0.0
2024-01-17,5170.0,5300.0,5020.0,5300.0,4438.86669921875,285953,0.0,0.0
2024-01-18,5350.0,5350.0,5350.0,5350.0,4480.74267578125,6661,0.0,0.0
2024-01-19,5110.0,5110.0,5050.0,5050.0,4229.486328125,14493,0.0,0.0
2024-01-22,5050.0,5050.0,5050.0,5050.0,4229.486328125,0,0.0,0.0
2024-01-23,5200.0,5270.0,5110.0,5270.0,4413.74072265625,23182,0.0,0.0
2024-01-24,5270.0,5270.0,5270.0,5270.0,4413.74072265625,0,0.0,0.0
2024-01-25,5270.0,5270.0,5270.0,5270.0,4413.74072265625,0,0.0,0.0
2024-01-26,5270.0,5270.0,5270.0,5270.0,4413.74072265625,0,0.0,0.0
2024-01-29,5250.0,5250.0,5220.0,5220.0,4371.865234375,14382,0.0,0.0
2024-01-30,5220.0,5340.0,5220.0,5250.0,4396.99072265625,16767,0.0,0.0
2024-01-31,5250.0,5250.0,4730.0,5040.0,4221.11083984375,72735,0.0,0.0
2024-02-01,5200.0,5200.0,5200.0,5200.0,4355.1142578125,13028,0.0,0.0
2024-02-02,5080.0,5080.0,5000.0,5000.0,4187.6103515625,21423,0.0,0.0
2024-02-05,5100.0,5100.0,5100.0,5100.0,4271.3623046875,7133,0.0,0.0
2024-02-06,5020.0,5020.0,5020.0,5020.0,4204.36083984375,7440,0.0,0.0
2024-02-07,5020.0,5020.0,5020.0,5020.0,4204.36083984375,374,0.0,0.0
2024-02-08,5100.0,5190.0,5100.0,5120.0,4288.11279296875,20759,0.0,0.0
2024-02-09,5170.0,5170.0,5170.0,5170.0,4329.98876953125,7525,0.0,0.0
2024-02-12,5120.0,5120.0,5120.0,5120.0,4288.11279296875,7839,0.0,0.0
2024-02-13,5100.0,5100.0,5050.0,5050.0,4229.486328125,19351,0.0,0.0
2024-02-14,5050.0,5050.0,5050.0,5050.0,4229.486328125,2200,0.0,0.0
2024-02-15,5050.0,5050.0,5050.0,5050.0,4229.486328125,2913,0.0,0.0
2024-02-16,5080.0,5080.0,5080.0,5080.0,4254.611328125,6491,0.0,0.0
2024-02-19,5100.0,5100.0,5100.0,5100.0,4271.3623046875,11620,0.0,0.0
2024-02-20,5100.0,5100.0,5000.0,5000.0,4187.6103515625,12450,0.0,0.0
2024-02-21,5100.0,5100.0,5100.0,5100.0,4271.3623046875,15663,0.0,0.0
2024-02-22,5000.0,5000.0,4920.0,5000.0,4187.6103515625,27513,0.0,0.0
2024-02-23,5000.0,5000.0,5000.0,5000.0,4187.6103515625,8827,0.0,0.0
2024-02-26,5000.0,5000.0,5000.0,5000.0,4187.6103515625,4699,0.0,0.0
2024-02-27,5000.0,5000.0,5000.0,5000.0,4187.6103515625,699,0.0,0.0
2024-02-28,5120.0,5200.0,5120.0,5200.0,4355.1142578125,27085,0.0,0.0
2024-02-29,5080.0,5080.0,5080.0,5080.0,4254.611328125,4961,0.0,0.0
2024-03-01,5080.0,5100.0,5010.0,5100.0,4271.3623046875,38079,0.0,0.0
2024-03-04,5100.0,5100.0,5100.0,5100.0,4271.3623046875,15031,0.0,0.0
2024-03-05,5100.0,5100.0,5100.0,5100.0,4271.3623046875,4291,0.0,0.0
2024-03-06,5120.0,5290.0,5120.0,5290.0,4430.49169921875,15395,0.0,0.0
2024-03-07,5120.0,5120.0,5100.0,5120.0,4288.11279296875,17265,0.0,0.0
2024-03-08,5150.0,5150.0,5150.0,5150.0,4313.23828125,3728,0.0,0.0
2024-03-11,5150.0,5150.0,5150.0,5150.0,4313.23828125,4806,0.0,0.0
2024-03-12,5150.0,5150.0,5150.0,5150.0,4313.23828125,1498,0.0,0.0
2024-03-13,5210.0,5210.0,5210.0,5210.0,4363.4892578125,6827,0.0,0.0
2024-03-14,5220.0,5220.0,5220.0,5220.0,4371.865234375,9277,0.0,0.0
2024-03-15,5200.0,5200.0,5160.0,5160.0,4321.61376953125,15941,0.0,0.0
2024-03-18,5300.0,5310.0,5300.0,5310.0,4447.24169921875,9966,0.0,0.0
2024-03-19,5310.0,5310.0,5310.0,5310.0,4447.24169921875,3198,0.0,0.0
2024-03-20,5290.0,5290.0,5130.0,5160.0,4321.61376953125,13307,0.0,0.0
2024-03-21,5160.0,5160.0,5160.0,5160.0,4321.61376953125,5575,0.0,0.0
2024-03-22,5160.0,5240.0,5120.0,5240.0,4388.61572265625,21334,0.0,0.0
2024-03-26,5160.0,5160.0,5130.0,5130.0,4296.48779296875,10830,0.0,0.0
2024-03-27,5130.0,5130.0,5130.0,5130.0,4296.48779296875,3343,0.0,0.0
2024-03-28,5130.0,5130.0,5130.0,5130.0,4296.48779296875,0,0.0,0.0
2024-03-29,5130.0,5130.0,5130.0,5130.0,4296.48779296875,0,0.0,0.0
2024-04-01,5160.0,5390.0,5160.0,5300.0,4438.86669921875,31830,0.0,0.0
2024-04-02,5300.0,5340.0,5260.0,5340.0,4472.36767578125,63215,0.0,0.0
2024-04-03,5340.0,5340.0,5220.0,5340.0,4472.36767578125,21949,0.0,0.0
2024-04-04,5340.0,5500.0,5340.0,5500.0,4606.37109375,87787,0.0,0.0
2024-04-05,5500.0,5500.0,5460.0,5490.0,4597.99609375,79469,0.0,0.0
2024-04-08,5490.0,5500.0,5500.0,5500.0,4606.37109375,12182,0.0,0.0
2024-04-09,5500.0,5570.0,5500.0,5570.0,4664.998046875,39413,0.0,0.0
2024-04-10,5570.0,5600.0,5570.0,5600.0,4690.123046875,88902,0.0,0.0
2024-04-11,5600.0,5800.0,5670.0,5800.0,4857.62744140625,56419,0.0,0.0
2024-04-12,5800.0,5820.0,5800.0,5800.0,4857.62744140625,20907,0.0,0.0
2024-04-15,5800.0,5830.0,5800.0,5830.0,4882.75341796875,23040,0.0,0.0
2024-04-16,5830.0,5800.0,5800.0,5800.0,4857.62744140625,31875,0.0,0.0
2024-04-17,5800.0,5800.0,5800.0,5800.0,4857.62744140625,24034,0.0,0.0
2024-04-18,5800.0,6000.0,5840.0,6000.0,5025.13134765625,118447,0.0,0.0
2024-04-19,6000.0,6290.0,6020.0,6290.0,5268.01318359375,440013,0.0,0.0
2024-04-22,6290.0,6300.0,6290.0,6300.0,5276.388671875,12368,0.0,0.0
2024-04-23,6300.0,6450.0,6310.0,6450.0,5402.01708984375,50430,0.0,0.0
2024-04-24,6450.0,6540.0,6450.0,6540.0,5477.3935546875,24653,0.0,0.0
2024-04-25,6540.0,6560.0,6500.0,6560.0,5494.14501953125,15944,0.0,0.0
2024-04-26,6560.0,6540.0,6540.0,6540.0,5477.3935546875,41553,0.0,0.0
2024-04-29,6540.0,6600.0,6550.0,6590.0,5519.2705078125,51392,0.0,0.0
2024-04-30,6590.0,6600.0,6590.0,6590.0,5519.2705078125,49316,0.0,0.0
2024-05-02,6590.0,6600.0,6600.0,6600.0,5527.64453125,15961,0.0,0.0
2024-05-03,5100.0,5100.0,5100.0,5100.0,4271.3623046875,15031,0.0,0.0
2024-05-06,6600.0,6650.0,6600.0,6650.0,5569.521484375,43569,0.0,0.0
2024-05-07,6650.0,6690.0,6660.0,6690.0,5603.0224609375,56381,0.0,0.0
2024-05-08,6690.0,6800.0,6680.0,6800.0,5695.1494140625,36732,0.0,0.0
2024-05-09,6800.0,7000.0,6850.0,7000.0,5862.654296875,60051,0.0,0.0
2024-05-10,7000.0,7200.0,7000.0,7200.0,6030.15869140625,230228,0.0,0.0
2024-05-14,7200.0,7200.0,7190.0,7200.0,6030.15869140625,51698,0.0,0.0
2024-05-15,7200.0,7190.0,7100.0,7100.0,5946.40673828125,19236,0.0,0.0
2024-05-16,7100.0,7100.0,6650.0,6990.0,5854.27880859375,76163,0.0,0.0
2024-05-17,6990.0,7000.0,6950.0,7000.0,5862.654296875,17127,0.0,0.0
2024-05-20,7000.0,7040.0,6980.0,7040.0,5896.1552734375,18806,0.0,0.0
2024-05-21,7040.0,7100.0,7020.0,7100.0,5946.40673828125,21708,0.0,0.0
2024-05-22,7100.0,7140.0,7100.0,7110.0,5954.78125,36639,0.0,0.0
2024-05-23,7110.0,7110.0,7110.0,7110.0,5954.78125,0,0.0,0.0
2024-05-24,7170.0,7180.0,7100.0,7180.0,6013.40771484375,29636,0.0,0.0
2024-05-27,7180.0,7180.0,7180.0,7180.0,6013.40771484375,46750,0.0,0.0
2024-05-28,7180.0,7180.0,7170.0,7180.0,6013.40771484375,28208,0.0,0.0
2024-05-29,7180.0,7180.0,7100.0,7100.0,5946.40673828125,52433,0.0,0.0
2024-05-30,7100.0,7180.0,7180.0,7180.0,6013.40771484375,40578,0.0,0.0
2024-05-31,7180.0,7100.0,6900.0,6900.0,5778.9013671875,271791,0.0,0.0
2024-06-04,6900.0,7100.0,6880.0,7100.0,5946.40673828125,30481,0.0,0.0
2024-06-05,7100.0,7100.0,7100.0,7100.0,5946.40673828125,10193,0.0,0.0
2024-06-06,7100.0,7190.0,7100.0,7190.0,6021.783203125,52194,0.0,0.0
2024-06-07,7190.0,7200.0,6880.0,7180.0,6013.40771484375,28052,0.0,0.0
2024-06-11,7180.0,7100.0,7100.0,7100.0,5946.40673828125,50831,0.0,0.0
2024-06-12,7100.0,7120.0,7100.0,7120.0,5963.15625,43661,0.0,0.0
2024-06-13,7120.0,7120.0,7120.0,7120.0,5963.15625,28271,0.0,0.0
2024-06-14,7120.0,7170.0,7120.0,7170.0,6005.033203125,48204,0.0,0.0
2024-06-17,7170.0,7160.0,7150.0,7150.0,5988.2822265625,14550,0.0,0.0
2024-06-18,7150.0,7160.0,7140.0,7140.0,5979.9072265625,49871,0.0,0.0
2024-06-19,7140.0,7140.0,7140.0,7140.0,5979.9072265625,1313,0.0,0.0
2024-06-20,7140.0,7150.0,7100.0,7140.0,5979.9072265625,56935,0.0,0.0
2024-06-21,7140.0,7100.0,6650.0,6650.0,5569.521484375,157097,0.0,0.0
2024-06-24,6650.0,7110.0,7070.0,7070.0,5921.27978515625,48549,0.0,0.0
2024-06-25,7070.0,7100.0,6900.0,7100.0,5946.40673828125,57771,0.0,0.0
2024-06-26,7100.0,7100.0,7060.0,7060.0,5912.9052734375,49524,0.0,0.0
2024-06-27,7060.0,7100.0,7080.0,7100.0,5946.40673828125,43150,0.0,0.0
2024-06-28,7100.0,7100.0,7100.0,7100.0,5946.40673828125,49684,0.0,0.0
2024-07-02,7100.0,7100.0,7100.0,7100.0,5946.40673828125,873,0.0,0.0
2024-07-03,7100.0,7200.0,7150.0,7150.0,5988.2822265625,44223,0.0,0.0
2024-07-04,7150.0,7260.0,7150.0,7260.0,6080.41015625,27385,0.0,0.0
2024-07-05,7260.0,7280.0,7250.0,7250.0,6072.0341796875,23575,0.0,0.0
2024-07-08,7250.0,7200.0,7100.0,7200.0,6030.15869140625,21900,0.0,0.0
2024-07-09,7200.0,7320.0,7200.0,7320.0,6130.662109375,8733,0.0,0.0
2024-07-10,7320.0,7250.0,7180.0,7200.0,6030.15869140625,54730,0.0,0.0
2024-07-11,7200.0,7240.0,7200.0,7200.0,6030.15869140625,43201,0.0,0.0
2024-07-12,7200.0,7200.0,7060.0,7200.0,6030.15869140625,38136,0.0,0.0
2024-07-15,7200.0,7150.0,7150.0,7150.0,5988.2822265625,5991,0.0,0.0
2024-07-16,7150.0,7200.0,7200.0,7200.0,6030.15869140625,42148,0.0,0.0
2024-07-17,7200.0,7250.0,7210.0,7250.0,6072.0341796875,44053,0.0,0.0
2024-07-18,7250.0,7250.0,7250.0,7250.0,6072.0341796875,12435,0.0,0.0
2024-07-19,7250.0,7250.0,7200.0,7200.0,6030.15869140625,9026,0.0,0.0
2024-07-22,7200.0,7200.0,7200.0,7200.0,6030.15869140625,17111,0.0,0.0
2024-07-23,7200.0,7200.0,7200.0,7200.0,6030.15869140625,1760,0.0,0.0
2024-07-24,7200.0,7260.0,7210.0,7250.0,6072.0341796875,11780,0.0,0.0
2024-07-25,7250.0,7400.0,7250.0,7400.0,6197.6630859375,11894,0.0,0.0
2024-07-26,7400.0,7500.0,7390.0,7500.0,6281.41455078125,47526,0.0,0.0
2024-07-29,7500.0,7500.0,7400.0,7500.0,6281.41455078125,30628,0.0,0.0
2024-07-30,7500.0,7490.0,7200.0,7200.0,6030.15869140625,69402,0.0,0.0
2024-07-31,7200.0,7490.0,7220.0,7220.0,6046.90869140625,46334,0.0,0.0
2024-08-01,7220.0,7490.0,7440.0,7490.0,6273.04052734375,42639,0.0,0.0
2024-08-02,7490.0,7500.0,7210.0,7210.0,6038.53369140625,54324,0.0,0.0
2024-08-05,7210.0,7480.0,6500.0,7480.0,6264.6650390625,91862,0.0,0.0
2024-08-06,7480.0,7500.0,7250.0,7500.0,6281.41455078125,41789,0.0,0.0
2024-08-07,7500.0,7510.0,7490.0,7500.0,6281.41455078125,37406,0.0,0.0
2024-08-08,7500.0,7510.0,7490.0,7500.0,6281.41455078125,37406,0.0,0.0
2024-08-09,7500.0,7520.0,7310.0,7500.0,6281.41455078125,25472,0.0,0.0
2024-08-12,7500.0,7530.0,7400.0,7530.0,6306.54052734375,38460,0.0,0.0
2024-08-13,7530.0,7500.0,7500.0,7500.0,6281.41455078125,9904,0.0,0.0
2024-08-14,7500.0,7800.0,7510.0,7740.0,6482.4208984375,25970,0.0,0.0
2024-08-15,7740.0,7640.0,7500.0,7640.0,6544.09228515625,25303,172.0,0.0
2024-08-16,7640.0,7650.0,7650.0,7650.0,6552.65771484375,8443,0.0,0.0
2024-08-20,7650.0,7650.0,7650.0,7650.0,6552.65771484375,4912,0.0,0.0
2024-08-21,7650.0,7450.0,7400.0,7450.0,6381.3466796875,8770,0.0,0.0
2024-08-22,7450.0,7500.0,7500.0,7500.0,6424.173828125,12023,0.0,0.0
2024-08-23,7500.0,7580.0,7200.0,7200.0,6167.20751953125,78387,0.0,0.0
2024-08-26,7200.0,7380.0,7290.0,7290.0,6244.2978515625,49073,0.0,0.0
2024-08-27,7290.0,7500.0,7260.0,7260.0,6218.60107421875,64670,0.0,0.0
2024-08-28,7260.0,7400.0,7260.0,7400.0,6338.51904296875,38066,0.0,0.0
2024-08-29,7400.0,7500.0,7400.0,7500.0,6424.173828125,41962,0.0,0.0
2024-08-30,7500.0,7700.0,7400.0,7700.0,6595.48583984375,29157,0.0,0.0
2024-09-02,7700.0,7700.0,7620.0,7700.0,6595.48583984375,24460,0.0,0.0
2024-09-03,7700.0,7700.0,7310.0,7690.0,6586.92041015625,10119,0.0,0.0
2024-09-04,7690.0,7500.0,7500.0,7500.0,6424.173828125,3440,0.0,0.0
2024-09-05,7500.0,7500.0,7500.0,7500.0,6424.173828125,2538,0.0,0.0
2024-09-06,7500.0,7500.0,7500.0,7500.0,6424.173828125,118,0.0,0.0
2024-09-09,7500.0,7500.0,7500.0,7500.0,6424.173828125,4907,0.0,0.0
2024-09-10,7500.0,7500.0,7500.0,7500.0,6424.173828125,1111,0.0,0.0
2024-09-11,7500.0,7510.0,7500.0,7500.0,6424.173828125,14972,0.0,0.0
2024-09-12,7500.0,7690.0,7450.0,7690.0,6586.92041015625,47647,0.0,0.0
2024-09-13,7690.0,7700.0,7600.0,7700.0,6595.48583984375,35080,0.0,0.0
2024-09-16,7700.0,7720.0,7650.0,7720.0,6612.61669921875,13177,0.0,0.0
2024-09-17,7720.0,7700.0,7670.0,7700.0,6595.48583984375,7997,0.0,0.0
2024-09-18,7700.0,7710.0,7670.0,7700.0,6595.48583984375,55949,0.0,0.0
2024-09-19,7700.0,7700.0,7680.0,7700.0,6595.48583984375,8792,0.0,0.0
2024-09-20,7700.0,7800.0,7760.0,7800.0,6681.1416015625,9543,0.0,0.0
2024-09-23,7800.0,7750.0,7750.0,7750.0,6638.31396484375,5518,0.0,0.0
2024-09-24,7750.0,7700.0,7700.0,7700.0,6595.48583984375,3116,0.0,0.0
2024-09-25,7700.0,7800.0,7800.0,7800.0,6681.1416015625,2292,0.0,0.0
2024-09-26,7800.0,7800.0,7800.0,7800.0,6681.1416015625,0,0.0,0.0
2024-09-27,7800.0,7700.0,7700.0,7700.0,6595.48583984375,23986,0.0,0.0
2024-09-30,7700.0,7700.0,7700.0,7700.0,6595.48583984375,9795,0.0,0.0
2024-10-01,7700.0,7720.0,7700.0,7700.0,6595.48583984375,21769,0.0,0.0
2024-10-02,7700.0,7700.0,7700.0,7700.0,6595.48583984375,10718,0.0,0.0
2024-10-03,7700.0,7700.0,7700.0,7700.0,6595.48583984375,6626,0.0,0.0
2024-10-04,7700.0,7700.0,7700.0,7700.0,6595.48583984375,12197,0.0,0.0
2024-10-07,7700.0,7700.0,7700.0,7700.0,6595.48583984375,5297,0.0,0.0
2024-10-08,7700.0,7700.0,7700.0,7700.0,6595.48583984375,1015,0.0,0.0
2024-10-09,7700.0,7700.0,7700.0,7700.0,6595.48583984375,4446,0.0,0.0
2024-10-10,7700.0,7700.0,7700.0,7700.0,6595.48583984375,3529,0.0,0.0
2024-10-11,7700.0,7830.0,7830.0,7830.0,6706.83837890625,10138,0.0,0.0
2024-10-15,7830.0,8250.0,7700.0,7700.0,6595.48583984375,55935,0.0,0.0
2024-10-16,7700.0,7710.0,7700.0,7710.0,6754.94091796875,16190,172.0,0.0
2024-10-17,7710.0,7710.0,7710.0,7710.0,6754.94091796875,2204,0.0,0.0
2024-10-18,7710.0,7790.0,7790.0,7790.0,6825.03125,5363,0.0,0.0
2024-10-21,7790.0,7700.0,7700.0,7700.0,6746.18017578125,43359,0.0,0.0
2024-10-22,7700.0,7700.0,7700.0,7700.0,6746.18017578125,32791,0.0,0.0
2024-10-23,7700.0,7700.0,7700.0,7700.0,6746.18017578125,8632,0.0,0.0
2024-10-24,7700.0,7700.0,7700.0,7700.0,6746.18017578125,1172,0.0,0.0
2024-10-25,7700.0,7700.0,7700.0,7700.0,6746.18017578125,20269,0.0,0.0
2024-10-28,7700.0,7700.0,7700.0,7700.0,6746.18017578125,42016,0.0,0.0
2024-10-29,7700.0,7700.0,7700.0,7700.0,6746.18017578125,40352,0.0,0.0
2024-10-30,7700.0,7720.0,7200.0,7200.0,6308.1162109375,52475,0.0,0.0
2024-10-31,7200.0,7700.0,7600.0,7700.0,6746.18017578125,41062,0.0,0.0
2024-11-01,7700.0,7700.0,7700.0,7700.0,6746.18017578125,2187,0.0,0.0
2024-11-05,7700.0,7700.0,7100.0,7700.0,6746.18017578125,28813,0.0,0.0
2024-11-06,7700.0,7700.0,7700.0,7700.0,6746.18017578125,16354,0.0,0.0
2024-11-07,7700.0,7700.0,7700.0,7700.0,6746.18017578125,6555,0.0,0.0
2024-11-08,7700.0,7700.0,7700.0,7700.0,6746.18017578125,16319,0.0,0.0
2024-11-12,7700.0,7850.0,7700.0,7850.0,6877.5986328125,13860,0.0,0.0
2024-11-13,7850.0,7690.0,7690.0,7690.0,6737.41943359375,11815,0.0,0.0
2024-11-14,7690.0,7700.0,7590.0,7700.0,6746.18017578125,24249,0.0,0.0
2024-11-15,7700.0,7750.0,7670.0,7750.0,6789.98583984375,22091,0.0,0.0
2024-11-18,7750.0,7730.0,7670.0,7730.0,6772.4638671875,33161,0.0,0.0
2024-11-19,7730.0,7730.0,7600.0,7730.0,6772.4638671875,9124,0.0,0.0
2024-11-20,7730.0,7730.0,7730.0,7730.0,6772.4638671875,1462,0.0,0.0
2024-11-21,7730.0,7700.0,7700.0,7700.0,6746.18017578125,7816,0.0,0.0
2024-11-22,7700.0,7500.0,7480.0,7500.0,6570.9541015625,7888,0.0,0.0
2024-11-25,7500.0,7930.0,7480.0,7930.0,6947.68896484375,82363,0.0,0.0
2024-11-26,7930.0,7930.0,7930.0,7930.0,6947.68896484375,2241,0.0,0.0
2024-11-27,7930.0,7580.0,7580.0,7580.0,6641.04443359375,2157,0.0,0.0
2024-11-28,7580.0,7650.0,7650.0,7650.0,6702.373046875,3273,0.0,0.0
2024-11-29,7650.0,7700.0,7700.0,7700.0,6746.18017578125,10764,0.0,0.0
2024-12-02,7700.0,7700.0,7660.0,7700.0,6746.18017578125,14227,0.0,0.0
2024-12-03,7700.0,7700.0,7700.0,7700.0,6746.18017578125,28578,0.0,0.0
2024-12-04,7700.0,7700.0,7700.0,7700.0,6746.18017578125,10941,0.0,0.0
2024-12-05,7700.0,7700.0,7700.0,7700.0,6746.18017578125,13069,0.0,0.0
2024-12-06,7700.0,7700.0,7700.0,7700.0,6746.18017578125,4463,0.0,0.0
2024-12-09,7700.0,7700.0,7520.0,7700.0,6746.18017578125,16382,0.0,0.0
2024-12-10,7700.0,7800.0,7510.0,7800.0,6833.79248046875,23583,0.0,0.0
2024-12-11,7800.0,7800.0,7780.0,7800.0,6833.79248046875,24205,0.0,0.0
2024-12-12,7800.0,7570.0,7570.0,7570.0,6632.283203125,6430,0.0,0.0
2024-12-13,7570.0,7570.0,7570.0,7570.0,6632.283203125,4237,0.0,0.0
2024-12-16,7570.0,7800.0,7650.0,7800.0,6992.6748046875,11871,172.0,0.0
2024-12-17,7800.0,7800.0,7800.0,7800.0,6992.6748046875,2379,0.0,0.0
2024-12-18,7800.0,7700.0,7700.0,7700.0,6903.02587890625,23484,0.0,0.0
2024-12-19,7700.0,7650.0,7450.0,7450.0,6678.9013671875,10208,0.0,0.0
2024-12-20,7450.0,7450.0,7450.0,7450.0,6678.9013671875,1549,0.0,0.0
2024-12-23,7450.0,7450.0,7450.0,7450.0,6678.9013671875,5465,0.0,0.0
2024-12-24,7450.0,7450.0,7450.0,7450.0,6678.9013671875,0,0.0,0.0
2024-12-26,7450.0,7450.0,7450.0,7450.0,6678.9013671875,1487,0.0,0.0
2024-12-27,7450.0,7450.0,7450.0,7450.0,6678.9013671875,2245,0.0,0.0
2024-12-30,7450.0,7450.0,7450.0,7450.0,6678.9013671875,1430,0.0,0.0
2024-12-31,7450.0,7450.0,7450.0,7450.0,6678.9013671875,0,0.0,0.0
2025-01-02,7450.0,7450.0,7450.0,7450.0,6678.9013671875,2030,0.0,0.0
2025-01-03,7450.0,7450.0,7450.0,7450.0,6678.9013671875,1251,0.0,0.0
2025-01-07,7450.0,7200.0,7150.0,7200.0,6454.77685546875,26294,0.0,0.0
2025-01-08,7200.0,7310.0,7310.0,7310.0,6553.3916015625,3821,0.0,0.0
2025-01-09,7310.0,7360.0,7280.0,7280.0,6526.49658203125,6900,0.0,0.0
2025-01-10,7280.0,7270.0,7270.0,7270.0,6517.53173828125,9348,0.0,0.0
2025-01-13,7270.0,7260.0,7190.0,7190.0,6445.81201171875,13152,0.0,0.0
2025-01-14,7190.0,7300.0,7200.0,7200.0,6454.77685546875,51112,0.0,0.0
2025-01-15,7200.0,7250.0,7250.0,7250.0,6499.60205078125,45947,0.0,0.0
2025-01-16,7250.0,7250.0,7170.0,7250.0,6499.60205078125,42487,0.0,0.0
2025-01-17,7250.0,7290.0,7160.0,7160.0,6418.9169921875,29091,0.0,0.0
2025-01-20,7160.0,7200.0,7200.0,7200.0,6454.77685546875,46387,0.0,0.0
2025-01-21,7200.0,7200.0,7200.0,7200.0,6454.77685546875,0,0.0,0.0
2025-01-22,7200.0,7200.0,7200.0,7200.0,6454.77685546875,107,0.0,0.0
2025-01-23,7200.0,7200.0,7200.0,7200.0,6454.77685546875,41510,0.0,0.0
2025-01-24,7200.0,7200.0,7180.0,7180.0,6436.8466796875,53024,0.0,0.0
2025-01-27,7180.0,7200.0,7190.0,7200.0,6454.77685546875,43073,0.0,0.0
2025-01-28,7200.0,7200.0,7100.0,7100.0,6365.12744140625,53028,0.0,0.0
2025-01-29,7100.0,7120.0,7000.0,7020.0,6293.40771484375,85584,0.0,0.0
2025-01-30,7020.0,7100.0,7020.0,7040.0,6311.337890625,104289,0.0,0.0
2025-01-31,7040.0,7080.0,7000.0,7070.0,6338.232421875,66638,0.0,0.0
2025-02-03,7070.0,7010.0,7000.0,7000.0,6275.4775390625,68316,0.0,0.0
2025-02-04,7000.0,6920.0,6900.0,6920.0,6203.7578125,12583,0.0,0.0
2025-02-05,6920.0,6920.0,6900.0,6920.0,6203.7578125,18814,0.0,0.0
2025-02-06,6920.0,7000.0,6920.0,7000.0,6275.4775390625,10886,0.0,0.0
2025-02-07,7000.0,6990.0,6950.0,6950.0,6230.65234375,16447,0.0,0.0
2025-02-10,6950.0,6920.0,6910.0,6920.0,6203.7578125,58139,0.0,0.0
2025-02-11,6920.0,6990.0,6870.0,6900.0,6185.828125,24625,0.0,0.0
2025-02-12,6900.0,6900.0,6890.0,6900.0,6185.828125,65549,0.0,0.0
2025-02-13,6900.0,6910.0,6900.0,6900.0,6185.828125,13267,0.0,0.0
2025-02-14,6900.0,6900.0,6900.0,6900.0,6185.828125,18456,0.0,0.0
2025-02-17,6900.0,7000.0,7000.0,7000.0,6275.4775390625,7064,0.0,0.0
2025-02-18,7000.0,7000.0,6920.0,6950.0,6230.65234375,16051,0.0,0.0
2025-02-19,7200.0,7200.0,7170.0,7200.0,6454.77685546875,41443,0.0,0.0
2025-02-20,6860.0,7000.0,6900.0,6990.0,6266.5126953125,126074,0.0,0.0
2025-02-21,6990.0,6990.0,6990.0,6990.0,6266.5126953125,2566,0.0,0.0
2025-02-24,6990.0,6910.0,6850.0,6910.0,6194.79296875,9970,0.0,0.0
2025-02-25,6910.0,7000.0,7000.0,7000.0,6275.4775390625,67477,0.0,0.0
2025-02-26,7000.0,7050.0,7000.0,7000.0,6275.4775390625,25625,0.0,0.0
2025-02-27,7000.0,7000.0,6950.0,7000.0,6275.4775390625,19931,0.0,0.0
2025-02-28,7000.0,7000.0,6700.0,6700.0,6006.52880859375,126253,0.0,0.0
2025-03-03,6700.0,7000.0,6890.0,7000.0,6275.4775390625,33033,0.0,0.0
2025-03-04,7000.0,6860.0,6860.0,6860.0,6149.9677734375,3730,0.0,0.0
2025-03-05,6860.0,6860.0,6860.0,6860.0,6149.9677734375,1244,0.0,0.0
2025-03-06,6860.0,7000.0,7000.0,7000.0,6275.4775390625,48507,0.0,0.0
2025-03-07,7000.0,7560.0,6860.0,7080.0,6347.197265625,304644,0.0,0.0
2025-03-10,7080.0,7000.0,7000.0,7000.0,6275.4775390625,46386,0.0,0.0
2025-03-11,7000.0,6900.0,6850.0,6850.0,6141.00341796875,54938,0.0,0.0
2025-03-12,6850.0,6980.0,6860.0,6980.0,6257.54736328125,16783,0.0,0.0
2025-03-13,6980.0,6980.0,6980.0,6980.0,6257.54736328125,726,0.0,0.0
2025-03-14,6980.0,6910.0,6880.0,6910.0,6194.79296875,10257,0.0,0.0
2025-03-17,6910.0,6910.0,6910.0,6910.0,6194.79296875,1477,0.0,0.0
2025-03-18,6910.0,7160.0,6900.0,6900.0,6185.828125,56172,0.0,0.0
2025-03-19,6900.0,6860.0,6860.0,6860.0,6149.9677734375,6118,0.0,0.0
2025-03-20,6860.0,6820.0,6780.0,6780.0,6078.248046875,64705,0.0,0.0
2025-03-21,6780.0,6780.0,6780.0,6780.0,6078.248046875,0,0.0,0.0
2025-03-24,6780.0,6780.0,6780.0,6780.0,6078.248046875,0,0.0,0.0
2025-03-25,6760.0,6800.0,6710.0,6800.0,6096.17822265625,37892,0.0,0.0
2025-03-26,6800.0,6860.0,6700.0,6720.0,6024.45849609375,65420,0.0,0.0
2025-03-27,6720.0,6730.0,6730.0,6730.0,6033.42333984375,9880,0.0,0.0
2025-03-28,6730.0,6740.0,6700.0,6700.0,6006.52880859375,55010,0.0,0.0
2025-03-31,6700.0,6700.0,6700.0,6700.0,6006.52880859375,11490,0.0,0.0
2025-04-01,6700.0,6670.0,6650.0,6650.0,5961.70361328125,13425,0.0,0.0
2025-04-02,6650.0,6700.0,6650.0,6660.0,5970.6689453125,57553,0.0,0.0
2025-04-03,6660.0,6700.0,6660.0,6700.0,6006.52880859375,46760,0.0,0.0
2025-04-04,6700.0,6610.0,6500.0,6510.0,5836.1943359375,39547,0.0,0.0
2025-04-07,6510.0,6610.0,6610.0,6610.0,5925.84423828125,11723,0.0,0.0
2025-04-08,6610.0,6700.0,6630.0,6700.0,6006.52880859375,41464,0.0,0.0
2025-04-09,6700.0,6780.0,6760.0,6770.0,6069.283203125,79510,0.0,0.0
2025-04-10,6770.0,6770.0,6700.0,6700.0,6006.52880859375,132164,0.0,0.0
2025-04-11,6700.0,6700.0,6650.0,6650.0,5961.70361328125,50614,0.0,0.0
2025-04-14,6650.0,6670.0,6660.0,6660.0,5970.6689453125,9609,0.0,0.0
2025-04-15,6660.0,6680.0,6670.0,6680.0,5988.5986328125,47339,0.0,0.0
2025-04-16,6680.0,6790.0,6790.0,6790.0,6087.21337890625,4330,0.0,0.0
2025-04-17,6790.0,6790.0,6790.0,6790.0,6087.21337890625,0,0.0,0.0
2025-04-18,6790.0,6790.0,6790.0,6790.0,6087.21337890625,0,0.0,0.0
2025-04-21,6790.0,6610.0,6610.0,6610.0,5925.84423828125,16994,0.0,0.0
2025-04-22,6610.0,6700.0,6700.0,6700.0,6006.52880859375,22206,0.0,0.0
2025-04-23,6700.0,6620.0,6620.0,6620.0,5934.80908203125,22110,0.0,0.0
2025-04-24,6620.0,6620.0,6600.0,6620.0,5934.80908203125,20300,0.0,0.0
2025-04-25,6620.0,6660.0,6620.0,6660.0,5970.6689453125,16636,0.0,0.0
2025-04-28,6660.0,6570.0,6570.0,6570.0,5889.98388671875,12797,0.0,0.0
2025-04-29,6570.0,6660.0,6580.0,6660.0,5970.6689453125,89970,0.0,0.0
2025-04-30,6660.0,6700.0,6600.0,6700.0,6006.52880859375,429890,0.0,0.0
2025-05-01,6700.0,6700.0,6700.0,6700.0,6006.52880859375,0,0.0,0.0
2025-05-02,6700.0,6700.0,6700.0,6700.0,6006.52880859375,3044,0.0,0.0
2025-05-05,6700.0,6800.0,6700.0,6700.0,6006.52880859375,6351,0.0,0.0
2025-05-06,6660.0,6700.0,6600.0,6700.0,6006.52880859375,429890,0.0,0.0
2025-05-07,6790.0,6790.0,6790.0,6790.0,6087.21337890625,3995,0.0,0.0
2025-05-08,6790.0,6820.0,6700.0,6800.0,6096.17822265625,648777,0.0,0.0
2025-05-09,6800.0,6800.0,6800.0,6800.0,6096.17822265625,7870,0.0,0.0
2025-05-12,6800.0,6810.0,6810.0,6810.0,6105.1435546875,51212,0.0,0.0
2025-05-13,6810.0,6820.0,6830.0,6820.0,6114.1083984375,167697,0.0,0.0
2025-05-14,6820.0,6800.0,6840.0,6820.0,6114.1083984375,82195,0.0,0.0
2025-05-15,6820.0,6830.0,6810.0,6830.0,6123.0732421875,41942,0.0,0.0
2025-05-16,6830.0,6850.0,6830.0,6830.0,6123.0732421875,62395,0.0,0.0
2025-05-19,6830.0,6840.0,6830.0,6830.0,6123.0732421875,65481,0.0,0.0
2025-05-20,6830.0,6830.0,6830.0,6830.0,6123.0732421875,5769,0.0,0.0
2025-05-21,6830.0,6830.0,6800.0,6800.0,6096.17822265625,20542,0.0,0.0
2025-05-22,6800.0,6800.0,6800.0,6800.0,6096.17822265625,22774,0.0,0.0
2025-05-23,6800.0,6820.0,6820.0,6820.0,6114.1083984375,48367,0.0,0.0
2025-05-26,6820.0,6820.0,6820.0,6820.0,6114.1083984375,48092,0.0,0.0
2025-05-27,6820.0,6820.0,6820.0,6820.0,6114.1083984375,10491,0.0,0.0
2025-05-28,6820.0,6880.0,6810.0,6820.0,6114.1083984375,72605,0.0,0.0
2025-05-29,6820.0,6850.0,6820.0,6820.0,6114.1083984375,28388,0.0,0.0
2025-05-30,6820.0,6770.0,6700.0,6700.0,6006.52880859375,14807,0.0,0.0
2025-06-03,6700.0,6760.0,6700.0,6700.0,6006.52880859375,92327,0.0,0.0
2025-06-04,6700.0,6880.0,6700.0,6880.0,6167.89794921875,188359,0.0,0.0
2025-06-05,6880.0,6860.0,6860.0,6860.0,6149.9677734375,34611,0.0,0.0
2025-06-06,6860.0,6860.0,6860.0,6860.0,6149.9677734375,3535,0.0,0.0
2025-06-09,6860.0,6810.0,6760.0,6760.0,6060.318359375,65951,0.0,0.0
2025-06-10,6760.0,6760.0,6760.0,6760.0,6060.318359375,2846,0.0,0.0
2025-06-11,6760.0,6780.0,6780.0,6780.0,6078.248046875,15938,0.0,0.0
2025-06-12,6780.0,6800.0,6800.0,6800.0,6096.17822265625,42722,0.0,0.0
2025-06-13,6800.0,6810.0,6800.0,6800.0,6096.17822265625,20495,0.0,0.0
2025-06-16,6800.0,6800.0,6780.0,6800.0,6096.17822265625,78686,0.0,0.0
2025-06-17,6800.0,6770.0,6760.0,6760.0,6060.318359375,22344,0.0,0.0
2025-06-18,6760.0,6800.0,6760.0,6760.0,6060.318359375,12552,0.0,0.0
2025-06-19,6760.0,6790.0,6780.0,6790.0,6087.21337890625,53570,0.0,0.0
2025-06-20,6790.0,6800.0,6790.0,6790.0,6087.21337890625,27987,0.0,0.0
2025-06-24,6790.0,6790.0,6780.0,6790.0,6087.21337890625,69355,0.0,0.0
2025-06-25,6790.0,7100.0,6900.0,6900.0,6185.828125,26851,0.0,0.0
2025-06-26,6900.0,6950.0,6850.0,6900.0,6185.828125,65199,0.0,0.0
2025-06-27,6900.0,6900.0,6880.0,6900.0,6185.828125,13987,0.0,0.0
2025-06-30,6900.0,6900.0,6900.0,6900.0,6185.828125,0,0.0,0.0
2025-07-01,6900.0,6900.0,6880.0,6900.0,6185.828125,59885,0.0,0.0
2025-07-02,6900.0,6900.0,6690.0,6900.0,6185.828125,40777,0.0,0.0
2025-07-03,6900.0,7000.0,6900.0,6900.0,6185.828125,49985,0.0,0.0
2025-07-04,6900.0,6900.0,6900.0,6900.0,6185.828125,6939,0.0,0.0
2025-07-07,6900.0,6900.0,6900.0,6900.0,6185.828125,3753,0.0,0.0
2025-07-08,6900.0,6890.0,6220.0,6860.0,6149.9677734375,1748779,0.0,0.0
2025-07-09,6860.0,6760.0,6760.0,6760.0,6060.318359375,5393,0.0,0.0
2025-07-10,6760.0,6770.0,6730.0,6730.0,6033.42333984375,24929,0.0,0.0
2025-07-11,6730.0,6790.0,6730.0,6730.0,6033.42333984375,51247,0.0,0.0
2025-07-14,6730.0,6790.0,6790.0,6790.0,6087.21337890625,20740,0.0,0.0
2025-07-15,6790.0,6780.0,6690.0,6690.0,5997.56396484375,38037,0.0,0.0
2025-07-16,6690.0,6690.0,6610.0,6690.0,5997.56396484375,22923,0.0,0.0
2025-07-17,6690.0,6790.0,6690.0,6780.0,6078.248046875,19884,0.0,0.0
2025-07-18,6780.0,6900.0,6750.0,6900.0,6185.828125,46185,0.0,0.0
2025-07-21,6900.0,6780.0,6700.0,6710.0,6015.4931640625,34279,0.0,0.0
2025-07-22,6710.0,6690.0,6680.0,6680.0,5988.5986328125,68418,0.0,0.0
2025-07-23,6680.0,6780.0,6650.0,6650.0,5961.70361328125,63769,0.0,0.0
2025-07-24,6650.0,6700.0,6650.0,6700.0,6006.52880859375,23517,0.0,0.0
2025-07-25,6700.0,6700.0,6590.0,6640.0,5952.73876953125,227839,0.0,0.0
2025-07-28,6640.0,6830.0,6700.0,6830.0,6123.0732421875,101734,0.0,0.0
2025-07-29,6830.0,6800.0,6580.0,6750.0,6051.353515625,66832,0.0,0.0
2025-07-30,6750.0,6780.0,6780.0,6780.0,6078.248046875,11859,0.0,0.0
2025-07-31,6780.0,6720.0,6700.0,6700.0,6006.52880859375,51178,0.0,0.0
2025-08-01,6700.0,6700.0,6650.0,6650.0,5961.70361328125,34971,0.0,0.0
2025-08-04,6650.0,6650.0,6650.0,6650.0,5961.70361328125,0,0.0,0.0
2025-08-05,6650.0,6740.0,6640.0,6740.0,6042.38818359375,18615,0.0,0.0
2025-08-06,6740.0,6750.0,6700.0,6700.0,6006.52880859375,54978,0.0,0.0
2025-08-07,6700.0,6700.0,6700.0,6700.0,6006.52880859375,0,0.0,0.0
2025-08-08,6700.0,6700.0,6700.0,6700.0,6006.52880859375,47764,0.0,0.0
2025-08-11,6700.0,6860.0,6780.0,6800.0,6096.17822265625,118,0.0,0.0
2025-08-12,6800.0,6770.0,6810.0,6790.0,6087.21337890625,997690,0.0,0.0
2025-08-13,6790.0,6700.0,6790.0,6790.0,6087.21337890625,41261,0.0,0.0
2025-08-14,6790.0,6880.0,6790.0,6800.0,6096.17822265625,116424,0.0,0.0
2025-08-15,6800.0,6800.0,6730.0,6770.0,6235.2509765625,84793,181.0,0.0
2025-08-19,6770.0,6750.0,6680.0,6750.0,6216.83056640625,23712,0.0,0.0
2025-08-20,6750.0,6720.0,6700.0,6720.0,6189.2001953125,36712,0.0,0.0
2025-08-21,6720.0,6740.0,6680.0,6680.0,6152.35986328125,24963,0.0,0.0
2025-08-22,6680.0,6780.0,6770.0,6770.0,6235.2509765625,21309,0.0,0.0
2025-08-25,6770.0,6680.0,6680.0,6680.0,6152.35986328125,15709,0.0,0.0
2025-08-26,6680.0,6680.0,6680.0,6680.0,6152.35986328125,35471,0.0,0.0
2025-08-27,6680.0,6750.0,6680.0,6700.0,6170.7802734375,49917,0.0,0.0
2025-08-28,6700.0,6750.0,6700.0,6700.0,6170.7802734375,40323,0.0,0.0
2025-08-29,6700.0,6750.0,6740.0,6740.0,6207.62060546875,14026,0.0,0.0
2025-09-01,6740.0,6770.0,6770.0,6770.0,6235.2509765625,6475,0.0,0.0
2025-09-02,6770.0,6770.0,6770.0,6770.0,6235.2509765625,0,0.0,0.0
2025-09-03,6730.0,6810.0,6680.0,6680.0,6152.35986328125,20180,0.0,0.0
2025-09-04,6680.0,6680.0,6680.0,6680.0,6152.35986328125,5628,0.0,0.0
2025-09-05,6680.0,6760.0,6680.0,6760.0,6226.041015625,20281,0.0,0.0
2025-09-08,6760.0,6760.0,6750.0,6750.0,6216.83056640625,11824,0.0,0.0
2025-09-09,6750.0,6750.0,6740.0,6750.0,6216.83056640625,22995,0.0,0.0
2025-09-10,6750.0,6750.0,6700.0,6700.0,6170.7802734375,13700,0.0,0.0
2025-09-11,6700.0,6700.0,6680.0,6680.0,6152.35986328125,20992,0.0,0.0
2025-09-12,6680.0,6680.0,6680.0,6680.0,6152.35986328125,5576,0.0,0.0
2025-09-15,6680.0,6680.0,6650.0,6650.0,6124.7294921875,11803,0.0,0.0
2025-09-16,6650.0,6700.0,6680.0,6680.0,6152.35986328125,5758,0.0,0.0
2025-09-17,6680.0,6680.0,6680.0,6680.0,6152.35986328125,962,0.0,0.0
2025-09-18,6680.0,6680.0,6650.0,6650.0,6124.7294921875,63368,0.0,0.0
2025-09-19,6650.0,6650.0,6570.0,6570.0,6051.04833984375,39023,0.0,0.0
2025-09-22,6570.0,6680.0,6620.0,6680.0,6152.35986328125,27301,0.0,0.0
2025-09-23,6680.0,6680.0,6670.0,6680.0,6152.35986328125,31528,0.0,0.0
2025-09-24,6680.0,6680.0,6680.0,6680.0,6152.35986328125,8479,0.0,0.0
2025-09-25,6680.0,6670.0,6660.0,6660.0,6133.93994140625,10481,0.0,0.0
2025-09-26,6660.0,6670.0,6670.0,6670.0,6143.14990234375,8416,0.0,0.0
2025-09-29,6670.0,6670.0,6670.0,6670.0,6143.14990234375,3246,0.0,0.0
2025-09-30,6740.0,6770.0,6770.0,6770.0,6235.2509765625,6475,0.0,0.0
2025-10-01,6650.0,6720.0,6650.0,6650.0,6124.7294921875,17661,0.0,0.0
2025-10-02,6650.0,6650.0,6650.0,6650.0,6124.7294921875,3436,0.0,0.0
2025-10-03,6650.0,6660.0,6620.0,6650.0,6124.7294921875,14666,0.0,0.0
2025-10-06,6650.0,6820.0,6650.0,6650.0,6124.7294921875,42215,0.0,0.0
2025-10-07,6650.0,6650.0,6650.0,6650.0,6124.7294921875,19577,0.0,0.0
2025-10-08,6650.0,6660.0,6640.0,6640.0,6115.51953125,26957,0.0,0.0
2025-10-09,6640.0,6650.0,6630.0,6650.0,6124.7294921875,72707,0.0,0.0
2025-10-10,6650.0,6650.0,6610.0,6650.0,6124.7294921875,14801,0.0,0.0
2025-10-14,6650.0,6700.0,6700.0,6700.0,6170.7802734375,28638,0.0,0.0
2025-10-15,6700.0,6740.0,6650.0,6740.0,6207.62060546875,491106,0.0,0.0
2025-10-16,6740.0,6800.0,6650.0,6800.0,6262.8818359375,1392781,0.0,0.0
2025-10-17,6800.0,6690.0,6540.0,6690.0,6331.017578125,63702,182.0,0.0
2025-10-20,6690.0,6530.0,6520.0,6530.0,6179.603515625,25094,0.0,0.0
2025-10-21,6530.0,6550.0,6510.0,6520.0,6170.14013671875,517559,0.0,0.0
2025-10-22,6520.0,6580.0,6580.0,6580.0,6226.92041015625,6489,0.0,0.0
2025-10-23,6580.0,6570.0,6540.0,6550.0,6198.5302734375,13081,0.0,0.0
2025-10-24,6550.0,6670.0,6550.0,6560.0,6207.99365234375,25074,0.0,0.0
2025-10-27,6560.0,6530.0,6500.0,6510.0,6160.67626953125,55330,0.0,0.0
2025-10-28,6510.0,6600.0,6400.0,6450.0,6103.89599609375,87434,0.0,0.0
2025-10-29,6450.0,6550.0,6400.0,6410.0,6066.04248046875,741290,0.0,0.0
2025-10-30,6410.0,6440.0,6420.0,6440.0,6094.43310546875,18821,0.0,0.0
2025-10-31,6440.0,6470.0,6430.0,6430.0,6084.96923828125,15722,0.0,0.0
2025-11-04,6430.0,6450.0,6360.0,6360.0,6018.7255859375,45793,0.0,0.0
2025-11-05,6360.0,6490.0,6200.0,6400.0,6056.5791015625,813663,0.0,0.0
2025-11-06,6400.0,6520.0,6400.0,6520.0,6170.14013671875,21740,0.0,0.0
2025-11-07,6520.0,6520.0,6300.0,6320.0,5980.87158203125,41060,0.0,0.0
2025-11-10,6320.0,6390.0,6300.0,6300.0,5961.9453125,68842,0.0,0.0
2025-11-11,6300.0,6410.0,6400.0,6410.0,6066.04248046875,11243,0.0,0.0
2025-11-12,6410.0,6410.0,6300.0,6300.0,5961.9453125,66485,0.0,0.0
2025-11-13,6300.0,6440.0,6300.0,6300.0,5961.9453125,59890,0.0,0.0
2025-11-14,6300.0,6430.0,6270.0,6290.0,5952.4814453125,107608,0.0,0.0
2025-11-18,6290.0,6350.0,6300.0,6300.0,5961.9453125,61407,0.0,0.0
2025-11-19,6300.0,6340.0,6270.0,6300.0,5961.9453125,146440,0.0,0.0
2025-11-20,6300.0,6350.0,6310.0,6310.0,5971.40869140625,22386,0.0,0.0
2025-11-21,6310.0,6310.0,6300.0,6310.0,5971.40869140625,36758,0.0,0.0
2025-11-24,6310.0,6400.0,6310.0,6310.0,5971.40869140625,80288,0.0,0.0
2025-11-25,6310.0,6330.0,6320.0,6320.0,5980.87158203125,35122,0.0,0.0
2025-11-26,6320.0,6340.0,6300.0,6340.0,5999.798828125,35381,0.0,0.0
2025-11-27,6340.0,6390.0,6300.0,6300.0,5961.9453125,39325,0.0,0.0
2025-11-28,6300.0,6390.0,6300.0,6300.0,5961.9453125,48005,0.0,0.0
2025-12-01,6300.0,6470.0,6400.0,6410.0,6066.04248046875,93535,0.0,0.0
2025-12-02,6410.0,6450.0,6350.0,6350.0,6009.26171875,67940,0.0,0.0
2025-12-03,6430.0,6450.0,6360.0,6360.0,6018.7255859375,45793,0.0,0.0
2025-12-04,6380.0,6500.0,6350.0,6380.0,6037.65234375,117240,0.0,0.0
2025-12-05,6380.0,6490.0,6390.0,6440.0,6094.43310546875,657876,0.0,0.0
2025-12-09,6440.0,6500.0,6400.0,6450.0,6103.89599609375,80956,0.0,0.0
2025-12-10,6450.0,6500.0,6420.0,6490.0,6141.75,100252,0.0,0.0
2025-12-11,6490.0,6520.0,6450.0,6510.0,6160.67626953125,136696,0.0,0.0
2025-12-12,6510.0,6510.0,6510.0,6510.0,6160.67626953125,22600,0.0,0.0
2025-12-15,6510.0,6570.0,6510.0,6530.0,6179.603515625,80749,0.0,0.0
2025-12-16,6530.0,6550.0,6490.0,6490.0,6141.75,65671,0.0,0.0
2025-12-17,6490.0,6390.0,6300.0,6390.0,6221.5888671875,51939,182.0,0.0
2025-12-18,6390.0,6350.0,6300.0,6340.0,6172.90625,40887,0.0,0.0
2025-12-19,6340.0,6550.0,6260.0,6550.0,6377.3720703125,171563,0.0,0.0
2025-12-22,6550.0,6470.0,6290.0,6470.0,6299.48046875,36276,0.0,0.0
2025-12-23,6470.0,6480.0,6400.0,6450.0,6280.00732421875,158963,0.0,0.0
2025-12-24,6450.0,6450.0,6250.0,6450.0,6280.00732421875,56248,0.0,0.0
2025-12-26,6450.0,6450.0,6440.0,6450.0,6280.00732421875,68998,0.0,0.0
2025-12-29,6450.0,6450.0,6450.0,6450.0,6280.00732421875,5102,0.0,0.0
2025-12-30,6450.0,6390.0,6310.0,6340.0,6172.90625,25410,0.0,0.0
2025-12-31,6340.0,6340.0,6340.0,6340.0,6172.90625,0,0.0,0.0
2026-01-02,6340.0,6470.0,6350.0,6470.0,6299.48046875,16215,0.0,0.0
2026-01-05,6470.0,6470.0,6400.0,6400.0,6231.3251953125,148620,0.0,0.0
2026-01-06,6400.0,6450.0,6400.0,6430.0,6260.53466796875,91222,0.0,0.0
2026-01-07,6430.0,6420.0,6380.0,6400.0,6231.3251953125,48730,0.0,0.0
2026-01-08,6400.0,6420.0,6420.0,6420.0,6250.7978515625,9657,0.0,0.0
2026-01-09,6420.0,6480.0,6450.0,6450.0,6280.00732421875,12933,0.0,0.0
2026-01-13,6450.0,6450.0,6400.0,6400.0,6231.3251953125,78298,0.0,0.0
2026-01-14,6400.0,6430.0,6380.0,6380.0,6211.85205078125,93256,0.0,0.0
2026-01-15,6380.0,6380.0,6350.0,6380.0,6211.85205078125,34781,0.0,0.0
2026-01-16,6380.0,6430.0,6400.0,6400.0,6231.3251953125,248067,0.0,0.0
2026-01-19,6400.0,6540.0,6450.0,6500.0,6328.689453125,440769,0.0,0.0
2026-01-20,6500.0,6630.0,6530.0,6610.0,6435.79052734375,548103,0.0,0.0
2026-01-21,6610.0,6800.0,6630.0,6750.0,6572.1005859375,381375,0.0,0.0
2026-01-22,6750.0,6770.0,6650.0,6690.0,6513.68212890625,76683,0.0,0.0
2026-01-23,6690.0,6790.0,6700.0,6790.0,6611.04638671875,46830,0.0,0.0
2026-01-26,6790.0,6870.0,6790.0,6850.0,6669.46533203125,141371,0.0,0.0
2026-01-27,6850.0,6880.0,6820.0,6820.0,6640.255859375,191303,0.0,0.0
2026-01-28,6820.0,6880.0,6790.0,6820.0,6640.255859375,1141709,0.0,0.0
2026-01-29,6820.0,6850.0,6740.0,6830.0,6649.9921875,60598,0.0,0.0
2026-01-30,6830.0,7000.0,6750.0,6880.0,6698.67431640625,92802,0.0,0.0
2026-02-02,6880.0,6820.0,6720.0,6820.0,6640.255859375,67487,0.0,0.0
2026-02-03,6820.0,6820.0,6740.0,6740.0,6562.3642578125,25749,0.0,0.0
2026-02-04,6740.0,6920.0,6560.0,6750.0,6572.1005859375,74208,0.0,0.0
2026-02-05,6750.0,6700.0,6550.0,6580.0,6406.5810546875,42986,0.0,0.0
2026-02-06,6580.0,6740.0,6590.0,6740.0,6562.3642578125,21220,0.0,0.0
2026-02-09,6740.0,6750.0,6660.0,6740.0,6562.3642578125,54234,0.0,0.0
2026-02-10,6740.0,6740.0,6700.0,6700.0,6523.41845703125,12560,0.0,0.0
2026-02-11,6700.0,6700.0,6680.0,6690.0,6513.68212890625,27813,0.0,0.0
2026-02-12,6690.0,6680.0,6590.0,6650.0,6474.736328125,84864,0.0,0.0
2026-02-13,6650.0,6680.0,6670.0,6680.0,6503.94580078125,22147,0.0,0.0
2026-02-16,6680.0,6610.0,6320.0,6590.0,6416.3173828125,113305,0.0,0.0
2026-02-17,6590.0,6650.0,6600.0,6650.0,6474.736328125,34901,0.0,0.0
2026-02-18,6650.0,6660.0,6600.0,6650.0,6474.736328125,21272,0.0,0.0
2026-02-19,6650.0,6640.0,6600.0,6600.0,6426.05419921875,24109,0.0,0.0
2026-02-20,6600.0,6600.0,6540.0,6600.0,6426.05419921875,31634,0.0,0.0
2026-02-23,6600.0,6590.0,6500.0,6500.0,6328.689453125,24780,0.0,0.0
2026-02-24,6500.0,6590.0,6500.0,6500.0,6328.689453125,29191,0.0,0.0
2026-02-25,6500.0,6510.0,6470.0,6470.0,6299.48046875,39954,0.0,0.0
2026-02-26,6470.0,6480.0,6350.0,6350.0,6182.64306640625,67596,0.0,0.0
2026-02-27,6350.0,6400.0,6250.0,6400.0,6231.3251953125,57630,0.0,0.0
2026-03-02,6400.0,6390.0,6220.0,6240.0,6075.5419921875,73322,0.0,0.0
2026-03-03,6240.0,6200.0,5890.0,6050.0,5890.54931640625,104986,0.0,0.0
2026-03-04,6240.0,6200.0,5890.0,6050.0,5890.54931640625,104986,0.0,0.0
2026-03-05,6550.0,6550.0,6500.0,6540.0,6367.63525390625,25311,0.0,0.0
2026-03-06,6540.0,6400.0,6400.0,6400.0,6231.3251953125,14056,0.0,0.0
2026-03-09,6400.0,6550.0,6500.0,6500.0,6328.689453125,32139,0.0,0.0
2026-03-11,6650.0,6760.0,6650.0,6760.0,6581.83740234375,58644,0.0,0.0
2026-03-12,6760.0,6680.0,6600.0,6650.0,6474.736328125,33859,0.0,0.0
2026-03-13,6650.0,6530.0,6380.0,6380.0,6211.85205078125,27308,0.0,0.0
2026-03-16,6380.0,6700.0,6650.0,6650.0,6474.736328125,54498,0.0,0.0
2026-03-17,6650.0,6700.0,6540.0,6700.0,6523.41845703125,21291,0.0,0.0
2026-03-18,6700.0,6700.0,6700.0,6700.0,6523.41845703125,1515749,0.0,0.0
2026-03-19,6700.0,6700.0,6700.0,6700.0,6523.41845703125,48457,0.0,0.0
2026-03-20,6700.0,6800.0,6700.0,6800.0,6620.783203125,2009674,0.0,0.0
2026-03-24,6800.0,6700.0,6650.0,6700.0,6523.41845703125,33072,0.0,0.0
2026-03-25,6700.0,6740.0,6570.0,6650.0,6474.736328125,30515,0.0,0.0
2026-03-26,6650.0,6730.0,6700.0,6730.0,6552.6279296875,12528,0.0,0.0
2026-03-27,6730.0,6700.0,6590.0,6700.0,6523.41845703125,41226,0.0,0.0
2026-03-30,6700.0,6850.0,6040.0,6600.0,6426.05419921875,9169,0.0,0.0
2026-03-31,6600.0,6550.0,6550.0,6550.0,6377.3720703125,3315,0.0,0.0
2026-04-01,6550.0,6660.0,6420.0,6510.0,6338.42626953125,6197,0.0,0.0
2026-04-02,6510.0,6510.0,6510.0,6510.0,6338.42626953125,0,0.0,0.0
2026-04-03,6510.0,6510.0,6510.0,6510.0,6338.42626953125,0,0.0,0.0
2026-04-06,6510.0,6640.0,6630.0,6630.0,6455.26318359375,13641,0.0,0.0
2026-04-07,6630.0,6690.0,6540.0,6660.0,6484.47265625,14259,0.0,0.0
2026-04-08,6660.0,6600.0,6540.0,6540.0,6367.63525390625,21549,0.0,0.0
2026-04-09,6540.0,6600.0,6550.0,6590.0,6416.3173828125,22005,0.0,0.0
2026-04-10,6540.0,6600.0,6550.0,6590.0,6416.3173828125,22005,0.0,0.0
2026-04-13,6590.0,6590.0,6590.0,6590.0,6416.3173828125,0,0.0,0.0
2026-04-14,6590.0,6590.0,6590.0,6590.0,6416.3173828125,0,0.0,0.0
2026-04-15,6600.0,6700.0,6520.0,6690.0,6513.68212890625,34863,0.0,0.0
2026-04-16,6690.0,6690.0,6550.0,6550.0,6377.3720703125,36722,0.0,0.0
2026-04-17,6550.0,6700.0,6550.0,6650.0,6474.736328125,28704,0.0,0.0
2026-04-20,6650.0,6710.0,6510.0,6690.0,6513.68212890625,33661,0.0,0.0
2026-04-21,6690.0,6690.0,6520.0,6690.0,6513.68212890625,21741,0.0,0.0
2026-04-22,6690.0,6690.0,6640.0,6660.0,6484.47265625,13283,0.0,0.0
2026-04-23,6660.0,6660.0,6660.0,6660.0,6484.47265625,1467,0.0,0.0
2026-04-24,6660.0,6600.0,6550.0,6600.0,6426.05419921875,7019,0.0,0.0
2026-04-27,6600.0,6700.0,6480.0,6510.0,6338.42626953125,21473,0.0,0.0
2026-04-28,6510.0,6520.0,6200.0,6320.0,6153.43359375,207181,0.0,0.0
2026-04-29,6320.0,6450.0,6280.0,6340.0,6172.90625,46221,0.0,0.0
2026-04-30,6340.0,6320.0,6290.0,6320.0,6153.43359375,8299,0.0,0.0
2026-05-04,6320.0,6400.0,6200.0,6230.0,6065.8056640625,38410,0.0,0.0
2026-05-05,6230.0,6230.0,6230.0,6230.0,6065.8056640625,0,0.0,0.0
2026-05-06,6300.0,6300.0,6280.0,6300.0,6133.9609375,23620,0.0,0.0
2026-05-07,6300.0,6400.0,6250.0,6300.0,6133.9609375,34287,0.0,0.0
2026-05-08,6300.0,6450.0,6300.0,6440.0,6270.27099609375,23626,0.0,0.0
2026-05-11,6440.0,6400.0,6230.0,6380.0,6211.85205078125,15963,0.0,0.0
2026-05-12,6380.0,6350.0,6100.0,6350.0,6182.64306640625,5330,0.0,0.0
2026-05-13,6305.9130859375,6290.0,6350.0,6330.0,6163.169921875,11872,0.0,0.0
2026-05-14,6330.0,6330.0,6220.0,6300.0,6133.9609375,85222,0.0,0.0
2026-05-15,6300.0,6300.0,6200.0,6200.0,6036.59619140625,10925,0.0,0.0
2026-05-19,6200.0,6300.0,6160.0,6230.0,6065.8056640625,15966,0.0,0.0
2026-05-20,6230.0,6230.0,6050.0,6100.0,5939.23193359375,28480,0.0,0.0
2026-05-21,6100.0,6120.0,5950.0,6030.0,5871.07666015625,27925,0.0,0.0
2026-05-22,6030.0,6030.0,6030.0,6030.0,5871.07666015625,4408,0.0,0.0
2026-05-25,6030.0,6300.0,6100.0,6200.0,6036.59619140625,59974,0.0,0.0
2026-05-26,6200.0,6390.0,6300.0,6340.0,6172.90625,18206,0.0,0.0
2026-05-27,6340.0,6340.0,6200.0,6270.0,6104.75146484375,34432,0.0,0.0
2026-05-28,6270.0,6300.0,6180.0,6230.0,6065.8056640625,19516,0.0,0.0
2026-06-01,6530.0,6700.0,6470.0,6630.0,6455.26318359375,27716,0.0,0.0
2026-06-02,6530.0,6700.0,6470.0,6630.0,6455.26318359375,27716,0.0,0.0
2026-06-03,6630.0,6600.0,6500.0,6600.0,6426.05419921875,14803,0.0,0.0
2026-06-04,6600.0,6600.0,6470.0,6550.0,6377.3720703125,20732,0.0,0.0
2026-06-05,6230.0,6340.0,6280.0,6300.0,6133.9609375,18774,0.0,0.0
2026-06-08,6300.0,6300.0,6300.0,6300.0,6133.9609375,0,0.0,0.0
2026-06-09,6470.0,6550.0,6450.0,6550.0,6377.3720703125,5831,0.0,0.0
2026-06-10,6550.0,6540.0,6450.0,6450.0,6280.00732421875,7008,0.0,0.0
2026-06-11,6450.0,6450.0,6420.0,6450.0,6280.00732421875,11191,0.0,0.0
2026-06-16,6680.0,6680.0,6660.0,6650.0,6474.736328125,10693,0.0,0.0
2026-06-17,6650.0,6750.0,6690.0,6730.0,6552.6279296875,50575,0.0,0.0
2026-06-18,6730.0,6730.0,6730.0,6730.0,6552.6279296875,0,0.0,0.0
2026-06-19,6730.0,6730.0,6730.0,6730.0,6552.6279296875,0,0.0,0.0
2026-06-22,6710.0,7000.0,6570.0,6600.0,6426.05419921875,79205,0.0,0.0
2026-06-23,6600.0,6790.0,6550.0,6730.0,6552.6279296875,20568,0.0,0.0
2026-06-24,6730.0,6770.0,6700.0,6730.0,6552.6279296875,17868,0.0,0.0
2026-06-25,6730.0,6700.0,6520.0,6590.0,6416.3173828125,10714,0.0,0.0
2026-06-26,6590.0,6700.0,6550.0,6700.0,6523.41845703125,5700,0.0,0.0
2026-06-29,6700.0,6700.0,6700.0,6700.0,6523.41845703125,0,0.0,0.0
2026-06-30,6700.0,6840.0,6610.0,6620.0,6445.52685546875,6733,0.0,0.0
2026-07-01,6620.0,6620.0,6620.0,6630.0,6455.26318359375,11667,0.0,0.0
2026-07-02,6630.0,6740.0,6660.0,6730.0,6552.6279296875,49668,0.0,0.0
2026-07-03,6670.0,6770.0,6540.0,6660.0,6484.47265625,8343,0.0,0.0
2026-07-06,6660.0,6660.0,6660.0,6660.0,6484.47265625,2180,0.0,0.0
2026-07-07,6660.0,6660.0,6520.0,6600.0,6426.05419921875,7297,0.0,0.0
2026-07-08,6600.0,6790.0,6520.0,6770.0,6591.57373046875,54569,0.0,0.0
2026-07-09,6770.0,6670.0,6550.0,6590.0,6416.3173828125,37337,0.0,0.0
2026-07-10,6590.0,6660.0,6530.0,6660.0,6484.47265625,6098,0.0,0.0
2026-07-14,6660.0,6640.0,6580.0,6630.0,6455.26318359375,19389,0.0,0.0
2026-07-15,6630.0,6630.0,6630.0,6630.0,6455.26318359375,3022,0.0,0.0
2026-07-16,6630.0,6700.0,6600.0,6680.0,6503.94580078125,8808,0.0,0.0
2026-07-17,6680.0,6780.0,6530.0,6550.0,6377.3720703125,9666,0.0,0.0
2026-07-21,6550.0,6600.0,6520.0,6550.0,6377.3720703125,16271,0.0,0.0
2026-07-22,6550.0,6740.0,6540.0,6560.0,6387.1083984375,12938,0.0,0.0
2026-07-23,6560.0,6640.0,6520.0,6550.0,6377.3720703125,15898,0.0,0.0
2026-07-24,6550.0,6550.0,6550.0,6550.0,6377.3720703125,0,0.0,0.0
2026-07-27,6510.0,6510.0,6510.0,6510.0,6338.42626953125,1442,0.0,0.0
2026-07-28,6510.0,6500.0,6470.0,6470.0,6299.48046875,8206,0.0,0.0
2026-07-29,6470.0,6670.0,6500.0,6500.0,6328.689453125,6459,0.0,0.0
2026-07-30,6500.0,6600.0,6320.0,6510.0,6338.42626953125,17189,0.0,0.0
2026-07-31,6510.0,6650.0,6500.0,6640.0,6465.0,56382,0.0,0.0
2026-08-03,6640.0,6860.0,6610.0,6610.0,6435.79052734375,37259,0.0,0.0
2026-08-04,6610.0,6620.0,6570.0,6600.0,6426.05419921875,26136,0.0,0.0
2026-08-05,6600.0,6700.0,6600.0,6610.0,6435.79052734375,18744,0.0,0.0
2026-08-06,6610.0,6700.0,6540.0,6610.0,6435.79052734375,70845,0.0,0.0
2026-08-07,6610.0,6610.0,6610.0,6610.0,6435.79052734375,0,0.0,0.0
2026-08-10,6610.0,6700.0,6590.0,6610.0,6435.79052734375,81390,0.0,0.0
2026-08-11,6610.0,6700.0,6600.0,6630.0,6455.26318359375,19597,0.0,0.0
2026-08-12,6630.0,6720.0,6600.0,6640.0,6465.0,27204,0.0,0.0
2026-08-13,6640.0,6640.0,6340.0,6460.0,6460.0,71346,175.0,0.0
2026-08-14,6460.0,6550.0,6360.0,6440.0,6440.0,20130,0.0,0.0
2026-08-18,6440.0,6460.0,6350.0,6380.0,6380.0,33996,0.0,0.0
2026-08-19,6380.0,6400.0,6360.0,6360.0,6360.0,12380,0.0,0.0
2026-08-20,6360.0,6400.0,6310.0,6340.0,6340.0,20112,0.0,0.0
2026-08-21,6340.0,6400.0,6220.0,6270.0,6270.0,33769,0.0,0.0
2026-08-24,6270.0,6400.0,6250.0,6290.0,6290.0,40940,0.0,0.0
2026-08-25,6290.0,6320.0,6270.0,6300.0,6300.0,52454,0.0,0.0
2026-08-26,6300.0,6380.0,6260.0,6300.0,6300.0,21611,0.0,0.0
2026-08-27,6300.0,6380.0,6290.0,6310.0,6310.0,18471,0.0,0.0
2026-08-28,6310.0,6400.0,6360.0,6380.0,6380.0,15964,0.0,0.0
2026-08-31,6380.0,6400.0,6130.0,6130.0,6130.0,256575,0.0,0.0
2026-09-01,6130.0,6280.0,6150.0,6260.0,6260.0,193250,0.0,0.0
2026-09-02,6270.0,6300.0,6260.0,6280.0,6280.0,15645,0.0,0.0
2026-09-03,6280.0,6290.0,6250.0,6260.0,6260.0,26105,0.0,0.0
2026-09-04,6260.0,6350.0,6230.0,6280.0,6280.0,13218,0.0,0.0
2026-09-08,6300.0,6350.0,6340.0,6340.0,6340.0,15833,0.0,0.0
2026-09-09,6340.0,6350.0,6330.0,6330.0,6330.0,34495,0.0,0.0
2026-09-10,6330.0,6340.0,6270.0,6290.0,6290.0,52904,0.0,0.0
2026-09-11,6290.0,6340.0,6290.0,6320.0,6320.0,30588,0.0,0.0
2026-09-14,6320.0,6320.0,6130.0,6310.0,6310.0,125118,0.0,0.0
