"Periodo(MMM DD, AAAA)","Indicador Bancario de Referencia (IBR) overnight, nominal","Indicador Bancario de Referencia (IBR) a 1 mes, nominal","Indicador Bancario de Referencia (IBR) a 3 meses, nominal","Indicador Bancario de Referencia (IBR) a 6 meses, nominal","Indicador Bancario de Referencia (IBR) a 12 meses, nominal"
"2008/01/02",8.95,,,,
"2008/01/03",8.97,,,,
"2008/01/04",8.951,,,,
"2008/01/08",8.96,,,,
"2008/01/09",8.97,,,,
"2008/01/10",8.975,,,,
"2008/01/11",8.978,,,,
"2008/01/14",8.98,,,,
"2008/01/15",8.97,,,,
"2008/01/16",8.97,,,,
"2008/01/17",8.978,,,,
"2008/01/18",8.99,,,,
"2008/01/21",8.992,,,,
"2008/01/22",8.985,,,,
"2008/01/23",8.98,,,,
"2008/01/24",8.978,,,,
"2008/01/25",8.965,,,,
"2008/01/28",8.965,,,,
"2008/01/29",8.957,,,,
"2008/01/30",8.952,,,,
"2008/01/31",8.955,,,,
"2008/02/01",8.951,,,,
"2008/02/04",8.959,,,,
"2008/02/05",8.97,,,,
"2008/02/06",8.978,,,,
"2008/02/07",8.988,,,,
"2008/02/08",8.992,,,,
"2008/02/11",8.997,,,,
"2008/02/12",9,,,,
"2008/02/13",8.995,,,,
"2008/02/14",8.993,,,,
"2008/02/15",8.998,,,,
"2008/02/18",9.014,,,,
"2008/02/19",9.042,,,,
"2008/02/20",9.053,,,,
"2008/02/21",9.06,,,,
"2008/02/22",9.064,,,,
"2008/02/25",9.216,,,,
"2008/02/26",9.218,,,,
"2008/02/27",9.222,,,,
"2008/02/28",9.229,,,,
"2008/02/29",9.233,,,,
"2008/03/03",9.241,,,,
"2008/03/04",9.236,,,,
"2008/03/05",9.246,,,,
"2008/03/06",9.253,,,,
"2008/03/07",9.256,,,,
"2008/03/10",9.252,,,,
"2008/03/11",9.25,,,,
"2008/03/12",9.249,,,,
"2008/03/13",9.239,,,,
"2008/03/14",9.23,,,,
"2008/03/17",9.225,,,,
"2008/03/18",9.236,,,,
"2008/03/19",9.218,,,,
"2008/03/25",9.205,,,,
"2008/03/26",9.215,,,,
"2008/03/27",9.228,,,,
"2008/03/28",9.232,,,,
"2008/03/31",9.22,,,,
"2008/04/01",9.22,,,,
"2008/04/02",9.218,,,,
"2008/04/03",9.213,,,,
"2008/04/04",9.213,,,,
"2008/04/07",9.21,,,,
"2008/04/08",9.208,,,,
"2008/04/09",9.208,,,,
"2008/04/10",9.212,,,,
"2008/04/11",9.212,,,,
"2008/04/14",9.21,,,,
"2008/04/15",9.205,,,,
"2008/04/16",9.209,,,,
"2008/04/17",9.211,,,,
"2008/04/18",9.215,,,,
"2008/04/21",9.219,,,,
"2008/04/22",9.225,,,,
"2008/04/23",9.227,,,,
"2008/04/24",9.231,,,,
"2008/04/25",9.219,,,,
"2008/04/28",9.198,,,,
"2008/04/29",9.189,,,,
"2008/04/30",9.203,,,,
"2008/05/02",9.21,,,,
"2008/05/06",9.211,,,,
"2008/05/07",9.213,,,,
"2008/05/08",9.228,,,,
"2008/05/09",9.231,,,,
"2008/05/12",9.233,,,,
"2008/05/13",9.236,,,,
"2008/05/14",9.236,,,,
"2008/05/15",9.238,,,,
"2008/05/16",9.236,,,,
"2008/05/19",9.237,,,,
"2008/05/20",9.239,,,,
"2008/05/21",9.239,,,,
"2008/05/22",9.24,,,,
"2008/05/23",9.229,,,,
"2008/05/27",9.228,,,,
"2008/05/28",9.23,,,,
"2008/05/29",9.231,,,,
"2008/05/30",9.232,,,,
"2008/06/03",9.228,,,,
"2008/06/04",9.226,,,,
"2008/06/05",9.222,,,,
"2008/06/06",9.22,,,,
"2008/06/09",9.223,,,,
"2008/06/10",9.225,,,,
"2008/06/11",9.226,,,,
"2008/06/12",9.226,,,,
"2008/06/13",9.228,,,,
"2008/06/16",9.227,,,,
"2008/06/17",9.227,,,,
"2008/06/18",9.225,,,,
"2008/06/19",9.226,,,,
"2008/06/20",9.224,,,,
"2008/06/23",9.226,,,,
"2008/06/24",9.226,,,,
"2008/06/25",9.226,,,,
"2008/06/26",9.227,,,,
"2008/06/27",9.226,,,,
"2008/07/01",9.226,,,,
"2008/07/02",9.227,,,,
"2008/07/03",9.227,,,,
"2008/07/04",9.227,,,,
"2008/07/07",9.228,,,,
"2008/07/08",9.229,,,,
"2008/07/09",9.231,,,,
"2008/07/10",9.232,,,,
"2008/07/11",9.232,,,,
"2008/07/14",9.232,,,,
"2008/07/15",9.231,,,,
"2008/07/16",9.229,,,,
"2008/07/17",9.23,,,,
"2008/07/18",9.228,,,,
"2008/07/21",9.226,,,,
"2008/07/22",9.226,,,,
"2008/07/23",9.226,,,,
"2008/07/24",9.226,,,,
"2008/07/25",9.225,,,,
"2008/07/28",9.441,,,,
"2008/07/29",9.436,,,,
"2008/07/30",9.438,,,,
"2008/07/31",9.434,,,,
"2008/08/01",9.432,,,,
"2008/08/04",9.433,,,,
"2008/08/05",9.438,,,,
"2008/08/06",9.431,,,,
"2008/08/08",9.433,,,,
"2008/08/11",9.434,,,,
"2008/08/12",9.433,,,,
"2008/08/13",9.434,,,,
"2008/08/14",9.434,,,,
"2008/08/15",9.433,,,,
"2008/08/19",9.435,,,,
"2008/08/20",9.434,,,,
"2008/08/21",9.434,,,,
"2008/08/22",9.435,,,,
"2008/08/25",9.431,,,,
"2008/08/26",9.427,,,,
"2008/08/27",9.428,,,,
"2008/08/28",9.415,,,,
"2008/08/29",9.408,,,,
"2008/09/01",9.407,,,,
"2008/09/02",9.409,,,,
"2008/09/03",9.415,,,,
"2008/09/04",9.42,,,,
"2008/09/05",9.419,,,,
"2008/09/08",9.42,,,,
"2008/09/09",9.419,,,,
"2008/09/10",9.415,,,,
"2008/09/11",9.412,,,,
"2008/09/12",9.41,,,,
"2008/09/15",9.403,,,,
"2008/09/16",9.402,,,,
"2008/09/17",9.401,,,,
"2008/09/18",9.4,,,,
"2008/09/19",9.398,,,,
"2008/09/22",9.4,,,,
"2008/09/23",9.402,,,,
"2008/09/24",9.4,,,,
"2008/09/25",9.397,,,,
"2008/09/26",9.396,,,,
"2008/09/29",9.394,,,,
"2008/09/30",9.389,,,,
"2008/10/01",9.4,,,,
"2008/10/02",9.403,,,,
"2008/10/03",9.399,,,,
"2008/10/06",9.408,,,,
"2008/10/07",9.414,,,,
"2008/10/08",9.417,,,,
"2008/10/09",9.42,,,,
"2008/10/10",9.426,,,,
"2008/10/14",9.402,,,,
"2008/10/15",9.414,,,,
"2008/10/16",9.416,,,,
"2008/10/17",9.42,,,,
"2008/10/20",9.419,,,,
"2008/10/21",9.424,,,,
"2008/10/22",9.43,,,,
"2008/10/23",9.432,,,,
"2008/10/24",9.435,,,,
"2008/10/27",9.438,,,,
"2008/10/28",9.433,,,,
"2008/10/29",9.439,,,,
"2008/10/30",9.44,,,,
"2008/10/31",9.422,,,,
"2008/11/04",9.408,,,,
"2008/11/05",9.4,,,,
"2008/11/06",9.398,,,,
"2008/11/07",9.389,,,,
"2008/11/10",9.385,,,,
"2008/11/11",9.369,,,,
"2008/11/12",9.349,,,,
"2008/11/13",9.344,,,,
"2008/11/14",9.325,,,,
"2008/11/18",9.3,,,,
"2008/11/19",9.283,,,,
"2008/11/20",9.251,,,,
"2008/11/21",9.21,,,,
"2008/11/24",9.15,,,,
"2008/11/25",9.025,,,,
"2008/11/26",9,,,,
"2008/11/27",8.97,,,,
"2008/11/28",8.92,,,,
"2008/12/01",8.87,,,,
"2008/12/02",8.8,,,,
"2008/12/03",8.79,,,,
"2008/12/04",8.765,,,,
"2008/12/05",8.72,,,,
"2008/12/09",8.67,,,,
"2008/12/10",8.66,,,,
"2008/12/11",8.685,,,,
"2008/12/12",8.72,,,,
"2008/12/15",8.68,,,,
"2008/12/16",8.675,,,,
"2008/12/17",8.65,,,,
"2008/12/18",8.635,,,,
"2008/12/19",8.625,,,,
"2008/12/22",8.4,,,,
"2008/12/23",8.385,,,,
"2008/12/24",8.368,,,,
"2008/12/26",8.383,,,,
"2008/12/29",8.354,,,,
"2008/12/30",8.355,,,,
"2009/01/02",8.343,,,,
"2009/01/05",8.342,,,,
"2009/01/06",8.36,,,,
"2009/01/07",8.38,,,,
"2009/01/08",8.418,,,,
"2009/01/09",8.423,,,,
"2009/01/13",8.435,,,,
"2009/01/14",8.445,,,,
"2009/01/15",8.466,,,,
"2009/01/16",8.503,,,,
"2009/01/19",8.547,,,,
"2009/01/20",8.568,,,,
"2009/01/21",8.605,,,,
"2009/01/22",8.621,,,,
"2009/01/23",8.656,,,,
"2009/01/26",8.702,,,,
"2009/01/27",8.748,,,,
"2009/01/28",8.788,,,,
"2009/01/29",8.823,,,,
"2009/01/30",8.856,,,,
"2009/02/02",8.46,,,,
"2009/02/03",8.484,,,,
"2009/02/04",8.497,,,,
"2009/02/05",8.508,,,,
"2009/02/06",8.523,,,,
"2009/02/09",8.557,,,,
"2009/02/10",8.598,,,,
"2009/02/11",8.611,,,,
"2009/02/12",8.627,,,,
"2009/02/13",8.616,,,,
"2009/02/16",8.607,,,,
"2009/02/17",8.599,,,,
"2009/02/18",8.57,,,,
"2009/02/19",8.554,,,,
"2009/02/20",8.518,,,,
"2009/02/23",8.495,,,,
"2009/02/24",8.5,,,,
"2009/02/25",8.5,,,,
"2009/02/26",8.48,,,,
"2009/02/27",8.473,,,,
"2009/03/02",7.571,,,,
"2009/03/03",7.542,,,,
"2009/03/04",7.556,,,,
"2009/03/05",7.546,,,,
"2009/03/06",7.545,,,,
"2009/03/09",7.582,,,,
"2009/03/10",7.597,,,,
"2009/03/11",7.607,,,,
"2009/03/12",7.598,,,,
"2009/03/13",7.618,,,,
"2009/03/16",7.611,,,,
"2009/03/17",7.605,,,,
"2009/03/18",7.61,,,,
"2009/03/19",7.619,,,,
"2009/03/20",7.619,,,,
"2009/03/24",6.698,,,,
"2009/03/25",6.701,,,,
"2009/03/26",6.71,,,,
"2009/03/27",6.696,,,,
"2009/03/30",6.73,,,,
"2009/03/31",6.715,,,,
"2009/04/01",6.729,,,,
"2009/04/02",6.72,,,,
"2009/04/03",6.73,,,,
"2009/04/06",6.733,,,,
"2009/04/07",6.736,,,,
"2009/04/08",6.744,,,,
"2009/04/13",6.752,,,,
"2009/04/14",6.756,,,,
"2009/04/15",6.757,,,,
"2009/04/16",6.756,,,,
"2009/04/17",6.765,,,,
"2009/04/20",6.767,,,,
"2009/04/21",6.766,,,,
"2009/04/22",6.767,,,,
"2009/04/23",6.761,,,,
"2009/04/24",6.756,,,,
"2009/04/27",6.75,,,,
"2009/04/28",6.741,,,,
"2009/04/29",6.745,,,,
"2009/04/30",6.756,,,,
"2009/05/04",5.75,,,,
"2009/05/05",5.776,,,,
"2009/05/06",5.793,,,,
"2009/05/07",5.835,,,,
"2009/05/08",5.876,,,,
"2009/05/11",5.914,,,,
"2009/05/12",5.948,,,,
"2009/05/13",5.955,,,,
"2009/05/14",5.943,,,,
"2009/05/15",5.927,,,,
"2009/05/18",5.892,,,,
"2009/05/19",5.881,,,,
"2009/05/20",5.868,,,,
"2009/05/21",5.84,,,,
"2009/05/22",5.83,,,,
"2009/05/26",5.8,,,,
"2009/05/27",5.769,,,,
"2009/05/28",5.771,,,,
"2009/05/29",5.782,,,,
"2009/06/01",4.816,,,,
"2009/06/02",4.816,,,,
"2009/06/03",4.836,,,,
"2009/06/04",4.86,,,,
"2009/06/05",4.888,,,,
"2009/06/08",4.87,,,,
"2009/06/09",4.895,,,,
"2009/06/10",4.9,,,,
"2009/06/11",4.885,,,,
"2009/06/12",4.875,,,,
"2009/06/16",4.89,,,,
"2009/06/17",4.91,,,,
"2009/06/18",4.923,,,,
"2009/06/19",4.905,,,,
"2009/06/23",4.42,,,,
"2009/06/24",4.407,,,,
"2009/06/25",4.391,,,,
"2009/06/26",4.376,,,,
"2009/06/30",4.387,,,,
"2009/07/01",4.38,,,,
"2009/07/02",4.372,,,,
"2009/07/03",4.384,,,,
"2009/07/06",4.376,,,,
"2009/07/07",4.374,,,,
"2009/07/08",4.38,,,,
"2009/07/09",4.384,,,,
"2009/07/10",4.381,,,,
"2009/07/13",4.375,,,,
"2009/07/14",4.357,,,,
"2009/07/15",4.358,,,,
"2009/07/16",4.344,,,,
"2009/07/17",4.332,,,,
"2009/07/21",4.319,,,,
"2009/07/22",4.308,,,,
"2009/07/23",4.295,,,,
"2009/07/24",4.265,,,,
"2009/07/27",4.24,,,,
"2009/07/28",4.209,,,,
"2009/07/29",4.178,,,,
"2009/07/30",4.155,,,,
"2009/07/31",4.116,,,,
"2009/08/03",4.076,,,,
"2009/08/04",4.033,,,,
"2009/08/05",3.99,,,,
"2009/08/06",3.966,,,,
"2009/08/10",3.94,,,,
"2009/08/11",3.928,,,,
"2009/08/12",3.936,,,,
"2009/08/13",3.906,,,,
"2009/08/14",3.888,,,,
"2009/08/18",3.89,,,,
"2009/08/19",3.859,,,,
"2009/08/20",3.865,,,,
"2009/08/21",3.885,,,,
"2009/08/24",3.843,,,,
"2009/08/25",3.805,,,,
"2009/08/26",3.865,,,,
"2009/08/27",3.916,,,,
"2009/08/28",3.959,,,,
"2009/08/31",4.007,,,,
"2009/09/01",4.075,,,,
"2009/09/02",4.15,,,,
"2009/09/03",4.186,,,,
"2009/09/04",4.265,,,,
"2009/09/07",4.265,,,,
"2009/09/08",4.24,,,,
"2009/09/09",4.206,,,,
"2009/09/10",4.18,,,,
"2009/09/11",4.15,,,,
"2009/09/14",4.165,,,,
"2009/09/15",4.17,,,,
"2009/09/16",4.205,,,,
"2009/09/17",4.206,,,,
"2009/09/18",4.207,,,,
"2009/09/21",4.242,,,,
"2009/09/22",4.273,,,,
"2009/09/23",4.303,,,,
"2009/09/24",4.334,,,,
"2009/09/25",4.345,,,,
"2009/09/28",3.861,,,,
"2009/09/29",3.867,,,,
"2009/09/30",3.865,,,,
"2009/10/01",3.863,,,,
"2009/10/02",3.882,,,,
"2009/10/05",3.89,,,,
"2009/10/06",3.911,,,,
"2009/10/07",3.894,,,,
"2009/10/08",3.872,,,,
"2009/10/09",3.862,,,,
"2009/10/13",3.853,,,,
"2009/10/14",3.856,,,,
"2009/10/15",3.891,,,,
"2009/10/16",3.886,,,,
"2009/10/19",3.897,,,,
"2009/10/20",3.856,,,,
"2009/10/21",3.893,,,,
"2009/10/22",3.886,,,,
"2009/10/23",3.881,,,,
"2009/10/26",3.887,,,,
"2009/10/27",3.892,,,,
"2009/10/28",3.887,,,,
"2009/10/29",3.862,,,,
"2009/10/30",3.854,,,,
"2009/11/03",3.867,,,,
"2009/11/04",3.867,,,,
"2009/11/05",3.87,,,,
"2009/11/06",3.862,,,,
"2009/11/09",3.851,,,,
"2009/11/10",3.87,,,,
"2009/11/11",3.877,,,,
"2009/11/12",3.877,,,,
"2009/11/13",3.877,,,,
"2009/11/17",3.888,,,,
"2009/11/18",3.89,,,,
"2009/11/19",3.874,,,,
"2009/11/20",3.87,,,,
"2009/11/23",3.842,,,,
"2009/11/24",3.405,,,,
"2009/11/25",3.395,,,,
"2009/11/26",3.367,,,,
"2009/11/27",3.33,,,,
"2009/11/30",3.305,,,,
"2009/12/01",3.273,,,,
"2009/12/02",3.255,,,,
"2009/12/03",3.253,,,,
"2009/12/04",3.248,,,,
"2009/12/07",3.26,,,,
"2009/12/09",3.245,,,,
"2009/12/10",3.22,,,,
"2009/12/11",3.15,,,,
"2009/12/14",3.155,,,,
"2009/12/15",3.105,,,,
"2009/12/16",3.115,,,,
"2009/12/17",3.105,,,,
"2009/12/18",3.08,,,,
"2009/12/21",3.07,,,,
"2009/12/22",3,,,,
"2009/12/23",2.97,,,,
"2009/12/24",2.895,,,,
"2009/12/28",2.805,,,,
"2009/12/29",2.75,,,,
"2009/12/30",2.875,,,,
"2010/01/04",3,,,,
"2010/01/05",3.09,,,,
"2010/01/06",3.175,,,,
"2010/01/07",3.185,,,,
"2010/01/08",3.135,,,,
"2010/01/12",3.163,,,,
"2010/01/13",3.25,,,,
"2010/01/14",3.2,,,,
"2010/01/15",3.275,,,,
"2010/01/18",3.225,,,,
"2010/01/19",3.2,,,,
"2010/01/20",3.2,,,,
"2010/01/21",3.18,,,,
"2010/01/22",3.165,,,,
"2010/01/25",3.125,,,,
"2010/01/26",3.125,,,,
"2010/01/27",3.204,,,,
"2010/01/28",3.24,,,,
"2010/01/29",3.24,,,,
"2010/02/01",3.225,,,,
"2010/02/02",3.225,,,,
"2010/02/03",3.215,,,,
"2010/02/04",3.25,,,,
"2010/02/05",3.24,,,,
"2010/02/08",3.225,,,,
"2010/02/09",3.225,,,,
"2010/02/10",3.225,,,,
"2010/02/11",3.35,,,,
"2010/02/12",3.3,,,,
"2010/02/15",3.275,,,,
"2010/02/16",3.3,,,,
"2010/02/17",3.302,,,,
"2010/02/18",3.31,,,,
"2010/02/19",3.34,,,,
"2010/02/22",3.318,,,,
"2010/02/23",3.3,,,,
"2010/02/24",3.255,,,,
"2010/02/25",3.255,,,,
"2010/02/26",3.265,,,,
"2010/03/01",3.245,,,,
"2010/03/02",3.22,,,,
"2010/03/03",3.25,,,,
"2010/03/04",3.25,,,,
"2010/03/05",3.2,,,,
"2010/03/08",3.185,,,,
"2010/03/09",3.2,,,,
"2010/03/10",3.168,,,,
"2010/03/11",3.17,,,,
"2010/03/12",3.225,,,,
"2010/03/15",3.23,,,,
"2010/03/16",3.365,,,,
"2010/03/17",3.325,,,,
"2010/03/18",3.275,,,,
"2010/03/19",3.325,,,,
"2010/03/23",3.315,,,,
"2010/03/24",3.34,,,,
"2010/03/25",3.35,,,,
"2010/03/26",3.33,,,,
"2010/03/29",3.3,,,,
"2010/03/30",3.315,,,,
"2010/03/31",3.35,,,,
"2010/04/05",3.375,,,,
"2010/04/06",3.385,,,,
"2010/04/07",3.403,,,,
"2010/04/08",3.398,,,,
"2010/04/09",3.425,,,,
"2010/04/12",3.395,,,,
"2010/04/13",3.395,,,,
"2010/04/14",3.398,,,,
"2010/04/15",3.44,,,,
"2010/04/16",3.45,,,,
"2010/04/19",3.453,,,,
"2010/04/20",3.425,,,,
"2010/04/21",3.418,,,,
"2010/04/22",3.408,,,,
"2010/04/23",3.4,,,,
"2010/04/26",3.405,,,,
"2010/04/27",3.428,,,,
"2010/04/28",3.428,,,,
"2010/04/29",3.428,,,,
"2010/04/30",3.41,,,,
"2010/05/03",2.925,,,,
"2010/05/04",2.93,,,,
"2010/05/05",2.93,,,,
"2010/05/06",2.943,,,,
"2010/05/07",2.95,,,,
"2010/05/10",2.958,,,,
"2010/05/11",2.963,,,,
"2010/05/12",2.968,,,,
"2010/05/13",2.97,,,,
"2010/05/14",2.978,,,,
"2010/05/18",2.98,,,,
"2010/05/19",2.98,,,,
"2010/05/20",2.988,,,,
"2010/05/21",2.99,,,,
"2010/05/24",2.978,,,,
"2010/05/25",2.97,,,,
"2010/05/26",2.968,,,,
"2010/05/27",2.963,,,,
"2010/05/28",2.948,,,,
"2010/05/31",2.95,,,,
"2010/06/01",2.935,,,,
"2010/06/02",2.945,,,,
"2010/06/03",2.95,,,,
"2010/06/04",2.95,,,,
"2010/06/08",2.96,,,,
"2010/06/09",2.966,,,,
"2010/06/10",2.966,,,,
"2010/06/11",2.971,,,,
"2010/06/15",2.98,,,,
"2010/06/16",2.983,,,,
"2010/06/17",2.999,,,,
"2010/06/18",2.98,,,,
"2010/06/21",2.963,,,,
"2010/06/22",2.94,,,,
"2010/06/23",2.93,,,,
"2010/06/24",2.923,,,,
"2010/06/25",2.925,,,,
"2010/06/28",2.925,,,,
"2010/06/29",2.941,,,,
"2010/06/30",2.94,,,,
"2010/07/01",2.975,,,,
"2010/07/02",2.975,,,,
"2010/07/06",2.984,,,,
"2010/07/07",2.985,,,,
"2010/07/08",2.965,,,,
"2010/07/09",2.955,,,,
"2010/07/12",2.963,,,,
"2010/07/13",2.957,,,,
"2010/07/14",2.962,,,,
"2010/07/15",2.97,,,,
"2010/07/16",2.95,,,,
"2010/07/19",2.971,,,,
"2010/07/21",2.97,,,,
"2010/07/22",2.97,,,,
"2010/07/23",2.97,,,,
"2010/07/26",2.935,,,,
"2010/07/27",2.93,,,,
"2010/07/28",2.945,,,,
"2010/07/29",2.948,,,,
"2010/07/30",2.95,,,,
"2010/08/02",2.938,,,,
"2010/08/03",2.93,,,,
"2010/08/04",2.93,,,,
"2010/08/05",2.938,,,,
"2010/08/06",2.938,,,,
"2010/08/09",2.933,,,,
"2010/08/10",2.945,,,,
"2010/08/11",2.953,,,,
"2010/08/12",2.956,,,,
"2010/08/13",2.965,,,,
"2010/08/17",2.97,,,,
"2010/08/18",2.971,,,,
"2010/08/19",2.974,,,,
"2010/08/20",2.965,,,,
"2010/08/23",2.968,,,,
"2010/08/24",2.984,,,,
"2010/08/25",2.983,,,,
"2010/08/26",2.976,,,,
"2010/08/27",2.975,,,,
"2010/08/30",2.986,,,,
"2010/08/31",2.993,,,,
"2010/09/01",2.956,,,,
"2010/09/02",2.965,,,,
"2010/09/03",2.967,,,,
"2010/09/06",2.982,,,,
"2010/09/07",2.996,,,,
"2010/09/08",2.986,,,,
"2010/09/09",2.967,,,,
"2010/09/10",2.964,,,,
"2010/09/13",2.949,,,,
"2010/09/14",2.95,,,,
"2010/09/15",2.955,,,,
"2010/09/16",2.955,,,,
"2010/09/17",2.958,,,,
"2010/09/20",2.958,,,,
"2010/09/21",2.96,,,,
"2010/09/22",2.963,,,,
"2010/09/23",2.963,,,,
"2010/09/24",2.958,,,,
"2010/09/27",2.943,,,,
"2010/09/28",2.938,,,,
"2010/09/29",2.938,,,,
"2010/09/30",2.938,,,,
"2010/10/01",2.948,,,,
"2010/10/04",2.958,,,,
"2010/10/05",2.943,,,,
"2010/10/06",2.943,,,,
"2010/10/07",2.943,,,,
"2010/10/08",2.943,,,,
"2010/10/11",2.925,,,,
"2010/10/12",2.923,,,,
"2010/10/13",2.923,,,,
"2010/10/14",2.92,,,,
"2010/10/15",2.925,,,,
"2010/10/19",2.925,,,,
"2010/10/20",2.925,,,,
"2010/10/21",2.932,,,,
"2010/10/22",2.942,,,,
"2010/10/25",2.948,,,,
"2010/10/26",2.945,,,,
"2010/10/27",2.942,,,,
"2010/10/28",2.928,,,,
"2010/10/29",2.925,,,,
"2010/11/02",2.925,,,,
"2010/11/03",2.925,,,,
"2010/11/04",2.92,,,,
"2010/11/05",2.92,,,,
"2010/11/08",2.916,,,,
"2010/11/09",2.92,,,,
"2010/11/10",2.927,,,,
"2010/11/11",2.943,,,,
"2010/11/12",2.96,,,,
"2010/11/16",2.958,,,,
"2010/11/17",2.938,,,,
"2010/11/18",2.963,,,,
"2010/11/19",2.965,,,,
"2010/11/22",2.974,,,,
"2010/11/23",2.982,,,,
"2010/11/24",2.935,,,,
"2010/11/25",2.925,,,,
"2010/11/26",2.935,,,,
"2010/11/29",2.94,,,,
"2010/11/30",2.92,,,,
"2010/12/01",2.93,,,,
"2010/12/02",2.97,,,,
"2010/12/03",2.963,,,,
"2010/12/06",2.955,,,,
"2010/12/07",2.989,,,,
"2010/12/09",2.99,,,,
"2010/12/10",2.99,,,,
"2010/12/13",2.958,,,,
"2010/12/14",2.92,,,,
"2010/12/15",2.97,,,,
"2010/12/16",2.978,,,,
"2010/12/17",2.978,,,,
"2010/12/20",2.96,,,,
"2010/12/21",2.988,,,,
"2010/12/22",2.983,,,,
"2010/12/23",2.985,,,,
"2010/12/24",2.99,,,,
"2010/12/27",2.963,,,,
"2010/12/28",2.973,,,,
"2010/12/29",2.92,,,,
"2010/12/30",2.958,,,,
"2011/01/03",2.973,,,,
"2011/01/04",2.975,,,,
"2011/01/05",2.98,,,,
"2011/01/06",2.971,,,,
"2011/01/07",2.961,,,,
"2011/01/11",2.965,,,,
"2011/01/12",2.945,,,,
"2011/01/13",2.94,,,,
"2011/01/14",2.945,,,,
"2011/01/17",2.945,,,,
"2011/01/18",2.945,,,,
"2011/01/19",2.935,,,,
"2011/01/20",2.935,,,,
"2011/01/21",2.943,,,,
"2011/01/24",2.948,,,,
"2011/01/25",2.918,,,,
"2011/01/26",2.945,,,,
"2011/01/27",2.95,,,,
"2011/01/28",2.958,,,,
"2011/01/31",2.983,,,,
"2011/02/01",2.966,,,,
"2011/02/02",2.963,,,,
"2011/02/03",2.98,,,,
"2011/02/04",2.978,,,,
"2011/02/07",2.997,,,,
"2011/02/08",2.995,,,,
"2011/02/09",2.955,,,,
"2011/02/10",2.965,,,,
"2011/02/11",2.928,,,,
"2011/02/14",2.935,,,,
"2011/02/15",2.935,,,,
"2011/02/16",2.97,,,,
"2011/02/17",2.978,,,,
"2011/02/18",2.986,,,,
"2011/02/21",2.968,,,,
"2011/02/22",2.958,,,,
"2011/02/23",2.96,,,,
"2011/02/24",2.978,,,,
"2011/02/25",2.993,,,,
"2011/02/28",3.18,,,,
"2011/03/01",3.18,,,,
"2011/03/02",3.15,,,,
"2011/03/03",3.128,,,,
"2011/03/04",3.105,,,,
"2011/03/07",3.025,,,,
"2011/03/08",3,,,,
"2011/03/09",3.075,,,,
"2011/03/10",3.128,,,,
"2011/03/11",3.145,,,,
"2011/03/14",3.198,,,,
"2011/03/15",3.148,,,,
"2011/03/16",3.175,,,,
"2011/03/17",3.245,,,,
"2011/03/18",3.24,,,,
"2011/03/22",3.47,,,,
"2011/03/23",3.52,,,,
"2011/03/24",3.495,,,,
"2011/03/25",3.465,,,,
"2011/03/28",3.475,,,,
"2011/03/29",3.51,,,,
"2011/03/30",3.523,,,,
"2011/03/31",3.51,,,,
"2011/04/01",3.45,,,,
"2011/04/04",3.5,,,,
"2011/04/05",3.45,,,,
"2011/04/06",3.4,,,,
"2011/04/07",3.45,,,,
"2011/04/08",3.45,,,,
"2011/04/11",3.45,,,,
"2011/04/12",3.45,,,,
"2011/04/13",3.39,,,,
"2011/04/14",3.39,,,,
"2011/04/15",3.445,,,,
"2011/04/18",3.525,,,,
"2011/04/19",3.485,,,,
"2011/04/20",3.525,,,,
"2011/04/25",3.535,,,,
"2011/04/26",3.57,,,,
"2011/04/27",3.585,,,,
"2011/04/28",3.596,,,,
"2011/04/29",3.588,,,,
"2011/05/02",3.673,,,,
"2011/05/03",3.715,,,,
"2011/05/04",3.75,,,,
"2011/05/05",3.775,,,,
"2011/05/06",3.79,,,,
"2011/05/09",3.775,,,,
"2011/05/10",3.765,,,,
"2011/05/11",3.77,,,,
"2011/05/12",3.803,,,,
"2011/05/13",3.855,,,,
"2011/05/16",3.905,,,,
"2011/05/17",3.965,,,,
"2011/05/18",3.69,,,,
"2011/05/19",3.67,,,,
"2011/05/20",3.65,,,,
"2011/05/23",3.66,,,,
"2011/05/24",3.66,,,,
"2011/05/25",3.66,,,,
"2011/05/26",3.63,,,,
"2011/05/27",3.635,,,,
"2011/05/30",3.615,,,,
"2011/05/31",3.865,,,,
"2011/06/01",3.878,,,,
"2011/06/02",3.893,,,,
"2011/06/03",3.91,,,,
"2011/06/07",3.9,,,,
"2011/06/08",3.933,,,,
"2011/06/09",3.87,,,,
"2011/06/10",3.868,,,,
"2011/06/13",3.888,,,,
"2011/06/14",3.86,,,,
"2011/06/15",3.91,,,,
"2011/06/16",3.915,,,,
"2011/06/17",3.891,,,,
"2011/06/20",4.103,,,,
"2011/06/21",4.113,,,,
"2011/06/22",4.108,,,,
"2011/06/23",4.12,,,,
"2011/06/24",4.11,,,,
"2011/06/28",4.098,,,,
"2011/06/29",4.108,,,,
"2011/06/30",4.108,,,,
"2011/07/01",4.12,,,,
"2011/07/05",4.153,,,,
"2011/07/06",4.185,,,,
"2011/07/07",4.216,,,,
"2011/07/08",4.185,,,,
"2011/07/11",4.18,,,,
"2011/07/12",4.135,,,,
"2011/07/13",4.146,,,,
"2011/07/14",4.191,,,,
"2011/07/15",4.159,,,,
"2011/07/18",4.186,,,,
"2011/07/19",4.2,,,,
"2011/07/21",4.21,,,,
"2011/07/22",4.245,,,,
"2011/07/25",4.18,,,,
"2011/07/26",4.11,,,,
"2011/07/27",4.145,,,,
"2011/07/28",4.161,,,,
"2011/07/29",4.165,,,,
"2011/08/01",4.372,,,,
"2011/08/02",4.376,,,,
"2011/08/03",4.429,,,,
"2011/08/04",4.405,,,,
"2011/08/05",4.46,,,,
"2011/08/08",4.425,,,,
"2011/08/09",4.415,,,,
"2011/08/10",4.49,,,,
"2011/08/11",4.425,,,,
"2011/08/12",4.425,,,,
"2011/08/16",4.425,,,,
"2011/08/17",4.435,,,,
"2011/08/18",4.48,,,,
"2011/08/19",4.493,,,,
"2011/08/22",4.425,,,,
"2011/08/23",4.446,,,,
"2011/08/24",4.45,,,,
"2011/08/25",4.493,,,,
"2011/08/26",4.5,,,,
"2011/08/29",4.45,,,,
"2011/08/30",4.445,,,,
"2011/08/31",4.46,,,,
"2011/09/01",4.45,,,,
"2011/09/02",4.435,,,,
"2011/09/05",4.375,,,,
"2011/09/06",4.407,,,,
"2011/09/07",4.37,,,,
"2011/09/08",4.36,,,,
"2011/09/09",4.385,,,,
"2011/09/12",4.406,,,,
"2011/09/13",4.365,,,,
"2011/09/14",4.355,,,,
"2011/09/15",4.34,,,,
"2011/09/16",4.34,,,,
"2011/09/19",4.385,,,,
"2011/09/20",4.436,,,,
"2011/09/21",4.46,,,,
"2011/09/22",4.475,,,,
"2011/09/23",4.475,,,,
"2011/09/26",4.413,,,,
"2011/09/27",4.42,,,,
"2011/09/28",4.431,,,,
"2011/09/29",4.46,,,,
"2011/09/30",4.45,,,,
"2011/10/03",4.455,,,,
"2011/10/04",4.498,,,,
"2011/10/05",4.5,,,,
"2011/10/06",4.505,,,,
"2011/10/07",4.5,,,,
"2011/10/10",4.5,,,,
"2011/10/11",4.501,,,,
"2011/10/12",4.501,,,,
"2011/10/13",4.501,,,,
"2011/10/14",4.501,,,,
"2011/10/18",4.495,,,,
"2011/10/19",4.493,,,,
"2011/10/20",4.491,,,,
"2011/10/21",4.493,,,,
"2011/10/24",4.495,,,,
"2011/10/25",4.495,,,,
"2011/10/26",4.493,,,,
"2011/10/27",4.49,,,,
"2011/10/28",4.475,,,,
"2011/10/31",4.455,,,,
"2011/11/01",4.41,,,,
"2011/11/02",4.398,,,,
"2011/11/03",4.388,,,,
"2011/11/04",4.378,,,,
"2011/11/08",4.395,,,,
"2011/11/09",4.43,,,,
"2011/11/10",4.465,,,,
"2011/11/11",4.5,,,,
"2011/11/15",4.5,,,,
"2011/11/16",4.475,,,,
"2011/11/17",4.45,,,,
"2011/11/18",4.424,,,,
"2011/11/21",4.423,,,,
"2011/11/22",4.428,,,,
"2011/11/23",4.458,,,,
"2011/11/24",4.4,,,,
"2011/11/25",4.405,,,,
"2011/11/28",4.618,,,,
"2011/11/29",4.618,,,,
"2011/11/30",4.61,,,,
"2011/12/01",4.626,,,,
"2011/12/02",4.626,,,,
"2011/12/05",4.626,,,,
"2011/12/06",4.628,,,,
"2011/12/07",4.633,,,,
"2011/12/09",4.62,,,,
"2011/12/12",4.618,,,,
"2011/12/13",4.608,,,,
"2011/12/14",4.623,,,,
"2011/12/15",4.615,,,,
"2011/12/16",4.62,,,,
"2011/12/19",4.626,,,,
"2011/12/20",4.623,,,,
"2011/12/21",4.63,,,,
"2011/12/22",4.628,,,,
"2011/12/23",4.631,,,,
"2011/12/26",4.628,,,,
"2011/12/27",4.605,,,,
"2011/12/28",4.635,,,,
"2011/12/29",4.643,,,,
"2012/01/02",4.63,,,,
"2012/01/03",4.6,,,,
"2012/01/04",4.58,,,,
"2012/01/05",4.585,,,,
"2012/01/06",4.58,,,,
"2012/01/10",4.58,,,,
"2012/01/11",4.58,,,,
"2012/01/12",4.58,,,,
"2012/01/13",4.58,,,,
"2012/01/16",4.576,,,,
"2012/01/17",4.576,,,,
"2012/01/18",4.571,,,,
"2012/01/19",4.568,,,,
"2012/01/20",4.567,,,,
"2012/01/23",4.569,,,,
"2012/01/24",4.574,,,,
"2012/01/25",4.572,,,,
"2012/01/26",4.572,,,,
"2012/01/27",4.577,,,,
"2012/01/30",4.574,,,,
"2012/01/31",4.813,,,,
"2012/02/01",4.813,,,,
"2012/02/02",4.812,,,,
"2012/02/03",4.812,,,,
"2012/02/06",4.813,,,,
"2012/02/07",4.818,,,,
"2012/02/08",4.816,,,,
"2012/02/09",4.819,,,,
"2012/02/10",4.818,,,,
"2012/02/13",4.82,,,,
"2012/02/14",4.82,,,,
"2012/02/15",4.82,,,,
"2012/02/16",4.822,,,,
"2012/02/17",4.822,,,,
"2012/02/20",4.824,,,,
"2012/02/21",4.825,,,,
"2012/02/22",4.825,,,,
"2012/02/23",4.825,,,,
"2012/02/24",4.83,,,,
"2012/02/27",5.045,,,,
"2012/02/28",5.045,,,,
"2012/02/29",5.041,,,,
"2012/03/01",5.043,,,,
"2012/03/02",5.039,,,,
"2012/03/05",5.04,,,,
"2012/03/06",5.043,,,,
"2012/03/07",5.045,,,,
"2012/03/08",5.048,,,,
"2012/03/09",5.05,,,,
"2012/03/12",5.049,,,,
"2012/03/13",5.05,,,,
"2012/03/14",5.049,,,,
"2012/03/15",5.05,,,,
"2012/03/16",5.052,,,,
"2012/03/20",5.052,,,,
"2012/03/21",5.051,,,,
"2012/03/22",5.051,,,,
"2012/03/23",5.053,,,,
"2012/03/26",5.052,,,,
"2012/03/27",5.052,,,,
"2012/03/28",5.051,,,,
"2012/03/29",5.049,,,,
"2012/03/30",5.048,,,,
"2012/04/02",5.05,,,,
"2012/04/03",5.05,,,,
"2012/04/04",5.05,,,,
"2012/04/09",5.05,,,,
"2012/04/10",5.048,,,,
"2012/04/11",5.049,,,,
"2012/04/12",5.048,,,,
"2012/04/13",5.046,,,,
"2012/04/16",5.048,,,,
"2012/04/17",5.049,,,,
"2012/04/18",5.051,,,,
"2012/04/19",5.053,,,,
"2012/04/20",5.056,,,,
"2012/04/23",5.058,,,,
"2012/04/24",5.059,,,,
"2012/04/25",5.061,,,,
"2012/04/26",5.059,,,,
"2012/04/27",5.059,,,,
"2012/04/30",5.057,,,,
"2012/05/02",5.059,,,,
"2012/05/03",5.06,,,,
"2012/05/04",5.059,,,,
"2012/05/07",5.062,,,,
"2012/05/08",5.063,,,,
"2012/05/09",5.064,,,,
"2012/05/10",5.064,,,,
"2012/05/11",5.066,,,,
"2012/05/14",5.068,,,,
"2012/05/15",5.069,,,,
"2012/05/16",5.065,,,,
"2012/05/17",5.065,,,,
"2012/05/18",5.065,,,,
"2012/05/22",5.066,,,,
"2012/05/23",5.068,,,,
"2012/05/24",5.069,,,,
"2012/05/25",5.069,,,,
"2012/05/28",5.07,,,,
"2012/05/29",5.07,,,,
"2012/05/30",5.071,,,,
"2012/05/31",5.072,,,,
"2012/06/01",5.074,,,,
"2012/06/04",5.076,,,,
"2012/06/05",5.079,,,,
"2012/06/06",5.082,,,,
"2012/06/07",5.089,,,,
"2012/06/08",5.094,,,,
"2012/06/12",5.096,,,,
"2012/06/13",5.1,,,,
"2012/06/14",5.106,,,,
"2012/06/15",5.113,,,,
"2012/06/19",5.105,,,,
"2012/06/20",5.103,,,,
"2012/06/21",5.094,,,,
"2012/06/22",5.1,,,,
"2012/06/25",5.108,,,,
"2012/06/26",5.114,,,,
"2012/06/27",5.103,,,,
"2012/06/28",5.093,,,,
"2012/06/29",5.11,,,,
"2012/07/03",5.103,,,,
"2012/07/04",5.115,,,,
"2012/07/05",5.122,,,,
"2012/07/06",5.15,,,,
"2012/07/09",5.158,,,,
"2012/07/10",5.185,,,,
"2012/07/11",5.199,,,,
"2012/07/12",5.212,,,,
"2012/07/13",5.23,,,,
"2012/07/16",5.235,,,,
"2012/07/17",5.238,,,,
"2012/07/18",5.24,,,,
"2012/07/19",5.242,,,,
"2012/07/23",5.24,,,,
"2012/07/24",5.243,,,,
"2012/07/25",5.2,,,,
"2012/07/26",5.225,,,,
"2012/07/27",5.255,,,,
"2012/07/30",5.05,,,,
"2012/07/31",5.055,,,,
"2012/08/01",5,4.89,4.75,,
"2012/08/02",5.05,4.91,4.76,,
"2012/08/03",5.05,4.92,4.76,,
"2012/08/06",5.055,4.92,4.75,,
"2012/08/08",5.055,4.915,4.745,,
"2012/08/09",5.054,4.915,4.75,,
"2012/08/10",5.038,4.907,4.75,,
"2012/08/13",5.048,4.9,4.743,,
"2012/08/14",5.05,4.89,4.745,,
"2012/08/15",5.045,4.88,4.74,,
"2012/08/16",4.99,4.868,4.733,,
"2012/08/17",4.938,4.857,4.732,,
"2012/08/21",4.89,4.838,4.731,,
"2012/08/22",4.9,4.755,4.703,,
"2012/08/23",4.908,4.715,4.673,,
"2012/08/24",4.92,4.671,4.66,,
"2012/08/27",4.693,4.64,4.595,,
"2012/08/28",4.695,4.655,4.62,,
"2012/08/29",4.68,4.661,4.624,,
"2012/08/30",4.64,4.659,4.625,,
"2012/08/31",4.618,4.637,4.623,,
"2012/09/03",4.597,4.611,4.61,,
"2012/09/04",4.594,4.595,4.575,,
"2012/09/05",4.597,4.567,4.56,,
"2012/09/06",4.6,4.536,4.515,,
"2012/09/07",4.608,4.536,4.475,,
"2012/09/10",4.603,4.538,4.45,,
"2012/09/11",4.6,4.521,4.427,,
"2012/09/12",4.6,4.525,4.425,,
"2012/09/13",4.6,4.53,4.44,,
"2012/09/14",4.595,4.54,4.445,,
"2012/09/17",4.587,4.552,4.45,,
"2012/09/18",4.583,4.561,4.446,,
"2012/09/19",4.591,4.558,4.466,,
"2012/09/20",4.6,4.5,4.435,,
"2012/09/21",4.602,4.483,4.453,,
"2012/09/24",4.605,4.485,4.449,,
"2012/09/25",4.604,4.498,4.465,,
"2012/09/26",4.603,4.505,4.458,,
"2012/09/27",4.602,4.474,4.437,,
"2012/09/28",4.603,4.45,4.43,,
"2012/10/01",4.603,4.58,4.5,,
"2012/10/02",4.581,4.589,4.515,,
"2012/10/03",4.588,4.581,4.535,,
"2012/10/04",4.6,4.585,4.52,,
"2012/10/05",4.599,4.587,4.513,,
"2012/10/08",4.602,4.591,4.545,,
"2012/10/09",4.604,4.585,4.555,,
"2012/10/10",4.606,4.591,4.565,,
"2012/10/11",4.604,4.598,4.567,,
"2012/10/12",4.599,4.6,4.569,,
"2012/10/16",4.602,4.598,4.578,,
"2012/10/17",4.606,4.601,4.581,,
"2012/10/18",4.611,4.602,4.588,,
"2012/10/19",4.619,4.574,4.526,,
"2012/10/22",4.62,4.547,4.511,,
"2012/10/23",4.621,4.551,4.535,,
"2012/10/24",4.612,4.556,4.546,,
"2012/10/25",4.605,4.56,4.555,,
"2012/10/26",4.583,4.563,4.557,,
"2012/10/29",4.583,4.585,4.563,,
"2012/10/30",4.565,4.585,4.57,,
"2012/10/31",4.57,4.58,4.567,,
"2012/11/01",4.57,4.58,4.566,,
"2012/11/02",4.588,4.58,4.57,,
"2012/11/06",4.585,4.58,4.565,,
"2012/11/07",4.581,4.575,4.56,,
"2012/11/08",4.57,4.578,4.561,,
"2012/11/09",4.555,4.57,4.558,,
"2012/11/13",4.539,4.565,4.557,,
"2012/11/14",4.538,4.563,4.555,,
"2012/11/15",4.538,4.56,4.555,,
"2012/11/16",4.57,4.563,4.558,,
"2012/11/19",4.58,4.573,4.56,,
"2012/11/20",4.582,4.574,4.563,,
"2012/11/21",4.582,4.574,4.567,,
"2012/11/22",4.579,4.575,4.57,,
"2012/11/23",4.573,4.568,4.565,,
"2012/11/26",4.342,4.35,4.373,,
"2012/11/27",4.346,4.355,4.373,,
"2012/11/28",4.341,4.353,4.37,,
"2012/11/29",4.343,4.349,4.368,,
"2012/11/30",4.343,4.35,4.368,,
"2012/12/03",4.355,4.347,4.36,,
"2012/12/04",4.362,4.35,4.368,,
"2012/12/05",4.365,4.354,4.37,,
"2012/12/06",4.367,4.355,4.368,,
"2012/12/07",4.372,4.354,4.364,,
"2012/12/10",4.372,4.358,4.368,,
"2012/12/11",4.369,4.354,4.367,,
"2012/12/12",4.372,4.35,4.362,,
"2012/12/13",4.373,4.35,4.365,,
"2012/12/14",4.372,4.35,4.369,,
"2012/12/17",4.372,4.35,4.365,,
"2012/12/18",4.37,4.35,4.365,,
"2012/12/19",4.372,4.35,4.363,,
"2012/12/20",4.369,4.351,4.361,,
"2012/12/21",4.356,4.19,4.205,,
"2012/12/24",4.128,4.111,4.121,,
"2012/12/26",4.108,4.105,4.108,,
"2012/12/27",4.105,4.103,4.102,,
"2012/12/28",4.1,4.102,4.095,,
"2013/01/02",4.083,4.097,4.093,,
"2013/01/03",4.093,4.089,4.085,,
"2013/01/04",4.079,4.084,4.08,,
"2013/01/08",4.074,4,3.92,,
"2013/01/09",4.074,3.97,3.875,,
"2013/01/10",4.073,3.975,3.915,,
"2013/01/11",4.071,3.97,3.89,,
"2013/01/14",4.075,3.965,3.905,,
"2013/01/15",4.074,3.96,3.893,,
"2013/01/16",4.073,3.953,3.873,,
"2013/01/17",4.079,3.944,3.87,,
"2013/01/18",4.077,3.934,3.864,,
"2013/01/21",4.075,3.903,3.85,,
"2013/01/22",4.07,3.882,3.835,,
"2013/01/23",4.073,3.88,3.828,,
"2013/01/24",4.072,3.88,3.82,,
"2013/01/25",4.074,3.87,3.815,,
"2013/01/28",4.074,3.845,3.805,,
"2013/01/29",3.88,3.832,3.798,,
"2013/01/30",3.865,3.845,3.793,,
"2013/01/31",3.845,3.848,3.783,,
"2013/02/01",3.838,3.843,3.77,,
"2013/02/04",3.855,3.833,3.775,,
"2013/02/05",3.863,3.82,3.763,,
"2013/02/06",3.865,3.76,3.675,,
"2013/02/07",3.865,3.77,3.659,,
"2013/02/08",3.873,3.769,3.652,,
"2013/02/11",3.878,3.755,3.623,,
"2013/02/12",3.878,3.755,3.624,,
"2013/02/13",3.87,3.733,3.622,,
"2013/02/14",3.861,3.712,3.612,,
"2013/02/15",3.858,3.71,3.608,,
"2013/02/18",3.855,3.705,3.608,,
"2013/02/19",3.852,3.69,3.605,,
"2013/02/20",3.847,3.675,3.616,,
"2013/02/21",3.85,3.661,3.6,,
"2013/02/22",3.853,3.65,3.59,,
"2013/02/25",3.63,3.62,3.55,,
"2013/02/26",3.633,3.61,3.532,,
"2013/02/27",3.633,3.607,3.536,,
"2013/02/28",3.629,3.6,3.522,,
"2013/03/01",3.625,3.597,3.505,,
"2013/03/04",3.615,3.573,3.488,,
"2013/03/05",3.618,3.552,3.473,,
"2013/03/06",3.633,3.528,3.448,,
"2013/03/07",3.639,3.522,3.439,,
"2013/03/08",3.636,3.518,3.435,,
"2013/03/11",3.636,3.511,3.422,,
"2013/03/12",3.623,3.492,3.416,,
"2013/03/13",3.621,3.488,3.416,,
"2013/03/14",3.626,3.476,3.42,,
"2013/03/15",3.619,3.47,3.427,,
"2013/03/18",3.626,3.459,3.41,,
"2013/03/19",3.626,3.439,3.402,,
"2013/03/20",3.599,3.426,3.394,,
"2013/03/21",3.586,3.418,3.385,,
"2013/03/22",3.582,3.412,3.386,,
"2013/03/26",3.133,3.115,3.111,,
"2013/03/27",3.109,3.125,3.12,,
"2013/04/01",3.09,3.125,3.128,,
"2013/04/02",3.072,3.102,3.1,,
"2013/04/03",3.063,3.113,3.106,,
"2013/04/04",3.054,3.094,3.093,,
"2013/04/05",3.051,3.083,3.082,,
"2013/04/08",3.051,3.07,3.07,,
"2013/04/09",3.04,3.062,3.058,,
"2013/04/10",3.046,3.053,3.047,,
"2013/04/11",3.04,3.04,3.04,,
"2013/04/12",3.033,3.04,3.035,,
"2013/04/15",3.053,3.042,3.039,,
"2013/04/16",3.073,3.047,3.045,,
"2013/04/17",3.077,3.054,3.052,,
"2013/04/18",3.081,3.064,3.066,,
"2013/04/19",3.079,3.075,3.071,,
"2013/04/22",3.089,3.055,3.053,,
"2013/04/23",3.068,3.06,3.043,,
"2013/04/24",3.059,3.053,3.03,,
"2013/04/25",3.054,3.05,3.034,,
"2013/04/26",3.04,3.03,3.019,,
"2013/04/29",3.035,3.074,3.085,,
"2013/04/30",3.023,3.073,3.09,,
"2013/05/02",3.035,3.073,3.1,,
"2013/05/03",3.04,3.075,3.1,,
"2013/05/06",3.023,3.073,3.103,,
"2013/05/07",3.059,3.08,3.106,,
"2013/05/08",3.09,3.084,3.11,,
"2013/05/09",3.125,3.091,3.114,,
"2013/05/10",3.13,3.107,3.129,,
"2013/05/14",3.105,3.118,3.133,,
"2013/05/15",3.095,3.117,3.137,,
"2013/05/16",3.105,3.122,3.14,,
"2013/05/17",3.108,3.123,3.142,,
"2013/05/20",3.121,3.112,3.137,,
"2013/05/21",3.125,3.113,3.133,,
"2013/05/22",3.128,3.121,3.137,,
"2013/05/23",3.134,3.124,3.135,,
"2013/05/24",3.128,3.13,3.145,,
"2013/05/27",3.118,3.13,3.146,,
"2013/05/28",3.102,3.135,3.149,,
"2013/05/29",3.096,3.139,3.15,,
"2013/05/30",3.092,3.149,3.157,,
"2013/05/31",3.088,3.142,3.151,,
"2013/06/04",3.083,3.143,3.156,,
"2013/06/05",3.087,3.14,3.152,,
"2013/06/06",3.088,3.14,3.155,,
"2013/06/07",3.091,3.138,3.15,,
"2013/06/11",3.073,3.136,3.153,,
"2013/06/12",3.079,3.135,3.155,,
"2013/06/13",3.086,3.13,3.155,,
"2013/06/14",3.09,3.13,3.153,,
"2013/06/17",3.087,3.13,3.15,,
"2013/06/18",3.075,3.13,3.153,,
"2013/06/19",3.069,3.13,3.154,,
"2013/06/20",3.058,3.135,3.155,,
"2013/06/21",3.051,3.135,3.159,,
"2013/06/24",3.04,3.138,3.162,,
"2013/06/25",3.035,3.139,3.16,,
"2013/06/26",3.038,3.137,3.158,,
"2013/06/27",3.06,3.134,3.155,,
"2013/06/28",3.07,3.133,3.155,,
"2013/07/02",3.075,3.133,3.159,,
"2013/07/03",3.067,3.131,3.159,,
"2013/07/04",3.064,3.13,3.16,,
"2013/07/05",3.06,3.128,3.16,,
"2013/07/08",3.07,3.126,3.16,,
"2013/07/09",3.064,3.124,3.158,,
"2013/07/10",3.055,3.12,3.151,,
"2013/07/11",3.055,3.109,3.139,,
"2013/07/12",3.053,3.094,3.118,,
"2013/07/15",3.048,3.089,3.118,,
"2013/07/16",3.048,3.078,3.111,,
"2013/07/17",3.054,3.071,3.105,,
"2013/07/18",3.074,3.078,3.105,,
"2013/07/19",3.122,3.094,3.119,,
"2013/07/22",3.152,3.123,3.14,,
"2013/07/23",3.155,3.147,3.162,,
"2013/07/24",3.156,3.156,3.171,,
"2013/07/25",3.156,3.16,3.173,,
"2013/07/26",3.157,3.163,3.175,,
"2013/07/29",3.161,3.164,3.181,,
"2013/07/30",3.157,3.164,3.179,,
"2013/07/31",3.155,3.16,3.183,,
"2013/08/01",3.153,3.162,3.176,,
"2013/08/02",3.153,3.159,3.176,,
"2013/08/05",3.153,3.16,3.178,,
"2013/08/06",3.153,3.166,3.175,,
"2013/08/08",3.156,3.17,3.175,,
"2013/08/09",3.164,3.175,3.18,,
"2013/08/12",3.16,3.177,3.18,,
"2013/08/13",3.158,3.175,3.185,,
"2013/08/14",3.158,3.175,3.181,,
"2013/08/15",3.159,3.175,3.181,,
"2013/08/16",3.156,3.175,3.181,,
"2013/08/20",3.16,3.172,3.177,,
"2013/08/21",3.165,3.167,3.178,,
"2013/08/22",3.171,3.166,3.176,,
"2013/08/23",3.168,3.17,3.18,,
"2013/08/26",3.17,3.173,3.179,,
"2013/08/27",3.169,3.176,3.177,,
"2013/08/28",3.165,3.176,3.179,,
"2013/08/29",3.166,3.178,3.179,,
"2013/08/30",3.166,3.174,3.178,,
"2013/09/02",3.159,3.166,3.162,,
"2013/09/03",3.152,3.149,3.132,,
"2013/09/04",3.153,3.126,3.099,,
"2013/09/05",3.16,3.121,3.092,,
"2013/09/06",3.165,3.115,3.058,,
"2013/09/09",3.163,3.089,3.055,,
"2013/09/10",3.163,3.08,3.038,,
"2013/09/11",3.163,3.063,3.025,,
"2013/09/12",3.16,3.055,2.993,,
"2013/09/13",3.163,3.04,2.978,,
"2013/09/16",3.164,3.016,2.97,,
"2013/09/17",3.163,3.066,3.03,,
"2013/09/18",3.172,3.095,3.075,,
"2013/09/19",3.174,3.115,3.105,,
"2013/09/20",3.174,3.145,3.143,,
"2013/09/23",3.182,3.172,3.174,,
"2013/09/24",3.178,3.177,3.184,,
"2013/09/25",3.18,3.17,3.179,,
"2013/09/26",3.187,3.162,3.172,,
"2013/09/27",3.184,3.155,3.158,,
"2013/09/30",3.18,3.181,3.186,,
"2013/10/01",3.166,3.182,3.184,,
"2013/10/02",3.165,3.172,3.175,,
"2013/10/03",3.17,3.165,3.168,,
"2013/10/04",3.176,3.16,3.16,,
"2013/10/07",3.173,3.17,3.175,,
"2013/10/08",3.171,3.174,3.183,,
"2013/10/09",3.169,3.173,3.177,,
"2013/10/10",3.16,3.167,3.172,,
"2013/10/11",3.157,3.16,3.17,,
"2013/10/15",3.158,3.161,3.171,,
"2013/10/16",3.159,3.16,3.168,,
"2013/10/17",3.165,3.163,3.168,,
"2013/10/18",3.168,3.16,3.172,,
"2013/10/21",3.167,3.161,3.175,,
"2013/10/22",3.163,3.151,3.165,,
"2013/10/23",3.162,3.15,3.16,,
"2013/10/24",3.161,3.149,3.159,,
"2013/10/25",3.163,3.16,3.169,,
"2013/10/28",3.16,3.147,3.161,,
"2013/10/29",3.152,3.15,3.161,,
"2013/10/30",3.153,3.162,3.175,,
"2013/10/31",3.158,3.164,3.19,,
"2013/11/01",3.158,3.173,3.184,,
"2013/11/05",3.161,3.169,3.187,,
"2013/11/06",3.166,3.162,3.169,,
"2013/11/07",3.169,3.162,3.164,,
"2013/11/08",3.163,3.167,3.175,,
"2013/11/12",3.166,3.168,3.176,,
"2013/11/13",3.167,3.171,3.179,,
"2013/11/14",3.16,3.168,3.178,,
"2013/11/15",3.164,3.159,3.171,,
"2013/11/18",3.154,3.167,3.173,,
"2013/11/19",3.152,3.159,3.17,,
"2013/11/20",3.15,3.16,3.169,,
"2013/11/21",3.153,3.158,3.167,,
"2013/11/22",3.144,3.156,3.167,,
"2013/11/25",3.133,3.151,3.16,,
"2013/11/26",3.118,3.144,3.154,,
"2013/11/27",3.133,3.143,3.15,,
"2013/11/28",3.111,3.135,3.139,,
"2013/11/29",3.1,3.138,3.14,,
"2013/12/02",3.088,3.145,3.157,,
"2013/12/03",3.1,3.146,3.16,,
"2013/12/04",3.095,3.145,3.162,,
"2013/12/05",3.095,3.144,3.161,,
"2013/12/06",3.1,3.137,3.15,,
"2013/12/09",3.121,3.13,3.14,,
"2013/12/10",3.14,3.125,3.134,,
"2013/12/11",3.133,3.132,3.148,,
"2013/12/12",3.12,3.133,3.148,,
"2013/12/13",3.133,3.133,3.15,,
"2013/12/16",3.143,3.135,3.151,,
"2013/12/17",3.147,3.133,3.13,,
"2013/12/18",3.148,3.137,3.141,,
"2013/12/19",3.15,3.142,3.149,,
"2013/12/20",3.147,3.145,3.152,,
"2013/12/23",3.155,3.147,3.15,,
"2013/12/24",3.111,3.151,3.154,,
"2013/12/26",3.125,3.15,3.158,,
"2013/12/27",3.148,3.152,3.163,,
"2013/12/30",3.13,3.155,3.166,,
"2014/01/02",3.125,3.152,3.162,,
"2014/01/03",3.14,3.147,3.159,,
"2014/01/07",3.129,3.151,3.159,,
"2014/01/08",3.121,3.152,3.154,,
"2014/01/09",3.13,3.151,3.155,,
"2014/01/10",3.143,3.148,3.157,,
"2014/01/13",3.151,3.152,3.157,,
"2014/01/14",3.15,3.155,3.161,,
"2014/01/15",3.145,3.156,3.164,,
"2014/01/16",3.14,3.157,3.171,,
"2014/01/17",3.139,3.155,3.173,,
"2014/01/20",3.13,3.158,3.173,,
"2014/01/21",3.123,3.156,3.172,,
"2014/01/22",3.125,3.155,3.173,,
"2014/01/23",3.127,3.158,3.172,,
"2014/01/24",3.139,3.16,3.173,,
"2014/01/27",3.143,3.16,3.17,,
"2014/01/28",3.152,3.162,3.168,,
"2014/01/29",3.143,3.167,3.175,,
"2014/01/30",3.144,3.171,3.18,,
"2014/01/31",3.147,3.178,3.189,,
"2014/02/03",3.157,3.184,3.2,,
"2014/02/04",3.158,3.188,3.198,,
"2014/02/05",3.155,3.19,3.202,,
"2014/02/06",3.157,3.19,3.207,,
"2014/02/07",3.156,3.19,3.21,,
"2014/02/10",3.158,3.186,3.213,,
"2014/02/11",3.163,3.184,3.215,,
"2014/02/12",3.16,3.181,3.206,,
"2014/02/13",3.159,3.179,3.2,,
"2014/02/14",3.155,3.176,3.2,,
"2014/02/17",3.152,3.173,3.197,,
"2014/02/18",3.14,3.171,3.195,,
"2014/02/19",3.143,3.17,3.193,,
"2014/02/20",3.155,3.171,3.191,,
"2014/02/21",3.148,3.168,3.198,,
"2014/02/24",3.15,3.166,3.2,,
"2014/02/25",3.153,3.167,3.197,,
"2014/02/26",3.15,3.166,3.199,,
"2014/02/27",3.14,3.164,3.197,,
"2014/02/28",3.135,3.163,3.194,,
"2014/03/03",3.125,3.159,3.203,,
"2014/03/04",3.108,3.158,3.207,,
"2014/03/05",3.106,3.157,3.203,,
"2014/03/06",3.088,3.153,3.198,,
"2014/03/07",3.08,3.152,3.194,,
"2014/03/10",3.068,3.149,3.191,,
"2014/03/11",3.06,3.142,3.188,,
"2014/03/12",3.055,3.131,3.183,,
"2014/03/13",3.052,3.129,3.179,,
"2014/03/14",3.049,3.125,3.176,,
"2014/03/17",3.052,3.123,3.172,,
"2014/03/18",3.04,3.119,3.171,,
"2014/03/19",3.038,3.112,3.165,,
"2014/03/20",3.044,3.111,3.16,,
"2014/03/21",3.04,3.113,3.16,,
"2014/03/25",3.038,3.114,3.16,,
"2014/03/26",3.04,3.112,3.16,,
"2014/03/27",3.041,3.114,3.166,,
"2014/03/28",3.042,3.11,3.166,,
"2014/03/31",3.056,3.113,3.171,,
"2014/04/01",3.056,3.107,3.178,,
"2014/04/02",3.063,3.11,3.173,,
"2014/04/03",3.067,3.112,3.179,,
"2014/04/04",3.063,3.114,3.185,,
"2014/04/07",3.072,3.12,3.195,,
"2014/04/08",3.083,3.124,3.2,,
"2014/04/09",3.095,3.127,3.196,,
"2014/04/10",3.104,3.13,3.2,,
"2014/04/11",3.12,3.13,3.209,,
"2014/04/14",3.126,3.135,3.211,,
"2014/04/15",3.128,3.14,3.223,,
"2014/04/16",3.14,3.147,3.239,,
"2014/04/21",3.136,3.151,3.25,,
"2014/04/22",3.135,3.149,3.264,,
"2014/04/23",3.143,3.152,3.289,,
"2014/04/24",3.138,3.154,3.315,,
"2014/04/25",3.142,3.154,3.342,,
"2014/04/28",3.386,3.401,3.62,,
"2014/04/29",3.373,3.408,3.613,,
"2014/04/30",3.373,3.398,3.621,,
"2014/05/02",3.391,3.398,3.624,,
"2014/05/05",3.397,3.407,3.622,,
"2014/05/06",3.397,3.419,3.651,,
"2014/05/07",3.404,3.446,3.68,,
"2014/05/08",3.399,3.456,3.691,,
"2014/05/09",3.401,3.471,3.694,,
"2014/05/12",3.4,3.481,3.718,,
"2014/05/13",3.4,3.498,3.74,,
"2014/05/14",3.394,3.53,3.753,,
"2014/05/15",3.361,3.543,3.79,,
"2014/05/16",3.348,3.555,3.79,,
"2014/05/19",3.341,3.57,3.795,,
"2014/05/20",3.33,3.58,3.798,,
"2014/05/21",3.323,3.578,3.75,,
"2014/05/22",3.316,3.57,3.751,,
"2014/05/23",3.297,3.575,3.76,,
"2014/05/26",3.285,3.589,3.75,,
"2014/05/27",3.271,3.601,3.745,,
"2014/05/28",3.298,3.61,3.743,,
"2014/05/29",3.29,3.62,3.755,,
"2014/05/30",3.322,3.623,3.765,,
"2014/06/03",3.612,3.67,3.825,,
"2014/06/04",3.62,3.678,3.84,,
"2014/06/05",3.617,3.688,3.855,,
"2014/06/06",3.632,3.699,3.898,,
"2014/06/09",3.643,3.715,3.935,,
"2014/06/10",3.623,3.729,3.949,,
"2014/06/11",3.601,3.76,3.96,,
"2014/06/12",3.59,3.787,3.982,,
"2014/06/13",3.587,3.796,3.997,,
"2014/06/16",3.59,3.825,4.018,,
"2014/06/17",3.59,3.866,4.038,,
"2014/06/18",3.586,3.873,4.064,,
"2014/06/19",3.591,3.875,4.095,,
"2014/06/20",3.586,3.91,4.135,,
"2014/06/24",3.868,3.9,4.118,,
"2014/06/25",3.89,3.901,4.121,,
"2014/06/26",3.896,3.906,4.133,,
"2014/06/27",3.891,3.911,4.13,,
"2014/07/01",3.888,3.92,4.143,,
"2014/07/02",3.885,3.918,4.148,,
"2014/07/03",3.883,3.935,4.146,,
"2014/07/04",3.877,3.936,4.147,,
"2014/07/07",3.87,3.937,4.138,,
"2014/07/08",3.857,3.945,4.138,,
"2014/07/09",3.845,3.95,4.145,,
"2014/07/10",3.82,3.961,4.15,,
"2014/07/11",3.803,3.944,4.143,,
"2014/07/14",3.79,3.95,4.154,,
"2014/07/15",3.773,3.951,4.143,,
"2014/07/16",3.745,3.973,4.147,,
"2014/07/17",3.73,3.95,4.139,,
"2014/07/18",3.725,3.94,4.145,,
"2014/07/21",3.725,3.955,4.16,,
"2014/07/22",3.748,3.95,4.147,,
"2014/07/23",3.748,3.96,4.152,,
"2014/07/24",3.754,3.97,4.167,,
"2014/07/25",3.743,3.98,4.179,,
"2014/07/28",3.743,3.98,4.18,,
"2014/07/29",3.745,3.999,4.2,,
"2014/07/30",3.74,4.006,4.21,,
"2014/07/31",3.73,4.011,4.223,,
"2014/08/01",4.005,4.09,4.277,,
"2014/08/04",3.995,4.092,4.28,,
"2014/08/05",3.936,4.09,4.295,,
"2014/08/06",3.928,4.093,4.275,,
"2014/08/08",3.92,4.102,4.285,,
"2014/08/11",3.923,4.094,4.288,,
"2014/08/12",3.915,4.12,4.285,,
"2014/08/13",3.94,4.115,4.288,,
"2014/08/14",3.93,4.113,4.294,,
"2014/08/15",3.965,4.105,4.29,,
"2014/08/19",3.99,4.115,4.29,,
"2014/08/20",4,4.128,4.293,,
"2014/08/21",3.997,4.133,4.309,,
"2014/08/22",4.002,4.14,4.3,,
"2014/08/25",3.994,4.163,4.313,,
"2014/08/26",3.992,4.22,4.36,,
"2014/08/27",3.993,4.22,4.358,,
"2014/08/28",3.993,4.23,4.355,,
"2014/08/29",3.981,4.235,4.35,,
"2014/09/01",4.283,4.285,4.355,,
"2014/09/02",4.262,4.287,4.356,,
"2014/09/03",4.26,4.281,4.358,,
"2014/09/04",4.258,4.285,4.373,,
"2014/09/05",4.267,4.295,4.373,,
"2014/09/08",4.273,4.298,4.435,,
"2014/09/09",4.29,4.315,4.44,,
"2014/09/10",4.298,4.304,4.445,,
"2014/09/11",4.3,4.303,4.436,,
"2014/09/12",4.303,4.32,4.448,,
"2014/09/15",4.274,4.323,4.44,,
"2014/09/16",4.21,4.34,4.41,,
"2014/09/17",4.183,4.34,4.383,,
"2014/09/18",4.148,4.338,4.395,,
"2014/09/19",4.17,4.333,4.393,,
"2014/09/22",4.19,4.327,4.392,,
"2014/09/23",4.225,4.32,4.388,,
"2014/09/24",4.263,4.338,4.395,,
"2014/09/25",4.285,4.34,4.395,,
"2014/09/26",4.301,4.345,4.41,,
"2014/09/29",4.313,4.349,4.4,,
"2014/09/30",4.28,4.333,4.378,,
"2014/10/01",4.29,4.33,4.378,,
"2014/10/02",4.303,4.315,4.37,,
"2014/10/03",4.316,4.32,4.378,,
"2014/10/06",4.323,4.319,4.368,,
"2014/10/07",4.333,4.323,4.36,,
"2014/10/08",4.336,4.32,4.37,,
"2014/10/09",4.329,4.32,4.378,,
"2014/10/10",4.334,4.321,4.365,,
"2014/10/14",4.341,4.328,4.368,,
"2014/10/15",4.341,4.33,4.361,,
"2014/10/16",4.339,4.33,4.36,,
"2014/10/17",4.334,4.335,4.362,,
"2014/10/20",4.34,4.343,4.362,,
"2014/10/21",4.339,4.348,4.366,,
"2014/10/22",4.34,4.35,4.373,,
"2014/10/23",4.34,4.349,4.375,,
"2014/10/24",4.34,4.348,4.378,,
"2014/10/27",4.34,4.349,4.38,,
"2014/10/28",4.34,4.349,4.383,,
"2014/10/29",4.34,4.348,4.376,,
"2014/10/30",4.339,4.348,4.374,,
"2014/10/31",4.33,4.347,4.37,,
"2014/11/04",4.339,4.347,4.365,,
"2014/11/05",4.342,4.346,4.363,,
"2014/11/06",4.342,4.355,4.38,,
"2014/11/07",4.342,4.35,4.38,,
"2014/11/10",4.347,4.35,4.38,,
"2014/11/11",4.344,4.35,4.378,,
"2014/11/12",4.342,4.35,4.372,,
"2014/11/13",4.342,4.349,4.373,,
"2014/11/14",4.342,4.351,4.369,,
"2014/11/18",4.344,4.354,4.37,,
"2014/11/19",4.343,4.35,4.365,,
"2014/11/20",4.344,4.35,4.366,,
"2014/11/21",4.345,4.349,4.364,,
"2014/11/24",4.344,4.348,4.362,,
"2014/11/25",4.342,4.348,4.36,,
"2014/11/26",4.343,4.347,4.359,,
"2014/11/27",4.344,4.347,4.359,,
"2014/11/28",4.344,4.346,4.357,,
"2014/12/01",4.344,4.342,4.34,,
"2014/12/02",4.343,4.345,4.34,,
"2014/12/03",4.341,4.348,4.343,,
"2014/12/04",4.343,4.349,4.346,,
"2014/12/05",4.345,4.349,4.349,,
"2014/12/09",4.347,4.349,4.354,,
"2014/12/10",4.349,4.351,4.35,,
"2014/12/11",4.346,4.35,4.355,,
"2014/12/12",4.347,4.348,4.347,,
"2014/12/15",4.347,4.344,4.344,,
"2014/12/16",4.349,4.346,4.342,,
"2014/12/17",4.351,4.345,4.34,,
"2014/12/18",4.348,4.347,4.358,,
"2014/12/19",4.349,4.348,4.359,,
"2014/12/22",4.352,4.349,4.356,,
"2014/12/23",4.36,4.349,4.358,,
"2014/12/24",4.355,4.348,4.354,,
"2014/12/26",4.343,4.349,4.354,,
"2014/12/29",4.351,4.349,4.355,,
"2014/12/30",4.358,4.352,4.36,,
"2015/01/02",4.36,4.351,4.359,,
"2015/01/05",4.362,4.352,4.362,,
"2015/01/06",4.363,4.354,4.363,,
"2015/01/07",4.364,4.358,4.365,,
"2015/01/08",4.365,4.357,4.361,,
"2015/01/09",4.358,4.359,4.365,,
"2015/01/13",4.361,4.357,4.364,,
"2015/01/14",4.363,4.36,4.365,,
"2015/01/15",4.358,4.358,4.363,,
"2015/01/16",4.35,4.36,4.363,,
"2015/01/19",4.358,4.358,4.36,,
"2015/01/20",4.364,4.358,4.361,,
"2015/01/21",4.364,4.355,4.359,,
"2015/01/22",4.357,4.355,4.357,,
"2015/01/23",4.364,4.351,4.355,,
"2015/01/26",4.367,4.35,4.35,,
"2015/01/27",4.37,4.351,4.348,,
"2015/01/28",4.372,4.352,4.345,,
"2015/01/29",4.373,4.353,4.336,,
"2015/01/30",4.376,4.349,4.331,,
"2015/02/02",4.365,4.353,4.325,,
"2015/02/03",4.363,4.352,4.328,,
"2015/02/04",4.371,4.354,4.335,,
"2015/02/05",4.375,4.356,4.336,,
"2015/02/06",4.37,4.358,4.349,,
"2015/02/09",4.365,4.36,4.357,,
"2015/02/10",4.365,4.36,4.363,,
"2015/02/11",4.365,4.36,4.364,,
"2015/02/12",4.363,4.36,4.365,,
"2015/02/13",4.359,4.36,4.365,,
"2015/02/16",4.351,4.357,4.363,,
"2015/02/17",4.344,4.35,4.361,,
"2015/02/18",4.347,4.349,4.358,,
"2015/02/19",4.349,4.348,4.352,,
"2015/02/20",4.35,4.347,4.349,,
"2015/02/23",4.348,4.346,4.347,,
"2015/02/24",4.344,4.34,4.343,,
"2015/02/25",4.341,4.339,4.342,,
"2015/02/26",4.341,4.337,4.34,,
"2015/02/27",4.334,4.331,4.336,,
"2015/03/02",4.331,4.331,4.331,,
"2015/03/03",4.32,4.33,4.335,,
"2015/03/04",4.33,4.328,4.329,,
"2015/03/05",4.335,4.33,4.335,,
"2015/03/06",4.335,4.344,4.361,,
"2015/03/09",4.342,4.35,4.366,,
"2015/03/10",4.342,4.352,4.369,,
"2015/03/11",4.342,4.355,4.372,,
"2015/03/12",4.34,4.35,4.366,,
"2015/03/13",4.34,4.353,4.37,,
"2015/03/16",4.34,4.355,4.374,,
"2015/03/17",4.342,4.355,4.374,,
"2015/03/18",4.342,4.352,4.37,,
"2015/03/19",4.342,4.351,4.369,,
"2015/03/20",4.345,4.35,4.369,,
"2015/03/24",4.346,4.35,4.371,,
"2015/03/25",4.349,4.352,4.374,,
"2015/03/26",4.351,4.353,4.379,,
"2015/03/27",4.353,4.355,4.381,,
"2015/03/30",4.355,4.356,4.387,,
"2015/03/31",4.358,4.36,4.391,,
"2015/04/01",4.36,4.362,4.393,,
"2015/04/06",4.362,4.363,4.39,,
"2015/04/07",4.364,4.363,4.384,,
"2015/04/08",4.364,4.364,4.38,,
"2015/04/09",4.362,4.365,4.378,,
"2015/04/10",4.361,4.368,4.381,,
"2015/04/13",4.35,4.369,4.378,,
"2015/04/14",4.345,4.37,4.381,,
"2015/04/15",4.345,4.362,4.373,,
"2015/04/16",4.344,4.363,4.374,,
"2015/04/17",4.346,4.362,4.375,,
"2015/04/20",4.349,4.363,4.375,,
"2015/04/21",4.347,4.359,4.374,,
"2015/04/22",4.348,4.362,4.374,,
"2015/04/23",4.348,4.359,4.373,,
"2015/04/24",4.353,4.361,4.372,,
"2015/04/27",4.354,4.36,4.373,,
"2015/04/28",4.361,4.361,4.376,,
"2015/04/29",4.364,4.361,4.381,,
"2015/04/30",4.374,4.366,4.386,,
"2015/05/04",4.363,4.37,4.388,,
"2015/05/05",4.364,4.371,4.39,,
"2015/05/06",4.353,4.372,4.396,,
"2015/05/07",4.348,4.369,4.383,,
"2015/05/08",4.351,4.366,4.382,,
"2015/05/11",4.356,4.361,4.379,,
"2015/05/12",4.347,4.363,4.38,,
"2015/05/13",4.345,4.357,4.376,,
"2015/05/14",4.346,4.356,4.375,,
"2015/05/15",4.353,4.356,4.375,,
"2015/05/19",4.353,4.358,4.377,,
"2015/05/20",4.354,4.356,4.376,,
"2015/05/21",4.349,4.359,4.379,,
"2015/05/22",4.351,4.357,4.375,,
"2015/05/25",4.346,4.36,4.38,,
"2015/05/26",4.348,4.355,4.374,,
"2015/05/27",4.351,4.357,4.374,,
"2015/05/28",4.352,4.354,4.373,,
"2015/05/29",4.35,4.357,4.373,,
"2015/06/01",4.352,4.356,4.371,,
"2015/06/02",4.356,4.358,4.375,,
"2015/06/03",4.358,4.36,4.377,,
"2015/06/04",4.346,4.361,4.38,,
"2015/06/05",4.341,4.36,4.38,,
"2015/06/09",4.344,4.36,4.378,,
"2015/06/10",4.344,4.355,4.374,,
"2015/06/11",4.346,4.36,4.378,,
"2015/06/12",4.35,4.357,4.375,,
"2015/06/16",4.344,4.36,4.376,,
"2015/06/17",4.341,4.36,4.378,,
"2015/06/18",4.341,4.36,4.375,,
"2015/06/19",4.341,4.36,4.375,,
"2015/06/22",4.351,4.36,4.376,,
"2015/06/23",4.354,4.36,4.376,,
"2015/06/24",4.35,4.36,4.377,,
"2015/06/25",4.355,4.36,4.376,,
"2015/06/26",4.36,4.359,4.376,,
"2015/06/30",4.361,4.36,4.378,,
"2015/07/01",4.363,4.36,4.379,,
"2015/07/02",4.367,4.363,4.38,,
"2015/07/03",4.37,4.362,4.381,,
"2015/07/06",4.373,4.365,4.383,,
"2015/07/07",4.358,4.369,4.385,,
"2015/07/08",4.358,4.366,4.385,,
"2015/07/09",4.366,4.366,4.385,,
"2015/07/10",4.364,4.365,4.385,,
"2015/07/13",4.365,4.365,4.385,,
"2015/07/14",4.362,4.365,4.385,,
"2015/07/15",4.363,4.365,4.385,,
"2015/07/16",4.366,4.366,4.385,,
"2015/07/17",4.369,4.364,4.385,,
"2015/07/21",4.372,4.367,4.386,,
"2015/07/22",4.372,4.365,4.385,,
"2015/07/23",4.373,4.366,4.389,,
"2015/07/24",4.377,4.368,4.391,,
"2015/07/27",4.379,4.371,4.394,,
"2015/07/28",4.38,4.375,4.397,,
"2015/07/29",4.376,4.383,4.401,,
"2015/07/30",4.371,4.385,4.4,,
"2015/07/31",4.369,4.382,4.401,,
"2015/08/03",4.37,4.392,4.469,,
"2015/08/04",4.372,4.405,4.54,,
"2015/08/05",4.368,4.455,4.579,,
"2015/08/06",4.367,4.473,4.611,,
"2015/08/10",4.365,4.472,4.663,,
"2015/08/11",4.363,4.467,4.617,,
"2015/08/12",4.359,4.455,4.575,,
"2015/08/13",4.356,4.446,4.553,,
"2015/08/14",4.353,4.452,4.557,,
"2015/08/18",4.347,4.445,4.575,,
"2015/08/19",4.346,4.459,4.6,,
"2015/08/20",4.352,4.45,4.608,,
"2015/08/21",4.355,4.458,4.63,,
"2015/08/24",4.36,4.405,4.588,,
"2015/08/25",4.364,4.394,4.586,,
"2015/08/26",4.363,4.393,4.59,,
"2015/08/27",4.365,4.398,4.586,,
"2015/08/28",4.359,4.398,4.579,,
"2015/08/31",4.356,4.385,4.57,,
"2015/09/01",4.345,4.38,4.555,,
"2015/09/02",4.349,4.383,4.558,,
"2015/09/03",4.351,4.382,4.557,,
"2015/09/04",4.352,4.382,4.559,,
"2015/09/07",4.353,4.488,4.635,,
"2015/09/08",4.356,4.49,4.632,,
"2015/09/09",4.358,4.483,4.639,,
"2015/09/10",4.359,4.478,4.62,,
"2015/09/11",4.361,4.483,4.615,,
"2015/09/14",4.363,4.481,4.615,,
"2015/09/15",4.363,4.488,4.635,,
"2015/09/16",4.361,4.492,4.638,,
"2015/09/17",4.363,4.498,4.648,,
"2015/09/18",4.364,4.473,4.588,,
"2015/09/21",4.365,4.433,4.545,,
"2015/09/22",4.364,4.443,4.548,,
"2015/09/23",4.363,4.443,4.558,,
"2015/09/24",4.363,4.455,4.585,,
"2015/09/25",4.365,4.455,4.58,,
"2015/09/28",4.595,4.6,4.785,,
"2015/09/29",4.6,4.61,4.8,,
"2015/09/30",4.608,4.616,4.82,,
"2015/10/01",4.613,4.621,4.825,,
"2015/10/02",4.62,4.623,4.823,,
"2015/10/05",4.626,4.635,4.828,,
"2015/10/06",4.636,4.65,4.895,,
"2015/10/07",4.642,4.668,4.91,,
"2015/10/08",4.647,4.665,4.91,,
"2015/10/09",4.663,4.69,4.93,,
"2015/10/13",4.678,4.709,4.93,,
"2015/10/14",4.675,4.734,4.939,,
"2015/10/15",4.73,4.738,4.96,,
"2015/10/16",4.745,4.764,4.99,,
"2015/10/19",4.735,4.775,5.06,,
"2015/10/20",4.73,4.82,5.15,,
"2015/10/21",4.715,4.841,5.171,,
"2015/10/22",4.707,4.865,5.175,,
"2015/10/23",4.705,4.885,5.178,,
"2015/10/26",4.648,4.916,5.183,,
"2015/10/27",4.611,4.93,5.196,,
"2015/10/28",4.595,4.928,5.188,,
"2015/10/29",4.58,4.93,5.192,,
"2015/10/30",4.555,4.93,5.209,,
"2015/11/03",5.044,5.114,5.47,,
"2015/11/04",5.006,5.125,5.473,,
"2015/11/05",4.993,5.12,5.53,,
"2015/11/06",4.969,5.15,5.675,,
"2015/11/09",4.954,5.172,5.65,,
"2015/11/10",4.939,5.182,5.57,,
"2015/11/11",4.93,5.182,5.562,,
"2015/11/12",4.923,5.195,5.59,,
"2015/11/13",4.905,5.2,5.605,,
"2015/11/17",4.895,5.195,5.6,,
"2015/11/18",4.9,5.205,5.611,,
"2015/11/19",4.913,5.235,5.618,,
"2015/11/20",4.918,5.235,5.682,,
"2015/11/23",4.928,5.25,5.692,,
"2015/11/24",4.916,5.307,5.715,,
"2015/11/25",4.913,5.371,5.735,,
"2015/11/26",4.914,5.4,5.735,,
"2015/11/27",4.934,5.428,5.75,,
"2015/11/30",5.245,5.355,5.64,,
"2015/12/01",5.225,5.35,5.626,,
"2015/12/02",5.26,5.355,5.635,,
"2015/12/03",5.265,5.387,5.705,,
"2015/12/04",5.269,5.4,5.745,,
"2015/12/07",5.27,5.485,5.87,,
"2015/12/09",5.275,5.5,5.9,,
"2015/12/10",5.278,5.505,5.85,,
"2015/12/11",5.285,5.51,5.861,,
"2015/12/14",5.284,5.568,5.96,,
"2015/12/15",5.295,5.585,5.945,,
"2015/12/16",5.298,5.6,5.95,,
"2015/12/17",5.304,5.608,5.94,,
"2015/12/18",5.313,5.605,5.934,,
"2015/12/21",5.52,5.558,5.855,,
"2015/12/22",5.526,5.55,5.838,,
"2015/12/23",5.525,5.55,5.833,,
"2015/12/24",5.536,5.55,5.828,,
"2015/12/28",5.53,5.55,5.835,,
"2015/12/29",5.538,5.55,5.836,,
"2015/12/30",5.549,5.55,5.853,,
"2016/01/04",5.548,5.571,5.893,,
"2016/01/05",5.539,5.6,5.932,,
"2016/01/06",5.541,5.595,5.961,,
"2016/01/07",5.542,5.618,6.023,,
"2016/01/08",5.544,5.618,6,,
"2016/01/12",5.548,5.64,6,,
"2016/01/13",5.541,5.654,6,,
"2016/01/14",5.541,5.661,5.995,,
"2016/01/15",5.543,5.675,6,,
"2016/01/18",5.546,5.689,6.01,,
"2016/01/19",5.534,5.692,6.038,,
"2016/01/20",5.54,5.713,6.053,,
"2016/01/21",5.543,5.745,6.08,,
"2016/01/22",5.542,5.766,6.048,,
"2016/01/25",5.545,5.77,6.085,,
"2016/01/26",5.544,5.81,6.128,,
"2016/01/27",5.537,5.83,6.14,,
"2016/01/28",5.54,5.842,6.113,,
"2016/01/29",5.533,5.841,6.088,,
"2016/02/01",5.749,5.871,6.1,,
"2016/02/02",5.738,5.868,6.11,,
"2016/02/03",5.748,5.865,6.108,,
"2016/02/04",5.749,5.875,6.101,,
"2016/02/05",5.753,5.883,6.12,,
"2016/02/08",5.753,5.945,6.31,,
"2016/02/09",5.754,6,6.313,,
"2016/02/10",5.755,6.035,6.41,,
"2016/02/11",5.753,6.04,6.43,,
"2016/02/12",5.751,6.06,6.38,,
"2016/02/15",5.758,6.06,6.37,,
"2016/02/16",5.742,6.06,6.4,,
"2016/02/17",5.754,6.06,6.393,,
"2016/02/18",5.75,6.06,6.38,,
"2016/02/19",5.755,6.073,6.408,,
"2016/02/22",5.99,6.039,6.325,,
"2016/02/23",5.98,6.038,6.328,,
"2016/02/24",5.977,6.045,6.333,,
"2016/02/25",5.977,6.045,6.316,,
"2016/02/26",5.98,6.049,6.325,,
"2016/02/29",5.977,6.075,6.335,,
"2016/03/01",5.968,6.081,6.345,,
"2016/03/02",5.977,6.075,6.341,,
"2016/03/03",5.976,6.076,6.337,,
"2016/03/04",5.982,6.061,6.332,,
"2016/03/07",5.979,6.065,6.315,,
"2016/03/08",5.977,6.088,6.31,,
"2016/03/09",5.98,6.115,6.3,,
"2016/03/10",5.983,6.113,6.32,,
"2016/03/11",5.981,6.124,6.32,,
"2016/03/14",5.979,6.12,6.333,,
"2016/03/15",5.965,6.155,6.36,,
"2016/03/16",5.975,6.17,6.375,,
"2016/03/17",5.979,6.18,6.37,,
"2016/03/18",5.981,6.185,6.366,,
"2016/03/22",6.214,6.223,6.4,,
"2016/03/23",6.211,6.229,6.433,,
"2016/03/28",6.212,6.232,6.473,,
"2016/03/29",6.208,6.225,6.47,,
"2016/03/30",6.218,6.23,6.47,,
"2016/03/31",6.216,6.232,6.47,,
"2016/04/01",6.212,6.235,6.475,,
"2016/04/04",6.212,6.251,6.5,,
"2016/04/05",6.212,6.261,6.503,,
"2016/04/06",6.214,6.286,6.575,,
"2016/04/07",6.215,6.3,6.602,,
"2016/04/08",6.214,6.31,6.601,,
"2016/04/11",6.211,6.32,6.61,,
"2016/04/12",6.209,6.329,6.63,,
"2016/04/13",6.211,6.35,6.64,,
"2016/04/14",6.211,6.36,6.648,,
"2016/04/15",6.211,6.36,6.66,,
"2016/04/18",6.207,6.375,6.663,,
"2016/04/19",6.207,6.379,6.67,,
"2016/04/20",6.207,6.383,6.658,,
"2016/04/21",6.206,6.399,6.66,,
"2016/04/22",6.211,6.408,6.658,,
"2016/04/25",6.211,6.44,6.654,,
"2016/04/26",6.202,6.45,6.66,,
"2016/04/27",6.214,6.45,6.677,,
"2016/04/28",6.216,6.48,6.7,,
"2016/04/29",6.217,6.505,6.714,,
"2016/05/02",6.674,6.77,6.905,,
"2016/05/03",6.675,6.768,6.933,,
"2016/05/04",6.675,6.768,6.948,,
"2016/05/05",6.675,6.785,6.98,,
"2016/05/06",6.675,6.775,6.948,,
"2016/05/10",6.661,6.78,6.923,,
"2016/05/11",6.672,6.79,6.93,,
"2016/05/12",6.677,6.8,6.95,,
"2016/05/13",6.679,6.805,6.945,,
"2016/05/16",6.677,6.83,6.98,,
"2016/05/17",6.677,6.84,6.995,,
"2016/05/18",6.68,6.843,7.02,,
"2016/05/19",6.681,6.855,7.036,,
"2016/05/20",6.682,6.864,7.05,,
"2016/05/23",6.691,6.91,7.075,7.158,
"2016/05/24",6.679,6.928,7.088,7.175,
"2016/05/25",6.699,6.929,7.085,7.17,
"2016/05/26",6.708,6.935,7.098,7.182,
"2016/05/27",6.718,6.965,7.113,7.181,
"2016/05/31",6.907,6.972,7.085,7.168,
"2016/06/01",6.913,6.975,7.07,7.113,
"2016/06/02",6.918,6.975,7.073,7.12,
"2016/06/03",6.914,6.968,7.06,7.11,
"2016/06/07",6.913,7.05,7.125,7.206,
"2016/06/08",6.916,7.035,7.124,7.188,
"2016/06/09",6.919,7.057,7.133,7.195,
"2016/06/10",6.92,7.058,7.157,7.218,
"2016/06/13",6.922,7.085,7.165,7.222,
"2016/06/14",6.914,7.095,7.17,7.239,
"2016/06/15",6.906,7.1,7.18,7.25,
"2016/06/16",6.904,7.11,7.181,7.241,
"2016/06/17",6.905,7.125,7.19,7.246,
"2016/06/20",6.912,7.14,7.197,7.253,
"2016/06/21",6.92,7.149,7.208,7.258,
"2016/06/22",6.923,7.162,7.22,7.277,
"2016/06/23",7.132,7.171,7.253,7.33,
"2016/06/24",7.14,7.168,7.26,7.339,
"2016/06/27",7.138,7.16,7.243,7.285,
"2016/06/28",7.134,7.163,7.265,7.294,
"2016/06/29",7.132,7.16,7.24,7.273,
"2016/06/30",7.134,7.16,7.235,7.28,
"2016/07/01",7.129,7.162,7.247,7.262,
"2016/07/05",7.125,7.164,7.26,7.28,
"2016/07/06",7.128,7.204,7.348,7.36,
"2016/07/07",7.127,7.217,7.36,7.383,
"2016/07/08",7.124,7.245,7.383,7.459,
"2016/07/11",7.117,7.25,7.381,7.465,
"2016/07/12",7.113,7.254,7.38,7.464,
"2016/07/13",7.113,7.261,7.398,7.478,
"2016/07/14",7.105,7.27,7.413,7.489,
"2016/07/15",7.096,7.288,7.42,7.495,
"2016/07/18",7.087,7.304,7.41,7.495,
"2016/07/19",7.088,7.303,7.408,7.48,
"2016/07/21",7.089,7.3,7.39,7.458,
"2016/07/22",7.083,7.297,7.365,7.415,
"2016/07/25",7.088,7.3,7.38,7.41,
"2016/07/26",7.089,7.308,7.395,7.433,
"2016/07/27",7.083,7.3,7.38,7.425,
"2016/07/28",7.081,7.3,7.38,7.438,
"2016/07/29",7.07,7.313,7.378,7.448,
"2016/08/01",7.35,7.37,7.442,7.498,
"2016/08/02",7.339,7.375,7.455,7.511,
"2016/08/03",7.356,7.383,7.447,7.5,
"2016/08/04",7.363,7.383,7.45,7.49,
"2016/08/05",7.37,7.39,7.46,7.498,
"2016/08/08",7.374,7.408,7.5,7.555,
"2016/08/09",7.376,7.418,7.51,7.553,
"2016/08/10",7.378,7.42,7.51,7.555,
"2016/08/11",7.379,7.42,7.495,7.55,
"2016/08/12",7.382,7.422,7.49,7.54,
"2016/08/16",7.394,7.431,7.485,7.53,
"2016/08/17",7.39,7.449,7.506,7.545,
"2016/08/18",7.39,7.46,7.49,7.538,
"2016/08/19",7.392,7.46,7.508,7.54,
"2016/08/22",7.394,7.478,7.514,7.548,
"2016/08/23",7.398,7.48,7.511,7.543,
"2016/08/24",7.396,7.49,7.521,7.555,
"2016/08/25",7.394,7.493,7.525,7.56,
"2016/08/26",7.386,7.491,7.52,7.555,
"2016/08/29",7.377,7.49,7.521,7.558,
"2016/08/30",7.362,7.474,7.5,7.53,
"2016/08/31",7.363,7.469,7.5,7.535,
"2016/09/01",7.36,7.41,7.435,7.458,
"2016/09/02",7.365,7.392,7.43,7.433,
"2016/09/05",7.37,7.39,7.425,7.43,
"2016/09/06",7.369,7.355,7.37,7.303,
"2016/09/07",7.363,7.365,7.381,7.253,
"2016/09/08",7.364,7.38,7.39,7.29,
"2016/09/09",7.372,7.387,7.403,7.33,
"2016/09/12",7.379,7.399,7.43,7.363,
"2016/09/13",7.369,7.4,7.42,7.361,
"2016/09/14",7.372,7.4,7.42,7.375,
"2016/09/15",7.366,7.397,7.419,7.389,
"2016/09/16",7.367,7.39,7.405,7.365,
"2016/09/19",7.368,7.39,7.403,7.318,
"2016/09/20",7.368,7.387,7.399,7.279,
"2016/09/21",7.371,7.385,7.39,7.274,
"2016/09/22",7.374,7.38,7.384,7.262,
"2016/09/23",7.369,7.38,7.39,7.31,
"2016/09/26",7.373,7.37,7.397,7.32,
"2016/09/27",7.368,7.38,7.404,7.327,
"2016/09/28",7.365,7.386,7.404,7.328,
"2016/09/29",7.364,7.385,7.41,7.348,
"2016/09/30",7.363,7.385,7.418,7.349,
"2016/10/03",7.363,7.39,7.42,7.36,
"2016/10/04",7.371,7.39,7.408,7.35,
"2016/10/05",7.372,7.389,7.409,7.347,
"2016/10/06",7.367,7.39,7.405,7.31,
"2016/10/07",7.363,7.388,7.4,7.28,
"2016/10/10",7.363,7.387,7.392,7.275,
"2016/10/11",7.36,7.386,7.38,7.263,
"2016/10/12",7.359,7.386,7.371,7.252,
"2016/10/13",7.362,7.383,7.373,7.243,
"2016/10/14",7.363,7.384,7.373,7.241,
"2016/10/18",7.367,7.38,7.37,7.234,
"2016/10/19",7.371,7.382,7.375,7.237,
"2016/10/20",7.374,7.375,7.373,7.229,
"2016/10/21",7.375,7.381,7.372,7.238,
"2016/10/24",7.368,7.384,7.37,7.243,
"2016/10/25",7.364,7.385,7.378,7.248,
"2016/10/26",7.361,7.378,7.385,7.27,
"2016/10/27",7.361,7.376,7.39,7.281,
"2016/10/28",7.361,7.38,7.39,7.281,
"2016/10/31",7.363,7.386,7.39,7.29,
"2016/11/01",7.363,7.38,7.39,7.3,
"2016/11/02",7.362,7.38,7.384,7.283,
"2016/11/03",7.36,7.371,7.37,7.25,
"2016/11/04",7.357,7.371,7.368,7.248,
"2016/11/08",7.362,7.361,7.34,7.176,
"2016/11/09",7.362,7.36,7.34,7.12,
"2016/11/10",7.361,7.377,7.36,7.15,
"2016/11/11",7.361,7.385,7.395,7.23,
"2016/11/15",7.361,7.378,7.376,7.228,
"2016/11/16",7.359,7.382,7.39,7.243,
"2016/11/17",7.358,7.384,7.39,7.248,
"2016/11/18",7.36,7.386,7.39,7.263,
"2016/11/21",7.363,7.385,7.395,7.271,
"2016/11/22",7.358,7.383,7.395,7.27,
"2016/11/23",7.362,7.381,7.4,7.276,
"2016/11/24",7.364,7.388,7.398,7.265,
"2016/11/25",7.362,7.384,7.385,7.198,
"2016/11/28",7.364,7.335,7.32,7.08,
"2016/11/29",7.362,7.345,7.323,7.088,
"2016/11/30",7.363,7.352,7.32,7.083,
"2016/12/01",7.363,7.353,7.33,7.103,
"2016/12/02",7.362,7.353,7.325,7.11,
"2016/12/05",7.362,7.35,7.323,7.11,
"2016/12/06",7.364,7.353,7.32,7.11,
"2016/12/07",7.363,7.35,7.31,7.082,
"2016/12/09",7.363,7.353,7.3,7.063,
"2016/12/12",7.366,7.353,7.305,7.07,
"2016/12/13",7.366,7.35,7.297,7.077,
"2016/12/14",7.366,7.35,7.295,7.073,
"2016/12/15",7.365,7.353,7.303,7.083,
"2016/12/16",7.363,7.349,7.308,7.083,
"2016/12/19",7.134,7.135,6.94,6.594,
"2016/12/20",7.135,7.145,6.939,6.605,
"2016/12/21",7.134,7.152,6.934,6.599,
"2016/12/22",7.134,7.163,6.938,6.598,
"2016/12/23",7.137,7.168,6.933,6.605,
"2016/12/26",7.136,7.175,6.943,6.6,
"2016/12/27",7.136,7.168,6.938,6.603,
"2016/12/28",7.134,7.162,6.937,6.603,
"2016/12/29",7.139,7.16,6.92,6.603,
"2017/01/02",7.132,7.154,6.92,6.601,
"2017/01/03",7.128,7.142,6.92,6.61,
"2017/01/04",7.134,7.095,6.85,6.535,
"2017/01/05",7.137,7.082,6.845,6.5,
"2017/01/06",7.141,7.07,6.85,6.52,
"2017/01/10",7.142,7.073,6.88,6.534,
"2017/01/11",7.141,7.075,6.869,6.55,
"2017/01/12",7.14,7.068,6.827,6.522,
"2017/01/13",7.135,7.05,6.825,6.522,
"2017/01/16",7.135,7.04,6.835,6.544,
"2017/01/17",7.134,7.029,6.837,6.556,
"2017/01/18",7.136,7.026,6.845,6.545,
"2017/01/19",7.136,7.038,6.836,6.555,
"2017/01/20",7.139,7.033,6.825,6.541,
"2017/01/23",7.138,7.015,6.811,6.502,
"2017/01/24",7.137,7.023,6.802,6.502,
"2017/01/25",7.137,7.015,6.775,6.503,
"2017/01/26",7.136,7.02,6.783,6.51,
"2017/01/27",7.135,7,6.75,6.463,
"2017/01/30",7.134,7.135,6.985,6.74,
"2017/01/31",7.135,7.128,7.038,6.768,
"2017/02/01",7.134,7.133,7.03,6.76,
"2017/02/02",7.135,7.125,7.01,6.729,
"2017/02/03",7.135,7.13,7.013,6.738,
"2017/02/06",7.137,7.139,7.05,6.836,
"2017/02/07",7.137,7.13,7.015,6.81,
"2017/02/08",7.138,7.12,7.02,6.813,
"2017/02/09",7.137,7.127,7.025,6.838,
"2017/02/10",7.138,7.12,7.03,6.844,
"2017/02/13",7.137,7.131,7.063,6.91,
"2017/02/14",7.136,7.132,7.07,6.917,
"2017/02/15",7.136,7.136,7.088,6.938,
"2017/02/16",7.136,7.13,7.053,6.898,
"2017/02/17",7.136,7.126,7.045,6.911,
"2017/02/20",7.137,7.125,7.04,6.895,
"2017/02/21",7.136,7.113,7.025,6.873,
"2017/02/22",7.137,7.07,6.93,6.77,
"2017/02/23",7.135,7.055,6.93,6.705,
"2017/02/24",7.134,7.06,6.948,6.72,
"2017/02/27",6.9,6.91,6.748,6.489,
"2017/02/28",6.857,6.91,6.758,6.518,
"2017/03/01",6.888,6.91,6.75,6.535,
"2017/03/02",6.901,6.891,6.735,6.53,
"2017/03/03",6.904,6.878,6.719,6.513,
"2017/03/06",6.904,6.845,6.649,6.412,
"2017/03/07",6.904,6.838,6.64,6.413,
"2017/03/08",6.904,6.829,6.63,6.365,
"2017/03/09",6.905,6.819,6.623,6.36,
"2017/03/10",6.907,6.811,6.612,6.354,
"2017/03/13",6.908,6.8,6.595,6.33,
"2017/03/14",6.905,6.785,6.593,6.318,
"2017/03/15",6.904,6.755,6.53,6.225,
"2017/03/16",6.903,6.727,6.48,6.18,
"2017/03/17",6.904,6.695,6.44,6.145,
"2017/03/21",6.903,6.673,6.428,6.133,
"2017/03/22",6.903,6.655,6.399,6.1,
"2017/03/23",6.904,6.61,6.341,6.053,
"2017/03/24",6.904,6.6,6.325,6.045,
"2017/03/27",6.676,6.69,6.411,6.121,
"2017/03/28",6.674,6.68,6.407,6.088,
"2017/03/29",6.674,6.68,6.401,6.075,
"2017/03/30",6.672,6.666,6.397,6.074,
"2017/03/31",6.675,6.666,6.39,6.085,
"2017/04/03",6.674,6.66,6.376,6.055,
"2017/04/04",6.676,6.65,6.365,6.047,
"2017/04/05",6.675,6.639,6.34,6.034,
"2017/04/06",6.674,6.61,6.297,5.966,
"2017/04/07",6.672,6.616,6.33,6.03,
"2017/04/10",6.67,6.6,6.313,6.011,
"2017/04/11",6.668,6.6,6.32,6.014,
"2017/04/12",6.672,6.603,6.315,6.005,
"2017/04/17",6.668,6.584,6.288,5.988,
"2017/04/18",6.668,6.467,6.175,5.859,
"2017/04/19",6.667,6.436,6.096,5.819,
"2017/04/20",6.666,6.43,6.115,5.84,
"2017/04/21",6.663,6.415,6.08,5.79,
"2017/04/24",6.661,6.379,6.044,5.76,
"2017/04/25",6.655,6.39,6.06,5.779,
"2017/04/26",6.655,6.39,6.075,5.785,
"2017/04/27",6.655,6.303,6.051,5.784,
"2017/04/28",6.647,6.263,5.975,5.718,
"2017/05/02",6.209,6.155,5.818,5.55,
"2017/05/03",6.21,6.15,5.82,5.573,
"2017/05/04",6.211,6.129,5.82,5.56,
"2017/05/05",6.214,6.12,5.79,5.521,
"2017/05/08",6.22,6.105,5.785,5.525,
"2017/05/09",6.225,6.093,5.782,5.524,
"2017/05/10",6.218,6.073,5.753,5.516,
"2017/05/11",6.214,6.07,5.751,5.516,
"2017/05/12",6.217,6.069,5.758,5.512,
"2017/05/15",6.218,6.05,5.757,5.528,
"2017/05/16",6.22,6.038,5.795,5.563,
"2017/05/17",6.218,6.033,5.775,5.549,
"2017/05/18",6.22,6.032,5.77,5.55,
"2017/05/19",6.222,6.01,5.77,5.54,
"2017/05/22",6.22,5.98,5.72,5.492,
"2017/05/23",6.22,5.964,5.685,5.475,
"2017/05/24",6.217,5.957,5.67,5.47,
"2017/05/25",6.217,5.928,5.641,5.455,
"2017/05/26",6.22,5.903,5.66,5.46,
"2017/05/30",5.985,5.98,5.685,5.485,
"2017/05/31",5.989,5.973,5.667,5.465,
"2017/06/01",5.988,5.972,5.663,5.455,
"2017/06/02",5.989,5.97,5.66,5.461,
"2017/06/05",5.989,5.951,5.643,5.45,
"2017/06/06",5.983,5.923,5.578,5.4,
"2017/06/07",5.984,5.923,5.55,5.393,
"2017/06/08",5.982,5.901,5.53,5.36,
"2017/06/09",5.984,5.89,5.505,5.35,
"2017/06/12",5.984,5.874,5.481,5.326,
"2017/06/13",5.982,5.855,5.46,5.329,
"2017/06/14",5.981,5.845,5.443,5.291,
"2017/06/15",5.979,5.815,5.449,5.298,
"2017/06/16",5.98,5.75,5.437,5.27,
"2017/06/20",5.98,5.755,5.458,5.31,
"2017/06/21",5.981,5.75,5.44,5.295,
"2017/06/22",5.983,5.748,5.428,5.288,
"2017/06/23",5.987,5.72,5.411,5.266,
"2017/06/27",5.988,5.68,5.38,5.265,
"2017/06/28",5.986,5.667,5.364,5.248,
"2017/06/29",5.982,5.565,5.318,5.22,
"2017/06/30",5.983,5.536,5.32,5.183,
"2017/07/04",5.513,5.435,5.205,5.131,
"2017/07/05",5.514,5.39,5.187,5.083,
"2017/07/06",5.515,5.36,5.198,5.15,
"2017/07/07",5.519,5.363,5.222,5.18,
"2017/07/10",5.518,5.36,5.192,5.157,
"2017/07/11",5.521,5.359,5.203,5.157,
"2017/07/12",5.522,5.36,5.203,5.16,
"2017/07/13",5.521,5.35,5.175,5.15,
"2017/07/14",5.522,5.344,5.171,5.148,
"2017/07/17",5.519,5.328,5.148,5.105,
"2017/07/18",5.518,5.313,5.16,5.12,
"2017/07/19",5.519,5.305,5.17,5.156,
"2017/07/21",5.519,5.3,5.171,5.152,
"2017/07/24",5.519,5.285,5.155,5.15,
"2017/07/25",5.519,5.235,5.14,5.141,
"2017/07/26",5.518,5.231,5.148,5.15,
"2017/07/27",5.512,5.225,5.155,5.155,
"2017/07/28",5.282,5.29,5.178,5.17,
"2017/07/31",5.271,5.27,5.17,5.16,
"2017/08/01",5.281,5.26,5.15,5.15,
"2017/08/02",5.282,5.261,5.15,5.15,
"2017/08/03",5.284,5.243,5.132,5.131,
"2017/08/04",5.285,5.225,5.127,5.13,
"2017/08/08",5.285,5.2,5.04,5.042,
"2017/08/09",5.288,5.193,5.069,5.06,
"2017/08/10",5.29,5.17,5.063,5.055,
"2017/08/11",5.294,5.16,5.07,5.06,
"2017/08/14",5.295,5.141,5.069,5.057,
"2017/08/15",5.305,5.134,5.07,5.067,
"2017/08/16",5.308,5.13,5.07,5.06,
"2017/08/17",5.308,5.12,5.063,5.058,
"2017/08/18",5.317,5.1,5.06,5.053,
"2017/08/22",5.318,5.086,5.06,5.053,
"2017/08/23",5.32,5.09,5.08,5.075,
"2017/08/24",5.325,5.083,5.07,5.062,
"2017/08/25",5.324,5.057,5.06,5.07,
"2017/08/28",5.329,5.043,5.059,5.068,
"2017/08/29",5.329,5.05,5.05,5.055,
"2017/08/30",5.313,5.035,5.038,5.04,
"2017/08/31",5.297,5.03,5.025,5.01,
"2017/09/01",5.058,5.055,4.975,4.91,
"2017/09/04",5.056,5.04,4.978,4.937,
"2017/09/05",5.06,5.014,4.98,4.945,
"2017/09/06",5.063,5.015,4.98,4.948,
"2017/09/07",5.07,5.025,4.97,4.94,
"2017/09/08",5.074,5.027,4.98,4.953,
"2017/09/11",5.069,5.023,4.98,4.964,
"2017/09/12",5.047,5.02,4.99,4.965,
"2017/09/13",5.046,5.023,4.985,4.97,
"2017/09/14",5.047,5.024,4.99,4.97,
"2017/09/15",5.047,5.022,4.988,4.96,
"2017/09/18",5.048,5.03,4.995,4.96,
"2017/09/19",5.048,5.02,4.985,4.953,
"2017/09/20",5.052,5.023,4.995,4.95,
"2017/09/21",5.054,4.995,4.991,4.945,
"2017/09/22",5.055,4.995,4.985,4.945,
"2017/09/25",5.053,4.999,4.998,4.957,
"2017/09/26",5.049,5,5,4.955,
"2017/09/27",5.054,5,5,4.96,
"2017/09/28",5.058,4.993,4.985,4.94,
"2017/09/29",5.06,4.995,4.98,4.94,
"2017/10/02",5.066,5.038,5.035,4.963,
"2017/10/03",5.069,5.04,5.04,4.973,
"2017/10/04",5.071,5.041,5.041,4.972,
"2017/10/05",5.073,5.041,5.047,4.97,
"2017/10/06",5.073,5.037,5.032,4.964,
"2017/10/09",5.062,5.028,5.028,4.945,
"2017/10/10",5.064,5.027,5.028,4.92,
"2017/10/11",5.059,5.023,5.027,4.917,
"2017/10/12",5.062,5.03,5.032,4.923,
"2017/10/13",5.062,5.03,5.03,4.913,
"2017/10/17",5.065,5.01,5.01,4.88,
"2017/10/18",5.067,5.02,5.007,4.86,
"2017/10/19",5.069,5.013,5.003,4.843,
"2017/10/20",5.068,5.013,5,4.849,
"2017/10/23",5.066,5.005,4.983,4.853,
"2017/10/24",5.063,5.01,4.982,4.868,
"2017/10/25",5.063,5.012,4.995,4.87,
"2017/10/26",5.064,5.01,4.993,4.86,
"2017/10/27",5.063,5,4.99,4.855,
"2017/10/30",4.824,4.805,4.793,4.678,
"2017/10/31",4.83,4.792,4.791,4.665,
"2017/11/01",4.83,4.791,4.778,4.663,
"2017/11/02",4.832,4.791,4.788,4.666,
"2017/11/03",4.835,4.784,4.785,4.646,
"2017/11/07",4.834,4.772,4.751,4.585,
"2017/11/08",4.836,4.772,4.735,4.57,
"2017/11/09",4.837,4.778,4.733,4.579,
"2017/11/10",4.84,4.766,4.702,4.561,
"2017/11/14",4.841,4.76,4.696,4.554,
"2017/11/15",4.841,4.757,4.683,4.543,
"2017/11/16",4.841,4.75,4.677,4.523,
"2017/11/17",4.843,4.748,4.676,4.507,
"2017/11/20",4.839,4.725,4.655,4.487,
"2017/11/21",4.839,4.685,4.623,4.43,
"2017/11/22",4.831,4.666,4.6,4.408,
"2017/11/23",4.826,4.66,4.58,4.386,
"2017/11/24",4.826,4.635,4.555,4.373,
"2017/11/27",4.58,4.56,4.45,4.271,
"2017/11/28",4.582,4.552,4.454,4.278,
"2017/11/29",4.582,4.544,4.449,4.281,
"2017/11/30",4.58,4.542,4.424,4.265,
"2017/12/01",4.574,4.534,4.406,4.255,
"2017/12/04",4.579,4.515,4.399,4.238,
"2017/12/05",4.581,4.515,4.382,4.23,
"2017/12/06",4.582,4.553,4.453,4.287,
"2017/12/07",4.584,4.553,4.461,4.297,
"2017/12/11",4.579,4.554,4.456,4.29,
"2017/12/12",4.577,4.558,4.49,4.309,
"2017/12/13",4.571,4.573,4.497,4.31,
"2017/12/14",4.57,4.562,4.491,4.3,
"2017/12/15",4.564,4.578,4.505,4.313,
"2017/12/18",4.569,4.581,4.51,4.317,
"2017/12/19",4.567,4.57,4.5,4.313,
"2017/12/20",4.566,4.576,4.515,4.319,
"2017/12/21",4.559,4.58,4.508,4.329,
"2017/12/22",4.551,4.575,4.517,4.326,
"2017/12/26",4.548,4.578,4.518,4.322,
"2017/12/27",4.539,4.575,4.514,4.322,
"2017/12/28",4.52,4.575,4.513,4.321,
"2018/01/02",4.5,4.563,4.508,4.319,
"2018/01/03",4.52,4.53,4.446,4.281,
"2018/01/04",4.543,4.521,4.413,4.268,
"2018/01/05",4.543,4.511,4.4,4.26,
"2018/01/09",4.552,4.506,4.401,4.275,
"2018/01/10",4.557,4.503,4.399,4.278,
"2018/01/11",4.561,4.495,4.398,4.274,
"2018/01/12",4.566,4.49,4.394,4.271,
"2018/01/15",4.568,4.516,4.426,4.298,
"2018/01/16",4.568,4.513,4.436,4.303,
"2018/01/17",4.568,4.513,4.45,4.309,
"2018/01/18",4.572,4.482,4.433,4.28,
"2018/01/19",4.575,4.48,4.435,4.298,
"2018/01/22",4.577,4.483,4.43,4.308,
"2018/01/23",4.576,4.484,4.436,4.316,
"2018/01/24",4.576,4.487,4.417,4.3,
"2018/01/25",4.577,4.48,4.405,4.28,
"2018/01/26",4.578,4.483,4.4,4.298,
"2018/01/29",4.578,4.47,4.385,4.287,
"2018/01/30",4.341,4.361,4.343,4.33,
"2018/01/31",4.347,4.355,4.343,4.32,
"2018/02/01",4.352,4.356,4.324,4.315,
"2018/02/02",4.356,4.358,4.325,4.305,
"2018/02/05",4.358,4.35,4.34,4.324,
"2018/02/06",4.355,4.353,4.338,4.317,
"2018/02/07",4.35,4.36,4.33,4.317,
"2018/02/08",4.345,4.354,4.328,4.33,
"2018/02/09",4.344,4.351,4.328,4.335,
"2018/02/12",4.344,4.35,4.328,4.327,
"2018/02/13",4.343,4.349,4.328,4.33,
"2018/02/14",4.343,4.349,4.328,4.328,
"2018/02/15",4.343,4.349,4.325,4.328,
"2018/02/16",4.343,4.349,4.32,4.312,
"2018/02/19",4.342,4.347,4.317,4.31,
"2018/02/20",4.344,4.347,4.313,4.306,
"2018/02/21",4.345,4.345,4.299,4.294,
"2018/02/22",4.347,4.34,4.292,4.287,
"2018/02/23",4.348,4.342,4.289,4.28,
"2018/02/26",4.347,4.34,4.284,4.272,
"2018/02/27",4.341,4.33,4.285,4.285,
"2018/02/28",4.341,4.322,4.282,4.285,
"2018/03/01",4.34,4.32,4.28,4.285,
"2018/03/02",4.342,4.318,4.281,4.285,
"2018/03/05",4.341,4.31,4.282,4.282,
"2018/03/06",4.341,4.29,4.248,4.22,
"2018/03/07",4.34,4.29,4.233,4.2,
"2018/03/08",4.339,4.28,4.22,4.174,
"2018/03/09",4.335,4.275,4.211,4.17,
"2018/03/12",4.331,4.268,4.182,4.16,
"2018/03/13",4.329,4.271,4.182,4.168,
"2018/03/14",4.327,4.27,4.185,4.17,
"2018/03/15",4.325,4.287,4.201,4.176,
"2018/03/16",4.324,4.293,4.185,4.166,
"2018/03/20",4.319,4.285,4.195,4.163,
"2018/03/21",4.319,4.338,4.253,4.22,
"2018/03/22",4.316,4.328,4.249,4.21,
"2018/03/23",4.315,4.322,4.249,4.206,
"2018/03/26",4.309,4.319,4.243,4.201,
"2018/03/27",4.293,4.31,4.21,4.185,
"2018/03/28",4.273,4.306,4.205,4.183,
"2018/04/02",4.272,4.3,4.2,4.18,
"2018/04/03",4.278,4.3,4.199,4.187,
"2018/04/04",4.283,4.295,4.195,4.178,
"2018/04/05",4.288,4.291,4.193,4.18,
"2018/04/06",4.279,4.245,4.136,4.124,
"2018/04/09",4.269,4.24,4.139,4.13,
"2018/04/10",4.262,4.233,4.133,4.11,
"2018/04/11",4.266,4.21,4.12,4.099,
"2018/04/12",4.268,4.188,4.1,4.09,
"2018/04/13",4.267,4.167,4.073,4.035,
"2018/04/16",4.267,4.143,4.047,4.024,
"2018/04/17",4.268,4.134,4.033,4.01,
"2018/04/18",4.269,4.133,4.023,4,
"2018/04/19",4.273,4.123,4.017,3.99,
"2018/04/20",4.278,4.13,4.025,3.998,
"2018/04/23",4.304,4.131,4.02,3.993,
"2018/04/24",4.342,4.133,4.033,3.997,
"2018/04/25",4.343,4.135,4.058,4.008,
"2018/04/26",4.344,4.136,4.057,4.018,
"2018/04/27",4.345,4.118,4.068,4.032,
"2018/04/30",4.113,4.112,4.077,4.06,
"2018/05/02",4.118,4.111,4.069,4.053,
"2018/05/03",4.121,4.113,4.07,4.055,
"2018/05/04",4.117,4.115,4.063,4.06,
"2018/05/07",4.105,4.124,4.1,4.112,
"2018/05/08",4.01,4.122,4.104,4.104,
"2018/05/09",4.062,4.097,4.08,4.079,
"2018/05/10",4.057,4.09,4.052,4.053,
"2018/05/11",4.061,4.083,4.046,4.049,
"2018/05/15",4.053,4.088,4.055,4.057,
"2018/05/16",4.071,4.098,4.055,4.059,
"2018/05/17",4.076,4.097,4.056,4.06,
"2018/05/18",4.081,4.105,4.086,4.088,
"2018/05/21",4.082,4.107,4.087,4.088,
"2018/05/22",4.089,4.111,4.085,4.091,
"2018/05/23",4.092,4.111,4.088,4.094,
"2018/05/24",4.099,4.111,4.087,4.093,
"2018/05/25",4.106,4.11,4.092,4.091,
"2018/05/28",4.108,4.111,4.086,4.091,
"2018/05/29",4.11,4.114,4.084,4.092,
"2018/05/30",4.113,4.113,4.082,4.09,
"2018/05/31",4.115,4.112,4.081,4.085,
"2018/06/01",4.122,4.113,4.076,4.084,
"2018/06/05",4.116,4.1,4.074,4.078,
"2018/06/06",4.114,4.1,4.077,4.081,
"2018/06/07",4.117,4.102,4.09,4.1,
"2018/06/08",4.118,4.11,4.105,4.132,
"2018/06/12",4.115,4.111,4.107,4.139,
"2018/06/13",4.111,4.112,4.108,4.147,
"2018/06/14",4.108,4.112,4.115,4.15,
"2018/06/15",4.104,4.111,4.121,4.149,
"2018/06/18",4.101,4.111,4.123,4.148,
"2018/06/19",4.098,4.11,4.122,4.156,
"2018/06/20",4.105,4.111,4.113,4.147,
"2018/06/21",4.107,4.112,4.112,4.15,
"2018/06/22",4.108,4.111,4.115,4.149,
"2018/06/25",4.112,4.114,4.124,4.152,
"2018/06/26",4.109,4.116,4.128,4.166,
"2018/06/27",4.107,4.116,4.129,4.17,
"2018/06/28",4.108,4.116,4.129,4.176,
"2018/06/29",4.106,4.117,4.128,4.178,
"2018/07/03",4.108,4.116,4.128,4.178,
"2018/07/04",4.107,4.115,4.127,4.177,
"2018/07/05",4.109,4.113,4.126,4.173,
"2018/07/06",4.113,4.114,4.126,4.171,
"2018/07/09",4.115,4.113,4.125,4.17,
"2018/07/10",4.114,4.116,4.123,4.18,
"2018/07/11",4.113,4.114,4.123,4.18,
"2018/07/12",4.113,4.115,4.122,4.172,
"2018/07/13",4.11,4.111,4.121,4.165,
"2018/07/16",4.11,4.113,4.125,4.167,
"2018/07/17",4.107,4.115,4.123,4.161,
"2018/07/18",4.106,4.112,4.121,4.162,
"2018/07/19",4.107,4.111,4.12,4.16,
"2018/07/23",4.108,4.114,4.124,4.163,
"2018/07/24",4.106,4.114,4.122,4.161,
"2018/07/25",4.105,4.112,4.118,4.16,
"2018/07/26",4.106,4.113,4.118,4.159,
"2018/07/27",4.105,4.112,4.118,4.161,
"2018/07/30",4.105,4.116,4.122,4.164,
"2018/07/31",4.105,4.114,4.123,4.17,
"2018/08/01",4.105,4.117,4.124,4.173,
"2018/08/02",4.106,4.116,4.122,4.174,
"2018/08/03",4.107,4.116,4.124,4.176,
"2018/08/06",4.108,4.114,4.118,4.156,
"2018/08/08",4.109,4.113,4.119,4.153,
"2018/08/09",4.109,4.113,4.122,4.154,
"2018/08/10",4.112,4.113,4.123,4.16,
"2018/08/13",4.108,4.113,4.126,4.161,
"2018/08/14",4.106,4.113,4.125,4.17,
"2018/08/15",4.105,4.114,4.126,4.185,
"2018/08/16",4.106,4.113,4.123,4.176,
"2018/08/17",4.106,4.114,4.126,4.185,
"2018/08/21",4.106,4.114,4.126,4.171,
"2018/08/22",4.106,4.114,4.127,4.171,
"2018/08/23",4.108,4.113,4.126,4.172,
"2018/08/24",4.114,4.114,4.126,4.173,
"2018/08/27",4.117,4.113,4.126,4.177,
"2018/08/28",4.107,4.113,4.126,4.176,
"2018/08/29",4.106,4.113,4.126,4.178,
"2018/08/30",4.105,4.114,4.126,4.183,
"2018/08/31",4.107,4.114,4.127,4.182,
"2018/09/03",4.109,4.115,4.127,4.183,
"2018/09/04",4.112,4.114,4.128,4.182,
"2018/09/05",4.108,4.115,4.127,4.185,
"2018/09/06",4.107,4.114,4.127,4.189,
"2018/09/07",4.108,4.114,4.128,4.191,
"2018/09/10",4.108,4.114,4.13,4.195,
"2018/09/11",4.098,4.113,4.13,4.196,
"2018/09/12",4.099,4.113,4.13,4.203,
"2018/09/13",4.1,4.112,4.131,4.192,
"2018/09/14",4.102,4.112,4.134,4.191,
"2018/09/17",4.103,4.112,4.134,4.199,
"2018/09/18",4.104,4.112,4.134,4.2,
"2018/09/19",4.107,4.112,4.133,4.201,
"2018/09/20",4.107,4.112,4.132,4.203,
"2018/09/21",4.106,4.112,4.132,4.2,
"2018/09/24",4.107,4.112,4.132,4.199,
"2018/09/25",4.105,4.112,4.132,4.198,
"2018/09/26",4.105,4.112,4.135,4.201,
"2018/09/27",4.105,4.112,4.131,4.185,
"2018/09/28",4.103,4.111,4.132,4.191,
"2018/10/01",4.105,4.112,4.135,4.198,
"2018/10/02",4.105,4.112,4.135,4.197,
"2018/10/03",4.106,4.112,4.136,4.195,
"2018/10/04",4.108,4.112,4.137,4.196,
"2018/10/05",4.111,4.112,4.137,4.199,
"2018/10/08",4.11,4.112,4.136,4.203,
"2018/10/09",4.113,4.112,4.135,4.208,
"2018/10/10",4.112,4.112,4.137,4.207,
"2018/10/11",4.112,4.112,4.148,4.209,
"2018/10/12",4.112,4.112,4.15,4.208,
"2018/10/16",4.114,4.114,4.15,4.216,
"2018/10/17",4.114,4.113,4.15,4.221,
"2018/10/18",4.113,4.113,4.156,4.224,
"2018/10/19",4.11,4.113,4.157,4.229,
"2018/10/22",4.111,4.115,4.158,4.23,
"2018/10/23",4.111,4.115,4.157,4.233,
"2018/10/24",4.11,4.114,4.158,4.236,
"2018/10/25",4.11,4.114,4.156,4.235,
"2018/10/26",4.108,4.114,4.159,4.238,
"2018/10/29",4.109,4.114,4.157,4.237,
"2018/10/30",4.11,4.114,4.16,4.24,
"2018/10/31",4.11,4.114,4.158,4.243,
"2018/11/01",4.11,4.114,4.157,4.249,
"2018/11/02",4.111,4.115,4.158,4.258,
"2018/11/06",4.111,4.115,4.165,4.284,
"2018/11/07",4.109,4.116,4.16,4.288,
"2018/11/08",4.108,4.116,4.161,4.285,
"2018/11/09",4.109,4.116,4.165,4.278,
"2018/11/13",4.107,4.117,4.168,4.283,
"2018/11/14",4.106,4.116,4.171,4.286,
"2018/11/15",4.106,4.116,4.177,4.28,
"2018/11/16",4.107,4.115,4.175,4.274,
"2018/11/19",4.108,4.115,4.179,4.275,
"2018/11/20",4.107,4.115,4.179,4.28,
"2018/11/21",4.106,4.114,4.182,4.284,
"2018/11/22",4.106,4.113,4.173,4.276,
"2018/11/23",4.104,4.113,4.161,4.253,
"2018/11/26",4.104,4.112,4.155,4.258,
"2018/11/27",4.102,4.112,4.158,4.263,
"2018/11/28",4.102,4.112,4.162,4.265,
"2018/11/29",4.105,4.112,4.155,4.259,
"2018/11/30",4.106,4.112,4.153,4.26,
"2018/12/03",4.106,4.112,4.153,4.257,
"2018/12/04",4.102,4.112,4.162,4.25,
"2018/12/05",4.105,4.112,4.163,4.247,
"2018/12/06",4.106,4.112,4.155,4.242,
"2018/12/07",4.104,4.112,4.153,4.245,
"2018/12/10",4.103,4.112,4.151,4.246,
"2018/12/11",4.103,4.112,4.15,4.244,
"2018/12/12",4.1,4.112,4.149,4.237,
"2018/12/13",4.093,4.112,4.15,4.234,
"2018/12/14",4.102,4.112,4.154,4.231,
"2018/12/17",4.094,4.112,4.153,4.227,
"2018/12/18",4.095,4.112,4.153,4.224,
"2018/12/19",4.099,4.112,4.151,4.227,
"2018/12/20",4.1,4.112,4.151,4.217,
"2018/12/21",4.1,4.112,4.151,4.216,
"2018/12/24",4.097,4.112,4.148,4.214,
"2018/12/26",4.098,4.111,4.146,4.21,
"2018/12/27",4.099,4.112,4.144,4.206,
"2018/12/28",4.099,4.112,4.143,4.204,
"2019/01/02",4.1,4.112,4.147,4.208,
"2019/01/03",4.1,4.112,4.149,4.213,
"2019/01/04",4.105,4.112,4.151,4.214,
"2019/01/08",4.108,4.113,4.155,4.215,
"2019/01/09",4.105,4.112,4.151,4.215,
"2019/01/10",4.105,4.113,4.152,4.22,
"2019/01/11",4.106,4.112,4.153,4.226,
"2019/01/14",4.106,4.112,4.152,4.226,
"2019/01/15",4.105,4.112,4.15,4.222,
"2019/01/16",4.105,4.112,4.153,4.224,
"2019/01/17",4.106,4.112,4.151,4.23,
"2019/01/18",4.107,4.113,4.15,4.235,
"2019/01/21",4.107,4.113,4.149,4.241,
"2019/01/22",4.108,4.114,4.148,4.248,
"2019/01/23",4.107,4.112,4.145,4.257,
"2019/01/24",4.107,4.112,4.145,4.262,
"2019/01/25",4.107,4.112,4.141,4.255,
"2019/01/28",4.107,4.112,4.14,4.251,
"2019/01/29",4.107,4.112,4.134,4.228,
"2019/01/30",4.107,4.112,4.135,4.214,
"2019/01/31",4.107,4.112,4.132,4.205,
"2019/02/01",4.106,4.112,4.135,4.203,
"2019/02/04",4.106,4.112,4.129,4.208,
"2019/02/05",4.107,4.11,4.134,4.202,
"2019/02/06",4.106,4.111,4.131,4.194,
"2019/02/07",4.11,4.111,4.13,4.195,
"2019/02/08",4.111,4.111,4.133,4.199,
"2019/02/11",4.11,4.112,4.136,4.206,
"2019/02/12",4.11,4.112,4.137,4.203,
"2019/02/13",4.109,4.112,4.138,4.205,
"2019/02/14",4.11,4.112,4.14,4.209,
"2019/02/15",4.109,4.111,4.139,4.2,
"2019/02/18",4.112,4.112,4.141,4.203,
"2019/02/19",4.115,4.112,4.139,4.2,
"2019/02/20",4.111,4.111,4.137,4.195,
"2019/02/21",4.108,4.111,4.14,4.195,
"2019/02/22",4.108,4.111,4.142,4.198,
"2019/02/25",4.109,4.111,4.141,4.205,
"2019/02/26",4.11,4.111,4.141,4.201,
"2019/02/27",4.107,4.111,4.14,4.202,
"2019/02/28",4.107,4.111,4.14,4.208,
"2019/03/01",4.109,4.11,4.138,4.208,
"2019/03/04",4.106,4.111,4.135,4.214,
"2019/03/05",4.105,4.11,4.14,4.217,
"2019/03/06",4.105,4.11,4.134,4.184,
"2019/03/07",4.105,4.111,4.138,4.182,
"2019/03/08",4.107,4.111,4.133,4.181,
"2019/03/11",4.109,4.111,4.135,4.173,
"2019/03/12",4.108,4.111,4.134,4.18,
"2019/03/13",4.105,4.111,4.134,4.18,
"2019/03/14",4.105,4.111,4.137,4.185,
"2019/03/15",4.104,4.112,4.134,4.185,
"2019/03/18",4.104,4.112,4.139,4.184,
"2019/03/19",4.105,4.111,4.138,4.184,
"2019/03/20",4.107,4.111,4.137,4.183,
"2019/03/21",4.11,4.111,4.135,4.187,
"2019/03/22",4.108,4.111,4.135,4.184,
"2019/03/26",4.108,4.111,4.135,4.18,
"2019/03/27",4.109,4.112,4.135,4.183,
"2019/03/28",4.108,4.112,4.131,4.178,
"2019/03/29",4.11,4.112,4.136,4.181,
"2019/04/01",4.107,4.112,4.136,4.183,
"2019/04/02",4.107,4.113,4.141,4.193,
"2019/04/03",4.105,4.112,4.148,4.196,
"2019/04/04",4.107,4.113,4.144,4.195,
"2019/04/05",4.106,4.112,4.139,4.189,
"2019/04/08",4.106,4.112,4.14,4.191,
"2019/04/09",4.106,4.113,4.137,4.196,
"2019/04/10",4.107,4.112,4.137,4.196,
"2019/04/11",4.109,4.111,4.135,4.198,
"2019/04/12",4.108,4.112,4.139,4.199,
"2019/04/15",4.11,4.111,4.138,4.206,
"2019/04/16",4.11,4.111,4.14,4.2,
"2019/04/17",4.105,4.11,4.136,4.207,
"2019/04/22",4.106,4.111,4.135,4.199,
"2019/04/23",4.106,4.111,4.135,4.207,
"2019/04/24",4.106,4.112,4.135,4.203,
"2019/04/25",4.106,4.112,4.135,4.211,
"2019/04/26",4.108,4.112,4.134,4.204,
"2019/04/29",4.106,4.111,4.135,4.197,
"2019/04/30",4.106,4.112,4.135,4.193,
"2019/05/02",4.108,4.112,4.136,4.201,
"2019/05/03",4.109,4.112,4.135,4.194,
"2019/05/06",4.109,4.112,4.141,4.201,
"2019/05/07",4.11,4.112,4.139,4.2,
"2019/05/08",4.11,4.112,4.14,4.2,
"2019/05/09",4.112,4.112,4.136,4.198,
"2019/05/10",4.11,4.112,4.136,4.197,
"2019/05/13",4.11,4.111,4.136,4.197,
"2019/05/14",4.109,4.112,4.135,4.197,
"2019/05/15",4.11,4.112,4.135,4.195,
"2019/05/16",4.111,4.112,4.133,4.19,
"2019/05/17",4.112,4.112,4.128,4.185,
"2019/05/20",4.112,4.112,4.131,4.18,
"2019/05/21",4.113,4.112,4.132,4.18,
"2019/05/22",4.113,4.112,4.131,4.177,
"2019/05/23",4.115,4.112,4.132,4.176,
"2019/05/24",4.117,4.112,4.131,4.173,
"2019/05/27",4.116,4.112,4.131,4.17,
"2019/05/28",4.117,4.112,4.131,4.171,
"2019/05/29",4.114,4.112,4.129,4.157,
"2019/05/30",4.113,4.113,4.126,4.157,
"2019/05/31",4.113,4.113,4.126,4.157,
"2019/06/04",4.115,4.112,4.131,4.154,
"2019/06/05",4.116,4.111,4.128,4.152,
"2019/06/06",4.117,4.111,4.127,4.15,
"2019/06/07",4.118,4.112,4.126,4.15,
"2019/06/10",4.116,4.112,4.116,4.115,
"2019/06/11",4.111,4.112,4.093,4.065,
"2019/06/12",4.112,4.11,4.078,4.04,
"2019/06/13",4.112,4.11,4.069,4.03,
"2019/06/14",4.112,4.109,4.075,4.03,
"2019/06/17",4.112,4.11,4.072,4.035,
"2019/06/18",4.111,4.11,4.071,4.043,
"2019/06/19",4.111,4.11,4.068,4.043,
"2019/06/20",4.11,4.11,4.05,4.02,
"2019/06/21",4.109,4.109,4.03,3.995,
"2019/06/25",4.108,4.11,4.068,4.07,
"2019/06/26",4.109,4.11,4.085,4.076,
"2019/06/27",4.108,4.11,4.093,4.093,
"2019/06/28",4.111,4.111,4.095,4.093,
"2019/07/02",4.114,4.11,4.093,4.08,
"2019/07/03",4.113,4.11,4.083,4.073,
"2019/07/04",4.112,4.11,4.085,4.07,
"2019/07/05",4.112,4.112,4.091,4.081,
"2019/07/08",4.11,4.112,4.1,4.1,
"2019/07/09",4.109,4.111,4.103,4.1,
"2019/07/10",4.109,4.112,4.103,4.1,
"2019/07/11",4.11,4.113,4.103,4.103,
"2019/07/12",4.109,4.11,4.103,4.103,
"2019/07/15",4.109,4.109,4.098,4.098,
"2019/07/16",4.109,4.107,4.1,4.1,
"2019/07/17",4.11,4.105,4.1,4.1,
"2019/07/18",4.109,4.103,4.1,4.099,
"2019/07/19",4.111,4.103,4.097,4.099,
"2019/07/22",4.111,4.103,4.099,4.094,
"2019/07/23",4.111,4.102,4.096,4.09,
"2019/07/24",4.113,4.101,4.096,4.09,
"2019/07/25",4.115,4.103,4.096,4.09,
"2019/07/26",4.117,4.102,4.096,4.091,
"2019/07/29",4.117,4.11,4.108,4.101,
"2019/07/30",4.117,4.113,4.11,4.106,
"2019/07/31",4.118,4.113,4.113,4.109,
"2019/08/01",4.12,4.114,4.116,4.114,
"2019/08/02",4.12,4.116,4.116,4.114,
"2019/08/05",4.119,4.115,4.124,4.124,
"2019/08/06",4.121,4.115,4.126,4.128,
"2019/08/08",4.119,4.114,4.125,4.128,
"2019/08/09",4.119,4.113,4.125,4.13,
"2019/08/12",4.119,4.114,4.126,4.132,
"2019/08/13",4.119,4.115,4.126,4.134,
"2019/08/14",4.119,4.117,4.127,4.139,
"2019/08/15",4.121,4.115,4.127,4.139,
"2019/08/16",4.12,4.115,4.127,4.137,
"2019/08/20",4.123,4.117,4.128,4.135,
"2019/08/21",4.121,4.116,4.127,4.134,
"2019/08/22",4.119,4.119,4.13,4.141,
"2019/08/23",4.122,4.119,4.131,4.143,
"2019/08/26",4.123,4.119,4.134,4.148,
"2019/08/27",4.123,4.12,4.135,4.153,
"2019/08/28",4.123,4.125,4.133,4.156,
"2019/08/29",4.125,4.121,4.138,4.155,
"2019/08/30",4.124,4.12,4.133,4.153,
"2019/09/02",4.12,4.122,4.139,4.156,
"2019/09/03",4.114,4.127,4.141,4.158,
"2019/09/04",4.113,4.124,4.141,4.159,
"2019/09/05",4.114,4.123,4.135,4.159,
"2019/09/06",4.115,4.124,4.13,4.146,
"2019/09/09",4.112,4.125,4.129,4.144,
"2019/09/10",4.11,4.125,4.135,4.146,
"2019/09/11",4.107,4.123,4.135,4.148,
"2019/09/12",4.105,4.118,4.13,4.147,
"2019/09/13",4.106,4.115,4.128,4.149,
"2019/09/16",4.105,4.113,4.129,4.149,
"2019/09/17",4.106,4.113,4.127,4.15,
"2019/09/18",4.106,4.113,4.129,4.146,
"2019/09/19",4.106,4.113,4.127,4.144,
"2019/09/20",4.105,4.113,4.126,4.146,
"2019/09/23",4.105,4.113,4.127,4.148,
"2019/09/24",4.105,4.113,4.127,4.148,
"2019/09/25",4.105,4.113,4.127,4.148,
"2019/09/26",4.106,4.113,4.126,4.147,
"2019/09/27",4.106,4.112,4.126,4.148,
"2019/09/30",4.106,4.115,4.127,4.149,
"2019/10/01",4.106,4.112,4.126,4.149,
"2019/10/02",4.105,4.113,4.131,4.149,
"2019/10/03",4.105,4.115,4.126,4.148,
"2019/10/04",4.106,4.112,4.126,4.142,
"2019/10/07",4.106,4.113,4.133,4.149,
"2019/10/08",4.105,4.114,4.14,4.152,
"2019/10/09",4.106,4.114,4.135,4.157,
"2019/10/10",4.106,4.113,4.138,4.162,
"2019/10/11",4.106,4.114,4.135,4.169,
"2019/10/15",4.106,4.114,4.141,4.193,
"2019/10/16",4.106,4.117,4.145,4.215,
"2019/10/17",4.105,4.115,4.14,4.2,
"2019/10/18",4.107,4.115,4.137,4.181,
"2019/10/21",4.107,4.117,4.141,4.185,
"2019/10/22",4.107,4.119,4.139,4.178,
"2019/10/23",4.109,4.116,4.136,4.18,
"2019/10/24",4.11,4.119,4.135,4.174,
"2019/10/25",4.112,4.119,4.137,4.176,
"2019/10/28",4.113,4.12,4.141,4.181,
"2019/10/29",4.11,4.119,4.137,4.18,
"2019/10/30",4.11,4.117,4.14,4.194,
"2019/10/31",4.112,4.115,4.139,4.203,
"2019/11/01",4.11,4.114,4.138,4.193,
"2019/11/05",4.11,4.114,4.146,4.22,
"2019/11/06",4.107,4.116,4.142,4.22,
"2019/11/07",4.107,4.115,4.145,4.223,
"2019/11/08",4.106,4.118,4.144,4.228,
"2019/11/12",4.105,4.116,4.144,4.231,
"2019/11/13",4.106,4.115,4.151,4.243,
"2019/11/14",4.106,4.114,4.149,4.232,
"2019/11/15",4.106,4.114,4.146,4.226,
"2019/11/18",4.105,4.114,4.146,4.231,
"2019/11/19",4.106,4.113,4.146,4.232,
"2019/11/20",4.107,4.115,4.148,4.233,
"2019/11/21",4.109,4.113,4.148,4.231,
"2019/11/22",4.111,4.115,4.144,4.227,
"2019/11/25",4.11,4.114,4.144,4.23,
"2019/11/26",4.113,4.113,4.14,4.222,
"2019/11/27",4.113,4.113,4.137,4.212,
"2019/11/28",4.113,4.117,4.136,4.208,
"2019/11/29",4.109,4.113,4.136,4.201,
"2019/12/02",4.11,4.117,4.135,4.205,
"2019/12/03",4.111,4.113,4.14,4.205,
"2019/12/04",4.11,4.114,4.142,4.202,
"2019/12/05",4.112,4.114,4.141,4.205,
"2019/12/06",4.113,4.114,4.138,4.196,
"2019/12/09",4.109,4.113,4.138,4.195,
"2019/12/10",4.106,4.115,4.141,4.198,
"2019/12/11",4.105,4.113,4.134,4.189,
"2019/12/12",4.105,4.113,4.135,4.187,
"2019/12/13",4.104,4.113,4.134,4.185,
"2019/12/16",4.105,4.113,4.137,4.186,
"2019/12/17",4.105,4.113,4.132,4.186,
"2019/12/18",4.106,4.113,4.133,4.185,
"2019/12/19",4.106,4.113,4.137,4.2,
"2019/12/20",4.106,4.112,4.138,4.201,
"2019/12/23",4.105,4.112,4.139,4.2,
"2019/12/24",4.103,4.112,4.134,4.197,
"2019/12/26",4.107,4.112,4.135,4.199,
"2019/12/27",4.109,4.112,4.132,4.195,
"2019/12/30",4.111,4.112,4.134,4.194,
"2020/01/02",4.114,4.114,4.134,4.199,
"2020/01/03",4.116,4.114,4.132,4.2,
"2020/01/07",4.112,4.118,4.139,4.2,
"2020/01/08",4.109,4.119,4.14,4.194,
"2020/01/09",4.11,4.114,4.135,4.191,
"2020/01/10",4.112,4.116,4.14,4.192,
"2020/01/13",4.11,4.114,4.138,4.189,
"2020/01/14",4.107,4.114,4.143,4.19,
"2020/01/15",4.107,4.114,4.139,4.185,
"2020/01/16",4.107,4.114,4.139,4.184,
"2020/01/17",4.107,4.114,4.14,4.185,
"2020/01/20",4.105,4.115,4.137,4.185,
"2020/01/21",4.107,4.114,4.138,4.188,
"2020/01/22",4.107,4.115,4.137,4.187,
"2020/01/23",4.108,4.115,4.139,4.184,
"2020/01/24",4.108,4.117,4.136,4.184,
"2020/01/27",4.109,4.116,4.137,4.181,
"2020/01/28",4.109,4.117,4.136,4.181,
"2020/01/29",4.109,4.115,4.135,4.175,
"2020/01/30",4.107,4.114,4.136,4.176,
"2020/01/31",4.109,4.115,4.134,4.178,
"2020/02/03",4.109,4.114,4.137,4.178,
"2020/02/04",4.107,4.115,4.133,4.173,
"2020/02/05",4.108,4.114,4.135,4.17,
"2020/02/06",4.108,4.115,4.134,4.161,
"2020/02/07",4.108,4.114,4.134,4.16,
"2020/02/10",4.106,4.115,4.132,4.161,
"2020/02/11",4.107,4.114,4.131,4.16,
"2020/02/12",4.105,4.114,4.13,4.152,
"2020/02/13",4.106,4.114,4.13,4.158,
"2020/02/14",4.106,4.115,4.129,4.163,
"2020/02/17",4.108,4.113,4.128,4.162,
"2020/02/18",4.106,4.114,4.127,4.167,
"2020/02/19",4.105,4.113,4.128,4.167,
"2020/02/20",4.108,4.114,4.129,4.166,
"2020/02/21",4.106,4.114,4.13,4.164,
"2020/02/24",4.105,4.115,4.129,4.157,
"2020/02/25",4.105,4.115,4.129,4.155,
"2020/02/26",4.106,4.113,4.128,4.152,
"2020/02/27",4.105,4.115,4.129,4.156,
"2020/02/28",4.108,4.115,4.128,4.158,
"2020/03/02",4.108,4.114,4.127,4.148,
"2020/03/03",4.105,4.111,4.12,4.135,
"2020/03/04",4.108,4.108,4.092,3.964,
"2020/03/05",4.107,4.103,4.073,3.975,
"2020/03/06",4.107,4.109,4.113,4.073,
"2020/03/09",4.109,4.112,4.128,4.143,
"2020/03/10",4.11,4.112,4.126,4.139,
"2020/03/11",4.107,4.123,4.126,4.163,
"2020/03/12",4.105,4.118,4.138,4.183,
"2020/03/13",4.107,4.117,4.133,4.183,
"2020/03/16",4.107,4.114,4.128,4.182,
"2020/03/17",4.103,4.109,4.11,4.127,
"2020/03/18",4.095,4.11,4.11,4.134,
"2020/03/19",4.087,4.1,4.097,4.135,
"2020/03/20",4.045,4.063,3.917,3.845,
"2020/03/24",4.01,3.995,3.89,3.775,
"2020/03/25",3.975,3.815,3.544,3.46,
"2020/03/26",3.905,3.793,3.425,3.225,
"2020/03/27",3.78,3.735,3.395,3.17,
"2020/03/30",3.6,3.6,3.305,3.141,
"2020/03/31",3.555,3.535,3.285,3.12,
"2020/04/01",3.533,3.548,3.293,3.195,
"2020/04/02",3.6,3.538,3.295,3.305,
"2020/04/03",3.593,3.485,3.292,3.305,
"2020/04/06",3.5,3.482,3.285,3.295,
"2020/04/07",3.461,3.458,3.269,3.287,
"2020/04/08",3.465,3.45,3.263,3.265,
"2020/04/13",3.408,3.41,3.258,3.245,
"2020/04/14",3.48,3.378,3.196,3.196,
"2020/04/15",3.52,3.335,3.11,3.11,
"2020/04/16",3.563,3.305,3.077,3.08,
"2020/04/17",3.591,3.24,3.015,2.998,
"2020/04/20",3.59,3.195,2.991,2.968,
"2020/04/21",3.605,3.184,2.98,2.954,
"2020/04/22",3.61,3.212,2.967,2.922,
"2020/04/23",3.603,3.161,2.93,2.851,
"2020/04/24",3.59,3.153,2.9,2.818,
"2020/04/27",3.56,3.115,2.89,2.755,
"2020/04/28",3.562,3.12,2.885,2.775,
"2020/04/29",3.595,3.093,2.853,2.76,
"2020/04/30",3.625,3.085,2.87,2.768,
"2020/05/04",3.153,3.1,2.88,2.769,
"2020/05/05",3.155,3.073,2.855,2.746,
"2020/05/06",3.158,3.083,2.828,2.69,
"2020/05/07",3.165,3.02,2.805,2.6,
"2020/05/08",3.156,2.965,2.708,2.545,
"2020/05/11",3.15,2.945,2.67,2.498,
"2020/05/12",3.123,2.93,2.65,2.51,
"2020/05/13",3.115,2.92,2.665,2.54,
"2020/05/14",3.133,2.901,2.648,2.478,
"2020/05/15",3.128,2.893,2.628,2.485,
"2020/05/18",3.123,2.878,2.613,2.473,
"2020/05/19",3.133,2.876,2.575,2.455,
"2020/05/20",3.128,2.835,2.545,2.408,
"2020/05/21",3.11,2.803,2.5,2.36,
"2020/05/22",3.097,2.776,2.485,2.355,
"2020/05/26",3.069,2.758,2.485,2.337,
"2020/05/27",3.113,2.75,2.488,2.356,
"2020/05/28",3.125,2.68,2.475,2.365,
"2020/05/29",3.153,2.676,2.49,2.38,
"2020/06/01",2.679,2.671,2.47,2.408,
"2020/06/02",2.681,2.62,2.47,2.385,
"2020/06/03",2.689,2.62,2.475,2.393,
"2020/06/04",2.693,2.623,2.478,2.407,
"2020/06/05",2.674,2.614,2.49,2.438,
"2020/06/08",2.668,2.601,2.46,2.358,
"2020/06/09",2.665,2.573,2.41,2.37,
"2020/06/10",2.663,2.56,2.395,2.346,
"2020/06/11",2.655,2.55,2.368,2.365,
"2020/06/12",2.671,2.526,2.349,2.345,
"2020/06/16",2.66,2.511,2.325,2.323,
"2020/06/17",2.658,2.485,2.35,2.308,
"2020/06/18",2.669,2.463,2.333,2.292,
"2020/06/19",2.681,2.433,2.319,2.279,
"2020/06/23",2.682,2.38,2.322,2.276,
"2020/06/24",2.679,2.363,2.3,2.253,
"2020/06/25",2.679,2.341,2.268,2.23,
"2020/06/26",2.681,2.339,2.248,2.213,
"2020/06/30",2.689,2.3,2.223,2.198,
"2020/07/01",2.435,2.373,2.245,2.23,
"2020/07/02",2.436,2.38,2.248,2.215,
"2020/07/03",2.429,2.37,2.228,2.195,
"2020/07/06",2.428,2.335,2.188,2.14,
"2020/07/07",2.418,2.31,2.165,2.115,
"2020/07/08",2.42,2.306,2.168,2.098,
"2020/07/09",2.424,2.314,2.115,2.06,
"2020/07/10",2.425,2.298,2.144,2.073,
"2020/07/13",2.429,2.29,2.15,2.072,
"2020/07/14",2.433,2.298,2.175,2.073,
"2020/07/15",2.435,2.29,2.16,2.07,
"2020/07/16",2.428,2.3,2.161,2.064,
"2020/07/17",2.425,2.278,2.16,2.065,
"2020/07/21",2.425,2.271,2.15,2.05,
"2020/07/22",2.435,2.263,2.14,2.055,
"2020/07/23",2.43,2.262,2.14,2.05,
"2020/07/24",2.422,2.263,2.14,2.07,
"2020/07/27",2.413,2.228,2.113,2.058,
"2020/07/28",2.411,2.229,2.105,2.053,
"2020/07/29",2.411,2.223,2.097,2.041,
"2020/07/30",2.402,2.213,2.102,2.035,
"2020/07/31",2.394,2.208,2.095,2.025,
"2020/08/03",2.177,2.181,2.065,2.013,
"2020/08/04",2.156,2.15,2.035,1.97,
"2020/08/05",2.165,2.128,2.009,1.945,
"2020/08/06",2.166,2.134,2.029,1.99,
"2020/08/10",2.165,2.105,2.009,1.953,
"2020/08/11",2.165,2.086,2.015,1.96,
"2020/08/12",2.165,2.088,2.025,1.988,
"2020/08/13",2.164,2.098,2.03,1.993,
"2020/08/14",2.161,2.088,2.045,2.003,
"2020/08/18",2.16,2.078,2.023,1.987,
"2020/08/19",2.161,2.05,2.015,1.98,
"2020/08/20",2.16,2.038,2,1.975,
"2020/08/21",2.16,2.029,2,1.975,
"2020/08/24",2.171,2.009,2.015,1.982,
"2020/08/25",2.172,2.013,2.023,1.983,
"2020/08/26",2.171,2.01,2.023,1.982,
"2020/08/27",2.171,2.007,2.026,1.976,
"2020/08/28",2.168,2.002,2.024,1.97,
"2020/08/31",2.172,2,2.019,1.973,
"2020/09/01",1.935,1.968,1.918,1.928,
"2020/09/02",1.94,1.95,1.895,1.885,
"2020/09/03",1.943,1.95,1.888,1.875,
"2020/09/04",1.951,1.949,1.9,1.881,
"2020/09/07",1.952,1.928,1.875,1.865,
"2020/09/08",1.953,1.928,1.875,1.843,
"2020/09/09",1.947,1.918,1.845,1.843,
"2020/09/10",1.939,1.919,1.838,1.82,
"2020/09/11",1.933,1.91,1.838,1.808,
"2020/09/14",1.928,1.91,1.839,1.809,
"2020/09/15",1.941,1.905,1.835,1.803,
"2020/09/16",1.944,1.902,1.834,1.802,
"2020/09/17",1.946,1.901,1.838,1.8,
"2020/09/18",1.95,1.893,1.82,1.797,
"2020/09/21",1.95,1.882,1.82,1.799,
"2020/09/22",1.952,1.875,1.808,1.774,
"2020/09/23",1.95,1.863,1.795,1.774,
"2020/09/24",1.952,1.853,1.78,1.779,
"2020/09/25",1.954,1.838,1.773,1.774,
"2020/09/28",1.714,1.712,1.703,1.703,
"2020/09/29",1.718,1.71,1.7,1.705,
"2020/09/30",1.717,1.711,1.702,1.705,
"2020/10/01",1.711,1.71,1.701,1.706,
"2020/10/02",1.713,1.707,1.694,1.703,
"2020/10/05",1.712,1.705,1.692,1.701,
"2020/10/06",1.708,1.712,1.7,1.704,
"2020/10/07",1.705,1.711,1.69,1.702,
"2020/10/08",1.71,1.711,1.696,1.707,
"2020/10/09",1.703,1.711,1.68,1.68,
"2020/10/13",1.705,1.711,1.678,1.678,
"2020/10/14",1.708,1.71,1.68,1.68,
"2020/10/15",1.71,1.711,1.679,1.674,
"2020/10/16",1.711,1.712,1.675,1.661,
"2020/10/19",1.711,1.714,1.688,1.675,
"2020/10/20",1.712,1.712,1.703,1.693,
"2020/10/21",1.712,1.713,1.698,1.67,
"2020/10/22",1.71,1.714,1.688,1.67,
"2020/10/23",1.708,1.712,1.691,1.686,
"2020/10/26",1.71,1.713,1.708,1.675,
"2020/10/27",1.711,1.718,1.695,1.668,
"2020/10/28",1.709,1.712,1.693,1.673,
"2020/10/29",1.707,1.71,1.685,1.67,
"2020/10/30",1.704,1.709,1.685,1.674,
"2020/11/03",1.707,1.71,1.701,1.699,
"2020/11/04",1.705,1.711,1.705,1.705,
"2020/11/05",1.704,1.716,1.705,1.69,
"2020/11/06",1.697,1.71,1.692,1.675,
"2020/11/09",1.707,1.71,1.693,1.686,
"2020/11/10",1.712,1.713,1.701,1.69,
"2020/11/11",1.709,1.714,1.71,1.695,
"2020/11/12",1.707,1.714,1.71,1.705,
"2020/11/13",1.707,1.714,1.708,1.702,
"2020/11/17",1.709,1.711,1.705,1.709,
"2020/11/18",1.7,1.72,1.711,1.711,
"2020/11/19",1.707,1.717,1.71,1.715,
"2020/11/20",1.709,1.717,1.709,1.714,
"2020/11/23",1.709,1.722,1.71,1.718,
"2020/11/24",1.704,1.722,1.708,1.72,
"2020/11/25",1.711,1.716,1.711,1.717,
"2020/11/26",1.712,1.714,1.707,1.723,
"2020/11/27",1.711,1.718,1.716,1.722,
"2020/11/30",1.711,1.714,1.713,1.726,
"2020/12/01",1.712,1.714,1.716,1.726,
"2020/12/02",1.713,1.723,1.718,1.73,
"2020/12/03",1.713,1.717,1.719,1.731,
"2020/12/04",1.713,1.718,1.708,1.72,
"2020/12/07",1.716,1.712,1.699,1.7,
"2020/12/09",1.713,1.713,1.703,1.703,
"2020/12/10",1.711,1.714,1.704,1.701,
"2020/12/11",1.711,1.712,1.706,1.714,
"2020/12/14",1.71,1.714,1.7,1.709,
"2020/12/15",1.712,1.714,1.71,1.71,
"2020/12/16",1.713,1.714,1.715,1.713,
"2020/12/17",1.711,1.715,1.708,1.712,
"2020/12/18",1.711,1.715,1.7,1.712,
"2020/12/21",1.711,1.712,1.707,1.691,
"2020/12/22",1.711,1.711,1.712,1.677,
"2020/12/23",1.712,1.712,1.7,1.68,
"2020/12/24",1.711,1.712,1.693,1.678,
"2020/12/28",1.712,1.712,1.693,1.68,
"2020/12/29",1.706,1.712,1.695,1.68,
"2020/12/30",1.702,1.712,1.693,1.68,
"2021/01/04",1.697,1.708,1.675,1.664,
"2021/01/05",1.686,1.701,1.658,1.662,
"2021/01/06",1.685,1.7,1.649,1.673,
"2021/01/07",1.691,1.695,1.652,1.66,
"2021/01/08",1.69,1.698,1.661,1.673,
"2021/01/12",1.695,1.701,1.646,1.645,
"2021/01/13",1.693,1.698,1.654,1.637,
"2021/01/14",1.693,1.698,1.648,1.635,
"2021/01/15",1.692,1.698,1.646,1.627,
"2021/01/18",1.698,1.697,1.632,1.619,
"2021/01/19",1.694,1.692,1.6,1.59,
"2021/01/20",1.691,1.668,1.596,1.582,
"2021/01/21",1.693,1.658,1.618,1.605,
"2021/01/22",1.696,1.66,1.627,1.613,
"2021/01/25",1.699,1.658,1.631,1.617,
"2021/01/26",1.7,1.67,1.634,1.612,
"2021/01/27",1.704,1.678,1.645,1.635,
"2021/01/28",1.706,1.683,1.653,1.649,
"2021/01/29",1.705,1.686,1.659,1.655,
"2021/02/01",1.711,1.7,1.69,1.69,
"2021/02/02",1.712,1.698,1.687,1.68,
"2021/02/03",1.712,1.704,1.688,1.683,
"2021/02/04",1.711,1.705,1.68,1.67,
"2021/02/05",1.712,1.706,1.694,1.68,
"2021/02/08",1.712,1.706,1.701,1.68,
"2021/02/09",1.712,1.712,1.688,1.68,
"2021/02/10",1.711,1.706,1.705,1.68,
"2021/02/11",1.711,1.712,1.7,1.69,
"2021/02/12",1.712,1.711,1.7,1.69,
"2021/02/15",1.712,1.706,1.67,1.684,
"2021/02/16",1.711,1.706,1.7,1.68,
"2021/02/17",1.711,1.713,1.69,1.69,
"2021/02/18",1.711,1.713,1.69,1.69,
"2021/02/19",1.711,1.713,1.702,1.7,
"2021/02/22",1.71,1.711,1.7,1.7,
"2021/02/23",1.707,1.71,1.698,1.69,
"2021/02/24",1.707,1.713,1.7,1.695,
"2021/02/25",1.705,1.709,1.69,1.695,
"2021/02/26",1.699,1.713,1.693,1.693,
"2021/03/01",1.696,1.713,1.69,1.69,
"2021/03/02",1.692,1.71,1.695,1.692,
"2021/03/03",1.692,1.71,1.694,1.695,
"2021/03/04",1.694,1.709,1.709,1.704,
"2021/03/05",1.697,1.7,1.702,1.705,
"2021/03/08",1.692,1.706,1.7,1.709,
"2021/03/09",1.686,1.713,1.7,1.707,
"2021/03/10",1.679,1.706,1.703,1.699,
"2021/03/11",1.668,1.713,1.696,1.695,
"2021/03/12",1.62,1.713,1.694,1.7,
"2021/03/15",1.614,1.709,1.693,1.698,
"2021/03/16",1.63,1.699,1.688,1.7,
"2021/03/17",1.655,1.699,1.686,1.705,
"2021/03/18",1.668,1.705,1.688,1.719,
"2021/03/19",1.672,1.707,1.705,1.733,
"2021/03/23",1.67,1.703,1.703,1.741,
"2021/03/24",1.68,1.708,1.706,1.756,
"2021/03/25",1.68,1.713,1.72,1.795,
"2021/03/26",1.68,1.708,1.718,1.815,
"2021/03/29",1.677,1.712,1.725,1.836,
"2021/03/30",1.688,1.709,1.74,1.871,
"2021/03/31",1.682,1.704,1.736,1.87,
"2021/04/05",1.685,1.703,1.73,1.865,
"2021/04/06",1.684,1.7,1.72,1.84,
"2021/04/07",1.688,1.7,1.718,1.823,
"2021/04/08",1.69,1.698,1.708,1.818,
"2021/04/09",1.696,1.705,1.708,1.815,
"2021/04/12",1.688,1.708,1.715,1.82,
"2021/04/13",1.692,1.707,1.715,1.815,
"2021/04/14",1.696,1.7,1.705,1.805,
"2021/04/15",1.693,1.697,1.702,1.787,
"2021/04/16",1.693,1.688,1.696,1.789,
"2021/04/19",1.7,1.695,1.701,1.792,
"2021/04/20",1.7,1.7,1.705,1.797,
"2021/04/21",1.703,1.708,1.708,1.808,
"2021/04/22",1.708,1.71,1.708,1.815,
"2021/04/23",1.709,1.71,1.711,1.815,
"2021/04/26",1.71,1.711,1.714,1.813,
"2021/04/27",1.71,1.711,1.715,1.813,
"2021/04/28",1.706,1.712,1.716,1.828,
"2021/04/29",1.711,1.701,1.707,1.829,
"2021/04/30",1.715,1.706,1.71,1.833,
"2021/05/03",1.716,1.711,1.735,1.9,
"2021/05/04",1.717,1.714,1.732,1.918,
"2021/05/05",1.716,1.714,1.754,1.968,
"2021/05/06",1.716,1.714,1.763,1.97,
"2021/05/07",1.716,1.714,1.764,1.973,
"2021/05/10",1.71,1.714,1.77,1.973,
"2021/05/11",1.709,1.712,1.783,1.981,
"2021/05/12",1.714,1.712,1.768,1.995,
"2021/05/13",1.714,1.712,1.758,1.965,
"2021/05/14",1.714,1.711,1.75,1.94,
"2021/05/18",1.715,1.711,1.75,1.942,
"2021/05/19",1.717,1.717,1.755,1.958,
"2021/05/20",1.721,1.718,1.773,2.012,
"2021/05/21",1.725,1.721,1.813,2.078,
"2021/05/24",1.719,1.724,1.818,2.122,
"2021/05/25",1.722,1.72,1.809,2.088,
"2021/05/26",1.722,1.719,1.808,2.055,
"2021/05/27",1.725,1.719,1.798,2.048,
"2021/05/28",1.726,1.718,1.808,2.025,
"2021/05/31",1.716,1.72,1.8,2.028,
"2021/06/01",1.715,1.718,1.813,2.025,
"2021/06/02",1.718,1.715,1.81,2.018,
"2021/06/03",1.721,1.718,1.816,2.021,
"2021/06/04",1.718,1.715,1.82,2.018,
"2021/06/08",1.717,1.715,1.833,2.078,
"2021/06/09",1.714,1.712,1.828,2.022,
"2021/06/10",1.712,1.712,1.838,2.02,
"2021/06/11",1.713,1.714,1.837,2.033,
"2021/06/15",1.713,1.715,1.841,2.056,
"2021/06/16",1.712,1.715,1.841,2.073,
"2021/06/17",1.712,1.72,1.86,2.073,
"2021/06/18",1.712,1.718,1.86,2.095,
"2021/06/21",1.712,1.733,1.885,2.138,
"2021/06/22",1.711,1.731,1.91,2.171,
"2021/06/23",1.712,1.735,1.89,2.21,
"2021/06/24",1.712,1.74,1.924,2.194,
"2021/06/25",1.712,1.745,1.95,2.253,
"2021/06/28",1.712,1.739,2.026,2.358,
"2021/06/29",1.712,1.72,1.885,2.175,
"2021/06/30",1.712,1.718,1.883,2.206,
"2021/07/01",1.711,1.718,1.876,2.2,
"2021/07/02",1.712,1.723,1.888,2.276,
"2021/07/06",1.714,1.715,1.885,2.285,
"2021/07/07",1.713,1.716,1.88,2.275,
"2021/07/08",1.714,1.714,1.88,2.274,
"2021/07/09",1.712,1.713,1.853,2.222,
"2021/07/12",1.712,1.71,1.806,2.18,
"2021/07/13",1.714,1.711,1.81,2.208,
"2021/07/14",1.713,1.714,1.82,2.223,
"2021/07/15",1.714,1.713,1.835,2.233,
"2021/07/16",1.715,1.71,1.82,2.208,
"2021/07/19",1.717,1.712,1.8,2.12,
"2021/07/21",1.716,1.709,1.804,2.128,
"2021/07/22",1.716,1.71,1.802,2.105,
"2021/07/23",1.716,1.709,1.81,2.098,
"2021/07/26",1.716,1.71,1.811,2.095,
"2021/07/27",1.716,1.709,1.816,2.105,
"2021/07/28",1.715,1.713,1.835,2.123,
"2021/07/29",1.712,1.712,1.82,2.12,
"2021/07/30",1.712,1.713,1.825,2.102,
"2021/08/02",1.712,1.72,1.831,2.131,
"2021/08/03",1.714,1.714,1.83,2.146,
"2021/08/04",1.714,1.718,1.84,2.159,
"2021/08/05",1.714,1.715,1.855,2.185,
"2021/08/06",1.714,1.733,1.885,2.248,
"2021/08/09",1.713,1.733,1.9,2.278,
"2021/08/10",1.713,1.738,1.913,2.331,
"2021/08/11",1.713,1.73,1.91,2.295,
"2021/08/12",1.713,1.725,1.886,2.286,
"2021/08/13",1.713,1.724,1.895,2.29,
"2021/08/17",1.714,1.723,1.898,2.294,
"2021/08/18",1.714,1.73,1.908,2.298,
"2021/08/19",1.714,1.733,1.935,2.328,
"2021/08/20",1.714,1.729,1.928,2.335,
"2021/08/23",1.714,1.743,1.977,2.355,
"2021/08/24",1.717,1.738,1.983,2.358,
"2021/08/25",1.717,1.738,1.971,2.36,
"2021/08/26",1.719,1.732,1.978,2.343,
"2021/08/27",1.721,1.735,1.975,2.36,
"2021/08/30",1.72,1.738,1.993,2.352,
"2021/08/31",1.719,1.74,1.982,2.365,
"2021/09/01",1.721,1.748,2.04,2.404,
"2021/09/02",1.724,1.77,2.105,2.465,
"2021/09/03",1.727,1.77,2.116,2.523,
"2021/09/06",1.728,1.77,2.12,2.5,
"2021/09/07",1.725,1.796,2.154,2.571,
"2021/09/08",1.716,1.831,2.145,2.603,
"2021/09/09",1.711,1.872,2.17,2.666,
"2021/09/10",1.711,1.865,2.165,2.705,
"2021/09/13",1.715,1.85,2.16,2.665,
"2021/09/14",1.719,1.863,2.168,2.673,
"2021/09/15",1.722,1.863,2.164,2.625,
"2021/09/16",1.727,1.876,2.183,2.663,
"2021/09/17",1.731,1.87,2.19,2.673,
"2021/09/20",1.733,1.879,2.205,2.728,
"2021/09/21",1.734,1.907,2.24,2.76,
"2021/09/22",1.735,1.933,2.261,2.773,
"2021/09/23",1.735,1.988,2.33,2.836,
"2021/09/24",1.738,1.996,2.335,2.87,
"2021/09/27",1.741,2.025,2.405,2.925,
"2021/09/28",1.743,2.05,2.418,2.95,
"2021/09/29",1.744,2.043,2.4,2.925,
"2021/09/30",1.745,2.035,2.39,2.93,
"2021/10/01",1.973,2.01,2.38,2.916,
"2021/10/04",1.979,2.03,2.398,2.94,
"2021/10/05",1.98,2.039,2.43,3,
"2021/10/06",1.976,2.06,2.456,3.043,
"2021/10/07",1.975,2.048,2.46,3.038,
"2021/10/08",1.962,2.053,2.446,3.033,
"2021/10/11",1.965,2.103,2.45,3.05,
"2021/10/12",1.959,2.15,2.48,3.083,
"2021/10/13",1.969,2.163,2.473,3.099,
"2021/10/14",1.973,2.19,2.505,3.108,
"2021/10/15",1.977,2.2,2.509,3.105,
"2021/10/19",1.978,2.2,2.501,3.073,
"2021/10/20",1.961,2.193,2.505,3.09,
"2021/10/21",1.959,2.216,2.5,3.125,
"2021/10/22",1.961,2.252,2.515,3.191,
"2021/10/25",1.955,2.255,2.533,3.199,
"2021/10/26",1.962,2.28,2.538,3.236,
"2021/10/27",1.967,2.288,2.543,3.219,
"2021/10/28",1.972,2.305,2.555,3.21,
"2021/10/29",1.966,2.365,2.623,3.245,
"2021/11/02",2.445,2.48,2.8,3.4,
"2021/11/03",2.454,2.47,2.795,3.415,
"2021/11/04",2.458,2.468,2.82,3.54,
"2021/11/05",2.451,2.463,2.875,3.64,
"2021/11/08",2.45,2.459,2.799,3.515,
"2021/11/09",2.448,2.458,2.778,3.5,
"2021/11/10",2.457,2.478,2.8,3.431,
"2021/11/11",2.465,2.48,2.811,3.425,
"2021/11/12",2.464,2.48,2.858,3.4,
"2021/11/16",2.465,2.491,2.903,3.42,
"2021/11/17",2.456,2.5,2.92,3.445,
"2021/11/18",2.465,2.5,2.95,3.475,
"2021/11/19",2.465,2.505,2.943,3.493,
"2021/11/22",2.469,2.51,2.94,3.51,
"2021/11/23",2.451,2.532,2.978,3.513,
"2021/11/24",2.468,2.54,3,3.545,
"2021/11/25",2.473,2.546,3.005,3.543,
"2021/11/26",2.477,2.558,3,3.516,
"2021/11/29",2.475,2.573,3.011,3.521,
"2021/11/30",2.473,2.604,3.014,3.505,
"2021/12/01",2.47,2.652,3.017,3.5,
"2021/12/02",2.467,2.701,3.056,3.541,
"2021/12/03",2.467,2.72,3.073,3.545,
"2021/12/06",2.474,2.781,3.177,3.68,
"2021/12/07",2.467,2.84,3.265,3.79,
"2021/12/09",2.467,2.838,3.26,3.765,
"2021/12/10",2.465,2.862,3.268,3.773,
"2021/12/13",2.465,2.878,3.27,3.81,
"2021/12/14",2.459,2.935,3.313,3.92,
"2021/12/15",2.459,2.97,3.338,4.025,
"2021/12/16",2.457,3.016,3.346,3.995,
"2021/12/17",2.454,3.043,3.37,4.05,
"2021/12/20",2.918,2.94,3.313,4.01,
"2021/12/21",2.905,2.923,3.303,4.01,
"2021/12/22",2.908,2.906,3.325,3.996,
"2021/12/23",2.912,2.91,3.325,4.008,
"2021/12/24",2.915,2.913,3.335,3.99,
"2021/12/27",2.916,2.913,3.31,3.995,
"2021/12/28",2.914,2.914,3.35,4.017,
"2021/12/29",2.913,2.937,3.376,4.038,
"2021/12/30",2.905,2.966,3.418,4.086,
"2022/01/03",2.914,3.003,3.49,4.171,
"2022/01/04",2.897,3.053,3.546,4.23,
"2022/01/05",2.911,3.08,3.561,4.27,
"2022/01/06",2.914,3.128,3.61,4.401,
"2022/01/07",2.916,3.193,3.67,4.496,
"2022/01/11",2.916,3.272,3.695,4.573,
"2022/01/12",2.916,3.275,3.668,4.56,
"2022/01/13",2.917,3.3,3.736,4.61,
"2022/01/14",2.922,3.319,3.754,4.625,
"2022/01/17",2.931,3.345,3.788,4.666,
"2022/01/18",2.967,3.388,3.81,4.701,
"2022/01/19",2.944,3.421,3.809,4.701,
"2022/01/20",2.952,3.481,3.876,4.725,
"2022/01/21",2.937,3.526,3.905,4.743,
"2022/01/24",2.932,3.566,3.948,4.776,
"2022/01/25",2.928,3.596,3.985,4.785,
"2022/01/26",2.93,3.643,3.976,4.768,
"2022/01/27",2.929,3.766,4.065,4.86,
"2022/01/28",2.93,3.748,4.066,4.875,
"2022/01/31",3.875,3.878,4.244,5.161,
"2022/02/01",3.881,3.879,4.236,5.126,
"2022/02/02",3.883,3.873,4.27,5.051,
"2022/02/03",3.886,3.881,4.3,5.15,
"2022/02/04",3.885,3.881,4.357,5.236,
"2022/02/07",3.886,3.94,4.601,5.516,
"2022/02/08",3.88,4.001,4.766,5.757,
"2022/02/09",3.884,4.05,4.987,6.011,
"2022/02/10",3.884,4.166,5.176,6.415,
"2022/02/11",3.878,3.986,5.002,6.436,
"2022/02/14",3.878,3.96,5.018,6.425,
"2022/02/15",3.876,3.96,4.966,6.415,
"2022/02/16",3.876,3.911,4.909,6.356,
"2022/02/17",3.869,3.931,4.946,6.402,
"2022/02/18",3.873,3.95,4.988,6.325,
"2022/02/21",3.878,3.92,4.906,6.265,
"2022/02/22",3.883,3.956,5,6.315,
"2022/02/23",3.878,3.963,4.985,6.335,
"2022/02/24",3.886,4,5.16,6.465,
"2022/02/25",3.877,4,5.126,6.436,
"2022/02/28",3.869,3.976,5.085,6.345,
"2022/03/01",3.866,3.941,5.081,6.318,
"2022/03/02",3.871,3.95,5.1,6.276,
"2022/03/03",3.872,4.023,5.236,6.311,
"2022/03/04",3.87,4.15,5.336,6.356,
"2022/03/07",3.873,4.159,5.653,6.683,
"2022/03/08",3.88,4.205,5.795,6.997,
"2022/03/09",3.876,4.284,5.795,7.026,
"2022/03/10",3.863,4.453,5.831,7.141,
"2022/03/11",3.835,4.517,5.903,7.19,
"2022/03/14",3.813,4.571,5.933,7.325,
"2022/03/15",3.732,4.546,5.87,7.255,
"2022/03/16",3.819,4.578,5.926,7.261,
"2022/03/17",3.869,4.681,5.974,7.281,
"2022/03/18",3.87,4.755,6.035,7.375,
"2022/03/22",3.872,4.895,6.135,7.503,
"2022/03/23",3.872,4.912,6.146,7.553,
"2022/03/24",3.876,4.955,6.166,7.626,
"2022/03/25",3.876,5.026,6.176,7.701,
"2022/03/28",3.871,5.111,6.17,7.709,
"2022/03/29",3.844,5.18,6.17,7.615,
"2022/03/30",3.857,5.176,6.013,7.436,
"2022/03/31",3.877,5.261,6.116,7.401,
"2022/04/01",4.81,4.9,5.653,6.815,
"2022/04/04",4.812,4.995,5.7,6.72,
"2022/04/05",4.806,5.04,5.795,6.855,
"2022/04/06",4.806,5.034,5.795,6.953,
"2022/04/07",4.791,5.07,5.805,6.925,
"2022/04/08",4.791,5.1,5.8,6.945,
"2022/04/11",4.79,5.185,5.89,7.05,
"2022/04/12",4.788,5.256,5.951,7,
"2022/04/13",4.803,5.293,5.946,7.005,
"2022/04/18",4.808,5.425,5.971,7.035,
"2022/04/19",4.812,5.408,5.996,7.036,
"2022/04/20",4.815,5.428,5.973,7.02,
"2022/04/21",4.82,5.491,6.016,7.03,
"2022/04/22",4.82,5.586,6.066,7.058,
"2022/04/25",4.812,5.62,6.06,7.09,
"2022/04/26",4.803,5.66,6.116,7.111,
"2022/04/27",4.806,5.701,6.1,7.135,
"2022/04/28",4.815,5.765,6.162,7.153,
"2022/04/29",4.821,5.805,6.222,7.225,
"2022/05/02",5.753,5.761,6.215,7.245,
"2022/05/03",5.758,5.761,6.215,7.195,
"2022/05/04",5.753,5.761,6.225,7.24,
"2022/05/05",5.746,5.758,6.268,7.22,
"2022/05/06",5.731,5.761,6.413,7.415,
"2022/05/09",5.73,5.761,6.425,7.5,
"2022/05/10",5.701,5.761,6.494,7.578,
"2022/05/11",5.72,5.761,6.504,7.625,
"2022/05/12",5.716,5.762,6.514,7.62,
"2022/05/13",5.738,5.761,6.564,7.67,
"2022/05/16",5.744,5.761,6.58,7.665,
"2022/05/17",5.747,5.764,6.61,7.68,
"2022/05/18",5.748,5.758,6.645,7.74,
"2022/05/19",5.75,5.761,6.655,7.75,
"2022/05/20",5.751,5.761,6.653,7.775,
"2022/05/23",5.75,5.761,6.68,7.795,
"2022/05/24",5.751,5.771,6.749,7.8,
"2022/05/25",5.752,5.764,6.818,7.84,
"2022/05/26",5.752,5.762,6.829,7.793,
"2022/05/27",5.755,5.762,6.886,7.825,
"2022/05/31",5.754,5.778,6.949,7.856,
"2022/06/01",5.766,5.862,6.996,7.908,
"2022/06/02",5.771,5.875,7.06,7.988,
"2022/06/03",5.772,6.001,7.135,8.066,
"2022/06/06",5.777,6.023,7.135,8.018,
"2022/06/07",5.787,6.095,7.209,8.155,
"2022/06/08",5.777,6.156,7.239,8.213,
"2022/06/09",5.779,6.222,7.286,8.268,
"2022/06/10",5.78,6.272,7.35,8.368,
"2022/06/13",5.789,6.351,7.369,8.39,9.475
"2022/06/14",5.775,6.411,7.42,8.423,9.56
"2022/06/15",5.754,6.44,7.41,8.415,9.54
"2022/06/16",5.759,6.552,7.468,8.453,9.623
"2022/06/17",5.765,6.658,7.48,8.443,9.553
"2022/06/21",5.764,6.735,7.59,8.536,9.581
"2022/06/22",5.762,6.768,7.655,8.538,9.591
"2022/06/23",5.762,6.866,7.733,8.659,9.614
"2022/06/24",5.768,6.964,7.813,8.738,9.636
"2022/06/28",5.767,7.046,7.868,8.808,9.745
"2022/06/29",5.767,7.086,7.911,8.843,9.823
"2022/06/30",5.747,7.151,7.97,8.91,9.928
"2022/07/01",7.129,7.26,8.134,9.075,9.951
"2022/07/05",7.139,7.425,8.184,9.12,9.93
"2022/07/06",7.142,7.45,8.204,9.133,9.92
"2022/07/07",7.145,7.506,8.255,9.2,10.06
"2022/07/08",7.137,7.568,8.306,9.251,10.198
"2022/07/11",7.138,7.657,8.397,9.325,10.388
"2022/07/12",7.14,7.736,8.485,9.535,10.7
"2022/07/13",7.138,7.786,8.55,9.636,10.811
"2022/07/14",7.139,7.817,8.588,9.65,10.805
"2022/07/15",7.13,7.843,8.581,9.723,10.938
"2022/07/18",7.115,7.983,8.643,9.652,11.023
"2022/07/19",7.122,8.013,8.702,9.778,11.025
"2022/07/21",7.134,8.091,8.773,9.793,11.01
"2022/07/22",7.135,8.241,8.788,9.775,10.925
"2022/07/25",7.117,8.306,8.816,9.79,10.813
"2022/07/26",7.129,8.315,8.863,9.79,10.873
"2022/07/27",7.11,8.385,8.876,9.777,10.765
"2022/07/28",7.095,8.461,8.893,9.72,10.553
"2022/07/29",7.083,8.515,8.857,9.6,10.375
"2022/08/01",8.503,8.53,8.865,9.548,10.165
"2022/08/02",8.507,8.531,8.893,9.547,10.12
"2022/08/03",8.512,8.528,8.943,9.6,10.213
"2022/08/04",8.51,8.53,8.965,9.62,10.15
"2022/08/05",8.509,8.53,9.02,9.753,10.258
"2022/08/08",8.511,8.53,9.03,9.763,10.363
"2022/08/09",8.506,8.53,9.04,9.825,10.425
"2022/08/10",8.506,8.53,9.038,9.723,10.36
"2022/08/11",8.504,8.53,9.06,9.773,10.315
"2022/08/12",8.5,8.531,9.06,9.75,10.35
"2022/08/16",8.509,8.53,9.081,9.768,10.33
"2022/08/17",8.506,8.532,9.109,9.778,10.3
"2022/08/18",8.512,8.532,9.145,9.832,10.3
"2022/08/19",8.514,8.533,9.293,9.91,10.375
"2022/08/22",8.516,8.53,9.338,10.095,10.725
"2022/08/23",8.51,8.53,9.339,10.1,10.788
"2022/08/24",8.512,8.53,9.383,10.093,10.843
"2022/08/25",8.514,8.53,9.35,10.095,10.785
"2022/08/26",8.512,8.53,9.378,10.08,10.805
"2022/08/29",8.506,8.531,9.433,10.15,10.838
"2022/08/30",8.498,8.532,9.425,10.2,10.935
"2022/08/31",8.504,8.53,9.49,10.255,10.995
"2022/09/01",8.511,8.536,9.53,10.295,11.09
"2022/09/02",8.503,8.613,9.535,10.295,11.07
"2022/09/05",8.511,8.665,9.65,10.398,11.185
"2022/09/06",8.512,8.74,9.789,10.51,11.34
"2022/09/07",8.502,8.834,9.86,10.57,11.453
"2022/09/08",8.503,8.89,9.945,10.59,11.46
"2022/09/09",8.502,8.946,9.95,10.62,11.49
"2022/09/12",8.496,9.057,10.004,10.682,11.558
"2022/09/13",8.481,9.125,10.075,10.815,11.625
"2022/09/14",8.493,9.17,10.123,10.87,11.705
"2022/09/15",8.506,9.225,10.175,10.925,11.795
"2022/09/16",8.51,9.278,10.16,10.885,11.765
"2022/09/19",8.511,9.315,10.155,10.89,11.775
"2022/09/20",8.516,9.382,10.19,10.898,11.77
"2022/09/21",8.523,9.403,10.217,10.971,11.83
"2022/09/22",8.529,9.495,10.272,11.005,11.91
"2022/09/23",8.537,9.525,10.282,10.995,11.89
"2022/09/26",8.519,9.595,10.315,11.006,11.903
"2022/09/27",8.509,9.66,10.4,11.12,11.993
"2022/09/28",8.514,9.668,10.38,11.115,12.02
"2022/09/29",8.514,9.755,10.463,11.115,11.9
"2022/09/30",9.402,9.465,10.165,10.89,11.55
"2022/10/03",9.413,9.583,10.213,10.835,11.565
"2022/10/04",9.425,9.62,10.21,10.815,11.493
"2022/10/05",9.428,9.658,10.308,10.895,11.555
"2022/10/06",9.426,9.67,10.345,10.955,11.595
"2022/10/07",9.429,9.723,10.35,10.965,11.66
"2022/10/10",9.431,9.74,10.33,10.955,11.618
"2022/10/11",9.431,9.754,10.322,10.95,11.66
"2022/10/12",9.433,9.79,10.325,10.967,11.65
"2022/10/13",9.445,9.82,10.368,11.013,11.736
"2022/10/14",9.441,9.828,10.36,10.995,11.784
"2022/10/18",9.443,9.89,10.475,11.115,11.863
"2022/10/19",9.443,10.007,10.66,11.24,11.93
"2022/10/20",9.443,10.165,10.858,11.511,12.203
"2022/10/21",9.428,10.293,11.121,11.654,12.469
"2022/10/24",9.435,10.325,11.13,11.763,12.535
"2022/10/25",9.431,10.205,11.014,11.606,12.348
"2022/10/26",9.446,10.325,10.98,11.59,12.168
"2022/10/27",9.443,10.351,10.943,11.558,12.05
"2022/10/28",9.418,10.353,11,11.573,12.097
"2022/10/31",10.285,10.339,10.843,11.515,12.065
"2022/11/01",10.295,10.34,10.898,11.534,12.126
"2022/11/02",10.284,10.343,10.915,11.614,12.326
"2022/11/03",10.283,10.343,10.986,11.645,12.5
"2022/11/04",10.282,10.353,11.048,11.766,12.563
"2022/11/08",10.257,10.347,11.02,11.759,12.671
"2022/11/09",10.273,10.338,11.015,11.739,12.53
"2022/11/10",10.255,10.34,10.9,11.6,12.175
"2022/11/11",10.25,10.337,10.885,11.54,12.035
"2022/11/15",10.278,10.34,10.895,11.495,11.95
"2022/11/16",10.301,10.34,10.935,11.483,11.933
"2022/11/17",10.306,10.346,10.989,11.542,12.085
"2022/11/18",10.281,10.347,11.075,11.675,12.19
"2022/11/21",10.299,10.394,11.14,11.75,12.313
"2022/11/22",10.288,10.412,11.18,11.82,12.363
"2022/11/23",10.287,10.465,11.137,11.7,12.25
"2022/11/24",10.285,10.51,11.093,11.645,12.2
"2022/11/25",10.256,10.532,11.1,11.69,12.215
"2022/11/28",10.27,10.585,11.09,11.675,12.19
"2022/11/29",10.27,10.618,11.09,11.66,12.175
"2022/11/30",10.247,10.648,11.083,11.68,12.16
"2022/12/01",10.292,10.69,11.115,11.644,12.05
"2022/12/02",10.292,10.721,11.115,11.547,11.923
"2022/12/05",10.295,10.876,11.205,11.64,11.81
"2022/12/06",10.287,10.879,11.202,11.61,11.8
"2022/12/07",10.283,10.925,11.255,11.62,11.81
"2022/12/09",10.297,10.963,11.275,11.645,11.86
"2022/12/12",10.297,10.964,11.335,11.74,11.975
"2022/12/13",10.297,11,11.375,11.795,12.045
"2022/12/14",10.292,11.025,11.44,11.835,12.08
"2022/12/15",10.292,11.04,11.455,11.8,12.085
"2022/12/16",10.292,11.053,11.4,11.7,11.917
"2022/12/19",11.174,11.2,11.462,11.775,11.9
"2022/12/20",11.163,11.231,11.51,11.79,11.975
"2022/12/21",11.167,11.215,11.565,11.9,12.04
"2022/12/22",11.167,11.21,11.57,11.918,12.105
"2022/12/23",11.167,11.22,11.58,11.95,12.115
"2022/12/26",11.152,11.234,11.645,11.968,12.108
"2022/12/27",11.151,11.231,11.645,12.02,12.142
"2022/12/28",11.148,11.225,11.62,12.01,12.11
"2022/12/29",11.144,11.231,11.66,12.025,12.275
"2023/01/02",11.115,11.238,11.695,12.108,12.315
"2023/01/03",11.09,11.313,11.75,12.12,12.342
"2023/01/04",11.099,11.365,11.845,12.19,12.395
"2023/01/05",11.11,11.427,12.011,12.48,12.75
"2023/01/06",11.113,11.478,12.045,12.53,12.921
"2023/01/10",11.12,11.51,12.021,12.515,12.9
"2023/01/11",11.126,11.505,12.006,12.42,12.805
"2023/01/12",11.104,11.498,11.946,12.38,12.61
"2023/01/13",11.125,11.5,11.9,12.345,12.57
"2023/01/16",11.085,11.538,11.92,12.3,12.58
"2023/01/17",11.099,11.588,11.94,12.318,12.605
"2023/01/18",11.12,11.618,11.996,12.346,12.638
"2023/01/19",11.12,11.715,12.03,12.4,12.673
"2023/01/20",11.121,11.7,12.04,12.441,12.745
"2023/01/23",11.139,11.7,12.03,12.43,12.77
"2023/01/24",11.15,11.763,12.09,12.449,12.787
"2023/01/25",11.161,11.757,12.045,12.403,12.663
"2023/01/26",11.177,11.78,12.085,12.373,12.654
"2023/01/27",11.176,11.823,12.12,12.377,12.58
"2023/01/30",11.846,11.879,12.076,12.37,12.485
"2023/01/31",11.815,11.881,12.082,12.325,12.4
"2023/02/01",11.836,11.878,12.101,12.37,12.428
"2023/02/02",11.847,11.879,12.09,12.337,12.3
"2023/02/03",11.838,11.876,12.09,12.315,12.255
"2023/02/06",11.847,11.886,12.121,12.315,12.248
"2023/02/07",11.854,11.881,12.102,12.363,12.278
"2023/02/08",11.865,11.889,12.097,12.347,12.223
"2023/02/09",11.868,11.883,12.104,12.373,12.283
"2023/02/10",11.874,11.891,12.115,12.38,12.368
"2023/02/13",11.874,11.891,12.115,12.41,12.49
"2023/02/14",11.889,11.891,12.12,12.415,12.565
"2023/02/15",11.887,11.891,12.133,12.435,12.61
"2023/02/16",11.867,11.891,12.173,12.515,12.675
"2023/02/17",11.845,11.891,12.138,12.573,12.691
"2023/02/20",11.852,11.891,12.146,12.586,12.713
"2023/02/21",11.869,11.891,12.205,12.6,12.755
"2023/02/22",11.876,11.891,12.201,12.55,12.766
"2023/02/23",11.87,11.891,12.221,12.55,12.755
"2023/02/24",11.829,11.9,12.253,12.564,12.751
"2023/02/27",11.8,11.891,12.292,12.563,12.771
"2023/02/28",11.695,11.891,12.302,12.57,12.8
"2023/03/01",11.671,11.89,12.307,12.61,12.841
"2023/03/02",11.648,11.883,12.305,12.6,12.882
"2023/03/03",11.675,11.889,12.3,12.585,12.884
"2023/03/06",11.716,11.93,12.3,12.536,12.731
"2023/03/07",11.824,11.95,12.31,12.555,12.68
"2023/03/08",11.723,11.974,12.303,12.54,12.645
"2023/03/09",11.625,11.969,12.303,12.56,12.655
"2023/03/10",11.587,12.015,12.315,12.554,12.66
"2023/03/13",11.57,12.005,12.271,12.495,12.54
"2023/03/14",11.618,12.066,12.25,12.468,12.495
"2023/03/15",11.65,12.055,12.181,12.361,12.349
"2023/03/16",11.752,12.01,12.145,12.28,12.195
"2023/03/17",11.755,12.046,12.219,12.34,12.11
"2023/03/21",11.755,12.081,12.247,12.365,12.067
"2023/03/22",11.763,12.04,12.181,12.31,12.045
"2023/03/23",11.72,12.097,12.244,12.356,12.007
"2023/03/24",11.748,12.11,12.235,12.33,11.93
"2023/03/27",11.769,12.095,12.21,12.32,11.94
"2023/03/28",11.779,12.093,12.238,12.397,11.995
"2023/03/29",11.829,12.108,12.26,12.411,11.957
"2023/03/30",11.829,12.102,12.27,12.395,12.06
"2023/03/31",12.022,12.104,12.246,12.367,11.946
"2023/04/03",12.015,12.104,12.244,12.4,12.015
"2023/04/04",12.048,12.098,12.24,12.421,12.013
"2023/04/05",12.057,12.104,12.254,12.401,12.004
"2023/04/10",12.049,12.115,12.262,12.444,12.13
"2023/04/11",12.033,12.125,12.291,12.471,12.295
"2023/04/12",12.036,12.126,12.276,12.455,12.285
"2023/04/13",12.023,12.12,12.254,12.44,12.25
"2023/04/14",12.052,12.121,12.258,12.448,12.25
"2023/04/17",12.061,12.128,12.255,12.478,12.285
"2023/04/18",12.064,12.131,12.264,12.493,12.393
"2023/04/19",12.064,12.131,12.269,12.495,12.433
"2023/04/20",12.064,12.13,12.272,12.488,12.41
"2023/04/21",12.064,12.131,12.268,12.48,12.327
"2023/04/24",12.073,12.13,12.266,12.483,12.256
"2023/04/25",12.081,12.131,12.254,12.458,12.2
"2023/04/26",12.082,12.131,12.254,12.48,12.235
"2023/04/27",12.085,12.198,12.385,12.568,12.445
"2023/04/28",12.086,12.22,12.375,12.52,12.41
"2023/05/02",12.29,12.323,12.466,12.645,12.503
"2023/05/03",12.285,12.337,12.476,12.65,12.555
"2023/05/04",12.285,12.323,12.466,12.655,12.407
"2023/05/05",12.284,12.338,12.469,12.628,12.336
"2023/05/08",12.286,12.323,12.466,12.656,12.339
"2023/05/09",12.277,12.337,12.469,12.645,12.377
"2023/05/10",12.286,12.328,12.458,12.628,12.36
"2023/05/11",12.285,12.335,12.462,12.623,12.366
"2023/05/12",12.288,12.32,12.465,12.624,12.333
"2023/05/15",12.288,12.332,12.458,12.627,12.323
"2023/05/16",12.288,12.334,12.464,12.617,12.291
"2023/05/17",12.288,12.334,12.453,12.606,12.295
"2023/05/18",12.3,12.339,12.452,12.61,12.373
"2023/05/19",12.314,12.334,12.467,12.623,12.493
"2023/05/23",12.318,12.337,12.462,12.61,12.483
"2023/05/24",12.308,12.338,12.457,12.6,12.47
"2023/05/25",12.313,12.34,12.465,12.6,12.445
"2023/05/26",12.353,12.333,12.458,12.6,12.44
"2023/05/29",12.325,12.337,12.469,12.614,12.443
"2023/05/30",12.313,12.333,12.467,12.595,12.415
"2023/05/31",12.313,12.337,12.457,12.6,12.356
"2023/06/01",12.34,12.337,12.467,12.603,12.308
"2023/06/02",12.309,12.337,12.468,12.582,12.265
"2023/06/05",12.309,12.341,12.47,12.56,12.248
"2023/06/06",12.271,12.337,12.466,12.565,12.2
"2023/06/07",12.282,12.336,12.467,12.525,12.1
"2023/06/08",12.282,12.337,12.46,12.48,11.98
"2023/06/09",12.287,12.34,12.458,12.438,11.893
"2023/06/13",12.305,12.335,12.465,12.4,11.805
"2023/06/14",12.32,12.335,12.463,12.384,11.79
"2023/06/15",12.327,12.332,12.466,12.419,11.87
"2023/06/16",12.344,12.335,12.466,12.437,11.875
"2023/06/20",12.326,12.335,12.46,12.438,11.813
"2023/06/21",12.324,12.337,12.466,12.455,11.733
"2023/06/22",12.289,12.333,12.447,12.391,11.661
"2023/06/23",12.288,12.34,12.443,12.396,11.56
"2023/06/26",12.272,12.332,12.458,12.371,11.513
"2023/06/27",12.272,12.338,12.435,12.386,11.414
"2023/06/28",12.272,12.333,12.425,12.386,11.355
"2023/06/29",12.274,12.335,12.462,12.396,11.485
"2023/06/30",12.27,12.336,12.468,12.381,11.495
"2023/07/04",12.261,12.332,12.451,12.332,11.458
"2023/07/05",12.265,12.337,12.451,12.298,11.43
"2023/07/06",12.275,12.333,12.451,12.311,11.506
"2023/07/07",12.265,12.336,12.451,12.325,11.558
"2023/07/10",12.27,12.33,12.45,12.281,11.403
"2023/07/11",12.272,12.336,12.441,12.235,11.349
"2023/07/12",12.27,12.336,12.442,12.244,11.35
"2023/07/13",12.275,12.332,12.439,12.229,11.317
"2023/07/14",12.277,12.336,12.445,12.241,11.365
"2023/07/17",12.286,12.334,12.443,12.241,11.385
"2023/07/18",12.275,12.335,12.423,12.202,11.399
"2023/07/19",12.301,12.336,12.419,12.139,11.347
"2023/07/21",12.312,12.336,12.413,12.145,11.299
"2023/07/24",12.315,12.337,12.424,12.116,11.231
"2023/07/25",12.32,12.337,12.426,12.12,11.28
"2023/07/26",12.306,12.33,12.421,12.116,11.244
"2023/07/27",12.275,12.337,12.447,12.14,11.279
"2023/07/28",12.272,12.332,12.421,12.106,11.298
"2023/07/31",12.261,12.337,12.343,12.045,11.22
"2023/08/01",12.284,12.338,12.344,12.035,11.075
"2023/08/02",12.286,12.337,12.344,12.025,11.035
"2023/08/03",12.303,12.34,12.342,12.055,11.11
"2023/08/04",12.277,12.334,12.34,12.031,11.031
"2023/08/08",12.287,12.337,12.344,12.026,11.03
"2023/08/09",12.29,12.333,12.388,12.142,11.21
"2023/08/10",12.296,12.338,12.395,12.118,11.213
"2023/08/11",12.298,12.333,12.393,12.158,11.304
"2023/08/14",12.276,12.337,12.397,12.219,11.364
"2023/08/15",12.278,12.333,12.378,12.18,11.296
"2023/08/16",12.306,12.337,12.372,12.11,11.235
"2023/08/17",12.317,12.337,12.345,12.078,11.215
"2023/08/18",12.322,12.337,12.341,12.1,11.235
"2023/08/22",12.305,12.333,12.33,12.095,11.23
"2023/08/23",12.338,12.337,12.35,12.085,11.223
"2023/08/24",12.345,12.336,12.349,12.09,11.2
"2023/08/25",12.328,12.337,12.344,12.065,11.193
"2023/08/28",12.255,12.337,12.34,12.051,11.193
"2023/08/29",12.228,12.333,12.342,12.04,11.167
"2023/08/30",12.25,12.335,12.34,12.031,11.138
"2023/08/31",12.254,12.335,12.34,12.026,11.105
"2023/09/01",12.282,12.336,12.33,12.01,11.114
"2023/09/04",12.3,12.33,12.34,12.025,11.118
"2023/09/05",12.258,12.335,12.338,12.036,11.155
"2023/09/06",12.275,12.327,12.325,12.042,11.2
"2023/09/07",12.285,12.314,12.33,12.04,11.23
"2023/09/08",12.262,12.313,12.368,12.112,11.353
"2023/09/11",12.216,12.312,12.38,12.208,11.437
"2023/09/12",12.167,12.325,12.365,12.21,11.6
"2023/09/13",12.215,12.306,12.37,12.215,11.61
"2023/09/14",12.251,12.325,12.346,12.19,11.575
"2023/09/15",12.282,12.325,12.367,12.216,11.575
"2023/09/18",12.288,12.325,12.368,12.2,11.55
"2023/09/19",12.274,12.325,12.352,12.175,11.458
"2023/09/20",12.307,12.325,12.303,12.175,11.396
"2023/09/21",12.323,12.318,12.335,12.19,11.475
"2023/09/22",12.31,12.31,12.315,12.17,11.448
"2023/09/25",12.266,12.318,12.32,12.18,11.498
"2023/09/26",12.263,12.305,12.325,12.188,11.495
"2023/09/27",12.291,12.32,12.31,12.2,11.529
"2023/09/28",12.287,12.311,12.32,12.204,11.585
"2023/09/29",12.287,12.328,12.316,12.194,11.53
"2023/10/02",12.295,12.322,12.33,12.195,11.587
"2023/10/03",12.29,12.328,12.328,12.213,11.649
"2023/10/04",12.29,12.318,12.338,12.22,11.79
"2023/10/05",12.313,12.335,12.349,12.22,11.8
"2023/10/06",12.315,12.337,12.37,12.275,11.89
"2023/10/09",12.29,12.337,12.384,12.334,11.985
"2023/10/10",12.274,12.338,12.375,12.328,11.999
"2023/10/11",12.283,12.308,12.355,12.27,11.826
"2023/10/12",12.288,12.333,12.362,12.27,11.858
"2023/10/13",12.285,12.335,12.362,12.275,11.87
"2023/10/17",12.285,12.333,12.37,12.284,11.881
"2023/10/18",12.285,12.333,12.352,12.281,11.884
"2023/10/19",12.298,12.335,12.359,12.267,11.87
"2023/10/20",12.312,12.333,12.35,12.254,11.845
"2023/10/23",12.326,12.336,12.355,12.239,11.805
"2023/10/24",12.335,12.333,12.345,12.22,11.8
"2023/10/25",12.307,12.336,12.357,12.23,11.781
"2023/10/26",12.298,12.333,12.345,12.235,11.756
"2023/10/27",12.269,12.336,12.345,12.213,11.75
"2023/10/30",12.262,12.336,12.325,12.191,11.735
"2023/10/31",12.23,12.336,12.325,12.18,11.737
"2023/11/01",12.221,12.333,12.309,12.158,11.69
"2023/11/02",12.25,12.327,12.306,12.12,11.615
"2023/11/03",12.276,12.336,12.295,12.154,11.558
"2023/11/07",12.293,12.334,12.305,12.165,11.525
"2023/11/08",12.287,12.338,12.291,12.148,11.476
"2023/11/09",12.287,12.33,12.268,12.085,11.36
"2023/11/10",12.295,12.334,12.265,12.09,11.358
"2023/11/14",12.312,12.33,12.262,12.05,11.358
"2023/11/15",12.322,12.332,12.259,12.06,11.38
"2023/11/16",12.31,12.33,12.234,12.036,11.318
"2023/11/17",12.321,12.333,12.195,12.013,11.26
"2023/11/20",12.286,12.33,12.195,12.02,11.29
"2023/11/21",12.301,12.333,12.19,12.01,11.255
"2023/11/22",12.326,12.326,12.183,12.001,11.28
"2023/11/23",12.311,12.323,12.175,11.995,11.304
"2023/11/24",12.305,12.318,12.18,11.998,11.298
"2023/11/27",12.268,12.318,12.173,11.985,11.256
"2023/11/28",12.264,12.313,12.168,11.965,11.224
"2023/11/29",12.264,12.306,12.173,11.948,11.201
"2023/11/30",12.256,12.31,12.164,11.916,11.13
"2023/12/01",12.256,12.305,12.149,11.915,11.21
"2023/12/04",12.218,12.301,12.141,11.89,11.2
"2023/12/05",12.171,12.294,12.151,11.885,11.184
"2023/12/06",12.224,12.297,12.096,11.877,11.1
"2023/12/07",12.265,12.291,12.069,11.813,11.011
"2023/12/11",12.25,12.269,12.085,11.834,10.99
"2023/12/12",12.274,12.26,12.083,11.843,11.025
"2023/12/13",12.234,12.25,12.08,11.85,11.073
"2023/12/14",12.173,12.222,12.061,11.835,11.005
"2023/12/15",12.209,12.186,12.06,11.83,11.011
"2023/12/18",12.232,12.21,12.085,11.863,11.065
"2023/12/19",12.19,12.205,12.065,11.853,11.025
"2023/12/20",12.041,12.096,12.02,11.741,10.946
"2023/12/21",12.058,12.09,12.03,11.74,10.9
"2023/12/22",12.028,12.08,12.018,11.723,10.865
"2023/12/26",12.056,12.083,12.015,11.723,10.742
"2023/12/27",12.018,12.078,12,11.7,10.716
"2023/12/28",12.048,12.075,11.98,11.687,10.632
"2024/01/02",12.028,12.065,12,11.703,10.653
"2024/01/03",12.058,12.061,11.98,11.7,10.67
"2024/01/04",12.063,12.048,11.964,11.698,10.67
"2024/01/05",12.059,12.054,11.966,11.699,10.699
"2024/01/09",12.061,12.048,11.96,11.68,10.666
"2024/01/10",12.046,12.001,11.888,11.588,10.565
"2024/01/11",12.022,11.977,11.858,11.536,10.411
"2024/01/12",12.059,11.963,11.832,11.491,10.4
"2024/01/15",12.063,11.97,11.838,11.49,10.352
"2024/01/16",12.055,11.95,11.841,11.47,10.37
"2024/01/17",12.068,11.96,11.843,11.494,10.41
"2024/01/18",12.057,11.903,11.84,11.49,10.419
"2024/01/19",12.06,11.888,11.84,11.464,10.413
"2024/01/22",12.056,11.833,11.82,11.441,10.396
"2024/01/23",12.054,11.831,11.801,11.436,10.388
"2024/01/24",12.049,11.83,11.792,11.429,10.391
"2024/01/25",12.052,11.813,11.771,11.408,10.359
"2024/01/26",12.056,11.8,11.758,11.393,10.349
"2024/01/29",12.047,11.801,11.734,11.38,10.325
"2024/01/30",12.021,11.785,11.71,11.37,10.297
"2024/01/31",12.016,11.731,11.694,11.353,10.278
"2024/02/01",11.831,11.865,11.765,11.346,10.13
"2024/02/02",11.814,11.892,11.79,11.387,10.21
"2024/02/05",11.829,11.886,11.786,11.411,10.26
"2024/02/06",11.818,11.889,11.777,11.4,10.298
"2024/02/07",11.818,11.885,11.772,11.405,10.301
"2024/02/08",11.832,11.868,11.75,11.413,10.27
"2024/02/09",11.834,11.875,11.76,11.427,10.31
"2024/02/12",11.816,11.869,11.756,11.398,10.298
"2024/02/13",11.815,11.867,11.745,11.408,10.33
"2024/02/14",11.82,11.863,11.732,11.39,10.351
"2024/02/15",11.836,11.874,11.722,11.378,10.29
"2024/02/16",11.819,11.853,11.681,11.337,10.251
"2024/02/19",11.819,11.871,11.669,11.345,10.22
"2024/02/20",11.837,11.859,11.644,11.295,10.21
"2024/02/21",11.838,11.87,11.638,11.283,10.218
"2024/02/22",11.839,11.857,11.626,11.297,10.23
"2024/02/23",11.839,11.869,11.63,11.295,10.255
"2024/02/26",11.839,11.856,11.62,11.263,10.24
"2024/02/27",11.825,11.858,11.6,11.246,10.25
"2024/02/28",11.828,11.823,11.587,11.203,10.218
"2024/02/29",11.824,11.819,11.54,11.132,10.137
"2024/03/01",11.814,11.799,11.511,11.034,10.053
"2024/03/04",11.818,11.772,11.485,11.001,10.035
"2024/03/05",11.828,11.743,11.415,10.99,9.973
"2024/03/06",11.822,11.735,11.409,10.978,9.997
"2024/03/07",11.801,11.712,11.408,10.951,9.939
"2024/03/08",11.81,11.694,11.398,10.96,9.94
"2024/03/11",11.827,11.659,11.4,10.968,9.957
"2024/03/12",11.816,11.644,11.395,10.965,9.983
"2024/03/13",11.837,11.636,11.394,10.963,9.998
"2024/03/14",11.838,11.621,11.361,10.946,9.99
"2024/03/15",11.839,11.613,11.361,10.962,9.99
"2024/03/18",11.84,11.56,11.316,10.918,10.005
"2024/03/19",11.84,11.543,11.319,10.927,10.003
"2024/03/20",11.84,11.514,11.297,10.898,9.993
"2024/03/21",11.828,11.51,11.275,10.865,9.947
"2024/03/22",11.827,11.47,11.246,10.812,9.9
"2024/03/26",11.4,11.442,11.227,10.787,9.87
"2024/03/27",11.39,11.454,11.183,10.771,9.835
"2024/04/01",11.4,11.435,11.213,10.78,9.85
"2024/04/02",11.4,11.418,11.207,10.793,9.888
"2024/04/03",11.401,11.388,11.21,10.803,9.9
"2024/04/04",11.397,11.384,11.176,10.749,9.867
"2024/04/05",11.384,11.38,11.187,10.722,9.835
"2024/04/08",11.342,11.337,11.16,10.74,9.883
"2024/04/09",11.301,11.335,11.144,10.716,9.89
"2024/04/10",11.375,11.327,11.14,10.743,9.98
"2024/04/11",11.387,11.302,11.144,10.775,10.12
"2024/04/12",11.358,11.287,11.11,10.736,10.05
"2024/04/15",11.395,11.254,11.097,10.736,10.069
"2024/04/16",11.398,11.233,11.105,10.785,10.105
"2024/04/17",11.399,11.215,11.066,10.768,10.148
"2024/04/18",11.399,11.2,11.069,10.763,10.186
"2024/04/19",11.392,11.182,11.037,10.74,10.138
"2024/04/22",11.392,11.138,11.006,10.717,10.072
"2024/04/23",11.392,11.129,10.99,10.691,10.033
"2024/04/24",11.4,11.111,10.98,10.683,10.058
"2024/04/25",11.4,11.102,10.978,10.705,10.098
"2024/04/26",11.393,11.086,10.963,10.682,10.066
"2024/04/29",11.392,11.038,10.946,10.597,10.021
"2024/04/30",11.397,11.027,10.938,10.538,10.005
"2024/05/02",10.957,10.996,10.895,10.502,9.943
"2024/05/03",10.954,10.995,10.899,10.493,9.904
"2024/05/06",10.959,10.997,10.889,10.481,9.818
"2024/05/07",10.959,10.999,10.89,10.47,9.711
"2024/05/08",10.959,10.996,10.865,10.453,9.728
"2024/05/09",10.959,10.988,10.831,10.427,9.725
"2024/05/10",10.959,10.993,10.82,10.438,9.78
"2024/05/14",10.955,10.99,10.802,10.428,9.776
"2024/05/15",10.951,10.991,10.786,10.399,9.698
"2024/05/16",10.96,11,10.769,10.349,9.621
"2024/05/17",10.961,11.005,10.743,10.35,9.586
"2024/05/20",10.961,11.008,10.733,10.345,9.6
"2024/05/21",10.962,11.009,10.729,10.336,9.592
"2024/05/22",10.962,11.007,10.708,10.328,9.628
"2024/05/23",10.963,11.008,10.68,10.328,9.653
"2024/05/24",10.967,11.009,10.691,10.331,9.728
"2024/05/27",10.974,11.008,10.651,10.306,9.703
"2024/05/28",10.969,11.004,10.643,10.29,9.708
"2024/05/29",10.962,11.006,10.641,10.278,9.758
"2024/05/30",10.962,10.998,10.604,10.267,9.768
"2024/05/31",10.955,10.99,10.58,10.207,9.695
"2024/06/04",10.959,10.957,10.566,10.19,9.603
"2024/06/05",10.962,10.931,10.546,10.172,9.585
"2024/06/06",10.962,10.919,10.5,10.143,9.536
"2024/06/07",10.962,10.883,10.505,10.131,9.51
"2024/06/11",10.962,10.853,10.473,10.128,9.48
"2024/06/12",10.962,10.812,10.486,10.133,9.501
"2024/06/13",10.965,10.793,10.483,10.13,9.554
"2024/06/14",10.965,10.807,10.486,10.139,9.591
"2024/06/17",10.965,10.775,10.485,10.125,9.577
"2024/06/18",10.96,10.757,10.441,10.094,9.51
"2024/06/19",10.961,10.728,10.403,10.037,9.488
"2024/06/20",10.962,10.706,10.396,10.048,9.496
"2024/06/21",10.962,10.698,10.405,10.05,9.508
"2024/06/24",10.962,10.663,10.382,10.025,9.499
"2024/06/25",10.962,10.641,10.373,10.006,9.471
"2024/06/26",10.962,10.628,10.364,9.996,9.471
"2024/06/27",10.957,10.6,10.321,9.963,9.423
"2024/06/28",10.955,10.538,10.31,9.955,9.406
"2024/07/02",10.519,10.493,10.286,9.9,9.383
"2024/07/03",10.511,10.44,10.26,9.895,9.331
"2024/07/04",10.521,10.44,10.257,9.888,9.313
"2024/07/05",10.517,10.431,10.254,9.869,9.301
"2024/07/08",10.516,10.426,10.266,9.879,9.308
"2024/07/09",10.52,10.41,10.259,9.875,9.297
"2024/07/10",10.517,10.402,10.25,9.861,9.275
"2024/07/11",10.516,10.375,10.2,9.806,9.243
"2024/07/12",10.516,10.347,10.195,9.795,9.235
"2024/07/15",10.522,10.35,10.172,9.778,9.165
"2024/07/16",10.522,10.302,10.161,9.768,9.128
"2024/07/17",10.526,10.305,10.153,9.75,9.121
"2024/07/18",10.532,10.267,10.143,9.746,9.141
"2024/07/19",10.538,10.233,10.122,9.735,9.159
"2024/07/22",10.532,10.212,10.101,9.71,9.135
"2024/07/23",10.534,10.208,10.096,9.686,9.12
"2024/07/24",10.529,10.205,10.089,9.678,9.091
"2024/07/25",10.527,10.161,10.056,9.66,9.006
"2024/07/26",10.523,10.141,10.034,9.629,8.976
"2024/07/29",10.521,10.137,10.022,9.63,9.005
"2024/07/30",10.518,10.115,10.016,9.618,9.009
"2024/07/31",10.509,10.102,9.995,9.596,8.968
"2024/08/01",10.072,10.106,9.983,9.59,8.876
"2024/08/02",10.069,10.098,9.941,9.501,8.73
"2024/08/05",10.075,10.09,9.91,9.453,8.643
"2024/08/06",10.076,10.09,9.896,9.453,8.635
"2024/08/08",10.075,10.095,9.905,9.459,8.653
"2024/08/09",10.078,10.085,9.886,9.401,8.567
"2024/08/12",10.069,10.098,9.85,9.361,8.533
"2024/08/13",10.074,10.102,9.816,9.313,8.471
"2024/08/14",10.076,10.095,9.812,9.291,8.425
"2024/08/15",10.077,10.098,9.81,9.301,8.435
"2024/08/16",10.077,10.092,9.783,9.292,8.418
"2024/08/20",10.08,10.089,9.778,9.29,8.42
"2024/08/21",10.08,10.087,9.775,9.276,8.403
"2024/08/22",10.079,10.086,9.763,9.28,8.438
"2024/08/23",10.078,10.093,9.737,9.265,8.433
"2024/08/26",10.079,10.098,9.73,9.265,8.433
"2024/08/27",10.07,10.096,9.715,9.253,8.423
"2024/08/28",10.077,10.098,9.708,9.245,8.415
"2024/08/29",10.072,10.098,9.69,9.247,8.438
"2024/08/30",10.073,10.099,9.677,9.25,8.445
"2024/09/02",10.069,10.081,9.666,9.238,8.515
"2024/09/03",10.072,10.047,9.629,9.21,8.508
"2024/09/04",10.074,10.015,9.635,9.208,8.515
"2024/09/05",10.073,10.014,9.611,9.215,8.528
"2024/09/06",10.071,9.981,9.582,9.185,8.45
"2024/09/09",10.071,9.896,9.501,9.094,8.221
"2024/09/10",10.073,9.9,9.49,9.028,8.15
"2024/09/11",10.072,9.895,9.5,9.026,8.135
"2024/09/12",10.073,9.865,9.495,9.001,8.155
"2024/09/13",10.073,9.859,9.505,8.995,8.163
"2024/09/16",10.073,9.851,9.458,8.958,8.131
"2024/09/17",10.074,9.826,9.453,8.957,8.136
"2024/09/18",10.075,9.811,9.445,8.968,8.146
"2024/09/19",10.076,9.774,9.391,8.92,8.105
"2024/09/20",10.076,9.728,9.371,8.933,8.121
"2024/09/23",10.078,9.731,9.377,8.925,8.123
"2024/09/24",10.082,9.708,9.355,8.925,8.155
"2024/09/25",10.081,9.693,9.329,8.916,8.164
"2024/09/26",10.082,9.649,9.321,8.923,8.209
"2024/09/27",10.075,9.615,9.285,8.884,8.138
"2024/09/30",10.075,9.593,9.251,8.832,8.108
"2024/10/01",9.627,9.585,9.262,8.808,8.08
"2024/10/02",9.63,9.585,9.253,8.838,8.108
"2024/10/03",9.63,9.553,9.251,8.843,8.116
"2024/10/04",9.633,9.54,9.265,8.878,8.163
"2024/10/07",9.628,9.515,9.255,8.878,8.211
"2024/10/08",9.632,9.471,9.225,8.841,8.161
"2024/10/09",9.627,9.465,9.208,8.827,8.158
"2024/10/10",9.628,9.446,9.195,8.803,8.17
"2024/10/11",9.63,9.399,9.185,8.793,8.197
"2024/10/15",9.634,9.395,9.165,8.8,8.211
"2024/10/16",9.634,9.373,9.143,8.773,8.183
"2024/10/17",9.634,9.348,9.125,8.75,8.217
"2024/10/18",9.628,9.336,9.101,8.729,8.198
"2024/10/21",9.631,9.329,9.101,8.736,8.238
"2024/10/22",9.633,9.294,9.1,8.733,8.275
"2024/10/23",9.637,9.275,9.091,8.733,8.333
"2024/10/24",9.635,9.251,9.065,8.707,8.34
"2024/10/25",9.639,9.241,9.07,8.716,8.357
"2024/10/28",9.638,9.215,9.07,8.731,8.395
"2024/10/29",9.634,9.218,9.058,8.696,8.405
"2024/10/30",9.631,9.204,9.021,8.641,8.321
"2024/10/31",9.635,9.195,9.005,8.605,8.313
"2024/11/01",9.178,9.208,9.022,8.668,8.35
"2024/11/05",9.183,9.206,9.01,8.645,8.351
"2024/11/06",9.175,9.211,8.998,8.645,8.36
"2024/11/07",9.179,9.208,8.972,8.625,8.28
"2024/11/08",9.179,9.206,8.941,8.583,8.146
"2024/11/12",9.179,9.211,8.913,8.546,8.176
"2024/11/13",9.179,9.212,8.933,8.59,8.21
"2024/11/14",9.179,9.211,8.942,8.617,8.216
"2024/11/15",9.179,9.208,8.943,8.611,8.215
"2024/11/18",9.179,9.207,8.922,8.578,8.18
"2024/11/19",9.182,9.207,8.909,8.565,8.132
"2024/11/20",9.181,9.207,8.899,8.54,8.069
"2024/11/21",9.178,9.184,8.873,8.513,7.991
"2024/11/22",9.175,9.161,8.875,8.533,8.048
"2024/11/25",9.18,9.15,8.834,8.501,8.058
"2024/11/26",9.182,9.12,8.838,8.531,8.115
"2024/11/27",9.183,9.105,8.84,8.555,8.168
"2024/11/28",9.184,9.081,8.828,8.533,8.123
"2024/11/29",9.181,9.068,8.823,8.513,8.102
"2024/12/02",9.181,9.029,8.79,8.488,8.117
"2024/12/03",9.182,9.023,8.79,8.495,8.11
"2024/12/04",9.178,9.005,8.784,8.491,8.12
"2024/12/05",9.183,9,8.77,8.5,8.111
"2024/12/06",9.183,8.994,8.76,8.491,8.075
"2024/12/09",9.183,8.962,8.73,8.491,8.098
"2024/12/10",9.176,8.939,8.721,8.51,8.109
"2024/12/11",9.178,8.922,8.716,8.479,8.153
"2024/12/12",9.177,8.9,8.714,8.46,8.218
"2024/12/13",9.182,8.888,8.7,8.46,8.225
"2024/12/16",9.183,8.871,8.678,8.458,8.239
"2024/12/17",9.18,8.845,8.675,8.453,8.305
"2024/12/18",9.179,8.829,8.678,8.469,8.32
"2024/12/19",9.183,8.787,8.685,8.47,8.343
"2024/12/20",9.183,8.77,8.675,8.451,8.29
"2024/12/23",8.958,8.981,8.928,8.763,8.535
"2024/12/24",8.958,8.988,8.938,8.798,8.59
"2024/12/26",8.958,8.993,8.968,8.894,8.705
"2024/12/27",8.959,8.993,8.965,8.888,8.729
"2024/12/30",8.96,8.991,8.957,8.893,8.77
"2025/01/02",8.956,8.987,8.95,8.903,8.795
"2025/01/03",8.946,8.986,8.925,8.9,8.753
"2025/01/07",8.955,8.969,8.899,8.852,8.737
"2025/01/08",8.961,8.945,8.873,8.802,8.698
"2025/01/09",8.961,8.945,8.88,8.803,8.69
"2025/01/10",8.964,8.938,8.92,8.83,8.697
"2025/01/13",8.967,8.925,8.92,8.85,8.77
"2025/01/14",8.963,8.93,8.929,8.89,8.87
"2025/01/15",8.964,8.935,8.93,8.86,8.868
"2025/01/16",8.964,8.917,8.883,8.826,8.726
"2025/01/17",8.964,8.9,8.875,8.801,8.666
"2025/01/20",8.97,8.905,8.893,8.794,8.616
"2025/01/21",8.97,8.9,8.883,8.756,8.556
"2025/01/22",8.971,8.885,8.85,8.681,8.48
"2025/01/23",8.973,8.887,8.86,8.68,8.5
"2025/01/24",8.974,8.872,8.838,8.664,8.442
"2025/01/27",8.981,8.88,8.875,8.722,8.556
"2025/01/28",8.985,8.865,8.869,8.72,8.486
"2025/01/29",8.989,8.86,8.885,8.723,8.52
"2025/01/30",8.995,8.874,8.823,8.706,8.446
"2025/01/31",9,8.851,8.808,8.673,8.461
"2025/02/03",9.002,8.97,8.957,8.825,8.581
"2025/02/04",8.984,8.99,8.954,8.801,8.557
"2025/02/05",8.977,8.99,8.953,8.788,8.513
"2025/02/06",9.002,8.99,8.945,8.775,8.503
"2025/02/07",8.984,8.99,8.933,8.801,8.6
"2025/02/10",8.979,8.989,8.942,8.821,8.66
"2025/02/11",8.989,8.982,8.952,8.845,8.673
"2025/02/12",9.003,8.981,8.966,8.875,8.734
"2025/02/13",8.966,8.979,8.98,8.89,8.755
"2025/02/14",8.956,8.979,8.945,8.845,8.665
"2025/02/17",8.954,8.978,8.94,8.858,8.718
"2025/02/18",8.953,8.979,8.918,8.849,8.708
"2025/02/19",8.945,8.981,8.919,8.843,8.735
"2025/02/20",8.956,8.975,8.928,8.83,8.713
"2025/02/21",8.96,8.973,8.905,8.8,8.685
"2025/02/24",8.961,8.973,8.889,8.76,8.64
"2025/02/25",8.966,8.973,8.883,8.756,8.619
"2025/02/26",8.962,8.97,8.88,8.757,8.635
"2025/02/27",8.969,8.979,8.892,8.796,8.645
"2025/02/28",8.952,8.977,8.858,8.765,8.605
"2025/03/03",8.958,8.97,8.845,8.76,8.58
"2025/03/04",8.959,8.97,8.85,8.76,8.56
"2025/03/05",8.953,8.948,8.865,8.755,8.551
"2025/03/06",8.954,8.943,8.86,8.759,8.577
"2025/03/07",8.953,8.941,8.854,8.735,8.546
"2025/03/10",8.952,8.952,8.877,8.79,8.61
"2025/03/11",8.947,8.97,8.879,8.802,8.655
"2025/03/12",8.95,8.95,8.874,8.809,8.653
"2025/03/13",8.956,8.957,8.869,8.795,8.672
"2025/03/14",8.951,8.955,8.875,8.795,8.65
"2025/03/17",8.952,8.938,8.87,8.788,8.665
"2025/03/18",8.956,8.935,8.91,8.84,8.756
"2025/03/19",8.955,8.955,8.925,8.87,8.79
"2025/03/20",8.955,8.951,8.913,8.87,8.805
"2025/03/21",8.955,8.927,8.875,8.805,8.675
"2025/03/25",8.956,8.917,8.875,8.801,8.69
"2025/03/26",8.955,8.925,8.875,8.789,8.69
"2025/03/27",8.954,8.905,8.853,8.8,8.73
"2025/03/28",8.953,8.924,8.88,8.83,8.815
"2025/03/31",8.974,8.921,8.89,8.83,8.76
"2025/04/01",8.952,8.943,8.925,8.85,8.701
"2025/04/02",8.952,8.965,8.954,8.86,8.745
"2025/04/03",8.951,8.965,8.887,8.791,8.636
"2025/04/04",8.953,8.952,8.887,8.76,8.51
"2025/04/07",8.952,8.941,8.903,8.77,8.56
"2025/04/08",8.952,8.934,8.893,8.751,8.525
"2025/04/09",8.951,8.931,8.881,8.746,8.532
"2025/04/10",8.951,8.923,8.875,8.725,8.478
"2025/04/11",8.951,8.911,8.885,8.75,8.536
"2025/04/14",8.953,8.923,8.89,8.738,8.49
"2025/04/15",8.952,8.908,8.885,8.73,8.475
"2025/04/16",8.952,8.91,8.868,8.729,8.468
"2025/04/21",8.96,8.908,8.85,8.737,8.44
"2025/04/22",8.955,8.885,8.83,8.729,8.468
"2025/04/23",8.954,8.902,8.835,8.723,8.418
"2025/04/24",8.954,8.933,8.915,8.825,8.535
"2025/04/25",8.953,8.94,8.933,8.843,8.57
"2025/04/28",8.953,8.933,8.946,8.859,8.641
"2025/04/29",8.954,8.938,8.963,8.87,8.668
"2025/04/30",8.953,8.948,8.955,8.873,8.675
"2025/05/02",8.724,8.759,8.745,8.673,8.495
"2025/05/05",8.727,8.755,8.735,8.655,8.483
"2025/05/06",8.727,8.759,8.742,8.65,8.473
"2025/05/07",8.724,8.76,8.735,8.65,8.462
"2025/05/08",8.721,8.759,8.73,8.653,8.456
"2025/05/09",8.718,8.762,8.765,8.71,8.535
"2025/05/12",8.724,8.759,8.775,8.725,8.584
"2025/05/13",8.725,8.759,8.755,8.715,8.63
"2025/05/14",8.727,8.761,8.77,8.743,8.67
"2025/05/15",8.725,8.765,8.764,8.727,8.659
"2025/05/16",8.724,8.76,8.753,8.705,8.628
"2025/05/19",8.726,8.762,8.74,8.693,8.621
"2025/05/20",8.727,8.759,8.75,8.696,8.62
"2025/05/21",8.727,8.762,8.752,8.713,8.618
"2025/05/22",8.725,8.761,8.756,8.72,8.655
"2025/05/23",8.727,8.762,8.748,8.73,8.655
"2025/05/26",8.731,8.759,8.756,8.74,8.641
"2025/05/27",8.734,8.76,8.754,8.719,8.628
"2025/05/28",8.737,8.761,8.73,8.731,8.629
"2025/05/29",8.738,8.764,8.73,8.72,8.63
"2025/05/30",8.736,8.75,8.717,8.695,8.626
"2025/06/03",8.733,8.756,8.737,8.701,8.61
"2025/06/04",8.731,8.756,8.737,8.7,8.59
"2025/06/05",8.727,8.76,8.758,8.726,8.653
"2025/06/06",8.73,8.755,8.79,8.815,8.8
"2025/06/09",8.731,8.755,8.791,8.8,8.785
"2025/06/10",8.731,8.753,8.77,8.765,8.775
"2025/06/11",8.73,8.754,8.741,8.783,8.795
"2025/06/12",8.73,8.757,8.755,8.803,8.823
"2025/06/13",8.728,8.748,8.76,8.8,8.84
"2025/06/16",8.728,8.741,8.736,8.731,8.746
"2025/06/17",8.729,8.743,8.751,8.757,8.77
"2025/06/18",8.728,8.748,8.758,8.758,8.773
"2025/06/19",8.728,8.753,8.767,8.76,8.763
"2025/06/20",8.73,8.738,8.74,8.727,8.742
"2025/06/24",8.73,8.727,8.715,8.713,8.771
"2025/06/25",8.734,8.726,8.715,8.698,8.77
"2025/06/26",8.736,8.727,8.698,8.668,8.722
"2025/06/27",8.729,8.713,8.694,8.67,8.67
"2025/07/01",8.728,8.754,8.76,8.746,8.75
"2025/07/02",8.728,8.74,8.728,8.715,8.695
"2025/07/03",8.728,8.742,8.73,8.709,8.7
"2025/07/04",8.727,8.739,8.73,8.713,8.71
"2025/07/07",8.728,8.74,8.737,8.735,8.729
"2025/07/08",8.728,8.738,8.725,8.716,8.708
"2025/07/09",8.729,8.735,8.7,8.689,8.689
"2025/07/10",8.728,8.735,8.708,8.705,8.698
"2025/07/11",8.728,8.7,8.708,8.69,8.685
"2025/07/14",8.73,8.7,8.7,8.695,8.684
"2025/07/15",8.73,8.7,8.675,8.672,8.659
"2025/07/16",8.729,8.695,8.68,8.665,8.672
"2025/07/17",8.73,8.675,8.665,8.651,8.655
"2025/07/18",8.73,8.68,8.672,8.638,8.64
"2025/07/21",8.73,8.685,8.68,8.643,8.644
"2025/07/22",8.73,8.673,8.666,8.64,8.645
"2025/07/23",8.733,8.68,8.675,8.655,8.69
"2025/07/24",8.735,8.66,8.672,8.67,8.681
"2025/07/25",8.736,8.656,8.685,8.653,8.653
"2025/07/28",8.732,8.651,8.667,8.654,8.655
"2025/07/29",8.733,8.635,8.63,8.624,8.627
"2025/07/30",8.73,8.61,8.614,8.613,8.615
"2025/07/31",8.729,8.602,8.614,8.59,8.591
"2025/08/01",8.728,8.756,8.774,8.735,8.725
"2025/08/04",8.729,8.756,8.779,8.758,8.736
"2025/08/05",8.73,8.756,8.78,8.755,8.74
"2025/08/06",8.728,8.758,8.78,8.78,8.788
"2025/08/08",8.729,8.758,8.8,8.8,8.8
"2025/08/11",8.728,8.76,8.793,8.803,8.833
"2025/08/12",8.727,8.758,8.787,8.798,8.82
"2025/08/13",8.727,8.759,8.772,8.795,8.77
"2025/08/14",8.726,8.76,8.783,8.814,8.82
"2025/08/15",8.726,8.76,8.79,8.828,8.84
"2025/08/19",8.728,8.756,8.78,8.788,8.83
"2025/08/20",8.727,8.758,8.778,8.8,8.835
"2025/08/21",8.73,8.759,8.785,8.815,8.848
"2025/08/22",8.73,8.759,8.755,8.8,8.81
"2025/08/25",8.728,8.759,8.76,8.779,8.79
"2025/08/26",8.728,8.759,8.75,8.753,8.783
"2025/08/27",8.727,8.757,8.741,8.745,8.77
"2025/08/28",8.73,8.758,8.75,8.75,8.794
"2025/08/29",8.727,8.759,8.759,8.765,8.82
"2025/09/01",8.727,8.756,8.77,8.771,8.825
"2025/09/02",8.727,8.756,8.777,8.8,8.848
"2025/09/03",8.727,8.753,8.775,8.806,8.874
"2025/09/04",8.727,8.75,8.778,8.808,8.87
"2025/09/05",8.726,8.745,8.773,8.775,8.79
"2025/09/08",8.727,8.73,8.748,8.732,8.755
"2025/09/09",8.729,8.737,8.755,8.76,8.776
"2025/09/10",8.727,8.742,8.759,8.757,8.748
"2025/09/11",8.727,8.739,8.713,8.705,8.7
"2025/09/12",8.727,8.741,8.723,8.75,8.765
"2025/09/15",8.728,8.742,8.732,8.765,8.78
"2025/09/16",8.729,8.74,8.748,8.78,8.815
"2025/09/17",8.73,8.75,8.771,8.798,8.837
"2025/09/18",8.73,8.748,8.767,8.807,8.825
"2025/09/19",8.73,8.745,8.767,8.783,8.83
"2025/09/22",8.73,8.747,8.758,8.795,8.854
"2025/09/23",8.729,8.746,8.753,8.8,8.868
"2025/09/24",8.729,8.75,8.768,8.825,8.895
"2025/09/25",8.729,8.758,8.78,8.835,8.905
"2025/09/26",8.73,8.757,8.79,8.84,8.925
"2025/09/29",8.731,8.757,8.788,8.815,8.895
"2025/09/30",8.73,8.753,8.783,8.82,8.881
"2025/10/01",8.728,8.754,8.791,8.845,8.903
"2025/10/02",8.728,8.759,8.813,8.868,8.955
"2025/10/03",8.731,8.758,8.838,8.9,9.01
"2025/10/06",8.729,8.759,8.827,8.898,9
"2025/10/07",8.731,8.755,8.828,8.911,9.003
"2025/10/08",8.73,8.759,8.828,8.925,9.015
"2025/10/09",8.731,8.757,8.826,8.923,9.013
"2025/10/10",8.732,8.76,8.823,8.922,9.041
"2025/10/14",8.73,8.759,8.822,8.907,9.06
"2025/10/15",8.73,8.76,8.82,8.88,9.003
"2025/10/16",8.73,8.758,8.822,8.895,9.025
"2025/10/17",8.729,8.759,8.826,8.91,9.095
"2025/10/20",8.73,8.757,8.828,8.93,9.13
"2025/10/21",8.728,8.755,8.827,8.92,9.099
"2025/10/22",8.728,8.759,8.827,8.932,9.117
"2025/10/23",8.727,8.76,8.833,8.95,9.153
"2025/10/24",8.729,8.759,8.834,8.96,9.162
"2025/10/27",8.727,8.757,8.862,8.979,9.22
"2025/10/28",8.729,8.759,8.858,8.983,9.178
"2025/10/29",8.73,8.758,8.869,9.02,9.248
"2025/10/30",8.729,8.758,8.864,9.056,9.31
"2025/10/31",8.73,8.757,8.847,9.014,9.36
"2025/11/04",8.731,8.758,8.84,9.019,9.37
"2025/11/05",8.73,8.757,8.83,9.006,9.394
"2025/11/06",8.728,8.754,8.825,8.97,9.306
"2025/11/07",8.732,8.758,8.863,9.021,9.393
"2025/11/10",8.731,8.756,8.847,9.06,9.421
"2025/11/11",8.733,8.759,8.87,9.125,9.565
"2025/11/12",8.733,8.755,8.9,9.12,9.582
"2025/11/13",8.734,8.759,8.935,9.24,9.726
"2025/11/14",8.734,8.759,8.988,9.277,9.87
"2025/11/18",8.736,8.758,8.97,9.299,9.959
"2025/11/19",8.736,8.758,8.99,9.335,9.982
"2025/11/20",8.735,8.762,8.995,9.335,9.971
"2025/11/21",8.732,8.763,9.003,9.357,10.011
"2025/11/24",8.729,8.76,8.958,9.286,9.86
"2025/11/25",8.727,8.759,8.938,9.25,9.815
"2025/11/26",8.723,8.757,8.98,9.305,9.883
"2025/11/27",8.71,8.76,8.99,9.311,9.895
"2025/11/28",8.658,8.765,9.023,9.35,9.95
"2025/12/01",8.612,8.76,9.003,9.334,9.968
"2025/12/02",8.552,8.758,8.975,9.368,9.985
"2025/12/03",8.644,8.761,8.972,9.35,9.976
"2025/12/04",8.686,8.759,8.972,9.334,9.95
"2025/12/05",8.671,8.8,9.003,9.4,10
"2025/12/09",8.715,8.778,9.003,9.4,10.025
"2025/12/10",8.721,8.781,9.063,9.5,10.173
"2025/12/11",8.721,8.85,9.1,9.6,10.35
"2025/12/12",8.726,8.837,9.028,9.539,10.226
"2025/12/15",8.727,8.843,9.02,9.5,10.18
"2025/12/16",8.727,8.827,9.017,9.5,10.2
"2025/12/17",8.727,8.828,9.033,9.526,10.263
"2025/12/18",8.727,8.881,9.116,9.634,10.41
"2025/12/19",8.726,8.873,9.12,9.58,10.324
"2025/12/22",8.728,8.773,8.975,9.458,10.12
"2025/12/23",8.728,8.759,8.95,9.41,10.098
"2025/12/24",8.73,8.76,8.956,9.411,10.1
"2025/12/26",8.736,8.767,8.991,9.473,10.203
"2025/12/29",8.763,8.818,9.128,9.653,10.472
"2025/12/30",8.745,8.905,9.401,10.163,11.095
"2026/01/02",8.728,8.87,9.288,10.117,11.165
"2026/01/05",8.727,8.861,9.272,10.042,11.108
"2026/01/06",8.729,8.81,9.21,9.905,10.918
"2026/01/07",8.731,8.81,9.208,9.92,10.91
"2026/01/08",8.732,8.915,9.306,10.013,11.008
"2026/01/09",8.736,8.927,9.313,10.005,11.008
"2026/01/13",8.735,8.954,9.333,10.03,11.048
"2026/01/14",8.737,8.991,9.385,10.075,11.056
"2026/01/15",8.739,9.025,9.402,10.12,11.121
"2026/01/16",8.74,9.054,9.475,10.176,11.184
"2026/01/19",8.74,9.08,9.493,10.19,11.19
"2026/01/20",8.741,9.077,9.48,10.203,11.205
"2026/01/21",8.74,9.08,9.478,10.195,11.179
"2026/01/22",8.74,9.125,9.514,10.235,11.25
"2026/01/23",8.735,9.15,9.537,10.239,11.246
"2026/01/26",8.738,9.149,9.528,10.238,11.238
"2026/01/27",8.732,9.16,9.545,10.277,11.292
"2026/01/28",8.735,9.188,9.535,10.222,11.203
"2026/01/29",8.742,9.267,9.598,10.277,11.265
"2026/01/30",8.746,9.275,9.585,10.3,11.255
"2026/02/02",9.638,9.68,10.04,10.745,11.667
"2026/02/03",9.637,9.667,10.091,10.848,11.789
"2026/02/04",9.639,9.664,10.079,10.863,11.818
"2026/02/05",9.631,9.675,10.157,10.944,11.936
"2026/02/06",9.634,9.68,10.201,11.112,12.132
"2026/02/09",9.642,9.673,10.195,11.095,12.02
"2026/02/10",9.628,9.671,10.2,11.098,12.038
"2026/02/11",9.635,9.67,10.223,11.141,12.125
"2026/02/12",9.637,9.669,10.265,11.145,12.068
"2026/02/13",9.638,9.668,10.26,11.06,11.883
"2026/02/16",9.639,9.666,10.312,11.135,11.995
"2026/02/17",9.645,9.664,10.348,11.125,12.01
"2026/02/18",9.645,9.66,10.365,11.165,12.055
"2026/02/19",9.641,9.662,10.398,11.2,12.085
"2026/02/20",9.629,9.662,10.436,11.23,12.105
"2026/02/23",9.627,9.663,10.431,11.21,12.127
"2026/02/24",9.643,9.66,10.486,11.277,12.24
"2026/02/25",9.639,9.668,10.51,11.323,12.315
"2026/02/26",9.629,9.674,10.54,11.38,12.4
"2026/02/27",9.634,9.709,10.553,11.37,12.367
"2026/03/02",9.636,9.759,10.587,11.408,12.419
"2026/03/03",9.636,9.771,10.628,11.449,12.504
"2026/03/04",9.628,9.779,10.613,11.416,12.453
"2026/03/05",9.631,9.825,10.673,11.475,12.405
"2026/03/06",9.629,9.847,10.74,11.544,12.513
"2026/03/09",9.622,9.903,10.715,11.47,12.395
"2026/03/10",9.617,9.96,10.675,11.398,12.208
"2026/03/11",9.621,10.008,10.72,11.425,12.296
"2026/03/12",9.623,10.084,10.802,11.564,12.442
"2026/03/13",9.626,10.085,10.806,11.568,12.434
"2026/03/16",9.63,10.117,10.822,11.609,12.499
"2026/03/17",9.634,10.148,10.84,11.6,12.43
"2026/03/18",9.636,10.18,10.88,11.688,12.557
"2026/03/19",9.638,10.264,10.975,11.762,12.652
"2026/03/20",9.642,10.3,11.015,11.82,12.704
"2026/03/24",9.641,10.315,11.005,11.781,12.676
"2026/03/25",9.642,10.35,10.976,11.722,12.64
"2026/03/26",9.643,10.41,11.005,11.745,12.653
"2026/03/27",9.636,10.425,11.024,11.745,12.67
"2026/03/30",9.635,10.453,11,11.715,12.645
"2026/03/31",9.635,10.555,11.023,11.71,12.588
"2026/04/01",10.515,10.585,11.085,11.755,12.645
"2026/04/06",10.522,10.583,10.995,11.63,12.476
"2026/04/07",10.518,10.629,10.956,11.6,12.435
"2026/04/08",10.524,10.653,10.983,11.57,12.35
"2026/04/09",10.531,10.7,11.04,11.59,12.28
"2026/04/10",10.521,10.683,11.036,11.565,12.265
"2026/04/13",10.519,10.705,11.053,11.578,12.283
"2026/04/14",10.518,10.715,11.07,11.55,12.258
"2026/04/15",10.516,10.717,11.05,11.566,12.195
"2026/04/16",10.516,10.71,11.05,11.578,12.23
"2026/04/17",10.508,10.717,11.06,11.57,12.218
"2026/04/20",10.523,10.745,11.135,11.6,12.24
"2026/04/21",10.516,10.82,11.173,11.66,12.292
"2026/04/22",10.525,10.87,11.2,11.715,12.41
"2026/04/23",10.521,10.955,11.3,11.858,12.535
"2026/04/24",10.521,10.912,11.3,11.865,12.575
"2026/04/27",10.528,10.98,11.343,11.901,12.593
"2026/04/28",10.53,11.078,11.427,11.985,12.708
"2026/04/29",10.531,11.06,11.43,12.033,12.771
"2026/04/30",10.532,11.062,11.447,12.047,12.8
"2026/05/04",10.522,10.577,10.89,11.5,12.37
"2026/05/05",10.505,10.58,10.87,11.5,12.37
"2026/05/06",10.515,10.58,10.898,11.525,12.44
"2026/05/07",10.524,10.573,10.86,11.485,12.363
"2026/05/08",10.522,10.58,10.86,11.463,12.35
"2026/05/11",10.511,10.575,10.868,11.478,12.357
"2026/05/12",10.523,10.575,10.88,11.453,12.312
"2026/05/13",10.527,10.58,10.98,11.555,12.415
"2026/05/14",10.526,10.586,10.99,11.573,12.448
"2026/05/15",10.524,10.65,11.074,11.66,12.598
"2026/05/19",10.521,10.61,11.168,11.826,12.81
"2026/05/20",10.53,10.58,11.107,11.724,12.635
"2026/05/21",10.525,10.578,11.123,11.74,12.642
"2026/05/22",10.526,10.58,11.11,11.708,12.531
"2026/05/25",10.521,10.57,11.105,11.69,12.46
"2026/05/26",10.521,10.568,11.116,11.724,12.455
"2026/05/27",10.529,10.581,11.2,11.823,12.567
"2026/05/28",10.541,10.623,11.225,11.86,12.618
"2026/05/29",10.544,10.641,11.26,11.9,12.691
"2026/06/01",10.542,10.59,11.21,11.77,12.45
"2026/06/02",10.531,10.59,11.23,11.776,12.413
"2026/06/03",10.542,10.61,11.25,11.811,12.42
"2026/06/04",10.543,10.665,11.24,11.775,12.375
"2026/06/05",10.544,10.715,11.31,11.823,12.445
"2026/06/09",10.543,10.735,11.365,11.865,12.513
"2026/06/10",10.544,10.755,11.363,11.867,12.49
"2026/06/11",10.531,10.801,11.355,11.843,12.42
"2026/06/12",10.516,10.79,11.328,11.745,12.28
"2026/06/16",10.528,10.858,11.352,11.748,12.151
"2026/06/17",10.54,10.896,11.375,11.754,12.204
"2026/06/18",10.542,10.92,11.4,11.785,12.215
"2026/06/19",10.539,10.935,11.437,11.803,12.24
"2026/06/22",10.521,10.941,11.437,11.828,12.216
"2026/06/23",10.516,10.935,11.435,11.83,12.268
"2026/06/24",10.529,10.955,11.46,11.855,12.247
"2026/06/25",10.519,11.05,11.485,11.838,12.208
"2026/06/26",10.524,11.075,11.455,11.776,12.09
"2026/06/30",10.538,11.08,11.478,11.78,12.065
"2026/07/01",11.192,11.205,11.585,11.885,12.22
"2026/07/02",11.195,11.25,11.578,11.855,12.167
"2026/07/03",11.177,11.253,11.579,11.88,12.263
"2026/07/06",11.185,11.29,11.61,11.905,12.36
"2026/07/07",11.185,11.318,11.63,11.97,12.39
"2026/07/08",11.191,11.318,11.65,12.019,12.455
"2026/07/09",11.185,11.316,11.61,11.955,12.38
"2026/07/10",11.184,11.318,11.599,11.926,12.268
"2026/07/14",11.181,11.318,11.6,11.918,12.235
"2026/07/15",11.183,11.415,11.625,11.945,12.273
"2026/07/16",11.183,11.424,11.659,11.975,12.345
"2026/07/17",11.18,11.45,11.67,11.998,12.375
"2026/07/21",11.184,11.507,11.788,12.11,12.51
"2026/07/22",11.192,11.51,11.81,12.13,12.537
"2026/07/23",11.198,11.529,11.816,12.135,12.62
"2026/07/24",11.189,11.501,11.77,12.1,12.53
"2026/07/27",11.194,11.505,11.753,12.055,12.482
"2026/07/28",11.173,11.526,11.78,12.053,12.395
"2026/07/29",11.189,11.58,11.833,12.11,12.518
"2026/07/30",11.192,11.583,11.818,12.07,12.483
"2026/07/31",11.192,11.555,11.768,12.025,12.44
"2026/08/03",11.187,11.2,11.455,11.745,12.153
"2026/08/04",11.185,11.234,11.428,11.735,12.125
"2026/08/05",11.185,11.23,11.406,11.758,12.22
"2026/08/06",11.182,11.231,11.424,11.773,12.22
"2026/08/10",11.185,11.231,11.425,11.795,12.28
"2026/08/11",11.183,11.232,11.41,11.74,12.18
"2026/08/12",11.179,11.231,11.405,11.72,12.128
"2026/08/13",11.178,11.23,11.42,11.71,12.075
"2026/08/14",11.183,11.23,11.408,11.725,12.085
"2026/08/18",11.189,11.232,11.436,11.756,12.165
"2026/08/19",11.186,11.236,11.424,11.728,12.118
"2026/08/20",11.19,11.235,11.427,11.737,12.129
"2026/08/21",11.188,11.234,11.42,11.725,12.123
"2026/08/24",11.18,11.235,11.41,11.7,12.05
"2026/08/25",11.169,11.235,11.44,11.71,12.05
"2026/08/26",11.176,11.232,11.438,11.708,12.108
"2026/08/27",11.177,11.233,11.43,11.706,12.104
"2026/08/28",11.178,11.232,11.42,11.732,12.202
"2026/08/31",11.174,11.234,11.42,11.716,12.256
"2026/09/01",11.179,11.235,11.4,11.7,12.174
"2026/09/02",11.171,11.235,11.43,11.677,12.14
"2026/09/03",11.17,11.237,11.45,11.715,12.14
"2026/09/04",11.167,11.24,11.43,11.69,12.11
"2026/09/07",11.167,11.24,11.42,11.685,12.11
"2026/09/08",11.166,11.25,11.48,11.755,12.18
"2026/09/09",11.175,11.263,11.46,11.78,12.245
"2026/09/10",11.179,11.3,11.495,11.83,12.305
"2026/09/11",11.177,11.302,11.51,11.83,12.278
"2026/09/14",11.178,11.308,11.5,11.83,12.308
"2026/09/15",11.179,11.326,11.56,11.883,12.395
"2026/09/16",11.182,11.32,11.54,11.85,12.316
"2026/09/17",11.181,11.32,11.533,11.847,12.325
"2026/09/18",11.185,11.35,11.59,11.913,12.407
"2026/09/21",11.183,11.325,11.568,11.885,12.368
"2026/09/22",11.176,11.304,11.522,11.815,12.27
"2026/09/23",11.181,11.319,11.546,11.831,12.28
"2026/09/24",11.183,11.32,11.555,11.86,12.31
"2026/09/25",11.187,11.315,11.543,11.846,12.335
"2026/09/28",11.186,11.306,11.539,11.839,12.345
"2026/09/29",11.185,11.295,11.54,11.83,12.345
"2026/09/30",11.193,11.31,11.557,11.843,12.342
"2026/10/01",11.406,11.44,11.708,12.01,12.551
"2026/10/02",11.407,11.429,11.715,12.003,12.54
"2026/10/05",11.412,11.431,11.74,12.059,12.591