Date,9_empresas|igual,9_empresas|min_var_muestral,9_empresas|min_var_lw,9_empresas|min_cvar,9_empresas|paridad_riesgo,liquidas|igual,liquidas|min_var_muestral,liquidas|min_var_lw,liquidas|min_cvar,liquidas|paridad_riesgo,ibr
2021-01-01,0.998,0.998,0.998,0.998,0.998,0.998,0.998,0.998,0.998,0.998,1.0000684784595422
2021-01-04,0.9949057282833386,0.9948093750171412,0.9950919869062502,0.9961466714801251,0.9945521166598615,1.0016291509757724,1.002869162355921,1.0032101983546131,1.0026216814481366,1.0031415390408798,1.0001367604219193
2021-01-05,1.003426900376121,1.0049290588864597,1.0055915837117557,1.0061814816354344,1.0035605984831903,1.0029259991099937,1.0007295653584865,1.002103614782453,0.9997324536163605,1.0040062118127555,1.000204604406005
2021-01-06,1.003421050976753,0.9997220677886578,1.0006469703998973,1.0002250073719932,1.0019028931321385,1.008969772960239,1.0063990268695302,1.007551886995705,1.0055624264177652,1.0093702932991966,1.0002724127495044
2021-01-07,0.9940577277253334,0.9882114084513528,0.9882800205404519,0.9911642769458818,0.9914037915904443,1.0098031904197202,1.00220218384848,1.0041571828379707,1.0007834921957168,1.0087020466131797,1.000340467162989
2021-01-08,0.9975712369142786,0.9896220073488514,0.9900932059232503,0.9904373849381717,0.9945947695927138,1.0135843986795798,1.0046192680559867,1.0068378250932748,1.0030093192187242,1.011733186228614,1.0004084859583835
2021-01-11,0.9975712369142786,0.9896220073488514,0.9900932059232503,0.9904373849381717,0.9945947695927138,1.0135843986795798,1.0046192680559867,1.0068378250932748,1.0030093192187242,1.011733186228614,1.00047650937876
2021-01-12,1.0074297813844721,1.0002174910702213,1.00062768277132,1.0024246862443416,1.0044068156344024,1.018954939584639,1.0062720111116665,1.009238356878135,1.0041194115447512,1.0159796284073217,1.0005447386929647
2021-01-13,1.0034341612176547,0.9956962263447515,0.9962514811086515,0.9983921310527631,1.0001819683245223,1.0180173879198136,1.0069099046952414,1.0097327054727885,1.0048614719737687,1.0158653444324366,1.000612892147287
2021-01-14,1.0102675737947246,0.999204873293398,0.9998777226445172,1.0006699012302631,1.0062041166242721,1.0262576381939876,1.0127672362476936,1.0156711097399567,1.010659971176817,1.0226044512224832,1.0006810502439738
2021-01-15,1.008569900369546,1.002002126809036,1.0028447130992815,1.0032248471370533,1.0062177881630265,1.0205267199690198,1.0113083792235744,1.0138376103268885,1.009472982339244,1.0186193294331367,1.000749172721405
2021-01-18,1.0048084521813958,0.9990409285180832,0.9991841100350048,1.0005461506914122,1.002319933179179,1.0174100258642478,1.0059523006841051,1.0087049249463367,1.0039547932250155,1.0149767468211173,1.0008175414244185
2021-01-19,1.010162122187147,1.0053812125649466,1.0059364721682664,1.0082136208068724,1.008021103489795,1.0194929667424935,1.0078235915186136,1.0109356152551432,1.00556527725761,1.0172526551780103,1.000885753728495
2021-01-20,1.0163549945646742,1.0129576157929547,1.0145013257527857,1.0136976258570973,1.0150671622463847,1.0278996942001595,1.01932698009374,1.0227966690225312,1.0168091175539533,1.0278717433455142,1.0009538498711725
2021-01-21,1.0104648123723126,1.0094768895030348,1.0108821373066437,1.0102613040404314,1.009542956807718,1.0204864850738136,1.0130483917294337,1.0165716795632318,1.0104916338656398,1.021779095582486,1.0010220311926545
2021-01-22,1.0099129491232406,1.0149524710437385,1.0165648511292416,1.0146635873063623,1.0110831030557208,1.0099552312104771,1.0051965593387675,1.0086986313527455,1.0026551972407243,1.01280917578987,1.0010903379853677
2021-01-25,1.009270096467858,1.0148833669529544,1.0169287709971986,1.0144070674970096,1.010873129745285,1.006580944886322,1.0036646170813646,1.0069599240665317,1.0012732989588091,1.0101657861019349,1.0011587702743532
2021-01-26,1.00896468478935,1.0116506513990842,1.0138618004600912,1.010550902590647,1.0096110019905562,1.011380290466196,1.0062133998469143,1.0099853403010095,1.0034762012776526,1.0143294103212166,1.0012272475223767
2021-01-27,0.9961568642798864,1.0010073518214053,1.0033776283962537,0.998786449936696,0.9980431301973296,0.9977849765220805,1.0006594640901114,1.002842128757763,0.9990755614070808,1.0030894219354227,1.001295890589773
2021-01-28,0.9868266747183941,0.99509789818978,0.9970460605406518,0.9935061542963104,0.9898086059475465,0.9819494269840653,0.9884871800678228,0.9896681797592188,0.9876301594692931,0.9879804182183223,1.0013646189366252
2021-01-29,0.9846961423352791,0.9902119218756141,0.9933379697288882,0.9886170183883186,0.9872757014350411,0.9907927157074099,1.008167843052876,1.007697595117167,1.008509089685077,1.0002278928459445,1.0014333117115037
2021-02-01,0.9846961423352791,0.9902119218756141,0.9933379697288882,0.9886170183883186,0.9872757014350411,0.9907927157074099,1.008167843052876,1.007697595117167,1.008509089685077,1.0002278928459445,1.0015022509519131
2021-02-02,0.9851541578950209,0.9891052742936384,0.9921058215505086,0.9832089105624466,0.9873067572717152,0.9885976199449548,1.0001420449309446,1.0004770722143592,0.9997668666455384,0.9955710218025333,1.0015712352331252
2021-02-03,0.9804545703838592,0.9875468014767338,0.9901268170315253,0.9819641803038026,0.9832876737143835,0.9788495303580588,0.9886284512923215,0.9892945430864086,0.9879593678445668,0.9856936635951687,1.00164022426603
2021-02-04,0.9786855625483274,0.9846847508807877,0.9869980781347966,0.9789929377184656,0.9808878041302828,0.9815650104756717,0.9880163948833312,0.9892915812377996,0.9868050020408872,0.9874983236039352,1.001709177750418
2021-02-05,0.9849584308452324,0.99601212905831,0.9979193003945537,0.9908256835989104,0.9885395474487997,0.985394437174157,0.9910492684632853,0.9927089591421818,0.9894952681345083,0.9919927244986648,1.0017781762849143
2021-02-08,0.9943360642103879,0.9995826694291444,1.0018263609531874,0.9948402455225451,0.9962015258491622,0.9998904315789894,1.0042238353644104,1.005814515347302,1.00273027182058,1.0053710355117522,1.0018471795720854
2021-02-09,0.9932012400028631,0.9930628118000101,0.9956730886132328,0.9872192930506507,0.9936125612249733,1.003593444484754,1.0081483331640124,1.0094012286113285,1.0069552417114,1.0082951205476114,1.0019161876122584
2021-02-10,0.995803234466182,0.9963788931923431,0.9996339701915947,0.9860475358881806,0.9968080543175203,0.9947115100512121,0.9983734064788733,0.9999405563513395,0.9969012444638147,0.9995453043297106,1.0019851600941203
2021-02-11,1.0040643106446894,1.0090280930884294,1.0126920129119557,0.9953086567653998,1.007140996320156,0.9895654123355196,0.9969532272278652,0.9978475027534359,0.9960803222555403,0.9954477265480212,1.0020541373240872
2021-02-12,0.9990925496473791,0.9994625515295275,1.003596987073106,0.9848777378856868,1.0007060849396532,0.9871970678429206,0.9933050834310297,0.9944672915744601,0.9921938834145093,0.9927314185556054,1.0021231596196767
2021-02-15,1.0005198714315504,0.9981089208988045,1.002180554685185,0.9854831817150796,1.0011318331299566,1.0031130702071445,1.0090238342561377,1.0104681612298487,1.0076602190347543,1.0084991253652815,1.0021921866695775
2021-02-16,0.9983485686169147,0.9936966486978105,0.997673439365948,0.9822670037686106,0.9980588609604298,1.0066418641467536,1.0114830625853368,1.013080133568262,1.0099832504364616,1.0116663217632766,1.002261178151372
2021-02-17,0.9944905470497347,0.9905330105582544,0.9947082697230382,0.9784991912744706,0.9944180467011534,1.00053453520821,1.0052548998730118,1.0071198743957024,1.0035170168433925,1.0059252526752716,1.0023301743825794
2021-02-18,0.9914598445907569,0.9905688698122632,0.9948336921953085,0.9778424981284507,0.9924949970563407,0.9887822084520953,0.995041237385705,0.9966481394112717,0.9935339349106797,0.9949515538948738,1.0023991753635269
2021-02-19,0.9906738323738972,0.990525920991376,0.9945026604516094,0.9785972006234948,0.9917372868014687,0.9834986492325712,0.9878313874957025,0.9895939470085334,0.9861860369005154,0.9888845543971546,1.002468181094541
2021-02-22,0.9916837185589036,0.9870309928885481,0.9911080271611442,0.9744203271950274,0.9911868603159726,0.9913356936052239,0.9913307243313924,0.9938603323510888,0.9890021013595567,0.9952052584664687,1.0025371512420995
2021-02-23,0.9959803335251628,0.9838831600937048,0.9886501111834397,0.9714523003493682,0.9933460638188689,1.0081420507774572,1.0064459246768491,1.009367125079676,1.0037674542817303,1.0112220804844174,1.0026060051249572
2021-02-24,1.0012027673459072,0.9956265961559572,0.9991888958239445,0.9848427075838091,0.9999708768110357,1.0106685348161595,1.0078347456621624,1.010858380175648,1.0050649580718976,1.0139488639613057,1.0026748637366745
2021-02-25,0.9921469139074609,0.9911153234637468,0.9945540585337487,0.9806528677069839,0.992357780766797,0.997082938197934,0.9943595916098514,0.9976511982226619,0.9913522290140957,1.0010517007018238,1.0027436463932498
2021-02-26,0.9811692368372015,0.9800891275771723,0.9833103637558761,0.970661612842294,0.9811956233836507,0.9841095419137541,0.981361690004201,0.9845228090966741,0.9785591619912546,0.9877717666897227,1.0028121916986878
2021-03-01,0.9868885810191177,0.9850567689338323,0.9883402572741159,0.9763295707358595,0.9867630810952187,0.9898062675875102,0.987521938003435,0.9905027329887587,0.9857046189260119,0.9936893362639913,1.0028806206466772
2021-03-02,0.9851503087727483,0.9829328937810073,0.9862057998182978,0.9750476478104912,0.9849383353097009,0.9877527313976086,0.9851626857777933,0.9881380395177692,0.9833412915880225,0.9913367201005033,1.0029488928623143
2021-03-03,0.9835925960740612,0.982339561458559,0.9854253475997254,0.9760459323432682,0.9835592571334275,0.9841603363254726,0.9806968740429483,0.9837982383108885,0.9781848768899342,0.9871450601248779,1.0030171697256587
2021-03-04,0.9773057585261132,0.9745435944224363,0.9771490437712382,0.9661634518690525,0.9765870164357592,0.9880952944416066,0.9840281746272183,0.9872828005094763,0.9807926100544722,0.9911062053384349,1.0030855319488845
2021-03-05,0.9956519462501131,0.9825103193516247,0.9861820362878285,0.9773716733741605,0.9923779002774608,1.002650202688708,0.9923254167964343,0.9958924384871909,0.9876350075598098,1.0025641303304555,1.0031540199074882
2021-03-08,0.9921405126993588,0.9855389647853474,0.989033385117442,0.9781807823586547,0.9906884752845495,0.9999080243792967,0.9937002873085891,0.997278303146408,0.9889730599555725,1.0019371953173761,1.0032223107350846
2021-03-09,0.9930724545391245,0.9888687684133374,0.9922971937142571,0.9823607630039864,0.9922163890110515,0.9963871793202914,0.9905250637729976,0.9941605480003844,0.985467758133647,0.998895740956966,1.0032903640265716
2021-03-10,0.988564040964641,0.9878431859106579,0.9900032258043979,0.9816938519815191,0.9881380239696811,0.992869438939295,0.9849339362755012,0.9888667389040211,0.978312860604681,0.9949906152069641,1.0033581393660251
2021-03-11,0.9883530243282433,0.9894910355473796,0.9911015319888345,0.9811284305611888,0.9882309455459909,0.9972908007643326,0.9903534571807943,0.9942425205778369,0.9840234871962975,1.0002926473520926,1.0034254752178942
2021-03-12,0.9894049043602503,0.9897211092970362,0.9913716114345109,0.9813080128336479,0.989053697892012,1.0016630238429802,0.9949662923830298,0.9989206034225737,0.9883707097230506,1.0047749042325818,1.0034908777167564
2021-03-15,0.9946601918624326,0.9879363406676902,0.9902781582364553,0.9785602231432882,0.9924608703879214,1.0131662976232312,1.0025428151670512,1.0070606854768294,0.9932245326297565,1.0148601879634556,1.0035560422288021
2021-03-16,0.9911694228225475,0.9824018998751929,0.9854023781328679,0.9734981291511482,0.988471600429327,1.0096567195224786,0.9999250956657535,1.0044021638834024,0.9907764565014835,1.0116626979485985,1.0036218570136812
2021-03-17,0.9911656120776428,0.9833849259847428,0.9864247448615698,0.9768524001610995,0.9887259905355144,1.007607670225822,0.9979482554998508,1.0024614427899399,0.9885924107160357,1.009647094321083,1.0036886856206184
2021-03-18,0.9765231790352253,0.9760908738334908,0.9786600293780042,0.9698949296351546,0.9760063694052126,0.9883434278253569,0.9829316844546545,0.9871381749680669,0.9749128894814668,0.9922628686580283,1.003756043655607
2021-03-19,0.9783377566452773,0.976180080563002,0.9798587368621484,0.9702475115770551,0.977383212433371,0.9846994932756208,0.9780563523611079,0.9824919253338418,0.9688251438500595,0.9883157756094951,1.0038235677536083
2021-03-22,0.9783377566452773,0.976180080563002,0.9798587368621484,0.9702475115770551,0.977383212433371,0.9846994932756208,0.9780563523611079,0.9824919253338418,0.9688251438500595,0.9883157756094951,1.0038910963940517
2021-03-23,0.9702330642106708,0.9750987538401971,0.9774003861980515,0.9672971511923508,0.9713131226657977,0.9767131064512536,0.9736301699194357,0.977527429298583,0.9670370267823949,0.981609431236934,1.003958548795083
2021-03-24,0.9786928132962113,0.9787084016275024,0.9815470075846987,0.97400983905447,0.9785486099451899,0.9829834173104421,0.9770637101160382,0.9810648336570387,0.9699958296457253,0.9862032490963374,1.004026409666264
2021-03-25,0.978415401501348,0.9785881814282089,0.9813135417163754,0.9746960291599646,0.9783127860405341,0.9833346277785082,0.9781463106097193,0.98197021539316,0.9719806423251336,0.9867754539174751,1.0040942751243853
2021-03-26,0.9817301956172151,0.9798290054353717,0.9828165009118068,0.9779627884447627,0.9810676726387666,0.9891665004249822,0.9830587800788384,0.9871123078768113,0.975807988291864,0.9921669601955341,1.0041621451697569
2021-03-29,0.9821434565913884,0.9780344311759571,0.9811024458892772,0.9766096921692479,0.9808587487217522,0.9913811256288432,0.9834904119598329,0.9877461628983945,0.9752322521133403,0.9934940038279936,1.004229898596721
2021-03-30,0.9853680872267151,0.9850390835685484,0.987715595838054,0.986001001904256,0.9847905671903416,0.9893109546765214,0.9823759788487034,0.986638966414662,0.9740667633199819,0.9920986567412445,1.0042981010470742
2021-03-31,0.9836724036502513,0.9838907761753128,0.9868674459732094,0.9915195059228893,0.9833331397741615,0.9790271062424508,0.9710894489074536,0.9753687923249772,0.9623985701243358,0.9811522219924813,1.0043660656846334
2021-04-01,0.9836724036502513,0.9838907761753128,0.9868674459732094,0.9915195059228893,0.9833331397741615,0.9790271062424508,0.9710894489074536,0.9753687923249772,0.9623985701243358,0.9811522219924813,1.0044340349216156
2021-04-02,0.9836724036502513,0.9838907761753128,0.9868674459732094,0.9915195059228893,0.9833331397741615,0.9790271062424508,0.9710894489074536,0.9753687923249772,0.9623985701243358,0.9811522219924813,1.0045020087583323
2021-04-05,0.9864189878209904,0.988261877980771,0.9908140320663583,0.9938626199409603,0.9864975278352027,0.9836148351491949,0.9784384860369271,0.9826054539232858,0.9704859932727173,0.9873528553444335,1.0045701084420926
2021-04-06,0.9854858105801465,0.9875255200744382,0.9900659977642072,0.9896682361057186,0.9857016279889378,0.9820318339255748,0.9780943607506456,0.9821211324283435,0.9709596435223508,0.9861259838449717,1.0046381723242286
2021-04-07,0.9884785256350652,0.9870901415480219,0.9902504521113219,0.9887940265245158,0.9878540347328004,0.9890663913074189,0.9831756263026801,0.9872883350402689,0.9756826830788683,0.9920643721763239,1.0047064025025638
2021-04-08,0.9853273316624284,0.9890540912023873,0.9909104806043476,1.0074505464746155,0.9856709105295852,0.9770932637586655,0.9718953733438845,0.9757990398861669,0.9655244287147354,0.9802209678799552,1.0047747181625484
2021-04-09,0.9900443970297007,0.9955888525705094,0.9974455686688881,1.015132256574577,0.9909779205471944,0.9723560707872849,0.9676524189374426,0.9715052207447871,0.961499104451253,0.9756683502907672,1.0048432810275587
2021-04-12,0.9894722881759619,0.9945734806663834,0.9964891159406901,1.0086263857553286,0.9901879308524812,0.9739914980389428,0.968828619261741,0.9728283083486513,0.9618032051485764,0.977562027213899,1.0049115251358876
2021-04-13,0.9858899345154271,0.9891668355146457,0.9916165338965823,1.0032194217052768,0.9862179707755718,0.9687261980550588,0.9631955783162325,0.9671762688037482,0.9561694177889006,0.9717951835197614,1.0049799356076106
2021-04-14,0.9858899345154271,0.9891668355146457,0.9916165338965823,1.0032194217052768,0.9862179707755718,0.9687261980550588,0.9631955783162325,0.9671762688037482,0.9561694177889006,0.9717951835197614,1.0050485124760544
2021-04-15,0.987239926434257,0.9846817135033622,0.9881888933193348,1.0005235582903012,0.9862298669605791,0.9809834493683381,0.9744185378997641,0.9784325113507046,0.9673901125186375,0.9830528683384475,1.0051169727110023
2021-04-16,0.9904461321445721,0.988531747222656,0.9915690481312596,1.0066242632084899,0.9896201670885472,0.9845275787547858,0.9773102260880071,0.9811988117238957,0.9712336836950801,0.986201694990467,1.0051854376092113
2021-04-19,0.9887397444366305,0.9880828034947975,0.9911072783159203,1.009226800330462,0.9883300050573959,0.9785730723406494,0.9706986169697432,0.9745965962344746,0.9644484971347358,0.9797233743486096,1.0052541902731889
2021-04-20,0.9911728589850999,0.9898637175947463,0.9933124039806518,1.0096603155700454,0.9907602923469179,0.9755540525460584,0.9682611389980931,0.9721076898646632,0.9622566372615667,0.9769017631261672,1.0053229476397105
2021-04-21,0.9887340557376604,0.9891059069401047,0.9921450187796576,1.0117772701966186,0.9886303145421996,0.9719627081203946,0.9653699249857928,0.9691853375480771,0.9594783548507727,0.9737245320049569,1.005391831055213
2021-04-22,0.9774473304608005,0.9779850507189538,0.9807867569668467,1.0002771593043447,0.9772281848439384,0.9642117859955734,0.9576843914302282,0.9615196246280133,0.9515219716214874,0.9661390364120599,1.0054609214479102
2021-04-23,0.9707509469621585,0.9704151384336525,0.9736205558646475,0.9942998932857576,0.9703710970333077,0.9525626864929672,0.945757902993491,0.9495523213014476,0.9396115937677023,0.9540198418114542,1.0055300570427497
2021-04-26,0.9785129046210671,0.9737223759708776,0.9775332807194924,0.9983573671276813,0.9770773979960222,0.9710546242933699,0.963477094555648,0.9672694261023264,0.957705436415497,0.971827281444431,1.0055992378484018
2021-04-27,0.9867926043820248,0.9779205732945324,0.9829634083497373,0.998227883151118,0.9846656351632902,0.9816846258942185,0.9742952883792663,0.9780932881942221,0.9686053006979833,0.9820384761097748,1.0056684234137165
2021-04-28,0.9886061878721952,0.9793034828510813,0.9845908311245762,0.9988147598223925,0.9863790208098182,0.9798680814002848,0.9700347183985473,0.9739729768278346,0.9634971902067716,0.9790642858524156,1.0057374518885882
2021-04-29,0.9867379052813738,0.9801913674370477,0.9852303496458594,0.9959820699079119,0.9851106482848877,0.9743123972265357,0.9659865219061693,0.9699799839689522,0.9588916072754184,0.9743461264238634,1.0058066874284626
2021-04-30,0.9670345282084374,0.9652104911313744,0.9692230491042602,0.9854443780480453,0.9662497729598021,0.9496232573384783,0.944699945991774,0.9485832979518546,0.9376069147899008,0.9516357892645498,1.0058760896072467
2021-05-03,0.9501578137836472,0.9425720194345891,0.9482193332297649,0.9617647349508639,0.9481761407292396,0.9334014383491063,0.9263969497470629,0.9303724351351863,0.9193697488907714,0.9339052857556213,1.0059455370458534
2021-05-04,0.9538095981124067,0.9501363201190152,0.954634482642216,0.9696772911600398,0.9526888165055605,0.9314323483966137,0.9243011702863482,0.9283381990576602,0.9172877933327573,0.9323529719940451,1.0060150297529948
2021-05-05,0.9630917825046149,0.9572518400225664,0.9622637317354058,0.9828685086513077,0.9615274295458619,0.9410834207342087,0.9309202356025531,0.9350286930534354,0.9239515969424408,0.9402665185589258,1.0060844867842715
2021-05-06,0.9808971309844831,0.9800507164453034,0.9837225963811366,1.0097150613572456,0.9805830133577577,0.9621964982423175,0.9533455659525585,0.9572922772113841,0.9463761152469353,0.9623348191710692,1.0061539486109827
2021-05-07,0.986674468463544,0.9840507480991876,0.9887578859693031,1.0119387189215836,0.9862169406147661,0.9620783132012676,0.9520416279080329,0.9558767246848657,0.9451894363012091,0.961152044777879,1.0062234152334595
2021-05-10,1.0000413011911764,0.9927397429691733,0.9986069555731859,1.0197080303925719,0.9984465258949994,0.9803444712629532,0.9677810398450178,0.9716655475601869,0.9609164716355502,0.9778698995180819,1.006292643742388
2021-05-11,0.9926399045950328,0.9919354737251967,0.9956231969759152,1.0193955664402137,0.9924560169660879,0.9735692568008063,0.9634274680293871,0.9673072231072694,0.9565482990091794,0.973150552038997,1.0063618365265368
2021-05-12,0.9898081428656866,0.9827132112623487,0.9883360335459916,1.010065035369397,0.9882302395450535,0.9706807170836323,0.9573454356256835,0.9613891843307674,0.9504481274815426,0.9679812620918187,1.0064312365209354
2021-05-13,0.987398977604111,0.9850644869239745,0.9893298149806979,1.0132132951892958,0.9868003396437018,0.9650019255070323,0.9547207579189642,0.9585943157326413,0.9478625904162273,0.9642085903041041,1.006500641301246
2021-05-14,0.9931554849431729,0.9871952248577084,0.9923450022010328,1.0143601907672046,0.9917444084156583,0.9768064486070281,0.9629199346446621,0.9669605675624595,0.9560399467011794,0.9739356292458848,1.0065700508677988
2021-05-17,0.9931554849431729,0.9871952248577084,0.9923450022010328,1.0143601907672046,0.9917444084156583,0.9768064486070281,0.9629199346446621,0.9669605675624595,0.9560399467011794,0.9739356292458848,1.0066394652209238
2021-05-18,0.9877985256475587,0.9869512586097987,0.9906141626063638,1.0189387256530507,0.9874339348986402,0.9622015506654599,0.9495522945024196,0.9536596473001953,0.9426577752051943,0.9603964028232168,1.006708924862632
2021-05-19,0.9881958448412224,0.991933383735836,0.9939629530389475,1.027184414210969,0.988708728175889,0.9628413687009136,0.9510274285857672,0.9551433483413536,0.9441341570495037,0.9620180911891955,1.0067784703061136
2021-05-20,0.9794324725773776,0.9829866034762716,0.9855517190093793,1.018230841428056,0.9802080263368749,0.9509117555355597,0.9387250731450586,0.942709802426176,0.9319755259240924,0.9494425605725475,1.0068481825830364
2021-05-21,0.9722198080063466,0.9757427346492975,0.9780026926662171,1.0166761208182646,0.9728768586559942,0.9424207259900269,0.9301128338085674,0.9339748864409162,0.9235259537697983,0.9409654131274767,1.0069180617273732
2021-05-24,0.9624309157353961,0.9628770682035167,0.9662509936512256,1.0085470305361024,0.9626575182042758,0.9277234640483475,0.9126640585885493,0.9165335104424909,0.9062442327953798,0.9243757516753678,1.006987702644227
2021-05-25,0.9472276687621802,0.9473182806635718,0.9508435940127584,0.988825158689029,0.9473839702547662,0.9174368979927273,0.9041620030927442,0.9078807993703881,0.8977991237082436,0.9147957777605673,1.0070574699247032
2021-05-26,0.9346256062646474,0.9353751216039523,0.9387684158966895,0.9765304472482422,0.9348908504671118,0.8977737453471261,0.883608898131795,0.8873928762041854,0.8773305074888313,0.8946696133906358,1.0071272420388764
2021-05-27,0.9105751537793941,0.9043545909435421,0.9098091304694897,0.9528125586367491,0.9091208233438569,0.8784418783486838,0.8615163940831251,0.8652996030590965,0.8553263302017222,0.8724305009863526,1.007197140551015
2021-05-28,0.9306591727356402,0.9340800218124716,0.9360186021912871,0.9717342311171214,0.9310450583064865,0.913456550785586,0.9022736185877137,0.9060587962426209,0.8957826143474116,0.9121733513081095,1.0072670844385039
2021-05-31,0.9399599824912739,0.9460483511188392,0.9478707712868131,0.9825797382786479,0.9412453323161852,0.9126769762036008,0.9022178839381687,0.9059879097188128,0.8955845337853621,0.911729299748282,1.0073366279138185
2021-06-01,0.9559486575247831,0.9571851181152283,0.9605060258301937,0.9918809098606908,0.9560353985145007,0.9352824452629843,0.9235493831197378,0.9274111239009781,0.9174009728107253,0.9338475930867856,1.0074061356608042
2021-06-02,0.9541168306377708,0.9527059462343784,0.9567830816355475,0.9872241214670965,0.9535918455699839,0.9380437904307595,0.9258497962187737,0.9295282057822737,0.9210857666363804,0.9361790956743861,1.0074757698015155
2021-06-03,0.9571312230140433,0.9533187819028741,0.9583295662738686,0.987666918638338,0.9561561063388856,0.9438887588440767,0.9298390993849242,0.9337306004727394,0.9249714399429096,0.941432085950046,1.0075455303614886
2021-06-04,0.9569511820937995,0.9543297055269171,0.9591742827425622,0.9896554812547957,0.9563570840936588,0.9487262350566986,0.9342878077499458,0.9383322829042776,0.928863774324858,0.946269618640023,1.0076151741374701
2021-06-07,0.9569511820937995,0.9543297055269171,0.9591742827425622,0.9896554812547957,0.9563570840936588,0.9487262350566986,0.9342878077499458,0.9383322829042776,0.928863774324858,0.946269618640023,1.0076848227273836
2021-06-08,0.9611973182455755,0.9597808055423352,0.9640981543743664,0.9906068515651495,0.9606252862809582,0.9579243148404268,0.9438025847703788,0.9477905007854187,0.9387385762164372,0.9555327679924182,1.0077544355878196
2021-06-09,0.9655158612399813,0.95901318344166,0.9649685732735244,0.9945096978384292,0.9638105142781408,0.9588871270289663,0.9443336806140068,0.9484497440101548,0.9386270340282853,0.9564570665526524,1.0078239316176238
2021-06-10,0.9644704943529385,0.9556545025505143,0.9624416312111338,0.9872979282599795,0.9622562564922105,0.9672453490017914,0.9520221727082077,0.9562087198238386,0.9462096838863124,0.9645951070129868,1.0078933513412887
2021-06-11,0.9634160246067842,0.9578696480093125,0.9635086700715266,0.9883269955455485,0.9619847814049544,0.9563602173121405,0.9406208991975837,0.944834624551318,0.9352569616908889,0.9535021963276704,1.0079628163987697
2021-06-14,0.9634160246067842,0.9578696480093125,0.9635086700715266,0.9883269955455485,0.9619847814049544,0.9563602173121405,0.9406208991975837,0.944834624551318,0.9352569616908889,0.9535021963276704,1.0080322862438549
2021-06-15,0.9630308442738974,0.958891338112533,0.9634706120246859,0.984707381035333,0.9613811622118406,0.9596571185949733,0.947167660223004,0.9509103113948582,0.9429609255542518,0.9576998267165862,1.0081017608768739
2021-06-16,0.9600097057262617,0.955089653414723,0.9600571629977953,0.9819898485993114,0.9583308459427875,0.9585686135282637,0.9459126590133712,0.9497519279335923,0.9411028768680876,0.9566559942575522,1.0081711997376417
2021-06-17,0.9524903583859802,0.9486795202399401,0.9531012501598848,0.9718411792481175,0.9509779908006141,0.9459480907126322,0.9330901722515146,0.9369141884989941,0.9285227899931445,0.9439296851075263,1.0082406433814142
2021-06-18,0.9455562037810277,0.9432790409660542,0.9471656419017396,0.9660938176859912,0.9443874218724826,0.9379334076880993,0.9254930261623735,0.9291372141552439,0.9216474836521353,0.9358964408012533,1.0083100918085208
2021-06-21,0.9454633040238407,0.9399156518660219,0.9446645779731985,0.9625253644169661,0.9434062614852535,0.9384177430479325,0.9255644060607761,0.9289603140030989,0.9233292717070982,0.9359006399988585,1.008379545019291
2021-06-22,0.9409597390999489,0.9327932960136498,0.9384566105226925,0.9575776048432783,0.9384084834408211,0.9330293757955092,0.9186397195949785,0.9220616142152288,0.9171085065806763,0.929850360659876,1.0084489624423636
2021-06-23,0.9468706671922597,0.9380075827244921,0.9439274506154157,0.9611024018253059,0.9441441385145,0.9407196970903613,0.9250883788219711,0.9286439326762828,0.9237689045995882,0.9371244904256177,1.0085184252186548
2021-06-24,0.9636130491413992,0.9487710612653021,0.9568291599616069,0.9702258753454605,0.9596456230007789,0.9776000076280338,0.9579694817986464,0.9616595078804021,0.9590747056627685,0.972306535486531,1.008587892779598
2021-06-25,0.9699392767821515,0.9565417073564347,0.9641430906456026,0.9809657604445094,0.9662497353663871,0.9811743382941076,0.9620028319839596,0.965587984283074,0.9634608198744878,0.9759623826194902,1.0086573651255226
2021-06-28,0.9652708215717032,0.9521854925744948,0.9594757804085098,0.9758388429856704,0.9615451096852786,0.9706955526047236,0.9526940260959933,0.9562253541508289,0.9536712973782124,0.9659580785876848,1.0087268422567583
2021-06-29,0.9567548757276568,0.9444173475470244,0.9512422035689656,0.9691303456385937,0.9531078006535438,0.960267168942416,0.9437885736344298,0.9470269009503307,0.9455582107468582,0.9558766274776893,1.0087963241736349
2021-06-30,0.9566721447862022,0.948565999608447,0.9536545547575906,0.9701372431799072,0.9536592420001376,0.9607422999986904,0.9464801060403288,0.9495662717980554,0.9482499860862006,0.9571628444614545,1.0088658108764816
2021-07-01,0.9644167453337071,0.9492628522970721,0.9555453923380429,0.968105393641407,0.9594238421662237,0.9710620043348127,0.9539093946380541,0.9571096410432901,0.9571149839809789,0.9664234859249078,1.0089352617743732
2021-07-02,0.9687477865733221,0.9524781609563243,0.9586876401100876,0.9698114957460731,0.963603808449732,0.9798564962379882,0.9605890239122529,0.9639206094139197,0.9636927056845764,0.9744758941128802,1.0090047580473538
2021-07-05,0.9687477865733221,0.9524781609563243,0.9586876401100876,0.9698114957460731,0.963603808449732,0.9798564962379882,0.9605890239122529,0.9639206094139197,0.9636927056845764,0.9744758941128802,1.0090742591072936
2021-07-06,0.9607922266817481,0.949019043695416,0.9543412304670781,0.9685868321721081,0.9567848525793513,0.9664410555815299,0.9485495317309938,0.9517733529397451,0.9510272848834214,0.9614877200672474,1.0091438461538094
2021-07-07,0.9647716864267966,0.9491629463605165,0.9553529179820125,0.9676716127307219,0.9600994774057795,0.9743963201701087,0.9559968573721369,0.9593669673606984,0.9585833350581919,0.9694885574966353,1.0092133973966928
2021-07-08,0.961141177213951,0.9436397492637476,0.949700523922143,0.9631041545916547,0.9561694748415126,0.9793111319590097,0.9604968782983575,0.9640066861301906,0.961598239604248,0.974403726246397,1.009282994038362
2021-07-09,0.9650016855328954,0.9454469068274232,0.951865674497663,0.9638872348741514,0.9595974266209116,0.9805622941710347,0.9609598035113419,0.9645194187515812,0.9621053119196761,0.9753918357529685,1.009352514263421
2021-07-12,0.9614249140072785,0.9446212650935157,0.9505943206750881,0.9638326221392606,0.9570397436794047,0.9795916228983517,0.9601474420427011,0.9637118611101692,0.9611280458398296,0.9744989139242589,1.009422039277089
2021-07-13,0.9619773755436264,0.9442117257944865,0.9502245040792273,0.9644478831418989,0.9574936735495839,0.9842508847022982,0.9652177766205264,0.9688512201129587,0.9652957170527026,0.9794257637989261,1.0094916503069682
2021-07-14,0.960093438203434,0.9436807561205758,0.9493223725921717,0.9651196158796892,0.9559965895208966,0.9772729139101415,0.9591012125719295,0.9627637206790631,0.958136604271243,0.9728752603539313,1.0095612255208755
2021-07-15,0.9572533906101317,0.9430234090333924,0.9482688665794928,0.9658618086231632,0.9537832255233847,0.9706921043544249,0.9542995466617454,0.9579502550120298,0.9521217350845079,0.9670505590668123,1.0096308461492154
2021-07-16,0.9561675613558719,0.9407776146525446,0.9463315150839716,0.9629425311713071,0.95227449710409,0.9677301995543228,0.951952372241676,0.9555613621169861,0.9498034233221404,0.9642984450776289,1.0097005122007203
2021-07-19,0.9376195614569454,0.925751895354842,0.930835277997269,0.9477399891008439,0.9352563118372355,0.9430649424731005,0.928291328990204,0.9318768219644767,0.9253027293060603,0.9400926972139466,1.0097702643089717
2021-07-20,0.9376195614569454,0.925751895354842,0.930835277997269,0.9477399891008439,0.9352563118372355,0.9430649424731005,0.928291328990204,0.9318768219644767,0.9253027293060603,0.9400926972139466,1.0098400212358365
2021-07-21,0.9426529726892953,0.9300994018764256,0.9350757608755338,0.953146976809773,0.939701559144414,0.9525106424219003,0.9363824216184011,0.9399351688748848,0.9344987940668303,0.9488698740040427,1.0099097423511927
2021-07-22,0.9420413654964919,0.926363707375373,0.931989973602895,0.9482886938588648,0.9387103870146246,0.9597250098701314,0.9429478936242219,0.9465841011061994,0.9409761116964253,0.9559265860549453,1.0099794682802161
2021-07-23,0.93910752677572,0.9249521856332903,0.9305941426218762,0.9466752243330229,0.9361715810467556,0.9557374597271003,0.9400186394921257,0.943554833971371,0.9384308591880576,0.9522556964240373,1.0100491990232392
2021-07-26,0.9401747184406718,0.9247011611200934,0.9306467911864003,0.9450083353336911,0.9365907109599276,0.95726289433642,0.9412701955398147,0.9447231131420512,0.9404667064046144,0.9535186000384542,1.0101189345805943
2021-07-27,0.9368427426156134,0.9213470908804637,0.927064484280037,0.9408325174582493,0.9335702137581277,0.9523516364106174,0.9344844604973493,0.937974539463496,0.9336235133917583,0.9478331741870598,1.0101886749526139
2021-07-28,0.9259157910426723,0.8984607539038418,0.9056673211092419,0.9160303032967319,0.9175130730098412,0.9520346649017413,0.9347015238260727,0.9381596270996131,0.9343071477642796,0.9477228316540462,1.0102583794951476
2021-07-29,0.9274271244146943,0.8991619846087451,0.9067689496505977,0.9168549061627214,0.918922935799826,0.9612667220258888,0.9445878225440102,0.9480242732243186,0.9445868860393442,0.9571998990662672,1.010327966905542
2021-07-30,0.9273307980691642,0.9070871688802215,0.9136846774261882,0.923601096959619,0.9222958203241495,0.9513493776675618,0.9335867080547527,0.9370118244938701,0.9335586034484431,0.9467904393068837,1.0103975591091732
2021-08-02,0.9254686808449251,0.9068628673269856,0.9130678490348212,0.921622576556416,0.9207905215999455,0.9495216117680094,0.9331895991263055,0.9366440576894287,0.9318872834411681,0.9455700306277846,1.0104671561063714
2021-08-03,0.9272251849689621,0.9092976003910107,0.9159260184765128,0.92758791883699,0.9228533016567695,0.9544032306058763,0.9391390163787317,0.9425406748023583,0.9388055730318505,0.9510421884247334,1.0105368392088387
2021-08-04,0.9286625918937327,0.9068456504191467,0.9133221218562217,0.9261632072471689,0.9227736202467207,0.950253023170144,0.933496604736838,0.9370778570083548,0.9312422565858295,0.9463802478452228,1.0106065271167415
2021-08-05,0.9223068107402895,0.9051578511252195,0.9111916905674893,0.9250658102174159,0.9179737822431607,0.9446108331988667,0.929783314504504,0.9333379299087138,0.9271477700063637,0.9416702122223528,1.0106762198304111
2021-08-06,0.9256110849982166,0.9064976828171898,0.9129494276225117,0.9264354759720517,0.9206319900507678,0.9472232597764889,0.9321941523830984,0.9357257112403218,0.9300118180589269,0.9441596823192032,1.0107459173501792
2021-08-09,0.9250279567141928,0.9039798457526369,0.9103987545727793,0.9229442469133172,0.9194429666097557,0.9476007766258588,0.9305051535653477,0.9339917100068295,0.9293163433659065,0.943421260493771,1.0108155790094748
2021-08-10,0.9288742736096143,0.9063720876299385,0.9130864549906402,0.9256735230947849,0.9228821690296786,0.947432558747695,0.9295283353205827,0.9330202668617626,0.9287564741834462,0.9429398136959355,1.0108852454699244
2021-08-11,0.9339966099657537,0.9115304074798527,0.9181339497746129,0.9259679879809066,0.9280994635069355,0.954897235866209,0.9361595867178535,0.9396441318387615,0.9355512315868459,0.9498520207346713,1.010954916731859
2021-08-12,0.9367438743547867,0.9077741716649381,0.915061939502657,0.9245028397233241,0.9286652974831229,0.9665230514452691,0.946549941299344,0.950263550703741,0.9441700408717174,0.961216747806307,1.0110245927956094
2021-08-13,0.9522326675654617,0.9284626251706503,0.9352397359917861,0.9441206232677339,0.9467361326122072,0.9754974665650045,0.9540959053407189,0.9580734674493585,0.950276744819276,0.9701174507340182,1.0110942736615065
2021-08-16,0.9522326675654617,0.9284626251706503,0.9352397359917861,0.9441206232677339,0.9467361326122072,0.9754974665650045,0.9540959053407189,0.9580734674493585,0.950276744819276,0.9701174507340182,1.0111639593298813
2021-08-17,0.9601854309277027,0.9341685549173762,0.941385310089492,0.9485486933366977,0.95396981018588,0.9883134211304996,0.9673495177543128,0.9714716432176229,0.962031639184903,0.9832928579984681,1.0112336904847867
2021-08-18,0.9750173248121073,0.942875303117563,0.9512410489789717,0.9594467976427218,0.9670263722211478,1.0053126863224495,0.9829302659059052,0.9873336702667965,0.9761924591466608,1.00022164067525,1.0113034264484413
2021-08-19,0.977003582949948,0.9436552153936143,0.9518737608904462,0.9594200662728218,0.9682583796147692,0.9914281745940025,0.9694504786479659,0.9738270325025711,0.9622017378113864,0.9864474213424618,1.0113731672211768
2021-08-20,0.9802971595382054,0.9470585042979505,0.9552283557775778,0.9617779916894444,0.9714921130184004,1.0019210639632437,0.9806497956132332,0.9850683873670402,0.9727101732902275,0.9972244404230359,1.0114429128033249
2021-08-23,0.9877828331703443,0.9517272978116272,0.9602510076891775,0.9675571879350353,0.9781223959915608,1.0204086921625655,0.9972332792925279,1.0016079803207039,0.9909175351775568,1.014674327222878,1.0115126631952172
2021-08-24,0.9857906602657209,0.9486602442904651,0.9576998929448828,0.9642658925025662,0.9758600483248506,1.0184760115384976,0.9956625210809723,0.9999204354979698,0.9905390934792825,1.0127606731463215,1.0115825404904428
2021-08-25,0.9848884035744199,0.9506595264932759,0.9595749465738875,0.9655345921239079,0.9758572527490796,1.0208124842228279,1.0001994993815209,1.0043833639619355,0.9949781427323403,1.015948327509086,1.0116524226129304
2021-08-26,0.9716708935243773,0.9421604593200043,0.9505968770133887,0.9604701074096706,0.9640822670243401,1.0059627972659748,0.9873959561028397,0.9914666027265162,0.9826501809047977,1.0020392443064208,1.0117223909697672
2021-08-27,0.9773907516562406,0.9422708989754863,0.9511183837666988,0.9616117677606982,0.9682539278734354,1.0151868309392282,0.9926497326105961,0.9968931834368773,0.9878186092480407,1.009685156045973,1.0117924455781728
2021-08-30,0.9747356391120122,0.9357263099591149,0.9447812807853462,0.9550003189888105,0.9639455801584846,1.0131770027060003,0.9908231747114331,0.9950700889835941,0.9853289061462083,1.007623404365442,1.0118624643283518
2021-08-31,0.9671572688142123,0.9289741043528582,0.937395462381266,0.9463558232694567,0.956577955575714,1.008896695931794,0.9854593308339931,0.9897257687396571,0.9796517737372507,1.0027311311544793,1.0119324472121876
2021-09-01,0.9695902519207587,0.9389268032533822,0.946490479455559,0.9543235424277386,0.961929791337382,1.0038279414590334,0.9809151966956495,0.9853034511505508,0.9745056849308066,0.9982434650230048,1.0120025163654998
2021-09-02,0.9764037326289924,0.9438622127834851,0.9518026941755268,0.9568921115988268,0.9680418407635081,1.0146154374465364,0.9917090626507554,0.9959161703417121,0.986247599965941,1.0086298330873016,1.012072712523
2021-09-03,0.9756654662903442,0.9429660897096804,0.950618280815494,0.9551316027897523,0.9671604343072162,1.0080651963776694,0.9847292849971352,0.9890120528819881,0.9785407527255112,1.0019113389575958,1.0121430357104324
2021-09-06,0.9724286630044233,0.9408244985933808,0.9484690567397561,0.9550427575414107,0.964328254581558,1.0001705358783823,0.9768906720094274,0.9810652865555011,0.9717174332975971,0.9940101176435335,1.0122134045073454
2021-09-07,0.9689733135016406,0.9373139554050747,0.9448442015568959,0.9511761542095553,0.9609111127448792,1.0007231516823896,0.9772234543736719,0.9815325656776309,0.9712441645448582,0.9946600084132714,1.0122836560187616
2021-09-08,0.9631499460471424,0.9291116913849315,0.9368766373308933,0.9463612484880464,0.9540808528814412,0.9982394868494741,0.9747643255753226,0.9790914407045184,0.9687451029426768,0.9922538389909848,1.0123535458469226
2021-09-09,0.9640265314783351,0.9309479099520397,0.9385610297231555,0.9481670833602563,0.9553264941080509,1.0010988827726162,0.9777919797225864,0.9822451116380724,0.970972297591187,0.9954005279547121,1.012423236842479
2021-09-10,0.9646229585405655,0.9297795146588095,0.9380268363151848,0.9477880250930284,0.955388875499449,0.9953918134483992,0.9730066461513838,0.9774038225215682,0.9664047965839281,0.9901386298093822,1.0124929326356034
2021-09-13,0.9529608181463328,0.9138928666520746,0.9228461642822705,0.9357692850828694,0.9420737114627583,0.9947234321421877,0.9730465289619797,0.9773198352995793,0.9670655021027973,0.9896458330664959,1.0125627961753936
2021-09-14,0.9518637815967509,0.9141865521501045,0.9231055469359006,0.9362287905984646,0.9414655306644686,0.9915449750983879,0.9702416549122214,0.9745426788829682,0.9643197097935637,0.9868160598826256,1.0126328274958933
2021-09-15,0.9591325096086641,0.920376884657189,0.9296352217395254,0.9404942957411726,0.9485038264758096,0.9987313140837326,0.9768324928440831,0.9809744749097873,0.9722158490616023,0.9934413106257208,1.0127029858884038
2021-09-16,0.9666894847414569,0.9253602664072661,0.9353757626873817,0.948487656323297,0.9555620921120629,1.011526774836237,0.9894973700129375,0.993844011946152,0.9842908001368601,1.0066243150518337,1.0127733528699545
2021-09-17,0.9626563151267509,0.9251202119505888,0.9346048180967329,0.9455055380391179,0.9524089196223193,1.0010577619968823,0.9821331805396387,0.9863785702758492,0.9756880597041365,0.9973465403009877,1.012843887734838
2021-09-20,0.9591335755609888,0.9284925035469229,0.9369093879494966,0.9470016042725945,0.9515914266163336,0.9881090900372483,0.9684514001867957,0.9727446826403044,0.962102580280885,0.9842226787459046,1.0129145090147849
2021-09-21,0.9525701486950904,0.9214464522818393,0.9304094154480415,0.9388572342664762,0.944663423114797,0.9827616225632821,0.9652872984520152,0.9693578525119628,0.9596234097460905,0.9796274586506406,1.0129851759730166
2021-09-22,0.9606671741897695,0.9289388628200174,0.9379924904541846,0.9479498571440168,0.9526213652609004,0.9918835568496756,0.9737781691478447,0.9778380708585862,0.9685699949827755,0.9884223608016799,1.0130558886184047
2021-09-23,0.9672856828127112,0.9325254257444149,0.9416732317048919,0.9495957846616584,0.9581383130804143,1.0057226314905126,0.9866687768197351,0.9908863215833568,0.9804103158710796,1.0018688249482657,1.0131266061999737
2021-09-24,0.9628635325062852,0.9279048269451379,0.9369277373396249,0.9482915503054515,0.9535831463144769,0.995743978435094,0.9761557495264294,0.9804274290230037,0.9699937291173892,0.9918383764729918,1.013197451006167
2021-09-27,0.9720834748960206,0.9333053101245938,0.942577648862439,0.9533775024122799,0.9616141632768512,1.0205284707105668,0.9978997705747253,1.002170533343279,0.9930204896012993,1.0150591570635208,1.0132684230629723
2021-09-28,0.9728280226840134,0.9320197426630565,0.9415763066314542,0.9550249540016904,0.9614685674303427,1.0213701175040517,0.9986852093654923,1.0028548903885326,0.9946691970522901,1.0157635304480994,1.013339481628017
2021-09-29,0.9789845831546388,0.9389256350436803,0.9482406757834771,0.9604093089169864,0.9679844315123503,1.0215563660542808,0.9978509603957942,1.002046406144976,0.9939856114932124,1.0154765549077136,1.01341058594753
2021-09-30,0.9820449733097713,0.9399980379252705,0.9493079448551627,0.9598826498388081,0.9705865507281556,1.0261314024369712,1.00015034846849,1.0044162640066183,0.9962880100186412,1.0189506928970096,1.0134817360304422
2021-10-01,0.9864222034140655,0.9446378623097703,0.9539702692490328,0.9664976253573541,0.9749503518831837,1.0322007916379483,1.0063281348426878,1.010548433271857,1.0030612025649448,1.0250936037701879,1.0135621882761396
2021-10-04,0.9888824696583718,0.9433890763738203,0.9535453607807721,0.9658731476993722,0.9759093152574423,1.0365373582225534,1.010693439759195,1.0147835454589886,1.0076304753518859,1.0290819238337263,1.01364289159038
2021-10-05,0.9831280047063007,0.9409739331509509,0.9504310076098558,0.9627116316258597,0.9712473388536624,1.0355340489979588,1.0097996684312303,1.013921854902647,1.0056408871916487,1.0280170465965304,1.0137236421140912
2021-10-06,0.9896003697546784,0.9457667755008112,0.9556759467562366,0.9696464007780765,0.9772247172529791,1.0393391380512123,1.014058423074834,1.018207190256928,1.0105090625348931,1.0323969175509022,1.0138042359233121
2021-10-07,0.996861887906987,0.9493219236170316,0.9599117938425075,0.9727012874923339,0.9832994856216087,1.052471462709709,1.0269902988806547,1.0311402244524113,1.0234788434384787,1.0453880116393297,1.0138847953498769
2021-10-08,1.000673662186754,0.9511377425362751,0.9622373736888824,0.9739978077640783,0.9864838100970013,1.056064674842752,1.0298914286822274,1.033956711871071,1.0270006147765085,1.048316291973879,1.0139648308646998
2021-10-11,1.0032622284741548,0.9517471469295101,0.9631856847417314,0.9733232556912841,0.9884131812436845,1.0649142343349423,1.038566022514509,1.0426262616161805,1.0349531027461087,1.0568513131679604,1.014044995087104
2021-10-12,0.9961418951738008,0.9477405225907223,0.9588848694101177,0.9690092289910626,0.9822796838291055,1.0523433152469108,1.0277532357223365,1.0317250498776431,1.0231420882035251,1.045128047545396,1.0141249208487144
2021-10-13,0.9940842337334213,0.9445153012235474,0.955484181634094,0.9650637519282226,0.9798190963859205,1.0558157167611575,1.0298806978900152,1.0339304143101251,1.0261871007543126,1.0480191998250985,1.0142052609397918
2021-10-14,1.0055910737946534,0.9528162666300034,0.9640995351505407,0.9730832398140394,0.9904379348066839,1.0690823255771607,1.0411342682300315,1.0453902092381633,1.0368753983730454,1.0602634965301734,1.0142857706203712
2021-10-15,1.0068545717322424,0.9538919336061238,0.9652699717875403,0.9762639460745622,0.9916908590712001,1.0712129350396533,1.042712672361398,1.046880568766762,1.0410100374070388,1.0622660050451087,1.0143664499298095
2021-10-18,1.0068545717322424,0.9538919336061238,0.9652699717875403,0.9762639460745622,0.9916908590712001,1.0712129350396533,1.042712672361398,1.046880568766762,1.0410100374070388,1.0622660050451087,1.0144471356567202
2021-10-19,1.004232417629526,0.9520118433854673,0.9632779472048735,0.9739323021864327,0.9891264406538107,1.0693233239335873,1.0417988236138793,1.0459284034396104,1.0395927925353214,1.0608933713606206,1.0145278686175667
2021-10-20,1.0018692173445147,0.9522835530664582,0.9631518935778202,0.9755008399472622,0.9875789195649666,1.0665880757744646,1.0397109619564926,1.0438342391646782,1.036290971140651,1.0583623148913777,1.014607914077051
2021-10-21,1.0041845799710036,0.9539628381875678,0.9647397074605698,0.9770385395112953,0.989760666988309,1.0672955554102208,1.0396000469445936,1.0438507456475352,1.0362456985601551,1.0588604777329353,1.014687884207234
2021-10-22,1.0008891168786271,0.9534805853813881,0.9639606637734686,0.9772010914801357,0.9872563840737938,1.0588482879095333,1.0324704773555335,1.0366342672358968,1.0284047679525357,1.0509908437822897,1.0147679422918237
2021-10-25,1.0003861954242228,0.9526652777211102,0.963116332418163,0.9768129422971611,0.986658355929217,1.0578608488019317,1.0310087647371324,1.0351797856134854,1.0279210612191174,1.0498820137073739,1.0148477617198306
2021-10-26,1.0066581827028425,0.9574269527020003,0.9680543686007305,0.9827284582449799,0.9923993441487604,1.0676945357280967,1.0399622093357561,1.0441548136214411,1.0377361137640746,1.0593011754696748,1.0149278732506957
2021-10-27,1.0056816062276297,0.9584861375531905,0.9686910236354818,0.9840913431952253,0.9921521301952057,1.0627233802822034,1.0356140641668112,1.0399260799979853,1.0320678947036444,1.054893934002416,1.0150081952819643
2021-10-28,1.014409438877921,0.9653366775711745,0.9759413700433908,0.993036980416754,1.0001727561891118,1.072475521940051,1.0458398576110812,1.0501734422907885,1.0431128760380415,1.0652685420710915,1.0150887278625835
2021-10-29,1.008644312668981,0.9622962367358352,0.9725943333720828,0.9892527445344482,0.9952084327367645,1.0628700683746664,1.0380928155761633,1.042394756709157,1.0335631692818201,1.0566505021582562,1.0151690217822258
2021-11-01,1.008644312668981,0.9622962367358352,0.9725943333720828,0.9892527445344482,0.9952084327367645,1.0628700683746664,1.0380928155761633,1.042394756709157,1.0335631692818201,1.0566505021582562,1.0152493220531489
2021-11-02,0.9983812114573151,0.9508551485699552,0.961234358567356,0.9787292022317611,0.9844815421714547,1.0561611994475857,1.0303285447762303,1.034594860496885,1.026136023113164,1.0491795885572577,1.0153491950329276
2021-11-03,1.0079221887868874,0.9585292964631694,0.9695441938954248,0.9840192963020314,0.9936925809999959,1.0615040338809008,1.034780362815111,1.0390605105105342,1.030093287635988,1.0536981377566357,1.0154494455098815
2021-11-04,1.0064586205676953,0.9566326037410571,0.9677015589236806,0.9812307718720473,0.9921408153923142,1.057043505197486,1.0301936981447049,1.0344590538957188,1.0256948663648022,1.0489994694287186,1.0155498693111598
2021-11-05,1.0025303465421644,0.9543374896301842,0.9650955741171566,0.9782963393369599,0.9886716892002003,1.0519098748995064,1.0251615617366194,1.0293980100897209,1.0200354035011276,1.0438038606560711,1.015650017019995
2021-11-08,1.0116366874011533,0.9616315634070514,0.9727041362420578,0.9855157933567871,0.9972290108110631,1.061710148298365,1.0337905549691473,1.03805994585649,1.0286763425764536,1.0528238266112813,1.015750133740232
2021-11-09,1.0086796769437458,0.9601218567352698,0.9712456309990342,0.9857587800713569,0.9947901660766651,1.0644001800582885,1.0378337254691097,1.0421090477120378,1.031708917782524,1.0566076203751704,1.0158501785921408
2021-11-10,0.9976155113548265,0.9468449983685682,0.9582460334163545,0.9763677395157406,0.9828122705382011,1.0540416363100997,1.0285303805084827,1.0327746221178198,1.0228506358978957,1.047003812912034,1.0159506011516353
2021-11-11,0.996247180413975,0.9524174919275953,0.9625239098103004,0.9742740349972903,0.9838451496581805,1.0447544715187813,1.019125593084881,1.0233290867368294,1.013136299890496,1.0373364933629856,1.016051360651994
2021-11-12,0.9866693293801193,0.9447212267791352,0.9550106328372557,0.965340805123325,0.9750172663099637,1.0356605498255926,1.0123095995863154,1.0164729995822626,1.0045753714891847,1.0295914636200632,1.0161520892646883
2021-11-15,0.9866693293801193,0.9447212267791352,0.9550106328372557,0.965340805123325,0.9750172663099637,1.0356605498255926,1.0123095995863154,1.0164729995822626,1.0045753714891847,1.0295914636200632,1.0162528278633474
2021-11-16,0.9855467343148556,0.9479262114012618,0.9572858366438806,0.9687833710665114,0.9750077127741134,1.023950632945465,1.0034652650029454,1.0075974161212844,0.9951949192661691,1.0197765249513404,1.0163536173378136
2021-11-17,0.981564389034755,0.9429056677517034,0.9526765844499171,0.9639192227794935,0.9707502584728993,1.0167209063672495,0.996212817356627,1.0003038693337254,0.9870204434350001,1.0122773149529363,1.0164540487721836
2021-11-18,0.9850105123703203,0.9482129148688796,0.9576896696556291,0.9675889361417125,0.9748254226926899,1.0183537882727292,0.99864206743613,1.0027448101734067,0.9891122578896108,1.0144132245212099,1.0165548582032484
2021-11-19,0.9617712132797223,0.9300537285119956,0.9388636194791156,0.9490617413449363,0.9533471418747357,0.987236921249726,0.9698625953784854,0.9738496027260221,0.9605069632427333,0.9848351507776467,1.0166556776323465
2021-11-22,0.9895948541400269,0.9536140234984796,0.9645607151798465,0.9622629217276927,0.9806870520814478,0.988329662001936,0.9701383866531744,0.974142552304778,0.9623960030407789,0.9855380752933754,1.0167566706807187
2021-11-23,0.9936332103091436,0.9535344622371068,0.9650887375798188,0.9608071313866099,0.9834711783817003,0.994256939251595,0.9734955301811467,0.9775174179483074,0.9668233067086491,0.98970560191,1.0168569373973897
2021-11-24,1.003498455302999,0.9622179996519107,0.9743756157048897,0.9700252111737842,0.9929699043441026,0.992989473368761,0.9727038456531438,0.9767086120940075,0.9647458446047139,0.988621517441618,1.0169579095254437
2021-11-25,1.0102532036260794,0.9693554029694279,0.9813228426246472,0.9739779515038965,0.9996419156656476,1.0053130441910634,0.986698022454601,0.9907691082096225,0.9782117084063376,1.0020820037277904,1.0170590962659765
2021-11-26,0.9972266060044557,0.9600321996064114,0.971371355483003,0.9626153090027794,0.9879412367068391,0.9811023738938615,0.964641847324644,0.9686410830363911,0.9570424578142384,0.9791927804539617,1.0171604567597246
2021-11-29,1.0091687316671831,0.9705818384010633,0.9824045375225098,0.9731700013332171,0.999468313146267,0.9862989149192335,0.9686434135618106,0.9726466958009693,0.9606201498052983,0.9836096921763285,1.0172617455043447
2021-11-30,1.0084851716692516,0.9721140237220005,0.9834723997976247,0.972723203941883,1.0000044551485894,0.9846008046472882,0.9642447334655562,0.9682508429673711,0.9585102406040165,0.980358582856743,1.0173629624763865
2021-12-01,1.0214887769503849,0.9781023461487317,0.9932991498287398,0.9709209976476707,1.0117113090567431,1.0109244208132746,0.9912168556795659,0.9952512647516812,0.9876247093501808,1.005711993322144,1.017464066718894
2021-12-02,1.0284825746537605,0.9844915169426206,1.0001157565825556,0.9762935868825211,1.018676147009489,1.0255286824384742,1.0046926553389348,1.0087976178188562,1.0006199152054265,1.0198867664522895,1.0175650581962477
2021-12-03,1.0249668232500866,0.9815289674378237,0.9967970827112754,0.9720366921678677,1.0152257879210544,1.0270908680017334,1.006051368804445,1.0101550268628754,1.002161602467823,1.021338711997812,1.0176660596978164
2021-12-06,1.0259466315757926,0.980523647563905,0.9968562457826229,0.9725686639452236,1.0158305779367034,1.0240601133360057,1.0016813691559545,1.005792114480163,0.9971236042282193,1.0175890909820846,1.0177673578446116
2021-12-07,1.0249430361990888,0.9788912562084178,0.9955889421661804,0.9712716606615692,1.0147491611242028,1.024491926494365,1.0003575107219693,1.004474215873802,0.99549255881296,1.0170422305065212,1.0178683794260446
2021-12-08,1.0249430361990888,0.9788912562084178,0.9955889421661804,0.9712716606615692,1.0147491611242028,1.024491926494365,1.0003575107219693,1.004474215873802,0.99549255881296,1.0170422305065212,1.0179694110346806
2021-12-09,1.0235366213825463,0.9774590034974379,0.994307759038579,0.9687170728854412,1.0133935155465732,1.0198759371254595,0.9963278255829809,1.0004415954824146,0.9911072625027586,1.0124221079124114,1.018070452671515
2021-12-10,1.010870257724013,0.9694612077612441,0.9836695167430162,0.9590781487271276,1.001472730592298,1.0106534247974641,0.9882435635093668,0.9923772460630438,0.9816002488701249,1.003948421365892,1.0181714224135723
2021-12-13,1.0032547392296152,0.9677253486563876,0.978585792814654,0.9581789552086545,0.9948299070466418,1.0007054354598435,0.9819177090538148,0.9860193574026049,0.9754701616296365,0.9962441299707923,1.0182724021695622
2021-12-14,1.0048747244423686,0.9657105892481493,0.9784812423724427,0.9574922858484807,0.9957340063373369,0.9960993950239887,0.9766378250293548,0.9806921332371684,0.9709200884142867,0.9912024779328366,1.0183731461198267
2021-12-15,1.009495352024998,0.9701993632229937,0.9833715770278758,0.9618113960456116,1.000523257957327,0.998183807214783,0.9790750239573682,0.9831188167268409,0.9739102629000044,0.9936446178857022,1.0184739000373095
2021-12-16,1.0242586666059483,0.9850225491849994,0.9979991288856612,0.9772332054490693,1.0152796399916453,1.021424817436372,1.0019602846424416,1.006072994286033,0.9973787154956831,1.0170360607126347,1.01857458196657
2021-12-17,1.0121622572298643,0.9811775958519164,0.9899176222881594,0.9745816796508489,1.0048782531915628,1.0014108392627776,0.9818977101513813,0.9860032793228115,0.9753402055922066,0.9976951534946872,1.0186751509020207
2021-12-20,1.0098372035696241,0.9738496967646093,0.9853301191945683,0.9649515953433863,1.0016625863692497,1.011507939181599,0.9918779611854083,0.9958848113324296,0.989115048665882,1.0071761981068377,1.0187947474694639
2021-12-21,1.0006322700095327,0.9667398290612848,0.9772126503598287,0.9582755797148551,0.9928991524483823,0.9930404447732919,0.9729253936308083,0.9769367103435462,0.9679876276169044,0.9883132012233695,1.0189138251904175
2021-12-22,1.0110858422922069,0.9768561513861953,0.9874872556194778,0.967700850065454,1.0033151851810398,1.0108156825381465,0.9896220853800906,0.9936988130442868,0.9846938394590432,1.0058631851709117,1.01903303981772
2021-12-23,1.0140630485176145,0.9781126394022621,0.9894570841323137,0.969455837559483,1.0058177057508482,1.0165760505469905,0.9961206444701162,1.0002170773234211,0.9913542816147403,1.011928134294792,1.0191524323971
2021-12-24,1.0145482328929558,0.9780589240041138,0.9897302301314904,0.9694011331688649,1.0062277703762104,1.0176418610462548,0.9970132094037512,1.0011010392891186,0.9925800015068634,1.012894158937379,1.0192719619820683
2021-12-27,1.0158981764046167,0.9776639474182061,0.9901778358525242,0.9692705453986655,1.0071700004854096,1.015049054933178,0.9932352011693396,0.99737183498557,0.9870512113742771,1.0093849112666125,1.0193915465964212
2021-12-28,1.0141375911459856,0.9765773242822934,0.9887133259453313,0.9691587555706848,1.005533030992933,1.0132037632250952,0.9911878883316723,0.9953138763140607,0.9850749058130163,1.007674333943183,1.0195110632101294
2021-12-29,1.0168822377510838,0.9801378553597626,0.9919202465037685,0.9695721225267271,1.0084999267829535,1.014897363959531,0.992976097510442,0.9971130814683192,0.9867544275515201,1.0089706732490134,1.019630552816158
2021-12-30,1.0153544492513682,0.9781040148564293,0.9901714564364558,0.969885158111378,1.0068756111747743,1.007471142635088,0.9852192280789734,0.9893288171999134,0.9789108384117097,1.0016161107747543,1.0197497282268535
2021-12-31,1.0153049464708623,0.9779459150968911,0.9900561812840574,0.9695027027032467,1.0068083420387073,1.0074479363306974,0.985042916401044,0.9891760908123247,0.9783540116619862,1.001547394351985,1.019868917566887
2022-01-03,1.020862017286003,0.9845955702070471,0.9960398138587248,0.9748945190340719,1.0125884306096211,1.0140459736470155,0.9911365133627199,0.9952686412339186,0.9844296316190789,1.0076756786170014,1.0199884901490421
2022-01-04,1.0266085675738994,0.9896490788732312,1.0012897055192813,0.9793551994021608,1.0181203117867819,1.0215602589402533,0.9983106845662031,1.0024747952799924,0.9914288145857388,1.014948098981534,1.0201073790807647
2022-01-05,1.0195025155339152,0.9868923240694478,0.9964317357861991,0.9771521434030379,1.011920592534521,1.0101003405785207,0.9893135634366124,0.9933222058365451,0.9791521186958665,1.0047636557744557,1.0202268564883776
2022-01-06,1.004881618800085,0.9729884718886187,0.9825611822727864,0.9653856264456641,0.9975895691447818,0.9936415190786092,0.9739832102592936,0.9779195090417574,0.9643992967006513,0.9892561215172873,1.0203464710363976
2022-01-07,1.0155660071925239,0.9821691112524823,0.992342011098754,0.9804133830930071,1.0078156433434675,1.0037819199123565,0.9847355433167434,0.9887184987322686,0.976443394009281,1.0004854054148862,1.020466181715977
2022-01-10,1.0155660071925239,0.9821691112524823,0.992342011098754,0.9804133830930071,1.0078156433434675,1.0037819199123565,0.9847355433167434,0.9887184987322686,0.976443394009281,1.0004854054148862,1.0205859064404394
2022-01-11,1.0262592735430023,0.9909856010160178,1.0020214635894522,0.9895772063385835,1.0180833831548262,1.0233064830715919,1.0030968773169604,1.0071467481010752,0.9976495327975773,1.0197634689825232,1.0207056452114327
2022-01-12,1.0258521680170147,0.9838215732781833,0.9981094504277093,0.9783487212466037,1.0162415888723006,1.0258969650315026,1.0028412000558966,1.0069505016371914,0.9974116733304812,1.019671607624203,1.0208253980306048
2022-01-13,1.0274440537184921,0.9866772451081808,1.0005416047246258,0.9770420294743439,1.0182618829945116,1.0311173477633369,1.0080320143516779,1.0121276271605215,1.0016292647157277,1.024651772805796,1.0209452059726645
2022-01-14,1.018932032263411,0.9807299167662319,0.9938556323372603,0.9662451327860903,1.0106192258962012,1.0218995519341945,0.9988137783998885,1.0028342287730023,0.9934602279550206,1.0153913235496228,1.021065233365252
2022-01-17,1.0192666540196,0.9808560872701453,0.9941034539021819,0.9663923087750035,1.0109188906375957,1.0218995519341945,0.9988137783998885,1.0028342287730023,0.9934602279550206,1.0153913235496228,1.0211856446132959
2022-01-18,1.0192666540196,0.9808560872701453,0.9941034539021819,0.9663923087750035,1.0109188906375957,1.0218995519341945,0.9988137783998885,1.0028342287730023,0.9934602279550206,1.0153913235496228,1.0213075492136723
2022-01-19,1.0192666540196,0.9808560872701453,0.9941034539021819,0.9663923087750035,1.0109188906375957,1.0218995519341945,0.9988137783998885,1.0028342287730023,0.9934602279550206,1.0153913235496228,1.021428523239438
2022-01-20,1.0688809977753673,1.0344900126337162,1.044999237750413,1.0117649942252178,1.0608332532623415,1.086441786496239,1.069467508142919,1.0728675061421247,1.0498128703486476,1.081770392512515,1.0215498403733427
2022-01-21,1.0629967182041733,1.031655774544832,1.0412267101602415,1.0123042470723858,1.0560290978425826,1.0706927593849795,1.0526915182502075,1.0564236174265527,1.0381615994015194,1.0668829380124432,1.0216705553829848
2022-01-24,1.054252941768548,1.023824818599044,1.0328440733917283,1.0049882264214907,1.0473772251592708,1.0655624112189206,1.0478370618853496,1.0516061383529978,1.0336224479342393,1.0621637371517552,1.0217910791219638
2022-01-25,1.065120874475983,1.039156147098252,1.0465849760265586,1.015917123287666,1.05967977512102,1.0741681624758972,1.0554643091522171,1.0592711584120185,1.0437486975264307,1.0704813590381708,1.0219114526311182
2022-01-26,1.0604359259665408,1.0312012261317334,1.0404207932244978,1.0084272715351887,1.0544120795010743,1.0634909152225998,1.043322153536853,1.0471897713794263,1.03374196677162,1.0588799288594852,1.022031922554569
2022-01-27,1.0608548328964094,1.034477247474085,1.042211197802596,1.012625451467608,1.0554283468542491,1.063100267156857,1.042880551759863,1.0467708030338791,1.0346699753697348,1.0587905595482185,1.0221523655582279
2022-01-28,1.059978071597427,1.033438626335336,1.0411603874866027,1.0112913985344212,1.0545091215903923,1.0666464279523578,1.045966905161491,1.049969813090488,1.0372812559796478,1.062102602011889,1.0222728638821452
2022-01-31,1.0673129630442066,1.041393897617433,1.048966905343261,1.0186089398720881,1.062158748698771,1.079547992101341,1.0577871746378904,1.0620404726213812,1.0502400253602233,1.0750378630890731,1.0224322457246258
2022-02-01,1.1195918908547486,1.0794256811903442,1.092289867194169,1.0877545642170923,1.1100810657202316,1.069018213885455,1.049011486661796,1.0532128813182546,1.042372296329035,1.0660397417163927,1.0225918992454468
2022-02-02,1.1095459018718847,1.0676267305452094,1.0818919189013738,1.074582768509818,1.1000261301937078,1.0530001049535018,1.0321777469995952,1.0362841648837364,1.0267093272588625,1.0488125014124476,1.0227516599855404
2022-02-03,1.113230983916707,1.0732994416014867,1.0862458405497213,1.0806359091694213,1.103817410474523,1.0514953434101673,1.0308835514296708,1.0351090320719907,1.0248318129534684,1.0478987978398815,1.0229115691384234
2022-02-04,1.1140372709436537,1.074104137581221,1.087163035375339,1.0824661726736868,1.1046495670868806,1.059433583164219,1.0397924633869615,1.0439552973315163,1.0349635832001867,1.0566074591064867,1.0230714621359096
2022-02-07,1.1178501390793913,1.0733836051859926,1.0887237279482351,1.0807476008808232,1.1076758699491183,1.0647972281927802,1.0437256207342143,1.0479334159656817,1.039133636079856,1.0606854467597528,1.0232314212904625
2022-02-08,1.1208056136930165,1.083140316878581,1.0957746040624383,1.090051111208785,1.1123278381947226,1.060272903242517,1.0397896671835747,1.0440428961083383,1.0357507260155956,1.0568559613438797,1.0233911584327542
2022-02-09,1.1106953562863549,1.0722050327574975,1.085139362677448,1.0814694695034957,1.1020151024244829,1.0559803114411075,1.0357996457165828,1.039995973479553,1.0313838518437055,1.0526888948906654,1.0235510852188445
2022-02-10,1.102231294390721,1.065534693287293,1.0778628438449371,1.0757433420325828,1.0940837927099254,1.0477997079435803,1.0279421153557093,1.0321298270748112,1.0228546078363014,1.044798153069478,1.0237110369969202
2022-02-11,1.104756395766025,1.058842012304219,1.074710026562867,1.071173482827108,1.0942041747449722,1.0631619677642425,1.042593089184785,1.0467163752174626,1.039144445458718,1.0592508393915048,1.0238707666329303
2022-02-14,1.0961558456155442,1.0478322099220128,1.0648400949567507,1.0622157566947739,1.0851221620168465,1.0543818818230224,1.0338445025433713,1.037879938563289,1.0298440858991378,1.0502182884352427,1.024030521191556
2022-02-15,1.0899309685937177,1.0377130804353822,1.0563673747291578,1.052270304976721,1.0779269886638227,1.0517621045834853,1.0313686018018504,1.0353879586385237,1.0265992805886708,1.0477094957975563,1.0241902182716613
2022-02-16,1.089640297908939,1.037172099592866,1.0556691891390733,1.0522922678083384,1.0774202726447646,1.0560211508013857,1.035266751136137,1.039232693493901,1.0329989035067142,1.051374386056214,1.0243499402564515
2022-02-17,1.0888173856179528,1.0379946336969628,1.0555558716871132,1.0547021883612284,1.0767241591414918,1.057755602949534,1.037649958492289,1.0417421986830098,1.0364665691314239,1.0541182156856115,1.024509398642278
2022-02-18,1.0898808568661493,1.037803873503713,1.0557554766351038,1.053205143591303,1.0774512848501758,1.0582406598857488,1.0380922016443175,1.0421093969737116,1.0355111276314675,1.0543782743712957,1.0246690467377613
2022-02-21,1.0910566582414125,1.039680615908315,1.0573883778182034,1.053772799004145,1.0788222936098624,1.055118213071704,1.0348518135422,1.0388226939369405,1.0326763487040163,1.0509699887485406,1.0248289258520338
2022-02-22,1.0861362704874553,1.0338050616700574,1.0522732054330457,1.0476109038858068,1.0738526765948249,1.0434576190708802,1.0223564596095578,1.0263244262354392,1.0218937330084539,1.0383619809723263,1.024989036085436
2022-02-23,1.094154535383962,1.0407780797335264,1.0592768437536444,1.0545146653988975,1.0814586993828252,1.0599285124778348,1.039552096875974,1.0434136126350773,1.0374319038409414,1.0553498890578354,1.0251489651276473
2022-02-24,1.09366021391201,1.0384146105874972,1.0578826524365907,1.0514204337980386,1.0806699799564317,1.057072690211133,1.0362464206596802,1.0400438821396298,1.0338161290183188,1.0518455024073463,1.025309249103715
2022-02-25,1.0939870433228078,1.0390835129555225,1.0582762266552055,1.0506310411019129,1.0810059895403112,1.061564247281811,1.040213427938103,1.0441141285509186,1.0381283861273132,1.0561328903733662,1.0254691868548018
2022-02-28,1.1165448803456344,1.0459471053526117,1.072589110511341,1.0657377394527479,1.100368572190639,1.0741672995429696,1.0515265448992739,1.0552323222474285,1.0528954725691015,1.0667736793972924,1.025628819471376
2022-03-01,1.1138850743117028,1.046081713935359,1.0705763997130577,1.0655877970646395,1.0980073065849427,1.070213946683122,1.0475893348491503,1.0512843547141768,1.0485705518751667,1.0628053692391994,1.0257883531371743
2022-03-02,1.1078165748574715,1.0410665666082677,1.064849126011426,1.0615302865694731,1.092064384282725,1.0648476799787836,1.0424259834853875,1.0461439137351654,1.042264522465126,1.0577381181273,1.0259481179841594
2022-03-03,1.1182561868557026,1.06167253934678,1.0773259888892115,1.0801213924987696,1.1035574634790493,1.0718898550071743,1.0501113990662974,1.053803456458393,1.0502040784911661,1.0653682771067816,1.0261079489939213
2022-03-04,1.1213337514326625,1.062012754834615,1.079928625648243,1.080973403129215,1.1064382598772189,1.0801494724797014,1.0578498984125817,1.0614419462059554,1.0603964474305527,1.072736763947557,1.0262677223313394
2022-03-07,1.1242343997233049,1.0615448008924782,1.0821010114986223,1.0819968745487507,1.1090213081872555,1.091160433568378,1.0682948234443497,1.0719741199036876,1.0718382712724723,1.0834384974187703,1.0264276444243365
2022-03-08,1.1169239844712344,1.051171084828843,1.0735328329876552,1.070469738955028,1.1010475105527295,1.0890271725147866,1.0651349166799937,1.0688753189934517,1.068514891285091,1.0804525389001418,1.0265878805305368
2022-03-09,1.1132585758221671,1.049023449574884,1.0701037130526843,1.0697418675484336,1.0974558899057114,1.0825084713439483,1.0587937935835288,1.0628161172076935,1.0610705857627334,1.0749636976332637,1.0267479764296332
2022-03-10,1.144525559744659,1.0799771295937832,1.1054727685044587,1.10151359637472,1.1310769041654505,1.0837987112785785,1.0591760512161639,1.063058683772575,1.0639908961863171,1.0748246424324612,1.0269075602416025
2022-03-11,1.144525559744659,1.0799771295937832,1.1054727685044587,1.10151359637472,1.1310769041654505,1.0837987112785785,1.0591760512161639,1.063058683772575,1.0639908961863171,1.0748246424324612,1.0270660119459196
2022-03-14,1.139889711470031,1.0890858105914643,1.103659651248472,1.1088117816691356,1.1277395794402167,1.0627098073823507,1.0394143650756542,1.0434657327369037,1.042171491151485,1.0555677461752262,1.027223578957681
2022-03-15,1.1501832493932833,1.0958684098617102,1.1140602396818422,1.1155533177990231,1.13823224819693,1.069838851273764,1.0445907240649688,1.0489026470887415,1.0471584644551077,1.0615414359395865,1.0273778223369643
2022-03-16,1.1390812570533861,1.0764494084682583,1.1009954229528343,1.0968187863536196,1.1260984955292481,1.0625642447529442,1.037110123419534,1.0412474517069379,1.0386108320056509,1.0535622409831236,1.0275356852079882
2022-03-17,1.1446939975204513,1.076542779713665,1.1055850725292382,1.095623082540491,1.131287644886491,1.071584478202136,1.0449943024291863,1.0488884600540638,1.048256859971661,1.060685778617282,1.0276956395119845
2022-03-18,1.146602209517811,1.0739360702181642,1.1063569848624755,1.091311235102959,1.1326980448464308,1.0781784220648891,1.050310494080724,1.0542526691340943,1.0505954902552972,1.06629640036681,1.0278556600657047
2022-03-21,1.146602209517811,1.0739360702181642,1.1063569848624755,1.091311235102959,1.1326980448464308,1.0781784220648891,1.050310494080724,1.0542526691340943,1.0505954902552972,1.06629640036681,1.0280157055359243
2022-03-22,1.1407832266198943,1.06664641559094,1.0996699555522875,1.085526033800708,1.1263845296944752,1.0799619194336965,1.052596170809619,1.0564180049900347,1.0549016878637951,1.0681484407457114,1.0281758586522338
2022-03-23,1.1479722385649533,1.0666480053704266,1.105202168876219,1.0862243160790004,1.132847289830215,1.1009855189618467,1.0724407993434266,1.0762132092156467,1.0769638251505078,1.087832999847395,1.0283360367185712
2022-03-24,1.151806004352861,1.0687040107406158,1.1087157517762922,1.0882038322938439,1.136562273897771,1.1034937327152503,1.0750147670194552,1.0787094961485972,1.0789611643370178,1.0902142666434849,1.0284964052418062
2022-03-25,1.140626005016098,1.0514339478487542,1.0949369366330157,1.0723647536677225,1.124006619168242,1.1083570694694227,1.0796382638422042,1.083324100348127,1.0846059561923964,1.0947860249972001,1.0286567987744373
2022-03-28,1.1316979188967595,1.0434811544505083,1.0858748151890176,1.0639844956308724,1.1149397001982222,1.1030337872429465,1.0742608169676118,1.0780247916235692,1.0774835357621588,1.08969289824113,1.0288170103771075
2022-03-29,1.131864996011408,1.0442001318254317,1.0860869712108472,1.0640135155962303,1.1151262693759025,1.101725085399824,1.0729541015658766,1.0767337354994209,1.0757668594683936,1.0884448522110837,1.0289761292650559
2022-03-30,1.131864996011408,1.0442001318254317,1.0860869712108472,1.0640135155962303,1.1151262693759025,1.101725085399824,1.0729541015658766,1.0767337354994209,1.0757668594683936,1.0884448522110837,1.0291358109819935
2022-03-31,1.106561911144432,0.9960856717527858,1.0549066738389765,0.9988971665044901,1.0868984519823295,1.036720877187032,0.996462474075507,0.9996860894845799,0.9991558550313332,1.0102474383540572,1.0292963456375768
2022-04-01,1.1171611636238348,1.0064201032574465,1.065008953706715,1.0098422412894377,1.0973069534804571,1.0449444626675992,1.0041788568899923,1.0076159037590997,1.006470983899942,1.0182610284617153,1.0294955451814187
2022-04-04,1.1171611636238348,1.0064201032574465,1.065008953706715,1.0098422412894377,1.0973069534804571,1.0449444626675992,1.0041788568899923,1.0076159037590997,1.006470983899942,1.0182610284617153,1.0296948661220788
2022-04-05,1.1280500386413328,1.0122297433835243,1.0751298402626501,1.0191622034181564,1.107868657622776,1.059195269414815,1.01846841841405,1.0213576288295736,1.0196100688239669,1.0321479302572274,1.029893977067917
2022-04-06,1.1266239371568134,1.0082474418652734,1.073804074687236,1.01469103353386,1.1064883577182236,1.0633742428170647,1.0212863271038002,1.0253873167335064,1.0174306000916018,1.0362201904648425,1.0300931265156164
2022-04-07,1.1274910339493103,1.012691894706412,1.0749610229173159,1.016074314370729,1.1075125934144139,1.068098739343285,1.026446154857944,1.0299430400347442,1.022945781981191,1.040824043457634,1.0302916927688142
2022-04-08,1.1250807402472032,1.0098840784484273,1.0725220558833506,1.0141576184192944,1.10507251809934,1.0722933450170007,1.0309592983774973,1.0339878017783917,1.0277491200417448,1.044911536755034,1.0304902972987036
2022-04-11,1.1318500778386877,1.0131723014086413,1.0789139692583112,1.01688348527774,1.1116900343197527,1.0707022338655692,1.0286551311311354,1.032453529902604,1.0236740476370056,1.0433610558105084,1.0306888986497664
2022-04-12,1.1314767452916537,1.0098604387966723,1.0785887531543021,1.0136349723373421,1.1113426159223103,1.0799050860525445,1.0371068826274399,1.041327628531605,1.0298473243351816,1.0523289063207337,1.030887455334521
2022-04-13,1.133560343581508,1.0098772857051157,1.0804120272730104,1.0151837887298043,1.1133036349684118,1.0732332875399389,1.0318944334813758,1.0348941667275051,1.031972295654181,1.04582747714641,1.03108667245335
2022-04-14,1.133560343581508,1.0098772857051157,1.0804120272730104,1.0151837887298043,1.1133036349684118,1.0732332875399389,1.0318944334813758,1.0348941667275051,1.031972295654181,1.04582747714641,1.0312859280705235
2022-04-15,1.133560343581508,1.0098772857051157,1.0804120272730104,1.0151837887298043,1.1133036349684118,1.0732332875399389,1.0318944334813758,1.0348941667275051,1.031972295654181,1.04582747714641,1.0314852221934814
2022-04-18,1.1281082061289394,1.006137497247652,1.075137191126201,1.0121682268559429,1.1079069786760836,1.0646435755559003,1.0236499131188577,1.0266113050893544,1.0212845708216471,1.0374571098479142,1.0316847623443477
2022-04-19,1.1250790164897544,1.002836882781845,1.072241084304343,1.0103338858838737,1.104927556823833,1.0620873553295802,1.0204571534159352,1.024146400737428,1.0185627383988776,1.034966164606688,1.031884507139998
2022-04-20,1.1264329143870049,1.0046534667972014,1.073526551576168,1.013724336524559,1.1062542451515072,1.0637165159240558,1.0222734544550096,1.025717362815719,1.0198061178751967,1.0365537233734239,1.0320844151653172
2022-04-21,1.1234315422335062,1.001468448940036,1.070395287359107,1.012675616955954,1.1031632662060236,1.0535420258484658,1.0120820817550453,1.015906336125715,1.0095604609700353,1.0266390464708874,1.0322845695542797
2022-04-22,1.127856306900399,1.0048403540401372,1.07451306447178,1.0170062657086674,1.1074566225564975,1.0577697634969474,1.016673915644169,1.0199830462703443,1.0152381228570937,1.0307588256934304,1.0324847627596208
2022-04-25,1.1230441849147739,0.9994698993156285,1.0695901513602013,1.0160692749274227,1.1025529051238723,1.0395230174192116,0.9983395944940192,1.0023881288401448,0.9992063989153462,1.0129780238508492,1.032684662443591
2022-04-26,1.1210805525756569,0.9904731850933304,1.0674756651500499,1.0072999099666866,1.1005026924789794,1.0481525348534422,1.0065594493703398,1.0107093739580904,1.00542676264791,1.0213871801377543,1.032884226869413
2022-04-27,1.1160757531304257,0.9859048340219068,1.0625911483912418,1.004357955121126,1.0955258549379925,1.0429932959499169,1.0025972444704008,1.0057344385847657,1.0046725500132163,1.0163596862376747,1.0330839545383756
2022-04-28,1.121443252404335,0.9871099148746292,1.067664370410461,1.005463339477185,1.100778249386147,1.055578843861503,1.0148275484185902,1.0178703928735346,1.0176714629568526,1.0286238528207388,1.033284094933848
2022-04-29,1.1213698470984383,0.9869316519166496,1.0676053494383146,1.0050376633408162,1.1007261814310834,1.055574733474475,1.0147239123266945,1.0178664293218935,1.0176209791943664,1.0286198473955013,1.033484523554657
2022-05-02,1.111690269258449,0.975491108132401,1.058181998201428,1.002131902293489,1.0911165764166009,1.0430941180851145,1.0036237892739102,1.0058316590500687,1.0043837457771547,1.0164579338046469,1.0337237469962972
2022-05-03,1.0998272723169014,0.9630975263030339,1.046922358385653,0.9930505153874488,1.0794899999370224,1.0364565553045875,0.9983924007360614,0.9994312099747323,1.0011034796381106,1.0099898661275144,1.0339632337791214
2022-05-04,1.1047475000608458,0.9699798366835155,1.051634695162332,0.9992976073419458,1.0843340595852944,1.0407986336264545,1.0024549920485677,1.0036181762000107,1.0067684768674887,1.0142210662492879,1.0342025680291043
2022-05-05,1.0983589125899915,0.9633825595099142,1.045449615918712,0.9969551153622762,1.078009610256219,1.023353816997424,0.9837451202649035,0.9867965408867816,0.987473000157769,0.9972217159903705,1.034441666389101
2022-05-06,1.0898873112354888,0.9565440094554801,1.0374505331869823,0.9888272156209422,1.0697285083753783,1.0141650864897167,0.973657743083666,0.977936059468194,0.976905925463676,0.9882676265518279,1.034680195690854
2022-05-09,1.0724433195276204,0.9375291650285887,1.0206525633281833,0.9715035082420288,1.0525069001882639,0.9957120316355125,0.9548590248996808,0.9601422032315013,0.9578256106223032,0.9702857841808619,1.0349187383625098
2022-05-10,1.0742914766372573,0.9239193116228933,1.022071781425347,0.9689482578482765,1.0541455690568704,1.0011285156389402,0.9596177534724702,0.9653651941360876,0.9607563784814186,0.9755639542358491,1.0351561284242872
2022-05-11,1.0769144640282453,0.9301474845198445,1.0246642027679034,0.9740018803793029,1.0567691975615952,1.0031988993135463,0.9628887279378923,0.9673616174790954,0.9635995541148261,0.9775814691231312,1.0353943643097596
2022-05-12,1.075828267043693,0.9360040945270239,1.0238203847511456,0.9739336230255538,1.0558013153885888,0.9945274098077563,0.9547600867231295,0.9589998996582186,0.9567761880577348,0.9691314125527376,1.0356324883812074
2022-05-13,1.0751735917133558,0.9338066946742101,1.023234551426966,0.9738588996782371,1.0551783116632167,0.9989196796278103,0.9585684418826779,0.9632352643904162,0.960194319104537,0.9734115224954535,1.035871583963628
2022-05-16,1.0933043419426,0.9506594206496557,1.0406010098181666,0.9861333827630369,1.0730299829399805,1.027595922891537,0.9840778088267008,0.9908871060000953,0.9811980403553296,1.0013554965547038,1.036110984825314
2022-05-17,1.072733408539662,0.9442774969977904,1.0216683117726924,0.9568526689501025,1.0531762670745437,1.0256713482062052,0.981503984835915,0.9890312829107402,0.9776604520190705,0.9994800673156854,1.0363505660837091
2022-05-18,1.0473224804143244,0.9116958315405678,0.9972391724706333,0.9282825650177405,1.028111270278283,1.0050993362723342,0.9585299432795966,0.9691941651140938,0.9515446576836646,0.9794333770104096,1.0365902444399706
2022-05-19,1.0262488023909861,0.8983093130361717,0.9775460176475469,0.8999068811787668,1.0076178736967432,0.9857826023646086,0.9412230453589151,0.9505674830372125,0.9362406144118104,0.9606099102730592,1.0368300616446726
2022-05-20,1.0318060774996485,0.889703872775874,0.9825604464937615,0.8961906541578528,1.0129304904833112,1.0146358135289053,0.9696952733321997,0.978389970721817,0.9624510770120337,0.9887263332258891,1.0370699760500424
2022-05-23,1.0358739274010231,0.8940274231818836,0.9865642020393695,0.8955516775578247,1.0169916399552785,1.0179861070756957,0.9744563521476038,0.9816205817070071,0.9695614856302072,0.9919910745346228,1.0373099042416019
2022-05-24,1.0410408295955091,0.9044736918172775,0.9914735381857994,0.9080719168166448,1.0220574948587655,1.0126605854235906,0.9694196524343283,0.9764853037049822,0.9649802507089641,0.9868015440396487,1.0375499296788133
2022-05-25,1.0359747640888508,0.9019827606909405,0.9867827705100184,0.9019258561998882,1.0171534246832827,1.011453204728214,0.9688387924317514,0.9753210542792784,0.9640812265842514,0.9856249947085193,1.0377900524034913
2022-05-26,1.0341808888484594,0.8983919455269757,0.9852219511282636,0.890283001982664,1.0154697401623016,1.0282029164169393,0.983868189490806,0.9914724158912188,0.9769110455935468,1.001946990048882,1.0380302307003604
2022-05-27,1.0469154843551822,0.9034793388434373,0.9970651829184861,0.907991984222759,1.027824002050558,1.0391932249971125,0.9953723974040147,1.0020701175952234,0.9890525344386514,1.012656652923586,1.0382705898826075
2022-05-30,1.0469154843551822,0.9034793388434373,0.9970651829184861,0.907991984222759,1.027824002050558,1.0391932249971125,0.9953723974040147,1.0020701175952234,0.9890525344386514,1.012656652923586,1.0385110047207833
2022-05-31,1.0783523132170993,0.9233304052992649,1.027241368162326,0.9057057191090091,1.0588274046309032,1.0986622970985946,1.0526049049954047,1.0593918626019054,1.0444653490919567,1.070595806812644,1.0387514334416545
2022-06-01,1.0936371104294802,0.9414469596051498,1.0425131527894747,0.9130204245031133,1.0742009694339776,1.1200057648207211,1.068711200407103,1.0795911752234908,1.059206969511394,1.0912079384159652,1.0389924193744513
2022-06-02,1.1117899399227849,0.9645480907214752,1.0607483652348348,0.9261073017639726,1.0924944813678534,1.1225461766827678,1.0714170312911544,1.0820497424546818,1.0625738095268613,1.093687017514676,1.039233670242455
2022-06-03,1.1170365977306969,0.9673291312494167,1.0651841391213968,0.9256733598949085,1.0973477461520664,1.1289634573201848,1.0744019637241498,1.0879364324424277,1.0654056581136544,1.099792399208309,1.0394750189433808
2022-06-06,1.1117614955507928,0.9625991113659056,1.0602030195928458,0.9219949535583516,1.0921896938190057,1.1287487984367253,1.0707835420240281,1.0874308601581384,1.0621581766544286,1.0994349838738522,1.039716632819047
2022-06-07,1.108594549594451,0.9569008379887701,1.05653253641414,0.9202485000778338,1.088742472374835,1.1343761915679957,1.0765166163615756,1.092873352696221,1.067890664340921,1.1049269502921382,1.0399587212015
2022-06-08,1.1002529199992925,0.9516257117736951,1.0486010427145505,0.9172493434660614,1.0805444066541863,1.1159236958577043,1.0574820170789703,1.0750092928734807,1.048528954322749,1.086910240036925,1.0402004475081292
2022-06-09,1.0853208584728224,0.9410460917974135,1.0350643699056634,0.9104086517342234,1.066243737438316,1.1060984253138362,1.049070625151221,1.0656072393685372,1.0408012422632493,1.0773708465923881,1.0404423137094467
2022-06-10,1.0876028021460264,0.9420705351615956,1.0367470653240354,0.9156722314360272,1.0682233868518107,1.0995399004458182,1.043118179986499,1.0593204070103432,1.0349018340730969,1.0709980408465551,1.0406842780130554
2022-06-13,1.0519408824175092,0.9084706060363945,1.0022916598100426,0.8767509198019294,1.032936721892035,1.0698120724973632,1.0130434140367743,1.0304590360599248,1.0061886346075755,1.041932165383311,1.04092667544989
2022-06-14,1.054121288281162,0.9152365925481298,1.0050740184867657,0.8880100748863926,1.0354484980195893,1.0653604522656264,1.013475306276079,1.0265637254606417,1.006884848524329,1.0377904882151725,1.0411685429795638
2022-06-15,1.024598276360141,0.8915408726153724,0.9775286688989775,0.8637013714707401,1.006757215879328,1.035758240560441,0.9917444496796943,0.9986415958497036,0.9840800520661247,1.0092531090593921,1.041409586954892
2022-06-16,1.0237536210634057,0.8948235239241015,0.9770414316159921,0.86601938134676,1.0060647497338058,1.0213777805548654,0.978366798895189,0.9847528359390779,0.972455393881567,0.995227495579758,1.0416508962487692
2022-06-17,1.027734325520943,0.8952460757766079,0.9800515063483596,0.8687853930270164,1.009560518990608,1.0273933742391712,0.9825979483586147,0.9903714953859124,0.9777880638840616,1.0009987061675334,1.0418925129321914
2022-06-20,1.027734325520943,0.8952460757766079,0.9800515063483596,0.8687853930270164,1.009560518990608,1.0273933742391712,0.9825979483586147,0.9903714953859124,0.9777880638840616,1.0009987061675334,1.042134185659939
2022-06-21,1.0055971707692273,0.8738136895334921,0.9568539633581731,0.8582461248523948,0.986655252629388,1.0008887751673252,0.947571442764616,0.9638163950070502,0.9469455620756962,0.9746749360910112,1.0423758725131018
2022-06-22,0.9966637329904443,0.873033655752021,0.9502715984159181,0.864338982241486,0.978920975190162,0.994823210270384,0.9429130109396124,0.9580550612590737,0.9434186457113068,0.9688058577952877,1.0426175315338735
2022-06-23,0.9753728232167288,0.8572313190975711,0.929207141548406,0.8507304036511234,0.9575306752766378,0.9555283751823749,0.9077876521036256,0.9203174451522312,0.9095679712415726,0.9305903449836322,1.0428592465796203
2022-06-24,0.9824454215090075,0.8610610500440956,0.9361446360239181,0.8507777143816169,0.964601857377144,0.9744118491600037,0.9262723647553914,0.9385976028317837,0.9266548798123779,0.9490281486855761,1.0431012694298365
2022-06-27,0.9824454215090075,0.8610610500440956,0.9361446360239181,0.8507777143816169,0.964601857377144,0.9744118491600037,0.9262723647553914,0.9385976028317837,0.9266548798123779,0.9490281486855761,1.0433433484478052
2022-06-28,0.9824454215090075,0.8610610500440956,0.9361446360239181,0.8507777143816169,0.964601857377144,0.9744118491600037,0.9262723647553914,0.9385976028317837,0.9266548798123779,0.9490281486855761,1.0435854416659975
2022-06-29,0.9824454215090075,0.8610610500440956,0.9361446360239181,0.8507777143816169,0.964601857377144,0.9744118491600037,0.9262723647553914,0.9385976028317837,0.9266548798123779,0.9490281486855761,1.043827591058532
2022-06-30,0.9809000673899263,0.8730520514911967,0.9366178995508091,0.8663339225745628,0.9640501662912744,0.959486490137853,0.9173464649129088,0.9247933263328331,0.9148916331434005,0.9347768011006665,1.0440689566375827
2022-07-01,0.9910447591573963,0.8760349321750373,0.9456904663452782,0.8764569276527389,0.973743081597108,0.9858091178421928,0.9424166535654361,0.9503391762414655,0.9385079086036636,0.960514839713963,1.0443684360013537
2022-07-04,0.9910447591573963,0.8760349321750373,0.9456904663452782,0.8764569276527389,0.973743081597108,0.9858091178421928,0.9424166535654361,0.9503391762414655,0.9385079086036636,0.960514839713963,1.0446680012673906
2022-07-05,0.9858375755790585,0.8779152780477942,0.9409754271181956,0.8701020672160619,0.9686754264665524,0.9515872441600944,0.911521644209484,0.9179538891597507,0.9107233036252841,0.9273911940672963,1.0449680728061244
2022-07-06,0.9858375755790585,0.8779152780477942,0.9409754271181956,0.8701020672160619,0.9686754264665524,0.9515872441600944,0.911521644209484,0.9179538891597507,0.9107233036252841,0.9273911940672963,1.0452683566776932
2022-07-07,0.9911620949294568,0.8757899605635296,0.9451894094362799,0.8746682539239446,0.9734859894074126,0.9697633382519069,0.9261986377747569,0.9346107370875053,0.9240905624641522,0.9447347855575613,1.045568853015588
2022-07-08,0.9687021409533716,0.8451142738910304,0.9219824131484643,0.8528579052584051,0.950533013506751,0.9630449671099099,0.9186240486556795,0.9277010637529202,0.9156538449680971,0.9380125272407227,1.0458690991742705
2022-07-11,0.9754964123379991,0.8527773243131976,0.9283862941090566,0.849677289507791,0.9571536992104066,0.9546394542248908,0.909886744341504,0.9192396264316756,0.9068938682343809,0.929668634180774,1.046169473634724
2022-07-12,0.9752688530387673,0.8489830634922193,0.9270801802480314,0.8506872098219579,0.9563463967811493,0.9511223143111575,0.9061101897738544,0.9158144649631297,0.9027532082876625,0.926228759981094,1.0464700185529618
2022-07-13,0.9691227630108118,0.844624517547902,0.9212645753784442,0.8455672990548223,0.9503235970480096,0.9400813236403948,0.8956196660586753,0.9052195711812947,0.8923832867797119,0.9154905159105539,1.0467705655979522
2022-07-14,0.9380558641087615,0.8245076594028746,0.8927692645352641,0.8270584098705704,0.9203515376949869,0.9039215623037251,0.8636306996496497,0.8713844940356897,0.8613108917739472,0.880695554195608,1.0470712410794822
2022-07-15,0.9201864580208805,0.8087494419606804,0.8753248430692097,0.8170591761678974,0.9025798651233854,0.8810903653459091,0.8445092900082388,0.8507203465900395,0.840003759772861,0.8590708892805349,1.047371623745843
2022-07-18,0.9200183068654276,0.805049584071009,0.874840137164601,0.8142308545135528,0.9022760045963704,0.8909160648506221,0.85308460160178,0.8598210045443745,0.8488059944477993,0.8684782500699809,1.0476714604352675
2022-07-19,0.9269665205146356,0.8062652392125476,0.8808036317257157,0.8153393647528508,0.9087745261042568,0.8994225322594754,0.8596078777619071,0.8674577629393516,0.8538739165236982,0.8765400652840601,1.0479716780485013
2022-07-20,0.9269665205146356,0.8062652392125476,0.8808036317257157,0.8153393647528508,0.9087745261042568,0.8994225322594754,0.8596078777619071,0.8674577629393516,0.8538739165236982,0.8765400652840601,1.0482719816912003
2022-07-21,0.9179810400949348,0.7944380528516792,0.8716557199693201,0.8038008125272093,0.899658481189894,0.8954124258719744,0.8567967508203332,0.8638911066716981,0.8529879119148309,0.8727358853231152,1.0485728775430996
2022-07-22,0.8924792506849182,0.7810546219206801,0.8502918524601649,0.785140805927196,0.8761569442441604,0.8775660746870787,0.8391953730057803,0.846482138793525,0.836889935290951,0.855233293854716,1.0488739019558055
2022-07-25,0.9167888719093567,0.8040067180247649,0.8733372377910975,0.8190110663381809,0.8999410487381901,0.9071025958800609,0.8695506922445171,0.8759011605461556,0.8641614386134849,0.8844735097841999,1.0491742531180734
2022-07-26,0.9202656576927944,0.8112066751993378,0.8772888178982864,0.8275511319575487,0.9036706699579389,0.9083920419211539,0.8700991511731619,0.8768790952258203,0.8642366673470919,0.8856209490981709,1.0494751968783596
2022-07-27,0.9322334563623638,0.8276953160425862,0.8897618894889553,0.8336418022595834,0.9159820372117746,0.9104688354264949,0.8692438994392879,0.877737223264775,0.8617428047112392,0.887169380565464,1.0497754246289603
2022-07-28,0.9335123169223802,0.831342084928444,0.8914831643331145,0.8298402561394608,0.9175064073343364,0.9099063000990042,0.867678150721312,0.8765828249086993,0.8609275893997113,0.8863462208588614,1.0500751046658985
2022-07-29,0.9295900926209619,0.8280131327835297,0.8876857416618013,0.8264720959334972,0.9136240803599514,0.9050255522762002,0.8627639011869253,0.8717207736730485,0.8554009805645157,0.8815406200287978,1.050374363227212
2022-08-01,0.9116123959771296,0.8158599312210483,0.8716450181299416,0.8155071659105132,0.8965309727177588,0.8915188666815747,0.8481089843310217,0.8578140274202282,0.8409140759485554,0.8680071599508443,1.0507337227122766
2022-08-02,0.9073842492108208,0.8123441257301595,0.8680426272333205,0.8107986641399694,0.8926235064222724,0.8971493883533901,0.8523707662225574,0.8624814415768869,0.8450927386381949,0.8731988182272333,1.0510933742607345
2022-08-03,0.9055322153712798,0.8105380583104279,0.8658269094012042,0.8124479983575753,0.8905623505101682,0.892308166148465,0.8486903253200837,0.8585453849913502,0.841400611461682,0.8687869656328965,1.0514533603821328
2022-08-04,0.9056381129764765,0.8133074348692859,0.8657448655757212,0.8189078187882292,0.8905268478804212,0.8873042935968624,0.8475226587020149,0.855743152163938,0.8403130026032737,0.864714099148131,1.0518133851775449
2022-08-05,0.9201772589930215,0.8215427428369324,0.8786926862407868,0.8282068455762497,0.904332485950415,0.9010558653275828,0.8591776557525922,0.8680130358112991,0.8518836632627473,0.8777108298827582,1.0521734909250853
2022-08-08,0.9319047810632577,0.8292271871735905,0.8897498025704422,0.8344677610425079,0.9158167148202399,0.926670844025891,0.8825261245467233,0.8919601982639802,0.8750630210305591,0.9023603822731625,1.0525338046354071
2022-08-09,0.9236711932993331,0.8202194845827461,0.8817634841254893,0.8256100404836505,0.9076848291473357,0.9240085217474708,0.8786617173757446,0.8888715202491023,0.8712113529151276,0.8995562489282731,1.052894029975085
2022-08-10,0.9110521631306041,0.8120478404381353,0.8704730509361409,0.8185080193857374,0.895667108490368,0.91900662730894,0.8750746881173731,0.884633115568518,0.8676258107209047,0.8949284517365604,1.0532543786003952
2022-08-11,0.9171772527192525,0.8170390307602742,0.876030789099425,0.8242806872749242,0.9015379340177866,0.9222659464107957,0.8789894312341955,0.8883678078324606,0.8714576262364493,0.8983560183885851,1.0536147657919415
2022-08-12,0.907629409909663,0.8111979503896295,0.8677542127280862,0.8171027568109054,0.8925975253453322,0.9209640896587665,0.8775746613194229,0.8868272344098802,0.8700351216259778,0.8969795124200225,1.053975106714332
2022-08-15,0.907629409909663,0.8111979503896295,0.8677542127280862,0.8171027568109054,0.8925975253453322,0.9209640896587665,0.8775746613194229,0.8868272344098802,0.8700351216259778,0.8969795124200225,1.0543355708749158
2022-08-16,0.908037167414478,0.8117944672853816,0.8681856803907341,0.8177332675535509,0.8930187730437006,0.9209640896587665,0.8775746613194229,0.8868272344098802,0.8700351216259778,0.8969795124200225,1.0546965401345383
2022-08-17,0.8900501784616698,0.7976096421797567,0.851097222389038,0.8071420495117441,0.8753714332418486,0.9134134512201932,0.8708556282296873,0.8796746822128126,0.8634895054409051,0.8896451962359587,1.0550575056614924
2022-08-18,0.8992596227116529,0.7998637780096961,0.8588294311740353,0.8062184212998792,0.8838981370873341,0.9182704554460484,0.8742428348617327,0.8835379327654536,0.8667941428525804,0.8940609579122454,1.0554188494475119
2022-08-19,0.8871036519438406,0.7846031199852556,0.8462830083226918,0.7904490474012876,0.8714706521756105,0.9081268420972803,0.8659966062354899,0.8745328536842206,0.8586439360027682,0.8844851708129746,1.0557804019249715
2022-08-22,0.8830383154337057,0.7802591909620883,0.8422049187910641,0.7874560677145573,0.8673802224030424,0.9002270229773498,0.8573716077261673,0.8665046783350587,0.8500121930555965,0.8766384471140882,1.05614216322354
2022-08-23,0.878788648998127,0.7731704700337338,0.8377797117002345,0.7822867413638889,0.863043687680777,0.9008424477975934,0.8557859279934689,0.8660645714369902,0.848259819263024,0.8768631308373055,1.0565037934969952
2022-08-24,0.8810792147251391,0.7699623040888426,0.8387871567870278,0.7779643245505868,0.8647025484759214,0.9036806124197474,0.8570826200933712,0.86754422060115,0.8494920185491134,0.879139098929845,1.0568656326182162
2022-08-25,0.8783403177943295,0.7690787135262115,0.8367754708218726,0.7764591588035392,0.8623317589855991,0.9052986605255692,0.8589336089313009,0.8695274075559213,0.8513272108477257,0.8808839874553774,1.0572276807169545
2022-08-26,0.8863988556685842,0.7763463505742934,0.8445031732349471,0.7802235615158687,0.8702662737013086,0.909075523680648,0.8640268733270461,0.873997803339326,0.8564470976799587,0.8848826268427251,1.0575897677603476
2022-08-29,0.8765027645881989,0.7596175341551447,0.8339133687215049,0.7621434901044517,0.8599916122930924,0.906978544058148,0.859450641989459,0.8704120903103468,0.851854296251511,0.8822203637469018,1.0579517234824856
2022-08-30,0.8618577019849264,0.7510024304842907,0.8206291420112704,0.7557931399118614,0.8459192102672313,0.89293712545788,0.847576023403464,0.8574849467866112,0.8401530206825908,0.868770741334093,1.058313462524033
2022-08-31,0.8567708016224649,0.7494294790963208,0.8167578253456562,0.7452466804191664,0.8414212271646695,0.8818575228520116,0.8399051230368805,0.8482851887405007,0.8326891335120494,0.8585441595473398,1.0586755807589854
2022-09-01,0.8427462966893318,0.7396996176483616,0.8027335724022838,0.7411697140115501,0.8272403355640405,0.8550872002494527,0.8167391733677547,0.8244107472110566,0.8097089595050223,0.8332662873965385,1.0590381210908038
2022-09-02,0.8479455249710034,0.7356816048088259,0.8064195602301001,0.7380519145462971,0.8317754869263506,0.8790289587009762,0.8357483949330703,0.8445156836390783,0.8285609468345496,0.8553781517365203,1.0594004446653145
2022-09-05,0.8508777995669304,0.7377887948481332,0.8089981117046263,0.7421442034150454,0.8345410507989363,0.8833042509345558,0.8390966187231619,0.8482187244553613,0.8318765579029819,0.8593811347147079,1.0597632332246407
2022-09-06,0.8478052227440829,0.7348787155889077,0.8059678946962413,0.740322879661881,0.8314697440009962,0.8748587139769998,0.8319237906544005,0.8409901747952103,0.8247564953070938,0.8515375676007508,1.0601261886625413
2022-09-07,0.841358723036343,0.732972478952686,0.8004352464258085,0.7382550165017252,0.8254237845984309,0.8655258997957773,0.8257439542349939,0.8338809116848477,0.8186304337743084,0.8432080103005108,1.0604888418350302
2022-09-08,0.8397355538971429,0.7342190564950603,0.7989619835272814,0.7368943522370719,0.8238394228866173,0.8616350195123597,0.823432499444485,0.8305409645989273,0.8163399182968447,0.8395825326161055,1.0608516617375912
2022-09-09,0.8427632639081577,0.7335293817304761,0.801353293688082,0.7364258721969238,0.8265983249528511,0.8657718065632188,0.8241412921949194,0.8325498840111639,0.8170330896890924,0.8428275582898805,1.0612145630834722
2022-09-12,0.8511519633856941,0.7374098691143521,0.8086931275287302,0.7449335189745258,0.8345138599566537,0.8797375948723557,0.8365258102713108,0.8455810994341003,0.8293067073506442,0.8562684329175635,1.0615773323658684
2022-09-13,0.8418358294907312,0.7305762926086506,0.8003954648567636,0.7382888160700014,0.8256689221677633,0.8690940815981867,0.8268357727514184,0.8359531771637203,0.8196938384188093,0.846164313493135,1.0619395849233082
2022-09-14,0.831495340597434,0.7208728125428956,0.7906933016380943,0.7240486740969079,0.8156254751595532,0.8534427636306656,0.8085108136640343,0.8187012720356143,0.801525280942561,0.8300374448776356,1.0623024738589024
2022-09-15,0.826941527657106,0.7196142156170161,0.786417176201585,0.7245736914637522,0.8111345786241169,0.8469946007158602,0.806114938750488,0.814787138982589,0.7991568060215238,0.824676203331858,1.0626660424852035
2022-09-16,0.7985348584580618,0.6956845804935667,0.7598243044257189,0.6932223906992979,0.7835108418420732,0.811085196235959,0.7680325747450838,0.7772779724757886,0.7613929054022729,0.7885291873395314,1.0630299065793731
2022-09-19,0.8065277859264028,0.702937045888606,0.7669805737872406,0.7027988134970821,0.7910951087137641,0.8200565299459246,0.7791597735702978,0.7874532355347267,0.7724265777886724,0.7978869043924673,1.0633939380372328
2022-09-20,0.8044593124611517,0.7037219308645359,0.7654034933416191,0.7046859633299474,0.7892372790922446,0.8177703576775369,0.7791590827063276,0.7867521989793795,0.7724318887693761,0.7962579207836511,1.0637583081005648
2022-09-21,0.8005055471627814,0.7015389975462878,0.7617370752921472,0.701318377656217,0.7853893834011706,0.8056461272082105,0.7691226820814815,0.7761714958427148,0.7624791232481037,0.7848976850998053,1.0641231026388736
2022-09-22,0.8071798640438379,0.7082547445269644,0.7681275341321275,0.706324833625902,0.7919595930384564,0.8102270529044812,0.7730913436344318,0.7802780436050171,0.7664106836740805,0.7892413460294876,1.0644882791849875
2022-09-23,0.7908482907170402,0.6994014855855042,0.7532145369664603,0.6979198964855137,0.7761832884447908,0.7858549630682374,0.7551015450011486,0.760222269055578,0.7485860915650917,0.7668690334353014,1.0648539237119365
2022-09-26,0.7714388453905479,0.6842518800106273,0.7346381101684113,0.6831997969441737,0.7570453541516745,0.7577112214740205,0.7303280545865827,0.7344168396235777,0.72401657982013,0.7399995280866987,1.065218922579424
2022-09-27,0.7693726716498517,0.6739053957623982,0.7310287443048964,0.6754218059553869,0.7542391541861639,0.7547921244676616,0.7258397751835729,0.7309179252467476,0.7195584521914428,0.7368916440918148,1.0655836179349076
2022-09-28,0.7701374908294674,0.6716033634059708,0.7312277207183072,0.6716611354452182,0.7547485960133675,0.7574907778175224,0.7257536798736502,0.7315713130268567,0.7194732465314418,0.7387310115635287,1.0659486525344
2022-09-29,0.769996419167203,0.6732534696372584,0.7312290603007058,0.6750062669687185,0.7546672468324152,0.7633746192252258,0.732602321055705,0.7378755097091437,0.7262578642676764,0.7447304989320532,1.0663138121829796
2022-09-30,0.7761818724723178,0.6829949013724449,0.7380619044162908,0.6807549997889849,0.7612045673840172,0.7648449357785759,0.7341004639549151,0.7393136655748073,0.7277453952999771,0.7461707109769635,1.0667171979148573
2022-10-03,0.7848378175003675,0.6857049950679456,0.7452847747635472,0.6845460740541162,0.7692435592768689,0.7821841250772857,0.7474569249770129,0.7531349586031745,0.7409497508474867,0.7618937009402809,1.0671212084001904
2022-10-04,0.8027669758722753,0.6956206698533725,0.7614943845088392,0.6932545379910048,0.7864683270647662,0.8107522581842492,0.7741625275837458,0.7800881502273009,0.7673386932910141,0.7895213110286653,1.0675258871722952
2022-10-05,0.8196177251681446,0.7173310564844613,0.7785762744686823,0.714470422259862,0.8034908593479771,0.824181521603371,0.7881764126098408,0.7940355207907079,0.7812095816273752,0.8030276487876378,1.0679308482752377
2022-10-06,0.8230736338744015,0.7188432017146879,0.7815724852068717,0.7168671202666305,0.8067539201601923,0.8292581113281028,0.7924470158107283,0.7983969635009374,0.7853714250115271,0.8077795200562339,1.068335877054659
2022-10-07,0.8200868432753153,0.7171505540978076,0.7788645836896508,0.7155414937910419,0.8038778606951174,0.8246599440066611,0.7884950091236457,0.7943959944979784,0.7814914088540019,0.8034618699255555,1.068741188411727
2022-10-10,0.8180209132003462,0.7192362230486726,0.7775430620880184,0.7156793211103826,0.802135935561387,0.8148221079186573,0.7799145074014701,0.7856899881104502,0.7731104375413962,0.7941524959969583,1.0691467395470247
2022-10-11,0.8150626922100881,0.7201414563070034,0.7751027940379053,0.713836300046994,0.7993823847333009,0.8071240242429757,0.7736978864251095,0.7792492703079528,0.7670683013578363,0.7870173272736454,1.069552444575262
2022-10-12,0.8160884628688896,0.7209430861077617,0.7762651624166982,0.7156195530435014,0.8004784195089181,0.8087873433840477,0.7761502915744599,0.7817044538076888,0.7695239150466489,0.788974970678365,1.0699583896290215
2022-10-13,0.8144971616748515,0.7190981558228758,0.77471524027291,0.7164897663187746,0.7989072167721947,0.8041138448072698,0.7728454577741335,0.7782127958724576,0.7660260535103687,0.7849067771148518,1.0703650053990388
2022-10-14,0.8091898466642496,0.7220170539623704,0.7713416379678114,0.7216467141863601,0.7944858224052723,0.8002943683131692,0.7680931549549205,0.773608429584747,0.7614745125475642,0.7807535480087373,1.0707716034158723
2022-10-17,0.8091898466642496,0.7220170539623704,0.7713416379678114,0.7216467141863601,0.7944858224052723,0.8002943683131692,0.7680931549549205,0.773608429584747,0.7614745125475642,0.7807535480087373,1.0711783558865102
2022-10-18,0.783048493438811,0.6708012199089596,0.7406009513321606,0.6769218806859407,0.7660411386842914,0.7936626142931676,0.7595476889838898,0.7653038226417949,0.7527789750518876,0.7735743248889089,1.0715853490746687
2022-10-19,0.7950844518528356,0.679929766162757,0.7511241234360255,0.6841163225534713,0.7774115465338698,0.7947395429656825,0.7592369494529166,0.7650851306528981,0.7523487503011358,0.774150200002368,1.0719924968994983
2022-10-20,0.7950844518528356,0.679929766162757,0.7511241234360255,0.6841163225534713,0.7774115465338698,0.7947395429656825,0.7592369494529166,0.7650851306528981,0.7523487503011358,0.774150200002368,1.0723997994197532
2022-10-21,0.8401393215616474,0.6942915198025326,0.7830639939082884,0.7486429799292524,0.8158059419393463,0.7824157608892338,0.7450882362391922,0.751115404214142,0.7382074513648512,0.7613192400865573,1.0728066094191981
2022-10-24,0.8170053212213433,0.6712935121317668,0.760373050713221,0.7275779356990918,0.792771416413517,0.7542703012764752,0.7185093917116732,0.7243063268566888,0.7117731552482999,0.7340498421069351,1.073213875916414
2022-10-25,0.8187314604213881,0.6721318630584949,0.761662150895053,0.7274015041473028,0.7942916943413683,0.7521713454635902,0.7176130810663638,0.723259655600152,0.710836741341686,0.7324205382395492,1.0736211242853497
2022-10-26,0.806291733182485,0.6598289742831751,0.7502844238752597,0.7102967014460291,0.7823831734869612,0.7472870984412995,0.7118122216639631,0.7175756396674865,0.7050874850769085,0.7272587635163823,1.074029175203466
2022-10-27,0.8050199024492601,0.6584350897578533,0.7492082913032433,0.7113047845183696,0.7812052856858683,0.7489480369068608,0.7144155178432227,0.7200974254213748,0.70757317443168,0.7292834722256626,1.0744372515576877
2022-10-28,0.8072631376032811,0.6605270811289091,0.7517968503069542,0.7122775728725095,0.7836880927661751,0.7548227262023439,0.7181630734039457,0.7240855756278173,0.7111508182181412,0.7343649418220513,1.0748444021189143
2022-10-31,0.8094672613544487,0.661730213459844,0.7539511662480576,0.7131127491039414,0.785898558197444,0.7593308042107682,0.7220551397720705,0.7280676048442504,0.7149840361883711,0.7386295858263341,1.075289204941067
2022-11-01,0.8247432825521512,0.6722786259540511,0.7675258659176221,0.7241775282598146,0.8005572823730044,0.7863136742845569,0.7469930331126061,0.7532580321652331,0.7397927285610914,0.7646031216487614,1.075734624519885
2022-11-02,0.8255923162763232,0.6737562900821443,0.7687683406211286,0.7248252256410278,0.8016154657445376,0.7889707044270922,0.7489009361608728,0.7553053190225089,0.7399706876692069,0.7669253882583954,1.0761797524564303
2022-11-03,0.8165395360036248,0.6674039015036263,0.7606159635411853,0.7157127284470788,0.7929596876000062,0.782995443907673,0.744428974781805,0.7507607866390912,0.7355587492682824,0.761612738839457,1.0766250212781188
2022-11-04,0.8155063290077784,0.65684968927325,0.7550098082084622,0.7125175094368056,0.7897045048088596,0.789530877765186,0.7501647390442021,0.7564959433709421,0.742461194388731,0.767787309680917,1.0770704310074137
2022-11-07,0.8155063290077784,0.65684968927325,0.7550098082084622,0.7125175094368056,0.7897045048088596,0.789530877765186,0.7501647390442021,0.7564959433709421,0.742461194388731,0.767787309680917,1.0775160250068334
2022-11-08,0.8190152143382311,0.6543358458125194,0.7554832789432737,0.7103782062117731,0.7917828361437445,0.797034098496341,0.7552358306113358,0.7617103546440379,0.7464924679759447,0.7742159418962544,1.077960719402949
2022-11-09,0.8100923350116438,0.6515947653490016,0.7495118942747494,0.7030668809038934,0.7842795946466221,0.783518399407042,0.7445817101784361,0.7508978128197739,0.7345727786021944,0.7619028835412792,1.0784062913399488
2022-11-10,0.8348069405302161,0.6725400438205967,0.773702715022815,0.7235394634831626,0.8090795360411398,0.8228626515922698,0.778665153176344,0.7854789469224742,0.7686155395644994,0.7989024064134439,1.0788512663642937
2022-11-11,0.8274516193850225,0.6678119299321128,0.76650869559533,0.7162298245878139,0.8015310110894917,0.8016343030316498,0.7603290905079586,0.7669544132919793,0.748163448170585,0.7789150413358751,1.0792962079369501
2022-11-14,0.8274516193850225,0.6678119299321128,0.76650869559533,0.7162298245878139,0.8015310110894917,0.8016343030316498,0.7603290905079586,0.7669544132919793,0.748163448170585,0.7789150413358751,1.079741333013125
2022-11-15,0.8452726555137264,0.6832006103626128,0.7844559546596341,0.7292954824333302,0.8198246617637991,0.8296505538812085,0.788869682535778,0.7956859374977023,0.7777488557255701,0.8070230668109644,1.080187858199264
2022-11-16,0.8430432006809606,0.6812872954368856,0.781794373627508,0.7280593937082203,0.8172133025699212,0.8206766955057795,0.7801874540369066,0.7869833485884359,0.7676917974566377,0.7981950342300577,1.0806355677518342
2022-11-17,0.8466107299247131,0.6799212832055079,0.7814799392670686,0.7378876451831103,0.8184229790662122,0.8162647385752405,0.7759082939731693,0.7826057345736693,0.7655227472191922,0.7939234233279574,1.0810836802859367
2022-11-18,0.8390512036301881,0.6753591885546499,0.7760886171145817,0.7277375805454028,0.8121418214120484,0.8154645289621552,0.7737880983468238,0.7806275664317408,0.7623877685862935,0.7926216773065445,1.081530891102151
2022-11-21,0.8163658681966063,0.6718865115320997,0.7674551065732207,0.6968347182621054,0.7975722228509777,0.8155095994043452,0.7732962097823763,0.7802380863875508,0.7599651731999071,0.792415924465296,1.081979070267542
2022-11-22,0.8163658681966063,0.6718865115320997,0.7674551065732207,0.6968347182621054,0.7975722228509777,0.8155095994043452,0.7732962097823763,0.7802380863875508,0.7599651731999071,0.792415924465296,1.0824269562419209
2022-11-23,0.8300999695848879,0.6840365384408189,0.7810816432902188,0.7102597498635775,0.8113785847962232,0.8263760709496542,0.7820647837634775,0.7891562222790511,0.7689777244954331,0.8023802583296291,1.0828749840633978
2022-11-24,0.8300999695848879,0.6840365384408189,0.7810816432902188,0.7102597498635775,0.8113785847962232,0.8263760709496542,0.7820647837634775,0.7891562222790511,0.7689777244954331,0.8023802583296291,1.0833231101810017
2022-11-25,0.8333049188071179,0.6828911088947446,0.7827349861840954,0.7121145151275929,0.8139498646096955,0.8442508506509019,0.7952313042857172,0.8027591584025898,0.7794874342535542,0.8182212073164746,1.0837701575885574
2022-11-28,0.8337971003554172,0.6849849938046669,0.7840800399908155,0.7140483438462392,0.8148545211606917,0.8400764789024535,0.7913674808421489,0.7989211151071661,0.7754856494431871,0.8142405156000818,1.0842180000110426
2022-11-29,0.8425777660573153,0.6898306875336031,0.7908967844674342,0.7242698295245712,0.8225631243577619,0.8357304092166574,0.7875058298542935,0.7949466191816548,0.7729416235975202,0.8101345858440078,1.0846660274938322
2022-11-30,0.8352662184855488,0.6894509849938398,0.7850132409337671,0.7244391672580665,0.8154322122746235,0.8023305691129344,0.7579254275760311,0.7649534078077427,0.7427555222870612,0.7784014021696307,1.0851132362625677
2022-12-01,0.8425095053320425,0.6925593823300247,0.7905440465076562,0.7292221847816409,0.8219464536171035,0.8137189824315014,0.7658886654682641,0.772958546275818,0.7505843303178282,0.7876585417440298,1.0855625942819007
2022-12-02,0.8537302710964373,0.7056608178641145,0.803453538790389,0.7423309496921302,0.8340133011659376,0.8173184565682747,0.7699612217735844,0.7770722624621516,0.7545727205828147,0.7914589527926084,1.086012138385619
2022-12-05,0.8392798374434136,0.6926732791255126,0.788442821625983,0.7330584121504109,0.8190694910455039,0.8092783854493604,0.7632999460676997,0.7703339488920082,0.7480567011748801,0.7843246016673425,1.086461999750402
2022-12-06,0.8374312142415922,0.6883604686610041,0.7850632839032334,0.7291924969727763,0.8164079091392759,0.8044210671315919,0.7572794952249636,0.7642592668701814,0.7421555041845954,0.7788079792782201,1.0869116977185267
2022-12-07,0.8467334718621287,0.695950969935291,0.7937899597158901,0.7337221874110543,0.8254120166411806,0.800606022855999,0.7530645930410367,0.7600011651643404,0.7380281794158314,0.7748087704355834,1.0873614068770736
2022-12-08,0.8467334718621287,0.695950969935291,0.7937899597158901,0.7337221874110543,0.8254120166411806,0.800606022855999,0.7530645930410367,0.7600011651643404,0.7380281794158314,0.7748087704355834,1.0878113021025548
2022-12-09,0.8429522991173384,0.6949474958618026,0.7904342188188781,0.7361280613521551,0.8216310097520576,0.8040186957988195,0.7584635998107245,0.7654394383942318,0.7433275603293952,0.7795831865671037,1.088261996283702
2022-12-12,0.8439857074087371,0.6964867366642978,0.7919920412912094,0.7365737835889332,0.8229522589242625,0.8012347128535143,0.7558131234781517,0.7627775285541366,0.7407198643684534,0.7768942778683198,1.0887128771932315
2022-12-13,0.8402752125243458,0.6912074869395389,0.7876635672338858,0.7345207586114947,0.8190979648443287,0.8058039559130887,0.7594175354737881,0.7664164501363242,0.7442512845544917,0.7808816391215506,1.0891639449085075
2022-12-14,0.826753918523322,0.6843844069802514,0.7775569811938203,0.7210290534055304,0.807206258943261,0.7832308096229971,0.7396444115127412,0.7464821104665528,0.7248566273287498,0.7600442887899597,1.0896149803734316
2022-12-15,0.8254007333279055,0.6815753957692836,0.7741521727194843,0.7216479143327112,0.8045557684248881,0.7850962931382687,0.7421431138671769,0.7489999367458614,0.7273084789632321,0.7625322290432581,1.0900662026173908
2022-12-16,0.8190018068283718,0.6790154719034781,0.7706336789362076,0.7181712802660039,0.7998593781355103,0.7806425585688843,0.7370399545119666,0.7438307936811469,0.7223220416724436,0.7578060213000155,1.0905176117177324
2022-12-19,0.8172443799301063,0.6697367322727775,0.7638834680766278,0.713838006171901,0.7955081297189038,0.7902515532869363,0.7433905159911035,0.7502231597813762,0.7285588425978304,0.7655502329256154,1.091007911154086
2022-12-20,0.8267250441776236,0.6801487961127395,0.7751239961114754,0.723128716965598,0.8060772514010073,0.8005615765305487,0.7512814005770632,0.7581835857601131,0.7362946254444223,0.7743791560606478,1.0914979481151554
2022-12-21,0.8310860283965,0.678177191873346,0.7772821109886787,0.7243384550739979,0.8098121913781712,0.8192359635777373,0.7659132007881111,0.7729270016965152,0.7506523677021526,0.7902888292485277,1.0919883808655277
2022-12-22,0.8341368565650509,0.6810435988665056,0.7796488352988026,0.7287375369169045,0.81233814629125,0.8190746906147701,0.7667089195603184,0.7737265376694287,0.7514349425286111,0.7908064446608274,1.0924790339775445
2022-12-23,0.8354994824854803,0.6831373244908688,0.781425946763062,0.7301875737205913,0.813917325281143,0.8236264363642923,0.7718687137542326,0.7789341768495052,0.7564914632520962,0.7957487842123683,1.0929699075502186
2022-12-26,0.8394474076783324,0.6857668047486416,0.7848138615653109,0.7357432905155095,0.8176737694659464,0.8295356714002357,0.7770405767346839,0.7841737027889932,0.7615444148007059,0.8013249803995092,1.0934603419778064
2022-12-27,0.8450190534531731,0.6849384979638078,0.7874414219646969,0.7396640530742767,0.8219895996982504,0.8490592350609298,0.7933360555202841,0.8006157605562692,0.777517273089485,0.8187008579980859,1.0939509524717206
2022-12-28,0.8538583721749587,0.691085606452267,0.7954945403251744,0.7445243036900591,0.8305891980568804,0.8576177065947541,0.7991456287956802,0.8064398265495705,0.7832413332538772,0.8255930070352142,1.0944416510319006
2022-12-29,0.8602195343209461,0.7049130709300067,0.8064390523920666,0.7504585969772298,0.8391343226244735,0.8455269126741244,0.7909548749072638,0.7982344680228982,0.775166588276086,0.8158991420902189,1.0949323935398585
2022-12-30,0.8601351540021865,0.7046910807945513,0.8063362147770687,0.7502371832560586,0.8390549177820845,0.845442394077357,0.7908539711641682,0.7981386611069085,0.7750192157437874,0.815777662150486,1.0954233560944575
2023-01-02,0.8639925939427207,0.7044126014128012,0.8098822425753764,0.7498357900721204,0.8432372649657695,0.8555057358049734,0.7969450366578267,0.8043004706462565,0.7807988844630046,0.8228225574710845,1.095913260502535
2023-01-03,0.8559806831713158,0.6975257366276828,0.800960538454647,0.7454549168392686,0.8345323904658215,0.8568151088617815,0.7983646237949019,0.8058038932208181,0.7812743207346146,0.8242554355248874,1.0964022815415848
2023-01-04,0.8636539431889027,0.7032389609770723,0.8073630905866367,0.7530203973989762,0.8413821801727464,0.8560868713717413,0.7978558998408839,0.8052623096873792,0.7811403897131075,0.8237131839722266,1.0968919178583794
2023-01-05,0.8608961177931064,0.7006541280905192,0.8047654870645037,0.7521786986419644,0.8389171412310361,0.8719161938187715,0.8110718544435005,0.8185820244958834,0.7943243415386558,0.8380270539662233,1.097382258358383
2023-01-06,0.8804970257430937,0.7155341831779535,0.8216411275197986,0.7726143605063872,0.8571468215969809,0.8957359334520032,0.8337827188870855,0.8414493266913672,0.8172632173549687,0.8613895151905684,1.0978729505274478
2023-01-09,0.8804970257430937,0.7155341831779535,0.8216411275197986,0.7726143605063872,0.8571468215969809,0.8957359334520032,0.8337827188870855,0.8414493266913672,0.8172632173549687,0.8613895151905684,1.0983638621084841
2023-01-10,0.8891439300072252,0.7231854001448155,0.8301976366197199,0.7794178382656257,0.8658771610698488,0.9036065934102189,0.8420773257022744,0.8497985399308067,0.8256738258276294,0.8695789072286357,1.0988553025810186
2023-01-11,0.9039883043624786,0.7383769298270328,0.8475252010005152,0.7920856916226325,0.882349338865203,0.9083976653688519,0.8471808837972997,0.8549662715380913,0.8304530749565071,0.8744088217158867,1.0993472282412977
2023-01-12,0.905718466209859,0.7393804777487895,0.8488771816062771,0.7974521182960369,0.8838715379564102,0.9066930958658644,0.8463826982508267,0.8541280640937486,0.8300936632031576,0.8731779071538017,1.0998384009103164
2023-01-13,0.9078078232369149,0.7395442516789882,0.8504639484303531,0.7955721118413263,0.8857181766471474,0.9044619521141551,0.8432562946729684,0.8509654262586263,0.827126095518346,0.8700874429444913,1.1003307224185304
2023-01-16,0.8998851991806782,0.731500968187656,0.8422532845573718,0.7879054837615446,0.8776608595882874,0.8959704071685497,0.8354351591602804,0.8430636144401046,0.8195733002961247,0.8619464860553919,1.1008214932456415
2023-01-17,0.8992852809068315,0.7289265754283099,0.8405602501227695,0.7868580673642964,0.8765561776561818,0.9048929883744997,0.8418850440600426,0.8496002565439738,0.8255401441948502,0.8690823228947592,1.1013131031140952
2023-01-18,0.908278569652893,0.7333720767153438,0.8487213809389994,0.7907381123381135,0.8853878823810488,0.9093950299155888,0.8440093469370955,0.8517142102184475,0.8280090759669559,0.8715620098128952,1.1018058631642702
2023-01-19,0.9068412546939716,0.7329479681174781,0.8479804587710148,0.788375100047223,0.8843030716262812,0.8973921721141536,0.8346161029887924,0.8422164100821412,0.8190372851226987,0.8612692250858981,1.1022988436898633
2023-01-20,0.9092481778718432,0.7335866422376862,0.8486511281737394,0.7919271733663824,0.8856614099603186,0.901557127186355,0.8380257599135318,0.8456832638111234,0.8220449148802518,0.8649889782286431,1.1027920891452103
2023-01-23,0.9089813735147062,0.7334987749189611,0.849282200107371,0.790897574906789,0.8859274657379668,0.8969633682500945,0.8321068277565111,0.8397265947641565,0.8160272925377303,0.8594692998021168,1.1032863540727513
2023-01-24,0.887128508189971,0.716118477377356,0.8282599149189834,0.7696388326492577,0.8641415887120534,0.8670784328221983,0.8061793040659153,0.8135250928761465,0.7910738596619759,0.8322418818960103,1.1037813288767453
2023-01-25,0.878124363967759,0.7061212875836583,0.8190121505492747,0.7576684975510921,0.8550179036754642,0.8478555634559186,0.7875444160616482,0.7946908745329273,0.7731703205235477,0.813121684265454,1.1042770143136054
2023-01-26,0.8793777279121534,0.7054735278801189,0.8204535917476546,0.756138809027994,0.8566027176531773,0.8397070617057737,0.7784819295183122,0.7855234287214827,0.764567309137963,0.8044230537074681,1.1047736333176177
2023-01-27,0.8695678840597573,0.6956653210979975,0.8090726703437189,0.7486393326476608,0.8457520935322235,0.8398292834163396,0.778738395018901,0.7858419562603312,0.7640460403637721,0.8044819994871252,1.1052704312074202
2023-01-30,0.8652590780678174,0.6936915661184427,0.8056174794717864,0.7438957190217784,0.8417278375697548,0.8258388703580186,0.7673051997013544,0.774269156156608,0.7532855478726722,0.7923410400267237,1.1057972510696799
2023-01-31,0.8717312078096815,0.6957288797598362,0.8096366676133495,0.7494781262944441,0.847012532237073,0.8338282309325608,0.7736446720627522,0.7806408555859089,0.7598589365019247,0.7992800399205202,1.1063229426346497
2023-02-01,0.8622123413135326,0.6892605006603055,0.8015968985042031,0.7404724112806146,0.8381974116407689,0.821936436637857,0.7630556753212913,0.7699816764635663,0.7488879766934942,0.7883808158724878,1.1068498189893965
2023-02-02,0.8554630276504211,0.6845290553383703,0.7947530606721827,0.7367059604161076,0.8312696757653582,0.8210553930549915,0.7620736233334712,0.7690151746685308,0.7473783089806267,0.787464353720699,1.1073774361956457
2023-02-03,0.8665277349886837,0.6923674934022553,0.8059564635976545,0.7426682256306822,0.842574065023154,0.8228349556530351,0.7625798686486317,0.7695328385801076,0.7477229044026676,0.7881789814427533,1.1079049038643594
2023-02-06,0.8649435558941351,0.6895293772051615,0.8036190153098514,0.7422445497384808,0.840571743172113,0.826545698528025,0.7656524333806256,0.7726221309839918,0.750987448731211,0.7914318236673473,1.1084330240123126
2023-02-07,0.8604092095069138,0.68363648098925,0.7974963135819412,0.7379549579405984,0.8351052733103663,0.8257699341260013,0.764975335223642,0.7719204821690452,0.7507335790664246,0.7906481270587936,1.1089617081270027
2023-02-08,0.8551488525694194,0.6754726580857182,0.7908609829065704,0.7292228604499317,0.8290270000126192,0.8062926726776362,0.7471279900870753,0.7538923002529558,0.7336380257927984,0.7721201566158127,1.1094911352719654
2023-02-09,0.8460556381734333,0.6688583692152306,0.7821551125899008,0.7218319468721546,0.8199855938779486,0.7895975263997915,0.7330003383427529,0.7396394637639677,0.7197046920586516,0.757371322803249,1.1100209491062065
2023-02-10,0.8454149017188193,0.6648755538312862,0.7809148828369042,0.7198193393474999,0.8191143470883886,0.7947828457826769,0.7368122713103762,0.7434374491757599,0.7245290533070378,0.7613830659846084,1.1105512839427718
2023-02-13,0.8402729290895574,0.656520964432796,0.7754536973586481,0.7106370985626563,0.8138014524472308,0.7817163617041925,0.7227336958059426,0.7292360880249206,0.7106002939912253,0.7471421773946361,1.1110818721574731
2023-02-14,0.8366124152740209,0.6531595467504852,0.7725379593020464,0.7094259099363374,0.8104865742879097,0.7716664229899296,0.7124279462117651,0.7188456671522664,0.7002879682442964,0.7367801623959356,1.1116133845143832
2023-02-15,0.8324760089938066,0.6480350869602598,0.7682226043170673,0.7040400101803996,0.806258159022266,0.7696469790238532,0.7109089765410802,0.7172989275540358,0.6991091900912981,0.7351893330978327,1.1121450616709796
2023-02-16,0.8320128611976413,0.647964599216449,0.7676734786872154,0.7032569777347268,0.8057453122779268,0.7679112617068528,0.7099719039096922,0.7163319252510004,0.6986675410297988,0.734004168578353,1.1126760980788748
2023-02-17,0.8236542695552197,0.6461716564039037,0.7606397166647618,0.701586210467194,0.7979085234796837,0.7617704967886045,0.7059763958063812,0.712318084777241,0.6943460778070002,0.7296448099020976,1.1132064030297464
2023-02-20,0.8228338862082075,0.6469558798019746,0.759701249343221,0.7022720659646441,0.7970077105831129,0.7724408695785652,0.7163784947863323,0.7228195920198301,0.7044436593628525,0.7402955501178032,1.1137372742906806
2023-02-21,0.8149957243119894,0.6376536660138791,0.7528194365290639,0.693164444602282,0.7897051091542705,0.7600139758604821,0.7033507165739292,0.7096480844660389,0.6922263011183808,0.7270681328133876,1.1142691605944506
2023-02-22,0.8160894560407544,0.6416337411437691,0.753774363325043,0.6961236370106649,0.7906490703145989,0.7608508000948192,0.7066095065115258,0.7129423778601103,0.6952923948506844,0.7300630724108703,1.1148016147750799
2023-02-23,0.8165355603849038,0.6434182030010218,0.7539789632665055,0.7001347567103199,0.7909304142994446,0.7622497954446289,0.7090658674668789,0.7153743973137313,0.6987437335260388,0.7322679583050764,1.1153340542339911
2023-02-24,0.819065417977493,0.6464493880884209,0.7567180665036565,0.7032462208132113,0.7935702826386061,0.7556129373482001,0.7039259656271251,0.7101642023443301,0.6942267288737326,0.7267378216354895,1.1158649078853269
2023-02-27,0.8253430118625042,0.6534145553759743,0.7622028941051194,0.7084073640653286,0.7994957701410326,0.7716652548478271,0.7212842824412142,0.7276509343116497,0.7119129470412464,0.744118603486096,1.116394712044438
2023-02-28,0.815517899647945,0.6479398326479753,0.7531906479252081,0.7025122437004472,0.7899659173462594,0.7567141649175392,0.7107048240087817,0.7169143441763797,0.7028458386402392,0.7325400038917015,1.1169200508096726
2023-03-01,0.8179240382254834,0.652993690123809,0.7558845710493263,0.7096506896118312,0.7924950785224106,0.7669234286486403,0.7221955859004825,0.7284929643109753,0.7143529677666248,0.7435427006786774,1.1174445581177246
2023-03-02,0.8176356501031264,0.652849714527536,0.756189703174841,0.7078573004892693,0.7926100991091294,0.7679630371538562,0.7224149129646298,0.7287502894985264,0.7141571014813923,0.7442096632152005,1.1179682775300108
2023-03-03,0.8230568204770733,0.656444469062267,0.7611978746955949,0.711530808143288,0.7978984101827981,0.7772580508421745,0.7313084576699609,0.7377140587932857,0.7230378645968163,0.7527739953842791,1.1184934570329774
2023-03-06,0.8401587006758199,0.6703221145363584,0.7760958879933646,0.7277000016083242,0.8138412587115458,0.7848857158890544,0.7395409458507315,0.7460124052125345,0.7312487581088819,0.7609097253008142,1.1190207285600058
2023-03-07,0.8440331864649863,0.6702402054797869,0.777983140423942,0.7266098760072771,0.8166348068555451,0.7767721056494853,0.7317318862794839,0.7381573730894718,0.723271445189806,0.752818409314519,1.1195531117735893
2023-03-08,0.8550454490366787,0.6764107196007132,0.7879343101189163,0.732691909905162,0.8272464211046531,0.7774730267695279,0.7289583433035288,0.7354126132665425,0.7199220815303132,0.7509768822820394,1.1200811981871146
2023-03-09,0.862189490807844,0.6772667391873204,0.7938302333582619,0.7308667889096782,0.8339214058477723,0.7636456378932012,0.712876990808771,0.7192353666171191,0.7035082204944243,0.7351942472813722,1.1206051166841318
2023-03-10,0.8474616150882671,0.6658094021044103,0.7799853822308072,0.7185817147123518,0.8194806259182387,0.7478695753950406,0.6981570980160542,0.7044048096672817,0.6887458085747601,0.720049953023762,1.1211275667257836
2023-03-13,0.8434007392759445,0.660625070962872,0.7762633877339454,0.7093199393832813,0.8155637400233517,0.7307326635332848,0.6814074655185234,0.6875383485448134,0.6718437478810974,0.7027668840454834,1.121649493413615
2023-03-14,0.8431288863246267,0.6631926179533002,0.7768250013096222,0.7137638405377482,0.8157307799333678,0.7490159443493702,0.6989609573816631,0.7052736816387778,0.6888773957158001,0.7203978885797814,1.1221738295390682
2023-03-15,0.8416968935620434,0.6690676399172887,0.7789693023183422,0.7155320333399106,0.8161946577471859,0.7554362267546746,0.707649314974374,0.714081052854066,0.6969765965601099,0.7283736126923819,1.1226998557587053
2023-03-16,0.8586141629448286,0.6840530806602196,0.7952440438902197,0.7299863710309331,0.8329241096738796,0.7803241367223909,0.730976296519701,0.7376993857910166,0.7190441840962868,0.7520504573525368,1.1232307366040362
2023-03-17,0.8492964002033792,0.680697169514341,0.7878349014605701,0.7286389776435775,0.8245341099034252,0.7892601170029537,0.7403191496403463,0.7471117289005991,0.7284225995606931,0.7618710633959422,1.1237620040771372
2023-03-20,0.8492964002033792,0.680697169514341,0.7878349014605701,0.7286389776435775,0.8245341099034252,0.7892601170029537,0.7403191496403463,0.7471117289005991,0.7284225995606931,0.7618710633959422,1.1242935228299789
2023-03-21,0.8446298334134177,0.6735947794806572,0.7828155457728287,0.7210303559702511,0.8197365619450204,0.7799212865715371,0.7307567440890065,0.7374100309241749,0.7196036391279619,0.7520868616628554,1.1248252929814115
2023-03-22,0.8425396656256691,0.6701888615799073,0.7799268720748619,0.7175002507215538,0.8171765690030507,0.7752379452326825,0.7251158839373743,0.7317610752697316,0.7135539580072433,0.74685223777858,1.125357676750308
2023-03-23,0.8342696924845284,0.6654515294874767,0.7733923442333105,0.70881125529913,0.809692648410316,0.7636444945079387,0.7152844069535148,0.7218846775628461,0.703362416703734,0.7360815470225747,1.1258883652902396
2023-03-24,0.82819766568453,0.661494687604369,0.7676558493699004,0.7057700335472349,0.8037191796481647,0.7594994683335113,0.7122425033133214,0.7187892277484006,0.700662665945294,0.7329615995835199,1.1264205726359309
2023-03-27,0.8344260124327378,0.6690367790423598,0.7733911136124759,0.7171444913253257,0.8096143591474495,0.778137297008391,0.7300281789927717,0.7367446465629647,0.7180875365385733,0.7513578080866147,1.126953983416459
2023-03-28,0.8514796623924561,0.6825641207102457,0.7893019941121793,0.7313079683481376,0.826253942224535,0.7911275534373138,0.7419817425968095,0.7488041523751734,0.7298917306302553,0.7638905278148548,1.1274881002725898
2023-03-29,0.8484388784172812,0.6818380002781892,0.7868257691011219,0.7328891222793839,0.8234839741706754,0.8097489032559448,0.7578584622024255,0.7648968904047015,0.7447085739137662,0.7807521174679295,1.1280247387555584
2023-03-30,0.8644194743939189,0.692717163043892,0.8012326430609932,0.7442520931741847,0.8388271033389295,0.8220088709761624,0.7677681121859398,0.7749195211918021,0.7542066452990925,0.7913933750987272,1.128561632656621
2023-03-31,0.8632803620733757,0.6916197115281638,0.7997264341572561,0.7439648482094176,0.837488724013915,0.8211085695786539,0.7685806724503744,0.7756809063785369,0.755483927830366,0.7916090058243843,1.1291075467944935
2023-04-03,0.8792059234768089,0.6972749576039473,0.8101518474514092,0.7554562576159379,0.8506595966605295,0.8282574926595003,0.7740023234890918,0.7812711104354871,0.7603102102244276,0.7977429166792694,1.1296534069602926
2023-04-04,0.8656838337491974,0.687773711644508,0.7982754975626382,0.7450069926255547,0.8378266379190761,0.819606399122955,0.7654518345609087,0.7726075109157399,0.7520502891985448,0.7888858501569027,1.1302010310975936
2023-04-05,0.8899241158821964,0.7075316001749522,0.8209231055220654,0.765895342829153,0.861423036412437,0.8419499010990681,0.7868018435685342,0.7940847244776201,0.7733338173541814,0.8100972819621688,1.1307493300184583
2023-04-06,0.8899241158821964,0.7075316001749522,0.8209231055220654,0.765895342829153,0.861423036412437,0.8419499010990681,0.7868018435685342,0.7940847244776201,0.7733338173541814,0.8100972819621688,1.131297894937759
2023-04-07,0.8899241158821964,0.7075316001749522,0.8209231055220654,0.765895342829153,0.861423036412437,0.8419499010990681,0.7868018435685342,0.7940847244776201,0.7733338173541814,0.8100972819621688,1.1318467259845406
2023-04-10,0.8888683568220936,0.7025800797179258,0.8183144884460447,0.7596112225157734,0.8595806137769672,0.8294095173592296,0.7745375138757185,0.781722840510751,0.7612116246139389,0.7969341644385105,1.132395458926295
2023-04-11,0.9009895860847116,0.7076945259537539,0.8273817906003841,0.7685967523117276,0.8702453318799293,0.8452476380413885,0.7862372147978587,0.7934599136046087,0.7730121821550043,0.8096068357973127,1.132943728823981
2023-04-12,0.8950028559305847,0.7028460973685,0.8216766710284299,0.7617435787338991,0.86430416486427,0.8328003177432842,0.775157352251272,0.782368352195376,0.7617362100153916,0.7983136583038123,1.133492400944533
2023-04-13,0.9013025302288132,0.7085765014023502,0.8279973870634485,0.767597417231335,0.8706770988397547,0.8419980585804376,0.7837324879672573,0.7909345076050949,0.7705396926819796,0.8070646865617731,1.1340407458325947
2023-04-14,0.9101847956851699,0.7168170438442929,0.8362267740545387,0.7780133106708685,0.879231800934085,0.8524305361601441,0.7946482040903318,0.8019201098111987,0.781400828482853,0.8177526221830856,1.1345906793620912
2023-04-17,0.9081212868257891,0.7121794886177354,0.8340475568382926,0.7720210240165251,0.8772763912349151,0.8630157802113105,0.8012359530890496,0.8083952087282287,0.7886129955751953,0.8256632469946475,1.135141290472961
2023-04-18,0.8959667299138959,0.7021207824299777,0.8224628077274303,0.7622699678194415,0.8652775458245386,0.8592698026063713,0.7977628992951453,0.804905181282379,0.7851349664141163,0.8220447195454356,1.1356923058259534
2023-04-19,0.8953312098310734,0.7034557588292915,0.8226195066938863,0.7626000515976429,0.8649879770208829,0.8524388541834287,0.7930794206547788,0.8002581176864805,0.7801929866810509,0.8164066732217523,1.1362435886504243
2023-04-20,0.8885861725887195,0.6974041357168207,0.8163571861465488,0.7562229815536454,0.8584808309188856,0.8477374100882401,0.7881737196061629,0.7952698063021034,0.7755292077544246,0.811384008299463,1.1367951390762085
2023-04-21,0.8805155671173107,0.6926165691712507,0.8093118702611282,0.7508646983577513,0.8508080086990978,0.8357625126316504,0.7778952136888793,0.7849904854841766,0.7650261577703057,0.8008833175114373,1.137346957233204
2023-04-24,0.8812582181123746,0.6916089002879964,0.8100084868909754,0.7492309563417064,0.851673155935465,0.8368390607167632,0.7772513614230935,0.7844210583833793,0.7640520321232146,0.8011602355388154,1.1378994551502186
2023-04-25,0.8679799892794301,0.6868094615109931,0.8002627893589351,0.7417383441720432,0.8399956557356731,0.8258631709168671,0.7697639679170517,0.7766966671136051,0.7574047834000276,0.791964992676363,1.1384525877686693
2023-04-26,0.8677138098677438,0.6879056120374106,0.8001833514383861,0.7413049181430652,0.839712682640481,0.8180382285746761,0.7642714100253726,0.7711755409200958,0.7519116803499271,0.7856419748005633,1.1390060350757725
2023-04-27,0.8686903625644262,0.682692541062298,0.7989095566876133,0.732821468929819,0.8395748756058371,0.8088889603349514,0.7523992775195945,0.7591247367941071,0.7405347891815123,0.7747691697236788,1.139559888935657
2023-04-28,0.8846316581124448,0.693099657337732,0.8122401050558522,0.7473585597736773,0.8543015737009545,0.8266567642432634,0.7680770468254787,0.7750296127095602,0.7556195349428441,0.7911254608321884,1.1401140579684976
2023-05-01,0.8846316581124448,0.693099657337732,0.8122401050558522,0.7473585597736773,0.8543015737009545,0.8266567642432634,0.7680770468254787,0.7750296127095602,0.7556195349428441,0.7911254608321884,1.1406684964942537
2023-05-02,0.8754055349321109,0.6876440029748445,0.8045704777903693,0.7393277342529251,0.8456850833913391,0.8128636303654729,0.7564499733837129,0.7630976134668447,0.7462428027939062,0.7776818789901415,1.141232568297984
2023-05-03,0.8733739668692431,0.6866011207835644,0.8028955945935464,0.7384073807050499,0.8437570506984825,0.8134206182720559,0.7571905664906565,0.7638120079937017,0.747311114183589,0.7782687828495862,1.1417966894256768
2023-05-04,0.8837287438550325,0.6932396719887005,0.8117959712252513,0.7403525146552924,0.8533176847780936,0.8042454259986166,0.749060338090848,0.7555784125382236,0.7396201682159617,0.7696458190025273,1.1423610894033216
2023-05-05,0.8816584960923666,0.6862779048206725,0.8081276270206214,0.7327940109555946,0.8507026078768068,0.8030652929752201,0.7442703705779363,0.7507943470734472,0.734399256212564,0.7661605499529918,1.1429257224003269
2023-05-08,0.886323439305159,0.6906369270818797,0.8123839661985017,0.7370829964050306,0.8551300856971661,0.8032042730867412,0.7452076585399228,0.75172838912759,0.7354424607555604,0.7669034133514879,1.1434907264598857
2023-05-09,0.8854904114347101,0.6888218835767415,0.8114449480947843,0.7314112475452577,0.8542390908427543,0.7896247703292073,0.7314387820439515,0.7378944000811164,0.721282313412036,0.7537702870429851,1.1440555957036145
2023-05-10,0.8798725570737196,0.6856520688846052,0.8066208202607766,0.7308105795999723,0.8489994792719875,0.794834799880324,0.7368556809781265,0.7433429646176775,0.7267906834980651,0.7589331622605207,1.144621158314784
2023-05-11,0.8700393101793952,0.6761745159585059,0.7976915728757177,0.719546723123489,0.8396979794638699,0.7883911949024761,0.7283406753271231,0.7347398152070999,0.7185280513592534,0.7510498261458755,1.145186954451826
2023-05-12,0.8742757361349877,0.6797842465179489,0.8016880471001369,0.7241386762529473,0.8438855166641919,0.7944320369491358,0.7339335552969406,0.7404058894414625,0.7237971962240779,0.7568104486334065,1.145753168513221
2023-05-15,0.8758706689854316,0.6826504975357629,0.8041815148753034,0.7237439393469188,0.8457803827478156,0.7939481489491077,0.7351559418492474,0.7416270958544511,0.7251261920597226,0.757198146389302,1.1463196625274759
2023-05-16,0.8726079964801057,0.6776021225320454,0.799670892308163,0.7184079340201278,0.841921358720922,0.7812053137665341,0.7219043167236202,0.728242017576982,0.7122288954018744,0.7440384779250999,1.146886436633008
2023-05-17,0.864727836193751,0.6717053696515211,0.7924104036079179,0.7136229272919467,0.8342540560724898,0.7781343951356801,0.7194663442500318,0.7258506019353878,0.7091218826371118,0.7415228734859685,1.1474534909683025
2023-05-18,0.8741294736991018,0.6780151628579075,0.8008117450971267,0.7199097164242688,0.8433186546012411,0.7855274111795507,0.7254321316621609,0.7318391232786761,0.7153137634402944,0.7478629578289313,1.1480213797521426
2023-05-19,0.8640357644024181,0.6713042369539529,0.7922930817326559,0.7131354478367908,0.8339836044040909,0.7815321653712339,0.7220558682611523,0.7284800603887049,0.7114990967093947,0.7444356791476905,1.1485901963380596
2023-05-22,0.8640357644024181,0.6713042369539529,0.7922930817326559,0.7131354478367908,0.8339836044040909,0.7815321653712339,0.7220558682611523,0.7284800603887049,0.7114990967093947,0.7444356791476905,1.1491592947587177
2023-05-23,0.8607952810570753,0.6688727909296265,0.7894308659523974,0.7115593504760537,0.8308990302694805,0.7870709972967368,0.7269058777343741,0.7333316264600422,0.7167076751473461,0.7491941453947589,1.1497288601217848
2023-05-24,0.8433324947803351,0.6566829272378762,0.7742782665529194,0.6959815985351344,0.8144810843112071,0.7635576568522896,0.7050841973401911,0.7113870322780044,0.6944695017834015,0.727617392379892,1.1502982451330317
2023-05-25,0.8417371582553925,0.6549144236943727,0.772916819972734,0.6919829971455908,0.8129790262417683,0.7591696726411724,0.7009047891255882,0.7071467272918005,0.6905960365021941,0.7229537545070794,1.150868143562361
2023-05-26,0.8411555596219726,0.6538839627033388,0.7724012952553947,0.6890462534172649,0.8124281938245171,0.7563344459099224,0.698292944845128,0.7044951557190912,0.6881926391141187,0.7200965997839129,1.1514401767707267
2023-05-29,0.8539315316670845,0.6621280066351464,0.7835386476986858,0.6968808123763643,0.8245304916791928,0.7607923355956463,0.7016611406397976,0.7078576193833443,0.6918801994478349,0.7235866495599241,1.152011196958858
2023-05-30,0.8487620643323441,0.6587940617912436,0.7792594227941018,0.6912010215355726,0.8197005402327336,0.7518978963000504,0.6939121330755051,0.7000237740733509,0.684408599397579,0.715213137377101,1.152581944045098
2023-05-31,0.8405961500461315,0.6512774673459074,0.7712757083955827,0.6841086826697527,0.8116034844307751,0.7542039005762745,0.6972086711932508,0.7033872378292019,0.6872316850546432,0.7177495438738457,1.153152973899628
2023-06-01,0.8452345883562199,0.6578944632693647,0.7762664502942777,0.6943660426425593,0.8163626721544833,0.759386841289498,0.7040540881170649,0.710368686459666,0.6936846745510228,0.7249867142925213,1.1537255395359156
2023-06-02,0.8648924750844773,0.6768736966221495,0.7958739138237904,0.7141216928578576,0.8361625922782306,0.7832563721654067,0.7276772418838595,0.7342188344786296,0.7169008269636861,0.7483092509156489,1.1542969502650995
2023-06-05,0.8634433572124672,0.675694382111627,0.7947699092978529,0.7121649166798091,0.8348719732170119,0.7837445379662241,0.7282378696015838,0.7347403737234319,0.7176255646320778,0.7491492151213803,1.1548686439993918
2023-06-06,0.8810234823470469,0.6917508635204174,0.81284419783897,0.7276549627704462,0.8528252028713135,0.8041169106247946,0.7472754738575281,0.7539483885826512,0.7363840928798789,0.7690823805752771,1.155438854953037
2023-06-07,0.8792777509879361,0.6928257352171011,0.8121484732416643,0.7275476647399614,0.851586804547071,0.8050328700283952,0.7475834331439729,0.7542876149418836,0.7365761454444636,0.770352856644737,1.1560098588870484
2023-06-08,0.8813599611789138,0.6932355937316398,0.8131140731459249,0.7301603304233817,0.853100254897066,0.799536501587957,0.7425285690225011,0.7492157363682242,0.731485073432146,0.7650942261470388,1.156581145004311
2023-06-09,0.8813599611789138,0.6932355937316398,0.8131140731459249,0.7301603304233817,0.853100254897066,0.799536501587957,0.7425285690225011,0.7492157363682242,0.731485073432146,0.7650942261470388,1.157152946147488
2023-06-12,0.8813599611789138,0.6932355937316398,0.8131140731459249,0.7301603304233817,0.853100254897066,0.799536501587957,0.7425285690225011,0.7492157363682242,0.731485073432146,0.7650942261470388,1.1577250299829334
2023-06-13,0.8813599611789138,0.6932355937316398,0.8131140731459249,0.7301603304233817,0.853100254897066,0.799536501587957,0.7425285690225011,0.7492157363682242,0.731485073432146,0.7650942261470388,1.1582982352106248
2023-06-14,0.8786353885586867,0.6902188905707025,0.8101719109652342,0.7261998055381169,0.8502394668376138,0.788413564587356,0.730857993497587,0.7374741342788071,0.7198549274757666,0.7539518834536348,1.1588724233862415
2023-06-15,0.8804955935738702,0.6926135974899732,0.812047429775311,0.7297543523966045,0.8521126038059916,0.7917215851377079,0.7346304544546116,0.7413000236948399,0.7234952735472946,0.7572436237416613,1.159447222626782
2023-06-16,0.8735383652494774,0.6876772695171438,0.8051944762351323,0.7266770991424065,0.845176876152391,0.7854664261905144,0.7262833661338309,0.7329256487648839,0.7150852331066082,0.750462107577864,1.160023100119053
2023-06-19,0.8735383652494774,0.6876772695171438,0.8051944762351323,0.7266770991424065,0.845176876152391,0.7854664261905144,0.7262833661338309,0.7329256487648839,0.7150852331066082,0.750462107577864,1.160599263639769
2023-06-20,0.8728895280201363,0.6901177841044858,0.8057524075882161,0.7286709492493746,0.8450967073592033,0.779614646150182,0.7224870238620158,0.7290480581846999,0.7115292146636211,0.7456874565580698,1.1611748726885127
2023-06-21,0.8743235376544012,0.6895479597140403,0.8072526656420232,0.7275508413700689,0.8466758351519594,0.778246927169753,0.7195687927942176,0.7261577984614485,0.7084424166688276,0.7433470230025616,1.1617506737644125
2023-06-22,0.8746769881819607,0.6910293344971177,0.8086942936429808,0.7276358419596106,0.8476220648292093,0.7837316209493838,0.7251294802197414,0.7316901949496415,0.7142265985603417,0.7488055205130185,1.162325124163734
2023-06-23,0.8649110255735597,0.6837940342078874,0.7994184550003242,0.7199256604974716,0.8379765020440946,0.7651446259228547,0.7082349630407176,0.7147251650016653,0.697264384345661,0.7315299529918708,1.1628998118395373
2023-06-26,0.8576659703982029,0.6725397788499455,0.7910475940677625,0.7092040376362564,0.8302537810383379,0.7756624937875513,0.7154068597982192,0.7219265957791738,0.704466579588438,0.7396695026812534,1.1634740349393746
2023-06-27,0.8645223360732316,0.6830363669242682,0.7997584353578432,0.7178313577430242,0.8380379233247944,0.776783638771633,0.718057062294998,0.7245570449240304,0.7072477960153912,0.7420473234118449,1.1640485415822694
2023-06-28,0.8456779311589128,0.6677788611658175,0.7823368399927987,0.7021400653835734,0.8198057794115994,0.7673682863879786,0.7102099212607111,0.7167227511632761,0.6991910529469156,0.7335289548651646,1.1646233319082315
2023-06-29,0.8520681694092079,0.6713186087554807,0.7875930409025302,0.7071510219594501,0.8256801153898404,0.7750029978610269,0.7158944139015413,0.7223931989505696,0.705045894602281,0.7399375341021278,1.1651984997858431
2023-06-30,0.839154742891832,0.6604231278030591,0.7751871986476212,0.6942571133033774,0.8129565196875963,0.767566255034816,0.7087825791971397,0.7152430995738166,0.6979173289212945,0.7324540824666653,1.165773764169735
2023-07-03,0.839154742891832,0.6604231278030591,0.7751871986476212,0.6942571133033774,0.8129565196875963,0.767566255034816,0.7087825791971397,0.7152430995738166,0.6979173289212945,0.7324540824666653,1.1663493125645585
2023-07-04,0.8418719413062392,0.6608826894144355,0.7766257836176719,0.6956948113608104,0.8149937715526475,0.7628074735771124,0.7048648100216097,0.7112687960633458,0.6943094964418146,0.7282787676952375,1.1669247227072248
2023-07-05,0.8377813394965276,0.6579077871409035,0.7725100153796829,0.6949948288014347,0.8108211374984928,0.7468368340083021,0.6914987376291006,0.6975752421844742,0.6820839227851672,0.7129001631087641,1.1675006045518093
2023-07-06,0.8337154540459434,0.6553940865014865,0.7692689867564816,0.6926235294449099,0.8071809724482829,0.7464240009529343,0.6912351502775689,0.6973025096556362,0.6817660922074016,0.7125581413266886,1.1680772403966138
2023-07-07,0.8438207426496916,0.6640702309819044,0.7789864124571472,0.698373143751592,0.8171122666099266,0.7501975994501814,0.6946113947566246,0.7007332855933471,0.6853459124031932,0.7163027557687611,1.1686536910131164
2023-07-10,0.8337898004168556,0.6581164883266942,0.7701993161984874,0.6959157860032557,0.8076540459936369,0.7518642391185191,0.6977970110515915,0.7038695935553737,0.6887289851551386,0.7189754869675702,1.1692306612423669
2023-07-11,0.8468379804026028,0.6672258215965025,0.7817635886778902,0.7046657635746797,0.8200152974099437,0.7621205542609416,0.7073270344747388,0.7134749979478917,0.6985321770078917,0.7288117529561271,1.1698080104240314
2023-07-12,0.8548471717817324,0.6758650525716382,0.7901643406597856,0.7151439880280415,0.8283079087180669,0.7685897867411584,0.7138862464950788,0.7200578582837165,0.7051740244755643,0.7353186685602198,1.1703855505466045
2023-07-13,0.8627032846450802,0.6814932796013605,0.797265441210068,0.7212521436615833,0.8358674516872546,0.7798745893535132,0.7238794403819824,0.7301599111920261,0.7144714821052649,0.74568606225765,1.1709636112842652
2023-07-14,0.8575153509154992,0.6789378908890085,0.7932658197531038,0.717007087772131,0.8312632445632697,0.7712481197207015,0.7159752951545072,0.7221999501532801,0.7060586074717158,0.7375272601227824,1.1715420517685076
2023-07-17,0.8562880478097786,0.6779483175378553,0.7920984643738267,0.7157774949202945,0.8300478756903533,0.7670862094512928,0.711878110452364,0.7181060633560109,0.7021210926323012,0.7336606718739647,1.172121202278659
2023-07-18,0.8498647586639755,0.6745248814698097,0.787229622584612,0.7106277375707919,0.8243946843440675,0.7678815829508624,0.7121286250402022,0.7184103989146444,0.7025176870217961,0.7343910387948975,1.172700120265557
2023-07-19,0.8535776495403792,0.6777899975989978,0.7908202608436917,0.7137850465705441,0.8280803055754913,0.7755907427688192,0.7193232543119155,0.7256842296005989,0.7092392973823166,0.7418678840774705,1.1732805511046713
2023-07-20,0.8535776495403792,0.6777899975989978,0.7908202608436917,0.7137850465705441,0.8280803055754913,0.7755907427688192,0.7193232543119155,0.7256842296005989,0.7092392973823166,0.7418678840774705,1.173861269229472
2023-07-21,0.8485826175883735,0.6735496888886597,0.7855446426440625,0.7131476201492734,0.8228852655801489,0.7782154315347951,0.7226958040468671,0.7290318766045439,0.7128178260932543,0.7449302444481006,1.174442794378204
2023-07-24,0.8533199211520773,0.6769090152201338,0.7900703552886281,0.7141816168937675,0.8275405292368033,0.7739441684968813,0.7182400954235487,0.7245351986837236,0.7088766822113701,0.7404144000711927,1.175024749389887
2023-07-25,0.8524176546607439,0.6752626831757627,0.7893213585242789,0.712280386050988,0.8267703427390328,0.7750211404795657,0.7178205610377022,0.7242011979771873,0.708458581169184,0.7407438849568623,1.175607229183646
2023-07-26,0.8458957082687607,0.6689855263508111,0.7823181820956105,0.7086606475406636,0.8199321694960554,0.7701568661878453,0.7133676485933601,0.7197302161399551,0.7040045033898766,0.7363205357129943,1.176189335434845
2023-07-27,0.8441913473166301,0.6690765874321422,0.7814575367531933,0.7086947966446109,0.8186679802333361,0.7678477584453587,0.7118890760632359,0.7181700020334322,0.70242418760233,0.7341841706016913,1.1767702626981322
2023-07-28,0.8442321097072213,0.6686700839946812,0.7812956743705429,0.7084778436315238,0.8186049468118117,0.7677681011375905,0.7116586006008722,0.7179378208861223,0.7022666928752409,0.7339636488680371,1.177351334825897
2023-07-31,0.8441766710067803,0.6685418699204432,0.7812176243957404,0.7078335432035519,0.8185459412102355,0.7677262070328709,0.711611355067023,0.7178754844663898,0.7022321060657885,0.7339321800870764,1.177932172738041
2023-08-01,0.8475010666195434,0.6700572800331361,0.7840360139079887,0.7094784805162723,0.821639050208454,0.7796350064217924,0.7220546377398123,0.7285700609184322,0.7124453479178007,0.7451932928007274,1.1785143873977766
2023-08-02,0.8455777509771947,0.6683904590854562,0.7822308668142591,0.7076138773176323,0.8197728946912745,0.7722040731373414,0.7145898562311036,0.721151708122259,0.7049160898250253,0.7379798665849984,1.1790969846742907
2023-08-03,0.8476302532562221,0.6702189976464623,0.7844083339574691,0.7098165631901393,0.8219152320511501,0.7766258979399916,0.7187840044535755,0.7253577092992786,0.7092086699068555,0.7420285819882865,1.1796806765507155
2023-08-04,0.8476302532562221,0.6702189976464623,0.7844083339574691,0.7098165631901393,0.8219152320511501,0.7766258979399916,0.7187840044535755,0.7253577092992786,0.7092086699068555,0.7420285819882865,1.1802634231495162
2023-08-07,0.8476302532562221,0.6702189976464623,0.7844083339574691,0.7098165631901393,0.8219152320511501,0.7766258979399916,0.7187840044535755,0.7253577092992786,0.7092086699068555,0.7420285819882865,1.1808464576174031
2023-08-08,0.8441356700263768,0.6661313986279477,0.7808814624678555,0.7056794834364086,0.8184367796470666,0.7762041266193264,0.7171366926665003,0.7238720355090104,0.7074199277588562,0.7409590968916258,1.1814302552673117
2023-08-09,0.847884451313516,0.6720703752623383,0.7847248068894652,0.7135157216674595,0.8221440271497319,0.7674190349498656,0.7118879465847404,0.7182528010443815,0.7025839961935416,0.7343246134179277,1.182014484162138
2023-08-10,0.8427423213159275,0.6662622078347987,0.7794790788059002,0.7088238640951078,0.816902570488158,0.76061086006738,0.7040106876743385,0.7105654380258001,0.6944762606674766,0.7272620205280872,1.1825992873483913
2023-08-11,0.8457809330814178,0.6679505788788508,0.7818844654081409,0.7096449375562955,0.8196774825872644,0.7630585374638201,0.7066819527467061,0.713013425217609,0.6974552993423506,0.7289707826704418,1.1831844750420046
2023-08-14,0.8378321748865002,0.6632547542207873,0.7753448928736928,0.7046939180060953,0.8123999379903913,0.7551051303032359,0.6999593189815438,0.7062119542242407,0.6908607455526505,0.7219364837758252,1.18376890485961
2023-08-15,0.8374155073670094,0.6566657238636736,0.7726719288392683,0.6982232449104859,0.8108301355360263,0.7468610674053919,0.6891683173374615,0.6954467084151925,0.679998889985093,0.7113839347327863,1.1843537186236106
2023-08-16,0.843603382125618,0.6634685686866341,0.778748956738449,0.7039870490762458,0.8169916522133971,0.7608673156899074,0.703789385958997,0.7100755902830815,0.6946231668430423,0.7259110088592117,1.1849401557312835
2023-08-17,0.839696579249515,0.6620660259822986,0.7755235974946508,0.7045741248404584,0.8133395001529036,0.7496347754781315,0.6947824622625336,0.7009115515242375,0.6859188038507792,0.7161829182714822,1.185527407715476
2023-08-18,0.8356914074266851,0.6563793491023051,0.771619832643628,0.6979582360192651,0.8094231882665365,0.7511309370505129,0.6932154620424968,0.6996480968916589,0.6839759048524602,0.7158482797662118,1.1861151892668733
2023-08-21,0.8356914074266851,0.6563793491023051,0.771619832643628,0.6979582360192651,0.8094231882665365,0.7511309370505129,0.6932154620424968,0.6996480968916589,0.6839759048524602,0.7158482797662118,1.1867032622389075
2023-08-22,0.8362228454831818,0.6527304631068888,0.7702797231627626,0.6927445112140763,0.8090238084041622,0.7486995039337871,0.6904135985464959,0.6966196247097761,0.681423391641193,0.7122003641797932,1.1872908149789947
2023-08-23,0.8268930696254271,0.6453309354596573,0.7613925197524559,0.6849616867295583,0.7998147347854806,0.7402028612567458,0.6827288295305499,0.6889916073224912,0.6737280595947278,0.7047142960009123,1.1878802352460913
2023-08-24,0.8290431877074615,0.651223428968622,0.7645833922360982,0.6926989832755795,0.8024648393960262,0.7399042741069429,0.6849761841858545,0.6910967255624408,0.6762031319823973,0.7062990511759986,1.1884702827268137
2023-08-25,0.8278602743569538,0.648503279600194,0.7625321717350925,0.6891459687106567,0.8008330492022037,0.7392527504244998,0.6845324129562902,0.6904733773833068,0.675986680068352,0.705129149456463,1.1890598102916323
2023-08-28,0.8118719144387322,0.6355040800876783,0.7483506906077723,0.6723453873609393,0.7857341678819256,0.7388496227690099,0.6827071971940195,0.6887913255009047,0.6740348401037115,0.7038203472198129,1.1896461374115432
2023-08-29,0.8192987327196632,0.6414331500627997,0.754720709428783,0.6830006558435624,0.7925849460539135,0.7345594523211213,0.6797566566742076,0.685764221075317,0.671339586176311,0.7003529775926307,1.1902314611292457
2023-08-30,0.8199246883547616,0.6437997498817415,0.7555409887108184,0.6835672396427248,0.7933403818919967,0.7404629532031946,0.6870985409353937,0.6930902847349079,0.6788105626063281,0.707420287601085,1.190818126518353
2023-08-31,0.8018111327181757,0.6318088415032944,0.7392676697126392,0.6712012509594605,0.7760134018778867,0.7252441974851804,0.6745491340069732,0.6802937612443244,0.6665618938117165,0.6940090354606844,1.1914052727482343
2023-09-01,0.8076535699658838,0.632333278354432,0.7430723440967902,0.6694279952472314,0.7808242261295966,0.7319267397411391,0.6791786993445104,0.6851062851669437,0.6704816283835152,0.6993221624945221,1.1919940508517444
2023-09-04,0.7998922993709707,0.6262821546817842,0.7367822383593736,0.6627815864188593,0.7737932874752698,0.7233401123395142,0.6702040642606276,0.6763076537668528,0.6602396708202379,0.6910040713854072,1.1925839833040928
2023-09-05,0.7914414645883555,0.6197116495466217,0.7279480755951828,0.6585164247817511,0.7650372405534731,0.7185650215012424,0.6668470153080326,0.6726585631587655,0.6578510560186112,0.6864766226865909,1.1931721921669582
2023-09-06,0.7824182803119306,0.609944634054143,0.7180008692661121,0.6434275013621638,0.7555074447474649,0.7114059344675537,0.6606424220481075,0.6664093444418144,0.6514335402309333,0.6800662648250388,1.1937615073693189
2023-09-07,0.7793593109185747,0.6081180295840979,0.7156024122202307,0.6440124784843787,0.7527201919661323,0.6984838148882148,0.6483172084286665,0.6540661351454929,0.6387667681226822,0.6676975376599538,1.194351594005856
2023-09-08,0.7799131901747419,0.6061965251030981,0.715294903020672,0.6394043310838713,0.7528778070300127,0.7054403678231418,0.6537827707652495,0.6596935433568593,0.6435014548847652,0.6737298368610201,1.1949408669355297
2023-09-11,0.7713400553526493,0.5997664160185129,0.7079608829255647,0.6306850010415948,0.7449374017411308,0.7054872206069811,0.6532966072062676,0.6592284275385252,0.6431631313209265,0.6733863152051959,1.1955282187291318
2023-09-12,0.7803705945451394,0.6077451450454118,0.7167233698521679,0.6408004383436948,0.7539850866029667,0.7134531973928733,0.6601692697943141,0.6660342979661139,0.6505061584776174,0.6799723038089449,1.1961135019422695
2023-09-13,0.7614867435892615,0.5915889652497424,0.6982062608356328,0.6236614388034192,0.7350696662895867,0.6908376720361158,0.640088875023435,0.6456054148296867,0.6313425789234451,0.6586019004242517,1.1967013819922423
2023-09-14,0.7615913863375,0.5917694099550513,0.6985931724276456,0.6232429020528633,0.7354090677600906,0.6880754773704184,0.6371082531461895,0.6427471499280003,0.6272519035101388,0.6559911727733733,1.1972912845620385
2023-09-15,0.7415602897069736,0.5794432511377008,0.6824283659266881,0.6138608026238485,0.7172181771621337,0.6861109074102895,0.6344455336167256,0.6401196453300776,0.6246529444848975,0.6535428387572859,1.1978829714615329
2023-09-18,0.7662091983845296,0.5981509765304722,0.704093935693934,0.6332255086670862,0.7404754106220709,0.705989056369792,0.6536034921285153,0.6593688106663173,0.644129520019106,0.6730285960139342,1.1984752399812801
2023-09-19,0.7781932906479667,0.6068122786738895,0.7144109044948084,0.6397352347930884,0.751701289270081,0.7113621266418619,0.6603651778594528,0.6659406852323188,0.6517842985035809,0.6790008783848063,1.199067126165649
2023-09-20,0.7701720415310372,0.5997554103934051,0.707226404444758,0.6331044608256557,0.744043378618832,0.7108195670148744,0.6588392005770956,0.6644659666863719,0.6498667097895452,0.6776498447957752,1.199660896921564
2023-09-21,0.7695089736756295,0.5968935595219335,0.705374137311888,0.6278531270378936,0.7427440884542315,0.7017647077617157,0.6500181202275677,0.6556689777111624,0.6407487688293835,0.6689665090053997,1.2002557340960793
2023-09-22,0.7461475276835772,0.586960810493633,0.6886685537042986,0.6264281263208035,0.7227016241532734,0.7080546181884659,0.6557651681896006,0.6614128511210107,0.6464339657744673,0.6746254329489036,1.2008502383377662
2023-09-25,0.7732331998097806,0.6004761543742013,0.7096982825707602,0.6338415100113044,0.746808436060022,0.7139072987069037,0.6609082787961805,0.6667000597135425,0.650874506067239,0.6802582017189894,1.2014429108769769
2023-09-26,0.7739024242041203,0.602252369490208,0.710494672169942,0.6339411424777941,0.7475900474906261,0.7213072153604794,0.6685745308409503,0.6741233488671241,0.6606436708828008,0.6871485847872768,1.202035730888635
2023-09-27,0.7938736768954797,0.6173142872971152,0.7281985067545178,0.64954651178423,0.7664812626379076,0.7345487951050179,0.6819989682910862,0.6875559580823623,0.6743455061545994,0.7005422738548391,1.2026301977637905
2023-09-28,0.803830796434192,0.62617255966284,0.7380557093574558,0.6579776534527019,0.7764827589261892,0.7462436342003569,0.6928496604303821,0.6985160391618425,0.6853521353233277,0.7118557608608251,1.2032247650579841
2023-09-29,0.7948810874898471,0.6219184568581875,0.7310143769687604,0.6557517707794482,0.7684468812745651,0.7462216529321761,0.6937505483042972,0.6993943825043905,0.6862100323822354,0.7125608394191889,1.2038196262997836
2023-10-02,0.7930000018894953,0.6182941595628324,0.7277819676769804,0.6489382833486972,0.765778085811966,0.7369221061202166,0.6845236002124122,0.690167585225724,0.6759175796984613,0.7034419138690586,1.2044151691666358
2023-10-03,0.789733871395887,0.6123860185570171,0.7221804438599397,0.6439427529146536,0.7611509830422845,0.7309787161121523,0.678976376020489,0.6844232039967323,0.6698633701724808,0.6972008234360508,1.2050107643277188
2023-10-04,0.7818693306481684,0.608152927079268,0.7169095133052813,0.6336834516728214,0.7546745815794614,0.7139919441010595,0.6619200547255095,0.6673130596031585,0.6521909923400335,0.6800933365844438,1.2056066540164738
2023-10-05,0.7753635257463661,0.604349607056476,0.7117571605346125,0.6305693360018166,0.7488384854889442,0.7151299928434085,0.6630897750293929,0.6684780890711691,0.6532199159344274,0.6812418079694249,1.2062039541874685
2023-10-06,0.767530054321132,0.6015527657506236,0.7077017398908744,0.6273286283229234,0.7431217523783826,0.7151481340458972,0.6630370509576023,0.6683493742594268,0.6527358313239704,0.6809266825469098,1.206801647357039
2023-10-09,0.7845498784212275,0.6067802015631397,0.717022790267353,0.6351113704031557,0.7559876375172454,0.7256467306526645,0.67320572401332,0.6784109442404169,0.6614241622769385,0.6907000215345748,1.2073984226550871
2023-10-10,0.7779980463845921,0.6064811917605477,0.7151824704387068,0.634534939254311,0.7521229281258783,0.7291149913246328,0.6766010389729618,0.6818489908058488,0.6645933257602393,0.6942438732825968,1.207994715696076
2023-10-11,0.7856845004992303,0.6105201783922753,0.7201670838447582,0.6389241136453658,0.7582418433654853,0.7299500441683685,0.677678577883653,0.6828774918124969,0.6655265664028789,0.6951258669854997,1.2085917407115436
2023-10-12,0.7919995594250849,0.6147902758511636,0.7257004651701408,0.6438909382352234,0.7642499817471077,0.7387259768788937,0.6859143153468398,0.6911743435496464,0.6731981978586685,0.7035794133322758,1.2091893039612962
2023-10-13,0.7924536398989409,0.6172556829227825,0.7278595634871302,0.6481900886620289,0.7657026778316504,0.7473872699822175,0.6939851758351122,0.6992587121745452,0.6817933660066889,0.7116472166570861,1.2097870166911056
2023-10-16,0.7924536398989409,0.6172556829227825,0.7278595634871302,0.6481900886620289,0.7657026778316504,0.7473872699822175,0.6939851758351122,0.6992587121745452,0.6817933660066889,0.7116472166570861,1.2103850248754862
2023-10-17,0.7921697402334572,0.6165494243901544,0.7272864411355522,0.6487315290006416,0.7652841239714634,0.7514278079677341,0.6976587369031491,0.7029409599903312,0.6857341344663093,0.7153319758926129,1.2109833286604839
2023-10-18,0.8019498875693009,0.6254901854655656,0.7374654252561088,0.6570209298212287,0.7754874346558162,0.7621823010587446,0.7068939284770135,0.7122592419189577,0.6954263799398581,0.7248596817770817,1.2115819281922164
2023-10-19,0.8016548127939231,0.6259791281504937,0.7376874159732907,0.6573305643244033,0.775491018992112,0.7613776431313972,0.7060526581922937,0.7114587339408633,0.6950945687306869,0.7241568017492173,1.2121814574171768
2023-10-20,0.7950936077853218,0.6204362421686651,0.7310783826110827,0.6541650353261421,0.7687919163226548,0.7573177749871063,0.7019249467258618,0.7073460073517377,0.692931117750201,0.7200339958068809,1.212781966200278
2023-10-23,0.7902474478026389,0.6160543860929261,0.7258526807920643,0.6478627971903642,0.763597557515787,0.745419213634443,0.690935149806203,0.6962988271680025,0.681695917990461,0.7088780621857148,1.2133834557029584
2023-10-24,0.7926169124598856,0.6179934764352675,0.7281847710219636,0.6505360599706007,0.7659877963553231,0.7498932062878104,0.6951621095373773,0.7005992140334398,0.685983340210314,0.7133579296734068,1.2139856829569364
2023-10-25,0.787916265714374,0.6146077919365782,0.723859276375395,0.6477258308725004,0.7613838646398272,0.7450598661388367,0.6917574364209149,0.6970511726525075,0.6820017317237406,0.709403040009142,1.2145868412915366
2023-10-26,0.778598177709369,0.6066514601852822,0.715183204479176,0.6368793503677856,0.7523658205969043,0.7329340941756751,0.6797180884488506,0.6850263887468928,0.6691471417307626,0.6975343277464076,1.215187857442952
2023-10-27,0.7842052372065347,0.6098116730324138,0.7191364992471183,0.6400342301532715,0.7570729544733091,0.7348109648872503,0.6816520640075588,0.6869919688670487,0.6711514394899677,0.6995672982294314,1.2157877529262204
2023-10-30,0.7808556389432634,0.6060033229170387,0.7150180263886563,0.6344736545674059,0.753232578077298,0.725100450196309,0.671732667352892,0.6771139980666852,0.6620401453369381,0.6898480148835164,1.2163876020951117
2023-10-31,0.7715096945168713,0.6036267781112661,0.710556414872395,0.6331367835055712,0.7466053125229586,0.7289250386849797,0.6753413892050135,0.6807272132504995,0.6660194219545735,0.6934165996941467,1.2169861809083842
2023-11-01,0.7773636141011593,0.6016886488040705,0.7092792430248276,0.6298131236064118,0.7483922693051683,0.7280330456477513,0.6752705242200536,0.6803524817829115,0.6635108375257146,0.6924985938749616,1.217584613537913
2023-11-02,0.7809039937129257,0.6051037662966158,0.7131204105672998,0.6348860211762095,0.7520726619029984,0.732805990173594,0.6795886355512235,0.6848110024387705,0.6690740511799503,0.697189127105112,1.218184761302781
2023-11-03,0.7747038296144716,0.6004771484019723,0.7075840563023965,0.6278981698685612,0.7461022979883205,0.7217574854865827,0.6696274034917223,0.6746494284743352,0.6578432934050398,0.6866417173473385,1.2187864793889083
2023-11-06,0.7747038296144716,0.6004771484019723,0.7075840563023965,0.6278981698685612,0.7461022979883205,0.7217574854865827,0.6696274034917223,0.6746494284743352,0.6578432934050398,0.6866417173473385,1.2193884946915718
2023-11-07,0.7695655003163067,0.5956506249337796,0.701965451436632,0.6237368746829304,0.7406138472509363,0.7103995590361452,0.6569703593403832,0.6623498606939877,0.648511559189676,0.6750922541919886,1.2199916415135834
2023-11-08,0.770365612061719,0.5969322324130553,0.7033517825537784,0.6256380673148635,0.7417968463736705,0.7117760852880428,0.6587182587230784,0.664109560940907,0.6501261575740032,0.6768120305277263,1.2205947921168048
2023-11-09,0.7725435293870974,0.59915894528782,0.7058754857832609,0.6297710764630033,0.7442344459157811,0.7184909598378636,0.6652308069331166,0.6707050605676,0.6571066589986887,0.6835192335155372,1.2211982409111266
2023-11-10,0.7719348108693217,0.597997336226061,0.7046144407350622,0.6296861354094911,0.7432005106438043,0.7225821526087879,0.6682354709489321,0.6738483969982456,0.6609984220797015,0.6870006064904198,1.221802381170596
2023-11-13,0.7719348108693217,0.597997336226061,0.7046144407350622,0.6296861354094911,0.7432005106438043,0.7225821526087879,0.6682354709489321,0.6738483969982456,0.6609984220797015,0.6870006064904198,1.2224068203049254
2023-11-14,0.7712009891648652,0.5974693821656474,0.7040470761449537,0.6287007560503963,0.7426098948639539,0.7229473961253455,0.6685641152480801,0.6741153627208116,0.6609776233714191,0.6871796738655902,1.2230123946829399
2023-11-15,0.765931039498539,0.5929965328227128,0.6988101681466278,0.6222042497978725,0.7371936789942383,0.7142880438795062,0.6616904185279774,0.6669018899914766,0.6522105147868607,0.6792511106178057,1.2236187611980003
2023-11-16,0.7677227762092298,0.5937077968828651,0.6997215491691161,0.6246411603856638,0.7384001337501196,0.7184338060212792,0.6646886107860795,0.670087203489318,0.6570861358716368,0.6828327722505789,1.2242248374891398
2023-11-17,0.7691927853323218,0.5959408122988995,0.7021027877756618,0.6286568762027964,0.7402910239562478,0.7268003971166199,0.6738729948876281,0.6791035079484383,0.6655912056279248,0.6914200900019299,1.2248317558677033
2023-11-20,0.7682364494713882,0.5946419850092876,0.7006936753050078,0.626008159382514,0.7390115035044932,0.7250330682541652,0.6718807011999504,0.6770203806327325,0.6631001574011501,0.6892464598664174,1.2254372500838002
2023-11-21,0.7681394515706176,0.5944491181271537,0.7004075725069773,0.6268624754400745,0.7386795467568469,0.7304005241177973,0.6779570051078551,0.6829744500567827,0.6680374079866452,0.6948957897223669,1.226043783296389
2023-11-22,0.7691186293293041,0.5952027514200487,0.7013548237069315,0.6266883302394478,0.739740858754525,0.7265497296377342,0.6737918829243137,0.6788725598503884,0.6644471352533979,0.6909507573464158,1.226651850109742
2023-11-23,0.7696855375131627,0.5954595916069989,0.7016842361092339,0.6273205717460435,0.7401808848522005,0.7265472532709455,0.6734226206339604,0.6785876071584378,0.6647603719517621,0.6908384960349979,1.2272594780945287
2023-11-24,0.7746837749158719,0.5992034427219453,0.7062462861030351,0.6307676360362698,0.7450425265615583,0.7369284201333224,0.6829513704215094,0.6880611989320883,0.6735070163657245,0.7003082870361981,1.2278671107623549
2023-11-27,0.7703978862071299,0.5956404922695385,0.7020310638272231,0.6279198439554947,0.7407499901795245,0.7319802931764495,0.6779409461295332,0.6831711072265323,0.6694369474670036,0.695627389306719,1.2284732161376408
2023-11-28,0.7691082060312021,0.5939450624774907,0.7002034767477558,0.6236652349348214,0.7391211106212621,0.7267711793752543,0.6734872928936592,0.6784875438742692,0.6633041910269801,0.690535412493214,1.2290794229672064
2023-11-29,0.7758163996456743,0.6006606795493569,0.7079161504724644,0.6326357266488594,0.7467293893162441,0.7387367110460669,0.6852291698864023,0.6904080322803856,0.6748611749089527,0.7027167607022214,1.2296859289377833
2023-11-30,0.7719057647382684,0.595931032231489,0.7027295980478763,0.6235979602074118,0.74203450936746,0.7260924575905027,0.6729819711525633,0.6779512977435201,0.66120187090411,0.6899784084984081,1.230292338338169
2023-12-01,0.779078454310016,0.6026278014837269,0.7104564095045545,0.6300114065575431,0.7495892086160997,0.7326563734178786,0.6791130371738573,0.6841505354503742,0.6675927940619907,0.6962753648931217,1.2308990467843128
2023-12-04,0.7805255297061313,0.6042457630804633,0.7121903881824888,0.6341077009224191,0.7510958265168732,0.7346575437078892,0.6817743741860064,0.6868411063594909,0.6701092221141327,0.6986347010247325,1.2315041722398479
2023-12-05,0.778865587557022,0.6025059499225758,0.7102255362803261,0.6330447125816827,0.7493102466667839,0.7330662784348643,0.6794898462091564,0.6847162683118673,0.6682246655100221,0.696830403818663,1.2321072660752235
2023-12-06,0.7748190372249768,0.5983911253256561,0.705521444230552,0.6310467923077034,0.7448097753250599,0.7245550706006867,0.6712704447326407,0.676566798288498,0.6598135728359027,0.6886548715699177,1.2327132829851348
2023-12-07,0.7762451875110612,0.6007751538293737,0.7081476048894877,0.6313405866088482,0.7468654129555065,0.7269256281054901,0.6738848568117138,0.6791619003389309,0.662163758642394,0.6911012228266373,1.233321631737574
2023-12-08,0.7762451875110612,0.6007751538293737,0.7081476048894877,0.6313405866088482,0.7468654129555065,0.7269256281054901,0.6738848568117138,0.6791619003389309,0.662163758642394,0.6911012228266373,1.2339302807124652
2023-12-11,0.7776337775099433,0.6024317077166879,0.7100481463905225,0.6296782684649579,0.7486288194688341,0.7287575130821484,0.6750959921649136,0.6802841122482325,0.664292355307724,0.692520277975212,1.2345384852608299
2023-12-12,0.7830145032375339,0.6073784780114021,0.7159248285703647,0.6362479720686931,0.754441821023405,0.7358964268070367,0.6807741742932721,0.6863686574030871,0.6694764145783406,0.699070715085794,1.235148181856238
2023-12-13,0.79720847079408,0.6183678726833911,0.7290173095858419,0.6487587410430593,0.7685084297674788,0.7568318404342649,0.6975769361120087,0.7038089127676265,0.6890350300554492,0.7180504694288009,1.2357561914741266
2023-12-14,0.8060609471977728,0.6289713209646223,0.7408096242805235,0.6577303630658987,0.7788138033560625,0.7578434188166365,0.7003232214493291,0.7062544465324443,0.6915234235914381,0.7197485202604839,1.2363614670670557
2023-12-15,0.822197791343158,0.645183257021449,0.7594284906293246,0.6740757311462795,0.7964569285897769,0.7711122388523114,0.7131258064723774,0.7192453386826154,0.7031719910536877,0.73268582535434,1.2369688301586035
2023-12-18,0.823448875908639,0.6457084504411778,0.7600987863381209,0.6780901788456613,0.7973409495914862,0.7703833084264549,0.7128111082564796,0.7189874059008078,0.7022444671323358,0.7322231509340098,1.2375776364515052
2023-12-19,0.8348884976548593,0.6548569876106101,0.7712115874405916,0.6862309378255907,0.8090376105994288,0.7942577061705116,0.7337722137910034,0.7403799869805185,0.7227849867952268,0.7544866366054225,1.2381846507891383
2023-12-20,0.852851473878869,0.6614116640809622,0.7799263198749616,0.6956723264296867,0.8220348071457202,0.814608581118582,0.7505838677765712,0.7577978087762783,0.7380915179956409,0.7730364186051548,1.2387845390455252
2023-12-21,0.8398565560695449,0.6497783245899155,0.7661022409771501,0.6848020885325093,0.8081636251983545,0.7974245374474532,0.7360235574222339,0.7427187296633765,0.7241336581282319,0.7571397289127113,1.239385565363775
2023-12-22,0.844710972524617,0.6532241393134479,0.7703161314987584,0.6908564841551093,0.8129223258177704,0.8104519399570362,0.7464564568603297,0.753674604884943,0.7359767229688268,0.7690331270912019,1.2399853871086235
2023-12-25,0.844710972524617,0.6532241393134479,0.7703161314987584,0.6908564841551093,0.8129223258177704,0.8104519399570362,0.7464564568603297,0.753674604884943,0.7359767229688268,0.7690331270912019,1.2405854991474172
2023-12-26,0.8563826638211136,0.6625362683052469,0.7815401275828519,0.7017472441794512,0.824668686070346,0.8319034627368246,0.7663365823277134,0.7738779332314526,0.7539511605457825,0.7895082389673431,1.241187299403428
2023-12-27,0.8678027821055865,0.6749350036232964,0.7954805294356396,0.712696935743477,0.8374697778923497,0.8354156733873912,0.7699982279148865,0.7777572715920669,0.7566575106736337,0.7932026061870854,1.2417874936779598
2023-12-28,0.8808617024406109,0.6808990640938093,0.8026538014259996,0.722502460477693,0.8469031261418589,0.838293507743203,0.7735896270417674,0.7812642039063589,0.7598512168593757,0.7963502211556625,1.2423894772604878
2023-12-29,0.8807400058570993,0.680597298460849,0.8023479156994496,0.7221295212685092,0.8467067987094034,0.8381702654710883,0.7734083129620137,0.7810472171072814,0.7597719016189868,0.7961567842169566,1.2429917526676921
2024-01-01,0.8807400058570993,0.680597298460849,0.8023479156994496,0.7221295212685092,0.8467067987094034,0.8381702654710883,0.7734083129620137,0.7810472171072814,0.7597719016189868,0.7961567842169566,1.2435943200410413
2024-01-02,0.8941240827567788,0.6910362322488124,0.8148137480335688,0.7328807620708682,0.8598943840696631,0.8554366576064321,0.7879734090352329,0.7958729309656947,0.7750653026413389,0.8118869581618642,1.2441961786843696
2024-01-03,0.900431529377744,0.6964479504473035,0.821182393249724,0.7366699969667041,0.8663186355711673,0.8629658081582487,0.7945445959996749,0.8027781901923672,0.7822683272311459,0.8192391783829496,1.2447998305906416
2024-01-04,0.9097957513142112,0.7034959309905374,0.8297535558320838,0.7445658429970842,0.8756383252627605,0.8740276852473808,0.8037240258845282,0.812048216590767,0.7919633649325867,0.8290976866105264,1.245404025825297
2024-01-05,0.91157980606284,0.7085436889960591,0.8353237794208633,0.7470028092057135,0.8797036967756455,0.8841643500818007,0.8142566154974477,0.8224887668316769,0.8008625386286821,0.8391569886917478,1.2460083138625793
2024-01-08,0.91157980606284,0.7085436889960591,0.8353237794208633,0.7470028092057135,0.8797036967756455,0.8841643500818007,0.8142566154974477,0.8224887668316769,0.8008625386286821,0.8391569886917478,1.2466128951091529
2024-01-09,0.9093755649844554,0.7066059110565488,0.8330959989695399,0.7489502949793102,0.8773963394845405,0.8753376793203057,0.8057261280861061,0.813870666295067,0.7934069798179744,0.83051179602909,1.2472178700340186
2024-01-10,0.9147212701071691,0.7108366459844804,0.8381634200032173,0.756917554300669,0.8827329374510436,0.8771483971154568,0.8071228303357814,0.81509599587402,0.7947091868175782,0.831755785293327,1.2478223857345696
2024-01-11,0.9153172274047027,0.7135004560883267,0.8411868888014556,0.7558180481169795,0.8848770417770957,0.8791603612624208,0.808963208462771,0.8169564047487732,0.7961019137289762,0.8336673129082971,1.2484259893501939
2024-01-12,0.9185609651622137,0.7155752905889674,0.8438618377552168,0.7565649688108871,0.8880345994014706,0.8855635585959751,0.8135653583957698,0.821882057717656,0.8022158721966974,0.8393735293574576,1.2490317436878648
2024-01-15,0.9200323835493291,0.716871619456041,0.8453644909192881,0.7589283074837117,0.8895452950047501,0.8887600774775865,0.8164479177481365,0.8247756466592101,0.8052424032376084,0.8423359309591634,1.249637992989097
2024-01-16,0.941847420238961,0.7200507513663392,0.8506320599788457,0.7676871925625943,0.9023227622954791,0.8941057024801917,0.8190972616102506,0.8276722458395763,0.8100301830094698,0.8463272417581692,1.250244134268084
2024-01-17,0.9460055516347032,0.721663106215995,0.8528335813774517,0.7697300998302152,0.9055212303259271,0.8896415427958824,0.813487728218192,0.8222566157119864,0.8057186244974063,0.841556068781916,1.2508512235813427
2024-01-18,0.9494472499152629,0.7240044118900246,0.8557726037758455,0.7725080068589435,0.9088887541185772,0.8939666271651382,0.8164850830589563,0.8253633247388888,0.8095339199907763,0.8451657280165262,1.2514580540098958
2024-01-19,0.9380267297984146,0.7146152137050414,0.8444802402427695,0.7630494535221598,0.8970921051434961,0.8866479936151402,0.8108107833037843,0.8194119545970205,0.8026378719344327,0.8385388924452418,1.2520653299075053
2024-01-22,0.9380267297984146,0.7146152137050414,0.8444802402427695,0.7630494535221598,0.8970921051434961,0.8866479936151402,0.8108107833037843,0.8194119545970205,0.8026378719344327,0.8385388924452418,1.2526726989575212
2024-01-23,0.94039622636417,0.7179666782199271,0.8487653080116825,0.767798797303102,0.9010572987174237,0.8988070398706111,0.8204057969325572,0.829342415964958,0.8136531431402954,0.849453279683235,1.2532802618240446
2024-01-24,0.94039622636417,0.7179666782199271,0.8487653080116825,0.767798797303102,0.9010572987174237,0.8988070398706111,0.8204057969325572,0.829342415964958,0.8136531431402954,0.849453279683235,1.2538878672083473
2024-01-25,0.94039622636417,0.7179666782199271,0.8487653080116825,0.767798797303102,0.9010572987174237,0.8988070398706111,0.8204057969325572,0.829342415964958,0.8136531431402954,0.849453279683235,1.2544959185353748
2024-01-26,0.9413344382699174,0.7185249160391413,0.849472355696481,0.7680312807641844,0.9019125940019435,0.9008159845795802,0.82205833196989,0.8310163892689361,0.8152156932491814,0.8512464320770017,1.2551044666487117
2024-01-29,0.9474276090286836,0.7221487552945199,0.8533940255414797,0.7732382780818051,0.9065154525137349,0.922153089821685,0.8455742014306873,0.8541885275529625,0.8347554097891362,0.8729923672506774,1.2557128554193986
2024-01-30,0.9542729696865869,0.726673365960917,0.8590138128302409,0.7781583572600375,0.9129776293283399,0.9355374734210999,0.8567140081061647,0.865464784284975,0.8460246358660418,0.8849939539150526,1.2563202253275794
2024-01-31,0.955539623980916,0.7297582807956987,0.8622454105425547,0.7829687981268832,0.9151203120197408,0.9326821593426855,0.8541842559476839,0.8626853284139733,0.8432888291045183,0.8819872206894456,1.2569276362418864
2024-02-01,0.9490614808633397,0.7265237927805138,0.8577068841916822,0.7717878008261669,0.9093750982052317,0.9031022413485655,0.8266776757636899,0.8357838038702473,0.8159206197176491,0.8546187666234766,1.2575259838364867
2024-02-02,0.9400965448255588,0.7177228011387451,0.8476180338272478,0.7625545521256549,0.8996987511985102,0.8966792214346948,0.8192586908517199,0.8287277008259918,0.8101430335957609,0.8480393874202237,1.258123756028318
2024-02-05,0.9437032231904098,0.7210644206290147,0.8514893171675799,0.7669736736130951,0.903465325123255,0.8983141752986071,0.8211453931774914,0.8304693457019711,0.8115912036490515,0.8496591165140067,1.2587225717707269
2024-02-06,0.9405687174712519,0.7192109890308527,0.8490989133864646,0.7657107989491353,0.9005251763683086,0.8997431752368403,0.8238126876932,0.832934774876774,0.8139403906754387,0.8516594505841192,1.2593211153695056
2024-02-07,0.9477167157447977,0.7244040815076241,0.8554091084088011,0.7723153693716887,0.907389798033945,0.9118262495011105,0.8342011858685405,0.8435028838757286,0.824306379543186,0.8627228201205672,1.259919943585759
2024-02-08,0.9536904457355538,0.7286604021013126,0.8605921400346718,0.7757076478792649,0.9131723423763585,0.9132488863704804,0.8340660583436768,0.8436599076609856,0.8241745666292377,0.8634213058121006,1.2605197663364756
2024-02-09,0.9447739326116408,0.7222077075031694,0.8528123497700878,0.7678087651720951,0.9047023438016316,0.8940372266362543,0.816519588402396,0.826044813853262,0.8086989291776917,0.8454659976750928,1.2611199760964995
2024-02-12,0.9401289319247386,0.7182833468445179,0.848189115208141,0.7660032943145134,0.8999108574822893,0.8961104848363767,0.8202139486710941,0.8291377086179569,0.8093285077222071,0.847840160784884,1.261719558207117
2024-02-13,0.9336883205135259,0.712803121505756,0.8417150249439798,0.758792027234894,0.8932583206340409,0.881358542581648,0.806457492485251,0.8153714967086444,0.7952662809129641,0.8338375896850175,1.2623193746096857
2024-02-14,0.9303175714692208,0.7099502885736133,0.8383160035570834,0.755499648642526,0.8898038739526899,0.8778069369117835,0.8028555905581805,0.8119268110062515,0.7920386969381814,0.8304576876790779,1.2629197301387423
2024-02-15,0.9383580656881831,0.7168878156510898,0.8465112662283435,0.7607677428276206,0.8981361381895718,0.8833209969186616,0.8073938292486206,0.8167130705532272,0.7975584087007458,0.8355824316534117,1.2635211843056138
2024-02-16,0.9442913606867102,0.7216446297172115,0.8522255981167557,0.765348844805368,0.9041421519423817,0.8888915515147325,0.8115376314483729,0.8211618251571187,0.8031813145163019,0.8405491421191955,1.264122060568369
2024-02-19,0.9401978380553607,0.7186316153015525,0.8486996457191899,0.764970785761224,0.9002211481625566,0.8807977694650929,0.8051307988504102,0.8141656472637656,0.7974910645480171,0.8330505199809454,1.2647232225819987
2024-02-20,0.9513753266741214,0.7252826991327647,0.8572491056160727,0.7740544183811072,0.9104955240357666,0.9073956508394693,0.8265194916787383,0.8363032053009888,0.8209236687007813,0.8568881106933304,1.2653255865379098
2024-02-21,0.9663926648178722,0.7368727864321358,0.8710970827423853,0.7852403985396368,0.9253371052415592,0.9309572893747581,0.846132962739552,0.8567484640989677,0.8408013148900093,0.8785427700882664,1.2659282883046965
2024-02-22,0.9595272201787598,0.7310666926936565,0.8642289153968273,0.7789819732378773,0.9183157961039757,0.9266430466206315,0.8418238102917499,0.8526592672631308,0.8377628938751173,0.8745416126128263,1.2665313280917574
2024-02-23,0.9703057225171308,0.7389798052312514,0.8740074890260818,0.7891106457480922,0.9289481498297453,0.939926884739965,0.8524244633611401,0.8634719343360681,0.8510165203107912,0.8862962513206553,1.2671346551438933
2024-02-26,0.9726181404498959,0.7484831904640227,0.8850740791342262,0.7959298383025863,0.9368421103347307,0.9534147522313188,0.8613717692974462,0.8733866450926344,0.8657750749021473,0.8979403159970039,1.2677382695979464
2024-02-27,0.9728302454618245,0.7507563860262452,0.8872193788578574,0.7942552600337659,0.9378975533912759,0.9436228548128534,0.855362900567146,0.8667027637184841,0.8559545505007814,0.8898450520706819,1.2683414574046237
2024-02-28,0.9839163099972458,0.760477785200142,0.8987992788341799,0.8044595240665872,0.9495286940611797,0.9398109444934232,0.8527013388314189,0.8633445941382519,0.8515766946264598,0.8860392987680428,1.268945085319784
2024-02-29,0.9738273685638639,0.7492053049733678,0.8860746193364593,0.7964269431700562,0.9380353146095297,0.9457195728127359,0.8545563765623497,0.8661936198708795,0.8569464185115493,0.890408251600558,1.2695487962655614
2024-03-01,0.9823853526552005,0.754541388305335,0.8930325258108602,0.8000051251770658,0.9462524392288151,0.9390600033744402,0.8477844259575358,0.8592982015748454,0.8498499734249193,0.8835102136997973,1.2701522835702652
2024-03-04,0.9757817412600206,0.7454053671820643,0.8833236222078388,0.7952241457492915,0.9382708200611668,0.9293436392036228,0.8358884734059139,0.8474927180719478,0.8406706871036671,0.8723303235113125,1.2707562621878377
2024-03-05,0.9774809236998098,0.7455808454316984,0.8838993296135194,0.7972394459963659,0.9395456067346218,0.9330564509623237,0.8384447150543893,0.8500672828549902,0.8430327882455786,0.8751870990370045,1.2713610393546984
2024-03-06,0.9816761171964833,0.74930999615054,0.8882682433444286,0.801891941424525,0.943926130754974,0.9326237560343293,0.8377790672961577,0.8494110949901765,0.8424861126501413,0.8745975245336063,1.2719657973921128
2024-03-07,0.9849489025317478,0.7503996410880024,0.8900880377754149,0.8034300330340003,0.9467078112545756,0.9387650239379645,0.8433937453806409,0.8549938996716792,0.8464476826762352,0.8802857222737706,1.27256976824799
2024-03-08,0.9886962202372198,0.7520324714892054,0.8925669660679352,0.8081809048821207,0.9500466906967218,0.942473004608389,0.8464301590437181,0.8577990301079265,0.8456411875691283,0.8831615631230049,1.2731744867582397
2024-03-11,0.9816338046256188,0.746385623878924,0.8857509859673929,0.8031525767593919,0.9428801746977687,0.9373937473862818,0.8419954702951713,0.8534002121244383,0.8425572797941328,0.8786304479319346,1.2737803635722944
2024-03-12,0.9697207111443872,0.7380651498725733,0.8753857823371338,0.7943213693968357,0.9313312506356091,0.9291183734997585,0.8349713520212785,0.8464281030430606,0.837024099486992,0.8714073909885808,1.2743859648896392
2024-03-13,0.9663294686744911,0.7356716420755773,0.8724386777974653,0.7922983171353482,0.928080473625549,0.9254072040022022,0.8321484471437502,0.8435031268226431,0.8332226892301572,0.868237033760092,1.2749929310285242
2024-03-14,0.9679039261587831,0.7383385825252783,0.8752758252604675,0.7925754530310773,0.9302332826750709,0.9192388289187461,0.8282449450616491,0.839440853555946,0.8276255481067991,0.8635773700434977,1.2756002375592284
2024-03-15,0.9410584127029011,0.7236020382012326,0.8556409052947164,0.7670811567738965,0.9057598640303897,0.8748080937583308,0.7935818609625984,0.8041053925859473,0.7905639998450327,0.8256817436732516,1.27620788469275
2024-03-18,0.9577766334599039,0.7330146676042504,0.8682886294728285,0.7848587485315713,0.9212305972374206,0.8938718495697516,0.8073963474548829,0.8179448161240026,0.8012409630519248,0.8408036824069911,1.2768158726402288
2024-03-19,0.9659499255851186,0.7398152142966313,0.8763490418995556,0.7909278185467882,0.929569523824191,0.903423662828083,0.8155076497287974,0.8263228212651756,0.810902764054139,0.8496299800192929,1.2774241502343622
2024-03-20,0.9568589872809399,0.7327102928722344,0.8677960935288419,0.7806900911303272,0.9205571457809381,0.8915031042710218,0.8049944125971675,0.8158721766733336,0.8026799033888435,0.8389043042254111,1.2780327176131383
2024-03-21,0.969197712133883,0.742878636455758,0.8799194858875584,0.7887343945118798,0.9331166591995443,0.8979359507806527,0.8100795701137179,0.8211464674377219,0.8090855616795585,0.8445756522829811,1.2786409577840603
2024-03-22,0.9910942538836022,0.7602301765353107,0.9008668998662626,0.8019761071275096,0.9552935145666472,0.9025956734618411,0.8138201167173534,0.8249173602891047,0.8124688763660782,0.8485747382368888,1.279249435976075
2024-03-25,0.9910942538836022,0.7602301765353107,0.9008668998662626,0.8019761071275096,0.9552935145666472,0.9025956734618411,0.8138201167173534,0.8249173602891047,0.8124688763660782,0.8485747382368888,1.279858203729994
2024-03-26,0.9972322985221173,0.767002245201111,0.9084231765610175,0.8031548848453517,0.962217394437002,0.8976810787943799,0.8104729744276341,0.8215834443999156,0.8100821884963804,0.8448667795075759,1.2804452703158025
2024-03-27,1.0108796772865507,0.7790303436956243,0.9224538955027901,0.8141371418767192,0.9763338267594557,0.9167867238376775,0.828791100941031,0.8401320588545911,0.8278981027195512,0.8636496166788509,1.2810320909436035
2024-03-28,1.0108796772865507,0.7790303436956243,0.9224538955027901,0.8141371418767192,0.9763338267594557,0.9167867238376775,0.828791100941031,0.8401320588545911,0.8278981027195512,0.8636496166788509,1.2816191805078887
2024-03-29,1.0107146516526373,0.7785035278717857,0.9219799309403723,0.81346997978306,0.976031980213826,0.9166596346329449,0.8285893737863104,0.839957217126813,0.8277819822357019,0.8634904708699156,1.2822065391319102
2024-04-01,1.0331795788220595,0.8007015242893263,0.9470896313275053,0.836362135140787,1.0000586683399337,0.9392567017186547,0.8513553314497543,0.8626679760465922,0.8455678956746694,0.8865074027289179,1.2827946828911452
2024-04-02,1.04307269069028,0.8089444111340717,0.957087001147492,0.8434923014131795,1.0103912757786098,0.9457675664455871,0.8575750429039369,0.8693308269103579,0.8554920905138872,0.8935724339078301,1.2833830964299133
2024-04-03,1.049638276337065,0.815205540094739,0.9643058392547507,0.8484189350483343,1.0174588721064317,0.95552164228589,0.8666522760125269,0.878713635465609,0.8666652426022678,0.9033115757672957,1.2839718315145257
2024-04-04,1.0617910006996472,0.825783160856271,0.9764564679846244,0.8601220255157336,1.029675205763745,0.9819481788394501,0.890249950939908,0.9024146908637224,0.8884419233674772,0.927527178773231,1.2845606300085857
2024-04-05,1.052100089074763,0.8081121707681947,0.9591879116524851,0.8422161207460606,1.0169636863113538,0.9869138613909824,0.8935143510774016,0.9057115192839369,0.8900907265662478,0.9310475210290124,1.2851490265421894
2024-04-08,1.06212332697407,0.8140691556974314,0.9671370334746542,0.8487664202292149,1.0263434187938283,0.9959674954264435,0.9017363460540485,0.9138863239749788,0.8965266889215202,0.9393491173466344,1.2857355206212386
2024-04-09,1.0637085236867057,0.814606972926599,0.9679827118744295,0.8496779755441082,1.0275850369053945,0.9982187067501924,0.9025659063330317,0.9149687448131096,0.8994724507671558,0.9407099079330622,1.2863201611301915
2024-04-10,1.0648889175933218,0.8068311976146327,0.960892692841652,0.8430828385277932,1.0246456977803053,1.0004059514018393,0.904662066980869,0.9167363058573574,0.902223323287729,0.9420898736638942,1.2869088977752416
2024-04-11,1.0778818891737334,0.818249192863252,0.9741288450838338,0.8552634800019452,1.0378824741111712,1.0086379535054746,0.9118059181995789,0.9239978623475509,0.9080007770656525,0.9496554059643176,1.2874985252926543
2024-04-12,1.0737869732826786,0.817466434197597,0.9721751394732079,0.8539343136969223,1.034500955668891,0.9967852125600247,0.9007203767914171,0.9129653550002491,0.8977753533867565,0.9385280014039655,1.2880869205254422
2024-04-15,1.0725280186881458,0.8167919763676185,0.9713371226398123,0.8526161053144264,1.0334541283040448,0.9879540711686275,0.8931028690978686,0.905294470209088,0.8900927533029074,0.9306810017397128,1.2886775024363262
2024-04-16,1.0629191021060655,0.8066905513255251,0.9604386798747492,0.8410847679568819,1.0234023995276518,0.9763602892105737,0.8835464693944963,0.8956165676949798,0.8830374262560315,0.9205763665174406,1.2892685106931083
2024-04-17,1.0525532635288286,0.7961691666298146,0.9488415703729883,0.8316592313497897,1.0124696390943946,0.9644956051215348,0.874028021443191,0.8856543051664488,0.8713752486045288,0.9100080521584752,1.289859841875184
2024-04-18,1.0383619200501668,0.7841400295323998,0.9348341526519991,0.8190575448465388,0.9982320109318562,0.9515837428657636,0.8627539448060185,0.8743154336139098,0.8604331192784853,0.8984142561399457,1.290451444275058
2024-04-19,1.0546578171797525,0.8006811902671118,0.9531269095574154,0.8357071760438392,1.0154304234404739,0.9687798535457792,0.8764643066317349,0.8887507006513883,0.8788136075613469,0.9137559398816789,1.2910429545282156
2024-04-22,1.0534887556202595,0.8010747351503372,0.9531467981972056,0.8362777736283484,1.014757222263723,0.965592225268643,0.874855846065038,0.8868436930025982,0.8741301150738818,0.9115470538591365,1.2916347359146894
2024-04-23,1.0606904277268354,0.806867319643782,0.9600816515951601,0.840848245478712,1.0220199564492902,0.9727794355585587,0.8796559059092122,0.8923617775761525,0.8825717246255127,0.9178892405687943,1.2922267885587602
2024-04-24,1.0555396927243057,0.8047259169289436,0.9568460995910941,0.8385290052470227,1.0176118104509304,0.9692616164617426,0.878068193499665,0.8904601080183578,0.8790551403979648,0.9155980164601605,1.2928195285721762
2024-04-25,1.0652648816287509,0.8100333644548783,0.9641111780490282,0.8446398017792398,1.0265005881660079,0.9806884463653814,0.887690905331063,0.900207584370324,0.8869726998249855,0.9257283065603187,1.2934125404734114
2024-04-26,1.0713340244771663,0.8131544250989595,0.9684306691789852,0.8484112183720112,1.0319098022330218,0.9921186357492415,0.8974787568496991,0.9100369024450806,0.8966339549651201,0.9357666104952452,1.2940054600641957
2024-04-29,1.071780085063512,0.8148711342119882,0.9700337411754525,0.8493716101517956,1.032863271441806,0.9895066426590312,0.8958518960117929,0.9083053823380562,0.8955323214308137,0.9338270995012393,1.2945985993881628
2024-04-30,1.0596726626379493,0.8065851190210349,0.9595675975832973,0.8387403525123759,1.0212091117542275,0.9750645630647797,0.8822514861682521,0.8948173426812446,0.8842802724498187,0.9201946673797522,1.2951922710614991
2024-05-02,1.0693495202491197,0.8109221263270787,0.9661398564542583,0.8434615540798247,1.0297334920161543,0.9816421645710661,0.8872205778267191,0.8998260909379624,0.8896235369230695,0.9253200386424275,1.295763283228442
2024-05-03,1.0693495202491197,0.8109221263270787,0.9661398564542583,0.8434615540798247,1.0297334920161543,0.9816421645710661,0.8872205778267191,0.8998260909379624,0.8896235369230695,0.9253200386424275,1.2963343907165097
2024-05-06,1.0724015792574033,0.8123397112508419,0.9682206134024247,0.8460803764290226,1.032423808620466,0.9856737168726988,0.8902701874362497,0.9029713076579245,0.8934617799628393,0.9286684781284874,1.2969060107372652
2024-05-07,1.0698633294030129,0.8104010803772802,0.9657901618314839,0.8450911062187395,1.0299638092065595,0.983978257436934,0.8892688295148634,0.9019862950865892,0.8923996853779121,0.9276958669819333,1.2974778828144735
2024-05-08,1.075298872057744,0.8146307712251271,0.970885959590187,0.850370081997972,1.0353387219955699,0.9893528684238907,0.8941135406440696,0.9068744198905049,0.8975628399401787,0.9327021739384599,1.298050007059279
2024-05-09,1.074463915141501,0.815709770863706,0.9715163376834015,0.8508804244737443,1.0350573157870728,0.986082547632274,0.8908913052807439,0.9037394903038416,0.8950491724473064,0.9297037186968561,1.2986223835828756
2024-05-10,1.0790601662927262,0.8191158284325081,0.9757194529648591,0.8529836190765065,1.0395075272120604,0.9856174834052379,0.8903204844056855,0.9031096120370459,0.8938430788603046,0.928951300886785,1.2991950124965057
2024-05-14,1.084061344830775,0.8250417374348251,0.9819817446333469,0.8606512994675625,1.045170302199041,0.9995389373414185,0.9028278715440253,0.9159787391010233,0.9077316134324087,0.9425148352741444,1.2997676847973103
2024-05-15,1.0735112830591738,0.8116529419627935,0.9676954997030741,0.8499569621618553,1.0329787335867486,0.9968065892214361,0.8994133058424619,0.9125740440117869,0.9046454841586166,0.9391136949048585,1.3003404003200805
2024-05-16,1.0782758439121887,0.8164246827266954,0.9730714200235908,0.8545862805064101,1.0380855359785084,1.0018960555573277,0.9035580860134907,0.9169353109324999,0.909600785012664,0.9438627385854932,1.3009138391196367
2024-05-17,1.0908365025870368,0.8282192203418194,0.986662551291217,0.8658777480617005,1.0512261377820127,1.0084242940691768,0.9099808088080003,0.9233180767165032,0.9159972055804844,0.9502383077234475,1.301487583148417
2024-05-20,1.0835457435444742,0.8200999093275854,0.977557965693173,0.862993922752618,1.0431758615659987,1.0150236416661247,0.9157568803518668,0.9292475266922912,0.9229056248943398,0.9564940923564713,1.3020615802164075
2024-05-21,1.0891005992461127,0.8236863750629426,0.9821915248426678,0.8668384721533201,1.0484165680190245,1.0204575216423937,0.920731997664706,0.9341735329541364,0.92756004921355,0.9613728684942997,1.3026358828290956
2024-05-22,1.0735216991335752,0.8108165425907549,0.9669646990435675,0.8507565879726537,1.03265153668461,1.0016826759604986,0.9023914823647491,0.9158001874427802,0.9091974155546674,0.9428028683655273,1.3032104387504566
2024-05-23,1.0735216991335752,0.8108165425907549,0.9669646990435675,0.8507565879726537,1.03265153668461,1.0016826759604986,0.9023914823647491,0.9158001874427802,0.9091974155546674,0.9428028683655273,1.3037853005323365
2024-05-24,1.076543111177971,0.8179296892769224,0.9737511737737764,0.8557128710566794,1.0372520960777865,1.0003068627538547,0.9020695907777134,0.9155020010417587,0.9086440280404096,0.9425244281057056,1.3043606257456644
2024-05-27,1.0732658454542094,0.8170723773481123,0.9721490386492456,0.8530436330269159,1.0346297374972975,0.9881380276588182,0.8910064322621505,0.9044854662483272,0.8981237928933276,0.9315137852278071,1.3049365722393038
2024-05-28,1.0959168068823337,0.8453888364660668,1.0024754286633442,0.8759249879684889,1.0606701748507272,1.0012204161642948,0.9043727762917226,0.9179608781229582,0.9113742190909669,0.9452487035606814,1.3055125104968792
2024-05-29,1.0878203349665354,0.8529285272040835,1.0085153990674218,0.8752548368963886,1.0595462391182406,0.9968617645890613,0.9003355709548552,0.9139374283122355,0.907502622747123,0.9412210271628633,1.3060883352175123
2024-05-30,1.1102442447831495,0.8687537623674533,1.0273059731693441,0.8869073708161637,1.079777179090405,0.9982404256050514,0.9011711549058384,0.9147044163767256,0.9074909278388203,0.9418521654814013,1.3066644139181773
2024-05-31,1.1273164008552967,0.9012571602561501,1.0611777637821298,0.9040116180314086,1.1045610994810295,0.9884049605282655,0.8932619251028419,0.9066483810424336,0.8991395556296934,0.9335087695800244,1.3072403786571893
2024-06-04,1.1319271119340724,0.9074000734150722,1.067560383428695,0.90737228177371,1.1099847274969357,0.9915779414374701,0.8962429400317691,0.909658107936596,0.9019269491650701,0.936583412617131,1.3078168076848629
2024-06-05,1.1271440945939355,0.8995337925269962,1.05861757983529,0.9012172476059918,1.1026301164412937,0.9826549226651171,0.8879583245745789,0.9013194969627333,0.8933975234960889,0.928118716708818,1.3083936487659475
2024-06-06,1.1301597186792323,0.9038144547047012,1.0629836484163535,0.901775582882034,1.1062428677153704,0.9817532669044042,0.8885830786666309,0.9016604652792409,0.8923226327119325,0.927996225367846,1.3089707442753518
2024-06-07,1.1404036825144162,0.9096008781650102,1.071058118895877,0.9092698206844775,1.1157340348196254,0.9796057290901975,0.8865860130449439,0.89964582526273,0.8895697434726298,0.9259522330229606,1.3095480943252968
2024-06-11,1.1390500668853125,0.9091757010331746,1.0700803196491202,0.9103419127026834,1.1144428700056466,0.9750579533421079,0.8834736358690732,0.8962915696255978,0.8878411898316974,0.9221508651760468,1.3101256990280534
2024-06-12,1.135931240624964,0.909899658872461,1.069399687087726,0.9093962093295385,1.112262286283784,0.9669596460186586,0.878003930816659,0.8905339459478822,0.8822379730733422,0.9158759613372398,1.3107035584959417
2024-06-13,1.1243725291664413,0.9031607866474629,1.0601225551053959,0.901986561176587,1.1015189901267288,0.968507372500752,0.879364115143353,0.8920358345711494,0.8827193138000067,0.9176386242755872,1.3112818310662402
2024-06-14,1.1244556846461553,0.9035098724884084,1.060341140369054,0.9044767795106099,1.1016478741140274,0.9641734894366948,0.8747720812520569,0.8876169692663312,0.8804983032995105,0.9134670810382733,1.3118603587660556
2024-06-17,1.1212825457895568,0.9033858840567588,1.0590582243509885,0.901369420742408,1.099211334250405,0.9655120810628363,0.8777558630174845,0.8903243480214652,0.8813884452472143,0.9157390706941024,1.3124391417079488
2024-06-18,1.1278433448879701,0.908463682068052,1.065168680828848,0.9084416772128032,1.1056823523581056,0.9687389237018919,0.8806011011730828,0.8932869960779857,0.8847689098224103,0.9189092338148345,1.3130179159471607
2024-06-19,1.1198277531183585,0.9025022263667156,1.0577700625951774,0.9029549024926112,1.0977993292406971,0.9623479290281954,0.8743017704872567,0.8870537702906205,0.8803730306947872,0.912737736310061,1.313596998255537
2024-06-20,1.1269137131565046,0.9107943987654296,1.0665555840739578,0.9093259428303392,1.1057671722406883,0.9681456528720849,0.8808232172133547,0.8936309128093743,0.8855814401901495,0.9194559918757647,1.314176388815538
2024-06-21,1.1004813803729978,0.8854431198917518,1.0378765375708947,0.889849838062043,1.0780667760253397,0.9581825224288797,0.8699343748601184,0.8830240387541685,0.8766127655480592,0.909261571079272,1.3147560349283618
2024-06-24,1.1231433776792765,0.9124329532144358,1.0661517958818247,0.9147038776874781,1.1033960702725154,0.9793314655670913,0.8909408321659612,0.9042452046224799,0.8968160113958072,0.9309543217565164,1.3153359367067257
2024-06-25,1.1178861217498428,0.9024226319931326,1.0569754555521642,0.9035326239184455,1.0963634016979849,0.9682767738829823,0.8792450344098911,0.8922888781493199,0.8860956625526878,0.9184863320893684,1.3159160942633963
2024-06-26,1.1172295528043088,0.9023000734747595,1.0566819590215455,0.9023497503665874,1.0958746172916647,0.96765920183098,0.8794309207152666,0.8923794047938729,0.884051962949152,0.9184421477687891,1.3164965077111905
2024-06-27,1.1189600594951388,0.9050621396348921,1.0593439931248112,0.9049844159924577,1.0980043268267792,0.9666600854108565,0.8789681826746071,0.891881613401978,0.8840818328056137,0.9178757879372067,1.3170769122892882
2024-06-28,1.1189031014742183,0.904365396925287,1.058817440657158,0.9054563273367716,1.0977675253678005,0.9702138861511055,0.8814713501017408,0.8945232846162077,0.8868615701878694,0.9207716086868504,1.3176574667545091
2024-07-02,1.1213173568967207,0.9035244691177928,1.0592688491298543,0.9019771099987148,1.0994627117001639,0.9690909946447817,0.8797444060862671,0.8927819319196856,0.8820897194698831,0.9190526524755583,1.3182151598328222
2024-07-03,1.1213391901316094,0.9038943069678927,1.05946578461868,0.9041814114084669,1.0995399695889598,0.9655545462212273,0.8759559760389832,0.8891021513478541,0.8811317329182504,0.9156032635468155,1.3187726646036204
2024-07-04,1.1236996772015646,0.9049590949753683,1.060991986302107,0.9050407626366933,1.1015165824454414,0.9645090645798241,0.8748161505298554,0.8879454484576278,0.8799849373466773,0.9144126191004126,1.3193309358168903
2024-07-05,1.1281021881444437,0.9085583040448159,1.0653413197766168,0.9093808713686317,1.106018593457412,0.9676198570197893,0.8769885995940686,0.8903355004214456,0.8820726716853956,0.9173055260154976,1.3198892310070682
2024-07-08,1.12379264811281,0.903546898837005,1.0599903565968547,0.9054488401889904,1.10119889679144,0.960920037370924,0.870360588536229,0.8836387643345478,0.877855239039552,0.9104422837832443,1.3204477093374838
2024-07-09,1.1196356517712838,0.9005525336808262,1.0563302191906894,0.9035554732355984,1.0972155061074913,0.9528005821823199,0.8621620734044858,0.875504621610905,0.8708427027758281,0.9024820519334705,1.32100663650788
2024-07-10,1.113689993073932,0.8933564227059777,1.048949781695797,0.8965512614523746,1.090667080120646,0.9496053806277757,0.8579161426996464,0.8713622067387042,0.8658771849293639,0.8986158421348178,1.3215656407965948
2024-07-11,1.1168150857701222,0.8973051588577179,1.0529109174245104,0.9033431148323221,1.094189052815331,0.9568340876206219,0.8636220673411609,0.8774284049126804,0.8739301317811689,0.9054650959244742,1.322124828458156
2024-07-12,1.1121753696989238,0.8913181688584103,1.0468636894382277,0.8971808303952111,1.088920062738824,0.9556588191038106,0.8612531969270605,0.8750544696147249,0.8725667341047155,0.9030753053920965,1.322684252726081
2024-07-15,1.1131194065090486,0.8939596159896392,1.0491045149012022,0.8979633696141874,1.0903743679376507,0.9551221137972615,0.8627355185192788,0.8762955328958275,0.8734510695013294,0.9037502689564624,1.3232442330410943
2024-07-16,1.1112802159527757,0.8908496342404644,1.0462445152838034,0.8932410078313894,1.0881025516672416,0.945645557285737,0.8539274900175056,0.8673050385388142,0.8647395762093859,0.8943725871973323,1.323804450433061
2024-07-17,1.1077555257715734,0.8899980049283097,1.0442851167622065,0.8901464150947607,1.0851020915050509,0.9380678920698619,0.8494746667872617,0.8623748005068805,0.8594850559171072,0.8883530065486526,1.3243651180764076
2024-07-18,1.103794928679915,0.8875800882509695,1.040900790329302,0.8904935702528585,1.0812859579095258,0.9363928579869318,0.8475635884440469,0.8605368440075126,0.860791712010359,0.8866463502684091,1.32492634292441
2024-07-19,1.088331606224637,0.8838937026717186,1.0352966262853134,0.8812289352912845,1.0712341305464785,0.9415657468372199,0.8519131073723065,0.8649624680280953,0.8657108487187314,0.8912205394746276,1.3254881254840811
2024-07-22,1.0840005169761384,0.8807034847409154,1.0315015803246748,0.8779245231427011,1.0671219148789919,0.9387180658287844,0.8489353416912515,0.8619847200653257,0.8632927528027399,0.888248927196113,1.3260498262277811
2024-07-23,1.0896987346072267,0.8798722936657362,1.032706042144272,0.8753890470166634,1.0708915291521208,0.9291490227029549,0.8409638270805447,0.853594664983941,0.8525117581105176,0.8789571733787493,1.3266118717205722
2024-07-24,1.0853635083744115,0.8800257359519269,1.0320763495290055,0.8761926437029142,1.0685454335803275,0.9297942917700909,0.841137054176245,0.8539399211171502,0.8532194917015117,0.8796982526710464,1.3271738885286044
2024-07-25,1.0869457144738477,0.8825770423226549,1.0345739185720246,0.8785760870858476,1.070515543836014,0.9298333447543717,0.8412904241268935,0.8540963162787999,0.8532747008325352,0.8798625434236347,1.32773603662588
2024-07-26,1.0863771811489022,0.8835753152328645,1.03512973932402,0.8777341232490941,1.070367515953815,0.9248210440952723,0.8381845685659637,0.8507128712861737,0.8490012182500101,0.8758592773512067,1.3282982091241062
2024-07-29,1.0834551517623594,0.8808078440271667,1.0318367426219939,0.8746357342357638,1.0671580087819652,0.9177462270778386,0.8326567905137029,0.8449223092493304,0.8444218236306872,0.8694626921071588,1.3288605127513313
2024-07-30,1.0736203554597488,0.8702216613646316,1.0198096798294005,0.866208653821845,1.0560439287737633,0.9091212036973851,0.8249237983740739,0.8371673808836756,0.8366827378287465,0.86169480375322,1.3294228940006112
2024-07-31,1.0835134641304653,0.8793592310329545,1.0301471189028149,0.8756429040421864,1.0662607791681653,0.9159693318096537,0.8316187715653074,0.8440074995885997,0.8427538554728009,0.8688674709642279,1.3299850318015158
2024-08-01,1.0788537816217736,0.8751576006516605,1.025570795555389,0.872277416146519,1.0616244799068226,0.9135669151288731,0.8276997619504566,0.8401136023104263,0.8392737125014349,0.8651190859665822,1.3305240203441562
2024-08-02,1.0620273447261492,0.8572472836640185,1.0060436807532454,0.8549939166112706,1.0434460039944238,0.9060933535669491,0.8199824667685998,0.8322547484060615,0.8310222928064352,0.8569503735829928,1.33106306670101
2024-08-05,1.05495249402901,0.8533071090298371,1.0005722372982286,0.8515069784880458,1.0368455703643438,0.8941034446275903,0.8097992664655614,0.8218290030952385,0.8189301802283964,0.8459547289204636,1.3316026528079856
2024-08-06,1.0621716320778307,0.8590121354320333,1.0069638944593695,0.8600716036458644,1.0436302375467519,0.8926718041580444,0.8088920580784142,0.8209558998298719,0.8206547251396841,0.8451655541235777,1.3321425112342866
2024-08-07,1.0650554621154453,0.8641144650731446,1.012041646402853,0.8642924511168314,1.0475642809722472,0.9048580138690389,0.8198571066438717,0.8320989399530171,0.8347244634303937,0.8566353555563037,1.3326825885300229
2024-08-08,1.0650554621154453,0.8641144650731446,1.012041646402853,0.8642924511168314,1.0475642809722472,0.9048580138690389,0.8198571066438717,0.8320989399530171,0.8347244634303937,0.8566353555563037,1.3332228311584666
2024-08-09,1.0786765478113138,0.8767065026450815,1.0262924579267918,0.8778378272313592,1.06165493591247,0.9161959658547307,0.8301162148046279,0.8426246162051028,0.8468814059947662,0.8678076245894589,1.3337634537319727
2024-08-12,1.079369552404593,0.8788216190421607,1.0280155759142722,0.8800095251507659,1.0627169811312294,0.9144062140172113,0.8293719115762472,0.8418283740894111,0.8467912757292428,0.8668457870045706,1.3343038125076474
2024-08-13,1.0831260885890757,0.8773678176823508,1.0283480197226311,0.8786761286668114,1.0651869560340674,0.9165504404664291,0.8293550862731127,0.841922719442659,0.8459409919866937,0.8673145654626071,1.3348446586568796
2024-08-14,1.0868316126864979,0.8771966358683236,1.0299561438089841,0.8781903126295927,1.0682463071537354,0.9182942969647517,0.8280255573612642,0.8407417058485839,0.8438209849552113,0.8666522439151999,1.3353858314573839
2024-08-15,1.0885248638672327,0.8829254580999698,1.0348933501841067,0.883301079729924,1.0712654877475711,0.9262751576950197,0.8372040314100528,0.8498418522771585,0.8528240924466789,0.8753343451697146,1.3359272773944344
2024-08-16,1.0949970045272839,0.8865410461782157,1.0398924372406515,0.8863238915023145,1.0772295409341566,0.928356829186693,0.8386594862562996,0.8513675252379036,0.8536226072949622,0.8770719921340403,1.336468942866316
2024-08-20,1.091686972628559,0.8807469614875713,1.0343384604364645,0.8806322140390896,1.0729225815189016,0.9222252231983321,0.8322979761285251,0.8448913014582082,0.8468528156775217,0.870346227846994,1.3370109892955058
2024-08-21,1.0983434342351786,0.8847622297926734,1.0396350248244361,0.8784425774948137,1.0790106658273504,0.930219941041164,0.8424686254945183,0.8546644735892297,0.8574126531922103,0.8786392387448734,1.3375532555684362
2024-08-22,1.0930856228790031,0.8819348621137915,1.0357227623755083,0.8741322590992637,1.0742120618020496,0.9291590826523166,0.8426464112937357,0.8546368534783609,0.856532993171336,0.8779597163362659,1.3380956879528174
2024-08-23,1.093646348320209,0.8803687182472475,1.0346859276108293,0.867916847009252,1.0741091675634873,0.9296044141444956,0.8451725110050596,0.8569061875546614,0.8554178692604283,0.879410273693035,1.3386382864723685
2024-08-26,1.0993923324249701,0.8890720515327981,1.0433943763739273,0.8761455355322525,1.0811423807984792,0.9402850966725685,0.8563085767959289,0.8679581464196023,0.8697348425002768,0.8899348046881218,1.3391811588810238
2024-08-27,1.1080455003673606,0.8951637091359576,1.051212693087273,0.8806188497870259,1.0896272252766646,0.9320544101338762,0.8491525809328476,0.8606640447725367,0.8629443349919945,0.8823170787554355,1.339723766463981
2024-08-28,1.1199064815492412,0.9050381275902581,1.0630196012617041,0.8895268391722441,1.1016617709271526,0.9338017852733566,0.8509660533769069,0.8624259749515437,0.8645674466985648,0.8838820237072047,1.3402669712614514
2024-08-29,1.1185541068673546,0.9036670689718584,1.0613958860808208,0.8884485205746154,1.100093296742115,0.9298576263868747,0.8477316644121861,0.8590769202012929,0.8602127745591216,0.8802383785467881,1.3408101266536672
2024-08-30,1.1270622411397602,0.9137717485436816,1.0721965927701067,0.8953546033398547,1.1096488003376916,0.9359092377501358,0.8550278562978639,0.8661729152135759,0.8689823736840717,0.8864972755004867,1.3413535561170515
2024-09-02,1.1244020580965814,0.9115631578430056,1.0696386678924925,0.8922731616702658,1.1069954906737396,0.9378814890833251,0.8566885968428748,0.8678107559719639,0.8679495876126105,0.8882094223078058,1.3418969899345716
2024-09-03,1.1194003536601802,0.9031282488473026,1.0616067805361953,0.8843972289403002,1.1007361641944506,0.9284940693822025,0.8456694818987424,0.8568248165186048,0.8568828872754556,0.8777438650961076,1.3424408059066946
2024-09-04,1.1080287807834917,0.8879638992509046,1.0461473291013628,0.8687209760222844,1.0875046736722596,0.9129185359493323,0.8305314552060709,0.8414447439077151,0.840583369677399,0.8618820935781241,1.3429849503014275
2024-09-05,1.1073240115672656,0.8884434310241758,1.0464080194174707,0.870096873360316,1.0872740067200026,0.9179502050897306,0.8346822444171503,0.8456919643875347,0.8451684283227836,0.8663863607691249,1.3435292612194074
2024-09-06,1.109225537530914,0.8897648644887814,1.0479737788959922,0.8723643089504832,1.0890108043461546,0.9181967872910598,0.8349525714649021,0.8459759744701381,0.8454431672542652,0.8667224044684119,1.3440736846224137
2024-09-09,1.107334283550146,0.8841920673965311,1.0417005439723646,0.8699150708451022,1.0844283488016881,0.9031873877346855,0.8220634833078455,0.8328764077441017,0.8323172709433384,0.8531280719343769,1.3446183286360538
2024-09-10,1.1084013199430114,0.8830055810587277,1.041177090867743,0.8647991281616615,1.0848149545964074,0.905761995530833,0.8245915203364161,0.8352852229890398,0.834792104118449,0.854921988498857,1.3451633015611995
2024-09-11,1.0994113575005555,0.8812507707186864,1.0380959568615025,0.8619996440300887,1.0790636694686992,0.9055648815689267,0.8237450317809708,0.8345746555041047,0.8332176301898958,0.8549126517226103,1.3457084412358464
2024-09-12,1.117421958654585,0.896157556293361,1.0559283122413972,0.8746358527213616,1.097354506176871,0.9204917268043658,0.8366969165053152,0.8477179458533426,0.8441892772892453,0.8686543399590834,1.3462538559829127
2024-09-13,1.1177299665783365,0.893852348214429,1.054083189510592,0.871211507931037,1.0966498340122035,0.9179136903016422,0.8340409830952289,0.8449891238025908,0.8400087712818057,0.8658184272314526,1.3467994917862176
2024-09-16,1.1317943469419944,0.9068306528073876,1.0691980727925572,0.8866891675448165,1.1115484891875078,0.9240249899644213,0.839896178128893,0.8509750670812295,0.8435676307333992,0.8723943268295415,1.347345348735355
2024-09-17,1.1348622688523697,0.9078794412372747,1.0709507197061148,0.887508599169203,1.1140353322778689,0.9265554762539022,0.8422443929796117,0.8532988104614333,0.8452324468800426,0.8745889126780417,1.3478914811354266
2024-09-18,1.1365129617825214,0.9051354526162464,1.06963469018906,0.8825104065344329,1.1145621435469926,0.91803377260408,0.8337028199033345,0.844618158854341,0.8357844100548214,0.8656468901794554,1.348437889142024
2024-09-19,1.1371078097722624,0.9052757488896398,1.0698229814159852,0.8801279760890847,1.114946413809547,0.9163464164822573,0.8328679301576942,0.8437101667608957,0.8358465474185508,0.8643611372097152,1.3489845729108358
2024-09-20,1.141212082656471,0.9068191581577574,1.0722310737654464,0.8811474848750918,1.1183638431380516,0.9176506701409275,0.832109763825228,0.8431991478107268,0.8390549263706268,0.8646425502696002,1.3495314783162136
2024-09-23,1.135568532458428,0.9048213370200503,1.0686191695634615,0.8819248848598168,1.113424726952275,0.9177195881671367,0.8328716769555883,0.8439762422600603,0.8391717804075333,0.8655180709277719,1.350078714054894
2024-09-24,1.1390545949378716,0.9072917870403768,1.0718089146040568,0.8846685277639107,1.11690111781338,0.9248914119442355,0.838933004385336,0.8501597927113739,0.8432915575160209,0.8722158134899377,1.350626388999811
2024-09-25,1.12620552159574,0.8958600546408639,1.0602002570256088,0.8681771887979837,1.1052867397909403,0.9123005897667499,0.8247938457555344,0.835906915346354,0.8283019652201701,0.8579971813383691,1.3511742317678614
2024-09-26,1.1365962666321454,0.9060674458604664,1.0712483348325472,0.8806381576922432,1.1159560090263105,0.9194208673944314,0.8324853998615295,0.8437063175215487,0.8362286163773379,0.8660040349088692,1.351722351122128
2024-09-27,1.1325483133179925,0.9024209588224479,1.0670123277223806,0.875433849381337,1.1117036964404376,0.9162972995392833,0.8312856164105245,0.842250222780082,0.835137728483311,0.8634278989611208,1.3522703120861126
2024-09-30,1.1427343194838384,0.9042013431367991,1.0706558358831095,0.8782418867573252,1.118573819287389,0.9199864862526063,0.8335424989784016,0.8445912332777795,0.8361917988680926,0.8663147450463003,1.3528184951824145
2024-10-01,1.1476255216802802,0.9083200566049013,1.0754357164921986,0.8824058308384725,1.1234671418843463,0.9252686655350821,0.8380059585938763,0.8493150112067962,0.8411331729511051,0.8712809402277644,1.3533425133734582
2024-10-02,1.1382724874921109,0.9009805857446405,1.066616367665051,0.8751141508410283,1.1142462335704053,0.914616384810895,0.8279948145097781,0.8393625231231189,0.831948751744405,0.8611992935574618,1.3538668979139399
2024-10-03,1.1457476927954109,0.9079459214432519,1.074349363189228,0.8798463211181616,1.1218839342350853,0.9214525508828076,0.835574603695073,0.846647150861493,0.8397241279660588,0.8682008419712992,1.3543914856396044
2024-10-04,1.1473103714656196,0.9075310125328023,1.0746667767488602,0.878364603395415,1.1229301277872998,0.9219645663364868,0.8356185370019673,0.8466582149364364,0.8390462992843083,0.8683382510944837,1.3549164401252773
2024-10-07,1.14751136181225,0.907842182304822,1.074945344834746,0.8803641674469868,1.123189437885818,0.9190616086199506,0.8325614710638034,0.8440724071104473,0.8353224389220507,0.8658943845398249,1.3554413254812347
2024-10-08,1.1392277692076862,0.8986393456285182,1.0651896274443549,0.8691902107406205,1.114085401239261,0.9080040377969386,0.8216499456240436,0.8326312653265522,0.8266112486956019,0.8543450947515301,1.3559666323379538
2024-10-09,1.140381734536409,0.9003759176261732,1.0666952843786903,0.8674120047486495,1.115363272469459,0.9048145298663707,0.8193428964964133,0.8303444957749573,0.8263423421705726,0.8518154677247851,1.3564918699691095
2024-10-10,1.1504701455660822,0.9062453076392551,1.0747174077295303,0.8775243946969066,1.1246158450017578,0.9063536087958645,0.8198759172857824,0.8312583172191115,0.8249505129014814,0.8530812205123234,1.3570173656358062
2024-10-11,1.159808114232152,0.9132013449873067,1.0833178255961322,0.8855297607365636,1.1337476009167073,0.9174041578655551,0.8292279797046452,0.8407122520542898,0.8329332063450721,0.8629834742423699,1.357543174084645
2024-10-15,1.1478780920235627,0.9003668199365653,1.0697978633778766,0.8751900352423762,1.1210453790123256,0.9044090401483948,0.8158440466706269,0.8273493160553996,0.8189006604619194,0.8497883156252729,1.358069404772467
2024-10-16,1.1519438441399825,0.9041994333501271,1.0741005254001963,0.8780592355857451,1.1252327423362132,0.9084474877167801,0.8194915618734796,0.8306921255807624,0.8230247535564829,0.8531637243866461,1.3585958394455044
2024-10-17,1.1558327310747687,0.9052239930849169,1.076310333169264,0.8807980197277574,1.128396255856719,0.9085271564560997,0.8183746163802212,0.8298149761255615,0.8215947377736755,0.8526565696574374,1.359122478182829
2024-10-18,1.177777617620678,0.9199760410567926,1.0950694909242855,0.899474918990442,1.1490719908445657,0.9243759501222404,0.8311537843256771,0.8432650650951794,0.8323230038056241,0.8670142972156657,1.359648992929144
2024-10-21,1.1684432348293343,0.9116074882476581,1.0855231172155846,0.8884648298997774,1.1395223298971822,0.9130943692895129,0.82187899704045,0.8333099037893406,0.8237346448091069,0.8564334747356656,1.3601758757744231
2024-10-22,1.16508924488829,0.9094263471540516,1.0826758728832242,0.8867549219243532,1.1363578523188906,0.9068713773357915,0.8172787220211194,0.8284708714664475,0.8177963292543748,0.8511488419271457,1.3607030722570226
2024-10-23,1.1585329844398269,0.9047012546289609,1.076735230051158,0.8800066098548504,1.1299682995607672,0.8955854124280036,0.8080749979489734,0.8188178925326658,0.8096407800017482,0.8408865619611195,1.361230692088679
2024-10-24,1.1499915550496713,0.9004221789419872,1.0706074003030421,0.8741078673289978,1.1225200183256667,0.898315367933502,0.8112041175991016,0.8217615732779412,0.8129374920878879,0.8436767782139933,1.3617584069599205
2024-10-25,1.148066185485907,0.8997268879785227,1.0692862255138131,0.8721364429452477,1.1208103649178838,0.8949640268886162,0.8083826737122805,0.818981520961159,0.8115729778959371,0.8407595753585052,1.3622865455934783
2024-10-28,1.1542693788130978,0.905026905050474,1.0752201219282853,0.8755276648460781,1.1268714883168862,0.9005334954982828,0.8138581475516864,0.8245299891392226,0.8179617264724476,0.8463153921629867,1.3628148342417061
2024-10-29,1.15271592850082,0.9017842393140142,1.0724774328102162,0.875286291035983,1.124831492832196,0.8977195475337519,0.8105820137731126,0.821245069678036,0.8121486258086669,0.8431897788973935,1.3633431084073366
2024-10-30,1.1421381294248774,0.8910893044563515,1.0608605783723883,0.8639760556225502,1.113691068685412,0.8903674797025662,0.8046142052323864,0.81491993040542,0.8079390182806702,0.836438814928221,1.3638714227736068
2024-10-31,1.1519367198833714,0.8997904117472207,1.0708273267208057,0.8708414893815252,1.1236501456626315,0.8970852363300572,0.8103099579558661,0.8204089404223152,0.8123685632404654,0.842152744690863,1.3644001613896561
2024-11-01,1.1504956636098447,0.8976371485104615,1.069016206953876,0.869642034234957,1.1221044431598757,0.8944195135126013,0.8076229669895848,0.8175959064315728,0.8090696862706761,0.8393178289853185,1.3649040150997906
2024-11-04,1.1504956636098447,0.8976371485104615,1.069016206953876,0.869642034234957,1.1221044431598757,0.8944195135126013,0.8076229669895848,0.8175959064315728,0.8090696862706761,0.8393178289853185,1.3654080548759844
2024-11-05,1.1504956636098447,0.8976371485104615,1.069016206953876,0.869642034234957,1.1221044431598757,0.8944195135126013,0.8076229669895848,0.8175959064315728,0.8090696862706761,0.8393178289853185,1.3659125554953513
2024-11-06,1.1471336239674008,0.8977662993049202,1.0676532332270068,0.8681957744482266,1.1195910319029703,0.8891282594108856,0.8044882566357856,0.8144020791157317,0.8057245464526913,0.8356306102580258,1.3664168028253352
2024-11-07,1.1465568664116272,0.8943517256490892,1.0651337995395045,0.8668147596049443,1.118130250838067,0.8851311365915165,0.7989913067602408,0.809187891338287,0.7999646329994281,0.830848270600196,1.3669214562349403
2024-11-08,1.1361344039626289,0.8839669762370032,1.0540170381720608,0.8567498846852297,1.1072974677878076,0.8668423509566735,0.7816822151717089,0.7915233759822702,0.7833933209418511,0.8128580199507093,1.367426296026229
2024-11-11,1.1361344039626289,0.8839669762370032,1.0540170381720608,0.8567498846852297,1.1072974677878076,0.8668423509566735,0.7816822151717089,0.7915233759822702,0.7833933209418511,0.8128580199507093,1.3679313222680365
2024-11-12,1.1361344039626289,0.8839669762370032,1.0540170381720608,0.8567498846852297,1.1072974677878076,0.8668423509566735,0.7816822151717089,0.7915233759822702,0.7833933209418511,0.8128580199507093,1.368436535029224
2024-11-13,1.1337638755184432,0.8824665179611213,1.0520285899509598,0.8546752676309638,1.1050825004198566,0.8667969955020892,0.7821954929162017,0.7919362066888792,0.7836143453495901,0.8131193401421051,1.368941934378678
2024-11-14,1.1406728199676168,0.88976729338808,1.0596138899290264,0.8604453758489176,1.1123556601699645,0.8756416718022723,0.7910255285533033,0.8011294422886369,0.7913739418308678,0.8224384357989377,1.3694475203853103
2024-11-15,1.146862802791781,0.8953886309862197,1.0659117761296386,0.8643279709187173,1.1186205130644509,0.874294234186836,0.7910795542277371,0.8009409163209871,0.7912870111025225,0.8218640603313383,1.3699532931180582
2024-11-18,1.1517990819797863,0.9007842441165682,1.071503422631898,0.868500631541056,1.1239068154296736,0.8822529040761534,0.7991256963497853,0.8090411350885341,0.7990299219386552,0.8299593528494444,1.370459252645885
2024-11-19,1.1534833202524504,0.9020335241179014,1.0730032802299831,0.8711286381750805,1.1255085716412194,0.8833496079232904,0.7997298874125837,0.8097329780134709,0.8002676436866678,0.8307773321399493,1.3709655644725747
2024-11-20,1.1522396666492385,0.8990843773944903,1.0705735099437301,0.8699303041991023,1.1237614457404876,0.8836174138513275,0.7983766248276579,0.8086944976115097,0.7984021520334301,0.8302081111991364,1.3714720081892577
2024-11-21,1.156396378933836,0.9038417321847183,1.0753782621127763,0.8760657059564982,1.1282487328274358,0.894286883976012,0.8081135674150327,0.8188223786351514,0.8077824641745287,0.8406627193701572,1.3719784734325395
2024-11-22,1.1666662085410962,0.9112521403394722,1.08443568181077,0.8817994859392713,1.1380416634388746,0.9046540291471297,0.8180610110536016,0.8287647789617333,0.8170329053815996,0.8506998298068892,1.3724849600881022
2024-11-25,1.1650914404558859,0.907764885387356,1.081762050600898,0.8815858358339591,1.1360885066576325,0.8905387068520397,0.8031470319583426,0.8146922626239521,0.7989936197283736,0.8371319590186305,1.372991909853098
2024-11-26,1.1700652535167346,0.9101198833581621,1.0852615195512412,0.8791860387496999,1.140324653370617,0.888822667163418,0.8024142006059759,0.8129688824578108,0.8007666706824383,0.8348406987393366,1.3734991573619646
2024-11-27,1.1644989837895754,0.9057631152598864,1.0800249281609597,0.8756451978415835,1.1348826235510987,0.8919087460756376,0.8051899103205205,0.8158297666820739,0.8031252446404398,0.8378017168339411,1.3740066475390693
2024-11-28,1.156424277904366,0.8996514003816474,1.0724269242493676,0.8711428152003656,1.1268687212680795,0.8925017781020966,0.8059188931473539,0.8166066592175127,0.8041436591035543,0.8385577107248737,1.3745143805149074
2024-11-29,1.1616621236470261,0.9045984210273877,1.077836759274953,0.8747688623264981,1.132204342030476,0.8948584348605054,0.808823739052213,0.8194283941962098,0.8072967684201379,0.8412273707189971,1.3750221351876295
2024-12-02,1.1578964344901952,0.9007875729369379,1.0737667353852247,0.8689590002970595,1.1282566479579088,0.885466849846685,0.800615323908446,0.8108959113955234,0.7996317785691306,0.8323780643884672,1.3755300774282748
2024-12-03,1.1518948161103413,0.8968751809910541,1.06873535423728,0.8656056894848113,1.1226586273646146,0.8806934646398678,0.7965679828717369,0.8068679374534573,0.7949621894852974,0.8281514541311397,1.3760382626551064
2024-12-04,1.1474080743082327,0.8930480177538124,1.0643079582069561,0.861466373746003,1.1181371060349317,0.8726402505322546,0.7891847162632335,0.7993244828971005,0.7884497939963957,0.8204385792510154,1.376546414151673
2024-12-05,1.144394456575608,0.8924302218516558,1.0625006054990802,0.8593142606416196,1.1155993160246391,0.8721070335356311,0.7894209185742277,0.7994652001884018,0.7896879966283699,0.8203265232074038,1.3770550302507556
2024-12-06,1.139151800865876,0.8870566084839736,1.0569281115448423,0.8538962197031543,1.1101874912470258,0.8696665773584112,0.7865446264791823,0.79637009838906,0.7870556130819122,0.8173935872461836,1.3775638342769094
2024-12-09,1.1441058812806255,0.893481994100577,1.0629420170513126,0.8568353527988618,1.115597638051076,0.8726797888268816,0.7910848577701463,0.8008823737666686,0.7922060623440091,0.8213875900955526,1.3780728262995714
2024-12-10,1.1531640954373432,0.9011531818844382,1.0716431202683587,0.8630299271004207,1.1245521025498657,0.8731907162238665,0.7924597170552871,0.802388478541158,0.7929431652489924,0.8226130735290551,1.378581618229184
2024-12-11,1.1518700104732893,0.8991394307727881,1.0697816861720333,0.8612849597641471,1.1229958794933468,0.8723506735975924,0.7910570408319868,0.8010136356514987,0.7915502366816308,0.8214241919140639,1.3790907089510442
2024-12-12,1.1460690437492786,0.8952595288350572,1.0647588166341881,0.8577693410018058,1.1174879245029439,0.8725731416861403,0.7915360086809705,0.8014382006701287,0.7925215425040849,0.8217611129195657,1.3795999321806733
2024-12-13,1.1487108559398596,0.8951616957582105,1.0658893702722614,0.8591106587196146,1.1194837284041006,0.8680462861099085,0.7866007812704553,0.7964719282233338,0.7876363351284514,0.8169559390714318,1.3801096210024422
2024-12-16,1.1535735369596123,0.8967739140752582,1.069153876908727,0.8610807292103901,1.123689997665817,0.8630169128034181,0.7807288072785897,0.7905812025487684,0.7814336588623595,0.8113735990370212,1.380619553660378
2024-12-17,1.1396915354991284,0.8891051207785703,1.0587075151925478,0.8552411573337153,1.1114569991601921,0.8636225597391277,0.7815029503555895,0.7913816706214294,0.7821156040108957,0.812115775484341,1.3811295080705392
2024-12-18,1.1380472874667382,0.8835279700912481,1.054139439697746,0.8538084131529027,1.1083530200038574,0.8543173002383814,0.7708398571877201,0.7811222810351527,0.7700770230683149,0.8023530671172501,1.3816395952664176
2024-12-19,1.1315346871690761,0.8787699879590082,1.048153217501449,0.8491502078857779,1.1019709848376007,0.852721112972234,0.7695586513539151,0.779736576155897,0.769825432275707,0.8008682283868334,1.382150093230059
2024-12-20,1.1265639763261708,0.8736842375725966,1.0427852173663656,0.8401535323900186,1.0968047053351249,0.8529432573903707,0.7696250217388538,0.7794345045995686,0.7704146018680563,0.8006238963963982,1.3826607798160964
2024-12-23,1.1338979911428506,0.8817237457050621,1.0509991110917485,0.8488754654744608,1.1045194011621915,0.8574023571305717,0.7746760818634049,0.7844595977259802,0.7769736500622668,0.805413893764854,1.3831591370337302
2024-12-24,1.1364541001925792,0.8818351331296055,1.0521825097164113,0.8530331195707258,1.1065069767888405,0.8593049502114813,0.7746453559343134,0.7848470836197553,0.7761910946220315,0.8064062998844423,1.3836576738759836
2024-12-25,1.1364541001925792,0.8818351331296055,1.0521825097164113,0.8530331195707258,1.1065069767888405,0.8593049502114813,0.7746453559343134,0.7848470836197553,0.7761910946220315,0.8064062998844423,1.384156390407599
2024-12-26,1.1400118467984888,0.8848041779662982,1.055522165988754,0.8558581016999487,1.1099608542353454,0.8606872824350023,0.7759209401194702,0.7861033566069697,0.7785109302408387,0.8076775663521241,1.3846552866933428
2024-12-27,1.1420298293747646,0.8871210052771513,1.057932039380319,0.8578401717076466,1.112153170572367,0.8617801554562966,0.7774246623297055,0.7873635237251677,0.7811974328993376,0.8087945373915869,1.3851544185140066
2024-12-30,1.1448217526199547,0.8899213049239221,1.0609535841362356,0.8592689770093732,1.115066265335566,0.8652389391146004,0.7812111425478907,0.7910007357020462,0.7852719524583557,0.8123068118939598,1.3856537859946538
2024-12-31,1.1447629064773375,0.8897051191897694,1.0607969028782114,0.8589365831372227,1.114975084233155,0.8651734708661822,0.7811768756277282,0.7909524821453474,0.7850000074070439,0.8122547338906853,1.3861533335042404
